datetime,开盘,最高,最低,收盘,成交量,成交额,代码
2026-06-09 09:35:00,3977.5394,3979.597,3956.047199999999,3956.047199999999,59448351,121156339648.8,SH000001
2026-06-09 09:40:00,3956.5446,3964.2876,3956.5252,3959.560599999998,37373294,71071011504.40002,SH000001
2026-06-09 09:45:00,3959.6318,3965.716300000001,3958.977599999998,3964.6329999999984,29824824,55159533174.80001,SH000001
2026-06-09 09:50:00,3964.3748999999993,3966.2171,3962.2057999999984,3965.7905999999984,22617848,45936039593.00003,SH000001
2026-06-09 09:55:00,3965.781899999999,3966.8979,3955.9079999999976,3957.8687999999993,22594966,41558827924.400055,SH000001
2026-06-09 10:00:00,3957.745699999999,3971.0428000000006,3957.6109999999976,3971.0428,20660096,38557953295.80007,SH000001
2026-06-09 10:05:00,3971.4325999999983,3975.1833,3968.578499999998,3970.866599999998,15871739,32164682039.80007,SH000001
2026-06-09 10:10:00,3970.771099999999,3971.8651,3966.817899999997,3971.269600000001,14231908,27918494351.500065,SH000001
2026-06-09 10:15:00,3971.707599999999,3973.3521,3969.563599999996,3970.229800000001,12074651,24086234563.000057,SH000001
2026-06-09 10:20:00,3970.314599999999,3971.4866,3967.345199999997,3969.444600000001,12199810,24207338143.800056,SH000001
2026-06-09 10:25:00,3970.112399999999,3971.1698,3966.475599999996,3970.2157,13256945,25468192448.80005,SH000001
2026-06-09 10:30:00,3969.646599999999,3974.213100000001,3967.9227999999976,3973.4331000000016,10752395,21097224704.20005,SH000001
2026-06-09 10:35:00,3973.7264999999993,3976.1082000000006,3971.8543999999974,3973.353400000002,9933430,20166132000.60004,SH000001
2026-06-09 10:40:00,3973.370899999999,3973.370899999999,3966.998899999998,3969.694700000002,8250348,17236154585.30004,SH000001
2026-06-09 10:45:00,3970.3541999999993,3973.007599999999,3969.146699999997,3972.091700000003,8354318,17603476335.800045,SH000001
2026-06-09 10:50:00,3971.8933,3973.3660999999993,3969.5830999999966,3971.365800000003,8251940,17269568794.700043,SH000001
2026-06-09 10:55:00,3971.6149999999993,3973.0189,3968.592199999997,3970.655300000004,7518843,15989504839.300043,SH000001
2026-06-09 11:00:00,3970.3377999999993,3973.0471,3969.7466999999974,3971.738300000003,7549128,16307598561.000046,SH000001
2026-06-09 11:05:00,3971.5596,3975.951000000001,3970.122599999998,3971.933500000004,7308720,16700353047.400047,SH000001
2026-06-09 11:10:00,3971.6595,3978.3349000000007,3970.3406999999984,3978.334900000002,7765404,16789203503.600052,SH000001
2026-06-09 11:15:00,3978.008499999999,3979.7015000000006,3976.695999999999,3976.798200000001,7000087,16335267484.40005,SH000001
2026-06-09 11:20:00,3976.8155,3977.7121000000006,3973.4889,3974.0959000000025,6827818,15415636849.300049,SH000001
2026-06-09 11:25:00,3974.165199999999,3974.7782000000007,3970.126700000002,3973.6601000000014,6803990,14187301078.90005,SH000001
2026-06-09 11:30:00,3974.0019,3980.268900000001,3974.001900000003,3979.676400000002,5918541,14239233814.600046,SH000001
2026-06-09 13:05:00,3980.4657,3994.653500000001,3980.465700000003,3987.625000000002,15458419,38311365262.600044,SH000001
2026-06-09 13:10:00,3987.0546,3987.1965000000014,3980.551900000001,3980.792,9395468,21188816968.20004,SH000001
2026-06-09 13:15:00,3981.1058,3984.778300000002,3980.123900000001,3984.492600000003,7571582,18835884300.50004,SH000001
2026-06-09 13:20:00,3984.5763,3986.149100000002,3981.518200000002,3984.898100000003,8480489,19511155364.600033,SH000001
2026-06-09 13:25:00,3984.6977,3988.665700000002,3984.1864000000014,3986.761200000003,7678212,18492816133.700035,SH000001
2026-06-09 13:30:00,3986.4018,3986.8034000000016,3983.9386000000018,3985.354600000004,7348895,16119305185.400036,SH000001
2026-06-09 13:35:00,3985.3513,3992.4849000000017,3984.9531000000015,3991.0407000000055,8701608,17322090691.40003,SH000001
2026-06-09 13:40:00,3991.1103,3991.773800000002,3985.1051000000025,3987.966600000004,7218757,15905447079.80003,SH000001
2026-06-09 13:45:00,3987.9055,3988.449000000002,3985.5253000000034,3986.3710000000046,6869416,14956550722.400028,SH000001
2026-06-09 13:50:00,3986.0557,3992.0811000000017,3985.848300000004,3991.673200000004,7413894,15679051348.300034,SH000001
2026-06-09 13:55:00,3991.476799999999,3992.057600000002,3988.185300000004,3989.8567000000057,5915694,13640013222.400036,SH000001
2026-06-09 14:00:00,3989.5308999999993,3990.3179000000023,3986.183700000004,3986.432800000006,6076080,13282306196.700033,SH000001
2026-06-09 14:05:00,3986.1801,3994.478200000002,3986.180100000004,3992.982100000005,7817344,15931088232.50003,SH000001
2026-06-09 14:10:00,3993.0011,3998.345000000001,3993.001100000004,3997.959800000004,8186173,15488809532.90004,SH000001
2026-06-09 14:15:00,3998.1013,3999.6029000000017,3996.4437000000057,3997.625200000008,7360407,14867845167.300037,SH000001
2026-06-09 14:20:00,3997.826199999999,4001.1348,3996.4974000000057,3999.6573000000058,6379905,14010901073.700037,SH000001
2026-06-09 14:25:00,4000.1714,4001.360799999999,3998.492700000005,4000.465600000005,6870238,14055820652.100042,SH000001
2026-06-09 14:30:00,4000.1624,4006.1956,4000.069300000004,4005.6136000000056,9576306,16777799144.800045,SH000001
2026-06-09 14:35:00,4005.5147,4007.579999999999,4004.282300000005,4005.820500000003,10162338,18905295250.100044,SH000001
2026-06-09 14:40:00,4005.6512,4006.1310999999982,4003.755900000004,4005.7283000000048,9363519,17761844404.60004,SH000001
2026-06-09 14:45:00,4005.8331,4007.8481,4005.494300000005,4007.733600000006,10150540,19475190872.100048,SH000001
2026-06-09 14:50:00,4007.6233,4010.4435000000008,4007.623300000005,4008.8565000000062,11037424,22044383780.40005,SH000001
2026-06-09 14:55:00,4008.0874,4009.3304000000007,4007.0997000000057,4008.7087000000056,14613772,27736287525.200043,SH000001
2026-06-09 15:00:00,4008.5362,4010.8715000000016,4008.266800000005,4010.030700000005,14534216,26167560014.400032,SH000001
2026-06-10 09:35:00,3985.1244,3998.8308,3985.1244,3998.8308,54637835,127937442848.59999,SH000001
2026-06-10 09:40:00,3998.6458,4003.6503000000007,3996.5087999999982,3999.061200000001,38477886,86315924258.79996,SH000001
2026-06-10 09:45:00,3998.5015,4001.590100000001,3993.377,3996.322,29804884,63029463846.39997,SH000001
2026-06-10 09:50:00,3996.9754,4006.312700000001,3996.9754,4006.312700000001,23016458,51781120386.899994,SH000001
2026-06-10 09:55:00,4005.7867,4006.165700000001,4000.2816,4003.161700000001,21247902,45181960774.499985,SH000001
2026-06-10 10:00:00,4003.0334,4005.8967,4001.680199999999,4005.6370000000015,20904202,43315666756.19999,SH000001
2026-06-10 10:05:00,4004.7494,4004.7494,3995.461199999999,3995.831200000001,17539666,37404553479.29998,SH000001
2026-06-10 10:10:00,3995.7523,3998.095099999999,3990.4274999999993,3991.943600000001,16669032,34711413266.49999,SH000001
2026-06-10 10:15:00,3992.2094,3994.2694,3989.312499999999,3990.193,14953039,30693833284.700005,SH000001
2026-06-10 10:20:00,3989.9165,3994.9715,3987.5312999999983,3987.5313000000015,16592908,28106953052.4,SH000001
2026-06-10 10:25:00,3987.2195000000006,3990.850300000001,3985.5011999999983,3987.1331,13301642,26452244979.2,SH000001
2026-06-10 10:30:00,3986.9177,3988.3023,3983.3570999999974,3983.768000000001,11090339,24845252982.6,SH000001
2026-06-10 10:35:00,3983.059800000001,3986.049700000001,3980.4816999999966,3982.7976999999983,12700479,24479188774.999992,SH000001
2026-06-10 10:40:00,3982.5619,3982.5619000000006,3973.193499999996,3973.261599999998,11651592,20412350941.49999,SH000001
2026-06-10 10:45:00,3973.1377,3985.9329000000007,3972.869299999996,3984.079699999998,10025213,19756259950.69999,SH000001
2026-06-10 10:50:00,3983.9155,3989.811700000001,3983.626299999996,3987.2424,9306353,18826023700.199986,SH000001
2026-06-10 10:55:00,3987.522,3991.2679,3980.981699999997,3980.9817000000007,8308770,16177413114.399982,SH000001
2026-06-10 11:00:00,3981.1136,3981.1136,3976.936299999996,3979.7084,7657533,15904521881.899982,SH000001
2026-06-10 11:05:00,3979.8271,3987.7795,3978.910399999996,3980.8984999999984,8627940,16446315171.69998,SH000001
2026-06-10 11:10:00,3981.832,3983.5941000000007,3979.863099999995,3981.7273999999975,7566008,14471438575.599977,SH000001
2026-06-10 11:15:00,3981.2643000000007,3984.323900000001,3976.567299999994,3984.114199999995,8634238,16272278007.299984,SH000001
2026-06-10 11:20:00,3984.4198000000006,3989.4143,3984.204599999993,3984.508999999994,7079622,15521196638.999987,SH000001
2026-06-10 11:25:00,3984.187,3984.4096,3976.793999999995,3979.071699999995,6809026,14831055269.899982,SH000001
2026-06-10 11:30:00,3979.034,3987.5482,3979.033999999994,3986.6610999999953,7057927,14138384568.29998,SH000001
2026-06-10 13:05:00,3986.0885,3986.0885,3968.608699999996,3975.8103999999944,16236108,31239600321.79998,SH000001
2026-06-10 13:10:00,3975.582300000001,3980.222600000001,3974.543399999995,3974.5433999999946,7729419,16189881568.699984,SH000001
2026-06-10 13:15:00,3974.882200000001,3975.153300000001,3967.9530999999943,3970.079699999991,9361762,18908234397.699986,SH000001
2026-06-10 13:20:00,3970.171300000001,3974.160500000001,3969.4043999999944,3974.160499999989,7262379,15056223588.799984,SH000001
2026-06-10 13:25:00,3974.3497000000007,3978.0865000000026,3969.4301999999943,3976.5537999999888,9321784,16790636270.999983,SH000001
2026-06-10 13:30:00,3976.4104,3978.5811000000017,3972.0593999999937,3978.581099999989,6492684,13295838645.899988,SH000001
2026-06-10 13:35:00,3978.3483,3978.433600000001,3972.194899999993,3972.789699999991,8221735,16649134097.799984,SH000001
2026-06-10 13:40:00,3972.9294,3977.9572000000026,3971.319099999995,3974.0916999999895,7672480,15259711485.099983,SH000001
2026-06-10 13:45:00,3974.6777,3983.0816000000023,3974.6776999999943,3976.745499999986,7908451,14478467668.399982,SH000001
2026-06-10 13:50:00,3976.8737999999994,3978.6948000000025,3966.9959999999937,3967.255199999985,8147298,15380342608.89998,SH000001
2026-06-10 13:55:00,3966.998899999999,3976.0213000000017,3963.441699999993,3975.228299999984,8766431,16623869517.499987,SH000001
2026-06-10 14:00:00,3975.2419999999993,3990.521900000001,3975.228599999993,3990.5218999999825,8853496,16334092490.59998,SH000001
2026-06-10 14:05:00,3990.2939999999994,3992.323300000001,3982.442699999992,3982.4426999999823,8377052,16399871240.499977,SH000001
2026-06-10 14:10:00,3982.5491,3988.801100000001,3978.675899999993,3985.3130999999807,6617348,12619813662.09997,SH000001
2026-06-10 14:15:00,3984.8274,3988.848700000001,3982.4716999999914,3982.5061999999793,6207124,12282584095.49997,SH000001
2026-06-10 14:20:00,3982.2582,3989.8084000000017,3980.670299999991,3989.556599999981,6193301,12472418680.899971,SH000001
2026-06-10 14:25:00,3989.8703999999993,3996.8645000000015,3988.226199999991,3988.526099999978,8440298,17180475799.599964,SH000001
2026-06-10 14:30:00,3988.810599999999,3991.1706000000017,3987.4072999999903,3990.5383999999785,5748283,12584709880.299963,SH000001
2026-06-10 14:35:00,3990.146099999999,3997.4454000000023,3990.1460999999904,3992.231299999979,8718145,18282928583.599968,SH000001
2026-06-10 14:40:00,3991.9731999999985,3993.439700000002,3989.328599999991,3989.328599999979,8117035,16838059197.299963,SH000001
2026-06-10 14:45:00,3989.501899999998,3990.699900000003,3985.840099999991,3990.326399999979,10330963,19953627942.699963,SH000001
2026-06-10 14:50:00,3989.8913999999977,3992.142000000003,3988.7293999999906,3992.1419999999794,11557494,21892651331.899956,SH000001
2026-06-10 14:55:00,3991.994899999997,3995.8666000000026,3991.9237999999905,3993.6787999999783,15247897,28420753481.399937,SH000001
2026-06-10 15:00:00,3993.4148999999966,3993.516900000003,3992.1354999999903,3993.22579999998,13505278,24923884021.79994,SH000001
2026-06-11 09:35:00,3979.7057,3997.477700000001,3977.6576999999993,3980.5619,59622590,121571442891.19995,SH000001
2026-06-11 09:40:00,3981.5676,3986.8956000000007,3973.3249,3975.320699999998,42179564,76147512257.29993,SH000001
2026-06-11 09:45:00,3976.2594,3988.5294,3976.2594,3987.470899999997,27240292,56009866171.29993,SH000001
2026-06-11 09:50:00,3987.602300000001,3995.3671,3987.4112,3993.033899999996,21672890,48474441310.09992,SH000001
2026-06-11 09:55:00,3992.8693000000007,3992.8693,3985.6474,3986.651999999997,18820324,42629611616.899925,SH000001
2026-06-11 10:00:00,3986.776300000002,3989.9004999999993,3978.3575,3984.713099999996,17287271,38447361998.89991,SH000001
2026-06-11 10:05:00,3984.715600000001,3984.715599999999,3976.6128999999983,3976.847199999997,16654308,34435213533.5999,SH000001
2026-06-11 10:10:00,3976.712600000001,3976.7569,3972.8298999999984,3975.711699999998,14745871,29604428424.39989,SH000001
2026-06-11 10:15:00,3975.0285000000017,3975.857,3971.9747999999986,3975.024699999999,12856008,25725487756.499893,SH000001
2026-06-11 10:20:00,3975.2154000000014,3975.6676,3967.6300999999994,3968.955999999999,13591027,27170148964.29989,SH000001
2026-06-11 10:25:00,3969.2002000000016,3973.5418,3967.632399999999,3971.8354999999992,10992690,22603258695.399902,SH000001
2026-06-11 10:30:00,3972.267900000001,3973.682300000001,3967.099999999999,3968.6523000000007,9209491,19978320826.799904,SH000001
2026-06-11 10:35:00,3969.0575000000017,3974.6596,3967.8815999999993,3968.114599999999,10553523,21110653064.099907,SH000001
2026-06-11 10:40:00,3968.043000000002,3973.7625000000007,3968.042999999999,3968.5010999999986,9049305,17965808443.79991,SH000001
2026-06-11 10:45:00,3968.771800000002,3970.270500000001,3966.1971999999982,3966.3903999999993,9295405,18427005567.89991,SH000001
2026-06-11 10:50:00,3966.021300000002,3971.702100000001,3963.1548,3971.6181,8986213,18724114593.099915,SH000001
2026-06-11 10:55:00,3972.4872000000023,3976.0128,3967.2494,3967.249399999999,8632727,18316975119.099915,SH000001
2026-06-11 11:00:00,3966.541100000002,3977.394200000001,3966.4874,3976.0194999999994,7282034,15752029643.799915,SH000001
2026-06-11 11:05:00,3976.2304000000017,3976.8548000000014,3970.0901,3974.0794000000014,7409595,15284202333.799915,SH000001
2026-06-11 11:10:00,3974.455500000002,3975.175500000001,3967.3224,3968.289600000001,7195493,15472918258.79991,SH000001
2026-06-11 11:15:00,3968.089700000002,3968.089700000001,3960.5811000000017,3965.3404000000032,7894374,18302263836.899914,SH000001
2026-06-11 11:20:00,3965.766700000001,3968.4222,3961.4943000000007,3961.596500000003,7175417,15410097504.499912,SH000001
2026-06-11 11:25:00,3961.536000000001,3963.4643000000015,3958.437100000001,3962.048900000002,6605790,14676765667.999914,SH000001
2026-06-11 11:30:00,3961.8295000000007,3966.5893000000024,3960.9759,3964.241300000003,6496632,12812802846.799913,SH000001
2026-06-11 13:05:00,3964.8752,3982.720000000004,3964.8752,3971.400400000002,15218159,30316893610.09993,SH000001
2026-06-11 13:10:00,3971.582000000001,3975.684800000003,3968.8399999999992,3974.130100000003,8102474,18179692916.99993,SH000001
2026-06-11 13:15:00,3974.3714,3981.8326000000047,3973.2523999999985,3979.4826,8427602,18754758924.59992,SH000001
2026-06-11 13:20:00,3979.7689,3982.783300000004,3978.3989,3981.230800000001,7339772,17459087675.799923,SH000001
2026-06-11 13:25:00,3981.9713,3984.495900000003,3980.4433999999983,3981.356500000002,7893087,18254224365.59992,SH000001
2026-06-11 13:30:00,3981.1149,3981.791600000002,3977.324199999998,3977.9948000000018,7290749,15343298707.299923,SH000001
2026-06-11 13:35:00,3977.6786,3979.936200000002,3973.8465,3978.325000000001,7200376,15314783696.499918,SH000001
2026-06-11 13:40:00,3978.3047,3988.9603,3978.3046999999992,3979.947799999999,9419100,16282443597.899925,SH000001
2026-06-11 13:45:00,3979.77,3982.2515999999982,3976.021299999999,3976.021299999999,6571823,14592327453.799934,SH000001
2026-06-11 13:50:00,3976.0091,3986.0127999999977,3974.0985999999994,3985.9020999999993,6199137,14272923256.099936,SH000001
2026-06-11 13:55:00,3985.647,3988.8297999999977,3985.2732999999994,3985.441999999998,7045677,14834158854.799938,SH000001
2026-06-11 14:00:00,3986.112200000001,3987.4912999999974,3979.697199999999,3981.457899999997,7060273,15695028309.799944,SH000001
2026-06-11 14:05:00,3981.851600000001,3982.5819999999976,3978.612399999999,3979.5415999999977,7443820,16042540649.599943,SH000001
2026-06-11 14:10:00,3979.133100000001,3979.3383999999983,3968.012199999998,3968.012199999997,8583651,18308772373.09994,SH000001
2026-06-11 14:15:00,3967.8073,3968.004699999998,3965.6005999999975,3967.3327999999974,7498140,18400956183.69995,SH000001
2026-06-11 14:20:00,3967.359500000001,3969.3249999999975,3966.172699999996,3966.219499999996,6871002,15973343972.899946,SH000001
2026-06-11 14:25:00,3965.918600000001,3972.456399999998,3965.610599999996,3971.700299999999,6620180,14564194243.299942,SH000001
2026-06-11 14:30:00,3971.669100000001,3976.0509999999986,3969.666999999996,3969.9222999999993,7052386,14566923427.399937,SH000001
2026-06-11 14:35:00,3970.091000000001,3978.9945,3970.090999999996,3974.2026,8862146,17157399336.799927,SH000001
2026-06-11 14:40:00,3974.045400000002,3976.458300000001,3971.527999999995,3974.215799999999,8110805,17088663478.999922,SH000001
2026-06-11 14:45:00,3974.521700000001,3978.3580000000006,3974.521699999995,3977.7003999999974,9660533,20180775042.699917,SH000001
2026-06-11 14:50:00,3978.611200000001,3982.323600000002,3977.4859999999944,3981.0944,11023339,23241917767.699913,SH000001
2026-06-11 14:55:00,3980.860100000001,3986.2156000000023,3980.2530999999944,3986.0162,14300124,28683224728.69992,SH000001
2026-06-11 15:00:00,3985.760500000001,3987.807000000004,3985.455499999995,3987.0146999999984,13302055,26993546832.599922,SH000001
2026-06-12 09:35:00,4017.8648,4020.8513,4008.1769,4012.3474,67294589,160091681191.79996,SH000001
2026-06-12 09:40:00,4011.7426,4024.4646,4010.0667,4024.1109,41836656,92660878807.19998,SH000001
2026-06-12 09:45:00,4024.2624,4025.5908,4017.5083,4020.966,32158580,72271690721.3,SH000001
2026-06-12 09:50:00,4021.3023,4029.0803,4021.3023,4026.2486,28708058,59682012024.40001,SH000001
2026-06-12 09:55:00,4026.3748,4033.0289,4024.4759,4030.2818,25865907,52259469340.700005,SH000001
2026-06-12 10:00:00,4030.9268,4035.6233,4029.5517,4035.6233,20210287,44158609013.5,SH000001
2026-06-12 10:05:00,4035.5104,4035.5104,4030.0596,4034.7996,21311387,45337147431.4,SH000001
2026-06-12 10:10:00,4034.5944,4040.4213,4034.5944,4039.1813,17903061,37497082147.00001,SH000001
2026-06-12 10:15:00,4039.4277,4042.8784,4039.4277,4042.0976,16035188,33117745356.1,SH000001
2026-06-12 10:20:00,4042.5092,4042.7296,4037.5684,4039.5597,16900899,35221095382.299995,SH000001
2026-06-12 10:25:00,4039.52,4041.3152,4037.7451,4040.7096,15222909,29311008780.300003,SH000001
2026-06-12 10:30:00,4041.2342,4041.4358,4034.408,4034.408,12946920,28526511031.300003,SH000001
2026-06-12 10:35:00,4034.4944,4040.3152,4033.0996,4040.3152,13866348,28938672442.6,SH000001
2026-06-12 10:40:00,4039.9572,4042.2295,4037.9016,4042.2295,13165388,27006708881.6,SH000001
2026-06-12 10:45:00,4042.2951,4045.4644,4040.1962,4045.3771,13741845,25742877403.999996,SH000001
2026-06-12 10:50:00,4045.6754,4051.5538,4045.6754,4051.5538,12238464,25478508308.699997,SH000001
2026-06-12 10:55:00,4051.6595,4051.6595,4049.0763,4050.444,13694037,25643738628.8,SH000001
2026-06-12 11:00:00,4050.426,4052.2644,4049.112,4050.9641,12253769,25387236007.000004,SH000001
2026-06-12 11:05:00,4051.4666,4060.271,4051.1274,4058.352,14464540,25411184703.200005,SH000001
2026-06-12 11:10:00,4058.4621,4058.4621,4049.935,4049.935,12048429,26300787372.1,SH000001
2026-06-12 11:15:00,4049.6896,4052.2918,4047.2316,4048.5852,11079297,23114373785.0,SH000001
2026-06-12 11:20:00,4048.9012,4051.7983,4046.2704,4049.4588,9866269,18650226601.1,SH000001
2026-06-12 11:25:00,4048.6904,4050.9644,4046.9918,4049.0719,9077245,18380230865.399998,SH000001
2026-06-12 11:30:00,4048.8079,4051.8095,4048.3019,4049.2941,10081422,20130834746.8,SH000001
2026-06-12 13:05:00,4049.6243,4050.3542,4040.8313,4041.0539,20734008,40224869820.6,SH000001
2026-06-12 13:10:00,4040.9097,4044.315,4036.4393,4036.6258,13371724,27577500880.700005,SH000001
2026-06-12 13:15:00,4036.9038,4044.5504,4036.9038,4043.7014,12106713,24339518261.5,SH000001
2026-06-12 13:20:00,4043.6968,4044.5036,4040.073,4040.073,12040987,22270069922.2,SH000001
2026-06-12 13:25:00,4040.0773,4046.064,4040.0487,4044.8823,10008492,20340629092.7,SH000001
2026-06-12 13:30:00,4045.0591,4048.3896,4044.6728,4044.6728,9633151,19448493414.5,SH000001
2026-06-12 13:35:00,4045.6946,4045.6946,4037.744,4038.2106,11182079,22016843990.699997,SH000001
2026-06-12 13:40:00,4038.2348,4043.4312,4038.2348,4039.0077,9985242,20254129103.7,SH000001
2026-06-12 13:45:00,4038.641,4042.2783,4035.8085,4042.2454,9339414,17661740169.0,SH000001
2026-06-12 13:50:00,4042.0765,4043.5324,4040.6293,4043.0324,7641246,15692155950.6,SH000001
2026-06-12 13:55:00,4042.7612,4043.5194,4037.0995,4037.0995,8468480,17051394613.400002,SH000001
2026-06-12 14:00:00,4037.123,4037.123,4030.7338,4034.568,12317437,22619958606.300003,SH000001
2026-06-12 14:05:00,4034.5975,4036.8737,4031.7804,4035.6437,9729899,18811602758.0,SH000001
2026-06-12 14:10:00,4035.5259,4036.4228,4032.5705,4034.4897,8673309,17708532196.0,SH000001
2026-06-12 14:15:00,4034.3783,4037.7055,4034.3783,4037.1218,9164941,17844300887.4,SH000001
2026-06-12 14:20:00,4037.2277,4037.8903,4034.9621,4036.2424,8356852,16242296506.1,SH000001
2026-06-12 14:25:00,4036.9973,4041.791,4036.7737,4039.7372,9000927,17606164025.3,SH000001
2026-06-12 14:30:00,4039.613,4040.358,4036.565,4036.7484,9269661,18260114059.4,SH000001
2026-06-12 14:35:00,4036.6949,4038.3553,4032.4521,4032.9007,11644962,23046967209.799995,SH000001
2026-06-12 14:40:00,4033.6599,4033.6599,4030.077,4032.309,12288165,25115092340.700005,SH000001
2026-06-12 14:45:00,4032.3558,4032.7627,4026.8796,4027.3674,13752709,28361493174.7,SH000001
2026-06-12 14:50:00,4027.6605,4028.0248,4023.3687,4028.0248,15289593,31855649706.899998,SH000001
2026-06-12 14:55:00,4028.2441,4031.306,4028.2441,4030.5609,16258462,31628685276.6,SH000001
2026-06-12 15:00:00,4030.6414,4032.9422,4030.2452,4031.5129,20901145,41103006484.3,SH000001
2026-06-15 09:35:00,4053.5822,4061.903999999999,4053.5822,4058.182799999998,81578298,158640778145.60004,SH000001
2026-06-15 09:40:00,4058.4809,4070.0774999999985,4051.0651,4070.077499999998,45900085,91564613138.2,SH000001
2026-06-15 09:45:00,4070.2804,4080.4321999999993,4070.2292,4078.4249999999975,41989812,80630541342.79999,SH000001
2026-06-15 09:50:00,4078.6295,4084.7881,4078.598900000001,4083.0823999999975,31701394,66298479427.50001,SH000001
2026-06-15 09:55:00,4083.472299999999,4086.9684,4083.4723,4085.237499999998,26190427,57722053901.5,SH000001
2026-06-15 10:00:00,4084.7129999999993,4084.713,4080.129099999999,4081.051999999999,24833584,49815915579.50001,SH000001
2026-06-15 10:05:00,4080.7934,4092.226200000001,4080.7934,4090.885799999996,20143223,46243512783.7,SH000001
2026-06-15 10:10:00,4091.1618,4091.1618000000008,4082.8868,4086.1532999999954,19392579,40479633972.4,SH000001
2026-06-15 10:15:00,4085.8789,4088.836000000001,4085.4298,4087.316499999996,17253993,35717776040.79999,SH000001
2026-06-15 10:20:00,4087.253099999999,4087.5041000000015,4075.720699999999,4076.835899999997,17533124,35023531765.19999,SH000001
2026-06-15 10:25:00,4076.9933,4080.128300000001,4073.5735999999993,4073.7254999999977,15450919,32139767067.799984,SH000001
2026-06-15 10:30:00,4073.0781,4080.406400000001,4073.0780999999993,4080.188899999996,12515071,28560421682.599983,SH000001
2026-06-15 10:35:00,4080.0425,4080.6699000000017,4076.3113,4077.023599999997,11255231,24953109805.29998,SH000001
2026-06-15 10:40:00,4077.1707999999994,4078.245400000002,4075.0111,4078.022399999996,10768782,23808975256.29998,SH000001
2026-06-15 10:45:00,4077.493499999999,4077.493500000002,4070.5323999999982,4070.5726999999943,11347608,24103797768.799973,SH000001
2026-06-15 10:50:00,4070.8856999999994,4074.3460000000023,4069.5338999999985,4069.6644999999953,9710798,21027919112.999985,SH000001
2026-06-15 10:55:00,4069.767299999999,4070.8193000000047,4065.473899999999,4066.550399999995,9508822,19417418446.79998,SH000001
2026-06-15 11:00:00,4066.627699999999,4072.1689000000047,4066.514399999999,4071.346399999994,8579492,17103001194.699984,SH000001
2026-06-15 11:05:00,4071.498499999999,4071.4985000000047,4065.7163,4066.648999999992,9125029,17875882054.599983,SH000001
2026-06-15 11:10:00,4066.307999999998,4071.133800000004,4065.0081,4070.737499999994,7274918,15783433708.499989,SH000001
2026-06-15 11:15:00,4070.462299999999,4070.828400000005,4067.9802,4068.136099999993,6438829,14411276817.999992,SH000001
2026-06-15 11:20:00,4068.968199999999,4071.4365000000025,4068.2586,4070.140399999993,6946606,15997890835.3,SH000001
2026-06-15 11:25:00,4070.098599999999,4070.6227000000026,4064.5357999999983,4067.553899999992,8887973,15644903217.300001,SH000001
2026-06-15 11:30:00,4067.8921999999993,4069.3769000000025,4066.871299999999,4068.5751999999934,6656117,14309690846.200006,SH000001
2026-06-15 13:05:00,4068.644099999999,4072.3985000000016,4068.6441,4071.639599999993,13431686,30208786084.600006,SH000001
2026-06-15 13:10:00,4071.926899999999,4074.8529000000017,4071.3136,4072.4212999999954,8695631,20746843227.30001,SH000001
2026-06-15 13:15:00,4072.120699999999,4073.0259000000024,4063.6733000000017,4066.590599999999,10362538,21280478525.200005,SH000001
2026-06-15 13:20:00,4066.1688,4072.2966000000015,4066.036300000001,4069.0538999999967,8293543,17483562306.200005,SH000001
2026-06-15 13:25:00,4069.3244,4072.497100000002,4069.324400000002,4071.262399999997,7864163,17095257900.300007,SH000001
2026-06-15 13:30:00,4070.874,4075.381600000002,4069.2186000000024,4075.381599999997,8409573,18634601833.000015,SH000001
2026-06-15 13:35:00,4075.487,4077.353800000002,4074.3596000000016,4076.618899999997,8564574,17673358195.60002,SH000001
2026-06-15 13:40:00,4076.9245,4081.0987000000023,4075.428300000002,4081.098699999997,7966693,16809324539.000023,SH000001
2026-06-15 13:45:00,4080.9567000000006,4083.896000000002,4079.9637000000016,4083.224099999998,8251669,15666240837.800028,SH000001
2026-06-15 13:50:00,4083.573200000001,4085.5006000000017,4081.8401000000017,4082.066299999998,6987635,15308577644.90003,SH000001
2026-06-15 13:55:00,4082.221300000001,4082.710200000002,4078.569300000002,4079.2681999999977,7524255,14734773887.600035,SH000001
2026-06-15 14:00:00,4079.542400000001,4080.216700000002,4078.081800000002,4080.2166999999968,5952808,13195617129.300037,SH000001
2026-06-15 14:05:00,4080.5823000000014,4083.960300000003,4078.778500000003,4079.7057999999984,8183961,16953010556.100044,SH000001
2026-06-15 14:10:00,4080.5315000000014,4080.7723000000033,4078.2966000000033,4080.155799999997,5902103,13064174493.90005,SH000001
2026-06-15 14:15:00,4080.659400000002,4081.472300000003,4077.8702000000026,4078.553699999996,6757143,14073720637.00005,SH000001
2026-06-15 14:20:00,4078.9567000000015,4080.183000000003,4078.194800000002,4078.971999999995,6368163,12798084933.300047,SH000001
2026-06-15 14:25:00,4079.6988000000015,4081.436200000002,4079.059300000002,4080.8297999999945,6578517,13977875654.10005,SH000001
2026-06-15 14:30:00,4081.129700000002,4081.5603000000015,4079.0906000000023,4079.425899999994,7921081,15843303793.60005,SH000001
2026-06-15 14:35:00,4079.1758000000023,4083.936300000001,4078.0818000000017,4083.708599999994,9909599,19959080185.60005,SH000001
2026-06-15 14:40:00,4083.8631000000023,4085.547500000002,4082.144300000002,4085.518499999993,8894553,18200618679.100048,SH000001
2026-06-15 14:45:00,4085.689700000002,4088.050400000002,4085.087700000003,4087.6966999999945,10444465,22008693459.10004,SH000001
2026-06-15 14:50:00,4087.268300000003,4091.4322000000025,4086.975600000004,4091.222199999991,12267525,26164838217.500034,SH000001
2026-06-15 14:55:00,4091.5679000000023,4094.8763000000017,4090.7031000000034,4094.66939999999,16114407,32971141456.80004,SH000001
2026-06-15 15:00:00,4094.667800000003,4097.1657,4094.192900000003,4096.47169999999,16278812,31459943149.80004,SH000001
2026-06-16 09:35:00,4094.2124,4094.2124,4085.2281000000007,4089.176699999999,64871671,146592812663.60007,SH000001
2026-06-16 09:40:00,4089.202299999999,4093.500899999998,4084.6689,4092.3563999999983,38806238,91519425132.00009,SH000001
2026-06-16 09:45:00,4092.0634999999993,4094.0557999999983,4088.2607,4090.813899999999,31071961,71103604147.90009,SH000001
2026-06-16 09:50:00,4090.1394,4094.1527999999985,4090.1394,4092.8747000000008,28149689,62743251321.20007,SH000001
2026-06-16 09:55:00,4093.2336,4093.391799999999,4088.8223,4089.775500000004,24794595,50242159978.60008,SH000001
2026-06-16 10:00:00,4089.130599999999,4089.796999999998,4086.1889,4088.004800000003,19716452,43030466540.400085,SH000001
2026-06-16 10:05:00,4088.440199999999,4090.955699999998,4086.2044,4086.765900000003,17902017,43287385939.600075,SH000001
2026-06-16 10:10:00,4087.332399999999,4099.772300000001,4087.332399999999,4097.464200000006,16683583,35791332155.90007,SH000001
2026-06-16 10:15:00,4097.632299999998,4099.399000000002,4093.604199999998,4095.320000000004,14633283,32238496506.600067,SH000001
2026-06-16 10:20:00,4095.4234999999994,4095.858400000002,4089.784399999998,4092.726500000005,12565406,28510932810.50006,SH000001
2026-06-16 10:25:00,4092.8433,4095.561599999999,4091.8690999999985,4093.561200000004,11431597,26648396582.700054,SH000001
2026-06-16 10:30:00,4093.39,4096.611999999999,4093.336599999999,4095.398800000004,10126189,23107571862.500057,SH000001
2026-06-16 10:35:00,4095.2722,4101.352599999998,4094.490299999999,4101.183400000002,10661075,23725603774.800053,SH000001
2026-06-16 10:40:00,4101.3789,4102.153999999999,4099.404700000001,4100.1399999999985,10022371,21990799145.600048,SH000001
2026-06-16 10:45:00,4099.947699999999,4103.925899999999,4099.624100000002,4103.9258999999975,10815449,21937989504.90004,SH000001
2026-06-16 10:50:00,4103.5675999999985,4103.726099999999,4099.440500000001,4099.441899999997,9521160,20298438165.800037,SH000001
2026-06-16 10:55:00,4099.021999999999,4100.620199999999,4096.804,4097.664599999994,9181582,19763516071.500034,SH000001
2026-06-16 11:00:00,4097.599999999999,4099.118599999999,4095.316699999999,4096.482099999994,8420960,17880343969.100025,SH000001
2026-06-16 11:05:00,4096.6784,4099.329499999997,4096.399799999998,4096.506899999992,7760880,17167581606.400024,SH000001
2026-06-16 11:10:00,4096.721700000001,4097.926399999998,4093.527899999998,4095.173599999992,7504930,17738082699.400024,SH000001
2026-06-16 11:15:00,4095.786400000002,4098.893099999997,4095.4721999999983,4098.107999999991,6997767,15548806611.50002,SH000001
2026-06-16 11:20:00,4098.321900000003,4100.250499999997,4096.3836999999985,4098.370499999994,7213771,15685333248.70002,SH000001
2026-06-16 11:25:00,4098.401600000004,4098.8925999999965,4095.615299999998,4098.280399999997,7388118,14351501580.20002,SH000001
2026-06-16 11:30:00,4098.506200000004,4100.200099999998,4098.438599999999,4098.854700000002,6563694,15100771984.800018,SH000001
2026-06-16 13:05:00,4099.116700000004,4100.761599999998,4096.396899999998,4100.019900000005,14095207,31324423083.00002,SH000001
2026-06-16 13:10:00,4100.259800000003,4102.8314999999975,4099.850599999999,4100.365700000006,9741244,21032294629.100025,SH000001
2026-06-16 13:15:00,4100.568000000003,4100.687199999998,4096.5902000000015,4098.613100000007,9269401,20202767541.200027,SH000001
2026-06-16 13:20:00,4098.200300000002,4098.422899999996,4089.0639000000015,4091.308400000006,11820553,25012727553.70002,SH000001
2026-06-16 13:25:00,4091.753900000002,4093.891599999996,4090.3497000000016,4091.724600000007,7815002,18998035900.700024,SH000001
2026-06-16 13:30:00,4091.9703000000018,4092.790999999995,4089.625400000001,4092.165400000006,7882620,18483646253.50002,SH000001
2026-06-16 13:35:00,4091.750800000001,4092.061899999995,4084.366500000002,4088.4662000000058,9977354,19944849717.100006,SH000001
2026-06-16 13:40:00,4088.9935000000014,4089.120599999996,4082.4658000000018,4082.992200000006,7579860,18072892721.5,SH000001
2026-06-16 13:45:00,4082.7364000000016,4082.736399999996,4077.8702,4081.8046000000063,9408458,23280892143.2,SH000001
2026-06-16 13:50:00,4081.4896000000017,4087.691899999994,4081.4896,4087.691900000005,6747429,15939454055.599998,SH000001
2026-06-16 13:55:00,4087.603200000002,4088.801999999994,4085.4025,4087.195200000002,6452295,15465104104.399994,SH000001
2026-06-16 14:00:00,4087.362400000002,4090.269699999995,4087.1183,4088.1531000000023,7042724,15475757014.29999,SH000001
2026-06-16 14:05:00,4088.210200000002,4088.355099999995,4084.9225,4087.216300000004,8346572,16892348200.599993,SH000001
2026-06-16 14:10:00,4087.097100000002,4094.367199999996,4086.9886,4093.830700000003,7311386,18465201399.899986,SH000001
2026-06-16 14:15:00,4093.7822000000015,4096.265599999997,4093.5499,4095.712500000004,7148376,16385775924.799984,SH000001
2026-06-16 14:20:00,4094.730300000002,4097.929899999996,4093.338100000001,4097.929900000005,7250251,16274566332.699986,SH000001
2026-06-16 14:25:00,4097.9805000000015,4100.432099999996,4096.044000000002,4096.044000000007,8634854,16864916685.599981,SH000001
2026-06-16 14:30:00,4095.8545000000017,4095.877299999997,4093.1655000000014,4094.7101000000057,7657210,16222861911.699984,SH000001
2026-06-16 14:35:00,4095.016400000002,4096.318399999996,4091.7146,4091.714600000005,8941149,19658406305.09998,SH000001
2026-06-16 14:40:00,4091.698000000001,4093.072299999995,4089.344900000001,4089.3449000000046,9330072,21361298014.099976,SH000001
2026-06-16 14:45:00,4089.4868000000006,4090.2936999999943,4085.9548,4086.704700000005,10296151,24408686284.599976,SH000001
2026-06-16 14:50:00,4086.9367000000007,4089.731199999994,4086.2268,4089.277100000004,11132013,24462733586.49998,SH000001
2026-06-16 14:55:00,4089.615400000001,4091.7895999999937,4088.634900000001,4090.633900000005,14479997,30097649553.899975,SH000001
2026-06-16 15:00:00,4090.724100000001,4092.720399999992,4090.328700000001,4091.8917000000056,14503680,29281096753.39998,SH000001
2026-06-17 09:35:00,4074.2913,4081.6816,4074.2913,4079.1524999999992,58178354,133455661883.80002,SH000001
2026-06-17 09:40:00,4078.964500000001,4088.5462000000016,4078.601699999999,4087.5936,38612554,83591674252.70003,SH000001
2026-06-17 09:45:00,4087.801800000001,4087.8018000000015,4081.6431999999977,4083.148399999998,28320144,62595826543.0,SH000001
2026-06-17 09:50:00,4083.191300000001,4090.0151000000014,4082.605999999997,4086.110199999998,22931987,50366109572.8,SH000001
2026-06-17 09:55:00,4086.0813000000007,4090.295700000001,4085.917699999997,4086.359899999999,19742333,44938111016.00001,SH000001
2026-06-17 10:00:00,4086.005000000001,4087.8439000000008,4085.766999999998,4087.0381999999986,17374016,40003494371.90002,SH000001
2026-06-17 10:05:00,4086.8430000000008,4090.5944000000018,4086.842999999998,4089.5743,16251540,37797401731.400024,SH000001
2026-06-17 10:10:00,4089.1244000000006,4094.675000000001,4089.1243999999983,4094.532799999999,14519509,33718048961.600033,SH000001
2026-06-17 10:15:00,4094.5281,4098.5881,4092.8152999999993,4098.4981,13897812,34185166009.40005,SH000001
2026-06-17 10:20:00,4098.6288,4098.7013,4093.9881,4095.7360000000017,13269639,31744454515.300068,SH000001
2026-06-17 10:25:00,4095.7311,4096.094699999998,4090.3143999999993,4090.3144000000007,12851411,29780339326.000076,SH000001
2026-06-17 10:30:00,4090.409,4095.496399999998,4090.1542999999992,4091.587500000002,11840760,27045665701.200085,SH000001
2026-06-17 10:35:00,4091.5772,4095.894099999998,4091.3497,4094.7573000000016,9619246,24953726661.400093,SH000001
2026-06-17 10:40:00,4095.2839,4095.617899999998,4088.053100000001,4090.5126000000014,11337084,26759029818.00008,SH000001
2026-06-17 10:45:00,4090.8808,4091.807399999998,4086.010600000001,4087.8580000000015,9995740,23180709663.20008,SH000001
2026-06-17 10:50:00,4087.6923,4088.5695999999975,4084.6100000000006,4087.9953999999993,10319015,23065411248.600086,SH000001
2026-06-17 10:55:00,4088.0295,4088.871899999998,4083.8232,4084.869999999998,9473788,22327237806.60009,SH000001
2026-06-17 11:00:00,4085.0539,4091.836299999996,4085.053899999999,4089.357399999996,8500348,20142122645.800095,SH000001
2026-06-17 11:05:00,4089.227299999999,4091.583099999996,4088.401099999998,4089.585499999995,8822130,20468344890.900097,SH000001
2026-06-17 11:10:00,4089.504999999999,4089.504999999996,4084.4419999999977,4084.5041999999976,8451001,19817178569.900093,SH000001
2026-06-17 11:15:00,4084.7572999999993,4088.943599999995,4084.757299999998,4085.6344999999983,7184773,17996021552.600098,SH000001
2026-06-17 11:20:00,4085.7694999999994,4086.8550999999943,4078.8075,4080.367299999997,9222503,24566128508.8001,SH000001
2026-06-17 11:25:00,4080.2233,4084.201199999994,4077.155600000001,4082.347699999998,7704380,20514672259.900093,SH000001
2026-06-17 11:30:00,4082.0911999999994,4085.9471999999937,4081.1640000000007,4084.544199999997,6066218,15467471311.600098,SH000001
2026-06-17 13:05:00,4084.4929,4086.1843999999937,4078.2555,4078.2554999999966,13210291,33593328906.500095,SH000001
2026-06-17 13:10:00,4078.3325,4079.9926999999934,4073.7319,4077.606699999996,10283892,29116068178.000103,SH000001
2026-06-17 13:15:00,4077.423,4084.2766999999944,4076.6794,4083.079499999996,8216938,23320902014.100098,SH000001
2026-06-17 13:20:00,4082.3747000000008,4085.961899999996,4080.9678,4084.865699999997,7517472,19279284598.100098,SH000001
2026-06-17 13:25:00,4084.7751000000007,4088.1246999999967,4083.9852,4087.023699999995,7452196,18743885834.5001,SH000001
2026-06-17 13:30:00,4087.274800000001,4088.498099999997,4086.0403,4088.4980999999952,7675337,21342534369.500095,SH000001
2026-06-17 13:35:00,4088.617400000001,4092.9050999999977,4086.876,4092.624999999995,7838954,22395276278.3001,SH000001
2026-06-17 13:40:00,4093.1591000000008,4096.911699999997,4091.6875999999993,4096.163099999998,7749782,22221385420.2001,SH000001
2026-06-17 13:45:00,4095.4912000000018,4097.636799999997,4092.6791999999978,4095.1471999999985,10749583,22519841068.400112,SH000001
2026-06-17 13:50:00,4095.5801000000015,4095.580099999996,4091.6270999999992,4092.5893,10627877,20110815303.000114,SH000001
2026-06-17 13:55:00,4092.7636000000016,4094.904999999997,4088.779099999999,4089.193400000001,8512008,18113269719.50011,SH000001
2026-06-17 14:00:00,4089.1149000000014,4093.089199999996,4088.599099999999,4092.428200000001,9578318,17933977154.400112,SH000001
2026-06-17 14:05:00,4092.319000000001,4094.308999999996,4090.7070999999983,4092.436600000002,8745721,16897825015.000107,SH000001
2026-06-17 14:10:00,4092.334000000001,4094.542499999995,4089.5708999999974,4093.8133000000016,12024497,19454523337.60011,SH000001
2026-06-17 14:15:00,4093.493400000001,4093.4933999999953,4086.6954999999966,4089.105700000001,9631576,19459702643.500126,SH000001
2026-06-17 14:20:00,4088.8220000000015,4092.204799999995,4088.821999999996,4089.076900000002,6720042,15285647515.800129,SH000001
2026-06-17 14:25:00,4088.8059000000017,4090.9285999999943,4087.094299999996,4088.6871,7269756,14809589138.700127,SH000001
2026-06-17 14:30:00,4088.3106000000016,4089.2945999999943,4087.699199999997,4088.4412,7335492,15745247452.70013,SH000001
2026-06-17 14:35:00,4088.0618000000018,4095.080499999994,4087.833699999997,4092.949200000001,9860221,23289177976.50013,SH000001
2026-06-17 14:40:00,4093.177600000002,4098.147299999995,4093.177599999997,4096.122200000003,9146129,20840088923.600132,SH000001
2026-06-17 14:45:00,4095.981400000002,4101.265099999994,4095.256999999997,4101.265100000003,10361296,24225588229.900127,SH000001
2026-06-17 14:50:00,4101.215800000002,4106.058499999995,4101.0917999999965,4105.321300000003,12391817,28512337407.300117,SH000001
2026-06-17 14:55:00,4104.620100000002,4108.251599999994,4103.916299999996,4107.983600000004,15419228,35190887867.10011,SH000001
2026-06-17 15:00:00,4108.1312000000025,4109.957899999994,4107.435599999995,4108.076200000006,15272705,32264716700.400116,SH000001
2026-06-18 09:35:00,4094.2301,4099.3502,4088.2327,4088.2327,61715413,150139584048.7,SH000001
2026-06-18 09:40:00,4087.9412,4098.1511,4087.3775,4097.1477,43036779,96832793580.59999,SH000001
2026-06-18 09:45:00,4097.9224,4103.3838,4096.7277,4103.3838,29826558,70046942554.3,SH000001
2026-06-18 09:50:00,4103.1617,4108.6933,4102.2279,4105.6073,25555309,60100021431.9,SH000001
2026-06-18 09:55:00,4105.8108,4111.3414,4105.8108,4110.7973,24772165,56614773140.100006,SH000001
2026-06-18 10:00:00,4111.2447,4116.8222,4110.9979,4115.997,21091882,52705847755.2,SH000001
2026-06-18 10:05:00,4115.8858,4117.451,4111.3263,4115.6735,21390087,48870442499.5,SH000001
2026-06-18 10:10:00,4115.7981,4115.7981,4109.3414,4109.7114,17249053,42541198518.899994,SH000001
2026-06-18 10:15:00,4110.1497,4113.329,4106.3367,4111.275,17035821,41149269143.1,SH000001
2026-06-18 10:20:00,4111.4542,4111.4542,4105.2892,4107.1493,14943165,35776743452.1,SH000001
2026-06-18 10:25:00,4106.9593,4109.6709,4105.6223,4108.9099,15482877,33846955971.299995,SH000001
2026-06-18 10:30:00,4108.9782,4114.9031,4108.9782,4111.4634,12444160,33414164448.5,SH000001
2026-06-18 10:35:00,4111.23,4111.5391,4105.2211,4107.1172,14515952,32578233186.300003,SH000001
2026-06-18 10:40:00,4106.7624,4108.2,4101.7118,4103.1786,12299898,29080979656.7,SH000001
2026-06-18 10:45:00,4103.2389,4106.748,4101.5679,4103.4526,10589984,23408488846.6,SH000001
2026-06-18 10:50:00,4103.4076,4104.9307,4098.2077,4098.2077,11163449,25947386451.800003,SH000001
2026-06-18 10:55:00,4098.0009,4102.0259,4096.5093,4099.8294,10730828,24091205971.9,SH000001
2026-06-18 11:00:00,4100.0099,4100.0099,4092.6896,4093.3936,10506219,24597290182.6,SH000001
2026-06-18 11:05:00,4093.4782,4096.4984,4089.6224,4093.4566,10623970,24709589921.799995,SH000001
2026-06-18 11:10:00,4093.5858,4095.0532,4091.4763,4092.9132,9786322,20800616785.8,SH000001
2026-06-18 11:15:00,4093.0511,4093.1127,4080.2938,4082.853,11000459,25333624598.200005,SH000001
2026-06-18 11:20:00,4082.7595,4087.8518,4082.599,4086.947,8301341,18988300083.6,SH000001
2026-06-18 11:25:00,4087.4574,4095.9483,4087.1473,4095.9483,7492737,16581262563.900002,SH000001
2026-06-18 11:30:00,4095.865,4096.6597,4091.0395,4092.764,6989591,15624675023.900002,SH000001
2026-06-18 13:05:00,4093.4369,4096.9518,4091.3096,4096.4991,14526134,37745401627.600006,SH000001
2026-06-18 13:10:00,4096.0364,4099.8639,4094.4184,4099.8639,9728568,26011546720.1,SH000001
2026-06-18 13:15:00,4100.0255,4100.0255,4096.0793,4096.8435,8839531,24954333440.199997,SH000001
2026-06-18 13:20:00,4096.7287,4102.3734,4096.2789,4102.3734,8999041,24090763377.8,SH000001
2026-06-18 13:25:00,4102.4121,4102.9656,4099.4235,4102.1613,8047755,22112519830.6,SH000001
2026-06-18 13:30:00,4101.9487,4106.9058,4101.4514,4104.9138,7391076,21701590615.6,SH000001
2026-06-18 13:35:00,4105.0515,4106.9945,4104.2489,4104.7703,8032690,20801483597.5,SH000001
2026-06-18 13:40:00,4104.5869,4105.289,4098.2317,4098.2536,8542072,20122110307.0,SH000001
2026-06-18 13:45:00,4098.2993,4101.6636,4097.1483,4097.1483,7715533,19025003586.0,SH000001
2026-06-18 13:50:00,4097.125,4097.4052,4093.2705,4094.2339,8976019,19373665129.1,SH000001
2026-06-18 13:55:00,4093.7636,4099.1297,4092.8105,4098.3119,7859178,18826005189.0,SH000001
2026-06-18 14:00:00,4098.1401,4101.1389,4097.5302,4100.2956,6615352,16033332058.8,SH000001
2026-06-18 14:05:00,4100.4222,4103.0035,4097.5667,4098.6822,8027959,18581701984.9,SH000001
2026-06-18 14:10:00,4098.568,4100.175,4092.0229,4095.9757,8609991,19541910520.699997,SH000001
2026-06-18 14:15:00,4095.7313,4098.5625,4095.2048,4098.436,6957066,16858960578.6,SH000001
2026-06-18 14:20:00,4098.3741,4101.8076,4098.3741,4099.9551,7324388,17010856879.800001,SH000001
2026-06-18 14:25:00,4099.7609,4102.201,4099.7094,4100.0611,7668962,17327115697.5,SH000001
2026-06-18 14:30:00,4100.1552,4100.1552,4097.3885,4098.3185,7520320,16985295114.599998,SH000001
2026-06-18 14:35:00,4098.4389,4104.0511,4098.4389,4101.0133,9051725,21465289126.0,SH000001
2026-06-18 14:40:00,4100.8259,4100.8259,4085.6452,4085.6452,11278931,28100202217.100002,SH000001
2026-06-18 14:45:00,4085.8748,4096.8694,4085.6444,4096.6129,12243274,28880486007.2,SH000001
2026-06-18 14:50:00,4096.8071,4097.0854,4091.7432,4094.5349,11584106,26919781155.1,SH000001
2026-06-18 14:55:00,4094.4344,4098.2702,4094.0788,4096.3819,15672889,34934814785.7,SH000001
2026-06-18 15:00:00,4096.3091,4098.0555,4090.4813,4090.4813,18359489,39289413351.6,SH000001
2026-06-22 09:35:00,4093.9546,4095.1363,4077.4425,4082.144799999999,72419270,180435040754.49994,SH000001
2026-06-22 09:40:00,4082.2969,4093.4687999999983,4082.2969,4093.297799999998,41391165,101743957506.69995,SH000001
2026-06-22 09:45:00,4093.7349,4094.1063999999983,4086.961499999999,4093.4440999999974,40762959,88822972084.69994,SH000001
2026-06-22 09:50:00,4093.6034,4098.504199999998,4091.3667999999993,4098.504199999997,30342761,70379928788.59993,SH000001
2026-06-22 09:55:00,4098.267,4106.078899999996,4098.266999999999,4100.685399999992,24243823,58925175298.59992,SH000001
2026-06-22 10:00:00,4100.5165,4100.516499999996,4092.8490999999976,4092.849099999991,23791223,51655656151.19989,SH000001
2026-06-22 10:05:00,4092.6165,4092.616499999994,4084.827699999998,4090.5745999999926,23985230,50512267531.89986,SH000001
2026-06-22 10:10:00,4091.2559999999994,4091.9516999999937,4083.208599999999,4083.2537999999945,19187118,49775213727.19986,SH000001
2026-06-22 10:15:00,4083.8091,4087.795899999995,4081.920399999999,4084.289799999995,17965216,41543065975.99986,SH000001
2026-06-22 10:20:00,4084.4237,4087.3984999999943,4077.7984999999985,4086.9126999999935,17187558,41058062777.39986,SH000001
2026-06-22 10:25:00,4087.02,4091.042099999994,4086.2244999999984,4086.5288999999943,13852604,33536226325.899857,SH000001
2026-06-22 10:30:00,4086.1813,4086.924899999994,4071.3804,4071.380399999995,14605279,40826312896.799866,SH000001
2026-06-22 10:35:00,4070.8704,4079.634999999994,4070.1722999999993,4073.4198999999944,14658071,40696801781.09986,SH000001
2026-06-22 10:40:00,4073.4225,4084.647599999994,4072.9825999999985,4084.016799999995,10953664,30010969747.99985,SH000001
2026-06-22 10:45:00,4084.0313,4089.225199999994,4081.676499999998,4087.784099999996,12117922,28062335041.09985,SH000001
2026-06-22 10:50:00,4087.9353,4087.9352999999937,4074.962099999998,4074.9620999999943,15712703,36084386261.69984,SH000001
2026-06-22 10:55:00,4074.6912,4082.2049999999954,4073.4784999999974,4073.943599999995,14408134,36558741584.69984,SH000001
2026-06-22 11:00:00,4074.0119999999993,4082.453499999997,4073.2458999999976,4081.7704999999983,11329176,28332239986.799828,SH000001
2026-06-22 11:05:00,4081.9560999999994,4084.885399999996,4080.7932999999975,4082.499199999998,10151129,23231197211.499825,SH000001
2026-06-22 11:10:00,4082.7592999999993,4086.064399999996,4074.972999999998,4075.411499999999,10024953,23589131837.799824,SH000001
2026-06-22 11:15:00,4074.9699999999993,4084.428999999996,4074.951899999998,4083.851399999997,10632798,21011375310.59982,SH000001
2026-06-22 11:20:00,4083.794399999999,4088.138899999997,4083.046499999999,4085.1736999999976,8481971,18703002647.699825,SH000001
2026-06-22 11:25:00,4085.1073999999985,4087.776299999996,4081.4133999999985,4087.5389999999975,8089752,17486928070.69982,SH000001
2026-06-22 11:30:00,4087.8898999999983,4098.738199999995,4087.8898999999983,4098.009099999997,8575489,19592867770.399822,SH000001
2026-06-22 13:05:00,4098.767499999997,4104.1074999999955,4096.374099999999,4101.080199999999,16742606,37566436903.3998,SH000001
2026-06-22 13:10:00,4100.730999999998,4106.963299999995,4100.731,4105.537999999999,9618301,24336988934.4998,SH000001
2026-06-22 13:15:00,4105.708099999998,4117.894599999993,4105.1103,4117.894599999995,11894667,24271961972.599796,SH000001
2026-06-22 13:20:00,4118.544999999998,4122.648399999993,4117.922100000001,4120.9702999999945,11064401,24778379902.4998,SH000001
2026-06-22 13:25:00,4121.126799999998,4125.633099999995,4117.330299999999,4123.376099999996,11312361,24018616872.399807,SH000001
2026-06-22 13:30:00,4123.752599999998,4130.344099999994,4118.8461,4122.539699999994,15361005,30784562900.299812,SH000001
2026-06-22 13:35:00,4122.4416999999985,4122.441699999994,4111.172600000003,4114.883699999994,11959193,23830969643.599815,SH000001
2026-06-22 13:40:00,4115.192299999998,4124.560599999995,4115.192300000002,4124.005099999995,8569633,18889392195.099815,SH000001
2026-06-22 13:45:00,4124.411699999998,4124.5206999999955,4119.742400000006,4119.742399999998,7622220,17408811714.19981,SH000001
2026-06-22 13:50:00,4119.937499999998,4127.131399999997,4119.839600000006,4127.072299999997,7933303,19259191528.89981,SH000001
2026-06-22 13:55:00,4126.967899999998,4134.403199999997,4126.269800000007,4131.970999999999,10378219,20254604453.899815,SH000001
2026-06-22 14:00:00,4132.2860999999975,4133.458599999996,4130.416100000006,4131.947599999998,8620505,17018453593.499813,SH000001
2026-06-22 14:05:00,4131.894999999997,4145.570399999998,4131.895000000006,4145.5704000000005,11195773,21412277724.49983,SH000001
2026-06-22 14:10:00,4145.476099999997,4150.5957,4142.4978000000065,4150.5957000000035,10701529,21428622408.499832,SH000001
2026-06-22 14:15:00,4150.437199999998,4152.4245,4145.580400000007,4150.942800000003,10762911,21432804827.799843,SH000001
2026-06-22 14:20:00,4151.043899999998,4153.457800000001,4148.678100000008,4149.346800000005,8733153,18745560825.299847,SH000001
2026-06-22 14:25:00,4149.365399999998,4153.697500000001,4147.600500000009,4153.418400000005,8303132,18314219666.89984,SH000001
2026-06-22 14:30:00,4153.507099999998,4153.631200000001,4150.303200000009,4152.2154000000055,8928572,20020487404.199837,SH000001
2026-06-22 14:35:00,4152.544399999998,4154.7276,4151.178100000009,4152.580899999998,11356034,22561007012.999836,SH000001
2026-06-22 14:40:00,4152.800399999996,4156.546200000001,4151.473400000009,4156.375499999998,10162981,23711646956.699844,SH000001
2026-06-22 14:45:00,4156.562099999997,4160.838199999999,4155.844300000009,4158.937899999993,11855348,26437476884.59983,SH000001
2026-06-22 14:50:00,4158.430999999998,4159.550199999998,4156.882300000009,4159.431299999989,12567933,27657679760.199837,SH000001
2026-06-22 14:55:00,4159.639899999998,4163.041899999998,4159.432400000011,4163.041899999992,16825900,34750163100.39983,SH000001
2026-06-22 15:00:00,4162.991599999998,4164.417799999999,4162.121500000011,4163.0964999999915,16359707,32536247391.899845,SH000001
2026-06-23 09:35:00,4153.593,4169.855899999998,4148.861599999999,4167.949399999997,72458855,160668847618.59998,SH000001
2026-06-23 09:40:00,4168.7997000000005,4168.799699999998,4159.7064,4159.915799999994,41068393,95073115815.89996,SH000001
2026-06-23 09:45:00,4159.585400000001,4165.843299999996,4156.052999999998,4158.455199999994,43948844,93148890055.4,SH000001
2026-06-23 09:50:00,4157.998500000001,4159.2652999999955,4144.938699999998,4145.067599999992,42106388,92787964244.50003,SH000001
2026-06-23 09:55:00,4145.155100000001,4167.219799999995,4144.0513999999985,4167.192799999989,30713692,67354735397.10005,SH000001
2026-06-23 10:00:00,4166.9086,4166.908599999995,4162.030199999997,4162.723299999991,21847439,48499217748.50007,SH000001
2026-06-23 10:05:00,4162.6462,4171.770899999996,4162.112899999997,4169.047699999992,22730379,51669728855.900085,SH000001
2026-06-23 10:10:00,4168.8521,4168.852099999996,4160.5989999999965,4163.15959999999,18661439,42229436806.00009,SH000001
2026-06-23 10:15:00,4162.5623,4163.112399999998,4156.811099999994,4158.02549999999,17379542,37776858578.10009,SH000001
2026-06-23 10:20:00,4157.6941,4161.1757,4156.100699999993,4160.361099999991,17146958,36848984415.90009,SH000001
2026-06-23 10:25:00,4160.1638,4167.103800000001,4159.906099999992,4167.103799999988,14588269,36739753306.300095,SH000001
2026-06-23 10:30:00,4167.0697,4174.2511,4166.701199999991,4171.672799999987,13692044,35287788380.900085,SH000001
2026-06-23 10:35:00,4171.3403,4174.874199999999,4169.36879999999,4172.542199999984,12327634,30432537926.60008,SH000001
2026-06-23 10:40:00,4172.8948,4175.347599999998,4171.278299999989,4172.904199999983,11081091,27585395802.20008,SH000001
2026-06-23 10:45:00,4172.9706,4173.380199999998,4166.751799999991,4171.430199999981,10107680,25856612504.600075,SH000001
2026-06-23 10:50:00,4171.5691,4173.002499999999,4167.510299999991,4167.510299999977,9249022,23410712016.20006,SH000001
2026-06-23 10:55:00,4167.447099999999,4168.559299999999,4162.643399999994,4167.6232999999775,9827392,23420708063.400063,SH000001
2026-06-23 11:00:00,4167.4058,4169.2510999999995,4159.700799999991,4161.0898999999745,8761636,19967900274.90006,SH000001
2026-06-23 11:05:00,4161.3567,4161.9830999999995,4155.090299999992,4157.435499999975,9002281,21265097228.400055,SH000001
2026-06-23 11:10:00,4157.5704,4157.570400000001,4148.661400000001,4150.1555,9207195,19317372837.400013,SH000001
2026-06-23 11:15:00,4150.6466,4151.844199999999,4145.4377,4145.5414,8061478,18368289599.5,SH000001
2026-06-23 11:20:00,4144.9328,4148.714500000001,4140.644299999998,4140.644299999999,9240596,22518706356.1,SH000001
2026-06-23 11:25:00,4140.660999999999,4144.664500000001,4140.593199999998,4141.187399999997,8588216,19443509276.4,SH000001
2026-06-23 11:30:00,4141.147699999999,4147.5491,4138.423299999998,4147.5490999999965,7646317,17765988384.700005,SH000001
2026-06-23 13:05:00,4146.9524999999985,4147.4586,4134.9640999999965,4142.068099999998,14558801,32333383821.100002,SH000001
2026-06-23 13:10:00,4141.838999999999,4145.909,4134.312999999999,4135.920100000004,8728562,21274304337.099995,SH000001
2026-06-23 13:15:00,4135.847599999998,4138.991900000001,4133.4580000000005,4138.509500000003,7364416,19124212346.39999,SH000001
2026-06-23 13:20:00,4138.816599999999,4139.975400000001,4130.876299999999,4131.204100000002,8829588,19317066880.79999,SH000001
2026-06-23 13:25:00,4130.997599999999,4139.5047,4130.514499999998,4137.294300000002,7170727,17178527280.599985,SH000001
2026-06-23 13:30:00,4137.108499999998,4137.1085,4130.773299999999,4131.433499999998,7249037,16683178429.799984,SH000001
2026-06-23 13:35:00,4131.3292999999985,4137.318300000001,4130.707499999999,4137.318300000001,8015495,16740041377.69998,SH000001
2026-06-23 13:40:00,4137.137699999998,4137.562300000001,4126.1008999999995,4130.157900000002,8674400,17739360247.39998,SH000001
2026-06-23 13:45:00,4130.210199999999,4134.954900000001,4129.7489,4134.927599999997,6152304,13205311859.499979,SH000001
2026-06-23 13:50:00,4134.946799999998,4136.942200000001,4130.248199999999,4131.8335,6990020,15648376149.999975,SH000001
2026-06-23 13:55:00,4131.6830999999975,4132.0826000000025,4125.536799999996,4125.678899999996,5192141,9596895064.699987,SH000001
2026-06-23 14:00:00,4120.8677,4120.9209,4114.4888,4114.7385,9437728,19838361157.7,SH000001
2026-06-23 14:05:00,4114.4058,4116.119500000001,4112.129600000001,4112.339300000005,9520112,18867915383.1,SH000001
2026-06-23 14:10:00,4112.194400000001,4112.194400000001,4102.500300000003,4104.475600000007,10573453,23696631726.800003,SH000001
2026-06-23 14:15:00,4104.4241,4108.879299999999,4101.591300000005,4108.44630000001,8845537,19585100261.79999,SH000001
2026-06-23 14:20:00,4108.839999999999,4108.839999999998,4096.269800000003,4096.269800000008,9588529,21234941595.69999,SH000001
2026-06-23 14:25:00,4095.9578999999994,4099.227899999997,4094.0502000000015,4094.050200000007,10474032,22068698153.899994,SH000001
2026-06-23 14:30:00,4094.367999999999,4094.610699999997,4085.590800000001,4085.724300000005,12424487,28191634466.999992,SH000001
2026-06-23 14:35:00,4085.8363999999992,4098.056199999998,4085.738500000001,4093.8188000000055,13153072,28126041624.299995,SH000001
2026-06-23 14:40:00,4093.4696,4098.314399999999,4090.2047,4095.355700000006,10466270,22624744825.299988,SH000001
2026-06-23 14:45:00,4096.0425,4098.430499999999,4091.353400000002,4097.854800000005,11156206,24919406702.9,SH000001
2026-06-23 14:50:00,4097.6635,4100.905999999998,4095.8254,4098.68290000001,11880131,26606877179.000008,SH000001
2026-06-23 14:55:00,4098.8601,4108.519999999996,4098.8601,4106.6670000000095,15061841,34476718642.5,SH000001
2026-06-23 15:00:00,4106.840300000001,4106.840299999995,4105.111700000001,4106.2517,13954896,29851825658.600002,SH000001
2026-06-24 09:35:00,4090.1001,4103.586599999998,4090.1001,4103.576799999998,57572078,133156718003.49998,SH000001
2026-06-24 09:40:00,4103.5048,4103.504799999998,4096.286999999998,4100.4373000000005,42382842,92535961928.6,SH000001
2026-06-24 09:45:00,4101.043099999999,4104.761099999998,4088.9552999999983,4093.554299999999,35129584,81778739732.29999,SH000001
2026-06-24 09:50:00,4093.679799999999,4100.036299999997,4090.896099999998,4095.9755,30049836,63812648025.49996,SH000001
2026-06-24 09:55:00,4096.8006,4105.010799999998,4096.399399999998,4101.9406000000035,24484147,54968937333.69997,SH000001
2026-06-24 10:00:00,4102.1606999999985,4113.191,4102.160699999999,4110.684900000002,19873581,52867470841.49996,SH000001
2026-06-24 10:05:00,4110.726199999998,4110.7262,4100.468599999998,4100.468600000006,22557933,48429195141.099976,SH000001
2026-06-24 10:10:00,4100.211299999999,4102.680800000003,4095.2758999999983,4099.294300000005,18115762,39642434083.899956,SH000001
2026-06-24 10:15:00,4099.388199999999,4100.732400000002,4095.2238999999986,4096.417900000003,15811459,36994601066.09996,SH000001
2026-06-24 10:20:00,4096.2739,4098.708599999999,4095.2060999999985,4097.013400000002,15235043,34269948621.099957,SH000001
2026-06-24 10:25:00,4097.2148,4098.973199999998,4094.0252999999984,4097.238300000004,14125002,33526892590.699974,SH000001
2026-06-24 10:30:00,4097.396299999999,4100.704299999999,4097.038199999999,4100.117900000004,14212644,31158671302.599987,SH000001
2026-06-24 10:35:00,4099.467699999999,4099.467699999998,4092.0393999999983,4094.4306000000056,15716186,30560210386.69999,SH000001
2026-06-24 10:40:00,4094.8096,4099.718299999999,4093.7412999999983,4094.0108000000055,11265602,25665765983.69999,SH000001
2026-06-24 10:45:00,4094.393399999999,4096.3247999999985,4087.781699999999,4088.3856000000033,10993108,26484322714.799988,SH000001
2026-06-24 10:50:00,4087.912499999999,4089.0864999999985,4079.4741999999983,4079.994000000002,12003273,31812257696.999992,SH000001
2026-06-24 10:55:00,4079.6970999999994,4084.399299999998,4077.9712999999983,4078.5779000000016,10075559,27692258031.099983,SH000001
2026-06-24 11:00:00,4078.6104,4080.990799999998,4076.059199999999,4080.198900000005,8961728,25261545413.799988,SH000001
2026-06-24 11:05:00,4080.2790999999993,4086.986499999999,4079.783699999999,4080.763500000005,8801639,23746010570.199974,SH000001
2026-06-24 11:10:00,4081.0414999999994,4085.5043999999984,4078.6327,4082.6914000000056,7129866,17248638633.399967,SH000001
2026-06-24 11:15:00,4083.079999999999,4083.5287999999982,4078.0504,4078.108200000005,6794470,15258384993.09997,SH000001
2026-06-24 11:20:00,4078.438899999999,4080.4404999999992,4075.4921,4077.146200000007,6300720,14029724000.299973,SH000001
2026-06-24 11:25:00,4078.7444,4086.0567999999994,4078.165500000001,4083.978800000005,5984120,14635755610.699978,SH000001
2026-06-24 11:30:00,4083.5604,4096.136799999999,4083.217000000001,4096.136800000007,6697002,17246585557.09997,SH000001
2026-06-24 13:05:00,4096.6345,4103.361800000001,4096.634500000001,4100.958000000007,14618373,37908503444.99996,SH000001
2026-06-24 13:10:00,4101.2219000000005,4104.5875,4100.307800000001,4104.587500000006,9410142,24185287484.69995,SH000001
2026-06-24 13:15:00,4104.748,4106.392000000001,4101.849100000003,4103.262500000006,8474244,22955764956.899956,SH000001
2026-06-24 13:20:00,4103.7119999999995,4112.464200000001,4101.641800000001,4112.01650000001,10649125,24510602482.69995,SH000001
2026-06-24 13:25:00,4112.4664999999995,4115.960700000001,4112.107000000002,4114.144100000006,9117325,23692134056.499947,SH000001
2026-06-24 13:30:00,4114.6512999999995,4116.3598,4112.863200000001,4114.000700000005,9379388,25869067930.799953,SH000001
2026-06-24 13:35:00,4114.1505,4116.4632,4111.3798000000015,4115.363300000004,8197899,23269372340.79995,SH000001
2026-06-24 13:40:00,4115.1894,4117.2848,4113.118200000001,4113.118200000003,7437576,20223591538.99996,SH000001
2026-06-24 13:45:00,4113.0558,4113.7674,4108.1034,4110.8002000000015,8060520,20531933138.59996,SH000001
2026-06-24 13:50:00,4110.1936000000005,4113.864999999998,4104.792899999999,4104.7928999999995,8328931,20216594425.599957,SH000001
2026-06-24 13:55:00,4104.7879,4107.383399999998,4100.462499999997,4105.539900000002,8129097,18839600881.49995,SH000001
2026-06-24 14:00:00,4105.214999999999,4105.5607999999975,4102.506099999998,4102.792200000002,6523269,15502515339.19995,SH000001
2026-06-24 14:05:00,4103.461699999999,4105.599199999995,4099.2806,4103.3132,8424018,19068577881.49995,SH000001
2026-06-24 14:10:00,4103.785,4109.469199999994,4103.389799999997,4105.603999999998,7907924,17810632833.199947,SH000001
2026-06-24 14:15:00,4106.1187,4112.014099999991,4104.809599999998,4109.019099999996,7335557,18041996249.59995,SH000001
2026-06-24 14:20:00,4109.420700000001,4111.068999999992,4108.2509,4108.910799999996,7395970,18150594919.59995,SH000001
2026-06-24 14:25:00,4108.856000000001,4112.201499999991,4108.585299999998,4109.609299999998,7210825,18273152851.899944,SH000001
2026-06-24 14:30:00,4109.3158,4114.227099999992,4109.3157999999985,4112.627500000001,6968669,17963663463.599934,SH000001
2026-06-24 14:35:00,4112.951600000001,4116.51169999999,4109.289199999996,4109.289199999995,9693549,21360367923.59993,SH000001
2026-06-24 14:40:00,4109.558600000002,4112.393199999991,4108.005399999996,4108.143599999993,9062000,19843076145.59993,SH000001
2026-06-24 14:45:00,4108.353000000002,4108.352999999992,4104.951299999995,4108.025299999991,10410213,22742910465.39992,SH000001
2026-06-24 14:50:00,4108.289500000002,4109.912099999994,4107.1078999999945,4109.7444999999925,11609143,25796862923.399918,SH000001
2026-06-24 14:55:00,4109.252000000001,4111.800799999993,4109.007699999994,4110.948599999994,15243721,33889129635.699924,SH000001
2026-06-24 15:00:00,4111.187400000001,4112.825599999994,4110.813399999993,4110.813399999994,14666856,30763673423.499924,SH000001
2026-06-25 09:35:00,4103.4817,4104.7392,4093.1776999999984,4099.725800000001,66581858,178185923875.50003,SH000001
2026-06-25 09:40:00,4099.9095,4101.4684,4093.0086999999976,4101.468400000002,38447391,96461737738.1,SH000001
2026-06-25 09:45:00,4101.5279,4116.341599999996,4100.970699999998,4114.612799999998,36759946,88208512882.40002,SH000001
2026-06-25 09:50:00,4114.959599999999,4117.913699999997,4107.721899999999,4111.232699999999,29133034,71929224678.70004,SH000001
2026-06-25 09:55:00,4111.653899999999,4113.396199999997,4097.346999999998,4098.8451,26923993,63398137651.80002,SH000001
2026-06-25 10:00:00,4099.017399999998,4109.138699999997,4099.017399999998,4105.647100000002,21394889,52018739939.3,SH000001
2026-06-25 10:05:00,4105.314499999998,4117.040699999994,4104.242099999999,4113.935399999998,20304569,48845929563.39999,SH000001
2026-06-25 10:10:00,4113.595399999997,4113.774999999994,4104.6087,4107.606,19034320,47780396357.799995,SH000001
2026-06-25 10:15:00,4107.393299999997,4108.022699999995,4102.6208000000015,4103.741,18300539,39041112838.4,SH000001
2026-06-25 10:20:00,4104.277399999997,4116.0425999999925,4104.277400000002,4116.042599999997,16013558,34393536414.799995,SH000001
2026-06-25 10:25:00,4116.000399999997,4118.154299999992,4107.336900000004,4107.336899999997,18754386,40754755159.6,SH000001
2026-06-25 10:30:00,4107.875299999997,4112.861999999991,4101.800300000005,4110.5386999999955,15119470,36797215156.100006,SH000001
2026-06-25 10:35:00,4110.279699999997,4110.512399999991,4105.705400000005,4106.761199999993,11853562,27364305138.10001,SH000001
2026-06-25 10:40:00,4107.017799999997,4116.578799999991,4105.487100000004,4116.121199999993,16189771,32469153591.1,SH000001
2026-06-25 10:45:00,4116.141899999998,4116.882599999992,4104.505600000002,4109.858399999993,15037641,40746703378.79999,SH000001
2026-06-25 10:50:00,4109.9420999999975,4114.6518999999935,4107.132600000003,4114.240699999994,10432095,26110291280.2,SH000001
2026-06-25 10:55:00,4112.466999999997,4118.171099999993,4108.909100000002,4118.171099999995,10644363,25498521522.099995,SH000001
2026-06-25 11:00:00,4117.675899999996,4124.428199999992,4115.695100000001,4121.7489999999925,10967279,24205572820.699993,SH000001
2026-06-25 11:05:00,4121.873999999996,4126.9324999999935,4117.808900000002,4118.13739999999,10605436,23168700320.499992,SH000001
2026-06-25 11:10:00,4117.694199999996,4128.352599999994,4117.694200000002,4123.281899999991,8529340,23045381069.699993,SH000001
2026-06-25 11:15:00,4122.300699999996,4124.570099999994,4118.876200000003,4123.068299999991,7809482,18762816842.999992,SH000001
2026-06-25 11:20:00,4123.4824999999955,4133.097499999994,4123.482500000004,4131.194499999987,8317251,20871686014.499996,SH000001
2026-06-25 11:25:00,4130.948199999996,4132.2246999999925,4128.394200000002,4129.10169999998,8553170,20361330437.500004,SH000001
2026-06-25 11:30:00,4129.296699999996,4132.106999999993,4123.800000000003,4125.755499999984,8065076,19095407702.8,SH000001
2026-06-25 13:05:00,4126.728099999997,4129.866499999995,4121.168700000002,4121.66709999998,14994384,37106617368.7,SH000001
2026-06-25 13:10:00,4121.056999999997,4122.582399999995,4118.269900000001,4122.021399999982,9391470,23083081192.299995,SH000001
2026-06-25 13:15:00,4121.976699999998,4122.1708999999955,4117.798900000002,4120.448599999981,10257786,22196803369.999985,SH000001
2026-06-25 13:20:00,4120.2114999999985,4123.444299999996,4118.295400000001,4118.769199999982,8870201,20323899163.099995,SH000001
2026-06-25 13:25:00,4119.106099999997,4119.198899999997,4113.354699999998,4113.354699999983,7612540,18702026454.699997,SH000001
2026-06-25 13:30:00,4113.648099999998,4118.036299999996,4111.310599999999,4116.919999999983,7986535,19442540730.800007,SH000001
2026-06-25 13:35:00,4117.060099999998,4121.8290999999945,4114.075999999996,4114.482199999981,8473598,21584851052.40001,SH000001
2026-06-25 13:40:00,4114.852799999998,4117.918299999994,4114.646699999997,4115.425299999983,7304600,19186254055.500008,SH000001
2026-06-25 13:45:00,4115.854299999997,4118.247799999995,4113.914299999998,4115.619599999987,6629962,16858139604.300007,SH000001
2026-06-25 13:50:00,4115.012399999997,4115.6901999999955,4110.729799999997,4112.187299999983,7080703,17526856233.300003,SH000001
2026-06-25 13:55:00,4111.787899999996,4114.176899999996,4110.120699999994,4110.120699999982,5883935,15065595087.000008,SH000001
2026-06-25 14:00:00,4109.969299999996,4109.969299999996,4101.804199999995,4102.30589999998,8795435,21115109124.100002,SH000001
2026-06-25 14:05:00,4102.489599999996,4108.3223999999955,4102.477199999996,4107.315499999979,7863215,17838037562.700005,SH000001
2026-06-25 14:10:00,4106.882199999996,4114.615499999997,4106.8821999999955,4114.615499999979,6969805,16936487943.700012,SH000001
2026-06-25 14:15:00,4114.209899999997,4115.990799999997,4113.632499999996,4114.833799999977,6375270,16189686309.900011,SH000001
2026-06-25 14:20:00,4115.111799999997,4116.469399999998,4112.513999999995,4113.072199999976,6563092,17010282202.100014,SH000001
2026-06-25 14:25:00,4112.891799999997,4115.467099999999,4112.730799999995,4114.432399999978,7076488,16442701964.10002,SH000001
2026-06-25 14:30:00,4114.084099999996,4118.8298,4113.975399999995,4116.46249999998,7209588,16909378063.900015,SH000001
2026-06-25 14:35:00,4117.112899999996,4118.989600000001,4115.379199999998,4117.879499999983,9257089,21363316370.400017,SH000001
2026-06-25 14:40:00,4117.8224999999975,4121.013600000001,4114.7046999999975,4114.704699999985,9671253,23279792496.500027,SH000001
2026-06-25 14:45:00,4114.998099999998,4116.897700000002,4111.938399999996,4115.285499999983,10247145,23704983243.60003,SH000001
2026-06-25 14:50:00,4115.226199999998,4119.633900000001,4114.414399999993,4119.451099999984,12172806,28759894696.500042,SH000001
2026-06-25 14:55:00,4119.663099999998,4121.8258000000005,4119.297599999993,4121.109999999989,15213100,35379579161.60003,SH000001
2026-06-25 15:00:00,4121.142099999998,4123.2766,4120.280599999992,4120.280599999986,14787498,33475549189.50002,SH000001
2026-06-26 09:35:00,4098.6864,4099.7796,4088.7963,4088.7962999999986,65275731,165773751963.2,SH000001
2026-06-26 09:40:00,4088.4778999999985,4098.3197,4087.860400000001,4096.931799999998,37765871,94460578804.60004,SH000001
2026-06-26 09:45:00,4097.6183999999985,4098.878000000001,4090.6703000000007,4094.195699999996,40406160,92351584455.90005,SH000001
2026-06-26 09:50:00,4094.0821999999985,4094.0822,4080.7005,4081.998799999996,30182785,71125798623.30006,SH000001
2026-06-26 09:55:00,4082.256299999998,4086.062300000001,4074.6217000000006,4078.3839999999977,25921852,70227609207.00006,SH000001
2026-06-26 10:00:00,4077.907899999999,4078.5383000000015,4075.0977000000007,4076.4548999999984,21966057,50551430472.400055,SH000001
2026-06-26 10:05:00,4076.4755999999993,4080.845300000002,4073.3162,4076.8110999999976,20152755,45251744729.70004,SH000001
2026-06-26 10:10:00,4075.992099999999,4078.558100000002,4074.2756,4074.563399999997,16630075,38806855289.40004,SH000001
2026-06-26 10:15:00,4074.3261999999986,4074.326200000002,4066.5553,4071.304999999996,16755061,36704354533.50005,SH000001
2026-06-26 10:20:00,4070.633399999999,4073.680500000002,4066.6306,4069.9107999999983,14316611,32042411381.200058,SH000001
2026-06-26 10:25:00,4070.331099999999,4075.140700000002,4069.9842,4069.9842000000017,13933218,31558936455.700058,SH000001
2026-06-26 10:30:00,4070.038599999999,4070.038600000002,4053.4971,4053.497100000001,12251173,34370886846.80006,SH000001
2026-06-26 10:35:00,4053.994499999999,4055.4413000000022,4048.5442,4051.944799999998,13199903,37262702152.30006,SH000001
2026-06-26 10:40:00,4052.449199999998,4054.4951000000015,4044.3855,4048.277599999998,11784775,29433541316.000053,SH000001
2026-06-26 10:45:00,4048.0798999999984,4048.0799,4042.3467999999993,4045.483699999999,10126412,25769391420.50006,SH000001
2026-06-26 10:50:00,4045.602299999998,4045.602299999999,4033.7368999999994,4034.0792999999985,11184207,27125169943.20006,SH000001
2026-06-26 10:55:00,4033.679399999998,4033.679399999999,4020.3769000000007,4021.1546999999982,13139973,37331418997.70006,SH000001
2026-06-26 11:00:00,4021.023499999998,4022.9066999999977,4007.8593,4022.530399999999,16028438,44241576566.300064,SH000001
2026-06-26 11:05:00,4021.0525999999977,4029.8436999999976,4020.8690000000006,4028.3492999999985,12270109,29439665476.10006,SH000001
2026-06-26 11:10:00,4028.952199999998,4038.7568999999985,4026.0569,4035.6279999999992,10411032,23423826090.20006,SH000001
2026-06-26 11:15:00,4035.9656999999975,4037.3170999999984,4023.335399999999,4027.001699999997,10514102,26614716097.700077,SH000001
2026-06-26 11:20:00,4027.0306999999975,4032.9449999999974,4025.261299999999,4032.701599999997,7437020,19891576587.30007,SH000001
2026-06-26 11:25:00,4032.3599999999974,4034.2093999999975,4017.489999999999,4018.4382999999966,8226018,20355177945.60007,SH000001
2026-06-26 11:30:00,4017.6550999999968,4032.539699999997,4016.2143999999994,4032.2984999999944,6546138,17380999464.90007,SH000001
2026-06-26 13:05:00,4032.600499999997,4035.1369999999974,4025.3552,4034.745999999994,12038429,30039362328.300064,SH000001
2026-06-26 13:10:00,4034.590399999997,4038.6013999999977,4032.323100000001,4038.601399999997,8007882,20764910247.500065,SH000001
2026-06-26 13:15:00,4039.127799999997,4047.3970999999974,4038.9527000000016,4046.6116999999967,7680812,20476262769.400063,SH000001
2026-06-26 13:20:00,4046.836699999997,4052.7952999999966,4044.302300000002,4048.618799999997,9059003,23631150518.400055,SH000001
2026-06-26 13:25:00,4048.8693999999978,4058.4581999999978,4048.8694000000023,4055.268699999997,7344884,22890595573.200066,SH000001
2026-06-26 13:30:00,4054.764799999998,4061.358499999998,4050.120500000005,4050.635799999997,7804384,21781524796.00006,SH000001
2026-06-26 13:35:00,4050.8287999999984,4056.899899999999,4047.703800000004,4056.381099999996,7642664,18916138609.40005,SH000001
2026-06-26 13:40:00,4055.7913999999982,4058.152899999999,4052.778100000004,4054.0668999999953,7806145,19273128197.400047,SH000001
2026-06-26 13:45:00,4054.125399999999,4060.3961999999983,4052.524000000004,4060.125799999993,6892909,18466349909.60005,SH000001
2026-06-26 13:50:00,4060.4849999999983,4060.5184999999983,4053.573000000004,4060.317299999991,6616705,18443804672.30005,SH000001
2026-06-26 13:55:00,4060.939699999999,4066.4178999999986,4060.939700000003,4065.788899999992,7114585,19736314329.900047,SH000001
2026-06-26 14:00:00,4065.840899999999,4068.403299999998,4060.057500000003,4060.057499999993,6767254,18254866984.800056,SH000001
2026-06-26 14:05:00,4060.2702999999983,4060.2702999999983,4054.8015000000023,4056.283599999991,7784572,18469633550.900055,SH000001
2026-06-26 14:10:00,4056.0150999999983,4056.0150999999983,4042.4064000000017,4044.12459999999,9847941,19202609996.20005,SH000001
2026-06-26 14:15:00,4044.212399999999,4044.212399999999,4035.675800000002,4035.796799999989,8159406,17072921952.100052,SH000001
2026-06-26 14:20:00,4036.7264999999993,4039.437199999999,4035.219300000002,4036.808199999988,7609667,17452860443.100048,SH000001
2026-06-26 14:25:00,4037.438,4043.2024999999976,4036.919200000002,4040.4911999999863,7284817,15786329179.900045,SH000001
2026-06-26 14:30:00,4040.586,4044.122499999997,4037.826700000001,4038.207199999985,6669059,15644683014.900047,SH000001
2026-06-26 14:35:00,4038.408500000001,4039.5216999999975,4033.8889,4035.469399999984,9232964,20443934997.60005,SH000001
2026-06-26 14:40:00,4034.805100000001,4049.991399999996,4034.5397,4048.7978999999823,9882810,21623377339.900055,SH000001
2026-06-26 14:45:00,4049.0771,4050.799799999996,4043.5497,4047.6798999999833,9237131,22617862355.300056,SH000001
2026-06-26 14:50:00,4047.8507,4047.850699999996,4042.1345999999994,4042.453299999981,11020314,26157949532.000042,SH000001
2026-06-26 14:55:00,4042.6084,4043.296799999995,4029.8532,4030.633299999982,16458924,37939068067.60002,SH000001
2026-06-26 15:00:00,4029.9289,4030.3515999999954,4027.2648,4027.2648,15719929,34614364473.500015,SH000001
2026-06-29 09:35:00,4026.6858,4030.124800000001,4013.9128000000014,4013.912800000001,68508141,168290856313.50003,SH000001
2026-06-29 09:40:00,4014.2905,4025.1069000000007,4014.2905000000014,4022.4003,40609068,100833279890.00008,SH000001
2026-06-29 09:45:00,4023.0048000000006,4036.352100000001,4023.004800000002,4030.6661,32636158,81394132165.90005,SH000001
2026-06-29 09:50:00,4030.378600000001,4030.3786,4018.613300000003,4018.635899999999,33544764,74026336926.30006,SH000001
2026-06-29 09:55:00,4018.657500000001,4020.7134,4014.872700000002,4019.4347999999977,27101681,67869992628.90008,SH000001
2026-06-29 10:00:00,4020.186800000001,4024.974800000001,4017.853500000002,4022.051499999998,26417737,66235940056.10007,SH000001
2026-06-29 10:05:00,4023.1361000000006,4035.8534999999993,4021.377400000003,4028.031699999998,28456955,68260264383.40008,SH000001
2026-06-29 10:10:00,4027.859000000001,4030.4533999999994,4011.6070000000022,4011.607,22406491,62184884184.300064,SH000001
2026-06-29 10:15:00,4011.730000000001,4015.0412,3993.733300000002,3994.240199999999,21069185,64743213519.80008,SH000001
2026-06-29 10:20:00,3994.243900000001,4019.5915999999993,3992.5522000000024,4009.5870999999993,20751534,56708698064.90007,SH000001
2026-06-29 10:25:00,4009.610100000001,4032.2318999999993,4006.9475000000025,4032.2318999999993,20156369,46974287635.80007,SH000001
2026-06-29 10:30:00,4031.6778,4040.4993,4031.677800000002,4037.7912999999994,16934251,40548591518.800064,SH000001
2026-06-29 10:35:00,4038.803300000001,4038.8425,4012.8161000000023,4012.816099999998,16219667,41085902511.500084,SH000001
2026-06-29 10:40:00,4011.8600000000006,4012.2056000000007,4001.339000000002,4012.205599999999,15134244,42209190242.10008,SH000001
2026-06-29 10:45:00,4011.6573,4017.212700000001,4008.789700000002,4017.2127,9989478,26617536187.900085,SH000001
2026-06-29 10:50:00,4017.684600000001,4028.0459000000023,4017.6846000000023,4027.1288,9416225,25055005081.10009,SH000001
2026-06-29 10:55:00,4028.314100000001,4032.2406000000024,4024.7799000000023,4029.246799999999,8724238,22957256035.100098,SH000001
2026-06-29 11:00:00,4029.2503000000006,4038.991500000003,4028.7764000000025,4036.964099999997,8371232,20707766555.10009,SH000001
2026-06-29 11:05:00,4037.5797,4042.8480000000022,4035.1368000000025,4035.960099999997,8456274,22036251228.100094,SH000001
2026-06-29 11:10:00,4036.67,4043.168800000002,4035.249000000002,4043.168799999997,7130923,18434873058.00009,SH000001
2026-06-29 11:15:00,4043.083,4043.0830000000024,4030.3906000000034,4040.566099999998,6908111,17302662109.80009,SH000001
2026-06-29 11:20:00,4040.4538,4044.131700000002,4039.1020000000026,4040.3677999999986,5889815,16216012927.600096,SH000001
2026-06-29 11:25:00,4040.4853,4040.8797000000022,4031.5212000000033,4033.5560999999984,5855137,14322082899.300098,SH000001
2026-06-29 11:30:00,4033.4748,4034.317900000003,4027.377000000004,4034.084099999996,5648556,14243994108.200096,SH000001
2026-06-29 13:05:00,4034.466,4034.5115000000023,4026.373400000003,4027.704899999997,11942934,26318082964.70009,SH000001
2026-06-29 13:10:00,4027.964500000001,4027.964500000002,4021.504300000005,4022.153499999998,6818997,16628361211.700092,SH000001
2026-06-29 13:15:00,4022.0507000000007,4022.612500000002,4018.0941000000057,4020.376799999998,6826242,16359538713.80009,SH000001
2026-06-29 13:20:00,4020.029500000001,4028.1720000000014,4018.8546000000056,4024.7120999999993,6764455,15889688382.800093,SH000001
2026-06-29 13:25:00,4025.172900000001,4033.3332000000023,4023.8661000000047,4033.3332,6281500,15637144073.500093,SH000001
2026-06-29 13:30:00,4033.0974,4040.8708000000033,4033.097400000004,4039.6175,6849728,18394049935.600094,SH000001
2026-06-29 13:35:00,4039.6591,4045.880800000003,4036.952500000004,4045.880800000001,8779150,20149659363.90009,SH000001
2026-06-29 13:40:00,4046.017700000001,4049.312700000003,4040.772200000005,4044.206400000001,7442971,19144523982.500088,SH000001
2026-06-29 13:45:00,4044.4433000000017,4057.6331000000023,4044.443300000005,4057.6331,7777360,20662338085.600098,SH000001
2026-06-29 13:50:00,4057.8438000000015,4058.079200000003,4053.4571000000046,4053.8754999999983,6561685,18610104551.400093,SH000001
2026-06-29 13:55:00,4053.0775000000017,4066.0445000000022,4052.817400000005,4066.044499999999,8066406,20954822754.50009,SH000001
2026-06-29 14:00:00,4066.118500000002,4068.863400000003,4063.232400000005,4063.5123,7399947,21685562424.3001,SH000001
2026-06-29 14:05:00,4063.2465000000016,4068.579300000003,4059.7755000000034,4059.9886,7588042,20239174303.800102,SH000001
2026-06-29 14:10:00,4059.6010000000015,4059.748900000004,4049.443300000004,4054.871600000001,6712641,17104823833.100105,SH000001
2026-06-29 14:15:00,4055.006400000001,4056.117300000003,4049.290600000005,4050.1738000000014,5798954,14723142253.400108,SH000001
2026-06-29 14:20:00,4050.708800000001,4057.179700000004,4050.708800000005,4053.602000000003,5897260,15306963526.20011,SH000001
2026-06-29 14:25:00,4054.015000000001,4055.486600000004,4048.730300000004,4048.730300000004,6173258,15155890707.100113,SH000001
2026-06-29 14:30:00,4048.798200000001,4052.794500000003,4047.356700000005,4052.732500000004,6856680,15996297015.40011,SH000001
2026-06-29 14:35:00,4052.9706000000015,4063.0432000000033,4052.9706000000047,4060.2018000000057,8613599,19459989414.300106,SH000001
2026-06-29 14:40:00,4059.9810000000007,4066.857400000003,4059.877000000005,4066.567900000008,7899457,21281630917.800102,SH000001
2026-06-29 14:45:00,4066.7601,4066.893100000003,4061.524300000007,4062.90320000001,8807504,23471668896.700096,SH000001
2026-06-29 14:50:00,4062.9104000000007,4069.133400000003,4062.910400000007,4068.4258000000113,10350915,27338403413.800106,SH000001
2026-06-29 14:55:00,4068.8517,4075.3343000000023,4068.4286000000066,4074.9505000000127,13266194,34422604578.10011,SH000001
2026-06-29 15:00:00,4075.2977,4075.2977000000024,4073.380400000007,4073.9017000000104,13387823,32026893931.80011,SH000001
2026-06-30 09:35:00,4058.1695,4059.6588,4053.253999999999,4054.4797,54484388,150703568982.0,SH000001
2026-06-30 09:40:00,4054.3563,4061.144999999999,4052.169999999999,4059.314300000001,39216713,100381513512.30002,SH000001
2026-06-30 09:45:00,4059.9525,4068.253799999998,4052.651299999999,4067.6158000000023,32868527,78979761955.8,SH000001
2026-06-30 09:50:00,4068.0465,4068.627099999998,4057.4225,4059.154000000002,27010382,66744486170.6,SH000001
2026-06-30 09:55:00,4059.124600000001,4063.477199999998,4058.5154,4063.454800000002,21511651,56129755079.8,SH000001
2026-06-30 10:00:00,4063.222,4064.823899999998,4060.077699999999,4062.5543,17377594,46058151333.59998,SH000001
2026-06-30 10:05:00,4062.319500000001,4065.632099999998,4059.198599999999,4064.896099999999,17877836,45299467816.59999,SH000001
2026-06-30 10:10:00,4064.9698,4067.420099999998,4061.1616999999983,4064.3164000000006,14884998,38769855285.100006,SH000001
2026-06-30 10:15:00,4064.5838,4065.906999999999,4057.676599999998,4064.1501,13835028,37106832199.70001,SH000001
2026-06-30 10:20:00,4064.1134,4065.363199999999,4057.755799999997,4059.0020999999992,12018667,33575093005.600014,SH000001
2026-06-30 10:25:00,4058.8855,4059.6214999999984,4055.338399999995,4056.557,12303131,31897837638.60002,SH000001
2026-06-30 10:30:00,4056.638,4065.2070999999983,4054.391499999995,4064.5911000000015,10741693,28533465581.900017,SH000001
2026-06-30 10:35:00,4064.1859,4064.496199999998,4058.776899999996,4063.397900000002,13125435,29575017230.800037,SH000001
2026-06-30 10:40:00,4063.6178,4064.9389999999985,4060.573199999996,4063.489700000004,9961341,25581608930.40004,SH000001
2026-06-30 10:45:00,4063.874099999999,4067.015599999999,4063.6109999999967,4066.395100000004,8752518,23350646766.90002,SH000001
2026-06-30 10:50:00,4066.2892,4071.6310999999982,4064.352799999997,4071.297800000004,8708909,24169248115.60003,SH000001
2026-06-30 10:55:00,4071.0886,4073.0821,4069.031599999997,4072.474700000003,8827580,23851221104.80003,SH000001
2026-06-30 11:00:00,4072.3022999999994,4074.0487,4064.8974999999978,4064.897500000005,8644865,23929893461.700035,SH000001
2026-06-30 11:05:00,4065.0490999999993,4068.2275999999993,4064.940899999998,4066.979500000005,7454900,21260080675.000023,SH000001
2026-06-30 11:10:00,4066.771199999999,4071.253799999999,4065.7813999999976,4070.105400000007,7508700,19696072551.90003,SH000001
2026-06-30 11:15:00,4070.3325999999993,4074.457499999999,4068.4902999999977,4074.372600000009,7116804,19716896579.70003,SH000001
2026-06-30 11:20:00,4073.824199999999,4078.5535999999984,4071.1898999999985,4078.417500000009,7948393,19984852995.500034,SH000001
2026-06-30 11:25:00,4078.6741999999986,4081.544399999999,4078.3969999999986,4079.2912000000106,7331339,19887937758.60004,SH000001
2026-06-30 11:30:00,4079.0275999999985,4082.156799999998,4076.8499999999985,4082.1302000000096,6866435,19411544319.00005,SH000001
2026-06-30 13:05:00,4082.779199999999,4088.2054999999978,4079.778299999999,4080.9494000000086,15575932,41811271502.60006,SH000001
2026-06-30 13:10:00,4080.963999999999,4082.3474999999976,4076.6938999999993,4078.6699000000103,8282672,23796336276.500065,SH000001
2026-06-30 13:15:00,4078.605699999999,4081.675699999998,4074.150299999999,4077.5609000000104,8918605,25045684992.40006,SH000001
2026-06-30 13:20:00,4077.479499999999,4080.417699999999,4075.064999999999,4075.510100000012,8526299,20730877987.700054,SH000001
2026-06-30 13:25:00,4075.172099999999,4078.396,4073.6637999999994,4077.857600000012,7697897,19714469423.200054,SH000001
2026-06-30 13:30:00,4077.748699999999,4079.236599999999,4074.1571999999983,4078.43350000001,8289330,20399345299.20004,SH000001
2026-06-30 13:35:00,4078.878599999999,4082.3530999999984,4076.044699999998,4076.0447000000095,8272874,22105860787.000034,SH000001
2026-06-30 13:40:00,4076.474399999999,4077.6785999999993,4074.5154999999977,4076.4665000000086,7988902,20466926579.000027,SH000001
2026-06-30 13:45:00,4076.5243,4084.830300000001,4075.251999999996,4075.6493000000073,10833070,23762672729.700027,SH000001
2026-06-30 13:50:00,4075.6321,4079.974700000001,4075.173599999996,4078.0677000000087,6612198,17425161890.000023,SH000001
2026-06-30 13:55:00,4078.2007,4079.764300000003,4077.216699999996,4077.314600000009,7071647,18367522389.40002,SH000001
2026-06-30 14:00:00,4078.087,4078.950900000003,4074.198099999997,4078.95090000001,7223654,17396773268.30002,SH000001
2026-06-30 14:05:00,4079.307999999999,4084.662400000003,4078.947299999996,4079.5164000000086,7733382,17994431494.70002,SH000001
2026-06-30 14:10:00,4079.7412999999992,4083.066900000003,4079.741299999997,4082.3055000000095,6587055,17105955204.100018,SH000001
2026-06-30 14:15:00,4082.398799999999,4082.398800000003,4076.273399999997,4079.094400000008,7493658,17837253751.900017,SH000001
2026-06-30 14:20:00,4079.563699999999,4079.9543000000026,4075.426099999996,4078.3471000000086,6809571,17296864406.20002,SH000001
2026-06-30 14:25:00,4078.339999999999,4079.1981000000033,4076.5994999999966,4078.246200000011,6934613,17090885353.300014,SH000001
2026-06-30 14:30:00,4078.8397999999984,4081.9137000000014,4076.773699999997,4081.627800000012,8412504,18954427728.400013,SH000001
2026-06-30 14:35:00,4081.774899999998,4087.847100000002,4081.7400999999977,4087.719100000011,10038716,21992627603.400017,SH000001
2026-06-30 14:40:00,4087.982899999998,4089.6094000000016,4082.543899999997,4084.380100000011,9441029,22044536322.000015,SH000001
2026-06-30 14:45:00,4084.2698999999984,4089.3205000000025,4083.587699999997,4087.7724000000103,10676641,24331268175.50001,SH000001
2026-06-30 14:50:00,4088.2149999999983,4093.241000000003,4086.362399999997,4093.106200000013,12200077,28601294684.500015,SH000001
2026-06-30 14:55:00,4093.344499999999,4097.415000000004,4092.462899999997,4096.968000000012,14824057,36355848072.60002,SH000001
2026-06-30 15:00:00,4097.195399999998,4097.364000000003,4094.3971999999953,4094.39720000001,15589993,35102856752.10004,SH000001
2026-07-01 09:35:00,4090.7598,4097.964899999999,4087.5353999999993,4093.725299999997,54898992,152936411040.60004,SH000001
2026-07-01 09:40:00,4093.4670999999994,4099.8427,4089.334099999998,4097.7949999999955,40987630,104056255521.9,SH000001
2026-07-01 09:45:00,4097.7122,4105.1806,4096.297,4103.270899999993,31706750,79738237428.39998,SH000001
2026-07-01 09:50:00,4103.2937,4105.8006,4098.188599999999,4100.08709999999,25096212,66990085860.499954,SH000001
2026-07-01 09:55:00,4099.778700000001,4107.178599999999,4099.778699999999,4107.178599999992,20457317,53528468980.199936,SH000001
2026-07-01 10:00:00,4107.611000000001,4108.650399999998,4101.855499999998,4103.267499999988,20512947,50398749050.19992,SH000001
2026-07-01 10:05:00,4103.6922,4111.379799999995,4103.004399999998,4108.529299999988,17742904,46885437187.99992,SH000001
2026-07-01 10:10:00,4108.2748,4110.505599999998,4105.235599999995,4108.763999999986,18984476,47604621866.89992,SH000001
2026-07-01 10:15:00,4109.0287,4113.860799999999,4107.275699999996,4108.048499999988,20334543,47092318688.19992,SH000001
2026-07-01 10:20:00,4107.5808,4119.4311,4107.580799999995,4119.431099999987,19529162,46482898352.599915,SH000001
2026-07-01 10:25:00,4119.0763,4120.3979,4115.680199999995,4118.178899999988,13156015,33957273473.99993,SH000001
2026-07-01 10:30:00,4117.4478,4120.8146000000015,4114.148699999994,4120.814599999993,14828852,35485995945.599945,SH000001
2026-07-01 10:35:00,4121.088400000001,4121.108300000002,4116.8527999999915,4119.298099999993,17003289,40969236276.79994,SH000001
2026-07-01 10:40:00,4119.037,4124.184100000005,4115.16829999999,4122.683399999993,19286764,50587105786.39993,SH000001
2026-07-01 10:45:00,4123.001200000001,4124.920200000005,4113.106599999992,4124.787199999995,18981684,48970352074.19994,SH000001
2026-07-01 10:50:00,4125.370600000001,4134.2303000000065,4123.947599999993,4134.230299999997,14798379,32228454303.899952,SH000001
2026-07-01 10:55:00,4134.560300000002,4139.107800000006,4134.482599999996,4135.765800000001,11299287,25620119948.59994,SH000001
2026-07-01 11:00:00,4135.346500000002,4139.59740000001,4135.078699999996,4137.240199999999,10643777,23147879440.79995,SH000001
2026-07-01 11:05:00,4137.2607000000025,4138.712700000011,4134.898799999995,4135.6846,9822330,20606547524.599953,SH000001
2026-07-01 11:10:00,4135.404500000003,4141.709100000007,4131.928199999995,4139.8823,10342344,20050583538.599957,SH000001
2026-07-01 11:15:00,4139.900900000003,4139.900900000008,4135.591499999998,4137.739500000003,10002525,20959423233.69995,SH000001
2026-07-01 11:20:00,4137.917300000003,4143.3135000000075,4136.997599999996,4139.1826,9834184,21840160498.299942,SH000001
2026-07-01 11:25:00,4138.707500000003,4138.707500000008,4127.443299999995,4132.846200000004,9780708,23784635196.39994,SH000001
2026-07-01 11:30:00,4133.178600000003,4138.85980000001,4132.774699999995,4138.649400000004,7338839,18115821852.599945,SH000001
2026-07-01 13:05:00,4138.930800000003,4139.890300000011,4133.058999999995,4133.845900000006,16895284,39189035040.599945,SH000001
2026-07-01 13:10:00,4133.576700000002,4138.58810000001,4130.869599999999,4130.869600000005,11736993,30353895269.099945,SH000001
2026-07-01 13:15:00,4130.667600000002,4132.781200000009,4119.4198,4119.419800000005,11449467,31650937202.09994,SH000001
2026-07-01 13:20:00,4119.418500000002,4134.64300000001,4118.8721000000005,4134.218700000007,9722204,28176948110.699932,SH000001
2026-07-01 13:25:00,4134.724300000002,4137.316200000011,4131.294399999999,4135.502400000003,7933559,20525173291.199936,SH000001
2026-07-01 13:30:00,4135.475200000002,4135.475200000011,4124.904399999999,4125.457500000005,9362637,22916739533.999928,SH000001
2026-07-01 13:35:00,4125.739300000002,4129.780500000013,4123.7372,4123.942000000007,8181131,21259476266.69993,SH000001
2026-07-01 13:40:00,4123.257800000002,4126.082900000012,4118.8923,4121.559500000011,7743363,20791914752.59993,SH000001
2026-07-01 13:45:00,4121.234000000003,4121.483700000013,4110.633099999997,4110.682500000006,8212355,24840565102.799934,SH000001
2026-07-01 13:50:00,4111.042600000004,4114.72810000001,4108.3641999999945,4108.403100000003,8178941,23065923245.199936,SH000001
2026-07-01 13:55:00,4108.216700000003,4108.21670000001,4092.608499999995,4092.6084999999994,13075814,32721574557.69993,SH000001
2026-07-01 14:00:00,4092.1577000000025,4107.947200000008,4090.833999999995,4107.374399999996,9171552,23877103647.99993,SH000001
2026-07-01 14:05:00,4107.099600000002,4112.725200000004,4104.513999999995,4112.1171999999915,7197571,19172401252.899933,SH000001
2026-07-01 14:10:00,4111.648700000002,4114.905200000006,4111.0209999999925,4111.02099999999,6274363,16776219497.599936,SH000001
2026-07-01 14:15:00,4111.134500000002,4111.626000000007,4106.987399999993,4106.987399999994,6182532,16424577922.599937,SH000001
2026-07-01 14:20:00,4107.100800000003,4107.209500000006,4100.984999999992,4100.984999999995,6083318,17080134192.799938,SH000001
2026-07-01 14:25:00,4100.794300000003,4107.90930000001,4100.164399999993,4100.8026999999975,6575957,17481658201.399944,SH000001
2026-07-01 14:30:00,4100.378600000004,4101.327200000011,4096.717699999992,4099.5881999999965,6833216,17915576771.69994,SH000001
2026-07-01 14:35:00,4099.3543000000045,4104.307700000012,4099.354299999992,4099.874800000003,8022865,20260491189.599937,SH000001
2026-07-01 14:40:00,4099.877600000004,4099.877600000012,4089.8000999999913,4091.627300000004,11174765,28232735295.49994,SH000001
2026-07-01 14:45:00,4092.0810000000047,4104.2373000000125,4092.080999999991,4104.217500000003,9291470,24644218263.399952,SH000001
2026-07-01 14:50:00,4104.106200000005,4106.404300000016,4103.657699999991,4105.086100000003,9966742,25924708515.19996,SH000001
2026-07-01 14:55:00,4104.883000000005,4112.289900000015,4104.317999999992,4112.289900000001,12663934,32778640652.199963,SH000001
2026-07-01 15:00:00,4112.487400000006,4112.872200000016,4111.4930999999915,4112.445300000002,13031848,30389851465.19995,SH000001
2026-07-02 09:35:00,4054.0857,4066.8294999999994,4043.230900000001,4057.4290999999994,77251934,192186863562.69995,SH000001
2026-07-02 09:40:00,4057.6345,4077.516699999998,4056.8906000000006,4077.5166999999983,36207547,93593917373.49995,SH000001
2026-07-02 09:45:00,4077.131,4083.629899999999,4077.131000000001,4078.458399999999,40453124,84268438543.09993,SH000001
2026-07-02 09:50:00,4078.1206,4085.7806999999984,4071.303300000002,4081.0149,33103219,73485828755.09988,SH000001
2026-07-02 09:55:00,4082.2278,4087.745099999999,4082.227800000002,4087.008300000001,24255078,58609673721.99988,SH000001
2026-07-02 10:00:00,4086.531900000001,4091.405199999999,4081.4899000000023,4081.6735000000017,19560109,47745105012.29989,SH000001
2026-07-02 10:05:00,4082.5251000000007,4091.0641999999984,4081.400600000002,4087.8024,18981036,45560298514.29988,SH000001
2026-07-02 10:10:00,4087.9738000000007,4088.951099999998,4083.4638000000023,4087.9029000000032,16797737,39534634519.09988,SH000001
2026-07-02 10:15:00,4087.890300000001,4087.8902999999978,4082.290600000003,4084.7709000000054,13678839,34156705908.19988,SH000001
2026-07-02 10:20:00,4084.6346,4084.8219999999983,4073.172900000004,4075.512100000007,12820380,34138879986.499874,SH000001
2026-07-02 10:25:00,4075.259500000001,4079.513399999998,4072.083000000004,4077.829400000005,13066270,30928807347.29988,SH000001
2026-07-02 10:30:00,4077.603800000001,4083.6327999999976,4076.115100000004,4083.572900000004,11924702,28397670025.899876,SH000001
2026-07-02 10:35:00,4082.2962000000007,4090.3589999999954,4080.8108000000047,4089.9888000000046,12164651,29102772237.199875,SH000001
2026-07-02 10:40:00,4090.436900000001,4093.6776999999943,4089.683500000005,4090.5372000000034,12913681,27967877599.79987,SH000001
2026-07-02 10:45:00,4090.110100000001,4091.5828999999944,4087.0415000000057,4087.967500000002,10880265,25593738239.699883,SH000001
2026-07-02 10:50:00,4087.6953000000008,4087.8865999999944,4084.003300000005,4084.941400000001,11407846,25647241419.499878,SH000001
2026-07-02 10:55:00,4084.341900000001,4088.2055999999966,4081.128300000005,4086.7755000000016,10464662,24218302667.099873,SH000001
2026-07-02 11:00:00,4086.5107000000007,4086.7166999999968,4081.354800000006,4081.3548,7862862,19528925877.599873,SH000001
2026-07-02 11:05:00,4081.4079000000006,4081.407899999997,4077.039400000005,4078.171799999997,7820932,19155731070.79987,SH000001
2026-07-02 11:10:00,4077.505,4081.111899999996,4073.826500000004,4081.111899999996,6693659,17800129970.199867,SH000001
2026-07-02 11:15:00,4080.6184,4083.8472999999976,4078.9684000000047,4083.847299999997,7347765,17006855625.699871,SH000001
2026-07-02 11:20:00,4083.817900000001,4086.917299999998,4080.091300000004,4080.2795999999967,8290124,18377426293.299873,SH000001
2026-07-02 11:25:00,4079.8688000000006,4081.3562999999976,4072.821200000004,4075.759899999997,6057715,15301043635.899878,SH000001
2026-07-02 11:30:00,4075.747500000001,4076.0218999999975,4071.409800000005,4075.311199999998,5876368,16213275834.79988,SH000001
2026-07-02 13:05:00,4075.757900000001,4077.0722999999975,4070.0587000000046,4076.859299999997,11459724,31167932343.299896,SH000001
2026-07-02 13:10:00,4077.8136,4080.273899999998,4075.857400000004,4075.8573999999976,7429591,19384499149.399895,SH000001
2026-07-02 13:15:00,4076.2902,4076.290199999998,4071.476100000003,4073.079399999997,7369698,20286742008.09989,SH000001
2026-07-02 13:20:00,4073.0601000000006,4073.4380999999976,4064.917100000003,4064.9170999999983,6705036,18844207967.899895,SH000001
2026-07-02 13:25:00,4064.913900000001,4066.331799999997,4061.278900000004,4064.246200000001,8224230,23573996959.4999,SH000001
2026-07-02 13:30:00,4064.4198000000006,4065.4710999999975,4058.9830000000034,4058.983000000001,7102189,20249547164.599903,SH000001
2026-07-02 13:35:00,4058.9082,4060.7358999999974,4053.638400000004,4053.7614999999983,8209175,21343004953.699905,SH000001
2026-07-02 13:40:00,4053.637600000001,4055.7464999999975,4049.344000000004,4053.1197999999977,9067146,23108324033.499897,SH000001
2026-07-02 13:45:00,4053.0208000000007,4057.719999999997,4051.3087000000046,4052.4984999999942,8348976,20663136104.599888,SH000001
2026-07-02 13:50:00,4052.2261000000008,4053.732499999997,4045.1894000000057,4047.010999999994,8909993,25005826877.099888,SH000001
2026-07-02 13:55:00,4047.913400000001,4054.643099999997,4047.654500000007,4051.134299999994,7649893,20118643162.999893,SH000001
2026-07-02 14:00:00,4051.0579000000016,4057.6379999999976,4051.057900000007,4052.931799999996,7184926,18042199511.09989,SH000001
2026-07-02 14:05:00,4053.119500000002,4057.1374999999975,4050.4328000000073,4050.432799999997,8955121,19587513063.19989,SH000001
2026-07-02 14:10:00,4050.9580000000024,4059.209899999999,4049.010900000007,4058.610299999997,8381690,20509128739.599888,SH000001
2026-07-02 14:15:00,4058.995600000003,4062.9994,4055.4643000000087,4055.464299999998,6866333,16645688885.29989,SH000001
2026-07-02 14:20:00,4055.654800000003,4056.3967,4049.734100000009,4049.8287999999975,7604334,17421841658.999893,SH000001
2026-07-02 14:25:00,4049.516800000003,4051.1168,4046.440700000008,4046.440999999996,7478248,18058884454.999893,SH000001
2026-07-02 14:30:00,4046.388900000003,4048.0619000000006,4043.683100000008,4044.720699999995,8349755,20012261763.099895,SH000001
2026-07-02 14:35:00,4044.5904000000032,4051.8416,4044.126100000008,4044.126099999993,10604757,22710625753.8999,SH000001
2026-07-02 14:40:00,4044.2910000000034,4047.7793,4039.379600000007,4039.379599999994,10262099,23428019928.499897,SH000001
2026-07-02 14:45:00,4038.8782000000033,4038.8782,4030.1934000000065,4030.923199999994,16616880,35926254129.5999,SH000001
2026-07-02 14:50:00,4031.098600000003,4031.0986,4023.7736000000064,4024.699799999992,15502917,33399718419.299915,SH000001
2026-07-02 14:55:00,4024.107600000003,4026.412499999999,4019.2147000000055,4025.7438999999927,17711604,38705561045.699905,SH000001
2026-07-02 15:00:00,4026.012000000003,4029.526999999999,4026.0120000000056,4028.9037999999928,14358792,30470032927.09989,SH000001
2026-07-03 09:35:00,4031.3351,4043.2069,4031.3351,4039.4917,62566778,155736817079.69998,SH000001
2026-07-03 09:40:00,4039.231800000001,4051.3932999999993,4039.2318,4048.5122000000006,38249765,88920184251.50003,SH000001
2026-07-03 09:45:00,4049.0321,4053.334899999998,4041.3194,4052.2755999999977,30728819,72080338442.1,SH000001
2026-07-03 09:50:00,4052.0531,4053.107099999998,4036.8283,4037.1903000000007,24814020,60234487939.19998,SH000001
2026-07-03 09:55:00,4037.0565,4041.8182999999985,4027.2553,4034.8581000000017,27228268,63525908787.49997,SH000001
2026-07-03 10:00:00,4035.1421,4043.5656999999983,4035.142100000001,4043.013300000001,17959205,43084697308.09994,SH000001
2026-07-03 10:05:00,4043.5028,4044.4567999999986,4038.4856,4040.0961000000007,18232197,42176581001.599915,SH000001
2026-07-03 10:10:00,4039.3786,4044.471399999998,4037.949400000001,4043.380400000001,13290427,34444036481.09992,SH000001
2026-07-03 10:15:00,4042.539099999999,4042.7827999999986,4035.694500000002,4038.096199999999,14334626,34098691621.89993,SH000001
2026-07-03 10:20:00,4037.1383999999994,4045.716899999999,4036.407400000001,4036.6666999999993,12287810,29532916060.799927,SH000001
2026-07-03 10:25:00,4036.230699999999,4037.801099999998,4030.5157000000017,4036.2188,11020173,27842307967.199924,SH000001
2026-07-03 10:30:00,4035.940999999999,4040.1855999999975,4035.4756,4037.6089,9798092,21347727306.199932,SH000001
2026-07-03 10:35:00,4038.6463999999983,4045.553099999998,4037.4643,4045.535199999998,9589305,22516813957.099934,SH000001
2026-07-03 10:40:00,4045.7631999999985,4050.427099999997,4042.4269,4050.4270999999976,10189051,25125849650.299942,SH000001
2026-07-03 10:45:00,4050.241299999999,4053.8062999999975,4047.8998,4053.4211,10204865,26844261804.99994,SH000001
2026-07-03 10:50:00,4053.787399999999,4057.712499999997,4053.7083000000007,4056.807999999998,10409794,27527477781.59994,SH000001
2026-07-03 10:55:00,4056.483599999999,4059.960399999997,4052.243200000001,4056.5588,11295946,27807861292.79994,SH000001
2026-07-03 11:00:00,4056.663199999999,4060.9877999999953,4055.331900000001,4059.4277999999977,8743751,23386967824.499943,SH000001
2026-07-03 11:05:00,4059.167999999999,4062.775399999995,4058.155100000001,4061.763599999998,7764612,22225167992.199947,SH000001
2026-07-03 11:10:00,4061.8003999999983,4062.7593999999954,4056.1568000000025,4057.086999999996,8939215,22186581740.799953,SH000001
2026-07-03 11:15:00,4057.1363999999985,4057.8465999999944,4052.8382000000024,4057.015999999995,7756149,19148487488.899963,SH000001
2026-07-03 11:20:00,4057.040099999999,4059.062699999994,4053.9503000000022,4054.902299999994,6658949,16730363542.39996,SH000001
2026-07-03 11:25:00,4055.052799999999,4056.7598999999946,4052.4549000000034,4052.4548999999943,7080620,17140785239.599968,SH000001
2026-07-03 11:30:00,4052.8644999999983,4057.3774999999937,4051.963100000003,4056.782799999992,6719151,15576045426.599968,SH000001
2026-07-03 13:05:00,4058.8703999999984,4070.470799999994,4058.870400000004,4068.140099999991,12968102,37218545253.999954,SH000001
2026-07-03 13:10:00,4068.0326999999984,4070.294199999994,4064.557300000002,4065.36659999999,8812003,25475329177.89995,SH000001
2026-07-03 13:15:00,4064.712199999998,4065.184599999994,4057.2637000000022,4057.554999999989,9288070,23872144479.299957,SH000001
2026-07-03 13:20:00,4057.349499999998,4059.6557999999945,4054.009400000002,4057.189499999987,10661644,23184203561.899963,SH000001
2026-07-03 13:25:00,4057.140799999998,4057.140799999994,4046.152500000003,4048.6702999999857,8694511,23574472545.29996,SH000001
2026-07-03 13:30:00,4048.244199999998,4051.602799999995,4045.928300000004,4048.5721999999855,7338873,19594438802.599968,SH000001
2026-07-03 13:35:00,4048.4715999999976,4056.6781999999967,4048.014200000004,4055.899799999986,6578297,17625049444.79997,SH000001
2026-07-03 13:40:00,4055.3620999999976,4055.406299999997,4051.2569000000026,4051.256899999984,6688889,16272382586.299969,SH000001
2026-07-03 13:45:00,4051.2966999999976,4057.758899999996,4051.2967000000026,4057.351499999987,6026154,15590770682.399965,SH000001
2026-07-03 13:50:00,4057.7656999999977,4060.018199999995,4055.8500000000017,4057.582399999987,7678631,16419088332.699968,SH000001
2026-07-03 13:55:00,4057.7274999999977,4063.6354999999944,4056.698500000001,4063.2985999999855,6945318,14743223438.299967,SH000001
2026-07-03 14:00:00,4063.131799999998,4066.534999999994,4062.053000000002,4065.521799999984,7405885,15027703934.799967,SH000001
2026-07-03 14:05:00,4065.171599999998,4068.623899999993,4064.331300000002,4068.031799999983,7822514,17567987953.399967,SH000001
2026-07-03 14:10:00,4068.1619999999975,4073.880199999993,4067.4010000000017,4067.990099999982,8014768,17611976803.099968,SH000001
2026-07-03 14:15:00,4068.1067999999977,4068.1067999999927,4061.203000000002,4061.34089999998,7165781,18319298800.899967,SH000001
2026-07-03 14:20:00,4061.205399999997,4062.1365999999935,4059.617,4061.3030999999783,6434911,16226973188.799965,SH000001
2026-07-03 14:25:00,4061.0300999999968,4061.9810999999936,4053.5102000000015,4054.674399999978,8363350,20078707131.699966,SH000001
2026-07-03 14:30:00,4054.606299999997,4054.6062999999936,4051.4372,4052.353599999978,7633165,20420951897.69997,SH000001
2026-07-03 14:35:00,4052.544699999997,4057.9216999999926,4049.606599999999,4049.606599999979,10066533,24199882454.39996,SH000001
2026-07-03 14:40:00,4049.297999999997,4054.378899999991,4048.648999999999,4054.1936999999825,9653931,24019050349.999954,SH000001
2026-07-03 14:45:00,4053.971099999997,4054.617899999992,4051.4809,4052.9606999999855,9690078,23080615835.99995,SH000001
2026-07-03 14:50:00,4052.5183999999967,4055.678299999992,4050.6407999999983,4050.6407999999856,11719107,27173473262.299942,SH000001
2026-07-03 14:55:00,4050.676099999997,4050.676099999991,4043.797199999999,4044.0835999999863,15954167,37134672964.89993,SH000001
2026-07-03 15:00:00,4044.0115999999966,4044.134099999992,4042.849499999999,4043.6432,14543468,31890803981.49995,SH000001
2026-07-06 09:35:00,4059.1941,4060.0688,4046.8256000000006,4049.6894,57566067,148555234973.7,SH000001
2026-07-06 09:40:00,4049.2759,4054.442199999999,4042.0824,4050.974300000001,37721326,93877403756.70004,SH000001
2026-07-06 09:45:00,4051.0437,4057.151999999999,4045.9239,4056.9232,28427896,69163038995.30008,SH000001
2026-07-06 09:50:00,4057.1296,4058.1388,4052.7496,4056.9585000000006,23210645,57136708539.6001,SH000001
2026-07-06 09:55:00,4057.2851,4060.067899999998,4051.937,4059.0025999999975,20009710,49281058549.60007,SH000001
2026-07-06 10:00:00,4059.4436,4059.4435999999982,4053.0175,4054.154799999997,19182320,46935149415.70009,SH000001
2026-07-06 10:05:00,4054.342,4056.295399999999,4051.407600000001,4055.4834999999994,22831004,50726905590.90009,SH000001
2026-07-06 10:10:00,4055.3585,4059.073599999999,4053.8657,4056.388999999997,15142762,36039998256.900085,SH000001
2026-07-06 10:15:00,4056.402,4057.035099999998,4047.3024,4047.5370999999936,15664696,38293096563.60008,SH000001
2026-07-06 10:20:00,4047.521799999999,4047.5217999999977,4037.7312999999967,4037.7312999999936,15901903,42372296238.300095,SH000001
2026-07-06 10:25:00,4038.1882,4041.5059999999976,4031.5441999999975,4032.807099999994,15595425,41467717450.800095,SH000001
2026-07-06 10:30:00,4032.7882999999993,4034.7583999999974,4024.688999999998,4026.075799999996,14924753,37967236501.000084,SH000001
2026-07-06 10:35:00,4025.5522,4028.589699999998,4017.435999999998,4017.750299999997,14530730,37386555893.900085,SH000001
2026-07-06 10:40:00,4017.6599,4027.028899999999,4011.4467999999983,4025.6868999999983,14628010,38501874737.50009,SH000001
2026-07-06 10:45:00,4025.5496000000007,4026.949199999999,4017.4036,4017.4035999999983,13308196,30052638673.200092,SH000001
2026-07-06 10:50:00,4016.803900000001,4019.4798999999994,4007.630600000002,4009.829600000001,11417987,28818364519.000088,SH000001
2026-07-06 10:55:00,4009.7506000000008,4013.9140999999986,4005.413700000002,4011.6692,10901465,27031682027.200092,SH000001
2026-07-06 11:00:00,4011.5436,4021.019599999999,4008.371100000002,4020.6152,9960697,24053650802.40009,SH000001
2026-07-06 11:05:00,4019.977300000001,4025.803899999999,4018.311100000002,4023.3844999999983,8894560,22353270954.800083,SH000001
2026-07-06 11:10:00,4023.445200000001,4028.1637999999975,4023.143800000003,4028.081399999996,9384481,21470429853.800083,SH000001
2026-07-06 11:15:00,4028.004300000001,4035.961999999998,4028.004300000003,4034.558599999997,7978798,21011835168.900085,SH000001
2026-07-06 11:20:00,4034.7721,4036.944799999999,4029.5173000000023,4036.944799999999,6453181,17767657290.60008,SH000001
2026-07-06 11:25:00,4036.9002999999993,4040.5681999999983,4035.840700000002,4040.3593,7263892,19539017822.50008,SH000001
2026-07-06 11:30:00,4040.276899999999,4046.727299999998,4037.7779000000023,4046.705000000001,6081609,18689631642.70009,SH000001
2026-07-06 13:05:00,4047.558899999998,4050.154699999998,4044.060100000002,4049.071,11365984,30521616794.400085,SH000001
2026-07-06 13:10:00,4048.965599999999,4050.402499999998,4041.9697000000024,4041.9771000000014,7662635,20613380119.100086,SH000001
2026-07-06 13:15:00,4041.277199999999,4047.6327999999985,4039.6543000000024,4041.0475000000033,6540681,16923403105.000082,SH000001
2026-07-06 13:20:00,4040.896099999999,4044.6635999999985,4037.130600000003,4037.197800000002,5827914,14526628051.300087,SH000001
2026-07-06 13:25:00,4036.648199999999,4038.9078999999983,4033.343500000002,4033.343500000002,5967329,14023342448.10009,SH000001
2026-07-06 13:30:00,4034.395199999999,4043.738699999998,4034.0516000000025,4040.306900000002,5376473,13606202137.80009,SH000001
2026-07-06 13:35:00,4038.702199999999,4038.702199999998,4032.1010000000033,4032.682200000002,7029095,14395028346.500095,SH000001
2026-07-06 13:40:00,4033.2363999999984,4042.058099999998,4032.832700000003,4041.855000000002,5140457,11897546215.400093,SH000001
2026-07-06 13:45:00,4042.0376999999994,4050.551499999998,4041.881200000003,4050.551500000002,5389666,14692876370.400093,SH000001
2026-07-06 13:50:00,4051.4546,4051.520699999998,4045.0789000000022,4048.5871000000016,5339589,14309997720.600088,SH000001
2026-07-06 13:55:00,4048.4013,4052.958299999999,4048.4013000000023,4051.2125,5018057,14174709072.800089,SH000001
2026-07-06 14:00:00,4050.9341,4052.894,4048.3809000000024,4048.3809,5565015,14241652142.600088,SH000001
2026-07-06 14:05:00,4047.9292,4048.1256,4043.445700000002,4044.493500000001,8088088,15768321718.300089,SH000001
2026-07-06 14:10:00,4045.1321,4050.7569,4044.377200000002,4044.486300000001,6592936,14163907834.60009,SH000001
2026-07-06 14:15:00,4044.3329,4048.3406,4043.932200000002,4044.8084000000017,7477393,15489266543.900091,SH000001
2026-07-06 14:20:00,4044.4088,4044.4088,4040.9592000000025,4042.9137000000014,6539059,14336954872.800085,SH000001
2026-07-06 14:25:00,4043.1069,4044.9999,4040.143600000003,4041.3911000000026,8005541,16362642464.100079,SH000001
2026-07-06 14:30:00,4041.473000000001,4042.565200000002,4037.582500000003,4041.971200000005,7014403,15342138752.50008,SH000001
2026-07-06 14:35:00,4042.234100000001,4048.4122000000025,4042.234100000004,4048.4122000000066,10218465,17722765971.800083,SH000001
2026-07-06 14:40:00,4048.302900000001,4051.6804000000016,4043.882900000005,4043.882900000006,8722296,17032223292.900082,SH000001
2026-07-06 14:45:00,4043.703900000001,4043.7039000000022,4039.932400000005,4039.932400000005,9308509,20477272739.500088,SH000001
2026-07-06 14:50:00,4040.253900000001,4043.092400000002,4040.213000000006,4040.2130000000047,10328602,22087576736.5001,SH000001
2026-07-06 14:55:00,4040.151300000002,4042.5505000000016,4040.151300000006,4041.047600000003,12549463,26165182771.000103,SH000001
2026-07-06 15:00:00,4040.775000000001,4041.262800000002,4039.510800000005,4041.238200000003,12315140,24745730658.700108,SH000001
2026-07-07 09:35:00,4019.4942,4023.2896,4011.5415,4021.082500000002,47978081,114425845252.79999,SH000001
2026-07-07 09:40:00,4021.1472,4024.0631,4014.5956,4023.3401000000017,31258994,70987861332.69998,SH000001
2026-07-07 09:45:00,4023.721700000001,4028.5139000000017,4023.1143,4026.011600000003,22771171,56956379559.8,SH000001
2026-07-07 09:50:00,4026.0109000000007,4027.054100000001,4021.300799999999,4023.882900000002,22935528,51557412412.69999,SH000001
2026-07-07 09:55:00,4023.711300000001,4024.0491,4017.536899999999,4018.9723000000017,19522804,44784842849.400024,SH000001
2026-07-07 10:00:00,4018.8560000000007,4018.8724000000007,4015.031699999999,4016.107400000001,17204704,38234949703.30002,SH000001
2026-07-07 10:05:00,4015.9387000000006,4023.481800000001,4013.485799999999,4020.470199999999,16455787,37283365004.60004,SH000001
2026-07-07 10:10:00,4020.196300000001,4023.092700000001,4014.0440999999983,4014.715999999999,12031018,29960225075.300034,SH000001
2026-07-07 10:15:00,4014.4421,4016.9670000000015,4010.220699999999,4014.534699999997,12298796,31138692364.700043,SH000001
2026-07-07 10:20:00,4014.3641,4014.7486000000017,4009.921899999999,4010.8474999999967,10011648,24167921111.400032,SH000001
2026-07-07 10:25:00,4010.2284,4011.0394000000015,4006.382799999999,4006.403299999997,9748200,24102332858.600037,SH000001
2026-07-07 10:30:00,4006.2774,4007.037900000001,4002.8036999999986,4003.4485999999993,12166281,25885858424.000046,SH000001
2026-07-07 10:35:00,4003.378400000001,4007.053300000003,3999.802,4007.053299999999,10723527,23608786361.600044,SH000001
2026-07-07 10:40:00,4007.6125000000006,4013.1905000000033,4007.6124999999993,4010.8048999999983,9721074,23808506228.60004,SH000001
2026-07-07 10:45:00,4010.579800000001,4011.633700000004,4006.9841999999985,4009.117399999998,7768335,19925084991.400036,SH000001
2026-07-07 10:50:00,4008.3214000000007,4008.321400000005,4003.6017999999985,4005.515599999997,8561249,18142455813.50003,SH000001
2026-07-07 10:55:00,4005.4689000000008,4006.618000000005,4000.882299999998,4004.7452999999978,6582772,14819551373.500034,SH000001
2026-07-07 11:00:00,4005.3819000000008,4005.815600000005,3997.050899999998,3997.050899999998,8304310,15555761760.300034,SH000001
2026-07-07 11:05:00,3997.0084000000006,4003.2169000000026,3995.372999999998,4001.590299999996,7343271,15811433030.300034,SH000001
2026-07-07 11:10:00,4001.601400000001,4007.187100000002,4001.601399999997,4006.3709999999937,8108304,15372840618.800037,SH000001
2026-07-07 11:15:00,4006.568400000001,4007.647600000002,3996.081799999998,3997.4747999999954,6394549,14502166133.300041,SH000001
2026-07-07 11:20:00,3997.6903,3999.130500000002,3994.2017999999985,3995.812699999994,5465340,14592528812.80004,SH000001
2026-07-07 11:25:00,3995.5771,3996.5068000000015,3992.652199999999,3992.652199999996,4999886,13213867434.900042,SH000001
2026-07-07 11:30:00,3992.7162,4000.699100000001,3990.9616,3999.0301999999942,5841304,14523533094.100035,SH000001
2026-07-07 13:05:00,3998.8600000000006,3998.8600000000015,3986.879,3987.841199999993,11547304,29041510425.300037,SH000001
2026-07-07 13:10:00,3988.228700000001,3989.493200000001,3977.4857,3978.6348999999927,8082994,22949628060.00003,SH000001
2026-07-07 13:15:00,3979.057600000001,3980.8274000000015,3973.5187999999994,3974.050499999994,8401370,22387637067.400024,SH000001
2026-07-07 13:20:00,3973.8644,3978.628400000001,3971.7125999999994,3976.256799999992,7902243,20628867621.30003,SH000001
2026-07-07 13:25:00,3976.9134,3980.2029000000007,3973.956399999998,3979.228099999992,7471994,18580941749.200043,SH000001
2026-07-07 13:30:00,3979.4345,3990.456600000003,3979.4344999999976,3990.078999999994,6830836,17925571532.30005,SH000001
2026-07-07 13:35:00,3989.8717,3999.7006000000047,3989.8716999999974,3996.2332999999967,7304801,19634188147.70005,SH000001
2026-07-07 13:40:00,3995.963099999999,3997.272700000004,3992.308099999998,3994.2318999999966,6490926,16571395125.300053,SH000001
2026-07-07 13:45:00,3993.4427,3997.960300000003,3993.292699999997,3997.9602999999943,5820625,15479081247.10005,SH000001
2026-07-07 13:50:00,3997.5587,3998.3365000000026,3988.297399999996,3990.4042999999942,8423596,19494110969.50005,SH000001
2026-07-07 13:55:00,3990.4483,3995.7443000000026,3990.032599999995,3995.033799999993,6127286,14888861913.100048,SH000001
2026-07-07 14:00:00,3995.3226999999993,3996.355700000003,3989.344699999995,3989.344699999989,5626223,13926443038.400051,SH000001
2026-07-07 14:05:00,3989.2773,3992.4450000000024,3985.4215999999974,3985.57469999999,6670668,14438871029.100052,SH000001
2026-07-07 14:10:00,3985.237399999999,3985.2793000000024,3977.150899999997,3977.620099999989,7020012,15066377910.200054,SH000001
2026-07-07 14:15:00,3977.4543999999983,3979.6667000000016,3974.285599999997,3978.877899999988,7388403,15818505519.100058,SH000001
2026-07-07 14:20:00,3978.7618999999986,3981.456700000002,3975.160799999997,3980.491599999988,6265598,13943794958.80006,SH000001
2026-07-07 14:25:00,3980.624899999999,3981.3601000000017,3977.245799999997,3978.19929999999,5952814,13013574340.80006,SH000001
2026-07-07 14:30:00,3978.1262999999985,3982.701400000002,3976.217199999997,3982.70139999999,6631569,14297700048.900063,SH000001
2026-07-07 14:35:00,3983.1668999999983,3991.6694000000016,3982.0080999999977,3988.3419999999905,9580369,17840688265.600063,SH000001
2026-07-07 14:40:00,3987.659699999998,3996.450100000003,3987.1019999999967,3996.2918999999906,7601219,16192866999.800066,SH000001
2026-07-07 14:45:00,3996.5147999999976,3996.514800000003,3990.823799999996,3993.514399999991,8166841,18095076642.600067,SH000001
2026-07-07 14:50:00,3993.657299999998,3993.657300000002,3986.798099999995,3991.527799999989,11105069,22013761389.20006,SH000001
2026-07-07 14:55:00,3991.9479999999985,3991.9480000000026,3987.801599999996,3988.253999999987,12204983,26515821932.700066,SH000001
2026-07-07 15:00:00,3988.4547999999986,3990.2353000000026,3987.729599999995,3990.235299999986,11638415,24263610358.60006,SH000001
2026-07-08 09:35:00,3996.8069,4000.9391,3987.9851,3993.4471,45405028,117536182200.79999,SH000001
2026-07-08 09:40:00,3993.6138,3998.3476999999993,3991.2384,3993.5762000000022,30542267,69754479129.29999,SH000001
2026-07-08 09:45:00,3993.5629,3994.9498999999983,3979.1047,3979.452700000005,26264435,60696271306.79998,SH000001
2026-07-08 09:50:00,3979.7731,3988.0061999999975,3976.6228999999994,3985.303600000004,24900921,55511403932.799995,SH000001
2026-07-08 09:55:00,3985.0146,3988.4297999999976,3976.3897,3988.041800000005,25191801,55220094058.2,SH000001
2026-07-08 10:00:00,3988.3837,3988.7345999999975,3977.9959,3979.708600000007,20562159,46048847239.9,SH000001
2026-07-08 10:05:00,3979.2837,3980.2474999999977,3968.1391,3968.4659000000065,18811580,47136675417.09998,SH000001
2026-07-08 10:10:00,3968.5276,3982.574199999997,3967.912800000001,3981.8282000000054,14646562,35712243897.19997,SH000001
2026-07-08 10:15:00,3982.105100000001,3982.1467999999977,3974.0418,3976.754000000008,12229244,27683505083.399967,SH000001
2026-07-08 10:20:00,3976.781900000001,3985.201299999996,3976.486100000001,3985.201300000007,9904003,23266856748.79997,SH000001
2026-07-08 10:25:00,3985.632800000001,3987.504299999996,3981.441199999999,3981.441200000008,8436557,21203335810.199974,SH000001
2026-07-08 10:30:00,3981.109100000001,3990.710699999995,3979.999099999998,3990.710700000007,7967365,17175946084.19997,SH000001
2026-07-08 10:35:00,3990.646500000001,3992.895299999995,3985.217799999998,3988.746900000008,8813380,21013285010.099968,SH000001
2026-07-08 10:40:00,3989.4170000000017,3994.088399999996,3987.6023999999984,3994.088400000009,7685670,19254804080.899967,SH000001
2026-07-08 10:45:00,3994.210700000001,3994.210699999996,3990.594999999999,3991.983900000012,6765034,18685800256.199963,SH000001
2026-07-08 10:50:00,3991.6041000000014,3993.174899999996,3986.0635,3986.361600000013,7702934,19045311002.099964,SH000001
2026-07-08 10:55:00,3986.629700000002,3992.993999999995,3986.6297,3991.0125000000135,5534006,15030518831.999958,SH000001
2026-07-08 11:00:00,3990.661200000001,3990.661199999995,3983.657100000001,3984.9376000000143,4951870,12804442983.699955,SH000001
2026-07-08 11:05:00,3984.791000000001,3992.3175999999953,3984.261700000001,3987.913200000014,5276387,13659017663.39996,SH000001
2026-07-08 11:10:00,3988.308900000002,3995.363699999997,3986.9741,3995.138400000014,4915587,13224150637.199957,SH000001
2026-07-08 11:15:00,3995.112000000002,4002.386199999997,3995.112,4002.252800000013,5980104,18378694610.399956,SH000001
2026-07-08 11:20:00,4001.7605000000026,4006.2267999999976,4000.1423,4005.638700000013,5651000,19346923151.999954,SH000001
2026-07-08 11:25:00,4005.8460000000023,4012.4310999999984,4003.1253000000006,4012.431100000011,6499791,20512988792.79995,SH000001
2026-07-08 11:30:00,4012.485600000003,4016.0261999999984,4010.6010000000015,4011.051600000011,7308734,21258950023.799953,SH000001
2026-07-08 13:05:00,4008.486500000003,4008.4864999999986,3987.098400000002,3997.395600000012,12849095,35266924483.79997,SH000001
2026-07-08 13:10:00,3997.763600000003,4004.392299999999,3997.580000000002,4000.426600000013,6268274,18949504156.999973,SH000001
2026-07-08 13:15:00,4000.452800000003,4003.1532,3998.1850000000018,4001.885800000011,5614333,16021491590.099964,SH000001
2026-07-08 13:20:00,4001.914500000003,4004.5953999999992,3998.829700000001,4002.692600000009,6582462,15281281111.099966,SH000001
2026-07-08 13:25:00,4002.956300000003,4004.684999999999,3999.556999999999,4000.372400000008,5460598,13630247981.19996,SH000001
2026-07-08 13:30:00,4000.435100000003,4001.0614999999993,3992.4445999999994,3993.170200000008,5836406,13392192356.199965,SH000001
2026-07-08 13:35:00,3992.639900000003,3993.1623999999993,3983.3078,3987.133400000007,7816695,15510429952.099968,SH000001
2026-07-08 13:40:00,3987.411500000003,3989.5337999999983,3984.8357,3987.4017000000063,5054863,12026295410.399971,SH000001
2026-07-08 13:45:00,3987.548200000003,3987.7972999999984,3983.2354,3983.738700000005,5173406,12273784364.999966,SH000001
2026-07-08 13:50:00,3983.600800000003,3984.845399999999,3977.174800000001,3977.635700000007,5978874,13218696507.299965,SH000001
2026-07-08 13:55:00,3977.535700000002,3990.4344999999985,3977.5357000000017,3990.434500000006,5999379,12745459737.599964,SH000001
2026-07-08 14:00:00,3990.5689000000025,3997.543499999998,3990.568900000001,3995.391300000007,5924304,12439979210.299957,SH000001
2026-07-08 14:05:00,3995.321900000002,3996.5898999999977,3989.5895000000023,3993.460600000009,5154778,11704367669.999958,SH000001
2026-07-08 14:10:00,3992.769600000003,3992.9156999999977,3987.615800000003,3988.581100000009,4580006,10137704802.099968,SH000001
2026-07-08 14:15:00,3988.695100000002,3988.6950999999976,3984.0750000000016,3986.680600000008,5497775,12938926030.799969,SH000001
2026-07-08 14:20:00,3987.5418000000022,3994.0269999999978,3986.551200000002,3994.0270000000073,7001064,13046041753.899973,SH000001
2026-07-08 14:25:00,3993.889000000002,3995.2970999999975,3990.845700000002,3994.4135000000065,5698624,12487347187.79997,SH000001
2026-07-08 14:30:00,3994.103300000002,3994.1032999999975,3984.992200000003,3986.9371000000065,6070433,13606575128.79997,SH000001
2026-07-08 14:35:00,3987.092800000002,3990.545399999998,3984.044700000003,3984.127400000006,7244771,16785662881.499971,SH000001
2026-07-08 14:40:00,3984.115700000002,3989.2114999999976,3983.959900000003,3984.379500000006,6881660,16093320910.299974,SH000001
2026-07-08 14:45:00,3984.6566000000025,3984.6565999999975,3979.987400000002,3980.272200000005,9540952,22825036492.09998,SH000001
2026-07-08 14:50:00,3980.1965000000023,3981.7203999999983,3971.240600000002,3972.242500000006,12060442,26729365307.499985,SH000001
2026-07-08 14:55:00,3972.7655000000022,3974.4225,3971.2892000000015,3971.3157000000087,13448254,29417966010.499973,SH000001
2026-07-08 15:00:00,3970.8615000000023,3971.737399999999,3969.9355000000014,3970.8797000000086,12545507,26666469224.999966,SH000001
2026-07-09 09:35:00,3977.5473,3980.4025,3967.7085,3973.440000000001,48719506,123292755084.5,SH000001
2026-07-09 09:40:00,3973.7708,3983.166599999999,3969.5948,3981.1904000000022,28288917,70669590152.7,SH000001
2026-07-09 09:45:00,3980.67,3984.845,3977.3141,3980.9585,22173691,52913778416.59999,SH000001
2026-07-09 09:50:00,3981.2679,3982.2858,3977.0779999999977,3977.0779999999977,20045832,49349801353.7,SH000001
2026-07-09 09:55:00,3976.0249,3977.840999999999,3968.838299999998,3975.6580999999983,17828568,44956997284.90001,SH000001
2026-07-09 10:00:00,3976.137,3976.1369999999993,3967.781199999998,3968.8844,17289676,41760290496.000015,SH000001
2026-07-09 10:05:00,3968.7547,3970.545499999999,3964.9143999999983,3967.1152,15033466,37010053094.80003,SH000001
2026-07-09 10:10:00,3967.6673,3975.5188999999978,3965.2325999999985,3975.5189,12007428,28843284879.00003,SH000001
2026-07-09 10:15:00,3974.8426,3977.2571999999977,3973.5841999999984,3975.2776,10881893,29388883865.80003,SH000001
2026-07-09 10:20:00,3975.3412,3977.221999999996,3973.2298999999975,3977.222,9978844,25828559669.40003,SH000001
2026-07-09 10:25:00,3976.9565000000007,3977.491299999996,3970.902399999999,3972.9947,10222911,26990574766.500023,SH000001
2026-07-09 10:30:00,3973.0516000000007,3973.051599999996,3965.382399999999,3966.5779000000034,11590294,25292957643.900032,SH000001
2026-07-09 10:35:00,3966.3720000000008,3967.671699999996,3959.5126,3959.7850000000026,11915504,26310789403.400032,SH000001
2026-07-09 10:40:00,3960.033100000001,3960.583199999997,3957.2149,3959.484600000002,11708880,25218448496.900047,SH000001
2026-07-09 10:45:00,3959.990500000001,3961.482599999995,3955.5783000000006,3958.7142999999983,10274817,22360948181.200058,SH000001
2026-07-09 10:50:00,3958.838900000001,3958.8388999999943,3950.373400000001,3950.4986999999983,9479863,21956733046.30006,SH000001
2026-07-09 10:55:00,3950.088000000001,3956.8117999999936,3949.6991000000007,3956.583699999999,10798927,22632514184.500057,SH000001
2026-07-09 11:00:00,3956.8367000000007,3957.977399999993,3947.276700000001,3947.885299999999,8949899,16583877430.500053,SH000001
2026-07-09 11:05:00,3947.858600000001,3948.6852999999937,3944.6192,3947.9223,8400230,17666001481.100056,SH000001
2026-07-09 11:10:00,3947.780400000001,3950.2958999999946,3943.5226,3949.596499999998,7325564,16522358201.600054,SH000001
2026-07-09 11:15:00,3950.0811000000017,3950.3091999999942,3941.980000000001,3944.9702999999968,7865219,17294496550.00005,SH000001
2026-07-09 11:20:00,3945.0680000000016,3947.7385999999938,3939.8464,3941.295799999996,7441037,16124051844.900043,SH000001
2026-07-09 11:25:00,3941.350200000002,3948.5846999999944,3938.8775,3948.326199999994,7198726,16150590252.100044,SH000001
2026-07-09 11:30:00,3948.517700000002,3954.7887999999944,3947.8266,3952.491799999996,5430015,15654782306.900053,SH000001
2026-07-09 13:05:00,3952.6280000000024,3960.249199999993,3952.628,3955.018699999996,9704136,26150301151.200043,SH000001
2026-07-09 13:10:00,3955.344500000002,3968.565699999991,3954.445,3968.5254999999943,7344224,22817353380.700043,SH000001
2026-07-09 13:15:00,3968.2573000000025,3975.359399999992,3968.2573,3974.975699999995,7501723,24417020857.300037,SH000001
2026-07-09 13:20:00,3974.952200000003,3975.470899999991,3964.257000000001,3964.2569999999946,7835700,22237309056.600033,SH000001
2026-07-09 13:25:00,3964.376300000003,3964.376299999991,3960.129800000001,3962.387399999996,6725518,16671922023.30003,SH000001
2026-07-09 13:30:00,3962.418500000003,3975.748299999992,3961.512600000001,3973.214099999997,7302357,20826825847.700027,SH000001
2026-07-09 13:35:00,3973.8588000000022,3973.8587999999913,3963.6444,3969.240999999996,6752838,18976846338.200024,SH000001
2026-07-09 13:40:00,3969.6704000000022,3980.6135999999906,3969.6704,3980.005299999997,7692864,22828255979.800022,SH000001
2026-07-09 13:45:00,3980.337300000003,3985.02129999999,3980.2265000000007,3984.847099999996,8846656,27234201255.30002,SH000001
2026-07-09 13:50:00,3985.335400000003,3994.0647999999896,3985.3354000000018,3993.681199999997,9027995,26283962368.400024,SH000001
2026-07-09 13:55:00,3993.6053000000034,4001.970399999989,3993.605300000001,3997.528299999998,9420308,26965423555.500034,SH000001
2026-07-09 14:00:00,3997.2991000000034,4005.6299999999887,3996.1781000000015,4005.6299999999983,9462178,25013422985.400032,SH000001
2026-07-09 14:05:00,4005.997100000003,4009.410299999988,4003.257600000001,4006.8452999999977,10328766,24751694170.700027,SH000001
2026-07-09 14:10:00,4007.0652000000023,4009.661099999988,4003.799100000001,4008.8267999999994,8276603,21949904851.700027,SH000001
2026-07-09 14:15:00,4009.272400000002,4014.883499999989,4006.8806000000022,4014.237,9792021,24576962052.700027,SH000001
2026-07-09 14:20:00,4014.616800000002,4018.621799999989,4006.445400000003,4006.754999999999,9568837,24232567853.50003,SH000001
2026-07-09 14:25:00,4006.601100000002,4012.496099999989,4006.5435000000025,4012.2897,7243722,18447000599.20004,SH000001
2026-07-09 14:30:00,4012.402600000002,4018.844799999989,4012.168800000001,4018.6186,7132453,17363290305.600033,SH000001
2026-07-09 14:35:00,4019.071900000002,4021.5330999999887,4018.8729000000008,4021.309700000001,9539232,21900748698.900032,SH000001
2026-07-09 14:40:00,4021.5183000000025,4026.820499999989,4021.5183000000006,4026.479900000002,10316880,23086978024.900032,SH000001
2026-07-09 14:45:00,4026.306800000002,4034.5134999999887,4025.7178,4034.354600000004,10753416,24849935766.800034,SH000001
2026-07-09 14:50:00,4034.546800000002,4040.5386999999887,4034.4134,4040.3737000000065,13414447,29299752383.00004,SH000001
2026-07-09 14:55:00,4040.077200000002,4040.077199999989,4033.1923000000006,4034.2577000000047,15121621,33759209920.30005,SH000001
2026-07-09 15:00:00,4033.736500000002,4036.901999999988,4033.5752,4036.587900000004,13109778,28762545106.700058,SH000001
2026-07-10 09:35:00,4031.5373,4032.6399,4027.1302,4029.1298,54650205,160104154872.69998,SH000001
2026-07-10 09:40:00,4029.2291,4046.6494000000007,4027.9246,4044.6539,33937591,96715332700.99998,SH000001
2026-07-10 09:45:00,4045.0872,4050.814,4044.3963,4048.344199999999,28259089,76758821241.19995,SH000001
2026-07-10 09:50:00,4048.2156,4053.4969000000015,4045.259,4051.9219,24188194,64340902863.59993,SH000001
2026-07-10 09:55:00,4051.783,4059.0659000000014,4051.365,4058.7316000000033,19793865,54252023845.59993,SH000001
2026-07-10 10:00:00,4058.7869,4059.4804000000017,4052.472899999999,4052.4729000000034,22574689,56491652006.39992,SH000001
2026-07-10 10:05:00,4052.7386,4055.511900000001,4044.165099999998,4044.173000000003,26282349,62642997906.599915,SH000001
2026-07-10 10:10:00,4044.1805,4055.2193000000016,4043.9676999999983,4055.051000000002,21808578,52661609224.19992,SH000001
2026-07-10 10:15:00,4055.304400000001,4056.059400000001,4045.556299999998,4054.9953000000014,18682047,47833069301.39993,SH000001
2026-07-10 10:20:00,4054.967400000001,4060.826900000001,4054.967399999998,4058.4196000000015,17037428,37830294956.09994,SH000001
2026-07-10 10:25:00,4059.027700000001,4060.636200000001,4057.001299999998,4060.2841,14549175,30136687149.69995,SH000001
2026-07-10 10:30:00,4060.852700000001,4063.5967000000014,4058.6052999999984,4060.4488000000015,12355088,27845536372.799946,SH000001
2026-07-10 10:35:00,4061.017700000001,4063.297200000001,4056.4387,4060.238300000002,14205693,31807445192.299942,SH000001
2026-07-10 10:40:00,4059.323900000001,4060.828800000002,4051.977099999999,4056.1269000000025,11177206,28410868941.39994,SH000001
2026-07-10 10:45:00,4056.3466,4060.9039000000025,4055.1322999999993,4058.6135000000054,10719612,23743722383.399933,SH000001
2026-07-10 10:50:00,4058.9272,4058.965300000003,4053.649499999999,4056.6174000000046,9396720,23571114295.49994,SH000001
2026-07-10 10:55:00,4056.2715,4061.183600000003,4055.8855999999982,4057.303700000005,9302117,19931735649.69995,SH000001
2026-07-10 11:00:00,4057.6406,4062.158100000003,4054.6223999999984,4060.5380000000055,8031613,18137510036.299946,SH000001
2026-07-10 11:05:00,4060.5398,4061.0661000000023,4057.720899999998,4059.1345000000033,8510260,16443590148.29995,SH000001
2026-07-10 11:10:00,4059.4116,4065.2696000000024,4059.3304999999978,4064.7793000000047,9423967,17718693875.29995,SH000001
2026-07-10 11:15:00,4064.7627,4064.7627000000025,4060.7715999999978,4061.0434000000073,7830249,15476614502.19995,SH000001
2026-07-10 11:20:00,4060.825499999999,4064.5698000000025,4060.4966999999974,4063.642200000008,5934908,12735609705.899952,SH000001
2026-07-10 11:25:00,4063.5389999999993,4067.9578000000024,4062.4930999999974,4062.700600000009,8488606,16171603777.399956,SH000001
2026-07-10 11:30:00,4062.3577,4067.0706000000014,4059.4115999999976,4067.0706000000096,7437266,17230376352.499954,SH000001
2026-07-10 13:05:00,4068.316299999999,4068.9520000000016,4061.683499999999,4062.08700000001,18742073,43455985792.199936,SH000001
2026-07-10 13:10:00,4061.551699999999,4070.2268,4059.1536,4070.179600000009,10276875,24030828716.399933,SH000001
2026-07-10 13:15:00,4070.0931999999993,4074.827999999999,4070.0931999999993,4072.399000000009,8921616,20939323051.599934,SH000001
2026-07-10 13:20:00,4072.191499999999,4073.5928,4067.6680999999994,4067.668100000009,8155522,19278822368.199936,SH000001
2026-07-10 13:25:00,4068.2311999999993,4069.977999999999,4065.553299999999,4067.26500000001,7849061,17620481577.299942,SH000001
2026-07-10 13:30:00,4067.319499999999,4067.365399999999,4062.1257999999993,4063.0604000000103,7650845,17991045984.39994,SH000001
2026-07-10 13:35:00,4063.5068999999994,4065.053299999999,4057.2440000000006,4057.2440000000106,7675062,18486712671.59994,SH000001
2026-07-10 13:40:00,4057.1709999999994,4057.918399999998,4043.815400000002,4043.8154000000086,10511207,24158915177.59994,SH000001
2026-07-10 13:45:00,4043.6934999999994,4047.0743,4040.3671000000018,4041.086100000011,8877702,21539941180.399937,SH000001
2026-07-10 13:50:00,4040.9065,4040.9065,4032.6071000000024,4037.8937000000105,9479484,23318026030.299942,SH000001
2026-07-10 13:55:00,4038.1299,4045.961099999999,4037.693900000002,4045.664300000009,7784095,16087377161.599947,SH000001
2026-07-10 14:00:00,4046.0234,4046.0234,4033.2454000000025,4033.24540000001,7221768,17916309210.699947,SH000001
2026-07-10 14:05:00,4033.2615,4033.2615,4025.416400000002,4031.168400000007,8816283,21997047785.199944,SH000001
2026-07-10 14:10:00,4031.203899999999,4031.218,4019.308700000001,4020.7006000000074,7432958,21370719758.999943,SH000001
2026-07-10 14:15:00,4020.6916999999994,4026.9685,4019.450900000001,4021.1122000000064,7113058,19730399466.099945,SH000001
2026-07-10 14:20:00,4021.461499999999,4035.968,4021.4615000000017,4035.820300000008,6505438,17791269193.89995,SH000001
2026-07-10 14:25:00,4036.038199999999,4036.3829,4027.3352999999993,4028.155300000006,5430596,16270506320.499943,SH000001
2026-07-10 14:30:00,4028.013999999999,4028.078,4022.164399999999,4022.223800000007,6361143,17152614661.99994,SH000001
2026-07-10 14:35:00,4021.900299999999,4023.701399999999,4014.4211,4017.306000000007,9443431,24525046955.499943,SH000001
2026-07-10 14:40:00,4017.689999999999,4019.5421999999994,4012.261200000001,4012.7812000000094,7666160,21423034944.79993,SH000001
2026-07-10 14:45:00,4012.464899999999,4012.464899999999,4002.855600000001,4004.22450000001,10494608,29860721158.599926,SH000001
2026-07-10 14:50:00,4003.657299999999,4011.3608,4002.3959,4002.6458000000102,11450967,30348325009.199917,SH000001
2026-07-10 14:55:00,4002.819299999999,4005.669299999999,3999.6967,3999.840400000011,14494566,34991279184.599915,SH000001
2026-07-10 15:00:00,3999.359499999999,3999.473299999999,3995.8072,3996.1616,14519032,33831990879.49994,SH000001
2026-07-13 09:35:00,3966.0234,3983.053500000001,3966.0234,3973.4957000000018,58463974,142264632586.10004,SH000001
2026-07-13 09:40:00,3972.9698,3975.682800000003,3967.2689,3970.110300000002,37496362,88285643643.10004,SH000001
2026-07-13 09:45:00,3970.3226,3975.4012000000016,3964.5465,3974.678700000001,31492395,69285409994.90004,SH000001
2026-07-13 09:50:00,3975.376400000001,3978.499300000001,3966.9175000000014,3967.0020000000018,24019288,57377337316.80003,SH000001
2026-07-13 09:55:00,3966.884000000001,3968.7052000000017,3962.883100000002,3964.4199000000026,20380643,48639571842.00004,SH000001
2026-07-13 10:00:00,3964.865600000001,3964.865600000001,3952.581600000002,3954.3080999999993,20042993,46302141368.400055,SH000001
2026-07-13 10:05:00,3953.771200000001,3959.739200000002,3948.3798000000006,3959.7392,19845487,45274257658.500046,SH000001
2026-07-13 10:10:00,3959.123200000001,3965.782000000001,3959.114500000001,3964.268300000001,16706194,33933354821.80004,SH000001
2026-07-13 10:15:00,3964.759900000001,3967.7009,3961.042700000001,3966.0291,13225582,28616070300.700054,SH000001
2026-07-13 10:20:00,3965.1914000000006,3968.887800000001,3961.8272000000006,3962.265099999999,11728553,25883309063.10006,SH000001
2026-07-13 10:25:00,3962.2193000000007,3967.5781000000006,3961.9937,3967.2513,11807828,25341789004.00006,SH000001
2026-07-13 10:30:00,3967.529700000001,3971.9081,3964.9704000000006,3970.9751,9747962,22660558594.90006,SH000001
2026-07-13 10:35:00,3971.005,3972.1436,3962.8587,3963.3410000000017,11898470,23537839362.00006,SH000001
2026-07-13 10:40:00,3963.617,3967.6836,3954.2605,3954.260500000003,10341815,22026685673.200058,SH000001
2026-07-13 10:45:00,3954.3826,3954.4378,3949.3495,3949.612000000003,9688566,21105521765.60006,SH000001
2026-07-13 10:50:00,3949.5566,3953.004299999999,3946.258,3947.050200000004,8161059,19578665814.20006,SH000001
2026-07-13 10:55:00,3946.0378,3947.9439,3944.4327,3946.8240000000033,7605700,18388039263.100067,SH000001
2026-07-13 11:00:00,3947.0191,3948.5815,3941.8618999999994,3943.6565000000023,7305463,15848676234.300077,SH000001
2026-07-13 11:05:00,3943.9119999999994,3944.4183000000007,3936.9173,3936.9173000000023,8175150,18989900689.90008,SH000001
2026-07-13 11:10:00,3936.8316999999993,3938.3529,3931.9967,3934.301500000001,8407854,22797691991.100082,SH000001
2026-07-13 11:15:00,3934.7911999999983,3935.3001,3928.538200000002,3929.891400000002,8571607,22843694319.700085,SH000001
2026-07-13 11:20:00,3930.1344999999983,3942.623199999999,3929.7865000000015,3938.592300000001,8221154,18476671390.900085,SH000001
2026-07-13 11:25:00,3938.5582999999983,3939.635,3932.845700000002,3935.5795000000016,6925316,16218838081.10009,SH000001
2026-07-13 11:30:00,3937.6901999999977,3938.8435,3934.297600000002,3934.740100000002,6224746,15854837977.200092,SH000001
2026-07-13 13:05:00,3934.668099999997,3934.668099999999,3922.0566000000017,3934.460600000001,12990350,30935750488.00008,SH000001
2026-07-13 13:10:00,3934.5768999999977,3934.8827999999994,3924.554700000001,3927.6087999999986,7637888,17840530968.20008,SH000001
2026-07-13 13:15:00,3927.167299999998,3932.6139,3923.698300000001,3923.855799999996,7041605,16570518960.300089,SH000001
2026-07-13 13:20:00,3925.0509999999977,3925.051,3911.890900000001,3913.532799999996,10862639,25320154710.700085,SH000001
2026-07-13 13:25:00,3913.6583999999975,3913.9466,3904.273900000001,3906.2751999999978,9358369,23230514409.700092,SH000001
2026-07-13 13:30:00,3906.0781999999977,3910.2544,3902.6092000000017,3906.0667999999982,8578491,19742009925.000095,SH000001
2026-07-13 13:35:00,3907.0122999999976,3933.872,3907.0123000000017,3933.495800000001,10211798,23091101799.500103,SH000001
2026-07-13 13:40:00,3933.3639999999978,3945.1641,3931.4922000000015,3943.5408,9345942,21318904141.800106,SH000001
2026-07-13 13:45:00,3943.506999999998,3947.122500000001,3931.735800000002,3933.1167999999993,8116273,17630884869.800114,SH000001
2026-07-13 13:50:00,3933.456199999998,3933.456200000001,3917.869100000002,3918.3148999999985,7783301,14829511320.200108,SH000001
2026-07-13 13:55:00,3919.0968999999977,3936.024100000002,3919.0969000000023,3928.627699999998,6211363,13797014378.300102,SH000001
2026-07-13 14:00:00,3929.2472999999977,3931.124900000002,3923.181200000002,3927.408299999997,5795242,13424974109.700106,SH000001
2026-07-13 14:05:00,3927.2119999999977,3927.3832000000016,3922.3114000000014,3923.350199999997,6514437,12963748635.80011,SH000001
2026-07-13 14:10:00,3923.6122999999975,3924.1783000000023,3911.5728,3913.8320999999946,7870287,16854556723.700115,SH000001
2026-07-13 14:15:00,3914.1342999999974,3916.960800000001,3909.293899999999,3909.8274999999926,7636179,16297081766.800116,SH000001
2026-07-13 14:20:00,3909.8852999999976,3914.833600000001,3907.713399999999,3911.389199999992,7207775,15849027913.700117,SH000001
2026-07-13 14:25:00,3911.021399999998,3912.429800000001,3905.7455999999975,3906.817899999989,6577851,15477412695.000116,SH000001
2026-07-13 14:30:00,3906.884699999998,3911.6371,3905.373599999997,3909.825799999988,7889948,16757147475.300125,SH000001
2026-07-13 14:35:00,3909.764699999998,3910.5997000000007,3900.6676000000007,3905.8496999999898,10549804,21640776509.90013,SH000001
2026-07-13 14:40:00,3905.749399999998,3916.676200000001,3905.7494000000006,3909.5117999999898,8850158,18990203664.300137,SH000001
2026-07-13 14:45:00,3909.603999999998,3911.2304000000017,3905.0531,3910.021299999987,10078239,20420406743.100136,SH000001
2026-07-13 14:50:00,3910.582099999998,3924.7517000000016,3910.3683,3921.060699999987,11947225,24217997415.300125,SH000001
2026-07-13 14:55:00,3921.040499999998,3921.040500000002,3910.8461000000007,3911.1255999999858,13059228,25637052279.000137,SH000001
2026-07-13 15:00:00,3910.9652999999976,3913.794300000002,3910.392500000001,3913.793999999986,12308803,22503513249.300144,SH000001
2026-07-14 09:35:00,3909.274,3913.535500000001,3903.6667000000007,3904.662000000001,53409448,110810789213.8,SH000001
2026-07-14 09:40:00,3904.4613,3909.897500000002,3901.608000000001,3902.921000000003,35469390,71662966135.79999,SH000001
2026-07-14 09:45:00,3903.1854,3903.1854000000017,3892.6293000000014,3899.459200000005,29599273,58358337514.49998,SH000001
2026-07-14 09:50:00,3899.5855000000006,3901.4377,3895.9395000000018,3900.423400000005,24160245,46602744880.79999,SH000001
2026-07-14 09:55:00,3900.8499000000006,3913.5895,3895.953300000002,3912.2895000000062,20472927,43180874393.399994,SH000001
2026-07-14 10:00:00,3912.153500000001,3913.3585000000007,3908.8952000000018,3908.895200000006,13829764,32120619564.300003,SH000001
2026-07-14 10:05:00,3908.7584000000015,3912.357800000001,3904.4620000000023,3910.931500000005,12550149,28537192577.399994,SH000001
2026-07-14 10:10:00,3911.303200000001,3912.3586000000014,3903.882900000002,3905.345200000004,11619014,26921394252.700012,SH000001
2026-07-14 10:15:00,3905.1165000000015,3910.9632000000015,3902.281200000002,3910.963200000004,10984513,23933591051.200005,SH000001
2026-07-14 10:20:00,3911.6699000000017,3921.545400000002,3909.1881000000026,3921.237400000005,10531595,23963482264.900013,SH000001
2026-07-14 10:25:00,3921.573600000001,3921.889600000002,3915.3580000000015,3915.3580000000024,11672785,27654584655.000023,SH000001
2026-07-14 10:30:00,3915.552900000001,3915.552900000001,3907.260600000001,3910.5795000000016,9045280,22221191830.500034,SH000001
2026-07-14 10:35:00,3911.3261000000007,3916.207700000001,3909.907000000001,3909.9070000000006,8652422,18776626169.200035,SH000001
2026-07-14 10:40:00,3909.160400000001,3909.1604,3903.0216,3907.889299999998,8501539,20124912411.300034,SH000001
2026-07-14 10:45:00,3907.860300000001,3912.6263,3904.3711000000017,3904.661999999998,7316395,16677905789.000034,SH000001
2026-07-14 10:50:00,3904.776800000001,3906.296399999999,3896.002800000001,3897.214399999998,9694482,25178702618.900032,SH000001
2026-07-14 10:55:00,3896.7859000000008,3902.132699999998,3892.0877000000014,3898.5396999999966,10500462,22830528654.700024,SH000001
2026-07-14 11:00:00,3898.235600000001,3900.311199999998,3891.6616,3892.7154999999975,9231380,23311560812.700024,SH000001
2026-07-14 11:05:00,3893.015100000001,3897.8037999999983,3890.9277000000006,3891.298699999996,7971049,18708692803.40002,SH000001
2026-07-14 11:10:00,3891.9654000000014,3893.342099999998,3883.103700000001,3885.202899999995,9445297,23373668359.200027,SH000001
2026-07-14 11:15:00,3884.913600000001,3884.9135999999985,3871.683200000004,3877.469299999999,11416997,26423481569.000027,SH000001
2026-07-14 11:20:00,3877.565900000001,3885.3756999999982,3876.005200000004,3879.8299999999986,7960564,18634090677.500034,SH000001
2026-07-14 11:25:00,3880.056400000001,3880.0563999999986,3869.3042000000046,3874.5498999999986,7558599,17416929584.70004,SH000001
2026-07-14 11:30:00,3874.056900000001,3887.922499999999,3873.119000000004,3887.922499999999,6333569,14960108950.100046,SH000001
2026-07-14 13:05:00,3891.9033,3923.391899999999,3891.903300000003,3922.8929,17276241,42182489152.70003,SH000001
2026-07-14 13:10:00,3922.540300000001,3934.937699999999,3921.1280000000033,3934.8838,12103288,30605262025.900036,SH000001
2026-07-14 13:15:00,3935.253800000002,3938.721499999999,3925.726300000003,3928.544399999999,11218777,28834193706.20005,SH000001
2026-07-14 13:20:00,3928.2110000000016,3931.4404999999992,3917.924200000003,3922.0774,8680739,20746204233.900055,SH000001
2026-07-14 13:25:00,3922.4265000000014,3935.4748999999983,3922.426500000003,3934.096399999997,7582003,19121652050.400055,SH000001
2026-07-14 13:30:00,3933.6938000000014,3939.0608999999977,3929.9910000000023,3938.543299999998,8663605,23466793248.00005,SH000001
2026-07-14 13:35:00,3938.9791000000014,3948.1055999999976,3937.0772000000024,3938.4240999999993,12192012,30096828796.000034,SH000001
2026-07-14 13:40:00,3938.608000000001,3941.922699999998,3933.467600000001,3934.742799999999,8284115,19393881966.00004,SH000001
2026-07-14 13:45:00,3934.785700000001,3936.468899999996,3930.096700000001,3935.8501,8830090,19430113091.10003,SH000001
2026-07-14 13:50:00,3934.6490000000017,3934.648999999996,3927.3882000000017,3931.5119,7992198,16515128208.400024,SH000001
2026-07-14 13:55:00,3931.3292000000015,3931.513599999996,3919.3805000000016,3924.9277,7011897,15725795051.90002,SH000001
2026-07-14 14:00:00,3924.393200000002,3932.4179999999974,3923.6561000000015,3928.620000000001,7778583,14781192099.800018,SH000001
2026-07-14 14:05:00,3928.4755000000014,3935.0304999999967,3927.7015000000015,3934.4636000000014,9285936,15097321567.100012,SH000001
2026-07-14 14:10:00,3935.0882000000015,3939.683499999996,3933.891500000002,3934.2890000000016,7251255,14449412948.000015,SH000001
2026-07-14 14:15:00,3934.128800000002,3943.608599999997,3934.0204000000017,3943.608600000004,6803218,13380920888.400019,SH000001
2026-07-14 14:20:00,3943.903300000001,3945.341299999998,3941.916100000001,3942.567600000005,8799157,15364051923.30002,SH000001
2026-07-14 14:25:00,3942.5717,3942.571699999997,3936.6358000000014,3940.513500000002,6844921,14214421026.600021,SH000001
2026-07-14 14:30:00,3940.8915,3945.3843999999976,3940.789000000001,3945.1128000000017,6889163,13095418810.700027,SH000001
2026-07-14 14:35:00,3945.0334000000007,3956.8114999999975,3944.307100000002,3955.9270000000024,8941272,19611694011.90003,SH000001
2026-07-14 14:40:00,3955.1706,3960.687899999996,3954.320000000001,3960.6879000000017,8925727,19672253081.500034,SH000001
2026-07-14 14:45:00,3960.439300000001,3960.439299999997,3953.124800000002,3955.2588000000014,11173184,22489644855.700043,SH000001
2026-07-14 14:50:00,3956.0876,3962.493999999996,3955.3774000000017,3962.041900000002,11212469,22938006252.50004,SH000001
2026-07-14 14:55:00,3962.0126,3964.608399999996,3959.6624000000015,3964.213600000003,14009189,29380430482.000042,SH000001
2026-07-14 15:00:00,3964.922,3967.126199999997,3963.852500000002,3967.126200000002,14305875,28818753466.500053,SH000001
2026-07-15 09:35:00,3963.7267,3969.226200000001,3962.414,3962.8914999999993,57527655,136287282581.09998,SH000001
2026-07-15 09:40:00,3962.6261,3962.9082000000008,3955.4918,3962.1946,43448404,87250441103.29997,SH000001
2026-07-15 09:45:00,3962.3672000000006,3966.2745,3954.757700000001,3966.0594000000015,33279815,69821249027.99995,SH000001
2026-07-15 09:50:00,3965.4104000000007,3975.2172999999993,3965.226800000001,3973.2838000000006,26731781,55832217970.499954,SH000001
2026-07-15 09:55:00,3973.4952000000008,3973.550199999999,3966.9825000000014,3971.3912999999984,22732971,44343450889.699974,SH000001
2026-07-15 10:00:00,3972.4365000000007,3977.017999999998,3971.533700000001,3974.098499999999,17055073,35976450732.09999,SH000001
2026-07-15 10:05:00,3974.229900000001,3981.6715999999974,3973.261,3979.0997,16424808,32374677213.999977,SH000001
2026-07-15 10:10:00,3979.024700000001,3979.024699999997,3968.3125,3968.3900000000017,15225245,31881837170.599995,SH000001
2026-07-15 10:15:00,3967.792200000001,3970.555999999996,3962.5593,3969.988800000001,14458628,31928707243.500008,SH000001
2026-07-15 10:20:00,3969.6676000000007,3972.792499999997,3967.1492000000007,3967.2452000000017,11869960,24517900733.400013,SH000001
2026-07-15 10:25:00,3967.926300000001,3975.006999999998,3967.926300000001,3975.007000000001,11006685,25027454741.200012,SH000001
2026-07-15 10:30:00,3974.9958000000006,3978.559199999997,3973.0168000000017,3975.9578000000033,9365555,22455770653.900017,SH000001
2026-07-15 10:35:00,3976.2978,3979.152999999997,3974.572900000001,3978.228500000001,10820025,23750342503.50002,SH000001
2026-07-15 10:40:00,3977.547000000001,3978.3089999999975,3972.9004,3973.1328000000008,9002102,20739001280.500015,SH000001
2026-07-15 10:45:00,3973.326900000001,3977.468399999996,3970.225300000001,3972.266100000002,8792913,19154376387.100006,SH000001
2026-07-15 10:50:00,3972.8445000000006,3977.6507999999944,3969.939,3969.939,8072825,18106792928.700012,SH000001
2026-07-15 10:55:00,3970.057200000001,3970.433799999995,3965.924700000001,3966.5228,8126206,20039352913.200012,SH000001
2026-07-15 11:00:00,3966.448400000001,3968.2574999999943,3963.487200000001,3963.487200000001,7706105,15189106689.300026,SH000001
2026-07-15 11:05:00,3963.387000000001,3963.415899999994,3958.2759,3959.5311999999985,7421016,16981532857.50003,SH000001
2026-07-15 11:10:00,3959.163800000001,3962.277599999994,3956.6854,3962.2168999999985,6560475,16633229576.20004,SH000001
2026-07-15 11:15:00,3962.092200000001,3965.691899999994,3959.5025999999993,3964.7890999999977,6299783,13946280912.700037,SH000001
2026-07-15 11:20:00,3965.133500000001,3965.183599999994,3954.591499999998,3956.246899999999,6508372,14694143882.500034,SH000001
2026-07-15 11:25:00,3955.444800000001,3955.6273999999944,3950.285099999997,3951.9881999999975,7188654,17586680267.70004,SH000001
2026-07-15 11:30:00,3952.2297000000017,3964.2635999999934,3952.0391999999974,3963.9040999999975,7145868,14860809030.400034,SH000001
2026-07-15 13:05:00,3964.5999000000015,3965.340399999993,3954.630099999997,3954.630099999998,12664502,27262142441.800034,SH000001
2026-07-15 13:10:00,3953.6314000000016,3955.306199999993,3946.973199999997,3950.2668999999983,8464743,20497153858.30003,SH000001
2026-07-15 13:15:00,3950.4170000000017,3953.347099999993,3943.695299999997,3946.8364999999976,10224095,21016049762.700024,SH000001
2026-07-15 13:20:00,3946.895100000001,3961.4297999999935,3946.739399999997,3960.608899999998,8300615,17490552172.900032,SH000001
2026-07-15 13:25:00,3960.033300000001,3963.5239999999935,3956.539399999997,3962.919499999997,6759692,14949789531.900034,SH000001
2026-07-15 13:30:00,3962.6973000000007,3969.8731999999945,3962.6972999999966,3967.022099999997,7991470,17704954742.00003,SH000001
2026-07-15 13:35:00,3967.4767000000006,3970.102899999995,3963.675899999997,3963.889499999998,6850103,15944963569.100035,SH000001
2026-07-15 13:40:00,3963.720800000001,3967.494499999996,3961.1528999999978,3963.6876999999968,6615668,13543494498.700031,SH000001
2026-07-15 13:45:00,3963.4169000000006,3974.873899999996,3963.416899999997,3972.0378999999966,6918107,14487227597.200033,SH000001
2026-07-15 13:50:00,3971.5249,3971.524899999996,3963.983799999997,3964.282599999997,8838478,17299569302.000034,SH000001
2026-07-15 13:55:00,3964.586,3966.4728999999975,3961.663299999997,3966.472899999996,6058915,11671575527.200035,SH000001
2026-07-15 14:00:00,3966.1227,3966.1226999999976,3957.821699999996,3959.529999999997,5641447,11435754669.500034,SH000001
2026-07-15 14:05:00,3959.4926,3959.4925999999978,3953.864499999997,3955.719799999999,7207334,13991680468.700035,SH000001
2026-07-15 14:10:00,3955.7196,3956.462899999999,3952.456199999998,3952.456199999999,6221012,12518088834.100029,SH000001
2026-07-15 14:15:00,3952.167500000001,3956.9303999999993,3950.5217999999977,3956.341899999997,6815821,14017893282.000027,SH000001
2026-07-15 14:20:00,3956.4039000000007,3958.5344,3953.0100999999986,3953.010099999997,6317883,12762838228.80003,SH000001
2026-07-15 14:25:00,3952.9615,3953.3204,3948.775299999998,3950.571899999998,6870435,14574966960.800034,SH000001
2026-07-15 14:30:00,3950.5847,3961.2114,3950.584699999998,3957.8983999999978,10089071,16416705447.600035,SH000001
2026-07-15 14:35:00,3957.7943,3958.6585,3948.559499999997,3952.401899999996,9245944,19853592708.300034,SH000001
2026-07-15 14:40:00,3952.4184,3956.236100000001,3951.769799999996,3953.495199999996,8472005,18285226190.900036,SH000001
2026-07-15 14:45:00,3953.5915,3958.1471,3951.764899999997,3958.109399999997,10323989,21005497884.50004,SH000001
2026-07-15 14:50:00,3958.1233,3960.724799999999,3951.630599999997,3954.195199999997,10498622,21511781322.800026,SH000001
2026-07-15 14:55:00,3954.225,3958.492599999999,3953.4569999999967,3954.439599999997,13152500,25196136252.00004,SH000001
2026-07-15 15:00:00,3954.3436,3955.5782,3953.731399999997,3955.578099999995,12896117,23481545352.800037,SH000001
2026-07-16 09:35:00,3912.3812,3925.159400000001,3902.7511,3902.962600000001,55462730,123652758887.30002,SH000001
2026-07-16 09:40:00,3903.096000000001,3916.530999999999,3902.7027,3910.4158,37495775,74188524336.50002,SH000001
2026-07-16 09:45:00,3910.5024,3921.3334999999993,3909.1431,3920.813400000002,30335703,56935566454.399994,SH000001
2026-07-16 09:50:00,3920.886500000001,3923.621200000001,3916.4549,3922.906700000003,20117406,41419277599.79998,SH000001
2026-07-16 09:55:00,3922.5747000000006,3924.6004000000007,3919.382900000001,3922.903600000005,16476519,34296785099.999966,SH000001
2026-07-16 10:00:00,3922.732900000001,3932.560199999998,3922.732900000001,3931.0315000000032,16849473,33907640144.49997,SH000001
2026-07-16 10:05:00,3931.0797000000007,3931.079699999998,3924.8156,3927.145300000004,13170757,26781397275.399967,SH000001
2026-07-16 10:10:00,3926.7832000000008,3934.7079999999983,3923.458600000001,3934.708000000004,11237841,22805318434.899963,SH000001
2026-07-16 10:15:00,3934.955,3935.0626999999986,3926.686500000001,3927.9280000000026,10796164,23428574201.499966,SH000001
2026-07-16 10:20:00,3928.0334,3934.7375999999986,3928.033400000001,3931.1661000000017,9647019,22223814814.99996,SH000001
2026-07-16 10:25:00,3931.1147,3934.723999999998,3930.255900000001,3930.634300000002,9877352,20949819842.69996,SH000001
2026-07-16 10:30:00,3930.8294,3935.965999999997,3930.829400000001,3934.6090000000017,10983052,21082153161.29997,SH000001
2026-07-16 10:35:00,3934.3382,3937.4957999999974,3930.962700000001,3935.604900000002,12043081,24342569598.39997,SH000001
2026-07-16 10:40:00,3936.2449000000006,3936.838399999998,3926.8529,3927.1127000000006,9777575,21233171740.499973,SH000001
2026-07-16 10:45:00,3926.6732,3935.601799999999,3924.459,3935.6018000000017,8212736,19862598957.29996,SH000001
2026-07-16 10:50:00,3935.704400000001,3940.4504999999986,3933.8797,3934.5378000000032,8384532,17222237999.899963,SH000001
2026-07-16 10:55:00,3934.4304,3936.9031999999993,3931.9902,3934.274500000004,6266816,14025505064.09996,SH000001
2026-07-16 11:00:00,3933.8157,3934.476599999999,3930.0909,3930.671200000005,5639673,11458310378.99996,SH000001
2026-07-16 11:05:00,3930.1805,3932.527199999999,3926.825300000001,3926.825300000005,5272509,10918483961.299965,SH000001
2026-07-16 11:10:00,3927.0494,3930.2761,3925.734,3927.567200000008,5938732,11209606779.799965,SH000001
2026-07-16 11:15:00,3927.4653,3928.6288999999992,3923.3223000000007,3923.403800000011,5333255,11248195402.199963,SH000001
2026-07-16 11:20:00,3923.4029,3925.7051,3917.9332,3918.324700000011,5871842,11796763035.89996,SH000001
2026-07-16 11:25:00,3918.0748,3920.0553,3912.6834,3912.8541000000137,6199834,13096028335.599958,SH000001
2026-07-16 11:30:00,3913.1063,3923.8654,3913.1063,3923.202900000012,4935701,10317369047.399961,SH000001
2026-07-16 13:05:00,3923.1067,3923.4976,3916.6581999999994,3920.1901000000134,9517887,22032173098.999954,SH000001
2026-07-16 13:10:00,3920.1094,3922.2556,3915.6768999999977,3916.1943000000138,7106511,15118103727.09995,SH000001
2026-07-16 13:15:00,3916.2225,3920.1932999999985,3911.870299999998,3919.8668000000143,7785745,16971611197.499952,SH000001
2026-07-16 13:20:00,3919.8399,3923.019299999999,3915.6100999999985,3922.384300000017,7155906,15645888628.699953,SH000001
2026-07-16 13:25:00,3922.4095,3925.9976,3920.077599999999,3920.077600000018,7009984,13892044578.09995,SH000001
2026-07-16 13:30:00,3919.9736,3920.2047,3916.525099999999,3916.813200000018,7905468,16471462104.799952,SH000001
2026-07-16 13:35:00,3917.0945,3917.0945,3909.2745,3912.051000000018,8183891,19726435151.199963,SH000001
2026-07-16 13:40:00,3912.1193,3912.1193,3902.9756,3903.183200000017,7814570,17818774126.29997,SH000001
2026-07-16 13:45:00,3903.6435,3908.1098,3902.3625,3905.667800000017,7413813,16222827560.599972,SH000001
2026-07-16 13:50:00,3906.4081,3906.9839,3899.4913,3901.078500000015,7302895,18436390103.29998,SH000001
2026-07-16 13:55:00,3900.234,3905.359499999999,3897.8974,3898.258900000016,7118632,15983552719.699976,SH000001
2026-07-16 14:00:00,3898.529,3899.894299999999,3895.7812,3897.5026000000166,6361507,14361659491.599976,SH000001
2026-07-16 14:05:00,3898.0308,3901.589299999999,3891.769300000001,3895.567200000019,7972504,16188788459.399975,SH000001
2026-07-16 14:10:00,3895.5768,3903.1625,3893.159600000002,3893.2880000000214,6357206,14107711199.599976,SH000001
2026-07-16 14:15:00,3892.9355,3895.399899999999,3888.986000000002,3889.0445000000186,6982939,15495817550.399973,SH000001
2026-07-16 14:20:00,3889.2796,3889.2796,3885.7939000000024,3885.793900000017,6671866,15051020410.49997,SH000001
2026-07-16 14:25:00,3886.44,3888.2882,3883.605400000003,3885.378100000016,7726567,17298349937.29997,SH000001
2026-07-16 14:30:00,3885.2213,3888.2466,3883.6271000000024,3885.237800000018,7203932,15212687419.099972,SH000001
2026-07-16 14:35:00,3885.371799999999,3885.9313000000006,3875.4927000000025,3875.492700000018,11614444,21483786590.59997,SH000001
2026-07-16 14:40:00,3875.422699999999,3876.0833000000007,3868.7402000000006,3872.400000000016,11898904,24165353336.399967,SH000001
2026-07-16 14:45:00,3873.112699999999,3879.0924,3873.1127000000006,3875.0478000000144,11138969,23235367257.499958,SH000001
2026-07-16 14:50:00,3875.282999999999,3876.7762,3867.6542,3867.698500000013,13059377,27950424793.199966,SH000001
2026-07-16 14:55:00,3868.3737999999994,3877.664800000001,3867.6012,3876.7566000000143,15076439,29991392185.29997,SH000001
2026-07-16 15:00:00,3876.9117999999994,3882.4126999999994,3876.7796,3882.412600000014,12575840,22944074031.89997,SH000001
2026-07-17 09:35:00,3865.3165,3869.2148,3850.1016,3851.3936,54506962,112782501297.90001,SH000001
2026-07-17 09:40:00,3851.0942,3855.8101,3845.8397,3855.5977,42306545,84079037298.3,SH000001
2026-07-17 09:45:00,3855.1195,3855.7427,3849.652,3849.652,28800290,54920434576.899994,SH000001
2026-07-17 09:50:00,3849.7093,3849.7093,3837.8795,3844.4473,29208345,53867311750.700005,SH000001
2026-07-17 09:55:00,3844.6079,3853.8689,3843.6863,3850.8358,23346030,43551215463.0,SH000001
2026-07-17 10:00:00,3850.7355,3856.7756,3848.0594,3850.9249,16664892,35308995782.399994,SH000001
2026-07-17 10:05:00,3851.1407,3853.9908,3842.9275,3853.9908,16390486,32540581711.199997,SH000001
2026-07-17 10:10:00,3853.9595,3854.168,3844.0903,3844.0903,12373134,24940804322.0,SH000001
2026-07-17 10:15:00,3843.7071,3846.2378,3838.1741,3843.1265,12939242,24585967850.2,SH000001
2026-07-17 10:20:00,3843.2277,3847.7767,3838.1092,3842.6966,10559099,20405152531.3,SH000001
2026-07-17 10:25:00,3842.4398,3842.4828,3833.4059,3839.428,11309919,21349805528.0,SH000001
2026-07-17 10:30:00,3839.7674,3839.7674,3830.5996,3831.7638,9922462,19388334042.800003,SH000001
2026-07-17 10:35:00,3831.5982,3831.5982,3823.7316,3824.8221,13125147,22808889219.499996,SH000001
2026-07-17 10:40:00,3825.4374,3826.3721,3818.7968,3823.9813,12573844,23954317571.5,SH000001
2026-07-17 10:45:00,3824.3465,3827.3018,3817.9412,3818.5031,11108428,21625646310.6,SH000001
2026-07-17 10:50:00,3818.1095,3824.0577,3806.7882,3807.9636,12288143,24107702268.199997,SH000001
2026-07-17 10:55:00,3807.6222,3814.7528,3806.3908,3807.0221,9083274,19475025765.699997,SH000001
2026-07-17 11:00:00,3807.3934,3818.7928,3807.3934,3815.4291,8671673,17258633157.7,SH000001
2026-07-17 11:05:00,3815.6835,3836.7249,3815.6835,3834.1499,9567798,18951545503.0,SH000001
2026-07-17 11:10:00,3834.5904,3838.1276,3831.0822,3831.4008,9922043,17362421472.6,SH000001
2026-07-17 11:15:00,3831.7561,3831.7561,3821.4511,3827.4559,7453653,13554041042.599998,SH000001
2026-07-17 11:20:00,3827.7185,3832.7887,3820.9108,3821.6902,6970604,13521790708.7,SH000001
2026-07-17 11:25:00,3821.8173,3822.8537,3816.4844,3816.4844,6310135,12493691590.1,SH000001
2026-07-17 11:30:00,3816.5089,3820.2806,3815.6515,3818.5939,5979687,11405873159.899998,SH000001
2026-07-17 13:05:00,3818.0672,3818.0672,3803.9733,3803.9761,14396834,24900789921.4,SH000001
2026-07-17 13:10:00,3804.5579,3805.284,3798.747,3801.757,10571502,20529767914.6,SH000001
2026-07-17 13:15:00,3802.922,3808.4796,3796.3466,3797.8075,11245667,22156496437.6,SH000001
2026-07-17 13:20:00,3797.9684,3799.9576,3791.5461,3791.5461,10071887,21273236464.600002,SH000001
2026-07-17 13:25:00,3791.9093,3791.9093,3784.7649,3785.1742,13247869,23453420903.999996,SH000001
2026-07-17 13:30:00,3784.872,3793.3361,3780.6716,3789.3569,13044909,21196209147.800003,SH000001
2026-07-17 13:35:00,3789.3151,3793.2703,3779.1286,3779.8049,9599602,17149567340.4,SH000001
2026-07-17 13:40:00,3779.8932,3780.2003,3763.4426,3763.7128,14616084,23704425226.8,SH000001
2026-07-17 13:45:00,3764.0753,3765.0803,3750.8682,3751.1802,14980188,25387841342.399998,SH000001
2026-07-17 13:50:00,3750.8917,3761.7911,3745.1744,3761.1961,15911966,26687147547.9,SH000001
2026-07-17 13:55:00,3762.0091,3767.9883,3753.4743,3758.6043,10105669,18254121275.800003,SH000001
2026-07-17 14:00:00,3759.3368,3780.4976,3754.5382,3779.6621,9702382,17805194668.0,SH000001
2026-07-17 14:05:00,3779.5961,3802.1158,3779.5961,3794.4137,12208986,24729271688.6,SH000001
2026-07-17 14:10:00,3794.894,3806.1898,3787.028,3805.6208,8658236,17370889009.1,SH000001
2026-07-17 14:15:00,3805.3487,3820.7667,3805.32,3819.1067,9739873,22951838682.499996,SH000001
2026-07-17 14:20:00,3818.9027,3820.5202,3804.4971,3805.0058,7990383,18989428231.5,SH000001
2026-07-17 14:25:00,3804.6638,3814.5886,3803.5822,3807.7656,7221617,14963332623.699999,SH000001
2026-07-17 14:30:00,3807.6958,3813.3818,3800.13,3800.5966,7185788,13444091584.599998,SH000001
2026-07-17 14:35:00,3800.8966,3805.8979,3798.8115,3805.1786,8052113,15249390536.1,SH000001
2026-07-17 14:40:00,3804.6729,3804.6729,3790.7717,3790.7717,9132251,17160358627.6,SH000001
2026-07-17 14:45:00,3791.1419,3791.9603,3780.1801,3781.4986,11004668,20448323316.1,SH000001
2026-07-17 14:50:00,3780.4968,3780.9572,3774.3113,3775.5319,12388816,22693830940.100002,SH000001
2026-07-17 14:55:00,3774.7924,3775.2663,3763.0264,3763.4567,14731865,27673002763.600002,SH000001
2026-07-17 15:00:00,3764.1246,3765.0599,3762.8589,3764.1547,13259994,24033756716.699997,SH000001
2026-07-20 09:35:00,3791.6616,3817.683499999999,3791.6616,3817.6835,61439575,121861750679.09998,SH000001
2026-07-20 09:40:00,3818.6496,3819.197899999999,3805.6773,3805.742,35405862,68379373109.199974,SH000001
2026-07-20 09:45:00,3804.7539,3813.1531999999993,3798.634,3812.4371999999985,32885230,59895277441.999954,SH000001
2026-07-20 09:50:00,3812.768399999999,3815.2925999999993,3808.9467,3812.285699999997,30506658,53943456621.69995,SH000001
2026-07-20 09:55:00,3812.8914,3813.3822,3799.9266,3799.926599999996,26189841,52856062779.99995,SH000001
2026-07-20 10:00:00,3800.7864,3825.904599999999,3800.7864,3824.343099999995,24796180,43731482932.69996,SH000001
2026-07-20 10:05:00,3824.1555,3831.6592999999993,3818.2421999999992,3828.433899999994,17575424,32555964165.99996,SH000001
2026-07-20 10:10:00,3828.7763,3828.7763,3820.4463,3822.613599999994,17644804,31397194631.79996,SH000001
2026-07-20 10:15:00,3823.1143000000006,3823.1304999999993,3812.280300000001,3812.561499999996,16106738,31526551333.99997,SH000001
2026-07-20 10:20:00,3812.437100000001,3813.227499999999,3797.844200000001,3803.171299999998,15623555,32008586206.399975,SH000001
2026-07-20 10:25:00,3803.167500000001,3804.1158999999993,3791.9782000000014,3796.9510999999993,13858285,27688468963.499966,SH000001
2026-07-20 10:30:00,3796.6667,3803.0951,3789.926899999999,3789.9268999999967,12968221,22904622450.499954,SH000001
2026-07-20 10:35:00,3788.9896,3792.079599999998,3781.2267999999976,3782.750099999994,16516064,31898221318.499947,SH000001
2026-07-20 10:40:00,3782.6889,3794.4037999999982,3780.0196999999976,3792.014899999994,13979816,27279859077.19995,SH000001
2026-07-20 10:45:00,3791.5117,3804.0955999999983,3789.8404999999975,3804.095599999995,9320427,18613206551.499958,SH000001
2026-07-20 10:50:00,3803.954999999999,3817.4904,3803.9549999999977,3816.415999999998,10925353,21397517148.799953,SH000001
2026-07-20 10:55:00,3816.697199999999,3819.380399999999,3811.8600999999976,3811.860099999997,8131833,16377770589.099955,SH000001
2026-07-20 11:00:00,3811.792999999999,3824.5711,3811.6516999999976,3822.892399999997,7721380,14399229519.599958,SH000001
2026-07-20 11:05:00,3823.317199999999,3828.3358000000007,3820.963699999997,3825.438199999995,10049422,20679335100.89996,SH000001
2026-07-20 11:10:00,3825.6547999999993,3826.454300000001,3818.1945999999975,3822.675299999994,7065060,14369247852.099957,SH000001
2026-07-20 11:15:00,3822.7525999999993,3825.5718,3815.8826999999974,3816.061599999994,5426408,11095810447.299952,SH000001
2026-07-20 11:20:00,3815.961499999999,3820.001399999999,3811.401799999998,3812.334099999995,5781987,10854023427.599953,SH000001
2026-07-20 11:25:00,3811.713299999999,3811.713299999999,3805.1676999999977,3811.0037999999968,7309295,11632963488.099955,SH000001
2026-07-20 11:30:00,3811.7766,3815.7169000000017,3807.3836999999976,3808.388799999999,6622895,10886933370.299955,SH000001
2026-07-20 13:05:00,3808.8085,3812.4309000000017,3799.299699999998,3806.3568,14758536,23449150378.699936,SH000001
2026-07-20 13:10:00,3807.1249,3807.530700000002,3797.822899999998,3803.970900000001,8733413,15683559311.499931,SH000001
2026-07-20 13:15:00,3803.7642,3807.552800000002,3796.280399999998,3798.410499999999,11360393,18767150252.59993,SH000001
2026-07-20 13:20:00,3798.1577,3799.472000000003,3789.7804999999976,3798.673199999997,10826615,18262791208.899925,SH000001
2026-07-20 13:25:00,3797.5214,3797.697900000003,3787.809499999999,3788.6080999999986,9686023,15582300961.399927,SH000001
2026-07-20 13:30:00,3788.9337,3792.9282000000017,3785.2437999999984,3785.715799999999,10743647,18768561487.09993,SH000001
2026-07-20 13:35:00,3785.4041,3789.3119000000015,3781.382399999999,3781.628599999999,15676090,26991872177.59993,SH000001
2026-07-20 13:40:00,3782.0522,3785.751600000001,3763.789999999999,3763.7899999999977,16531027,25702727164.399925,SH000001
2026-07-20 13:45:00,3763.4693,3773.6557,3755.169399999999,3755.1693999999975,13735188,22799396367.799915,SH000001
2026-07-20 13:50:00,3754.3443000000007,3770.749100000001,3743.7980999999986,3764.381899999997,17411052,26965996087.899914,SH000001
2026-07-20 13:55:00,3764.097700000001,3773.3279000000016,3752.0573999999983,3752.739799999997,9337260,16177064157.499916,SH000001
2026-07-20 14:00:00,3752.650200000001,3752.859300000002,3745.867599999998,3750.1449999999977,10936866,18539734362.099922,SH000001
2026-07-20 14:05:00,3751.249900000001,3777.4064000000017,3747.7167999999983,3777.1840999999968,10954343,18965425351.999924,SH000001
2026-07-20 14:10:00,3776.4000000000015,3779.7321000000015,3758.6635999999976,3758.663599999996,8867033,15680630637.899925,SH000001
2026-07-20 14:15:00,3758.1150000000016,3758.458400000002,3750.1403999999975,3757.549399999996,10791118,16723901925.599924,SH000001
2026-07-20 14:20:00,3757.452900000001,3761.404400000002,3753.2168999999976,3761.404399999997,8408151,13738123420.89992,SH000001
2026-07-20 14:25:00,3761.778700000001,3764.8901000000023,3742.995999999997,3742.995999999997,10291515,16900697008.899921,SH000001
2026-07-20 14:30:00,3741.992900000001,3764.365300000002,3741.960099999997,3755.4981999999977,11759296,20766160079.699924,SH000001
2026-07-20 14:35:00,3755.497600000001,3757.2897000000025,3741.109899999998,3747.827499999997,12896507,24536719375.49992,SH000001
2026-07-20 14:40:00,3748.0035000000007,3756.696500000003,3746.2268999999983,3750.616599999997,12993545,24701821145.89992,SH000001
2026-07-20 14:45:00,3750.309000000001,3775.085200000005,3750.3089999999984,3775.0836999999983,14581193,27171833543.099922,SH000001
2026-07-20 14:50:00,3775.353400000002,3785.550300000006,3775.353399999998,3784.4931999999985,14148467,27844153921.19992,SH000001
2026-07-20 14:55:00,3784.9269000000018,3791.264300000006,3784.4410999999977,3789.3418000000015,15047546,27948748071.199913,SH000001
2026-07-20 15:00:00,3789.650000000002,3796.281400000007,3788.0904999999975,3796.281400000001,14437138,22932653802.599915,SH000001
2026-07-21 09:35:00,3812.1618,3812.1618,3781.3022999999994,3793.0176,62661766,108325902097.90001,SH000001
2026-07-21 09:40:00,3793.0232999999994,3794.596199999999,3783.1028999999994,3783.1029,38258461,65572402865.59998,SH000001
2026-07-21 09:45:00,3784.3995999999993,3787.807499999999,3776.1916999999994,3778.481200000002,34152437,57462746836.89999,SH000001
2026-07-21 09:50:00,3778.7132,3785.847500000001,3778.484999999999,3779.108800000001,31315335,51497275452.19999,SH000001
2026-07-21 09:55:00,3779.2417,3781.9994,3774.7357,3775.8263,27836419,51127628282.29999,SH000001
2026-07-21 10:00:00,3775.3668,3775.7026,3757.835700000001,3763.9712000000018,26502033,46834709593.59998,SH000001
2026-07-21 10:05:00,3763.1505,3766.8817,3753.8142,3754.185300000002,26962838,47434257456.99996,SH000001
2026-07-21 10:10:00,3753.781199999999,3762.7453000000023,3745.463299999999,3746.152,25711944,43843546757.999985,SH000001
2026-07-21 10:15:00,3745.7187,3758.491500000002,3743.360099999999,3754.6430999999984,23709281,40508480360.600006,SH000001
2026-07-21 10:20:00,3755.0163,3762.043600000003,3753.616099999999,3754.4712999999983,15973167,27711678833.5,SH000001
2026-07-21 10:25:00,3754.303,3773.778000000003,3753.919899999999,3773.436999999999,18152289,32014698581.300003,SH000001
2026-07-21 10:30:00,3773.5036,3777.163800000005,3767.7934999999993,3774.8141000000014,14342626,28435337333.499985,SH000001
2026-07-21 10:35:00,3774.8352,3783.440800000004,3774.449699999999,3779.5334000000007,15716029,30546671882.599983,SH000001
2026-07-21 10:40:00,3779.2174,3787.2117000000057,3778.7089,3785.341400000002,16995085,32454215079.19998,SH000001
2026-07-21 10:45:00,3785.4811,3787.057600000006,3778.0476,3778.425700000005,12972820,25657727172.399975,SH000001
2026-07-21 10:50:00,3778.3306,3794.960000000005,3778.0982,3793.443300000004,13555174,27242351480.199974,SH000001
2026-07-21 10:55:00,3792.6214,3795.466400000005,3787.3203,3795.466400000003,13205077,29150735454.199966,SH000001
2026-07-21 11:00:00,3796.0231,3803.7224000000065,3795.5931,3799.258600000005,12768938,30118119666.099968,SH000001
2026-07-21 11:05:00,3799.1619,3809.1418000000062,3799.1619,3807.2885000000065,16383731,34531850082.09996,SH000001
2026-07-21 11:10:00,3806.8150999999993,3817.270800000006,3804.1544,3814.4480000000026,17718391,40495456551.999954,SH000001
2026-07-21 11:15:00,3814.073699999999,3816.694400000006,3806.9666,3806.966600000004,12772497,28465041897.099953,SH000001
2026-07-21 11:20:00,3806.6902999999993,3817.200200000006,3806.6903,3808.265700000002,8985290,20050594237.299953,SH000001
2026-07-21 11:25:00,3808.9671,3811.530300000006,3806.2249000000006,3811.460000000001,8365386,18022525685.19996,SH000001
2026-07-21 11:30:00,3811.500899999999,3819.6555000000058,3811.055700000001,3819.6554999999994,9128708,21385745235.09996,SH000001
2026-07-21 13:05:00,3820.3408999999992,3834.200100000005,3820.3409000000006,3833.1176,18830542,44954060324.89998,SH000001
2026-07-21 13:10:00,3832.838799999999,3837.7113000000054,3829.261200000001,3832.2223000000017,11999691,25697729538.399975,SH000001
2026-07-21 13:15:00,3831.8835,3835.385800000006,3829.5727000000006,3831.1501000000007,10020876,20946601195.799973,SH000001
2026-07-21 13:20:00,3830.9599,3832.787100000006,3821.9475000000007,3827.2400000000007,11397781,23003826445.999977,SH000001
2026-07-21 13:25:00,3827.0434,3828.0136000000066,3821.9073000000008,3827.537499999999,9516865,18884098402.19998,SH000001
2026-07-21 13:30:00,3826.9508,3832.085600000006,3826.2301000000016,3829.5113,7363140,14605145072.99998,SH000001
2026-07-21 13:35:00,3829.8459,3832.776800000005,3821.488100000002,3821.599400000001,8490292,15635866989.399986,SH000001
2026-07-21 13:40:00,3821.969200000001,3826.998500000004,3821.530400000002,3826.136000000002,6655394,12954877436.299986,SH000001
2026-07-21 13:45:00,3826.5977,3831.990400000005,3826.597700000001,3830.6048000000014,6025700,12640101553.89999,SH000001
2026-07-21 13:50:00,3830.212700000001,3835.7404000000047,3829.5324000000014,3835.6362,6593403,13537064335.099987,SH000001
2026-07-21 13:55:00,3835.827200000001,3840.844600000005,3834.7743000000014,3840.7551,6967881,15477017013.399986,SH000001
2026-07-21 14:00:00,3840.9541000000017,3843.151800000004,3834.920700000003,3835.453300000001,7684502,15460201211.399992,SH000001
2026-07-21 14:05:00,3835.684700000001,3844.325000000005,3834.719800000003,3843.5754000000006,7683301,14019153838.999996,SH000001
2026-07-21 14:10:00,3843.592700000001,3847.750100000005,3842.524100000003,3846.596900000002,6991889,15828971205.799992,SH000001
2026-07-21 14:15:00,3847.082100000001,3849.228600000006,3843.158700000003,3848.251100000002,7711427,16022026284.799994,SH000001
2026-07-21 14:20:00,3848.0072000000014,3851.294300000005,3847.611700000004,3850.553300000003,7593940,16430825035.299995,SH000001
2026-07-21 14:25:00,3850.518500000001,3851.041700000005,3848.054900000004,3850.061800000005,7276808,14872336507.999998,SH000001
2026-07-21 14:30:00,3850.3257000000017,3850.586900000005,3842.782000000004,3846.259300000004,9743319,17182592529.399998,SH000001
2026-07-21 14:35:00,3846.5177000000017,3853.552800000005,3846.373100000004,3853.442400000004,10031499,18130062345.199997,SH000001
2026-07-21 14:40:00,3853.8354000000018,3857.410000000003,3853.542400000003,3857.128100000002,10481197,21204839716.09999,SH000001
2026-07-21 14:45:00,3856.895900000001,3861.0833000000057,3856.433000000004,3861.0833000000034,11336245,20952893077.099995,SH000001
2026-07-21 14:50:00,3861.321200000001,3861.321200000006,3856.755800000004,3858.3197000000014,12233092,22240263966.4,SH000001
2026-07-21 14:55:00,3858.007400000002,3861.2741000000055,3857.804700000004,3860.8989000000015,14049950,23749844647.3,SH000001
2026-07-21 15:00:00,3860.6831000000016,3864.6002000000058,3860.683100000004,3864.367100000001,14197469,23197522013.80001,SH000001
2026-07-22 09:35:00,3839.6654,3854.2802999999985,3839.6654,3854.1730999999977,59120664,133567662160.29996,SH000001
2026-07-22 09:40:00,3853.927999999999,3862.6458,3853.928,3862.2470999999978,41531609,87099155252.59998,SH000001
2026-07-22 09:45:00,3862.6347,3864.3505,3856.649900000001,3860.236999999998,34640524,71947055395.0,SH000001
2026-07-22 09:50:00,3859.7352999999994,3866.6751999999983,3859.7353000000007,3863.2415999999976,23733458,53301466816.39999,SH000001
2026-07-22 09:55:00,3863.677599999999,3872.1940999999993,3863.677600000001,3870.293599999999,24827005,50472803988.0,SH000001
2026-07-22 10:00:00,3870.4783,3879.209899999999,3869.305600000001,3877.472499999998,23099509,46349012962.7,SH000001
2026-07-22 10:05:00,3877.3507,3878.9429999999984,3871.8241000000016,3876.291199999998,18362830,34336712757.100006,SH000001
2026-07-22 10:10:00,3876.7004,3876.7003999999984,3873.128900000001,3874.757399999999,14771652,29552504930.400017,SH000001
2026-07-22 10:15:00,3875.0608,3876.1726999999983,3870.364200000002,3871.426000000001,14900189,29362467002.300026,SH000001
2026-07-22 10:20:00,3871.9164,3876.9982999999975,3871.266400000002,3874.930000000001,15669033,31670848308.700016,SH000001
2026-07-22 10:25:00,3875.095100000001,3881.672099999998,3874.2378000000026,3878.1079,14214451,30495339730.300007,SH000001
2026-07-22 10:30:00,3877.9156000000007,3880.9715999999976,3877.413900000003,3880.892099999999,11110105,22170939086.700005,SH000001
2026-07-22 10:35:00,3880.1330000000007,3881.459399999997,3878.112100000003,3879.0335999999993,13990654,26398482034.899994,SH000001
2026-07-22 10:40:00,3879.408500000001,3882.208499999996,3875.562400000003,3878.599999999999,11934545,26043913290.19999,SH000001
2026-07-22 10:45:00,3877.9952000000008,3878.931899999995,3867.6283000000026,3872.7913999999982,12436988,25894759266.99999,SH000001
2026-07-22 10:50:00,3872.722400000001,3877.775399999995,3872.5957000000026,3876.8030999999983,9772550,18421826531.999996,SH000001
2026-07-22 10:55:00,3877.185000000001,3881.038899999995,3876.251300000002,3880.8377999999984,8815613,16247111918.399998,SH000001
2026-07-22 11:00:00,3881.032200000001,3881.032199999995,3876.779100000004,3876.7790999999993,6824079,14061532975.59999,SH000001
2026-07-22 11:05:00,3876.4304000000006,3876.430399999995,3865.628700000004,3866.0175000000017,10559239,18343448281.49999,SH000001
2026-07-22 11:10:00,3866.049200000001,3866.4837999999945,3861.262100000003,3863.3859000000016,9630289,17688663426.19998,SH000001
2026-07-22 11:15:00,3863.1017000000006,3869.4113999999954,3862.933100000004,3867.758600000002,7649962,15411698717.499985,SH000001
2026-07-22 11:20:00,3867.882500000001,3874.223099999995,3867.882500000004,3872.879300000001,6429707,14212895512.099987,SH000001
2026-07-22 11:25:00,3872.7487000000015,3880.1671999999944,3872.748700000004,3880.167200000001,6549172,14440967135.299986,SH000001
2026-07-22 11:30:00,3879.8628000000017,3884.435199999995,3879.862800000003,3883.5843,6918466,16174706992.799988,SH000001
2026-07-22 13:05:00,3883.2376000000017,3883.603299999995,3870.974400000004,3871.7048,11975820,27462015161.999977,SH000001
2026-07-22 13:10:00,3871.252500000001,3873.742899999994,3868.485600000003,3869.039199999999,6640416,15216540464.899971,SH000001
2026-07-22 13:15:00,3869.018100000001,3869.817899999995,3866.622000000003,3869.8179,6185736,14578489876.599974,SH000001
2026-07-22 13:20:00,3869.753800000001,3869.7537999999954,3861.1635000000024,3867.8525,7580984,16603545626.199968,SH000001
2026-07-22 13:25:00,3867.5810000000006,3868.973099999997,3865.4434000000024,3868.8752,9445828,18531134685.599968,SH000001
2026-07-22 13:30:00,3868.9732,3872.3411999999967,3865.0747000000015,3867.817000000001,10506725,22406313170.999966,SH000001
2026-07-22 13:35:00,3867.5593,3867.559299999996,3859.5682000000006,3866.9277,10045942,22582394210.59996,SH000001
2026-07-22 13:40:00,3867.1531,3871.430599999995,3865.5011,3866.3081999999986,8643198,17157627169.099962,SH000001
2026-07-22 13:45:00,3865.6785,3869.851399999995,3860.6654,3864.780599999997,6315460,13571928305.699963,SH000001
2026-07-22 13:50:00,3864.9454,3868.995299999995,3864.8460999999993,3866.816799999995,5492801,11361038726.39996,SH000001
2026-07-22 13:55:00,3866.647699999999,3869.233199999995,3863.974499999999,3864.215999999996,5832258,11163927908.299963,SH000001
2026-07-22 14:00:00,3864.0461999999993,3864.046199999995,3857.0404999999982,3860.004599999996,7341925,15829346495.699963,SH000001
2026-07-22 14:05:00,3860.3807,3866.241399999993,3858.1062,3858.607499999994,9104431,15114966692.499958,SH000001
2026-07-22 14:10:00,3858.6219999999994,3858.621999999993,3851.692499999999,3853.1180999999942,10129687,19987801578.299953,SH000001
2026-07-22 14:15:00,3853.259899999999,3853.709699999994,3847.4954,3850.6785,8505799,17802492849.89998,SH000001
2026-07-22 14:20:00,3850.712700000001,3859.917499999999,3850.049599999999,3856.0062000000007,6877167,14538941375.0,SH000001
2026-07-22 14:25:00,3856.597800000001,3867.131,3856.597799999999,3866.168200000003,6544963,13863043473.699997,SH000001
2026-07-22 14:30:00,3865.907600000001,3865.927400000001,3855.834300000001,3855.834300000002,5886697,11473151288.299995,SH000001
2026-07-22 14:35:00,3855.857700000001,3866.466499999999,3854.284600000001,3861.563900000001,9140003,15729471127.499996,SH000001
2026-07-22 14:40:00,3862.0701000000017,3863.260699999999,3858.7104,3861.2163999999993,7785518,14404615167.099995,SH000001
2026-07-22 14:45:00,3861.0265000000018,3866.9702999999986,3859.943,3862.859200000001,8951009,16299908222.49999,SH000001
2026-07-22 14:50:00,3863.273700000001,3864.0109999999986,3859.7328,3861.6561000000015,10372601,20072707558.299995,SH000001
2026-07-22 14:55:00,3861.679800000001,3864.4886999999976,3860.9509,3862.640300000004,13078336,23991979540.09999,SH000001
2026-07-22 15:00:00,3863.250100000001,3867.050699999998,3861.232,3867.033600000004,14379618,24738773010.69999,SH000001
2026-07-23 09:35:00,3868.0871,3868.6327,3857.0936,3864.8990999999983,51396211,98552812497.70001,SH000001
2026-07-23 09:40:00,3864.2475999999992,3872.594299999999,3862.0439000000006,3869.0747999999976,35432034,66289753720.9,SH000001
2026-07-23 09:45:00,3868.868099999999,3869.913899999998,3863.1178999999993,3865.9747999999986,24565713,50329637850.80002,SH000001
2026-07-23 09:50:00,3865.5787999999984,3868.319699999999,3863.1046999999994,3868.319699999998,19978852,40092285678.10001,SH000001
2026-07-23 09:55:00,3868.424199999998,3874.963799999998,3864.9114999999993,3872.746199999999,18339078,36027764971.40001,SH000001
2026-07-23 10:00:00,3872.782599999998,3873.992999999998,3868.208999999999,3870.392799999999,15943612,30000595622.00001,SH000001
2026-07-23 10:05:00,3870.2277999999983,3872.733399999997,3868.402299999999,3871.177199999998,22417180,39110444182.60001,SH000001
2026-07-23 10:10:00,3871.630099999999,3873.540899999997,3863.321799999998,3867.552799999996,16525914,31784626557.900024,SH000001
2026-07-23 10:15:00,3867.818999999999,3870.2353999999978,3867.066899999998,3867.9070999999944,13380123,26084438672.000023,SH000001
2026-07-23 10:20:00,3868.124299999999,3871.789399999997,3865.7488999999982,3869.801499999995,15331810,27274095208.600018,SH000001
2026-07-23 10:25:00,3870.035399999999,3873.3227999999976,3867.3860999999984,3867.490499999996,14240993,25107963418.500027,SH000001
2026-07-23 10:30:00,3867.2044999999985,3867.397299999998,3858.277699999998,3861.345499999997,13037655,28316197263.200035,SH000001
2026-07-23 10:35:00,3861.2176999999983,3867.358899999997,3861.217699999998,3863.783699999998,9910025,19776450407.70004,SH000001
2026-07-23 10:40:00,3863.4094999999984,3869.527199999997,3863.2066999999984,3867.5208999999986,9986803,17018298295.200039,SH000001
2026-07-23 10:45:00,3867.4259999999986,3869.928199999996,3863.5697999999984,3863.7382999999986,9267052,16394303199.800041,SH000001
2026-07-23 10:50:00,3863.583599999999,3866.147299999995,3861.137099999998,3863.0391999999983,8758357,17596882786.400043,SH000001
2026-07-23 10:55:00,3863.255199999999,3868.890299999995,3862.490799999998,3865.597099999998,8828887,15625039888.40005,SH000001
2026-07-23 11:00:00,3865.2538999999992,3865.682599999995,3862.199999999998,3865.440399999997,5936728,13662174299.500051,SH000001
2026-07-23 11:05:00,3864.5814999999993,3865.423599999995,3857.598299999998,3858.0256999999983,8922016,17872722145.500046,SH000001
2026-07-23 11:10:00,3857.916799999999,3858.915099999997,3852.7751999999978,3854.7995999999985,7791874,17441665152.900043,SH000001
2026-07-23 11:15:00,3854.8730999999993,3861.059199999996,3851.705799999998,3860.8104,7222782,14545870558.900045,SH000001
2026-07-23 11:20:00,3861.3325999999993,3863.717199999997,3858.953299999997,3860.5337,5930986,11365086871.200043,SH000001
2026-07-23 11:25:00,3860.3420999999994,3864.3139999999967,3857.7008999999975,3858.3047000000006,5259747,9868609708.300041,SH000001
2026-07-23 11:30:00,3858.402,3860.369299999996,3855.3992999999978,3859.688000000001,5568971,9496311466.800041,SH000001
2026-07-23 13:05:00,3860.5279,3866.0111999999954,3860.527899999997,3861.908800000002,11120399,20024031839.100044,SH000001
2026-07-23 13:10:00,3861.7977,3873.6127999999944,3861.4746999999966,3872.728500000001,9089774,15619831789.300037,SH000001
2026-07-23 13:15:00,3873.0711,3873.9319999999943,3867.576799999996,3868.248300000003,8624360,15204929411.100035,SH000001
2026-07-23 13:20:00,3868.0868,3869.582799999993,3862.066999999995,3862.067000000002,7459421,13757206963.50003,SH000001
2026-07-23 13:25:00,3862.4705,3867.417699999992,3862.470499999995,3864.919700000001,5699245,10583874604.600027,SH000001
2026-07-23 13:30:00,3864.5598,3873.2557999999904,3864.559799999995,3870.561000000001,9129372,14375350177.400024,SH000001
2026-07-23 13:35:00,3870.7291,3875.318899999991,3868.747499999995,3874.854000000002,9496047,15866094898.400024,SH000001
2026-07-23 13:40:00,3874.9385,3878.2810999999906,3873.0086999999953,3875.602700000002,8494386,15921274335.600029,SH000001
2026-07-23 13:45:00,3875.6292,3875.6291999999903,3870.780599999996,3872.6435,7233083,13827581762.70003,SH000001
2026-07-23 13:50:00,3872.4993999999992,3873.2359999999894,3868.776499999996,3870.0202999999983,7500244,11601601467.900024,SH000001
2026-07-23 13:55:00,3869.8215999999993,3870.903399999989,3867.887199999994,3868.850499999996,5972049,10021754213.30002,SH000001
2026-07-23 14:00:00,3869.326,3870.838099999988,3867.0178999999953,3868.673799999995,8104359,11369708765.900023,SH000001
2026-07-23 14:05:00,3868.626799999999,3870.032599999987,3866.6400999999946,3868.9090999999953,9034387,13064143959.200027,SH000001
2026-07-23 14:10:00,3868.7961999999993,3871.563199999987,3867.391999999995,3870.1207999999942,6283889,9378757446.900026,SH000001
2026-07-23 14:15:00,3870.0753999999993,3871.304399999987,3868.497299999994,3869.967999999996,5989594,9734462844.600027,SH000001
2026-07-23 14:20:00,3870.1194999999993,3872.338699999987,3868.975399999993,3870.817599999999,6779630,11160925350.200024,SH000001
2026-07-23 14:25:00,3871.128299999999,3871.6834999999874,3870.246399999993,3870.564399999997,6126419,10667222613.500025,SH000001
2026-07-23 14:30:00,3870.373199999999,3872.0952999999863,3867.739399999993,3871.8054999999968,6595583,12264075725.900024,SH000001
2026-07-23 14:35:00,3872.1090999999983,3877.3413999999857,3871.176799999993,3872.288699999997,11075907,16236892491.40002,SH000001
2026-07-23 14:40:00,3872.407499999999,3876.4031999999866,3872.407499999993,3876.2400999999986,7974575,13228186050.70002,SH000001
2026-07-23 14:45:00,3876.050899999999,3878.831799999987,3875.455699999992,3878.123799999999,8960778,15552805578.800022,SH000001
2026-07-23 14:50:00,3878.0680999999986,3878.068099999987,3874.227299999992,3875.1669,11079255,18684004212.500027,SH000001
2026-07-23 14:55:00,3875.959499999998,3877.455099999988,3874.720599999992,3876.264299999999,14418373,23335097993.70002,SH000001
2026-07-23 15:00:00,3876.003599999998,3877.365299999987,3875.838399999993,3876.7773999999986,15179480,23212501491.00002,SH000001
2026-07-24 09:35:00,3853.6316,3854.9369,3844.9496,3852.429399999999,57546247,96944039163.60002,SH000001
2026-07-24 09:40:00,3852.2238000000007,3854.9304,3847.972800000001,3851.1126,36157299,60609233120.40001,SH000001
2026-07-24 09:45:00,3851.5467,3859.202800000001,3848.2620000000006,3857.7066,21502998,41523117397.8,SH000001
2026-07-24 09:50:00,3857.6211000000008,3861.0404000000017,3855.7253000000014,3857.687200000003,18228815,33720141148.499996,SH000001
2026-07-24 09:55:00,3858.012,3858.7068000000017,3852.614300000001,3855.570600000003,18842434,32921363760.6,SH000001
2026-07-24 10:00:00,3854.9504,3855.7461000000026,3851.4386000000018,3854.156900000003,15365767,26787541474.499996,SH000001
2026-07-24 10:05:00,3854.3056,3855.797300000002,3849.742800000002,3849.742800000004,13592800,24060514294.89999,SH000001
2026-07-24 10:10:00,3849.744599999999,3857.696300000002,3848.2570000000014,3854.653200000002,12018540,21755864131.69999,SH000001
2026-07-24 10:15:00,3854.8821,3855.652100000002,3846.4795000000017,3847.601900000003,11263605,18772470753.899994,SH000001
2026-07-24 10:20:00,3847.4948,3848.6600000000017,3841.3172000000022,3843.7784000000024,11242025,20386641881.6,SH000001
2026-07-24 10:25:00,3843.5229,3844.299300000002,3838.300700000001,3843.8368000000023,9470017,18200918957.5,SH000001
2026-07-24 10:30:00,3843.6888,3845.2269000000024,3841.411000000001,3842.3742000000025,8681758,16598267539.900007,SH000001
2026-07-24 10:35:00,3842.6823,3842.770100000002,3834.008600000002,3838.323500000003,11553878,18733293867.300007,SH000001
2026-07-24 10:40:00,3837.6615,3837.887600000002,3832.0826000000006,3832.0826000000034,8787956,16513749029.800003,SH000001
2026-07-24 10:45:00,3831.732,3834.498400000002,3830.0020000000018,3830.8952000000054,7760550,14056451611.500008,SH000001
2026-07-24 10:50:00,3831.489700000001,3836.549000000003,3830.5173000000023,3835.0841000000064,8221116,13701967736.299995,SH000001
2026-07-24 10:55:00,3833.893900000001,3839.7800000000025,3832.929900000002,3839.577600000009,8087868,14162270940.3,SH000001
2026-07-24 11:00:00,3839.5006000000008,3839.7899000000025,3834.0224000000026,3834.426800000007,6902138,12203650001.900002,SH000001
2026-07-24 11:05:00,3835.049100000001,3835.0491000000034,3828.7980000000016,3831.0468000000055,8332943,13399191065.200005,SH000001
2026-07-24 11:10:00,3831.1270000000018,3832.7536000000023,3828.201800000002,3828.382600000005,4791242,9110178907.000008,SH000001
2026-07-24 11:15:00,3828.170700000001,3832.2746000000025,3828.167400000002,3829.6017000000033,4894743,9422696758.90001,SH000001
2026-07-24 11:20:00,3829.2081000000017,3829.522700000003,3825.3644000000018,3826.1016000000022,6210711,11272818737.70001,SH000001
2026-07-24 11:25:00,3825.337000000002,3826.461700000004,3822.216,3825.4688000000024,7842948,13113356993.80001,SH000001
2026-07-24 11:30:00,3825.263100000002,3832.0431000000017,3823.339000000001,3830.194400000005,6291511,11424469887.500008,SH000001
2026-07-24 13:05:00,3830.730000000002,3835.611400000001,3830.730000000001,3833.3588000000022,9349461,19071940042.400017,SH000001
2026-07-24 13:10:00,3833.513100000002,3848.1590999999994,3833.0011,3845.558899999999,7631753,17688802437.70002,SH000001
2026-07-24 13:15:00,3845.623400000002,3853.801700000001,3845.122300000001,3845.2668,8939064,21166830342.400024,SH000001
2026-07-24 13:20:00,3845.035100000002,3846.6543000000006,3841.637900000001,3846.6543,5833595,14072586003.300034,SH000001
2026-07-24 13:25:00,3846.949700000002,3846.9497000000006,3839.003900000002,3839.262,5827057,12158347269.800035,SH000001
2026-07-24 13:30:00,3839.323500000002,3845.9141999999993,3839.3220000000024,3840.3668999999986,6467335,14023784873.70004,SH000001
2026-07-24 13:35:00,3840.533900000002,3840.533899999999,3834.394500000002,3836.227699999999,7250524,12974796901.700043,SH000001
2026-07-24 13:40:00,3834.931100000002,3835.520199999999,3828.9244000000017,3828.924400000001,5846646,11535816307.100037,SH000001
2026-07-24 13:45:00,3829.2252000000026,3831.516,3825.8085000000015,3826.243000000002,6394442,11502490704.500034,SH000001
2026-07-24 13:50:00,3824.950700000002,3828.1451,3823.814300000002,3825.940600000002,6315492,10833825151.200033,SH000001
2026-07-24 13:55:00,3825.6315000000022,3826.0176,3822.4681000000014,3822.829400000003,5284470,9877924475.200031,SH000001
2026-07-24 14:00:00,3822.758200000003,3824.2953999999986,3820.6947000000023,3822.3994000000016,6505471,10496692190.200031,SH000001
2026-07-24 14:05:00,3822.5246000000034,3822.7128999999986,3820.372400000003,3821.248600000003,6723406,10852178709.600029,SH000001
2026-07-24 14:10:00,3820.695100000003,3821.3976999999986,3816.479400000003,3821.0792000000024,6128854,12192954446.300032,SH000001
2026-07-24 14:15:00,3821.351500000004,3827.992599999997,3819.6997000000033,3827.955699999999,5407344,10012638159.100035,SH000001
2026-07-24 14:20:00,3828.191900000004,3829.727399999997,3822.8359000000023,3823.1491999999985,5835616,10100555663.90003,SH000001
2026-07-24 14:25:00,3823.795300000004,3832.126199999997,3823.7953000000025,3828.353799999998,5624753,11334982181.000029,SH000001
2026-07-24 14:30:00,3828.4958000000033,3831.1068999999966,3826.9043000000024,3827.7818999999968,5361964,10458908242.000029,SH000001
2026-07-24 14:35:00,3827.990100000003,3831.6012999999966,3819.0983000000033,3822.568599999999,8731465,14868859931.100025,SH000001
2026-07-24 14:40:00,3824.233600000004,3824.233599999997,3817.772000000003,3818.6329,7910075,13337320627.800028,SH000001
2026-07-24 14:45:00,3818.418400000004,3818.684499999996,3814.241500000003,3814.678399999999,10240444,16943428801.400032,SH000001
2026-07-24 14:50:00,3814.497500000004,3814.497499999996,3808.635900000004,3811.4482000000007,12420530,21768898294.60003,SH000001
2026-07-24 14:55:00,3811.195300000004,3813.180599999995,3810.125900000003,3811.7434000000007,14165697,24081773031.00003,SH000001
2026-07-24 15:00:00,3811.593600000004,3814.2168,3809.958200000003,3814.1978,14169416,23990178875.900017,SH000001
2026-07-27 09:35:00,3808.9032,3808.9032,3795.4241,3804.7581,46261589,99221034116.49998,SH000001
2026-07-27 09:40:00,3804.5736,3805.1828,3793.4489,3798.3128,35893945,80168466024.69997,SH000001
2026-07-27 09:45:00,3798.2756,3810.7295,3797.7678,3806.745499999999,31545416,70254709322.3,SH000001
2026-07-27 09:50:00,3805.8354,3817.9184,3803.1958999999993,3814.850199999999,21828912,48267153856.5,SH000001
2026-07-27 09:55:00,3814.7125,3825.5138,3813.293399999998,3825.5138,20036951,40927972342.49999,SH000001
2026-07-27 10:00:00,3826.1739,3836.976599999999,3826.1738999999984,3834.0823,20508324,48816777032.29999,SH000001
2026-07-27 10:05:00,3834.2364,3839.482899999999,3831.398,3835.3805000000007,18152488,38389005942.999985,SH000001
2026-07-27 10:10:00,3835.1441,3841.489599999999,3833.5945,3841.122500000002,11878615,26253953341.89999,SH000001
2026-07-27 10:15:00,3840.7428,3840.742799999999,3834.1752999999985,3835.030900000001,10622374,24197684605.799988,SH000001
2026-07-27 10:20:00,3834.6696000000006,3836.1247,3829.7810999999983,3833.2837000000018,10434445,23455784185.09999,SH000001
2026-07-27 10:25:00,3832.5626000000007,3837.8346000000006,3832.1912999999986,3834.261900000002,9833702,19965358982.99999,SH000001
2026-07-27 10:30:00,3834.1725,3838.500900000001,3833.82,3837.0888000000023,8669156,17210774094.599995,SH000001
2026-07-27 10:35:00,3837.1493,3837.149300000001,3831.3804999999993,3832.0080000000025,9755313,19183380912.499996,SH000001
2026-07-27 10:40:00,3831.404399999999,3831.431700000001,3824.5059,3824.9119000000032,9330668,18813910503.9,SH000001
2026-07-27 10:45:00,3824.5536,3828.1700000000014,3824.2494,3827.336400000005,7445358,13462073143.500006,SH000001
2026-07-27 10:50:00,3827.1675,3829.794500000002,3824.8072,3825.333300000005,6523941,12646791372.100006,SH000001
2026-07-27 10:55:00,3825.024499999999,3826.486000000002,3822.396799999999,3824.2007000000062,5963305,11603775282.300009,SH000001
2026-07-27 11:00:00,3824.3813,3825.540300000003,3822.3544999999986,3823.245500000008,5431123,10876612176.800007,SH000001
2026-07-27 11:05:00,3822.7206,3826.927600000003,3822.720599999999,3826.223100000007,5560167,11505175333.500002,SH000001
2026-07-27 11:10:00,3825.9178,3828.524700000003,3824.1973000000007,3825.5546000000086,5241470,11478744706.099998,SH000001
2026-07-27 11:15:00,3826.0246,3831.242500000003,3825.900300000001,3827.656100000008,4751712,10841551455.699997,SH000001
2026-07-27 11:20:00,3827.4727,3828.4067000000023,3823.6000000000017,3826.577700000007,4712896,10823508707.899998,SH000001
2026-07-27 11:25:00,3826.3704,3831.086900000002,3825.180400000002,3829.862500000008,3898515,8070686219.5999975,SH000001
2026-07-27 11:30:00,3830.195799999999,3831.4345000000026,3827.7877000000026,3829.385100000007,4210924,8545616286.999996,SH000001
2026-07-27 13:05:00,3830.047199999999,3833.715900000003,3829.977300000002,3830.924200000008,9099787,17783271366.6,SH000001
2026-07-27 13:10:00,3830.7219999999993,3831.011600000003,3827.8072000000016,3830.174000000008,7153054,13224209704.499998,SH000001
2026-07-27 13:15:00,3829.870199999999,3831.641600000001,3823.301400000002,3826.707100000007,8672677,15051859004.999996,SH000001
2026-07-27 13:20:00,3825.701899999999,3827.737900000002,3823.9191000000033,3824.377800000007,6140710,12017267638.499996,SH000001
2026-07-27 13:25:00,3823.9697999999994,3826.193900000001,3823.555800000004,3824.2414000000063,5526800,10067021405.899992,SH000001
2026-07-27 13:30:00,3824.4972,3824.850200000001,3820.450100000004,3822.957300000008,7796952,13909710030.59999,SH000001
2026-07-27 13:35:00,3822.8742,3823.241200000001,3814.8195000000032,3817.3742000000098,8149513,15351832654.099989,SH000001
2026-07-27 13:40:00,3817.0223999999994,3821.067500000001,3815.464900000003,3820.0738000000088,5319505,10055984532.29999,SH000001
2026-07-27 13:45:00,3820.2298,3825.1052,3820.168100000003,3824.061700000007,4824445,8836362552.899988,SH000001
2026-07-27 13:50:00,3823.8782999999994,3830.1248,3822.895300000003,3829.9036000000056,5294472,9771087305.699987,SH000001
2026-07-27 13:55:00,3830.0463999999993,3831.1473999999994,3827.4965000000034,3827.7988000000055,5056750,9405216403.099985,SH000001
2026-07-27 14:00:00,3827.7323,3828.6662,3826.241800000004,3827.919000000006,4295556,7930994578.599986,SH000001
2026-07-27 14:05:00,3827.9823,3831.2937,3827.154300000004,3831.293700000007,6577033,10301560765.099987,SH000001
2026-07-27 14:10:00,3831.4379,3837.2689000000014,3831.437900000005,3836.1994000000095,7543116,11236119894.599987,SH000001
2026-07-27 14:15:00,3836.295399999999,3837.8873000000017,3833.280000000004,3834.969200000011,5874949,10031096874.199986,SH000001
2026-07-27 14:20:00,3835.072599999999,3836.414600000001,3832.9612000000047,3835.8138000000113,6229818,10623496303.399986,SH000001
2026-07-27 14:25:00,3836.2041,3839.620300000001,3835.158100000005,3838.252700000012,7491704,14107859474.199986,SH000001
2026-07-27 14:30:00,3838.244,3841.1381000000015,3837.231600000004,3841.060700000012,6024746,11737654606.99998,SH000001
2026-07-27 14:35:00,3840.8681,3850.3874000000014,3840.868100000004,3849.2410000000127,10221649,20111355690.199986,SH000001
2026-07-27 14:40:00,3849.357,3854.5626000000025,3848.3916000000054,3854.1603000000127,9702212,20931780990.599983,SH000001
2026-07-27 14:45:00,3854.2087,3857.6812000000023,3854.129900000006,3854.970100000014,10818898,22698202115.199978,SH000001
2026-07-27 14:50:00,3855.4396000000006,3856.945200000004,3853.883300000006,3856.6980000000126,10420364,21546495237.199986,SH000001
2026-07-27 14:55:00,3856.9097000000006,3858.101600000003,3855.4826000000057,3857.5387000000137,14413503,25639679774.699993,SH000001
2026-07-27 15:00:00,3857.6492,3858.309700000003,3857.434300000006,3858.2450000000126,13739932,23961524211.89999,SH000001
2026-07-28 09:35:00,3823.1331,3835.405600000001,3821.0787,3835.4056,49673901,102714972793.8,SH000001
2026-07-28 09:40:00,3835.623,3841.1109999999994,3835.263299999999,3838.0983,32687076,60004108684.80002,SH000001
2026-07-28 09:45:00,3837.9506,3841.7249,3835.6226999999985,3838.0456000000017,21222396,40221244616.9,SH000001
2026-07-28 09:50:00,3837.9850999999994,3838.586800000001,3831.500999999999,3835.476500000002,23012196,41014548995.8,SH000001
2026-07-28 09:55:00,3835.495899999999,3840.2233999999994,3834.4254,3839.378200000004,20059975,36648064776.5,SH000001
2026-07-28 10:00:00,3839.126499999999,3842.0441999999994,3836.0287,3838.2973000000034,12900506,26719409360.0,SH000001
2026-07-28 10:05:00,3838.1127,3844.0118,3835.9814999999994,3840.412200000004,12514079,26575476283.8,SH000001
2026-07-28 10:10:00,3839.9068,3841.8522,3837.7026999999985,3838.478300000004,12339879,22745197785.8,SH000001
2026-07-28 10:15:00,3838.166099999999,3838.166099999999,3829.8562999999976,3831.523800000002,13252551,23015599497.499992,SH000001
2026-07-28 10:20:00,3830.762799999999,3830.968199999999,3825.5456999999983,3825.889000000004,10416866,19086262123.899986,SH000001
2026-07-28 10:25:00,3826.1855,3828.117799999999,3821.9804999999983,3822.263800000004,8981786,16822338338.099981,SH000001
2026-07-28 10:30:00,3822.403099999999,3822.403099999999,3815.1725999999985,3818.344400000003,7952709,17458676631.599976,SH000001
2026-07-28 10:35:00,3817.968799999999,3818.1901000000007,3812.198199999999,3814.0736000000056,8869271,17744237349.199974,SH000001
2026-07-28 10:40:00,3813.631299999999,3813.6313,3807.139399999999,3808.929900000008,9771363,19562275651.499973,SH000001
2026-07-28 10:45:00,3809.438899999999,3812.7616,3808.1236999999983,3808.123700000009,7620128,15832986907.09997,SH000001
2026-07-28 10:50:00,3808.5454999999993,3810.8541,3802.563499999998,3805.4787000000074,9421872,20118290114.099968,SH000001
2026-07-28 10:55:00,3805.598299999999,3813.6740999999984,3804.8244999999974,3808.7114000000074,7215658,15450437483.899965,SH000001
2026-07-28 11:00:00,3808.6988999999994,3811.5743999999986,3806.227799999995,3807.201600000005,5971741,11901267636.799963,SH000001
2026-07-28 11:05:00,3807.1544,3807.6555999999982,3802.689299999995,3802.959000000005,6264373,12993449079.599964,SH000001
2026-07-28 11:10:00,3803.195600000001,3804.776899999999,3800.499799999995,3802.9798000000055,6601767,14215345248.599964,SH000001
2026-07-28 11:15:00,3803.2566000000006,3815.9209,3801.674599999996,3815.259100000004,7289009,14323976162.599964,SH000001
2026-07-28 11:20:00,3815.4574000000007,3824.2696,3811.939799999995,3820.0826000000047,7482719,14416168701.799963,SH000001
2026-07-28 11:25:00,3819.905400000001,3826.9611,3816.696799999996,3824.196300000004,6412163,12617016089.299961,SH000001
2026-07-28 11:30:00,3824.4324000000015,3827.7906,3819.460999999994,3820.5244000000025,5545674,10672897807.499964,SH000001
2026-07-28 13:05:00,3820.442300000001,3820.4423,3809.003699999996,3809.048900000006,10292605,18584263967.69997,SH000001
2026-07-28 13:10:00,3808.479600000001,3811.500199999998,3805.113999999995,3810.8236000000065,6661989,12652818691.799965,SH000001
2026-07-28 13:15:00,3811.297100000001,3817.760499999998,3809.8256999999953,3816.275000000004,6180222,11254405340.199966,SH000001
2026-07-28 13:20:00,3816.055000000001,3817.2976999999983,3810.488199999996,3811.4537000000046,5464064,10606478129.499966,SH000001
2026-07-28 13:25:00,3811.131200000001,3811.449699999999,3808.1439999999966,3808.7898000000055,5819461,10988574816.59997,SH000001
2026-07-28 13:30:00,3808.820200000001,3809.9364999999993,3806.2683999999967,3808.568000000006,5579444,11581743086.89997,SH000001
2026-07-28 13:35:00,3808.233100000001,3808.4828999999986,3801.054799999996,3801.170400000008,6155407,13544475758.199966,SH000001
2026-07-28 13:40:00,3801.180700000001,3811.214699999998,3800.719899999997,3811.2147000000095,7005018,12815933513.89997,SH000001
2026-07-28 13:45:00,3811.4990000000007,3817.8610999999983,3811.086599999996,3813.746500000011,6268539,12263737244.89997,SH000001
2026-07-28 13:50:00,3813.786900000001,3815.2255999999984,3804.222599999995,3805.495200000012,4972374,9682494004.199968,SH000001
2026-07-28 13:55:00,3805.680000000001,3807.569399999999,3804.992299999994,3804.9923000000135,4705093,9439298558.099972,SH000001
2026-07-28 14:00:00,3805.172300000001,3808.218099999999,3805.172299999994,3807.724900000012,4780706,8787464318.699972,SH000001
2026-07-28 14:05:00,3808.0397000000016,3813.7425,3807.578099999994,3810.7171000000126,8721724,12120316118.79997,SH000001
2026-07-28 14:10:00,3810.7016000000017,3810.8726,3807.7566999999935,3807.756700000013,5150351,10361845781.69997,SH000001
2026-07-28 14:15:00,3807.702600000001,3809.278500000001,3804.611799999992,3805.5023000000137,5944731,12228949696.399971,SH000001
2026-07-28 14:20:00,3805.240800000001,3806.409600000001,3801.280599999992,3806.0767000000137,8013893,15215425859.099966,SH000001
2026-07-28 14:25:00,3806.4143000000017,3811.316700000001,3806.268699999993,3807.813000000013,6003341,11432800955.09996,SH000001
2026-07-28 14:30:00,3808.0277000000015,3808.482100000001,3805.1135999999938,3808.4821000000143,5248959,10330852806.09996,SH000001
2026-07-28 14:35:00,3808.640600000001,3808.640600000001,3803.873999999994,3805.036200000016,8344397,15892122676.599962,SH000001
2026-07-28 14:40:00,3804.5244000000016,3805.1728000000016,3797.8491999999937,3801.730100000016,10566112,21069696457.399963,SH000001
2026-07-28 14:45:00,3802.1682000000014,3804.525400000002,3798.463799999993,3798.463800000015,9904825,18779167209.79996,SH000001
2026-07-28 14:50:00,3797.9310000000014,3804.0735000000022,3797.372699999993,3804.073500000017,12476206,21719806734.19996,SH000001
2026-07-28 14:55:00,3804.640600000001,3810.7779000000032,3804.640599999994,3808.314300000021,13676463,23252453983.89995,SH000001
2026-07-28 15:00:00,3808.1560000000018,3813.314800000005,3808.155999999993,3813.3146000000224,13114199,21634970754.79995,SH000001
2026-07-29 09:35:00,3823.2931,3823.6025,3805.855700000001,3811.252700000001,50655135,95004359130.80003,SH000001
2026-07-29 09:40:00,3810.4695,3822.0354000000007,3809.738100000001,3817.2490000000016,29740205,56820742115.40004,SH000001
2026-07-29 09:45:00,3817.1816,3818.757600000001,3800.2495,3801.1832000000018,23934448,49943326663.20004,SH000001
2026-07-29 09:50:00,3802.0978,3802.7362,3792.391300000001,3792.9958000000033,24262951,51431185268.90008,SH000001
2026-07-29 09:55:00,3792.413499999999,3796.9219000000007,3788.259800000002,3794.729600000004,20650447,39908691881.900085,SH000001
2026-07-29 10:00:00,3794.836999999999,3795.9338,3787.7128000000007,3791.618100000003,18443862,34255548726.500084,SH000001
2026-07-29 10:05:00,3791.4616,3792.380000000001,3784.660300000001,3786.5893000000033,20186045,35438163265.90008,SH000001
2026-07-29 10:10:00,3786.3449,3788.6161,3782.4811,3788.3256000000006,17311068,36154003234.600075,SH000001
2026-07-29 10:15:00,3788.546799999999,3801.0259,3788.2431,3795.6206000000006,14429376,27537706916.900093,SH000001
2026-07-29 10:20:00,3795.425799999999,3797.7864,3791.403299999999,3792.0948000000017,10792485,19575385995.100094,SH000001
2026-07-29 10:25:00,3791.778799999999,3796.056200000002,3787.303699999999,3795.965200000004,12740341,21247784079.300087,SH000001
2026-07-29 10:30:00,3796.6859999999992,3812.494800000002,3796.686,3809.756400000003,17889235,32625065485.400085,SH000001
2026-07-29 10:35:00,3810.3752999999992,3816.891200000002,3809.5239,3810.6684000000023,16058156,29038121057.70008,SH000001
2026-07-29 10:40:00,3810.095699999999,3811.168800000002,3802.4223000000006,3804.125600000003,10312377,18897691001.100082,SH000001
2026-07-29 10:45:00,3804.659699999999,3807.718600000003,3801.42,3801.420000000004,7959962,16100883225.100082,SH000001
2026-07-29 10:50:00,3800.9913999999985,3802.463300000002,3795.462500000001,3795.4625000000055,8197871,17204210088.600082,SH000001
2026-07-29 10:55:00,3795.5815999999986,3795.5816000000023,3787.976000000002,3788.266800000009,8046793,15261706733.600082,SH000001
2026-07-29 11:00:00,3788.505799999999,3792.981900000003,3787.6719000000016,3791.066200000011,7509905,14422348388.200087,SH000001
2026-07-29 11:05:00,3791.4431999999993,3796.9181000000026,3791.279000000002,3795.1816000000103,7754469,14344921554.500095,SH000001
2026-07-29 11:10:00,3795.6605999999992,3802.420400000003,3788.431800000001,3802.4204000000113,9829493,17056092575.500095,SH000001
2026-07-29 11:15:00,3802.4658999999992,3807.103800000004,3799.914100000002,3799.9141000000127,8646966,17642406779.700096,SH000001
2026-07-29 11:20:00,3800.1293999999994,3803.348200000003,3796.9438,3797.9516000000126,4704603,10260487627.000097,SH000001
2026-07-29 11:25:00,3797.846199999999,3798.219400000003,3791.8332,3792.7723000000137,4260057,9084385481.700098,SH000001
2026-07-29 11:30:00,3792.5716,3795.0376000000033,3790.5204,3793.1810000000137,4807571,9670345360.3001,SH000001
2026-07-29 13:05:00,3792.0403,3804.4326000000046,3782.813599999999,3803.3299000000143,12045042,24363832469.200092,SH000001
2026-07-29 13:10:00,3803.4098,3815.738500000003,3799.3183999999983,3815.738500000014,9619357,18657381289.300095,SH000001
2026-07-29 13:15:00,3816.2308,3829.208800000003,3814.387999999999,3828.530700000014,11779895,27268607897.200096,SH000001
2026-07-29 13:20:00,3828.0966,3828.199500000004,3817.2051999999985,3819.3280000000145,9648641,21322546535.60009,SH000001
2026-07-29 13:25:00,3819.182800000001,3826.952300000003,3817.252099999998,3822.4880000000167,7721107,15066090069.400087,SH000001
2026-07-29 13:30:00,3823.5718000000006,3829.944500000003,3823.571799999999,3828.1271000000143,7818888,16470975892.60009,SH000001
2026-07-29 13:35:00,3828.435900000001,3837.4382000000023,3824.771099999998,3837.4382000000146,12272009,20041758358.40009,SH000001
2026-07-29 13:40:00,3838.082700000001,3842.790800000002,3834.768899999999,3842.778200000015,10504648,20632946559.300087,SH000001
2026-07-29 13:45:00,3842.741400000001,3845.766100000003,3840.556899999999,3841.373600000016,10346367,21947103872.60009,SH000001
2026-07-29 13:50:00,3841.3650000000007,3843.5522000000033,3831.445799999999,3831.7150000000174,8139541,16816344654.90009,SH000001
2026-07-29 13:55:00,3831.0799,3833.0057000000033,3824.446399999999,3825.043700000016,6969469,13181822662.900087,SH000001
2026-07-29 14:00:00,3824.7664,3830.079300000003,3824.766399999999,3827.1661000000154,5740552,10498654387.500088,SH000001
2026-07-29 14:05:00,3827.4088,3831.454900000004,3821.5036999999984,3821.503700000015,7857685,12166417335.200089,SH000001
2026-07-29 14:10:00,3820.396599999999,3820.878900000004,3817.1698,3818.479700000013,5889071,11138973366.600086,SH000001
2026-07-29 14:15:00,3818.633699999999,3822.836700000003,3815.8366999999985,3822.367200000011,5336269,10014019870.60009,SH000001
2026-07-29 14:20:00,3821.873499999999,3827.7281000000025,3820.9371999999985,3825.954000000014,5780495,10848628053.000093,SH000001
2026-07-29 14:25:00,3825.049699999998,3826.244700000003,3819.4125999999983,3821.650800000012,5368605,10032250125.200096,SH000001
2026-07-29 14:30:00,3821.400099999998,3825.755200000003,3820.259799999999,3824.616300000011,5636875,10113837222.900099,SH000001
2026-07-29 14:35:00,3824.5064999999977,3828.7513000000017,3823.1899000000008,3823.355900000012,8196286,13388819816.2001,SH000001
2026-07-29 14:40:00,3823.263299999998,3825.0040000000017,3819.506300000002,3819.667600000016,7552045,12913275543.100103,SH000001
2026-07-29 14:45:00,3820.101799999998,3823.8267,3819.8707000000018,3823.272100000016,8253517,14520773654.100101,SH000001
2026-07-29 14:50:00,3823.388299999998,3831.5709,3823.309500000002,3831.2689000000178,11681546,20065060977.500095,SH000001
2026-07-29 14:55:00,3831.545099999998,3831.5451,3828.2188000000015,3829.1020000000153,13955359,24086542978.100094,SH000001
2026-07-29 15:00:00,3828.9178999999986,3830.0775999999983,3828.468700000001,3828.469000000015,13572359,22170475948.000084,SH000001
2026-07-30 09:35:00,3812.111,3837.560299999999,3812.111,3835.4803,52308279,93189664603.69998,SH000001
2026-07-30 09:40:00,3835.4543,3839.340699999999,3830.5852,3834.963499999998,36392609,62534391368.19997,SH000001
2026-07-30 09:45:00,3835.1917,3835.5023999999994,3828.1354,3831.0603999999994,24556358,45327925838.59995,SH000001
2026-07-30 09:50:00,3831.676,3832.7883,3825.686499999999,3828.480199999999,24315531,46230561386.89997,SH000001
2026-07-30 09:55:00,3828.0532,3836.196199999998,3827.868099999999,3836.041599999998,19333989,34281246430.299953,SH000001
2026-07-30 10:00:00,3836.8256,3838.742499999998,3831.4403,3831.919099999997,17099130,31243587828.499947,SH000001
2026-07-30 10:05:00,3831.8257,3833.244899999999,3827.216100000001,3828.378399999998,17790345,32002590904.799946,SH000001
2026-07-30 10:10:00,3828.3878,3828.3877999999986,3820.1209,3822.8015999999952,15430594,31223798131.29993,SH000001
2026-07-30 10:15:00,3822.2884,3824.509399999999,3814.0473000000006,3814.856499999996,13671318,26421958613.999924,SH000001
2026-07-30 10:20:00,3814.6647,3818.510599999998,3814.299500000001,3818.1502999999966,14409684,26600669844.399918,SH000001
2026-07-30 10:25:00,3818.0817,3819.2840999999976,3812.832200000003,3814.3769999999954,10933289,20046241712.699917,SH000001
2026-07-30 10:30:00,3813.5349999999994,3816.909199999998,3812.534700000004,3812.534699999995,10983705,20978710362.399918,SH000001
2026-07-30 10:35:00,3813.321499999999,3815.915399999997,3806.254700000005,3806.254699999996,12675709,23234099209.199917,SH000001
2026-07-30 10:40:00,3806.4894999999983,3807.041999999997,3803.821000000005,3805.157999999996,10501421,22229066880.09992,SH000001
2026-07-30 10:45:00,3805.618599999999,3809.067499999998,3802.1129000000055,3803.441899999996,9358544,18567142312.499916,SH000001
2026-07-30 10:50:00,3803.951399999999,3807.526299999998,3801.573900000006,3802.7170999999976,8033050,15090924373.399912,SH000001
2026-07-30 10:55:00,3801.624699999999,3801.627499999999,3795.352900000005,3795.3528999999976,7682366,13927691512.999912,SH000001
2026-07-30 11:00:00,3795.438299999999,3795.693499999999,3791.370400000005,3794.240299999998,7559098,16335906288.79991,SH000001
2026-07-30 11:05:00,3793.746499999999,3796.120899999998,3789.3005000000057,3796.064299999997,8961926,16310039758.699913,SH000001
2026-07-30 11:10:00,3796.324199999999,3804.0394,3794.524800000006,3795.608099999998,8116689,15216897907.899912,SH000001
2026-07-30 11:15:00,3795.143399999999,3797.279,3789.4872000000064,3789.971799999997,8290463,15753276344.499905,SH000001
2026-07-30 11:20:00,3789.840999999999,3791.773400000001,3786.0756000000074,3786.559899999998,7283959,14414918589.499907,SH000001
2026-07-30 11:25:00,3787.049499999999,3791.5962,3783.237500000008,3787.9652999999985,9920786,16857200712.899899,SH000001
2026-07-30 11:30:00,3789.490099999999,3790.3408,3783.061800000008,3784.5516999999977,6865009,14023615313.099894,SH000001
2026-07-30 13:05:00,3783.9567,3783.9567000000006,3767.503300000009,3769.145399999999,15793722,28203594734.499897,SH000001
2026-07-30 13:10:00,3768.9217,3789.119399999999,3768.921700000009,3786.995399999997,11807651,22969587158.2999,SH000001
2026-07-30 13:15:00,3787.3241,3787.324099999999,3776.878000000009,3783.540299999997,8947081,16758643656.699902,SH000001
2026-07-30 13:20:00,3783.5366,3784.942399999999,3771.9391000000087,3778.662699999996,10273644,16525800633.099905,SH000001
2026-07-30 13:25:00,3778.2466,3800.5947999999976,3777.1821000000086,3798.961599999995,10639386,23720457144.99991,SH000001
2026-07-30 13:30:00,3799.137,3806.5430999999967,3797.6490000000103,3805.5623999999953,12070724,26112702931.499897,SH000001
2026-07-30 13:35:00,3804.8236,3805.3813999999966,3797.850600000011,3800.686499999995,9497518,18328650778.59989,SH000001
2026-07-30 13:40:00,3800.3675,3801.5586999999978,3787.19660000001,3788.999599999995,8556676,14878339353.799892,SH000001
2026-07-30 13:45:00,3789.4498,3800.2695999999983,3789.3441000000103,3797.702499999996,7212959,13441477840.099894,SH000001
2026-07-30 13:50:00,3798.2397,3810.7913999999982,3798.239700000011,3801.710499999995,7736839,14930513356.499891,SH000001
2026-07-30 13:55:00,3802.5585,3807.052399999998,3795.2095000000113,3806.2270999999937,6123192,11725880834.399889,SH000001
2026-07-30 14:00:00,3805.8446,3809.1728999999978,3802.569000000011,3804.4171999999944,5670579,13002302990.099888,SH000001
2026-07-30 14:05:00,3804.6106,3807.803999999997,3800.744300000012,3807.803999999995,7353901,13739724591.59989,SH000001
2026-07-30 14:10:00,3808.5505,3812.2692999999977,3806.214300000011,3807.799499999998,6669708,15314883700.699886,SH000001
2026-07-30 14:15:00,3807.4351,3809.465899999998,3802.767200000012,3806.490299999998,6327216,12583914099.799881,SH000001
2026-07-30 14:20:00,3806.356,3817.248699999997,3805.718400000013,3817.248699999997,7372931,14390373591.29988,SH000001
2026-07-30 14:25:00,3817.7065,3826.6194999999966,3817.706500000013,3823.084199999996,10079053,21419467210.199883,SH000001
2026-07-30 14:30:00,3822.8461,3823.001799999997,3815.794900000012,3819.5685,7937444,14707367280.699907,SH000001
2026-07-30 14:35:00,3819.7042,3824.2135,3812.400799999999,3816.2461,10914993,17569174242.900005,SH000001
2026-07-30 14:40:00,3816.3427,3816.3427,3805.3019999999983,3805.3020000000006,8680592,15786788669.900011,SH000001
2026-07-30 14:45:00,3805.5056,3807.312200000001,3803.519399999999,3804.909900000002,10335468,18311443901.50001,SH000001
2026-07-30 14:50:00,3804.4693,3806.204400000001,3798.3867,3798.386700000002,11419941,20904575424.500015,SH000001
2026-07-30 14:55:00,3798.0217,3802.5574000000024,3797.909,3799.9398000000015,14268578,24507433380.60003,SH000001
2026-07-30 15:00:00,3799.6155,3804.693700000003,3798.1680999999994,3804.6926000000017,13933675,24129341963.800034,SH000001
2026-07-31 09:35:00,3833.5359,3835.3277,3824.6361,3830.6946000000007,76325323,175827815883.20004,SH000001
2026-07-31 09:40:00,3830.5028,3839.3746999999985,3827.776800000001,3836.036000000001,34304323,75266711686.60005,SH000001
2026-07-31 09:45:00,3835.8113,3840.366699999998,3834.313200000001,3840.366700000003,40060321,73595721374.80002,SH000001
2026-07-31 09:50:00,3840.0842,3845.3329999999983,3839.1765000000014,3842.009200000004,27665598,54375882609.500015,SH000001
2026-07-31 09:55:00,3841.5539,3842.887099999998,3837.944,3841.617400000004,23963746,45730093895.10004,SH000001
2026-07-31 10:00:00,3841.6282,3845.744999999998,3841.6282,3845.246400000005,20262258,39791644341.100044,SH000001
2026-07-31 10:05:00,3845.6105,3847.0085999999974,3842.793,3843.256400000004,20201391,37825294258.40004,SH000001
2026-07-31 10:10:00,3843.5795,3847.0925999999977,3841.6984,3844.593000000005,15033732,30679520104.200035,SH000001
2026-07-31 10:15:00,3844.7665,3845.111799999998,3838.120299999998,3839.5268000000046,14394175,27195688994.600025,SH000001
2026-07-31 10:20:00,3839.644,3839.6439999999975,3833.5058999999983,3838.637000000005,14518429,35564889500.00002,SH000001
2026-07-31 10:25:00,3838.2385,3841.2157999999986,3833.0910999999983,3833.736200000006,11803182,29592554531.400017,SH000001
2026-07-31 10:30:00,3833.436200000001,3835.1985999999974,3831.2534999999993,3833.344000000006,10622044,23662278862.600014,SH000001
2026-07-31 10:35:00,3833.276800000001,3835.095899999998,3832.085000000001,3832.921700000006,9897714,20581462607.800014,SH000001
2026-07-31 10:40:00,3832.6413000000007,3833.9339999999984,3829.1371,3830.0568000000058,8617978,17021380854.800022,SH000001
2026-07-31 10:45:00,3830.022100000001,3837.326700000001,3829.5478,3836.0390000000066,7475335,15386172274.000023,SH000001
2026-07-31 10:50:00,3836.0133000000014,3837.2043000000017,3828.9543,3828.954300000008,7280803,14868907717.600023,SH000001
2026-07-31 10:55:00,3828.6346000000017,3833.1582000000026,3826.5127,3832.323700000008,7203562,14636812735.600018,SH000001
2026-07-31 11:00:00,3832.4822000000017,3835.4103000000023,3831.4664,3834.625700000008,6591545,12764979547.900019,SH000001
2026-07-31 11:05:00,3834.2598000000016,3836.453300000001,3831.6268,3831.626800000007,10424815,16784427517.500023,SH000001
2026-07-31 11:10:00,3831.636500000001,3832.669000000001,3827.5416,3828.057800000007,7139458,14897881601.30002,SH000001
2026-07-31 11:15:00,3827.8555000000006,3829.0971,3822.3736,3824.3575000000055,8489735,16389534178.400011,SH000001
2026-07-31 11:20:00,3823.8678,3831.3787999999986,3823.79,3831.2166000000047,5938923,12498209965.40001,SH000001
2026-07-31 11:25:00,3831.3912,3834.688899999997,3828.3829,3828.713000000004,5625013,11912502555.90001,SH000001
2026-07-31 11:30:00,3828.816399999999,3835.155099999997,3828.1846,3833.653600000004,5103818,9427487775.800007,SH000001
2026-07-31 13:05:00,3834.871199999998,3841.4625999999976,3833.568099999999,3837.194500000005,10202027,21042211627.800003,SH000001
2026-07-31 13:10:00,3837.1645999999982,3838.568299999998,3833.172399999999,3833.608500000006,5546622,11989317935.3,SH000001
2026-07-31 13:15:00,3833.8708999999985,3836.2339999999986,3832.5823999999993,3835.7963000000072,5667450,11301170087.999998,SH000001
2026-07-31 13:20:00,3835.7504999999983,3841.311799999999,3835.236999999999,3840.673700000007,6285575,14578431367.299992,SH000001
2026-07-31 13:25:00,3840.911399999998,3843.6648,3839.132599999998,3839.1715000000063,6937327,14830352078.999996,SH000001
2026-07-31 13:30:00,3839.4512999999984,3839.4803,3836.602399999998,3838.942800000007,6257803,11715134711.800003,SH000001
2026-07-31 13:35:00,3838.7785999999983,3838.7786,3833.0127999999977,3834.623200000006,5794818,10590303344.300005,SH000001
2026-07-31 13:40:00,3834.826799999999,3835.6123,3832.383599999998,3835.416200000005,6273757,11129954859.9,SH000001
2026-07-31 13:45:00,3835.5726999999993,3836.831000000001,3834.2877999999982,3835.584500000008,5612736,9651250061.7,SH000001
2026-07-31 13:50:00,3835.760999999999,3839.2872,3835.550499999998,3839.256900000006,6255125,11000690575.299997,SH000001
2026-07-31 13:55:00,3838.5086999999985,3839.162,3835.8555999999976,3837.985300000006,5735628,9910615395.400002,SH000001
2026-07-31 14:00:00,3838.057999999998,3840.078600000001,3835.439999999998,3840.078600000008,6255429,11289934795.699999,SH000001
2026-07-31 14:05:00,3839.778599999999,3840.723600000001,3836.823199999999,3837.3335000000066,8031925,12007049187.1,SH000001
2026-07-31 14:10:00,3837.518499999999,3838.9360000000015,3836.4080999999983,3836.674500000009,6254904,11507247296.800001,SH000001
2026-07-31 14:15:00,3837.0137999999993,3837.0138000000015,3834.602899999999,3835.330900000008,7416881,14100626971.499996,SH000001
2026-07-31 14:20:00,3834.992999999999,3836.9071000000017,3832.256499999999,3836.661800000009,7071346,12205207305.199991,SH000001
2026-07-31 14:25:00,3836.711499999999,3844.7794000000017,3835.4148,3844.7351000000062,9116180,14640652778.099997,SH000001
2026-07-31 14:30:00,3844.9114999999993,3847.083500000002,3843.2363999999993,3846.016500000009,7627629,12982147245.499998,SH000001
2026-07-31 14:35:00,3845.458599999999,3845.458600000002,3837.399099999999,3840.248100000007,8986796,14785832811.999992,SH000001
2026-07-31 14:40:00,3840.4020999999993,3843.965200000005,3840.235599999999,3842.461000000008,8448436,16038374232.099987,SH000001
2026-07-31 14:45:00,3842.249099999999,3842.249100000005,3834.247099999998,3834.8847000000096,12544716,23618196187.999996,SH000001
2026-07-31 14:50:00,3834.637099999999,3834.7840000000056,3831.4839999999986,3832.402100000009,13274866,25420956532.1,SH000001
2026-07-31 14:55:00,3832.2737999999986,3833.9223000000047,3831.1792999999984,3832.959900000007,15456284,27431872754.199997,SH000001
2026-07-31 15:00:00,3832.6633999999985,3835.300200000005,3832.262399999998,3832.2624000000087,17531946,27636160875.69999,SH000001
2026-08-03 09:35:00,3812.6129,3823.8943,3812.0876000000007,3820.9161999999983,55126036,103605985651.40004,SH000001
2026-08-03 09:40:00,3820.7665,3827.635899999999,3813.6526000000017,3813.652599999999,35738329,71166551078.40005,SH000001
2026-08-03 09:45:00,3814.2003,3815.977899999999,3808.645700000004,3809.843200000001,28702650,56855924333.70003,SH000001
2026-08-03 09:50:00,3810.102,3816.909599999998,3807.906600000003,3814.8280999999993,26409562,48288934572.30002,SH000001
2026-08-03 09:55:00,3815.156300000001,3817.7781999999975,3811.6525000000033,3815.509,18687573,35666337227.40001,SH000001
2026-08-03 10:00:00,3815.4026000000017,3818.119699999997,3812.902400000003,3815.9948,17258656,30215279781.200012,SH000001
2026-08-03 10:05:00,3815.577800000002,3817.863599999998,3814.163300000004,3815.231599999999,16891011,29705759607.700012,SH000001
2026-08-03 10:10:00,3815.159700000002,3815.773399999997,3808.618500000003,3808.933699999998,14155671,24524001586.700005,SH000001
2026-08-03 10:15:00,3809.4096000000022,3811.1031999999977,3805.658200000003,3809.8790999999983,13735928,24883583732.900005,SH000001
2026-08-03 10:20:00,3809.913700000002,3809.913699999998,3805.235300000002,3808.730199999998,12789038,22718151887.900005,SH000001
2026-08-03 10:25:00,3808.7358000000017,3813.6041999999975,3806.1348000000025,3806.134799999998,11404812,20999838548.7,SH000001
2026-08-03 10:30:00,3806.3568000000014,3806.954799999997,3801.7031000000025,3802.1288999999992,9788412,18804954716.6,SH000001
2026-08-03 10:35:00,3802.1526000000017,3808.9711999999986,3801.961700000003,3808.971199999999,9991938,18832850513.2,SH000001
2026-08-03 10:40:00,3809.013700000002,3810.375699999998,3805.645900000003,3806.6468,9056178,18167103169.6,SH000001
2026-08-03 10:45:00,3806.8252000000016,3813.593499999998,3805.573900000003,3810.234999999999,8476823,14739415845.199993,SH000001
2026-08-03 10:50:00,3809.9170000000017,3811.817099999998,3807.729100000003,3808.3059,8469862,14197769764.599995,SH000001
2026-08-03 10:55:00,3808.506900000001,3809.838999999999,3807.501100000002,3809.058800000002,7201954,12274856078.49999,SH000001
2026-08-03 11:00:00,3808.9355000000014,3814.876099999999,3807.134400000003,3812.1174000000046,6685195,12040142650.599989,SH000001
2026-08-03 11:05:00,3812.486300000002,3816.1516,3811.593500000002,3811.6651000000033,7416273,14499290563.599987,SH000001
2026-08-03 11:10:00,3811.797000000002,3812.0252,3806.8842000000022,3808.549800000005,6361489,11705106509.999987,SH000001
2026-08-03 11:15:00,3808.3525000000022,3811.0895,3808.3525000000022,3808.803400000005,6299035,10679968779.099987,SH000001
2026-08-03 11:20:00,3808.7698000000023,3810.2058,3807.180100000002,3809.251100000005,5991018,10180504743.399988,SH000001
2026-08-03 11:25:00,3809.782100000002,3811.3339999999994,3807.2667000000033,3810.247300000006,5305881,9576986658.499985,SH000001
2026-08-03 11:30:00,3810.2025000000026,3811.584199999999,3806.5164000000022,3809.645400000006,5693296,10183626553.399984,SH000001
2026-08-03 13:05:00,3810.283100000003,3812.9317999999994,3809.0976000000032,3809.4229000000073,9067532,17006942764.999987,SH000001
2026-08-03 13:10:00,3809.5565000000033,3809.5564999999992,3804.206100000004,3805.838400000008,6467910,12397655793.499987,SH000001
2026-08-03 13:15:00,3805.056500000004,3807.252799999999,3803.741700000003,3805.278800000007,5282421,9718344031.399994,SH000001
2026-08-03 13:20:00,3805.342900000004,3806.060699999999,3802.119400000004,3802.270000000007,5812215,10326204319.599998,SH000001
2026-08-03 13:25:00,3801.807100000003,3805.1615000000006,3801.807100000004,3803.2337000000057,5372599,9785531685.000002,SH000001
2026-08-03 13:30:00,3803.431800000003,3804.445600000001,3802.1435000000047,3803.388900000004,5213123,9723335435.6,SH000001
2026-08-03 13:35:00,3803.3353000000034,3804.4831,3801.360800000005,3801.360800000003,5822583,10463419444.299995,SH000001
2026-08-03 13:40:00,3801.478000000003,3801.662100000001,3798.678600000005,3798.6786000000025,5492438,10035014043.899992,SH000001
2026-08-03 13:45:00,3798.8373000000033,3803.3144000000007,3798.270400000005,3801.9000000000024,5719076,9795708796.49999,SH000001
2026-08-03 13:50:00,3801.385700000004,3803.897400000001,3801.2108000000057,3802.451300000001,5599684,9092678582.099989,SH000001
2026-08-03 13:55:00,3802.3591000000033,3806.357400000002,3802.2670000000057,3803.7139000000025,7053121,9783051538.09999,SH000001
2026-08-03 14:00:00,3803.692100000004,3804.6767000000023,3801.450900000006,3801.450900000002,5841968,11796199473.599998,SH000001
2026-08-03 14:05:00,3801.498100000004,3802.369700000004,3799.572300000006,3799.7411000000034,7307694,12504896924.9,SH000001
2026-08-03 14:10:00,3799.696000000004,3801.197100000003,3797.643100000006,3799.0679000000023,6590139,13167808918.600002,SH000001
2026-08-03 14:15:00,3799.736900000004,3808.726800000003,3799.7369000000062,3808.726800000005,7548973,12910042464.80001,SH000001
2026-08-03 14:20:00,3809.192300000004,3809.1923000000033,3806.502600000006,3807.4884000000025,6313300,10844328729.400007,SH000001
2026-08-03 14:25:00,3807.816100000004,3815.8780000000033,3807.403200000006,3815.0706,7023200,12699033713.100008,SH000001
2026-08-03 14:30:00,3815.675000000004,3816.5803000000033,3810.2449000000056,3810.2449,6545677,11672454297.900011,SH000001
2026-08-03 14:35:00,3810.457200000003,3811.743900000003,3807.027600000006,3807.437300000001,7467044,12884561726.200016,SH000001
2026-08-03 14:40:00,3807.212700000004,3808.932800000003,3804.427600000005,3804.6532,7546177,13613976521.400013,SH000001
2026-08-03 14:45:00,3804.923700000003,3805.939900000002,3803.574800000005,3804.783899999999,9112326,15271712678.500011,SH000001
2026-08-03 14:50:00,3804.559300000003,3806.348100000002,3804.094100000005,3805.982999999998,10641041,17995664510.50001,SH000001
2026-08-03 14:55:00,3805.4065000000032,3807.044000000002,3804.745900000004,3805.676399999998,13960895,22673281033.700005,SH000001
2026-08-03 15:00:00,3805.6604000000034,3809.6629,3805.3890000000033,3809.6629,14079204,21582118120.100002,SH000001
2026-08-04 09:35:00,3816.3699,3818.2711,3806.190599999999,3811.4080999999983,51776789,95725552450.00003,SH000001
2026-08-04 09:40:00,3812.101900000001,3815.4133,3810.4860999999983,3810.6641999999983,33550581,59263587396.000046,SH000001
2026-08-04 09:45:00,3810.4630000000006,3811.2737000000006,3799.524399999998,3800.859399999999,30304959,51434723989.40004,SH000001
2026-08-04 09:50:00,3801.065600000001,3810.1758999999984,3801.065599999998,3809.951299999997,22163144,42361429867.30005,SH000001
2026-08-04 09:55:00,3809.7020000000007,3814.397699999998,3809.7019999999975,3812.1271999999967,19126817,36940719593.10006,SH000001
2026-08-04 10:00:00,3812.110800000001,3812.1107999999986,3801.948299999997,3801.948299999995,22742729,38660220165.800064,SH000001
2026-08-04 10:05:00,3801.5273000000007,3805.261799999998,3800.774799999995,3801.586399999997,17349027,33195873647.300056,SH000001
2026-08-04 10:10:00,3802.0206000000007,3804.860699999998,3800.177099999996,3802.8150999999984,12530139,24042776704.000053,SH000001
2026-08-04 10:15:00,3802.5840000000007,3803.9029999999975,3800.601099999996,3802.727099999998,12917529,23052744443.500057,SH000001
2026-08-04 10:20:00,3802.6769,3806.272899999997,3801.870099999995,3805.993199999998,10064725,17648648645.60005,SH000001
2026-08-04 10:25:00,3806.0804,3806.7321999999976,3802.033099999996,3802.033099999998,8691725,16760285327.600061,SH000001
2026-08-04 10:30:00,3801.7911,3805.8263999999976,3801.049099999995,3803.4954999999945,7837567,14535365766.300064,SH000001
2026-08-04 10:35:00,3803.011500000001,3803.9442999999974,3801.5614999999966,3803.1098999999926,10410428,16348769374.50007,SH000001
2026-08-04 10:40:00,3802.696000000001,3807.731599999998,3802.6637999999966,3805.6997999999944,8594926,16953731886.80007,SH000001
2026-08-04 10:45:00,3805.421100000001,3808.6683999999977,3803.695999999996,3806.853399999993,7779344,16185648736.500076,SH000001
2026-08-04 10:50:00,3806.867200000001,3808.241199999998,3806.376799999997,3806.718499999995,7759175,16239038852.000076,SH000001
2026-08-04 10:55:00,3806.5695000000014,3806.569499999998,3803.959899999998,3804.317399999995,6053508,12213566382.400082,SH000001
2026-08-04 11:00:00,3804.441200000001,3808.491299999997,3804.274899999998,3805.7474999999936,5880616,11054046780.200075,SH000001
2026-08-04 11:05:00,3805.776400000001,3806.789699999997,3804.536199999996,3806.067699999991,5902338,11411683479.800083,SH000001
2026-08-04 11:10:00,3805.614800000001,3811.569399999996,3804.637199999995,3811.56939999999,6128199,10787998180.400085,SH000001
2026-08-04 11:15:00,3811.6582000000017,3812.201899999997,3808.457499999995,3810.0918999999913,5285363,9819274619.400082,SH000001
2026-08-04 11:20:00,3809.891900000002,3811.5134999999977,3807.787399999995,3810.4870999999903,5195530,9700394279.800081,SH000001
2026-08-04 11:25:00,3810.530800000002,3812.337299999998,3810.292699999995,3811.830699999993,5180326,11008642371.500086,SH000001
2026-08-04 11:30:00,3811.957300000002,3816.4753999999975,3811.850899999995,3815.588599999992,6809121,15644114896.50009,SH000001
2026-08-04 13:05:00,3815.927700000002,3819.9231999999975,3814.224999999995,3817.297099999993,12912063,28221156109.400097,SH000001
2026-08-04 13:10:00,3817.288000000002,3819.337299999998,3815.969899999994,3817.471499999991,7465064,16306029021.3001,SH000001
2026-08-04 13:15:00,3817.836200000002,3818.7523,3814.380499999995,3818.752299999991,6956222,14558145121.400103,SH000001
2026-08-04 13:20:00,3819.0028000000016,3819.6332,3814.9576999999954,3815.92769999999,7134490,13870671979.1001,SH000001
2026-08-04 13:25:00,3815.5630000000015,3818.82,3815.286499999995,3818.489699999991,6706774,13966748561.300098,SH000001
2026-08-04 13:30:00,3818.716500000002,3821.2156,3818.5835999999954,3821.2155999999895,7529476,16118590153.400105,SH000001
2026-08-04 13:35:00,3821.2079000000017,3825.319300000001,3821.207899999995,3823.613299999991,8323333,19415998228.700104,SH000001
2026-08-04 13:40:00,3823.7238000000016,3827.7760000000017,3822.690199999995,3826.972399999991,7177818,16665908327.700108,SH000001
2026-08-04 13:45:00,3827.216300000002,3829.1312000000016,3826.974399999995,3828.8760999999895,6699311,14301519644.300106,SH000001
2026-08-04 13:50:00,3828.792200000002,3831.032800000002,3828.4073999999946,3828.40739999999,7102335,14857506125.700108,SH000001
2026-08-04 13:55:00,3829.0468000000023,3831.3795000000023,3828.173499999995,3829.855399999992,7382431,13737884738.500107,SH000001
2026-08-04 14:00:00,3829.9151000000024,3829.915100000003,3828.150199999994,3829.855699999991,6165454,11614537224.500107,SH000001
2026-08-04 14:05:00,3829.9463000000023,3831.8814000000025,3828.779499999994,3830.093199999992,8929026,15803884356.800104,SH000001
2026-08-04 14:10:00,3830.345300000002,3831.940000000004,3828.9899999999943,3831.219499999991,6223741,12402634104.500103,SH000001
2026-08-04 14:15:00,3831.400900000003,3831.658600000004,3825.928699999994,3825.9286999999913,8543481,15578338479.000103,SH000001
2026-08-04 14:20:00,3826.2260000000024,3826.226000000004,3821.5846999999926,3823.3561999999906,10962035,19089941245.800102,SH000001
2026-08-04 14:25:00,3823.472300000002,3824.680500000005,3822.205499999993,3824.248499999988,6939053,12944078675.60011,SH000001
2026-08-04 14:30:00,3824.174900000003,3825.940800000004,3823.696599999993,3824.395899999987,6327361,11137654225.900108,SH000001
2026-08-04 14:35:00,3824.887500000003,3826.0354000000034,3818.961299999992,3818.9612999999863,9794182,17281988369.50011,SH000001
2026-08-04 14:40:00,3818.6232000000023,3821.5777000000016,3818.557899999992,3819.4428999999864,8784141,15643946697.30011,SH000001
2026-08-04 14:45:00,3819.2121000000034,3819.684200000001,3817.0468999999903,3817.304699999986,9836858,16333983712.20011,SH000001
2026-08-04 14:50:00,3817.4389000000033,3819.3549000000016,3816.714199999991,3818.537399999986,11534101,18862259965.80011,SH000001
2026-08-04 14:55:00,3818.555600000004,3822.141600000002,3818.432999999991,3822.141599999982,14874711,24181190824.300114,SH000001
2026-08-04 15:00:00,3822.104000000004,3823.9309000000017,3821.82829999999,3822.284599999983,15986856,24499103177.70012,SH000001
2026-08-05 09:35:00,3815.1217,3824.938000000001,3815.1217,3822.3025999999986,52487687,115449724785.69998,SH000001
2026-08-05 09:40:00,3822.3075,3834.5329000000015,3822.307499999999,3834.5164999999974,34993407,76136688669.89996,SH000001
2026-08-05 09:45:00,3834.969200000001,3841.607200000002,3834.969199999998,3839.3657999999978,25266283,57357435787.09997,SH000001
2026-08-05 09:50:00,3839.0614,3841.7571000000025,3838.669799999998,3838.817699999998,24469412,50747756786.69996,SH000001
2026-08-05 09:55:00,3838.8741,3839.5437000000024,3835.8006999999943,3836.872299999996,20350088,40084247941.19995,SH000001
2026-08-05 10:00:00,3836.5814,3842.442500000002,3836.2090999999946,3838.1431999999977,20584535,38557116451.99994,SH000001
2026-08-05 10:05:00,3838.2885,3841.980400000003,3837.903799999995,3841.539099999997,17631421,33434607944.999935,SH000001
2026-08-05 10:10:00,3841.1224,3844.622300000003,3840.719299999995,3843.044999999995,15367409,32816531168.79993,SH000001
2026-08-05 10:15:00,3843.2688,3843.794900000003,3840.232199999995,3842.533899999996,17836428,38885611511.19992,SH000001
2026-08-05 10:20:00,3842.3956,3847.166100000003,3840.3385999999946,3847.078299999997,15426051,32606363239.199905,SH000001
2026-08-05 10:25:00,3846.7991000000006,3852.265600000003,3845.5907999999945,3850.7278999999976,13261916,25716835874.699913,SH000001
2026-08-05 10:30:00,3850.4179000000017,3853.1241000000023,3848.328199999994,3851.5349999999976,11335513,20815522047.699917,SH000001
2026-08-05 10:35:00,3851.1164000000017,3853.8202000000024,3849.9786999999938,3853.076599999999,10854373,21748091897.199924,SH000001
2026-08-05 10:40:00,3853.187600000001,3855.1890000000026,3852.0012999999935,3853.3312,8509600,17899813093.099934,SH000001
2026-08-05 10:45:00,3853.1622000000016,3857.236000000002,3852.4881999999934,3856.006699999998,7549078,16984796090.199928,SH000001
2026-08-05 10:50:00,3856.102400000002,3860.376800000003,3855.237999999993,3860.1074,8353396,18087049939.399933,SH000001
2026-08-05 10:55:00,3860.251100000002,3860.251100000003,3855.955999999994,3858.8962000000006,8709010,17669669540.599934,SH000001
2026-08-05 11:00:00,3858.825800000002,3859.676000000003,3855.8651999999943,3857.580700000001,6162607,12876592406.999935,SH000001
2026-08-05 11:05:00,3858.125400000002,3862.015300000004,3858.1253999999954,3861.5606000000016,6941704,16058362004.899931,SH000001
2026-08-05 11:10:00,3860.917100000002,3864.746600000004,3859.4549999999954,3864.2927,6879594,15124066044.599937,SH000001
2026-08-05 11:15:00,3864.190000000002,3868.6949000000022,3864.189999999995,3868.694900000001,6591936,14917826607.899935,SH000001
2026-08-05 11:20:00,3868.4975000000018,3874.135000000003,3868.4974999999954,3871.243200000001,7553499,19938046160.299942,SH000001
2026-08-05 11:25:00,3871.275500000002,3875.525800000003,3870.0877999999952,3874.730199999999,6984036,16230379601.499945,SH000001
2026-08-05 11:30:00,3874.693100000002,3876.114000000004,3873.5590999999954,3873.559100000001,6724814,15007002984.59995,SH000001
2026-08-05 13:05:00,3874.2792000000018,3875.4135000000033,3871.8355999999953,3872.656800000001,14196589,31972336952.99994,SH000001
2026-08-05 13:10:00,3873.042100000002,3873.351900000004,3867.911699999997,3869.7605000000017,9858224,19739659866.99994,SH000001
2026-08-05 13:15:00,3868.6055000000024,3877.000800000002,3867.928599999997,3875.511200000001,8791084,20432733124.69993,SH000001
2026-08-05 13:20:00,3875.3870000000024,3879.3247000000015,3874.330099999997,3878.6450999999993,7746714,17185984755.799927,SH000001
2026-08-05 13:25:00,3879.197800000002,3882.3273000000017,3878.6589999999974,3880.663799999997,7502942,17436745908.89992,SH000001
2026-08-05 13:30:00,3880.3158000000026,3882.514300000001,3877.4569999999985,3877.6648999999966,9685283,18512887445.799927,SH000001
2026-08-05 13:35:00,3877.5146000000022,3882.5978,3877.5145999999986,3881.8148999999953,8076893,17073858612.799929,SH000001
2026-08-05 13:40:00,3882.152900000003,3882.8972,3876.7208999999984,3878.757899999997,10605464,18813918170.59993,SH000001
2026-08-05 13:45:00,3879.103100000003,3881.352300000001,3876.9297999999976,3880.5996999999975,7519219,14895628633.899937,SH000001
2026-08-05 13:50:00,3881.242900000003,3882.7768000000015,3880.385699999997,3881.523099999999,7115759,14492955631.299936,SH000001
2026-08-05 13:55:00,3881.471600000003,3884.397100000001,3881.276399999997,3883.4777,6288843,12623875770.199938,SH000001
2026-08-05 14:00:00,3883.784500000003,3883.8918000000017,3881.133599999996,3882.0848999999994,6967502,12476578841.199934,SH000001
2026-08-05 14:05:00,3881.859000000002,3882.0314000000017,3875.7476999999967,3877.3204,11618588,18063403729.199932,SH000001
2026-08-05 14:10:00,3877.527700000003,3877.527700000003,3870.794999999997,3874.7702,11557045,20545268196.29993,SH000001
2026-08-05 14:15:00,3874.7159000000033,3875.291600000003,3870.845099999997,3871.2813,7149828,14112997910.999928,SH000001
2026-08-05 14:20:00,3872.122400000004,3872.122400000003,3864.2881999999977,3865.0515,9633874,20192816545.79993,SH000001
2026-08-05 14:25:00,3865.424400000005,3868.043000000005,3864.1483999999978,3868.0430000000006,7972721,17771174842.899925,SH000001
2026-08-05 14:30:00,3868.025600000004,3871.094900000005,3867.8361999999975,3871.0948999999982,7643198,14038501857.499926,SH000001
2026-08-05 14:35:00,3871.209300000004,3873.9703000000054,3870.1279999999974,3873.161499999997,9445013,15973796402.599932,SH000001
2026-08-05 14:40:00,3873.452200000004,3875.3805000000048,3872.056699999998,3872.6359999999977,9209564,16211117464.399935,SH000001
2026-08-05 14:45:00,3872.443300000005,3874.336400000006,3871.8661999999977,3873.4527,9304690,17239871882.399933,SH000001
2026-08-05 14:50:00,3873.669700000004,3876.659600000007,3873.669699999998,3876.659600000002,11119314,19872092464.999928,SH000001
2026-08-05 14:55:00,3876.545700000004,3877.8120000000063,3875.349799999998,3876.961400000004,15339726,26516052397.79993,SH000001
2026-08-05 15:00:00,3877.407100000004,3878.960500000007,3877.1865999999977,3878.429600000005,16983250,27378621761.399933,SH000001
2026-08-06 09:35:00,3864.2734,3871.840000000001,3864.2734,3867.2285,54924347,124453764436.80002,SH000001
2026-08-06 09:40:00,3867.0347000000006,3877.3681,3867.009199999999,3877.142399999999,35172409,73261561981.5,SH000001
2026-08-06 09:45:00,3877.380600000001,3883.0776,3874.779899999999,3882.3082999999992,26902528,55384761553.100006,SH000001
2026-08-06 09:50:00,3882.2281,3884.0696,3880.0440999999983,3882.1587999999974,22869211,46434753121.10002,SH000001
2026-08-06 09:55:00,3882.019,3882.584100000001,3874.8054999999968,3877.4362999999976,24080100,43535635497.50001,SH000001
2026-08-06 10:00:00,3877.1617,3886.666599999999,3877.073899999997,3886.666599999997,18110726,37921420473.30002,SH000001
2026-08-06 10:05:00,3886.4542,3886.454199999999,3882.0168999999983,3883.5548999999983,16590959,34565050643.60002,SH000001
2026-08-06 10:10:00,3883.4024,3888.489899999998,3882.4263999999976,3888.489899999995,13403741,27942208645.200024,SH000001
2026-08-06 10:15:00,3887.9313,3891.696599999999,3885.3919999999966,3890.873799999996,12586141,27161391150.200027,SH000001
2026-08-06 10:20:00,3891.4304,3893.073,3887.600699999996,3892.4189999999967,13641765,26919094065.800022,SH000001
2026-08-06 10:25:00,3891.9412000000007,3894.9417,3891.1257999999953,3893.032699999997,12083995,25819555356.300026,SH000001
2026-08-06 10:30:00,3892.9324000000006,3896.007399999999,3892.358699999995,3894.180199999996,12734403,25561236524.40002,SH000001
2026-08-06 10:35:00,3893.7699,3896.4590000000007,3890.0808999999954,3890.834299999997,12024141,25243275617.200012,SH000001
2026-08-06 10:40:00,3890.6667,3892.4589000000014,3885.214499999995,3885.7791999999977,11998089,24642260852.00002,SH000001
2026-08-06 10:45:00,3885.8233,3894.680900000001,3885.210499999995,3894.680899999998,10892538,23390264327.30002,SH000001
2026-08-06 10:50:00,3894.8181,3894.818100000002,3889.6616999999937,3891.671599999996,11987963,23732474815.60002,SH000001
2026-08-06 10:55:00,3891.5898,3893.327700000002,3890.947799999994,3892.6664999999975,10610914,21563277091.000027,SH000001
2026-08-06 11:00:00,3892.48,3893.1908000000026,3888.281599999993,3888.2815999999984,8855408,19244589930.20003,SH000001
2026-08-06 11:05:00,3887.8684,3888.228100000002,3883.6145999999935,3884.879099999999,11134852,20494580276.200027,SH000001
2026-08-06 11:10:00,3884.663399999999,3885.9912000000018,3880.2719999999936,3883.677599999998,11622869,22827779947.200035,SH000001
2026-08-06 11:15:00,3883.9422,3886.7900000000022,3879.791699999993,3879.7916999999966,7116519,16076369980.400028,SH000001
2026-08-06 11:20:00,3879.7992,3881.036700000003,3874.3864999999937,3874.386499999998,10263901,21879733198.900024,SH000001
2026-08-06 11:25:00,3874.5295,3877.8049000000024,3873.245799999994,3874.2480999999966,8774978,18543490971.60003,SH000001
2026-08-06 11:30:00,3874.1662999999994,3878.931400000002,3871.637799999994,3878.9194999999977,9359904,17922708876.300026,SH000001
2026-08-06 13:05:00,3879.265999999999,3883.2677000000026,3877.4086999999945,3880.6488999999974,10138503,20578207348.000023,SH000001
2026-08-06 13:10:00,3880.904899999999,3885.388800000002,3880.1480999999944,3880.976999999997,5962519,13569386173.00002,SH000001
2026-08-06 13:15:00,3881.176299999999,3881.176300000002,3875.258599999992,3878.364199999996,7984879,15334745867.400019,SH000001
2026-08-06 13:20:00,3878.0491,3879.8735000000024,3874.414899999992,3874.8444999999942,6812820,13064076513.40002,SH000001
2026-08-06 13:25:00,3874.8567,3877.910300000002,3874.856699999992,3875.9600999999952,6567723,12296435311.70002,SH000001
2026-08-06 13:30:00,3875.7858,3877.2477000000017,3873.300199999992,3873.612099999995,8563383,14520255032.700024,SH000001
2026-08-06 13:35:00,3873.292500000001,3876.569700000002,3871.9399999999937,3874.921199999996,7771477,13874636094.600029,SH000001
2026-08-06 13:40:00,3874.7499000000007,3875.4622000000018,3871.044299999993,3871.6696999999967,6888539,13493034621.800026,SH000001
2026-08-06 13:45:00,3871.3974000000007,3877.7334000000014,3869.9026999999937,3877.733399999998,7199372,13707179721.700031,SH000001
2026-08-06 13:50:00,3877.7098,3881.048800000001,3876.1440999999945,3878.0378999999984,6673393,11761673689.500032,SH000001
2026-08-06 13:55:00,3877.8728,3886.092300000001,3877.792099999994,3884.7474999999986,8711356,11544936739.600033,SH000001
2026-08-06 14:00:00,3884.8796,3887.4335000000015,3882.467399999994,3887.308999999997,9276187,11472930475.300037,SH000001
2026-08-06 14:05:00,3887.5496000000007,3888.9332000000018,3883.1728999999946,3883.376399999999,9233001,13758273076.600033,SH000001
2026-08-06 14:10:00,3883.676500000001,3885.7695000000017,3881.132299999996,3881.439299999999,7954914,13492789150.200035,SH000001
2026-08-06 14:15:00,3881.540900000001,3887.7226000000014,3881.540899999996,3887.575999999998,7942534,13350956360.300032,SH000001
2026-08-06 14:20:00,3887.735000000001,3888.1132000000016,3884.603499999996,3887.6536,6433269,11718039840.200027,SH000001
2026-08-06 14:25:00,3887.594500000001,3893.263300000002,3887.594499999995,3892.967000000001,7119105,12498484617.400024,SH000001
2026-08-06 14:30:00,3892.846000000001,3895.185400000001,3890.942199999995,3895.1854,6628184,12576903764.600029,SH000001
2026-08-06 14:35:00,3895.120100000001,3899.7741,3894.196299999996,3899.4762,7939779,15595927542.400028,SH000001
2026-08-06 14:40:00,3899.965200000001,3902.0543,3894.458599999996,3894.4586000000018,8418811,17120506612.40003,SH000001
2026-08-06 14:45:00,3894.868500000001,3896.6981,3893.053199999996,3895.020300000003,8467663,16097778377.400026,SH000001
2026-08-06 14:50:00,3895.109300000001,3896.6728000000007,3894.2017999999966,3896.433500000004,9328261,18347937305.400024,SH000001
2026-08-06 14:55:00,3896.458200000001,3899.8705999999993,3895.886599999996,3899.658400000003,13979471,26635867125.40003,SH000001
2026-08-06 15:00:00,3899.861000000001,3901.158699999999,3899.6239999999952,3900.352300000005,14817736,25886476531.500023,SH000001
2026-08-07 09:35:00,3896.4854,3898.614,3888.7489,3896.115599999999,53928658,110842227195.99998,SH000001
2026-08-07 09:40:00,3896.194,3905.5348999999983,3895.6074,3899.6355999999982,34462038,69714498246.19997,SH000001
2026-08-07 09:45:00,3899.4592,3900.3948999999984,3889.8225,3889.9599999999978,28004863,57432518244.29998,SH000001
2026-08-07 09:50:00,3890.2364,3898.443399999997,3885.6248,3898.443399999995,26265123,56234594025.59998,SH000001
2026-08-07 09:55:00,3898.4811999999993,3899.000799999996,3894.1882,3897.230699999994,17723231,37501263558.199974,SH000001
2026-08-07 10:00:00,3896.997799999999,3902.214699999997,3896.5767,3900.861999999995,18416754,38245074624.39999,SH000001
2026-08-07 10:05:00,3900.724099999999,3907.030699999999,3900.724099999999,3906.981299999997,16916309,37389254430.19998,SH000001
2026-08-07 10:10:00,3907.2116,3908.812499999999,3904.819399999998,3907.014699999995,13861380,29436656703.699986,SH000001
2026-08-07 10:15:00,3907.2273,3908.4666,3905.3982999999976,3907.991699999997,15037627,30772151428.49999,SH000001
2026-08-07 10:20:00,3908.2118,3910.7444000000014,3907.966799999998,3909.7891999999974,13216110,29815784928.899986,SH000001
2026-08-07 10:25:00,3910.1445,3913.0416000000023,3908.6457999999966,3912.5055999999986,12217402,28684923613.399982,SH000001
2026-08-07 10:30:00,3912.2826,3913.247500000002,3910.175699999996,3911.915399999999,11513689,24378109328.099976,SH000001
2026-08-07 10:35:00,3911.8436,3916.238200000002,3911.843599999996,3914.5774,10908040,24044843466.49997,SH000001
2026-08-07 10:40:00,3915.0013,3919.5526,3915.0012999999954,3918.4159999999974,9628635,21681632214.29997,SH000001
2026-08-07 10:45:00,3918.344,3919.0983,3915.015299999996,3915.015299999997,9651267,20909206369.399967,SH000001
2026-08-07 10:50:00,3914.6315,3915.569199999999,3912.298199999997,3913.865399999996,8589876,19304825506.99997,SH000001
2026-08-07 10:55:00,3914.1228,3917.4491999999977,3912.693299999996,3912.822699999994,6739466,16020447503.199965,SH000001
2026-08-07 11:00:00,3912.9597,3916.228699999997,3911.950799999995,3912.115499999993,7551728,16766493206.49997,SH000001
2026-08-07 11:05:00,3912.3928,3916.530699999996,3910.405799999995,3916.288699999992,7502768,17837289273.19997,SH000001
2026-08-07 11:10:00,3916.0925,3917.635499999996,3913.210499999994,3914.288799999993,6010386,14173545754.399965,SH000001
2026-08-07 11:15:00,3914.2333,3918.470399999994,3913.6080999999945,3918.4563999999905,12245332,23918366363.099968,SH000001
2026-08-07 11:20:00,3918.474099999999,3919.9160999999945,3914.204199999994,3915.116299999991,7227451,14963166950.399971,SH000001
2026-08-07 11:25:00,3915.305399999999,3919.7596999999937,3914.4539999999943,3919.7596999999905,9071096,17049777849.099968,SH000001
2026-08-07 11:30:00,3920.096799999999,3921.526899999994,3918.0518999999945,3919.510499999991,7561700,13547181146.79997,SH000001
2026-08-07 13:05:00,3920.1471999999985,3926.372999999994,3919.529199999995,3922.88089999999,11032117,25591799273.19998,SH000001
2026-08-07 13:10:00,3922.5512999999983,3924.879099999994,3919.778899999995,3920.331199999991,8577014,18118486564.799984,SH000001
2026-08-07 13:15:00,3920.276999999998,3924.5381999999936,3920.0795999999946,3922.776699999993,8284909,18954573937.199978,SH000001
2026-08-07 13:20:00,3922.394399999998,3925.540199999993,3921.760999999995,3923.65679999999,6984597,16187457642.399982,SH000001
2026-08-07 13:25:00,3923.702699999998,3927.116699999994,3923.344899999995,3925.5493999999912,6684526,17024167002.499989,SH000001
2026-08-07 13:30:00,3925.728699999998,3927.9839999999936,3925.227399999996,3927.1723999999913,6880814,17013264139.9,SH000001
2026-08-07 13:35:00,3927.4897999999976,3929.995299999993,3926.1356999999953,3929.7086999999906,7783919,18840075874.800003,SH000001
2026-08-07 13:40:00,3929.711599999998,3930.365799999992,3927.019299999994,3928.2342999999887,6855760,15815257520.000004,SH000001
2026-08-07 13:45:00,3928.6781999999976,3930.998099999992,3928.678199999994,3930.94199999999,6513342,14934589035.900002,SH000001
2026-08-07 13:50:00,3930.575499999997,3932.709299999992,3930.1337999999937,3932.036799999989,5958999,12946429820.8,SH000001
2026-08-07 13:55:00,3931.836299999997,3933.840899999992,3927.988799999993,3930.582899999988,8069346,16719864741.800007,SH000001
2026-08-07 14:00:00,3930.952299999997,3931.767999999993,3928.279099999993,3928.6546999999873,6842131,15420580139.700006,SH000001
2026-08-07 14:05:00,3928.540799999997,3929.6100999999935,3926.2654999999936,3929.588199999989,8694591,19934869411.000008,SH000001
2026-08-07 14:10:00,3929.200899999997,3933.165799999993,3929.0195999999937,3932.3542999999872,6413334,14312420927.400005,SH000001
2026-08-07 14:15:00,3933.003299999997,3933.6881999999937,3929.7159999999935,3931.286399999987,6994942,14614071857.7,SH000001
2026-08-07 14:20:00,3931.273399999997,3931.5340999999935,3927.525299999994,3929.6903999999863,7364974,17967737373.9,SH000001
2026-08-07 14:25:00,3928.924899999997,3928.9248999999936,3925.639799999994,3925.6397999999863,6301959,14751275017.90001,SH000001
2026-08-07 14:30:00,3926.539499999997,3927.376699999993,3922.346599999994,3927.3766999999857,7392581,17514989236.40001,SH000001
2026-08-07 14:35:00,3927.491999999997,3931.603699999993,3926.201399999994,3930.595499999985,7706093,16734951582.60001,SH000001
2026-08-07 14:40:00,3930.702399999997,3933.037699999991,3929.7808999999943,3931.856399999981,7711496,15894915304.600012,SH000001
2026-08-07 14:45:00,3931.914599999997,3936.775699999991,3931.883499999995,3936.651899999982,8906277,18567376776.200005,SH000001
2026-08-07 14:50:00,3936.685599999996,3938.502999999992,3936.664699999994,3936.9676999999815,12341298,23855030540.500008,SH000001
2026-08-07 14:55:00,3937.043899999996,3939.663299999992,3936.447799999993,3939.3239999999823,14842960,28420958194.800014,SH000001
2026-08-07 15:00:00,3939.4432999999967,3940.934699999992,3939.064199999993,3940.0370999999823,15599674,28744599447.000027,SH000001
