datetime,开盘,最高,最低,收盘,成交量,成交额,代码
2026-06-09 09:35:00,1630.2322,1630.2322,1613.8598000000002,1614.2479,1097459,9322614615.0,SH000688
2026-06-09 09:40:00,1614.2971999999995,1626.7327,1613.7842,1623.0643000000002,707715,5353847517.0,SH000688
2026-06-09 09:45:00,1622.7713,1629.7434000000003,1619.3710999999998,1629.7434000000012,573713,4176200692.0,SH000688
2026-06-09 09:50:00,1629.4024,1632.5310000000006,1626.5333999999996,1629.3530000000012,489209,3782913882.0,SH000688
2026-06-09 09:55:00,1629.8284,1630.231000000001,1616.142799999999,1616.2060000000015,428564,3165364723.0,SH000688
2026-06-09 10:00:00,1616.1637,1624.6629000000005,1615.782399999999,1624.5491000000022,354317,2791141961.0,SH000688
2026-06-09 10:05:00,1625.6776000000002,1629.7422000000006,1618.2611999999988,1618.2612000000026,325533,2560272940.0,SH000688
2026-06-09 10:10:00,1618.13,1624.4196000000009,1618.0873999999988,1622.9912000000038,344696,2250601965.0,SH000688
2026-06-09 10:15:00,1623.4921000000002,1625.6637000000007,1618.8527999999994,1618.9051000000038,284942,2185130748.0,SH000688
2026-06-09 10:20:00,1619.0424,1619.105300000001,1609.8056999999992,1609.805700000005,252808,2133832618.0,SH000688
2026-06-09 10:25:00,1610.1046,1613.4687000000013,1607.5775,1611.4343000000044,226942,2119785141.0,SH000688
2026-06-09 10:30:00,1610.3216000000002,1618.1003000000017,1609.9458,1616.3271000000043,280415,1714168734.0,SH000688
2026-06-09 10:35:00,1616.4644000000003,1623.573600000001,1616.4643999999996,1622.2382000000043,505455,2281666244.0,SH000688
2026-06-09 10:40:00,1622.0355000000006,1622.035500000001,1613.3169999999998,1615.145500000004,308127,1505692277.0,SH000688
2026-06-09 10:45:00,1615.1689000000006,1620.146000000001,1614.0719999999997,1620.1460000000031,520276,1655781445.0,SH000688
2026-06-09 10:50:00,1620.1589000000008,1624.5189000000012,1619.1746000000005,1620.1180000000038,303208,1570810017.0,SH000688
2026-06-09 10:55:00,1620.229600000001,1625.6102000000012,1619.7196000000006,1621.9784000000045,288646,1560479838.0,SH000688
2026-06-09 11:00:00,1621.9095000000011,1624.9095000000011,1619.6668000000004,1621.444800000004,266591,1554409622.0,SH000688
2026-06-09 11:05:00,1621.711700000001,1627.3446000000015,1619.4103000000005,1625.8244000000052,322609,1979303214.0,SH000688
2026-06-09 11:10:00,1625.903700000001,1630.7429000000016,1623.4812000000006,1630.7429000000056,358658,1873596309.0,SH000688
2026-06-09 11:15:00,1630.900900000001,1636.1653000000013,1630.6988000000006,1633.829700000005,199775,2024842860.0,SH000688
2026-06-09 11:20:00,1633.808500000001,1635.3223000000012,1630.8673000000006,1631.2032000000054,182454,1651315908.0,SH000688
2026-06-09 11:25:00,1631.161700000001,1632.9392000000012,1627.8558000000007,1631.7336000000048,193354,1764854188.0,SH000688
2026-06-09 11:30:00,1632.0276000000013,1644.1572000000017,1632.0276000000008,1644.1572000000056,338322,2457368564.0,SH000688
2026-06-09 13:05:00,1645.392400000001,1654.3670000000016,1644.5637000000013,1646.2602000000052,563387,5525211393.0,SH000688
2026-06-09 13:10:00,1646.0747000000013,1647.7268000000015,1642.7724000000012,1644.0885000000055,241733,2437713662.0,SH000688
2026-06-09 13:15:00,1644.0911000000012,1651.9834000000014,1641.6409000000017,1650.7329000000057,198700,2319577305.0,SH000688
2026-06-09 13:20:00,1651.0741000000012,1653.3123000000012,1648.4820000000009,1651.7195000000047,232492,2607549486.0,SH000688
2026-06-09 13:25:00,1651.4135000000012,1657.254000000001,1650.3661000000009,1654.3446000000058,202020,2201585811.0,SH000688
2026-06-09 13:30:00,1654.0722000000012,1654.3734000000009,1649.3462000000006,1651.3123000000055,157029,1786948299.0,SH000688
2026-06-09 13:35:00,1651.5764000000013,1655.8456000000003,1651.5764000000006,1653.359200000005,221724,1933148088.0,SH000688
2026-06-09 13:40:00,1653.6870000000013,1654.5589000000004,1647.0679000000005,1651.0701000000051,163499,1624956576.0,SH000688
2026-06-09 13:45:00,1650.9064000000014,1655.8251000000005,1650.2471000000005,1655.651100000005,156301,1588018293.0,SH000688
2026-06-09 13:50:00,1655.5279000000016,1659.6068000000005,1655.1996,1657.9906000000049,161913,1865703687.0,SH000688
2026-06-09 13:55:00,1657.7829000000015,1658.6774000000007,1655.0059000000003,1657.1836000000042,140272,1489661663.0,SH000688
2026-06-09 14:00:00,1657.3464000000015,1657.5067000000006,1651.8846000000003,1651.895700000004,127102,1339116343.0,SH000688
2026-06-09 14:05:00,1652.077600000002,1659.6197000000004,1652.0687000000005,1657.4320000000037,162008,1702792628.0,SH000688
2026-06-09 14:10:00,1657.317600000002,1661.766800000001,1657.2314000000003,1661.522400000004,198222,1946697446.0,SH000688
2026-06-09 14:15:00,1661.475200000002,1662.467900000001,1657.3747000000003,1658.0174000000045,168757,1536932427.0,SH000688
2026-06-09 14:20:00,1658.123100000002,1659.8075000000006,1654.5304000000003,1658.917300000005,163237,1429134475.0,SH000688
2026-06-09 14:25:00,1658.887500000002,1658.8875000000005,1656.3446,1656.7802000000058,119733,1169976652.0,SH000688
2026-06-09 14:30:00,1656.6931000000022,1658.2058,1655.7922,1658.187700000006,200493,1727159807.0,SH000688
2026-06-09 14:35:00,1658.231600000002,1662.1897,1658.2316,1661.1389000000054,232802,1864137217.0,SH000688
2026-06-09 14:40:00,1661.113100000002,1661.2102999999995,1659.1306000000006,1660.1375000000062,178711,1732666351.0,SH000688
2026-06-09 14:45:00,1660.1467000000018,1662.1392999999994,1659.606900000001,1662.1393000000055,172681,1945884077.0,SH000688
2026-06-09 14:50:00,1662.2767000000017,1666.4804999999994,1661.8599000000008,1664.3127000000056,235667,2313696249.0,SH000688
2026-06-09 14:55:00,1664.045800000002,1664.6263999999996,1662.5177000000017,1662.5177000000065,288788,2582633013.0,SH000688
2026-06-09 15:00:00,1662.589300000002,1664.0654000000002,1661.9378000000015,1663.108900000007,257899,2259529769.0,SH000688
2026-06-10 09:35:00,1662.8455,1684.3020999999997,1662.8455,1684.3021,1563700,15255354899.0,SH000688
2026-06-10 09:40:00,1684.8853,1697.573799999999,1684.8853,1695.9776000000002,1162919,12210678209.0,SH000688
2026-06-10 09:45:00,1695.7059000000002,1706.2909999999983,1693.1807999999994,1705.080299999999,710348,8382328068.0,SH000688
2026-06-10 09:50:00,1706.0548000000003,1722.3343999999988,1705.378599999999,1722.2606999999994,782418,7973236132.0,SH000688
2026-06-10 09:55:00,1721.5745000000002,1721.9686999999988,1712.6522999999984,1714.2395999999997,578993,6326812359.0,SH000688
2026-06-10 10:00:00,1714.2959,1714.2972999999993,1693.4014999999986,1697.2614000000003,535711,5140288065.0,SH000688
2026-06-10 10:05:00,1696.7049,1702.3728999999996,1685.276399999998,1685.8698000000009,532125,5429827828.0,SH000688
2026-06-10 10:10:00,1686.1676999999995,1690.0264999999995,1676.0600999999983,1676.3938,451282,4239387783.0,SH000688
2026-06-10 10:15:00,1676.7123,1680.9269999999997,1672.524099999998,1672.5241000000003,391920,3900024275.0,SH000688
2026-06-10 10:20:00,1672.5151999999998,1681.7510999999995,1672.298999999998,1678.7503000000006,309682,2559756767.0,SH000688
2026-06-10 10:25:00,1678.9707,1682.4322999999995,1672.7655999999974,1672.9372000000012,267015,2565139290.0,SH000688
2026-06-10 10:30:00,1673.0626,1674.2905999999994,1665.4414999999972,1665.7154000000005,318537,2634341206.0,SH000688
2026-06-10 10:35:00,1665.5605999999998,1669.586699999999,1665.560599999997,1667.5183000000006,309627,2560991490.0,SH000688
2026-06-10 10:40:00,1667.4685,1668.6114999999988,1660.371899999997,1660.3719000000003,235096,1906391885.0,SH000688
2026-06-10 10:45:00,1660.3965999999998,1674.4856999999993,1660.361099999997,1670.9995000000008,242463,2356525668.0,SH000688
2026-06-10 10:50:00,1670.9370999999996,1674.0987999999988,1664.9834999999966,1670.2858000000017,214466,1962182203.0,SH000688
2026-06-10 10:55:00,1670.3533999999995,1673.3689999999992,1663.2516999999968,1663.2517000000023,229859,1544006779.0,SH000688
2026-06-10 11:00:00,1663.0723999999998,1663.121699999999,1658.030199999997,1660.8738000000026,164786,1488325405.0,SH000688
2026-06-10 11:05:00,1660.7788999999998,1670.5777999999991,1659.5033999999969,1664.006000000002,203642,1397482972.0,SH000688
2026-06-10 11:10:00,1665.9978999999998,1667.2095999999997,1662.6478999999963,1663.3197000000011,155428,1263222511.0,SH000688
2026-06-10 11:15:00,1663.1893999999998,1667.5475,1658.7911999999965,1667.5475000000013,148453,1242002788.0,SH000688
2026-06-10 11:20:00,1667.6574999999998,1673.8447000000003,1665.438999999997,1665.5307000000016,153880,1515881824.0,SH000688
2026-06-10 11:25:00,1665.2739999999997,1665.2969,1656.0236999999966,1659.478900000002,159331,1416884511.0,SH000688
2026-06-10 11:30:00,1659.6684999999995,1667.1907999999996,1659.6684999999966,1662.809600000002,141221,1150658568.0,SH000688
2026-06-10 13:05:00,1661.3066999999996,1661.3067,1647.974599999997,1652.487600000002,394180,3201778275.0,SH000688
2026-06-10 13:10:00,1652.2727999999995,1657.1142000000002,1649.366699999997,1650.0579000000023,187310,1495559027.0,SH000688
2026-06-10 13:15:00,1650.1734,1651.3483999999996,1644.6146999999971,1647.4830000000034,245507,2104020592.0,SH000688
2026-06-10 13:20:00,1647.6983999999998,1649.4838,1646.263299999997,1647.188100000003,163809,1584316791.0,SH000688
2026-06-10 13:25:00,1647.4530999999995,1648.7983,1643.234599999997,1646.9036000000035,197585,1806073761.0,SH000688
2026-06-10 13:30:00,1646.7248999999997,1647.2003999999995,1643.5170999999973,1646.6093000000037,140245,1569938803.0,SH000688
2026-06-10 13:35:00,1646.4378999999997,1646.4378999999994,1638.9342999999965,1638.9856000000027,176154,1768263830.0,SH000688
2026-06-10 13:40:00,1638.9234,1641.2943999999998,1637.738399999997,1639.1103000000023,175807,1527760704.0,SH000688
2026-06-10 13:45:00,1639.6312999999998,1645.6581,1639.631299999997,1641.128300000002,210308,1560004902.0,SH000688
2026-06-10 13:50:00,1641.3378999999998,1643.9426999999996,1633.9750999999974,1634.030400000002,245446,1747256281.0,SH000688
2026-06-10 13:55:00,1633.8907,1640.2610999999993,1632.3264999999972,1640.009700000002,210312,1708205041.0,SH000688
2026-06-10 14:00:00,1640.1512999999998,1655.0528999999992,1640.1512999999973,1655.0529000000026,182799,1623739930.0,SH000688
2026-06-10 14:05:00,1655.0690999999997,1659.110199999999,1650.9194999999977,1650.9195000000034,193280,1743560995.0,SH000688
2026-06-10 14:10:00,1650.9315999999994,1653.2181999999984,1646.8628999999978,1649.9227000000035,128397,1092652151.0,SH000688
2026-06-10 14:15:00,1649.9688999999994,1652.9311999999984,1645.8654999999972,1645.8655000000033,141105,1162873638.0,SH000688
2026-06-10 14:20:00,1645.7600999999993,1652.0063999999982,1644.5582999999974,1651.899100000004,142300,1256103004.0,SH000688
2026-06-10 14:25:00,1651.7775999999994,1657.6432999999984,1650.2018999999982,1650.829600000004,218663,1687681185.0,SH000688
2026-06-10 14:30:00,1650.9348999999993,1652.8057999999985,1649.888299999998,1651.1663000000035,121641,1077969469.0,SH000688
2026-06-10 14:35:00,1651.2138999999993,1656.7441999999985,1651.213899999998,1652.529900000004,213920,1675829930.0,SH000688
2026-06-10 14:40:00,1652.520799999999,1652.9941999999985,1648.3977999999977,1648.3978000000036,190723,1606173234.0,SH000688
2026-06-10 14:45:00,1648.2839999999994,1650.5151999999994,1646.0609999999976,1650.3447000000035,368093,2271295657.0,SH000688
2026-06-10 14:50:00,1649.5989999999997,1653.9963,1649.2414999999978,1653.9963000000037,529350,2321253317.0,SH000688
2026-06-10 14:55:00,1653.7392999999993,1656.4902,1653.7392999999977,1654.4288000000042,739397,2877952344.0,SH000688
2026-06-10 15:00:00,1654.437499999999,1654.4375,1652.224099999998,1652.2241000000045,432492,2196840165.0,SH000688
2026-06-11 09:35:00,1644.6025,1662.9098999999997,1634.5579999999995,1639.218699999999,1350506,10519651375.0,SH000688
2026-06-11 09:40:00,1640.9246999999998,1651.535299999999,1640.9246999999996,1651.5352999999982,845602,6017827867.0,SH000688
2026-06-11 09:45:00,1653.0369999999996,1669.796199999999,1652.8362999999993,1667.0642999999984,641084,5587721103.0,SH000688
2026-06-11 09:50:00,1667.8668999999995,1672.5437999999992,1664.6184999999991,1667.3682999999985,573142,4793785493.0,SH000688
2026-06-11 09:55:00,1667.680199999999,1675.6739999999984,1665.4814999999985,1667.264599999998,487751,4474671133.0,SH000688
2026-06-11 10:00:00,1668.0331999999992,1676.5305999999994,1659.4435999999987,1663.3435999999988,469130,4263218732.0,SH000688
2026-06-11 10:05:00,1663.043499999999,1663.0434999999989,1648.0904999999989,1649.545799999999,446893,3551579636.0,SH000688
2026-06-11 10:10:00,1649.5075999999992,1651.8907999999988,1643.6636999999985,1651.2267999999997,326073,2887875164.0,SH000688
2026-06-11 10:15:00,1649.9072999999992,1654.1838999999986,1645.848999999998,1649.6315,249834,2069008764.0,SH000688
2026-06-11 10:20:00,1649.4978999999992,1649.4978999999987,1640.1013999999986,1641.5445999999995,290743,2332189960.0,SH000688
2026-06-11 10:25:00,1641.7277999999992,1645.0909999999983,1637.907499999999,1644.3797999999983,259311,2199688565.0,SH000688
2026-06-11 10:30:00,1644.1544999999992,1649.6947999999986,1641.726699999999,1642.4790999999989,233858,1927083755.0,SH000688
2026-06-11 10:35:00,1642.6395999999993,1651.641599999998,1642.2600999999986,1642.2600999999977,260771,1971830093.0,SH000688
2026-06-11 10:40:00,1642.9106999999992,1648.614699999998,1642.9106999999983,1643.7943999999973,185458,1504880747.0,SH000688
2026-06-11 10:45:00,1644.0945999999994,1649.423799999998,1644.094599999998,1645.9811999999963,230712,1681559718.0,SH000688
2026-06-11 10:50:00,1646.0960999999995,1657.2590999999982,1642.5220999999976,1657.2590999999964,254922,1830887418.0,SH000688
2026-06-11 10:55:00,1657.4675999999995,1661.0849999999982,1648.451399999997,1648.4513999999965,240149,2367882194.0,SH000688
2026-06-11 11:00:00,1648.8883999999998,1659.1977999999974,1648.6050999999968,1657.0436999999963,195482,1725100956.0,SH000688
2026-06-11 11:05:00,1657.0903999999998,1657.0903999999975,1647.9360999999974,1651.179899999997,170825,1490011797.0,SH000688
2026-06-11 11:10:00,1651.1611999999996,1652.1126999999972,1641.655199999998,1642.576599999997,219705,1626870449.0,SH000688
2026-06-11 11:15:00,1642.2209999999995,1642.2209999999973,1635.772699999998,1640.2644999999957,258286,2018700982.0,SH000688
2026-06-11 11:20:00,1640.3268999999996,1641.5090999999973,1634.520299999998,1634.7039999999963,212650,1643878035.0,SH000688
2026-06-11 11:25:00,1634.0133999999996,1637.5436999999972,1631.9356999999984,1635.026699999996,207457,1686305030.0,SH000688
2026-06-11 11:30:00,1635.4336999999996,1638.9225999999974,1633.062699999998,1634.9257999999952,162108,1098536627.0,SH000688
2026-06-11 13:05:00,1636.2982999999992,1654.8622999999975,1636.298299999998,1647.0405999999955,362678,2950248827.0,SH000688
2026-06-11 13:10:00,1646.9495999999997,1651.5333999999975,1641.8115999999982,1647.2491999999977,237778,1730179924.0,SH000688
2026-06-11 13:15:00,1647.2836999999995,1658.1679999999978,1645.7931999999985,1653.7338999999977,244690,2142216539.0,SH000688
2026-06-11 13:20:00,1653.5522999999996,1659.9090999999978,1653.4359999999986,1659.9090999999985,209235,1922481341.0,SH000688
2026-06-11 13:25:00,1660.2540999999997,1661.548999999998,1650.9432999999988,1650.9708999999973,243616,2033530551.0,SH000688
2026-06-11 13:30:00,1650.9620999999995,1653.707299999998,1647.8970999999988,1649.6880999999985,153082,1328509736.0,SH000688
2026-06-11 13:35:00,1649.7471999999996,1657.439799999998,1648.051699999999,1652.9590999999982,207874,1484683347.0,SH000688
2026-06-11 13:40:00,1652.8198999999995,1656.596399999998,1650.9634999999998,1650.9634999999978,198525,1436484708.0,SH000688
2026-06-11 13:45:00,1650.9895,1653.7121999999986,1646.4679999999998,1646.4679999999971,161311,1458471634.0,SH000688
2026-06-11 13:50:00,1646.5429999999997,1657.4376999999977,1644.8824000000004,1657.119899999997,168121,1504282416.0,SH000688
2026-06-11 13:55:00,1657.1487999999997,1660.6394999999975,1656.3469,1658.9532999999976,183419,1690963960.0,SH000688
2026-06-11 14:00:00,1659.0966999999996,1660.4830999999976,1653.4660999999994,1655.0326999999968,220156,1722571026.0,SH000688
2026-06-11 14:05:00,1655.0382999999997,1657.461999999998,1650.9236999999991,1653.6274999999976,189341,1498283649.0,SH000688
2026-06-11 14:10:00,1653.3506999999995,1653.350699999998,1644.474399999999,1645.0327999999968,219460,1675949707.0,SH000688
2026-06-11 14:15:00,1644.7272999999998,1644.7272999999982,1640.200899999999,1642.0861999999972,214777,2006501398.0,SH000688
2026-06-11 14:20:00,1642.2788999999998,1644.1199999999992,1638.7843999999989,1638.7843999999964,185411,1790168116.0,SH000688
2026-06-11 14:25:00,1638.6181,1644.546499999999,1638.591299999999,1643.8213999999955,141484,1390746022.0,SH000688
2026-06-11 14:30:00,1644.0062999999998,1647.527799999999,1640.989399999999,1640.9893999999967,180965,1397962481.0,SH000688
2026-06-11 14:35:00,1641.3468999999998,1649.0670999999988,1641.346899999999,1645.571599999997,187684,1539813112.0,SH000688
2026-06-11 14:40:00,1645.7381999999996,1648.4429999999993,1644.0946999999987,1647.048399999998,205103,1862923154.0,SH000688
2026-06-11 14:45:00,1647.1525999999994,1652.8661999999997,1647.1525999999988,1652.390699999998,281391,2631303865.0,SH000688
2026-06-11 14:50:00,1652.7417999999996,1657.894999999999,1652.7417999999989,1657.384299999997,300732,2874546585.0,SH000688
2026-06-11 14:55:00,1657.2129999999995,1662.003399999999,1657.177899999999,1661.9495999999972,381336,2904861438.0,SH000688
2026-06-11 15:00:00,1661.8947999999991,1662.8688999999988,1661.3568999999984,1662.4359999999974,370073,2907151014.0,SH000688
2026-06-12 09:35:00,1726.0051,1730.8928,1717.4228,1717.4228,2673696,19965018038.0,SH000688
2026-06-12 09:40:00,1717.9089,1727.2401,1713.9239,1718.9647,1638297,10705656465.0,SH000688
2026-06-12 09:45:00,1719.0035,1721.6394,1707.0054,1708.7691,1091401,9062591443.0,SH000688
2026-06-12 09:50:00,1709.3006,1725.1247,1709.3006,1723.1468,826045,7174403315.0,SH000688
2026-06-12 09:55:00,1723.8963,1727.8484,1719.8987,1720.8343,706448,6042411319.0,SH000688
2026-06-12 10:00:00,1721.248,1721.248,1714.1038,1718.7752,566394,4621284827.0,SH000688
2026-06-12 10:05:00,1717.916,1717.916,1709.2935,1713.8101,577196,4859301284.0,SH000688
2026-06-12 10:10:00,1713.7744,1721.3683,1712.9504,1717.1544,497371,3917487451.0,SH000688
2026-06-12 10:15:00,1717.7603,1722.1087,1715.3091,1715.7313,412689,3330155060.0,SH000688
2026-06-12 10:20:00,1715.8104,1715.8104,1701.0405,1705.5206,495928,4330650368.0,SH000688
2026-06-12 10:25:00,1705.5418,1706.5809,1697.6543,1704.7503,408129,3536309097.0,SH000688
2026-06-12 10:30:00,1704.7289,1704.7289,1689.8444,1689.8444,364738,3088028793.0,SH000688
2026-06-12 10:35:00,1689.7144,1698.0174,1688.267,1698.0174,448532,3388606610.0,SH000688
2026-06-12 10:40:00,1697.7397,1701.3012,1693.0857,1696.5247,326687,2683408160.0,SH000688
2026-06-12 10:45:00,1696.8409,1698.5134,1690.0033,1697.5103,317106,2628406386.0,SH000688
2026-06-12 10:50:00,1697.5897,1703.8557,1697.3156,1702.4485,297772,2284207550.0,SH000688
2026-06-12 10:55:00,1702.5619,1702.7478,1695.4832,1697.0277,311395,2325189197.0,SH000688
2026-06-12 11:00:00,1697.1673,1698.1615,1690.3834,1692.2719,279909,2410323211.0,SH000688
2026-06-12 11:05:00,1692.2016,1699.9844,1692.0036,1696.6024,295587,2123258788.0,SH000688
2026-06-12 11:10:00,1696.2651,1696.2651,1683.2278,1683.3629,354155,2915162562.0,SH000688
2026-06-12 11:15:00,1683.4199,1685.3156,1681.4766,1683.758,302778,2743348727.0,SH000688
2026-06-12 11:20:00,1684.1992,1693.6132,1684.1992,1689.2977,212141,1928421335.0,SH000688
2026-06-12 11:25:00,1688.4527,1689.395,1685.0451,1686.7642,219646,1816354517.0,SH000688
2026-06-12 11:30:00,1686.6577,1687.4852,1681.2767,1681.5829,226328,1961011113.0,SH000688
2026-06-12 13:05:00,1681.3596,1683.6471,1677.4115,1677.7838,459703,4242366234.0,SH000688
2026-06-12 13:10:00,1677.8537,1681.2816,1673.56,1673.6248,330342,3054008334.0,SH000688
2026-06-12 13:15:00,1673.7007,1681.8038,1673.4888,1677.8597,288002,2961302608.0,SH000688
2026-06-12 13:20:00,1677.8975,1679.4323,1674.7238,1676.3665,286819,2487269773.0,SH000688
2026-06-12 13:25:00,1676.3609,1686.9098,1676.3609,1685.4334,267081,2792640052.0,SH000688
2026-06-12 13:30:00,1685.1442,1689.6477,1685.0877,1686.4026,260678,2687538349.0,SH000688
2026-06-12 13:35:00,1686.3567,1688.5143,1679.0463,1679.1641,260642,2432708885.0,SH000688
2026-06-12 13:40:00,1679.0589,1684.2505,1678.8063,1679.5108,214626,2033634581.0,SH000688
2026-06-12 13:45:00,1679.37,1684.9274,1677.2376,1683.9355,216438,1991775872.0,SH000688
2026-06-12 13:50:00,1683.7646,1686.2794,1681.5252,1684.9782,199244,1944695400.0,SH000688
2026-06-12 13:55:00,1684.9477,1685.5262,1680.6789,1680.6789,229789,2110844874.0,SH000688
2026-06-12 14:00:00,1680.5613,1680.5613,1674.9067,1679.0047,303788,2348509836.0,SH000688
2026-06-12 14:05:00,1679.1085,1681.1139,1675.5366,1679.5379,234007,2097669265.0,SH000688
2026-06-12 14:10:00,1679.5235,1680.7115,1674.9448,1675.6591,245988,2248323185.0,SH000688
2026-06-12 14:15:00,1675.4823,1678.4863,1674.5911,1678.0711,257077,2173132469.0,SH000688
2026-06-12 14:20:00,1678.1265,1678.6119,1673.3501,1675.258,247420,1974180051.0,SH000688
2026-06-12 14:25:00,1675.4793,1681.4588,1675.4793,1676.2891,258598,2157953595.0,SH000688
2026-06-12 14:30:00,1676.1577,1676.4956,1672.5123,1672.8629,246307,2160622906.0,SH000688
2026-06-12 14:35:00,1672.6802,1673.7445,1666.439,1666.5875,348256,2813833535.0,SH000688
2026-06-12 14:40:00,1666.7654,1667.6277,1664.4638,1666.8616,344901,3085100362.0,SH000688
2026-06-12 14:45:00,1666.8842,1666.9187,1659.2022,1660.0761,375430,3577331488.0,SH000688
2026-06-12 14:50:00,1660.0746,1661.646,1656.8454,1661.646,389258,3743174131.0,SH000688
2026-06-12 14:55:00,1661.7907,1664.0716,1660.2011,1660.6721,384286,3519048270.0,SH000688
2026-06-12 15:00:00,1660.4798,1663.8506,1660.4798,1663.2213,519519,5341581458.0,SH000688
2026-06-15 09:35:00,1687.6699,1693.8260000000002,1670.6431999999998,1670.8933999999997,1538125,13951784701.0,SH000688
2026-06-15 09:40:00,1670.3887,1679.1473000000008,1658.3234999999995,1679.1473,979564,8270371600.0,SH000688
2026-06-15 09:45:00,1679.5266,1693.631600000001,1679.4453999999996,1693.6316000000004,788641,7324539189.0,SH000688
2026-06-15 09:50:00,1693.5432,1706.7037000000014,1693.5431999999994,1705.9792000000011,670139,6932996048.0,SH000688
2026-06-15 09:55:00,1706.4754,1710.1046000000017,1704.8896999999993,1707.3292000000013,631505,6764654861.0,SH000688
2026-06-15 10:00:00,1707.4013,1710.1014000000018,1701.0351999999996,1707.4852000000012,572659,5165383249.0,SH000688
2026-06-15 10:05:00,1707.9299000000003,1722.9408000000014,1707.5318,1722.7914000000012,599086,6539664846.0,SH000688
2026-06-15 10:10:00,1723.1089000000004,1723.3631000000016,1717.4404999999997,1718.3006000000016,464115,5271262098.0,SH000688
2026-06-15 10:15:00,1718.0927000000004,1726.4086000000016,1717.2530000000002,1725.9356000000014,440802,4718209094.0,SH000688
2026-06-15 10:20:00,1725.4006000000002,1725.6392000000014,1719.8007000000002,1721.7337000000014,468113,4221157728.0,SH000688
2026-06-15 10:25:00,1722.3064000000002,1727.1998000000012,1722.3064000000002,1723.630300000002,355234,4385078583.0,SH000688
2026-06-15 10:30:00,1722.8688000000002,1732.173400000002,1722.583800000001,1730.4353000000017,340000,3901630498.0,SH000688
2026-06-15 10:35:00,1730.6213000000002,1730.6213000000018,1723.848900000001,1729.4721000000025,293381,3337324064.0,SH000688
2026-06-15 10:40:00,1729.2428000000004,1731.9320000000023,1728.125700000001,1729.608500000002,276449,3125803441.0,SH000688
2026-06-15 10:45:00,1729.8825000000006,1729.8825000000024,1716.3545000000006,1716.3545000000022,292733,3200832575.0,SH000688
2026-06-15 10:50:00,1716.2420000000006,1723.0914000000023,1715.247100000001,1715.247100000002,254699,2512834279.0,SH000688
2026-06-15 10:55:00,1715.0069000000003,1718.4078000000031,1714.694600000001,1716.357100000003,252529,2247134618.0,SH000688
2026-06-15 11:00:00,1716.4126000000006,1722.7541000000033,1716.249700000001,1721.7087000000015,187354,2015769625.0,SH000688
2026-06-15 11:05:00,1721.9538000000005,1721.9538000000032,1715.3593000000014,1716.0291000000022,201782,1900947065.0,SH000688
2026-06-15 11:10:00,1715.7416000000003,1721.9932000000033,1713.5727000000018,1721.338800000003,198171,2193122978.0,SH000688
2026-06-15 11:15:00,1721.4426000000003,1721.7756000000034,1718.1522000000014,1720.9875000000034,167832,1842245826.0,SH000688
2026-06-15 11:20:00,1721.3117000000002,1724.206900000003,1720.7068000000013,1720.8599000000029,178699,1935551913.0,SH000688
2026-06-15 11:25:00,1720.3922,1721.540800000004,1718.9365000000016,1721.540800000003,169432,1777494497.0,SH000688
2026-06-15 11:30:00,1721.7018,1725.459900000004,1721.7018000000016,1723.4716000000033,168727,1766517928.0,SH000688
2026-06-15 13:05:00,1724.0426,1732.6051000000032,1724.0426000000014,1732.5281000000032,398787,3742559822.0,SH000688
2026-06-15 13:10:00,1732.8367999999998,1734.071900000003,1730.4839000000006,1733.1178000000027,370635,2465681263.0,SH000688
2026-06-15 13:15:00,1733.0589999999995,1733.2448000000031,1722.9638000000014,1724.472500000003,467185,2739303841.0,SH000688
2026-06-15 13:20:00,1724.5495999999998,1731.013900000003,1724.405000000001,1725.991800000003,248167,2129072489.0,SH000688
2026-06-15 13:25:00,1726.1252,1726.8989000000038,1724.1454000000008,1724.1454000000026,208197,1937090997.0,SH000688
2026-06-15 13:30:00,1724.0778000000005,1725.4828000000043,1720.0491000000009,1725.4828000000027,199257,1907937521.0,SH000688
2026-06-15 13:35:00,1726.0969000000005,1730.9200000000044,1725.5098000000007,1730.269200000003,191633,2029625291.0,SH000688
2026-06-15 13:40:00,1730.2011000000005,1730.5841000000044,1726.8672000000008,1726.867200000003,168985,1920483804.0,SH000688
2026-06-15 13:45:00,1727.2674000000006,1730.3885000000046,1726.3429000000008,1730.1499000000035,170066,1585915658.0,SH000688
2026-06-15 13:50:00,1730.4000000000003,1732.5221000000045,1729.976900000001,1731.1239000000037,184970,1700056123.0,SH000688
2026-06-15 13:55:00,1731.1992000000007,1732.6882000000048,1730.439000000001,1731.254400000003,158873,1724254057.0,SH000688
2026-06-15 14:00:00,1731.3598000000006,1731.8240000000048,1729.350100000001,1730.3975000000037,129899,1340025401.0,SH000688
2026-06-15 14:05:00,1730.3006000000005,1731.1696000000052,1725.6055000000006,1727.5465000000036,200764,1766171391.0,SH000688
2026-06-15 14:10:00,1727.5309000000009,1729.0430000000058,1725.434800000001,1729.007100000004,172522,1565307795.0,SH000688
2026-06-15 14:15:00,1729.2106000000008,1732.9177000000057,1729.210600000001,1731.338600000004,152161,1773067832.0,SH000688
2026-06-15 14:20:00,1731.083400000001,1731.8602000000058,1730.5467000000017,1731.1670000000029,149972,1477637037.0,SH000688
2026-06-15 14:25:00,1731.4873000000007,1733.686700000006,1731.014700000002,1733.6867000000034,172084,1758390143.0,SH000688
2026-06-15 14:30:00,1733.6752000000006,1735.9058000000057,1733.226100000002,1735.8378000000027,173038,1953446306.0,SH000688
2026-06-15 14:35:00,1735.790800000001,1739.205400000005,1734.3681000000022,1739.205400000002,200098,2481830780.0,SH000688
2026-06-15 14:40:00,1739.289000000001,1741.077400000005,1738.3888000000024,1741.0746000000026,211213,2151430330.0,SH000688
2026-06-15 14:45:00,1741.044300000001,1743.9018000000049,1740.8878000000025,1743.8136000000036,249487,2630373700.0,SH000688
2026-06-15 14:50:00,1743.7495000000008,1746.761000000005,1742.780900000002,1746.479700000002,309407,2964008535.0,SH000688
2026-06-15 14:55:00,1746.8051000000007,1747.6294000000053,1746.2184000000018,1747.4967000000013,385514,3979431313.0,SH000688
2026-06-15 15:00:00,1747.4354000000008,1748.511600000005,1747.326800000002,1748.3264000000015,378253,3452063985.0,SH000688
2026-06-16 09:35:00,1751.7052,1752.1926999999996,1741.6462999999994,1742.0940999999996,1333317,12952237380.0,SH000688
2026-06-16 09:40:00,1741.7848,1743.8536999999994,1734.0869999999995,1743.630099999999,830346,8301049916.0,SH000688
2026-06-16 09:45:00,1744.4248,1749.0942999999993,1741.5966,1744.3516999999988,700565,6893183250.0,SH000688
2026-06-16 09:50:00,1743.8915,1747.8820999999994,1741.6774000000005,1747.3081999999995,630553,6253029309.0,SH000688
2026-06-16 09:55:00,1748.0143,1750.1702999999995,1746.1119000000003,1749.8150999999991,524545,4923957384.0,SH000688
2026-06-16 10:00:00,1749.9854,1751.1835,1738.9877,1738.9876999999992,486474,4288171513.0,SH000688
2026-06-16 10:05:00,1738.7134999999998,1738.7134999999996,1731.1862,1731.2015999999985,494507,5459725586.0,SH000688
2026-06-16 10:10:00,1731.167,1741.8229999999994,1729.0368,1741.8229999999974,345077,3700185527.0,SH000688
2026-06-16 10:15:00,1742.5543999999998,1748.325099999999,1742.4581,1743.8593999999964,339563,3572301784.0,SH000688
2026-06-16 10:20:00,1744.0417999999995,1744.041799999999,1736.2464999999995,1741.7630999999958,337443,2784385317.0,SH000688
2026-06-16 10:25:00,1741.8959999999995,1746.802599999999,1741.8316999999995,1743.8045999999963,253011,2138367753.0,SH000688
2026-06-16 10:30:00,1743.6893999999995,1747.8552999999988,1743.6893999999993,1744.2198999999955,234028,1957683608.0,SH000688
2026-06-16 10:35:00,1743.7125999999994,1747.5327999999986,1740.5506999999998,1747.2511999999954,318669,2131796911.0,SH000688
2026-06-16 10:40:00,1747.5194999999997,1751.838999999999,1747.2877,1749.0557999999955,307153,1896282931.0,SH000688
2026-06-16 10:45:00,1749.0699999999997,1752.8654999999983,1748.7924000000005,1751.958299999996,213477,2156538805.0,SH000688
2026-06-16 10:50:00,1751.8970999999997,1754.2857999999987,1749.7501000000009,1749.7500999999947,235515,2085628139.0,SH000688
2026-06-16 10:55:00,1749.2719999999993,1749.2719999999983,1744.5690000000004,1746.9833999999944,228905,2025491477.0,SH000688
2026-06-16 11:00:00,1746.636099999999,1748.3616999999988,1743.3471000000006,1744.3937999999955,212135,1696003879.0,SH000688
2026-06-16 11:05:00,1744.596899999999,1747.177799999999,1743.1544000000013,1743.6396999999963,205482,1716952411.0,SH000688
2026-06-16 11:10:00,1743.3797999999988,1744.7543999999984,1740.5968000000012,1744.4406999999962,265086,1710926152.0,SH000688
2026-06-16 11:15:00,1744.3520999999992,1750.170799999999,1744.3048000000017,1750.1707999999962,142472,1601430709.0,SH000688
2026-06-16 11:20:00,1750.302599999999,1750.6991999999989,1746.5148000000015,1750.2539999999974,166035,1893907191.0,SH000688
2026-06-16 11:25:00,1750.546499999999,1751.0230999999987,1747.8114000000012,1750.7108999999962,164492,1664222571.0,SH000688
2026-06-16 11:30:00,1750.5714999999989,1757.0280999999986,1750.571500000001,1756.8960999999963,214208,2234856175.0,SH000688
2026-06-16 13:05:00,1757.171999999999,1760.1946999999986,1752.8681000000006,1759.8841999999977,537846,4281450740.0,SH000688
2026-06-16 13:10:00,1759.803299999999,1764.7384999999986,1759.4911000000009,1763.3673999999971,233338,2911396737.0,SH000688
2026-06-16 13:15:00,1763.3622999999989,1763.441899999999,1754.565200000001,1757.639699999996,269891,2502965721.0,SH000688
2026-06-16 13:20:00,1757.6160999999988,1757.6819999999984,1745.9614000000015,1750.1352999999972,377500,3232690995.0,SH000688
2026-06-16 13:25:00,1750.8611999999987,1751.2629999999986,1746.5066000000015,1748.369699999998,220304,2206558213.0,SH000688
2026-06-16 13:30:00,1748.2631999999987,1748.2631999999987,1743.4950000000017,1746.4562999999976,243460,2529978379.0,SH000688
2026-06-16 13:35:00,1746.4144999999985,1746.9682999999986,1742.2314000000017,1746.9020999999973,254386,2358821938.0,SH000688
2026-06-16 13:40:00,1746.9831999999983,1747.3468999999986,1738.1086000000016,1738.7288999999976,198837,2299915015.0,SH000688
2026-06-16 13:45:00,1738.7122999999983,1740.847899999999,1734.959400000001,1739.9662999999978,243542,2527934796.0,SH000688
2026-06-16 13:50:00,1739.805099999999,1746.3462999999983,1739.8051000000014,1746.3462999999967,151993,1736600132.0,SH000688
2026-06-16 13:55:00,1746.4015999999986,1748.3963999999985,1745.3134000000014,1747.4562999999964,167931,1698318193.0,SH000688
2026-06-16 14:00:00,1747.6017999999983,1751.5226999999982,1747.2535000000012,1750.854599999997,151001,1633610374.0,SH000688
2026-06-16 14:05:00,1751.0637999999983,1751.3428999999985,1749.2451000000012,1750.984899999998,177117,1635390060.0,SH000688
2026-06-16 14:10:00,1750.9534999999985,1762.785799999998,1750.9535000000012,1761.4328999999973,290261,3106649088.0,SH000688
2026-06-16 14:15:00,1761.4993999999988,1763.4492999999975,1759.4583000000016,1762.7697999999975,244505,2289534923.0,SH000688
2026-06-16 14:20:00,1762.081099999999,1766.1265999999985,1759.4036000000017,1766.0421999999974,211766,1913613643.0,SH000688
2026-06-16 14:25:00,1766.137499999999,1766.1374999999985,1763.149600000001,1763.1894999999968,246199,1803158980.0,SH000688
2026-06-16 14:30:00,1762.8061999999989,1762.8061999999982,1759.3309000000013,1761.1013999999966,195315,1722225694.0,SH000688
2026-06-16 14:35:00,1761.5554999999988,1764.2803999999978,1757.6796000000008,1757.6795999999963,213316,2061312842.0,SH000688
2026-06-16 14:40:00,1757.6848999999988,1759.0541999999978,1755.764200000001,1757.3442999999977,193967,2014558065.0,SH000688
2026-06-16 14:45:00,1757.1919999999986,1757.5812999999978,1752.8781000000013,1753.5845999999972,226856,2308569291.0,SH000688
2026-06-16 14:50:00,1753.664699999999,1756.2528999999977,1753.1413000000011,1755.592399999996,236403,2431823980.0,SH000688
2026-06-16 14:55:00,1755.586699999999,1758.2699999999977,1755.0926000000009,1757.7051999999967,278673,2794120523.0,SH000688
2026-06-16 15:00:00,1757.664199999999,1758.5346999999977,1757.2328000000002,1758.4243999999967,270753,2603592071.0,SH000688
2026-06-17 09:35:00,1729.2282,1733.8715,1725.9007,1733.1939999999993,1301757,11169169802.0,SH000688
2026-06-17 09:40:00,1733.8153999999995,1743.4364000000005,1732.7034,1743.4363999999996,815474,6026479903.0,SH000688
2026-06-17 09:45:00,1743.6192999999998,1745.865100000001,1735.8302999999996,1741.1217,657222,5209358783.0,SH000688
2026-06-17 09:50:00,1741.1920999999998,1747.273,1738.5150999999996,1743.1898,488320,4448577649.0,SH000688
2026-06-17 09:55:00,1742.8836999999996,1749.686,1741.7159999999994,1746.678500000001,482500,4258155865.0,SH000688
2026-06-17 10:00:00,1746.3019999999997,1748.9622000000002,1740.3978999999997,1741.3437000000004,446005,3908470328.0,SH000688
2026-06-17 10:05:00,1740.8467999999996,1754.8820999999991,1740.4090999999992,1752.4599999999994,396793,3867346416.0,SH000688
2026-06-17 10:10:00,1752.0418999999995,1758.4959999999992,1752.0418999999995,1758.035599999999,341753,3610699395.0,SH000688
2026-06-17 10:15:00,1758.0885999999996,1764.0722999999998,1757.5753999999993,1764.0723000000005,418500,3975679308.0,SH000688
2026-06-17 10:20:00,1764.3719999999996,1769.0745999999997,1764.277099999999,1768.7661000000005,416988,4104046434.0,SH000688
2026-06-17 10:25:00,1769.0232999999996,1769.6833999999997,1761.2289999999994,1761.2290000000014,351250,3767524150.0,SH000688
2026-06-17 10:30:00,1760.9758999999992,1770.1093999999991,1760.9405999999994,1768.5211000000015,345420,3402280779.0,SH000688
2026-06-17 10:35:00,1767.954799999999,1780.5484999999987,1767.9548,1780.0173000000011,364450,3885287374.0,SH000688
2026-06-17 10:40:00,1780.4686999999992,1783.5525999999986,1769.4206,1772.919900000002,339030,4040995083.0,SH000688
2026-06-17 10:45:00,1773.2397999999991,1777.3637999999987,1766.8901,1771.2192000000025,319364,3002244655.0,SH000688
2026-06-17 10:50:00,1770.815499999999,1773.3252999999982,1767.66,1773.2015000000013,513724,3065613570.0,SH000688
2026-06-17 10:55:00,1773.587999999999,1776.9300999999982,1772.2038000000002,1773.099000000002,652095,2963380835.0,SH000688
2026-06-17 11:00:00,1773.3269999999989,1779.4725999999985,1772.8437000000006,1778.4034000000024,443174,2753419061.0,SH000688
2026-06-17 11:05:00,1778.2044999999987,1788.5913999999989,1777.401700000001,1788.320300000002,303633,3115897609.0,SH000688
2026-06-17 11:10:00,1787.7258999999988,1790.1852999999985,1782.5564000000013,1782.8555000000028,299545,3054379973.0,SH000688
2026-06-17 11:15:00,1782.8783999999987,1790.164699999999,1781.9311000000016,1789.9156000000028,279720,2820348056.0,SH000688
2026-06-17 11:20:00,1789.947299999999,1789.947299999999,1772.193500000002,1773.1680000000022,292539,3029721513.0,SH000688
2026-06-17 11:25:00,1772.8498999999986,1780.2619999999986,1766.9479000000017,1776.3414000000012,256047,2566112482.0,SH000688
2026-06-17 11:30:00,1776.0992999999985,1780.393299999999,1774.7840000000017,1776.2571000000014,286977,2185976116.0,SH000688
2026-06-17 13:05:00,1776.2814999999987,1787.0099999999986,1776.1384000000014,1783.0637000000004,382983,4080211160.0,SH000688
2026-06-17 13:10:00,1782.7900999999986,1789.6107999999986,1782.790100000001,1788.7786,365872,4267196502.0,SH000688
2026-06-17 13:15:00,1789.1307999999983,1797.8574999999996,1786.4506000000006,1796.5005,328548,3894870264.0,SH000688
2026-06-17 13:20:00,1796.2934999999986,1799.3657999999994,1792.2181000000005,1797.1101000000003,276974,3087093706.0,SH000688
2026-06-17 13:25:00,1797.2623999999987,1802.685799999999,1795.7498000000005,1802.0059000000008,391494,2902027871.0,SH000688
2026-06-17 13:30:00,1803.0004999999985,1813.6634999999992,1802.8136000000004,1813.6635000000008,387613,4791021810.0,SH000688
2026-06-17 13:35:00,1813.7011999999984,1821.1987999999992,1811.9450000000008,1821.1988000000017,403572,5325887734.0,SH000688
2026-06-17 13:40:00,1821.9401999999984,1833.9604,1820.748900000001,1833.677900000003,352481,5310079199.0,SH000688
2026-06-17 13:45:00,1833.4152999999983,1835.5526,1821.7836000000011,1825.7119000000048,341253,4930634626.0,SH000688
2026-06-17 13:50:00,1825.4700999999984,1825.4701,1818.3931000000016,1823.8741000000043,258412,3199495546.0,SH000688
2026-06-17 13:55:00,1824.059699999998,1828.1320999999996,1818.5160000000024,1819.042300000004,243423,2850893922.0,SH000688
2026-06-17 14:00:00,1818.9216999999976,1826.8847999999996,1816.6300000000024,1825.6705000000031,225128,2702251184.0,SH000688
2026-06-17 14:05:00,1825.8058999999976,1828.0477999999996,1824.3658000000023,1826.7328000000025,198544,2286438611.0,SH000688
2026-06-17 14:10:00,1826.8542999999977,1827.1275999999991,1820.9533000000024,1825.918700000002,249917,2530592623.0,SH000688
2026-06-17 14:15:00,1825.6026999999976,1825.6026999999997,1816.6601000000016,1819.6184000000017,234584,2484771531.0,SH000688
2026-06-17 14:20:00,1819.792399999998,1824.0606999999989,1818.1713000000025,1818.1713000000009,187800,2056729340.0,SH000688
2026-06-17 14:25:00,1818.373499999998,1820.6205999999984,1816.957200000002,1817.9151999999997,146620,1812168773.0,SH000688
2026-06-17 14:30:00,1818.0389999999984,1820.0481999999984,1817.8895000000016,1819.0536,164326,1945002774.0,SH000688
2026-06-17 14:35:00,1818.6460999999983,1826.2391999999984,1818.6461000000015,1824.6161,281796,2983996457.0,SH000688
2026-06-17 14:40:00,1825.1459999999984,1831.1067999999989,1824.9226000000017,1830.8521000000017,259418,3158964311.0,SH000688
2026-06-17 14:45:00,1830.9743999999985,1835.408899999999,1829.6868000000015,1835.337700000002,297183,3397264553.0,SH000688
2026-06-17 14:50:00,1835.401299999998,1841.2220999999984,1835.4013000000016,1840.4131000000016,356270,4266493789.0,SH000688
2026-06-17 14:55:00,1839.905099999998,1840.7113999999983,1837.9831000000015,1840.7114000000015,416211,4313467817.0,SH000688
2026-06-17 15:00:00,1840.7812999999976,1841.3653999999988,1840.0983000000017,1840.821100000002,455611,4112968981.0,SH000688
2026-06-18 09:35:00,1837.0702,1861.9231,1836.0381,1844.8947,1497965,17101021153.0,SH000688
2026-06-18 09:40:00,1845.4919,1853.8469,1844.407,1849.03,982462,10742073963.0,SH000688
2026-06-18 09:45:00,1848.8246,1855.0216,1844.867,1855.0216,776767,7145791473.0,SH000688
2026-06-18 09:50:00,1855.3221,1857.1239,1848.8843,1857.1239,636064,6759668799.0,SH000688
2026-06-18 09:55:00,1856.9708,1871.5598,1856.9708,1871.5598,499751,7772473534.0,SH000688
2026-06-18 10:00:00,1872.0003,1886.5691,1872.0003,1886.5691,610066,9277559689.0,SH000688
2026-06-18 10:05:00,1886.2354,1892.0161,1884.7095,1888.2291,559437,7977605614.0,SH000688
2026-06-18 10:10:00,1888.201,1888.201,1871.7935,1872.1731,558754,6494013655.0,SH000688
2026-06-18 10:15:00,1872.671,1877.0216,1868.3371,1876.8609,428938,5225835797.0,SH000688
2026-06-18 10:20:00,1875.8846,1878.3472,1868.7056,1869.6753,400198,5088858042.0,SH000688
2026-06-18 10:25:00,1869.0988,1882.5544,1869.0988,1882.5544,296588,3922469442.0,SH000688
2026-06-18 10:30:00,1883.1092,1895.7984,1883.1092,1893.898,372247,6113683509.0,SH000688
2026-06-18 10:35:00,1892.6945,1903.4161,1892.6945,1903.4161,368449,5763234531.0,SH000688
2026-06-18 10:40:00,1902.9909,1906.5335,1893.7772,1896.394,469979,5461759099.0,SH000688
2026-06-18 10:45:00,1897.6968,1903.4604,1896.2669,1903.4604,256647,3074136998.0,SH000688
2026-06-18 10:50:00,1903.83,1912.3206,1902.4059,1909.6482,316756,4557504532.0,SH000688
2026-06-18 10:55:00,1909.1655,1914.0171,1907.8915,1912.0764,261023,3445306857.0,SH000688
2026-06-18 11:00:00,1912.0805,1912.9567,1903.2145,1903.4564,352219,3851963756.0,SH000688
2026-06-18 11:05:00,1902.6248,1908.2462,1897.9637,1903.7014,303104,3369724600.0,SH000688
2026-06-18 11:10:00,1904.4009,1909.5321,1904.3753,1909.5321,191693,2361971109.0,SH000688
2026-06-18 11:15:00,1909.3637,1909.8443,1892.3687,1895.6696,313388,2977996421.0,SH000688
2026-06-18 11:20:00,1895.618,1904.9131,1895.618,1903.1922,240248,2827076639.0,SH000688
2026-06-18 11:25:00,1903.3546,1909.1722,1902.9691,1909.1061,189454,2080309633.0,SH000688
2026-06-18 11:30:00,1908.7163,1909.3505,1903.3225,1907.1093,172074,1815051704.0,SH000688
2026-06-18 13:05:00,1908.4024,1914.1399,1907.9478,1913.239,494219,5641574112.0,SH000688
2026-06-18 13:10:00,1913.1883,1924.5376,1909.9043,1924.0902,323160,3887353218.0,SH000688
2026-06-18 13:15:00,1924.0722,1924.7117,1919.2028,1920.7253,314395,4130971519.0,SH000688
2026-06-18 13:20:00,1920.0662,1926.0046,1918.8069,1925.858,300097,3539319394.0,SH000688
2026-06-18 13:25:00,1926.1046,1931.8433,1923.2994,1931.8079,339130,3813788573.0,SH000688
2026-06-18 13:30:00,1932.1711,1937.3012,1930.6352,1931.9413,318307,4113358977.0,SH000688
2026-06-18 13:35:00,1932.0279,1937.0094,1928.4503,1929.4833,253702,3470747171.0,SH000688
2026-06-18 13:40:00,1928.9706,1930.3094,1921.7182,1921.7182,245875,2641847694.0,SH000688
2026-06-18 13:45:00,1922.0241,1930.0029,1922.0241,1926.0108,231034,2595898269.0,SH000688
2026-06-18 13:50:00,1925.7048,1925.9241,1921.9585,1922.4414,226984,2342392724.0,SH000688
2026-06-18 13:55:00,1922.2483,1926.3324,1917.2007,1923.3605,243293,2475984521.0,SH000688
2026-06-18 14:00:00,1923.1913,1927.0758,1920.5695,1926.3421,165664,1700444816.0,SH000688
2026-06-18 14:05:00,1926.5012,1930.523,1926.1921,1928.4493,226346,2186690445.0,SH000688
2026-06-18 14:10:00,1927.9779,1930.4757,1920.5528,1924.2097,204781,2219978610.0,SH000688
2026-06-18 14:15:00,1924.1478,1926.7677,1923.3525,1924.374,141403,1735984275.0,SH000688
2026-06-18 14:20:00,1924.303,1928.0447,1924.2699,1925.666,158979,1722067728.0,SH000688
2026-06-18 14:25:00,1925.6956,1927.2467,1923.7934,1924.541,165617,1626077938.0,SH000688
2026-06-18 14:30:00,1924.1531,1924.181,1921.335,1921.8174,163820,1775080089.0,SH000688
2026-06-18 14:35:00,1921.8259,1929.1378,1921.7638,1926.8318,248850,2396158749.0,SH000688
2026-06-18 14:40:00,1926.3211,1926.3211,1902.9756,1902.9756,374047,4075085138.0,SH000688
2026-06-18 14:45:00,1903.0946,1915.0897,1903.0224,1914.953,391019,4162581419.0,SH000688
2026-06-18 14:50:00,1915.6016,1916.1074,1909.3182,1914.7187,308054,3150859343.0,SH000688
2026-06-18 14:55:00,1914.8843,1918.915,1914.2429,1917.0662,362386,3975557705.0,SH000688
2026-06-18 15:00:00,1916.9138,1917.4129,1911.5132,1911.5132,455566,4947950430.0,SH000688
2026-06-22 09:35:00,1922.4741,1931.1513,1920.52,1923.6467,1703695,19397649875.0,SH000688
2026-06-22 09:40:00,1923.4532,1943.8244999999995,1920.7566,1938.2774999999992,1068703,11858390238.0,SH000688
2026-06-22 09:45:00,1937.9276000000004,1943.9162,1932.5807,1936.1295,853847,9948379006.0,SH000688
2026-06-22 09:50:00,1935.5814000000005,1949.3496999999995,1934.3021,1948.9113,663992,7905599099.0,SH000688
2026-06-22 09:55:00,1948.7512,1963.3273999999997,1946.0097999999996,1961.5079,792394,8049103058.0,SH000688
2026-06-22 10:00:00,1961.3820000000003,1962.1826999999996,1948.3063,1948.3063,711351,6887457035.0,SH000688
2026-06-22 10:05:00,1948.0607,1954.0367999999996,1945.5024000000003,1945.7836999999988,682489,6078646201.0,SH000688
2026-06-22 10:10:00,1945.153,1948.1803999999995,1928.0235000000016,1931.0650999999991,530897,6263881475.0,SH000688
2026-06-22 10:15:00,1932.0604,1941.8606999999995,1931.6038000000017,1938.1903999999993,430712,4648442464.0,SH000688
2026-06-22 10:20:00,1937.9509,1938.9797999999992,1926.8239000000017,1936.6608999999987,485302,4952705029.0,SH000688
2026-06-22 10:25:00,1936.724,1939.3161999999993,1928.1312000000016,1928.1311999999991,392991,4016383875.0,SH000688
2026-06-22 10:30:00,1927.5324,1927.5323999999991,1905.758400000002,1905.952999999999,473728,5988713270.0,SH000688
2026-06-22 10:35:00,1905.4732,1910.1811999999993,1900.044900000002,1900.754599999998,535701,6363726773.0,SH000688
2026-06-22 10:40:00,1901.0428,1919.806099999999,1901.0428000000024,1919.4017999999992,297753,3772770419.0,SH000688
2026-06-22 10:45:00,1919.7121,1919.7120999999993,1909.148800000002,1909.1487999999997,266028,2992387193.0,SH000688
2026-06-22 10:50:00,1908.9072,1908.9072,1889.9806000000024,1889.9805999999992,416608,4338893689.0,SH000688
2026-06-22 10:55:00,1889.4653,1892.8027,1880.4465000000023,1880.7951,414826,4737060032.0,SH000688
2026-06-22 11:00:00,1880.5531,1891.8183,1880.153300000003,1888.5351000000005,314124,3497608439.0,SH000688
2026-06-22 11:05:00,1888.731,1895.5653,1888.7310000000025,1892.6201999999992,241890,2713021158.0,SH000688
2026-06-22 11:10:00,1892.2592999999997,1900.189899999999,1879.5900000000015,1879.9513999999983,269782,3233768470.0,SH000688
2026-06-22 11:15:00,1880.5033999999991,1888.3563999999983,1880.5034000000016,1887.9815999999976,256132,2547127836.0,SH000688
2026-06-22 11:20:00,1887.9780999999991,1897.3238999999985,1887.4672000000016,1892.7610999999968,212655,2013308366.0,SH000688
2026-06-22 11:25:00,1892.394399999999,1894.8568999999984,1884.8758000000016,1894.856899999997,170894,1857572856.0,SH000688
2026-06-22 11:30:00,1894.899699999999,1912.1146999999976,1894.8997000000015,1911.9123999999963,229176,2582673391.0,SH000688
2026-06-22 13:05:00,1913.350299999999,1917.7436999999975,1909.8220000000013,1911.579199999996,374332,3732802915.0,SH000688
2026-06-22 13:10:00,1911.342499999999,1923.1362999999976,1911.3425000000016,1921.5603999999955,291512,3044306404.0,SH000688
2026-06-22 13:15:00,1921.655799999999,1924.1324999999983,1914.579300000002,1924.1324999999956,273925,2490677347.0,SH000688
2026-06-22 13:20:00,1923.946499999999,1926.1911999999984,1918.622900000002,1918.622899999996,272089,3100607082.0,SH000688
2026-06-22 13:25:00,1918.871199999999,1919.7385999999983,1912.4750000000015,1912.474999999996,253712,2616771073.0,SH000688
2026-06-22 13:30:00,1912.2157999999988,1915.1476999999984,1898.8766000000016,1905.7374999999952,346953,3004541631.0,SH000688
2026-06-22 13:35:00,1905.1307999999988,1911.232699999998,1903.8524000000016,1911.0489999999952,222954,2185000846.0,SH000688
2026-06-22 13:40:00,1911.767299999999,1919.453299999998,1911.767300000002,1919.3339999999944,288925,2201867900.0,SH000688
2026-06-22 13:45:00,1919.2419999999993,1920.4909999999984,1914.5919000000024,1914.5918999999951,233025,1836525047.0,SH000688
2026-06-22 13:50:00,1914.7744999999993,1927.6652999999988,1914.6799000000028,1927.665299999995,234467,2488121604.0,SH000688
2026-06-22 13:55:00,1927.2449999999992,1930.169199999999,1925.1273000000024,1925.657099999994,251931,2345884366.0,SH000688
2026-06-22 14:00:00,1925.5932999999995,1926.4110999999991,1922.240000000003,1924.9863999999943,202652,1644136930.0,SH000688
2026-06-22 14:05:00,1925.2456999999995,1941.2384999999988,1925.245700000003,1940.9448999999936,334749,3088273485.0,SH000688
2026-06-22 14:10:00,1940.559,1944.8521999999991,1938.5262000000032,1944.420599999994,303857,2870325475.0,SH000688
2026-06-22 14:15:00,1944.3643,1944.810899999999,1938.448600000004,1944.523599999994,301504,2391695751.0,SH000688
2026-06-22 14:20:00,1943.9991,1943.9990999999989,1938.206000000005,1938.2059999999951,235693,1954287363.0,SH000688
2026-06-22 14:25:00,1938.2682,1942.8378999999993,1935.983000000005,1942.837899999995,267314,2071888280.0,SH000688
2026-06-22 14:30:00,1942.6226,1942.6225999999992,1938.0186000000049,1941.9306999999949,254762,2327112097.0,SH000688
2026-06-22 14:35:00,1942.3309,1944.2253999999991,1941.105600000005,1943.6004999999948,272419,2441945600.0,SH000688
2026-06-22 14:40:00,1943.7021,1947.4367999999988,1941.5375000000056,1947.3580999999951,265637,2715464925.0,SH000688
2026-06-22 14:45:00,1947.285,1951.609099999999,1946.7720000000056,1949.315099999996,261925,3111948604.0,SH000688
2026-06-22 14:50:00,1948.8181,1949.393099999999,1945.6800000000053,1949.393099999996,291807,3220584568.0,SH000688
2026-06-22 14:55:00,1948.9946,1951.9893999999993,1948.9946000000048,1951.0480999999957,384226,3743130184.0,SH000688
2026-06-22 15:00:00,1951.3781000000008,1951.7855999999997,1948.9281000000049,1948.928099999996,355294,3583036825.0,SH000688
2026-06-23 09:35:00,1929.2657,1946.6478,1921.171,1944.1791,1137747,12254173839.0,SH000688
2026-06-23 09:40:00,1943.6366,1947.020600000001,1933.6436999999996,1937.5873000000013,779964,8445555055.0,SH000688
2026-06-23 09:45:00,1938.0927,1952.8929000000012,1929.1436999999992,1929.1437000000024,982597,9568680751.0,SH000688
2026-06-23 09:50:00,1927.7072000000005,1927.7072000000016,1898.8168,1898.816800000003,919329,10327281635.0,SH000688
2026-06-23 09:55:00,1898.7502,1928.8513000000016,1896.7909999999997,1928.851300000003,739058,7571427812.0,SH000688
2026-06-23 10:00:00,1928.319,1928.319000000001,1914.1767,1914.419200000003,494025,4800672513.0,SH000688
2026-06-23 10:05:00,1914.4412,1936.511900000001,1914.4412,1933.4591000000028,545259,4663231509.0,SH000688
2026-06-23 10:10:00,1933.4529999999995,1933.453000000001,1918.5021,1929.695600000003,464242,4017723990.0,SH000688
2026-06-23 10:15:00,1929.7111,1936.4586000000008,1925.6708,1935.3404000000037,324496,3690968806.0,SH000688
2026-06-23 10:20:00,1934.8468,1953.570200000001,1933.5427000000004,1953.5702000000051,662734,4705639562.0,SH000688
2026-06-23 10:25:00,1953.4164,1968.5148000000008,1953.4164000000007,1968.3327000000045,556198,6332005261.0,SH000688
2026-06-23 10:30:00,1969.0659,1982.9062000000008,1969.0047000000004,1975.490000000003,606058,6546883952.0,SH000688
2026-06-23 10:35:00,1975.1697,1982.7812000000004,1973.4008000000003,1976.1867000000027,434646,4940440304.0,SH000688
2026-06-23 10:40:00,1975.4112,1978.4242000000008,1969.2200000000016,1975.6766000000043,471595,4343855701.0,SH000688
2026-06-23 10:45:00,1974.9666,1974.9666000000009,1962.2738000000008,1972.1169000000032,401443,3936557507.0,SH000688
2026-06-23 10:50:00,1972.0644,1972.8794000000005,1963.7164000000005,1963.933000000003,298622,3357191323.0,SH000688
2026-06-23 10:55:00,1963.443,1966.478600000001,1955.2999000000004,1966.478600000004,323804,3163177038.0,SH000688
2026-06-23 11:00:00,1966.6335,1970.3941000000011,1956.7968000000017,1960.1175000000044,225686,2462326758.0,SH000688
2026-06-23 11:05:00,1961.014,1963.410000000001,1949.9376000000025,1954.951400000005,244910,2439195581.0,SH000688
2026-06-23 11:10:00,1954.9457999999995,1957.9638,1945.8287,1945.8287,225081,2188307527.0,SH000688
2026-06-23 11:15:00,1946.0025,1948.2199,1940.5421,1940.5421,176118,2113847219.0,SH000688
2026-06-23 11:20:00,1939.9766,1945.1378,1932.1733999999997,1932.557299999999,234998,2708400196.0,SH000688
2026-06-23 11:25:00,1932.5479,1939.5492999999997,1932.5478999999996,1933.6790999999985,195133,2136634958.0,SH000688
2026-06-23 11:30:00,1934.2533999999996,1941.725499999999,1931.6211,1940.6539999999973,196018,2041112251.0,SH000688
2026-06-23 13:05:00,1939.7037999999995,1940.217799999999,1923.7262,1929.253199999998,400462,4177112059.0,SH000688
2026-06-23 13:10:00,1928.9160999999997,1931.9524999999992,1922.0593000000003,1924.4166999999984,256803,2777857930.0,SH000688
2026-06-23 13:15:00,1924.2417999999996,1927.3645999999992,1920.9825000000003,1925.1111999999991,251266,2736364034.0,SH000688
2026-06-23 13:20:00,1925.4037999999996,1927.8679999999997,1921.894000000001,1922.000000000001,216674,2203081254.0,SH000688
2026-06-23 13:25:00,1922.1965999999993,1936.7338999999993,1922.196600000001,1934.0962999999997,209670,2094957934.0,SH000688
2026-06-23 13:30:00,1933.3198999999995,1933.3198999999993,1921.718100000002,1922.580600000001,198752,2193372124.0,SH000688
2026-06-23 13:35:00,1922.7310999999995,1933.8046999999992,1922.2553000000016,1931.7885000000008,214611,2002231065.0,SH000688
2026-06-23 13:40:00,1931.6503999999995,1931.7185999999992,1919.9698000000017,1924.875900000001,216408,2022643984.0,SH000688
2026-06-23 13:45:00,1925.3374999999996,1929.4120999999996,1925.0572000000016,1929.4094000000005,128133,1452089899.0,SH000688
2026-06-23 13:50:00,1929.5181,1936.017399999999,1928.4415000000024,1932.5541999999996,175522,1887758046.0,SH000688
2026-06-23 13:55:00,1932.9209,1935.609999999999,1929.3996000000025,1929.9193,155949,1160567830.0,SH000688
2026-06-23 14:00:00,1924.0505,1925.1392,1918.7003,1918.9653,193972,2474088405.0,SH000688
2026-06-23 14:05:00,1918.8566,1921.9091,1916.8820999999991,1916.882099999999,238017,2709506063.0,SH000688
2026-06-23 14:10:00,1917.1211000000003,1917.1211000000003,1906.7021999999984,1907.8936999999985,275116,3301750666.0,SH000688
2026-06-23 14:15:00,1907.8159000000005,1915.7116000000003,1907.8158999999985,1915.036699999999,204653,2493832150.0,SH000688
2026-06-23 14:20:00,1914.9988000000003,1915.1411000000005,1901.6897999999985,1901.6897999999997,288810,3021735040.0,SH000688
2026-06-23 14:25:00,1901.6647000000005,1905.8809000000008,1897.8693999999984,1898.318,342270,3172352213.0,SH000688
2026-06-23 14:30:00,1897.8751,1898.5057000000008,1890.1625999999976,1890.6104,399178,4134074858.0,SH000688
2026-06-23 14:35:00,1890.3886,1909.2741000000003,1890.388599999998,1905.1789999999987,377387,3726069755.0,SH000688
2026-06-23 14:40:00,1904.8211,1911.7312000000009,1901.0116999999973,1906.6788999999997,283747,3027899558.0,SH000688
2026-06-23 14:45:00,1906.8744,1907.147800000001,1900.3178999999984,1903.5644999999995,307645,3191160444.0,SH000688
2026-06-23 14:50:00,1903.5313,1908.7585000000013,1902.7467999999983,1904.8904,309739,3457734289.0,SH000688
2026-06-23 14:55:00,1905.4724,1919.6815000000024,1905.4723999999983,1919.681500000001,416162,4541260627.0,SH000688
2026-06-23 15:00:00,1919.3909,1920.6502000000023,1916.2123,1916.2123,349739,3238053311.0,SH000688
2026-06-24 09:35:00,1896.3406,1923.6748,1896.3406,1923.3079,1304206,12973687779.0,SH000688
2026-06-24 09:40:00,1923.2407,1928.8271999999995,1913.6168,1919.4938,830710,7866672696.0,SH000688
2026-06-24 09:45:00,1920.4854000000005,1922.0558,1886.7407,1893.0263,871864,8645068019.0,SH000688
2026-06-24 09:50:00,1893.4190000000003,1914.0364999999997,1893.419,1912.1301999999987,662827,5780118839.0,SH000688
2026-06-24 09:55:00,1912.2871000000005,1933.4038,1912.1911999999995,1931.3189,642689,5964292014.0,SH000688
2026-06-24 10:00:00,1930.6380000000008,1951.2754999999995,1930.6379999999997,1950.5816999999995,653946,6772671296.0,SH000688
2026-06-24 10:05:00,1950.7653000000005,1955.1601999999996,1942.2256999999995,1942.7847,558073,6155006132.0,SH000688
2026-06-24 10:10:00,1942.3931000000005,1948.515399999999,1938.7377,1940.1478999999993,429962,4280080841.0,SH000688
2026-06-24 10:15:00,1940.2269000000008,1955.7314999999985,1936.5856,1954.474899999999,542518,5425451141.0,SH000688
2026-06-24 10:20:00,1954.1408000000008,1963.1964999999984,1951.5664999999997,1962.8877999999984,450862,5421339853.0,SH000688
2026-06-24 10:25:00,1963.6255000000008,1968.3845999999985,1959.8906000000004,1964.8187999999989,482853,5788938382.0,SH000688
2026-06-24 10:30:00,1965.8628000000008,1974.4068999999977,1965.2357000000004,1974.2861999999996,428630,4763583730.0,SH000688
2026-06-24 10:35:00,1973.884100000001,1975.245799999998,1963.388300000001,1965.0779,330907,3989833097.0,SH000688
2026-06-24 10:40:00,1966.166400000001,1967.423399999998,1959.4675000000009,1963.8157,329187,3246305003.0,SH000688
2026-06-24 10:45:00,1963.725300000001,1968.714399999998,1953.2552000000005,1953.2551999999991,321541,3744597739.0,SH000688
2026-06-24 10:50:00,1952.496600000001,1952.4965999999984,1939.2858000000008,1939.2857999999992,431376,4370144728.0,SH000688
2026-06-24 10:55:00,1938.9716000000012,1942.031099999998,1929.8885000000005,1929.8884999999996,321961,3797907466.0,SH000688
2026-06-24 11:00:00,1929.5777000000012,1932.4499999999985,1924.2202000000011,1928.6204000000012,295123,3386972055.0,SH000688
2026-06-24 11:05:00,1928.7743000000012,1936.2863999999984,1923.3523000000016,1923.3523000000012,257148,2730299127.0,SH000688
2026-06-24 11:10:00,1924.000200000001,1939.631699999998,1922.2942000000012,1939.6317000000008,211489,1871796481.0,SH000688
2026-06-24 11:15:00,1940.1564000000012,1941.8866999999984,1936.064500000001,1938.444000000001,177124,1602883068.0,SH000688
2026-06-24 11:20:00,1938.5783000000013,1939.3275999999985,1931.0892000000013,1933.2968000000003,145207,1443522510.0,SH000688
2026-06-24 11:25:00,1934.505600000001,1947.6176999999984,1934.3863000000013,1944.2188000000003,168254,2055504219.0,SH000688
2026-06-24 11:30:00,1944.999300000001,1963.9441999999972,1944.2394000000013,1963.8186,242395,3013619428.0,SH000688
2026-06-24 13:05:00,1964.628400000001,1973.6323999999977,1963.199400000001,1973.0890000000004,580972,5758999294.0,SH000688
2026-06-24 13:10:00,1972.708500000001,1977.8719999999971,1971.010600000001,1976.1077000000005,358914,4013500308.0,SH000688
2026-06-24 13:15:00,1975.155200000001,1975.1551999999972,1967.3765000000008,1970.1231000000005,355444,3356903753.0,SH000688
2026-06-24 13:20:00,1970.5422000000012,1980.9064999999975,1969.1261000000009,1979.8919000000012,332163,3662574430.0,SH000688
2026-06-24 13:25:00,1979.6826000000012,1985.382499999998,1979.2903000000013,1985.3184000000017,488664,3628018722.0,SH000688
2026-06-24 13:30:00,1985.4952000000012,1996.7798999999984,1985.4952000000008,1993.3804000000016,381305,4632329373.0,SH000688
2026-06-24 13:35:00,1993.1448000000012,1996.762999999998,1987.1524000000013,1994.1720000000016,342318,4025533484.0,SH000688
2026-06-24 13:40:00,1994.463100000001,1996.2282999999973,1989.159600000001,1989.198600000001,275567,2746492758.0,SH000688
2026-06-24 13:45:00,1988.5898000000009,1989.426699999997,1983.1846000000016,1988.079700000001,248530,2791007932.0,SH000688
2026-06-24 13:50:00,1987.5973000000008,1987.597299999997,1975.257400000001,1975.2574000000016,240817,2634114780.0,SH000688
2026-06-24 13:55:00,1975.0685000000003,1980.3424999999972,1969.7938000000008,1977.4747000000016,239410,2400638178.0,SH000688
2026-06-24 14:00:00,1977.6099000000008,1977.8045999999977,1972.0352000000012,1972.620300000002,183557,1908984864.0,SH000688
2026-06-24 14:05:00,1972.5600000000009,1981.3478999999984,1969.7261000000008,1978.249800000003,244501,2394226018.0,SH000688
2026-06-24 14:10:00,1978.2921000000008,1981.9413999999983,1973.4142000000008,1973.4142000000024,192913,1976810909.0,SH000688
2026-06-24 14:15:00,1973.498900000001,1987.7385999999983,1973.4283000000007,1983.801200000003,215548,3128966617.0,SH000688
2026-06-24 14:20:00,1983.826800000001,1992.8389999999988,1983.6371000000004,1990.0894000000023,202548,3408846950.0,SH000688
2026-06-24 14:25:00,1990.386400000001,1992.9550999999988,1987.8398,1989.4575000000025,205810,2749469920.0,SH000688
2026-06-24 14:30:00,1988.792800000001,1996.6175999999984,1988.7928000000004,1994.176000000002,248825,3362193353.0,SH000688
2026-06-24 14:35:00,1994.184300000001,1997.9045999999985,1987.499,1987.4990000000016,268016,2960776836.0,SH000688
2026-06-24 14:40:00,1987.2738000000013,1990.0283999999976,1985.4818,1986.5517000000016,246171,2592806139.0,SH000688
2026-06-24 14:45:00,1986.7776000000013,1986.7775999999976,1982.2357000000009,1985.1915000000015,254423,2818932746.0,SH000688
2026-06-24 14:50:00,1985.3732000000016,1988.5589999999977,1984.6645000000008,1986.314900000002,378633,3315996123.0,SH000688
2026-06-24 14:55:00,1986.7682000000011,1990.7467999999976,1986.1397000000009,1990.7468000000024,586102,4979041049.0,SH000688
2026-06-24 15:00:00,1990.7346000000016,1991.278799999997,1989.4257000000005,1989.4257000000025,370525,4237784147.0,SH000688
2026-06-25 09:35:00,2004.7749,2016.582,2001.1115,2010.7435000000005,1745332,21792259301.0,SH000688
2026-06-25 09:40:00,2010.1259,2026.4403,2009.9642,2024.851,982074,11812406745.0,SH000688
2026-06-25 09:45:00,2023.9871,2046.8905999999995,2020.8187999999996,2046.4599,1069865,11113596666.0,SH000688
2026-06-25 09:50:00,2046.4653,2056.7106999999996,2046.4652999999996,2055.9612999999995,856441,9803601051.0,SH000688
2026-06-25 09:55:00,2056.0056999999993,2062.0827000000004,2040.712000000001,2041.7543000000016,686192,8907558455.0,SH000688
2026-06-25 10:00:00,2041.7153999999996,2049.9463,2037.153800000001,2040.0187000000012,614412,6964067849.0,SH000688
2026-06-25 10:05:00,2040.8476999999991,2053.318099999998,2036.2182000000016,2045.4074,460431,5831933660.0,SH000688
2026-06-25 10:10:00,2045.4511999999995,2047.126399999998,2026.2945000000016,2033.5948,536614,6270664923.0,SH000688
2026-06-25 10:15:00,2034.2117999999996,2038.1530999999975,2029.3361000000016,2035.5561,388435,4572562794.0,SH000688
2026-06-25 10:20:00,2035.4145999999992,2050.6211999999978,2035.395500000002,2050.245499999999,342392,4593619625.0,SH000688
2026-06-25 10:25:00,2050.7859999999996,2051.0505999999978,2027.4418000000023,2027.6913999999997,572809,5557946329.0,SH000688
2026-06-25 10:30:00,2027.8137999999997,2034.673199999998,2015.4732000000024,2034.6731999999984,467107,5409311916.0,SH000688
2026-06-25 10:35:00,2034.567,2037.6319999999976,2031.5940000000023,2031.5939999999991,313393,3693149727.0,SH000688
2026-06-25 10:40:00,2032.0749,2032.0748999999976,2015.2000000000023,2017.0155,347560,4149133095.0,SH000688
2026-06-25 10:45:00,2016.6664,2016.962299999998,2000.8011000000024,2008.8371,484037,5635228345.0,SH000688
2026-06-25 10:50:00,2008.7894,2022.613299999997,2006.0430000000024,2019.6151,323840,3498268226.0,SH000688
2026-06-25 10:55:00,2017.8438,2024.101999999997,2010.8995000000025,2024.102,280730,3181386697.0,SH000688
2026-06-25 11:00:00,2024.1946000000005,2035.0765999999965,2023.181800000003,2031.0462,423708,3669374163.0,SH000688
2026-06-25 11:05:00,2030.6117,2039.2790999999963,2029.376900000003,2037.5837,270173,3175663366.0,SH000688
2026-06-25 11:10:00,2037.2585,2058.0008999999955,2037.2585000000029,2053.5698,308861,6071633298.0,SH000688
2026-06-25 11:15:00,2053.1547,2057.8303999999953,2046.5554000000016,2057.8304,225275,3383760980.0,SH000688
2026-06-25 11:20:00,2058.6722999999997,2069.4856999999956,2057.7480000000014,2069.3608,263362,4593236355.0,SH000688
2026-06-25 11:25:00,2069.055,2075.4087999999965,2067.0314000000017,2075.1318000000015,257814,4473697442.0,SH000688
2026-06-25 11:30:00,2074.7908999999995,2076.882099999997,2068.8606000000027,2072.5008000000016,216382,3262162713.0,SH000688
2026-06-25 13:05:00,2072.8446999999996,2075.2907999999966,2059.178500000002,2059.1785000000004,393578,5341382478.0,SH000688
2026-06-25 13:10:00,2058.6202,2065.1818999999955,2057.1793000000016,2061.793799999998,253962,3460938814.0,SH000688
2026-06-25 13:15:00,2061.8797,2062.1740999999947,2052.6354000000015,2053.9759999999974,392150,2993162919.0,SH000688
2026-06-25 13:20:00,2053.0806,2061.5877999999943,2051.693100000002,2061.5877999999984,364693,2667172688.0,SH000688
2026-06-25 13:25:00,2061.696100000001,2064.0160999999935,2055.3737000000024,2056.215599999998,221268,2544972859.0,SH000688
2026-06-25 13:30:00,2056.2320000000013,2063.7489999999934,2055.029000000002,2063.748999999999,218620,2654102402.0,SH000688
2026-06-25 13:35:00,2063.5056000000013,2071.4966999999942,2063.3519000000015,2064.1263999999983,234532,3063728329.0,SH000688
2026-06-25 13:40:00,2064.601300000001,2072.110399999994,2064.6013000000016,2067.215099999998,214040,2847466853.0,SH000688
2026-06-25 13:45:00,2067.182400000001,2069.988599999994,2064.2906000000003,2064.6730999999977,170765,2137679973.0,SH000688
2026-06-25 13:50:00,2064.3604000000005,2067.1736999999953,2060.7071000000014,2065.7843999999996,173260,2411620035.0,SH000688
2026-06-25 13:55:00,2065.865100000001,2067.4802999999956,2061.9557000000013,2062.0051999999987,164342,2038859609.0,SH000688
2026-06-25 14:00:00,2061.4343000000013,2061.4342999999953,2049.302400000001,2049.8920999999973,258721,3075334141.0,SH000688
2026-06-25 14:05:00,2049.973100000001,2059.0242999999955,2049.973100000001,2055.0117999999984,179773,2241296214.0,SH000688
2026-06-25 14:10:00,2055.1086000000014,2064.8507999999974,2054.883400000001,2064.8507999999993,212984,2119785794.0,SH000688
2026-06-25 14:15:00,2064.8324000000016,2067.605299999997,2064.2689000000014,2066.0170000000003,171233,2198604299.0,SH000688
2026-06-25 14:20:00,2066.007200000002,2069.615299999997,2064.6467000000016,2065.253600000001,195896,2110835201.0,SH000688
2026-06-25 14:25:00,2065.3322000000016,2068.1684999999966,2061.6900000000023,2061.6899999999996,194563,2170189310.0,SH000688
2026-06-25 14:30:00,2061.8288000000016,2068.6659999999965,2061.5156000000025,2067.306799999999,214835,2104166343.0,SH000688
2026-06-25 14:35:00,2067.8392000000017,2070.521499999997,2061.9357000000027,2063.198800000002,272703,2837629075.0,SH000688
2026-06-25 14:40:00,2063.0043000000014,2065.2973999999977,2059.4807000000023,2059.6009000000013,275328,2738417478.0,SH000688
2026-06-25 14:45:00,2059.7351000000012,2063.538099999997,2055.870200000001,2063.1958000000004,234903,3012895426.0,SH000688
2026-06-25 14:50:00,2063.173300000001,2067.542599999998,2062.941600000001,2066.1601000000014,309246,3784222621.0,SH000688
2026-06-25 14:55:00,2066.0957000000008,2068.250599999997,2065.3267000000005,2067.4554000000003,406288,4635432390.0,SH000688
2026-06-25 15:00:00,2067.8892000000005,2068.460199999997,2066.3309,2066.3309,345110,3897638872.0,SH000688
2026-06-26 09:35:00,2034.4327,2050.7178999999996,2029.0075,2046.9886,1565164,15713834586.0,SH000688
2026-06-26 09:40:00,2046.3518,2071.1686000000004,2045.3406000000004,2060.7711999999997,1128070,10475606792.0,SH000688
2026-06-26 09:45:00,2061.6578999999997,2076.4654,2060.7050999999997,2071.221399999998,1431750,9898508966.0,SH000688
2026-06-26 09:50:00,2071.0966999999996,2074.9314999999997,2044.9856999999995,2044.985699999998,883448,8218423493.0,SH000688
2026-06-26 09:55:00,2044.8404999999996,2047.862099999999,2021.9796,2031.4475999999977,833489,9138792423.0,SH000688
2026-06-26 10:00:00,2031.6153999999997,2055.193499999999,2031.0327,2052.303099999997,584369,5792649328.0,SH000688
2026-06-26 10:05:00,2052.5932999999995,2057.5123999999983,2040.136899999999,2040.1368999999945,556491,5346910790.0,SH000688
2026-06-26 10:10:00,2039.664799999999,2052.4478999999997,2039.5659999999991,2050.503399999996,393845,4168074383.0,SH000688
2026-06-26 10:15:00,2050.8389999999995,2050.8389999999995,2041.7646999999993,2046.279999999996,407231,4060700721.0,SH000688
2026-06-26 10:20:00,2045.9588999999992,2050.4947999999995,2038.5520999999992,2042.8945999999971,606150,3554226876.0,SH000688
2026-06-26 10:25:00,2043.3146999999992,2045.807899999999,2037.4536999999991,2037.4536999999968,367970,3127997065.0,SH000688
2026-06-26 10:30:00,2037.0538999999992,2037.0538999999992,2016.294799999999,2016.445299999996,441377,5171842351.0,SH000688
2026-06-26 10:35:00,2016.6661999999997,2025.0652999999984,2014.635499999999,2025.031799999996,419798,5081719747.0,SH000688
2026-06-26 10:40:00,2025.674,2026.9836999999984,2018.0311999999992,2022.935199999996,305887,3464972425.0,SH000688
2026-06-26 10:45:00,2022.9656,2022.9655999999989,2013.5589,2018.8226999999963,324082,3523821573.0,SH000688
2026-06-26 10:50:00,2018.9428,2020.1954999999991,2006.9619,2006.9618999999973,340311,3556679313.0,SH000688
2026-06-26 10:55:00,2006.6341999999995,2006.6341999999993,1992.0583,1992.058299999998,445410,5281656149.0,SH000688
2026-06-26 11:00:00,1991.9070999999997,1996.1635999999985,1976.9228000000005,1995.935999999998,534226,6101496748.0,SH000688
2026-06-26 11:05:00,1993.788,2004.3707999999983,1993.7880000000005,1999.9555999999984,385177,4144170823.0,SH000688
2026-06-26 11:10:00,2000.5297,2003.301499999999,1993.4700000000007,1997.532999999998,247785,3032272867.0,SH000688
2026-06-26 11:15:00,1997.0234,2001.2210999999984,1987.372300000001,1991.980199999998,296321,3231996135.0,SH000688
2026-06-26 11:20:00,1992.3480999999997,2009.978499999999,1989.5735000000009,2009.9784999999988,234353,2878553325.0,SH000688
2026-06-26 11:25:00,2009.6754,2011.199999999999,1992.9685000000009,1993.5822999999984,266711,2966162149.0,SH000688
2026-06-26 11:30:00,1992.1816,2013.0172999999984,1991.6649000000004,2012.5343999999984,202465,2541453034.0,SH000688
2026-06-26 13:05:00,2012.6425999999997,2013.1975999999984,2003.0631,2011.1868999999988,420091,4146548270.0,SH000688
2026-06-26 13:10:00,2011.3909,2018.0525999999984,2007.2886,2016.998999999998,299133,3275154711.0,SH000688
2026-06-26 13:15:00,2016.6453,2029.945299999998,2016.6453000000004,2025.9425999999985,320238,3427588021.0,SH000688
2026-06-26 13:20:00,2026.7759,2040.500999999998,2026.7759000000003,2039.445599999998,377136,3988356220.0,SH000688
2026-06-26 13:25:00,2040.5839,2054.756099999998,2040.5839000000008,2046.8181999999968,350041,4155268440.0,SH000688
2026-06-26 13:30:00,2045.8179,2049.219899999998,2033.4649999999992,2035.6940999999983,263328,2952347088.0,SH000688
2026-06-26 13:35:00,2035.8376,2054.0676999999973,2035.7641999999992,2050.788199999997,236555,2809456398.0,SH000688
2026-06-26 13:40:00,2050.5599,2050.9301999999975,2044.4466,2045.4513999999965,205402,2434294589.0,SH000688
2026-06-26 13:45:00,2045.6962,2051.953799999998,2041.5749,2051.953799999998,201689,2203035553.0,SH000688
2026-06-26 13:50:00,2051.9195999999997,2055.0120999999967,2043.7591999999993,2054.3096999999975,209457,2702067075.0,SH000688
2026-06-26 13:55:00,2054.9946999999997,2061.425899999997,2054.982299999999,2061.024999999998,208286,2801011170.0,SH000688
2026-06-26 14:00:00,2061.367599999999,2064.2341999999967,2055.014099999999,2055.014099999996,215585,2727220290.0,SH000688
2026-06-26 14:05:00,2054.752699999999,2056.438399999997,2048.1565999999993,2053.379799999996,231587,2417609562.0,SH000688
2026-06-26 14:10:00,2052.686299999999,2053.0298999999955,2041.5715000000007,2045.6302999999973,226542,2241990536.0,SH000688
2026-06-26 14:15:00,2045.9177999999988,2046.611999999996,2036.0517000000011,2036.501999999998,197580,1967893270.0,SH000688
2026-06-26 14:20:00,2037.9604999999988,2042.459499999996,2034.2784000000015,2036.9873999999984,224136,2101385954.0,SH000688
2026-06-26 14:25:00,2037.5779999999988,2046.2567999999967,2037.0935000000015,2041.4005999999993,204399,2096197435.0,SH000688
2026-06-26 14:30:00,2041.737799999999,2046.528899999997,2036.6859000000015,2038.6283999999991,185304,2128049570.0,SH000688
2026-06-26 14:35:00,2038.6511999999989,2039.506499999997,2031.2186000000024,2031.6942,230816,2469572003.0,SH000688
2026-06-26 14:40:00,2031.600199999999,2047.1122999999968,2031.0066000000024,2046.3419999999985,257223,2559891562.0,SH000688
2026-06-26 14:45:00,2046.4769999999987,2048.028599999997,2041.5139000000024,2045.192099999999,236726,2871659448.0,SH000688
2026-06-26 14:50:00,2045.3586999999989,2047.3518999999967,2043.2554000000025,2044.3530999999984,320350,3723814239.0,SH000688
2026-06-26 14:55:00,2044.8664999999987,2046.9854999999968,2033.913800000003,2035.4316999999992,446912,4643945782.0,SH000688
2026-06-26 15:00:00,2035.3592999999987,2035.492399999997,2031.437800000003,2032.2842,424774,4410633750.0,SH000688
2026-06-29 09:35:00,2039.6674,2073.017999999999,2039.6674,2071.445800000001,1878300,18220383295.0,SH000688
2026-06-29 09:40:00,2071.5620000000004,2088.2273999999993,2071.5620000000004,2080.6553,1082968,12446846182.0,SH000688
2026-06-29 09:45:00,2079.9401000000007,2105.9221999999995,2079.9401000000003,2102.970800000001,1037544,11067774593.0,SH000688
2026-06-29 09:50:00,2103.7886000000008,2115.6998999999987,2103.4288000000006,2111.321100000001,996187,11909945917.0,SH000688
2026-06-29 09:55:00,2110.808200000001,2116.833299999999,2107.8703,2110.260600000001,855850,11312063693.0,SH000688
2026-06-29 10:00:00,2110.2498000000014,2112.1287,2095.2531000000013,2110.078600000002,732228,8608498916.0,SH000688
2026-06-29 10:05:00,2111.8459000000016,2113.2054000000007,2084.5006000000003,2086.7572000000023,776675,9879581207.0,SH000688
2026-06-29 10:10:00,2086.3523000000014,2094.712300000001,2064.266800000001,2064.266800000003,805802,8898813592.0,SH000688
2026-06-29 10:15:00,2064.1915000000017,2067.566500000001,2045.983800000001,2046.707600000003,750911,9465910212.0,SH000688
2026-06-29 10:20:00,2046.695500000002,2063.096200000002,2043.8951000000015,2043.8951000000025,720109,7930827646.0,SH000688
2026-06-29 10:25:00,2043.8408000000024,2063.915200000002,2039.7549000000015,2063.915200000001,615242,6126929383.0,SH000688
2026-06-29 10:30:00,2063.1493000000028,2067.7022000000024,2055.960100000002,2057.115400000001,425789,4630093733.0,SH000688
2026-06-29 10:35:00,2057.870600000003,2057.8706000000025,2020.8418000000015,2020.9010000000007,558841,5726908898.0,SH000688
2026-06-29 10:40:00,2019.986500000003,2033.3390000000024,2013.5122000000024,2033.339000000001,502884,6432866610.0,SH000688
2026-06-29 10:45:00,2032.0698000000027,2046.035200000002,2031.503700000002,2046.035200000001,309193,3428637312.0,SH000688
2026-06-29 10:50:00,2046.7725000000028,2060.4855000000016,2046.7725000000016,2060.4855,354480,3591319292.0,SH000688
2026-06-29 10:55:00,2060.8952000000027,2068.1372000000024,2053.907800000001,2059.972000000001,308798,3152451789.0,SH000688
2026-06-29 11:00:00,2060.7565000000027,2071.4855000000016,2059.195200000001,2068.6207999999992,258205,2818543048.0,SH000688
2026-06-29 11:05:00,2069.6081000000027,2080.8473000000004,2069.6081000000013,2074.5209,277179,3422953733.0,SH000688
2026-06-29 11:10:00,2074.7136000000028,2081.2688000000007,2070.470300000002,2074.7812,299356,2680779156.0,SH000688
2026-06-29 11:15:00,2074.6663000000026,2075.2516000000005,2057.6165000000024,2075.2515999999987,235901,2242958692.0,SH000688
2026-06-29 11:20:00,2075.781600000003,2084.202300000001,2074.8884000000025,2083.2361999999994,200095,2518653287.0,SH000688
2026-06-29 11:25:00,2083.147600000003,2083.524400000001,2063.3333000000025,2065.9091999999996,191252,1838435025.0,SH000688
2026-06-29 11:30:00,2065.584100000003,2065.591500000001,2055.343100000002,2063.941,147713,1788036360.0,SH000688
2026-06-29 13:05:00,2063.835500000004,2064.4178000000006,2047.0916000000016,2047.0915999999995,337252,2981582179.0,SH000688
2026-06-29 13:10:00,2047.1185000000037,2049.386100000001,2042.1362000000015,2046.8709000000013,217775,2055324822.0,SH000688
2026-06-29 13:15:00,2047.4534000000035,2049.403700000001,2043.448200000002,2049.0180000000014,258293,2014489833.0,SH000688
2026-06-29 13:20:00,2048.6098000000034,2059.022300000001,2047.674700000002,2055.3749000000007,193866,2161723795.0,SH000688
2026-06-29 13:25:00,2055.8678000000027,2071.293800000001,2055.515700000001,2071.2938000000017,245133,2209362386.0,SH000688
2026-06-29 13:30:00,2071.2963000000027,2081.5752000000025,2071.2963000000013,2081.575200000001,241226,2657161439.0,SH000688
2026-06-29 13:35:00,2081.1659000000027,2089.8506000000034,2077.6292000000017,2088.2202000000016,310783,2814017605.0,SH000688
2026-06-29 13:40:00,2088.508400000003,2095.984500000003,2087.9144000000015,2094.839000000002,262715,2875654302.0,SH000688
2026-06-29 13:45:00,2095.059900000003,2107.710700000002,2094.3288000000025,2107.710700000002,259839,3198360304.0,SH000688
2026-06-29 13:50:00,2107.5892000000026,2107.5892000000017,2098.8290000000025,2098.829000000002,200518,2613772959.0,SH000688
2026-06-29 13:55:00,2098.0828000000024,2107.6134,2096.820100000003,2106.9749000000006,237610,2895917934.0,SH000688
2026-06-29 14:00:00,2106.614600000002,2110.0753000000004,2104.409100000003,2105.3773999999994,226709,2743773388.0,SH000688
2026-06-29 14:05:00,2105.170600000002,2113.0542,2103.3160000000016,2103.315999999999,268134,3050057553.0,SH000688
2026-06-29 14:10:00,2102.577800000002,2102.7487,2090.3808000000013,2096.108899999997,194930,2314741793.0,SH000688
2026-06-29 14:15:00,2096.0725000000016,2098.2639999999988,2090.747700000002,2091.5085999999974,187272,2072199234.0,SH000688
2026-06-29 14:20:00,2091.6504000000023,2105.5723999999987,2091.6504000000023,2101.704699999998,183528,2357431662.0,SH000688
2026-06-29 14:25:00,2101.7538000000022,2103.545999999999,2096.126400000003,2096.1859999999974,175208,2021198066.0,SH000688
2026-06-29 14:30:00,2096.1037000000024,2096.138899999999,2092.325600000003,2095.635399999997,209261,2081557861.0,SH000688
2026-06-29 14:35:00,2096.245700000002,2106.3605999999995,2096.2457000000027,2101.159499999997,262740,2897731192.0,SH000688
2026-06-29 14:40:00,2101.4596000000024,2112.1115999999984,2101.1502000000037,2112.1115999999965,294403,3582777290.0,SH000688
2026-06-29 14:45:00,2111.8177000000023,2112.5058999999983,2104.8538000000035,2106.0554999999977,290203,3582508617.0,SH000688
2026-06-29 14:50:00,2106.5625000000027,2118.4014999999968,2106.5625000000036,2118.257499999999,382124,4498748953.0,SH000688
2026-06-29 14:55:00,2118.4788000000026,2127.8007999999963,2117.748500000004,2126.903699999998,486315,5712189739.0,SH000688
2026-06-29 15:00:00,2126.6125000000025,2127.525899999996,2125.1227000000035,2126.010499999998,414145,4539998546.0,SH000688
2026-06-30 09:35:00,2132.8822,2148.1946000000007,2132.0439,2147.622000000001,1815398,19261463737.0,SH000688
2026-06-30 09:40:00,2147.3786,2161.3539000000005,2138.1387000000004,2138.8960000000006,2037295,14457997355.0,SH000688
2026-06-30 09:45:00,2139.6711,2144.8994999999995,2113.9499000000005,2144.755099999999,1170870,10860629319.0,SH000688
2026-06-30 09:50:00,2145.4872,2170.748900000001,2145.4872000000005,2167.8817000000004,762197,10467569478.0,SH000688
2026-06-30 09:55:00,2168.3069,2179.051500000001,2164.500000000002,2176.631300000001,652271,8526084090.0,SH000688
2026-06-30 10:00:00,2175.7527,2175.752700000001,2157.797,2171.4188999999997,571292,6577468116.0,SH000688
2026-06-30 10:05:00,2172.0009999999997,2180.725900000002,2166.9853,2179.536100000002,541878,6912841521.0,SH000688
2026-06-30 10:10:00,2179.2663999999995,2185.724000000003,2179.2663999999995,2182.564400000001,427264,6007429674.0,SH000688
2026-06-30 10:15:00,2182.6634999999997,2185.9582000000028,2170.8647,2178.6569000000013,476491,5212807432.0,SH000688
2026-06-30 10:20:00,2178.9300999999996,2179.970200000003,2162.103700000001,2162.103700000002,482850,5419771770.0,SH000688
2026-06-30 10:25:00,2161.4328999999993,2166.024200000004,2155.2306000000012,2156.2909000000022,507253,5128167736.0,SH000688
2026-06-30 10:30:00,2156.0319999999997,2168.803500000004,2153.1435000000006,2167.5295000000024,323744,4145375111.0,SH000688
2026-06-30 10:35:00,2167.6669999999995,2170.053700000004,2163.4917,2169.5384000000017,250242,3508050944.0,SH000688
2026-06-30 10:40:00,2169.773999999999,2172.2997000000037,2163.9914,2172.2997000000014,340373,3130329301.0,SH000688
2026-06-30 10:45:00,2172.4961,2179.1031000000035,2171.263999999999,2173.6754000000014,250522,3569131903.0,SH000688
2026-06-30 10:50:00,2173.1787999999997,2179.024300000004,2165.6357999999987,2176.249099999999,282887,3541815047.0,SH000688
2026-06-30 10:55:00,2176.927899999999,2183.2446000000027,2176.5013999999983,2179.4588999999983,358545,3915628287.0,SH000688
2026-06-30 11:00:00,2179.8630999999996,2187.848900000002,2179.863099999999,2182.257799999997,342821,5301764011.0,SH000688
2026-06-30 11:05:00,2182.2704999999996,2185.8012000000012,2179.0546999999997,2185.2740999999983,299561,5140171156.0,SH000688
2026-06-30 11:10:00,2185.4143999999997,2194.639100000001,2183.2951999999996,2192.612199999996,275641,3815318796.0,SH000688
2026-06-30 11:15:00,2192.8157999999994,2196.7708000000007,2190.322899999998,2196.2335999999973,263475,3609275585.0,SH000688
2026-06-30 11:20:00,2195.495499999999,2195.495500000001,2188.633399999998,2195.232699999999,253702,2859973674.0,SH000688
2026-06-30 11:25:00,2195.3217999999993,2201.2416000000017,2192.4917999999975,2199.872699999999,225022,3280159537.0,SH000688
2026-06-30 11:30:00,2199.3329999999996,2201.120800000002,2195.8783999999982,2200.5278000000003,196951,3098792741.0,SH000688
2026-06-30 13:05:00,2202.0956999999994,2208.3636000000024,2190.742699999999,2191.0189000000023,479572,5962569201.0,SH000688
2026-06-30 13:10:00,2190.808099999999,2201.945100000002,2184.8012999999987,2194.955300000003,277700,3650638003.0,SH000688
2026-06-30 13:15:00,2193.1265999999987,2195.2871000000027,2180.4019000000003,2185.669800000004,314371,3980911019.0,SH000688
2026-06-30 13:20:00,2186.572799999999,2193.109700000002,2186.5728000000004,2191.0376000000037,217500,2613604659.0,SH000688
2026-06-30 13:25:00,2190.986399999999,2200.2942000000007,2189.037500000002,2199.764200000006,197107,2599304277.0,SH000688
2026-06-30 13:30:00,2199.3285999999985,2205.060300000001,2196.3298000000023,2204.358400000006,198551,2298622170.0,SH000688
2026-06-30 13:35:00,2204.711099999999,2211.079900000002,2202.988600000002,2206.2423000000044,304269,2828661646.0,SH000688
2026-06-30 13:40:00,2206.426499999999,2207.5811000000017,2199.7343000000023,2199.734300000004,287694,2581108067.0,SH000688
2026-06-30 13:45:00,2200.7383999999997,2206.2902000000013,2191.3465000000015,2191.871300000003,301117,3224876298.0,SH000688
2026-06-30 13:50:00,2191.7128999999995,2202.0175000000004,2191.248700000001,2200.3552000000027,167820,2183739880.0,SH000688
2026-06-30 13:55:00,2200.9733999999994,2204.6317000000017,2198.180200000001,2198.1802000000016,240510,2205855156.0,SH000688
2026-06-30 14:00:00,2198.6093999999994,2203.826600000001,2198.0441,2203.8266000000012,201648,1794356136.0,SH000688
2026-06-30 14:05:00,2204.298599999999,2210.8668000000007,2203.6238000000003,2207.367000000002,265080,2301604818.0,SH000688
2026-06-30 14:10:00,2207.133999999999,2211.275600000001,2206.686900000001,2209.888200000002,249738,2033242528.0,SH000688
2026-06-30 14:15:00,2210.437799999999,2210.4378000000015,2200.611100000001,2202.7479000000003,199201,2242668239.0,SH000688
2026-06-30 14:20:00,2203.708799999998,2203.7088000000017,2193.644000000002,2197.9559000000013,225964,2686258122.0,SH000688
2026-06-30 14:25:00,2197.682599999998,2199.347100000001,2193.734300000001,2193.734299999999,206782,2162497814.0,SH000688
2026-06-30 14:30:00,2194.0729999999976,2196.1200999999996,2190.5924000000005,2192.985799999997,208799,2565506953.0,SH000688
2026-06-30 14:35:00,2192.9770999999973,2203.0989999999993,2192.8382000000006,2202.159099999996,286991,2643028629.0,SH000688
2026-06-30 14:40:00,2201.8281999999977,2205.478399999999,2197.0671,2199.371499999996,253518,2679901510.0,SH000688
2026-06-30 14:45:00,2199.4004999999975,2204.419399999999,2199.1726,2203.283199999996,262555,2996224598.0,SH000688
2026-06-30 14:50:00,2203.4949999999976,2208.6923999999995,2203.3483,2208.6458999999973,313783,3666430088.0,SH000688
2026-06-30 14:55:00,2208.434499999998,2214.6126999999997,2207.7995,2213.8690999999963,478716,5116555440.0,SH000688
2026-06-30 15:00:00,2213.7003999999984,2213.7003999999997,2207.8648,2207.864799999996,370330,4584304500.0,SH000688
2026-07-01 09:35:00,2205.6555,2222.9708999999993,2202.2026999999994,2220.8005999999978,2104876,17947664760.0,SH000688
2026-07-01 09:40:00,2221.0571999999993,2221.110999999999,2208.7886000000003,2208.8909999999983,1313210,12812147639.0,SH000688
2026-07-01 09:45:00,2209.543199999999,2232.0665,2199.8296000000005,2232.066499999999,938536,10336488649.0,SH000688
2026-07-01 09:50:00,2232.238599999999,2239.5094,2225.0658,2230.624899999999,805377,8230438641.0,SH000688
2026-07-01 09:55:00,2230.690899999999,2241.7425000000003,2230.6909,2238.505899999998,718797,6523608708.0,SH000688
2026-07-01 10:00:00,2239.1893999999993,2239.8213,2225.694299999999,2227.296599999998,693677,6680434543.0,SH000688
2026-07-01 10:05:00,2227.6884999999997,2249.8707000000004,2223.3500999999997,2245.566199999999,699378,7081279577.0,SH000688
2026-07-01 10:10:00,2246.0791000000004,2247.5369,2229.834799999999,2231.7337,547019,5841854909.0,SH000688
2026-07-01 10:15:00,2231.6103000000007,2247.032199999999,2222.1959,2222.2978,515862,5965425846.0,SH000688
2026-07-01 10:20:00,2221.8608000000004,2244.6234999999997,2216.2267,2244.6235000000015,560939,6792948436.0,SH000688
2026-07-01 10:25:00,2245.8445000000006,2254.5599999999995,2243.5780999999997,2254.372600000001,373688,4895254609.0,SH000688
2026-07-01 10:30:00,2254.0561000000007,2255.2480999999993,2227.3455999999996,2237.8992,410115,4532303544.0,SH000688
2026-07-01 10:35:00,2238.460800000001,2238.8145,2219.1827999999987,2219.4498000000003,508022,5331102507.0,SH000688
2026-07-01 10:40:00,2218.761700000001,2220.2549,2200.663899999999,2206.7553,633657,7426760529.0,SH000688
2026-07-01 10:45:00,2206.4742000000015,2207.0612,2186.206199999999,2201.261699999999,702265,7382657541.0,SH000688
2026-07-01 10:50:00,2200.997100000002,2215.0886999999993,2198.6459999999993,2215.0887000000007,423278,4002258633.0,SH000688
2026-07-01 10:55:00,2215.5834000000023,2224.055099999999,2214.8491999999997,2217.6691,359644,3251263277.0,SH000688
2026-07-01 11:00:00,2218.339100000002,2228.0652999999984,2215.8032999999987,2215.803299999998,479233,3064125007.0,SH000688
2026-07-01 11:05:00,2215.847000000002,2226.6266999999984,2214.5750999999977,2214.575099999995,348879,2405063257.0,SH000688
2026-07-01 11:10:00,2214.2741000000024,2223.759799999998,2210.467499999998,2219.524299999993,402583,2484999534.0,SH000688
2026-07-01 11:15:00,2219.318900000002,2219.318899999998,2206.206799999998,2209.487299999994,307991,3012218424.0,SH000688
2026-07-01 11:20:00,2209.613600000002,2215.7727999999984,2203.168999999997,2203.5832999999934,306595,3219153280.0,SH000688
2026-07-01 11:25:00,2202.3649000000023,2202.520999999999,2189.5065999999983,2197.0409999999947,331194,3826147262.0,SH000688
2026-07-01 11:30:00,2197.6483000000026,2205.1547999999993,2197.3233999999984,2201.009699999995,226850,2429868720.0,SH000688
2026-07-01 13:05:00,2199.750500000003,2200.2987,2176.304599999997,2176.304599999995,637796,5577264021.0,SH000688
2026-07-01 13:10:00,2176.4301000000028,2182.4566999999993,2167.6978999999965,2167.7508999999927,390817,4939625060.0,SH000688
2026-07-01 13:15:00,2167.551600000003,2172.0568999999987,2153.5041999999976,2153.504199999993,432995,5200476578.0,SH000688
2026-07-01 13:20:00,2153.213600000003,2181.0628999999985,2153.2135999999978,2180.975199999994,409229,4940072700.0,SH000688
2026-07-01 13:25:00,2180.6982000000035,2188.1748999999986,2179.0321999999974,2180.4039999999945,284590,3003892398.0,SH000688
2026-07-01 13:30:00,2180.1179000000034,2180.1178999999984,2157.075699999997,2157.9190999999964,315005,3432154514.0,SH000688
2026-07-01 13:35:00,2158.079300000003,2168.602799999998,2157.076399999997,2162.0524999999975,338206,3089672086.0,SH000688
2026-07-01 13:40:00,2162.0472000000027,2164.8923999999975,2154.662299999998,2156.0627999999992,278633,2773846601.0,SH000688
2026-07-01 13:45:00,2155.5969000000023,2156.187799999997,2143.2873999999997,2143.9529,345915,4001371529.0,SH000688
2026-07-01 13:50:00,2144.7732000000024,2153.7168999999967,2143.814899999999,2143.8241999999987,330061,3442158863.0,SH000688
2026-07-01 13:55:00,2143.4883000000027,2143.5168999999973,2132.8821999999996,2132.882199999998,412568,5056965916.0,SH000688
2026-07-01 14:00:00,2133.4096000000027,2157.1851999999963,2132.7347999999997,2157.04,298469,3515141734.0,SH000688
2026-07-01 14:05:00,2157.322100000003,2163.3172999999965,2152.5440000000003,2161.9415999999987,253759,2887560961.0,SH000688
2026-07-01 14:10:00,2162.2934000000027,2163.054199999997,2156.4038999999993,2156.403899999996,216527,2384440245.0,SH000688
2026-07-01 14:15:00,2155.696300000003,2155.9980999999966,2149.0049,2149.004899999997,176762,2017409037.0,SH000688
2026-07-01 14:20:00,2148.927700000003,2149.1527999999967,2136.6086,2136.608599999996,219569,2442420420.0,SH000688
2026-07-01 14:25:00,2136.5815000000034,2146.5918999999963,2135.1894999999986,2135.450599999994,235290,2605455421.0,SH000688
2026-07-01 14:30:00,2135.0718000000033,2137.8441999999964,2129.701999999999,2131.664799999996,255859,3088203690.0,SH000688
2026-07-01 14:35:00,2131.665200000003,2137.0328999999965,2131.1957999999972,2131.196599999996,264024,2853511719.0,SH000688
2026-07-01 14:40:00,2131.086600000003,2131.142099999997,2120.362999999997,2124.366799999995,429771,4523496759.0,SH000688
2026-07-01 14:45:00,2123.989300000003,2149.860999999997,2123.989299999997,2148.384199999996,359925,3784349449.0,SH000688
2026-07-01 14:50:00,2147.6485000000025,2150.107799999996,2141.8457999999973,2142.414999999996,292879,3260433502.0,SH000688
2026-07-01 14:55:00,2142.3391000000024,2155.2284999999974,2141.531199999997,2155.0331999999985,357157,4116921179.0,SH000688
2026-07-01 15:00:00,2154.882100000003,2154.8820999999975,2152.112799999998,2153.0430999999994,333483,3915956686.0,SH000688
2026-07-02 09:35:00,2059.8979999999997,2064.4386,2022.644799999999,2042.605799999997,2668768,25944983023.0,SH000688
2026-07-02 09:40:00,2043.9126,2066.9198000000015,2042.9410999999989,2064.398799999998,1196800,11924559017.0,SH000688
2026-07-02 09:45:00,2063.0554,2065.543300000001,2040.7582999999995,2041.021599999999,1034251,10374822337.0,SH000688
2026-07-02 09:50:00,2040.8784,2073.096900000001,2032.3458,2059.9061999999985,975292,9413901979.0,SH000688
2026-07-02 09:55:00,2063.5759999999996,2087.8340000000017,2063.576,2087.834,730454,7624275589.0,SH000688
2026-07-02 10:00:00,2088.014099999999,2091.6288000000013,2076.087799999999,2077.3325999999993,585832,5749437918.0,SH000688
2026-07-02 10:05:00,2079.366599999999,2105.2909000000004,2078.091999999999,2100.1081,540598,5851430876.0,SH000688
2026-07-02 10:10:00,2100.377199999999,2104.607300000001,2086.453399999999,2096.8189,454181,4796843316.0,SH000688
2026-07-02 10:15:00,2096.319799999999,2100.4891000000007,2088.845499999999,2093.7808999999993,361884,3711119318.0,SH000688
2026-07-02 10:20:00,2093.131499999999,2093.1315,2067.668799999999,2072.739199999999,426887,4364084808.0,SH000688
2026-07-02 10:25:00,2071.938299999999,2080.3774999999996,2064.7450999999987,2075.3405999999977,338924,3695207912.0,SH000688
2026-07-02 10:30:00,2075.4394999999995,2076.8588999999993,2068.653999999998,2072.8769999999977,317347,2947303400.0,SH000688
2026-07-02 10:35:00,2070.986,2088.786099999999,2070.961799999999,2085.7401,320293,2984278933.0,SH000688
2026-07-02 10:40:00,2085.8191999999995,2094.0512999999987,2083.2616999999987,2092.8574999999964,303400,2686469512.0,SH000688
2026-07-02 10:45:00,2092.3664999999996,2093.4950999999983,2083.5070999999984,2083.5070999999966,317292,2631855117.0,SH000688
2026-07-02 10:50:00,2084.0806999999995,2087.324199999997,2080.519399999999,2081.7194999999965,282334,2336540202.0,SH000688
2026-07-02 10:55:00,2081.5754999999995,2081.9537999999966,2065.404099999999,2067.8954999999964,278281,2903452877.0,SH000688
2026-07-02 11:00:00,2067.7235999999994,2069.1169999999956,2063.2474999999986,2064.845299999996,239614,2265767802.0,SH000688
2026-07-02 11:05:00,2063.9995999999996,2066.429299999995,2062.339899999998,2063.804699999996,234699,2328571353.0,SH000688
2026-07-02 11:10:00,2062.986999999999,2070.5637999999963,2057.968799999999,2070.1693999999975,228068,2741980841.0,SH000688
2026-07-02 11:15:00,2070.204099999999,2075.1936999999966,2066.467799999999,2075.1936999999984,198916,1879780139.0,SH000688
2026-07-02 11:20:00,2074.629499999999,2080.560999999996,2068.9591999999993,2068.9591999999975,248636,2147720296.0,SH000688
2026-07-02 11:25:00,2069.3595999999993,2072.255199999996,2058.6423999999997,2060.4668999999967,232617,2200696663.0,SH000688
2026-07-02 11:30:00,2059.8795999999993,2059.879599999997,2050.4176,2053.688099999997,224554,2585331131.0,SH000688
2026-07-02 13:05:00,2053.243999999999,2053.286899999997,2042.0905999999993,2052.7793999999953,504525,4465237145.0,SH000688
2026-07-02 13:10:00,2053.7130999999986,2054.6057999999975,2046.4409999999991,2046.6548999999948,245954,2599147319.0,SH000688
2026-07-02 13:15:00,2046.4698999999987,2047.2812999999976,2040.8094999999992,2046.7410999999945,253373,3099209146.0,SH000688
2026-07-02 13:20:00,2046.0470999999984,2046.0531999999976,2034.6510999999996,2034.6510999999948,212763,2935009276.0,SH000688
2026-07-02 13:25:00,2034.9325999999985,2037.0864999999976,2026.2962999999995,2029.6125999999947,331057,4881873441.0,SH000688
2026-07-02 13:30:00,2029.6036999999983,2032.2118999999984,2023.3139,2023.3138999999949,309390,4061237967.0,SH000688
2026-07-02 13:35:00,2023.0974999999985,2025.079699999998,2018.0831999999991,2018.274599999995,294599,3956328186.0,SH000688
2026-07-02 13:40:00,2017.265099999998,2022.0418999999988,2014.0112999999992,2018.6179999999936,350978,3808151198.0,SH000688
2026-07-02 13:45:00,2018.199299999998,2022.8244999999988,2012.5293999999992,2012.529399999994,289523,3396969781.0,SH000688
2026-07-02 13:50:00,2012.372699999998,2014.851199999999,2004.0609999999992,2008.221299999994,410350,4530978341.0,SH000688
2026-07-02 13:55:00,2009.1848999999984,2017.4633999999992,2009.1848999999993,2013.799099999994,292296,3390024011.0,SH000688
2026-07-02 14:00:00,2013.6769999999983,2022.9135999999992,2013.677,2014.7700999999936,270619,2954280277.0,SH000688
2026-07-02 14:05:00,2014.9248999999984,2020.4676999999992,2006.4306,2006.430599999993,270729,2757030325.0,SH000688
2026-07-02 14:10:00,2006.560899999998,2021.046199999999,2005.5867,2021.0461999999943,267829,3111443264.0,SH000688
2026-07-02 14:15:00,2021.2015999999976,2025.7312999999992,2012.4132999999997,2012.4132999999945,225220,2304187515.0,SH000688
2026-07-02 14:20:00,2012.366299999998,2013.9480999999992,2003.9465,2004.5037999999956,231430,2391379486.0,SH000688
2026-07-02 14:25:00,2004.376499999998,2008.2108999999991,2002.3268999999991,2002.326899999996,225348,2486560965.0,SH000688
2026-07-02 14:30:00,2002.2073999999975,2006.6640999999995,2000.344399999999,2002.1486999999952,322640,3095811689.0,SH000688
2026-07-02 14:35:00,2002.2832999999976,2011.4889,2001.6741999999992,2002.171799999995,332539,3178616998.0,SH000688
2026-07-02 14:40:00,2001.5784999999976,2005.8851,1992.7991999999997,1992.9086999999947,389604,3727260802.0,SH000688
2026-07-02 14:45:00,1992.8021999999976,1992.8022,1984.252499999999,1987.4355999999943,607152,5999291199.0,SH000688
2026-07-02 14:50:00,1987.4449999999977,1989.5906999999995,1981.9905999999985,1982.4105999999929,491863,5103715983.0,SH000688
2026-07-02 14:55:00,1981.8618999999976,1985.7333999999992,1978.319899999998,1985.677799999992,616882,5945282575.0,SH000688
2026-07-02 15:00:00,1985.7014999999976,1990.5226999999993,1985.701499999998,1987.290999999992,426778,4683062255.0,SH000688
2026-07-03 09:35:00,1978.7546,1993.8501000000003,1953.9257,1956.8227,1710837,18786031944.0,SH000688
2026-07-03 09:40:00,1956.3778,1985.7534999999991,1955.8307,1985.3256999999992,1034792,9305844775.0,SH000688
2026-07-03 09:45:00,1985.6974,1994.6309999999992,1975.7621,1990.2944,725249,7788092988.0,SH000688
2026-07-03 09:50:00,1989.7092,1991.5509999999997,1964.2174,1964.2173999999995,836366,6838528478.0,SH000688
2026-07-03 09:55:00,1964.0233,1968.5378999999991,1948.1723000000009,1967.4204999999995,923012,7218977593.0,SH000688
2026-07-03 10:00:00,1966.8983,1977.6840999999984,1962.3358000000007,1976.756299999999,516877,4627020686.0,SH000688
2026-07-03 10:05:00,1977.3358,1988.0104999999985,1971.523600000001,1977.6561999999983,515166,4744259602.0,SH000688
2026-07-03 10:10:00,1975.9933,1992.9666999999988,1975.061600000001,1990.129799999998,362192,4184085699.0,SH000688
2026-07-03 10:15:00,1988.6687,1988.6686999999988,1964.7619000000009,1964.761899999998,370243,3988567766.0,SH000688
2026-07-03 10:20:00,1964.3877999999995,1980.983199999998,1962.0349000000008,1965.527799999997,434938,3434702365.0,SH000688
2026-07-03 10:25:00,1965.7075999999995,1973.464199999998,1959.2982000000009,1969.3744999999965,387571,3355306160.0,SH000688
2026-07-03 10:30:00,1969.7883,1979.593199999998,1969.304100000001,1976.084799999997,258230,2501617878.0,SH000688
2026-07-03 10:35:00,1977.3756,1984.0530999999987,1974.7460000000012,1984.025399999998,266846,2617213156.0,SH000688
2026-07-03 10:40:00,1984.1376999999995,1989.054699999999,1982.4767000000013,1989.054699999998,270406,2913207020.0,SH000688
2026-07-03 10:45:00,1989.3629999999996,1998.0936999999988,1985.4166000000012,1998.0936999999988,270994,3524666688.0,SH000688
2026-07-03 10:50:00,1998.2686999999996,2006.6709999999985,1998.2687000000012,2004.279599999998,298289,3637374805.0,SH000688
2026-07-03 10:55:00,2004.4264,2010.3846999999987,1998.061100000001,2008.364999999998,327493,3503229874.0,SH000688
2026-07-03 11:00:00,2008.4359,2017.1929,2007.8900000000017,2016.216099999999,297843,3852027372.0,SH000688
2026-07-03 11:05:00,2015.6812,2025.6692,2015.6812000000011,2024.1047999999985,326500,3996981894.0,SH000688
2026-07-03 11:10:00,2023.4233,2028.3735000000008,2019.665400000001,2021.9197999999988,310376,3425382438.0,SH000688
2026-07-03 11:15:00,2021.6924000000004,2021.6924000000008,2004.5024000000008,2014.5097999999991,253677,2699339872.0,SH000688
2026-07-03 11:20:00,2014.5594000000003,2019.8856000000007,2008.9303,2009.6640999999984,215192,2101187069.0,SH000688
2026-07-03 11:25:00,2009.2762000000005,2009.276200000001,1998.6396999999995,1999.3984999999984,243982,2252691823.0,SH000688
2026-07-03 11:30:00,1999.2050000000008,2009.3772000000013,1998.8506999999995,2008.0707999999984,145843,1612751580.0,SH000688
2026-07-03 13:05:00,2012.150100000001,2039.305600000001,2012.1500999999992,2034.903799999999,481624,5686714299.0,SH000688
2026-07-03 13:10:00,2035.248000000001,2036.4351000000008,2025.798199999999,2026.5613999999975,306589,3822644530.0,SH000688
2026-07-03 13:15:00,2026.1080000000009,2027.3905000000009,2014.2157999999988,2014.489999999998,279154,3083351602.0,SH000688
2026-07-03 13:20:00,2014.6330000000007,2018.8065,2007.0518999999988,2007.8977999999972,283733,2844858873.0,SH000688
2026-07-03 13:25:00,2008.105900000001,2008.1059,1996.848199999999,1999.4203999999968,293264,2670133422.0,SH000688
2026-07-03 13:30:00,1999.0584000000008,2004.3267,1998.8065999999992,2001.8219999999983,231907,2178540283.0,SH000688
2026-07-03 13:35:00,2001.436400000001,2014.5927,2001.327199999999,2013.808499999998,237701,2221787883.0,SH000688
2026-07-03 13:40:00,2013.730000000001,2013.7708,2010.1318999999992,2010.569499999997,172523,1804109362.0,SH000688
2026-07-03 13:45:00,2010.709200000001,2018.9068999999995,2010.709199999999,2014.3601999999971,161360,1892194005.0,SH000688
2026-07-03 13:50:00,2014.6674000000007,2016.8939999999996,2005.0301999999988,2005.3757999999973,156838,1757349317.0,SH000688
2026-07-03 13:55:00,2005.1070000000009,2011.6958,2004.0129999999983,2009.257899999997,165555,1513890046.0,SH000688
2026-07-03 14:00:00,2008.6572000000008,2013.6444000000004,2007.6603999999984,2009.589399999997,194758,1550877175.0,SH000688
2026-07-03 14:05:00,2009.3990000000008,2014.4124,2008.332099999998,2011.6397999999972,159997,1794280822.0,SH000688
2026-07-03 14:10:00,2011.457400000001,2018.21,2009.5253999999984,2010.098099999998,178275,1808860708.0,SH000688
2026-07-03 14:15:00,2009.655500000001,2009.6555,1999.7385999999983,1999.738599999998,206184,2132394406.0,SH000688
2026-07-03 14:20:00,1999.4135000000008,2002.7082,1998.7899999999984,2001.635199999999,172672,1818292745.0,SH000688
2026-07-03 14:25:00,2001.389100000001,2001.7743000000005,1992.6579999999988,1993.1167999999989,250207,2344717997.0,SH000688
2026-07-03 14:30:00,1993.4101000000012,1993.4101000000005,1987.8034999999984,1988.6391999999971,265041,2404435100.0,SH000688
2026-07-03 14:35:00,1988.4913000000013,1994.0095,1982.289499999998,1982.3701999999976,290888,2898394539.0,SH000688
2026-07-03 14:40:00,1982.6437000000012,1990.354700000001,1981.505699999998,1989.883299999998,335732,3037134575.0,SH000688
2026-07-03 14:45:00,1989.9496000000013,1990.215700000001,1985.2027999999975,1986.7589999999996,287664,2702140795.0,SH000688
2026-07-03 14:50:00,1986.8604000000016,1989.9896000000012,1983.921599999997,1984.0231999999987,314177,2843503004.0,SH000688
2026-07-03 14:55:00,1983.7767000000017,1984.546800000001,1977.2487999999964,1977.5928999999985,466268,3896629826.0,SH000688
2026-07-03 15:00:00,1977.3205000000016,1978.530600000001,1975.6001,1975.6001,388783,3230435726.0,SH000688
2026-07-06 09:35:00,2015.1809,2015.1809,1992.7194999999997,1992.7194999999992,1344440,16466728317.0,SH000688
2026-07-06 09:40:00,1992.2232,1992.2232000000004,1973.2028,1986.4577999999992,947835,9752463001.0,SH000688
2026-07-06 09:45:00,1985.6023,1997.3389999999995,1977.2256,1997.0226999999988,720375,7095022668.0,SH000688
2026-07-06 09:50:00,1996.5219,2009.0162,1996.2283000000004,2007.1583000000005,522460,5884149721.0,SH000688
2026-07-06 09:55:00,2007.636,2016.7208,1998.4185000000016,2016.7208,514355,5548632384.0,SH000688
2026-07-06 10:00:00,2017.1303000000005,2017.1303,1990.5140000000008,1990.5952,433112,5085948752.0,SH000688
2026-07-06 10:05:00,1990.5346,1991.2684,1975.7477999999996,1982.9230999999984,517047,4839394301.0,SH000688
2026-07-06 10:10:00,1981.9781000000005,1991.0781999999992,1980.3171999999995,1990.384199999998,312724,3447535872.0,SH000688
2026-07-06 10:15:00,1990.4922,1991.1174999999992,1969.6188,1969.618799999998,366636,3711995240.0,SH000688
2026-07-06 10:20:00,1969.4197,1971.8240999999991,1956.4967999999992,1956.4967999999972,510269,4668858584.0,SH000688
2026-07-06 10:25:00,1956.6662,1959.3769999999993,1946.6463999999985,1948.2547999999963,486770,4782477374.0,SH000688
2026-07-06 10:30:00,1947.9182,1949.3903,1934.8877999999984,1936.675799999996,531703,5177096920.0,SH000688
2026-07-06 10:35:00,1936.4555,1939.6522999999995,1926.1034999999977,1926.103499999995,435621,4938605129.0,SH000688
2026-07-06 10:40:00,1925.8011,1937.6391999999992,1920.8342999999973,1933.932099999996,476519,5092143237.0,SH000688
2026-07-06 10:45:00,1933.9250999999997,1934.5345999999995,1921.6253999999972,1921.6253999999956,514512,3939933073.0,SH000688
2026-07-06 10:50:00,1921.4452,1926.0477999999996,1913.8218999999967,1915.7127999999957,385339,3366584733.0,SH000688
2026-07-06 10:55:00,1915.6291,1927.4238999999995,1914.5991999999967,1924.2900999999952,342063,3411647633.0,SH000688
2026-07-06 11:00:00,1924.4246,1941.1505999999997,1919.0912999999969,1940.9718999999952,330383,2911164788.0,SH000688
2026-07-06 11:05:00,1940.2817,1956.4922,1938.4019999999969,1953.194999999996,286260,3120652034.0,SH000688
2026-07-06 11:10:00,1953.9131,1967.4231999999995,1953.913099999997,1967.423199999996,308885,3317033256.0,SH000688
2026-07-06 11:15:00,1967.5098,1986.9894999999992,1967.509799999997,1985.438999999996,345400,3807467719.0,SH000688
2026-07-06 11:20:00,1986.0474,1989.225499999999,1975.376299999997,1989.2254999999952,266357,3107242700.0,SH000688
2026-07-06 11:25:00,1988.8572,2002.598699999999,1988.8571999999976,2002.5986999999943,360372,3961827669.0,SH000688
2026-07-06 11:30:00,2002.9187,2014.8542999999993,2002.1943999999976,2014.384599999995,329500,3888349926.0,SH000688
2026-07-06 13:05:00,2015.8151,2017.138099999999,1997.7509999999977,2012.1585999999943,399986,4712801132.0,SH000688
2026-07-06 13:10:00,2012.2349,2015.9396999999988,1999.7451999999985,1999.7451999999955,238038,3152135815.0,SH000688
2026-07-06 13:15:00,1998.7707000000005,2005.038499999999,1993.2800999999984,1994.184499999995,220207,2224875076.0,SH000688
2026-07-06 13:20:00,1994.0468000000003,1999.9583999999993,1985.7247999999984,1985.7247999999947,167551,1759081898.0,SH000688
2026-07-06 13:25:00,1985.2029,1989.2075999999993,1980.573999999998,1981.3737999999944,136610,1569832957.0,SH000688
2026-07-06 13:30:00,1982.4317,1998.5324999999991,1982.431699999998,1995.682899999994,152167,1795813234.0,SH000688
2026-07-06 13:35:00,1993.1346,1993.1913999999992,1983.7202999999988,1984.522399999994,156117,1459127099.0,SH000688
2026-07-06 13:40:00,1984.9564,1999.5572999999995,1984.8309999999983,1998.7875999999949,152055,1559439823.0,SH000688
2026-07-06 13:45:00,1999.4403999999995,2018.4447,1999.4403999999988,2018.444699999995,258994,3042280129.0,SH000688
2026-07-06 13:50:00,2019.0094,2019.2958,2008.9899999999984,2009.9747999999945,201158,2618026818.0,SH000688
2026-07-06 13:55:00,2010.6355,2021.8410999999992,2010.635499999999,2018.1341999999936,198909,2699462787.0,SH000688
2026-07-06 14:00:00,2017.9296,2022.9101999999991,2016.062599999999,2016.0625999999936,175433,2511810601.0,SH000688
2026-07-06 14:05:00,2015.533,2015.5329999999992,2004.971099999999,2005.3382999999933,186691,2051903095.0,SH000688
2026-07-06 14:10:00,2005.2348,2011.6024999999993,2002.594699999999,2002.5946999999933,145141,1672547125.0,SH000688
2026-07-06 14:15:00,2002.3775,2006.3052999999995,1998.9653999999985,2000.011499999993,152031,1640904958.0,SH000688
2026-07-06 14:20:00,1999.9977,2000.2103999999993,1995.9222999999984,1998.6098999999929,153647,1518468071.0,SH000688
2026-07-06 14:25:00,1998.3875,1998.6443999999997,1990.349399999999,1991.5878999999911,154169,1569526833.0,SH000688
2026-07-06 14:30:00,1991.5791,1995.3943999999997,1987.5276999999992,1994.8832999999927,154906,1613376958.0,SH000688
2026-07-06 14:35:00,1994.9177,2001.0201999999997,1994.2863999999993,1999.340699999992,200370,1889375922.0,SH000688
2026-07-06 14:40:00,1999.5079000000003,2004.5088999999996,1996.197599999999,1996.307299999991,202568,1760891456.0,SH000688
2026-07-06 14:45:00,1996.2549000000004,1996.2549,1992.6028999999992,1993.3221999999912,261711,2067642910.0,SH000688
2026-07-06 14:50:00,1993.5370000000005,1999.81,1993.5369999999991,1996.713999999992,294566,2340069989.0,SH000688
2026-07-06 14:55:00,1996.5636000000004,1999.7092,1996.5635999999993,1997.5592999999928,297445,2576640055.0,SH000688
2026-07-06 15:00:00,1997.5704000000003,1997.5704000000003,1995.1031999999996,1996.1028999999933,262590,2408393705.0,SH000688
2026-07-07 09:35:00,1965.7953,1977.061,1950.979,1966.7634000000005,988724,11601772129.0,SH000688
2026-07-07 09:40:00,1966.7103,1995.430300000001,1959.8801,1995.430300000001,697970,8037815436.0,SH000688
2026-07-07 09:45:00,1996.549,2016.1349000000005,1996.549,2016.134900000001,715987,8807165968.0,SH000688
2026-07-07 09:50:00,2017.5101999999997,2027.4748,2016.183299999999,2018.8700999999996,691214,8570265893.0,SH000688
2026-07-07 09:55:00,2019.3675999999991,2026.9836999999995,2009.670099999999,2026.983699999999,525768,6265686937.0,SH000688
2026-07-07 10:00:00,2027.7567999999997,2029.9588999999992,2017.9980999999984,2026.9047999999984,621764,5412987819.0,SH000688
2026-07-07 10:05:00,2026.4332999999997,2034.9208999999996,2019.802399999998,2029.2449999999976,646852,5468203746.0,SH000688
2026-07-07 10:10:00,2029.4325,2036.3537999999996,2022.625899999998,2023.176799999998,464572,4976627771.0,SH000688
2026-07-07 10:15:00,2023.535,2027.8385,2011.3127999999977,2022.7590999999975,371238,4160688387.0,SH000688
2026-07-07 10:20:00,2022.1159,2025.6735999999996,2015.8862999999976,2020.6857999999984,259708,3136021150.0,SH000688
2026-07-07 10:25:00,2018.8966,2023.6532,2014.5396999999975,2014.539699999999,268514,3670667744.0,SH000688
2026-07-07 10:30:00,2013.9509,2022.7643,2009.9467999999977,2020.338299999999,276867,3236696573.0,SH000688
2026-07-07 10:35:00,2020.1735,2028.0439,2015.0279999999973,2027.640599999999,270175,3099984798.0,SH000688
2026-07-07 10:40:00,2028.3043,2039.5980000000004,2028.3042999999973,2039.3932999999995,274024,3918882440.0,SH000688
2026-07-07 10:45:00,2038.7492,2038.7492000000004,2031.0954999999976,2036.4142999999997,217951,3129920051.0,SH000688
2026-07-07 10:50:00,2035.2804000000003,2035.2804,2021.0237999999968,2027.807999999999,193770,2338372616.0,SH000688
2026-07-07 10:55:00,2027.4892,2032.711100000001,2021.737399999997,2027.9477,178398,1904858910.0,SH000688
2026-07-07 11:00:00,2028.3115,2031.6335000000004,2022.0314999999969,2022.0315000000005,166742,1691102892.0,SH000688
2026-07-07 11:05:00,2022.008,2027.7326000000005,2018.357299999996,2020.9744,203291,2095331362.0,SH000688
2026-07-07 11:10:00,2020.5575,2024.9824000000008,2015.838799999996,2019.7648,169271,1895090855.0,SH000688
2026-07-07 11:15:00,2020.0242,2023.1238000000003,2006.938599999996,2010.5585,221856,2232317863.0,SH000688
2026-07-07 11:20:00,2010.8339,2010.8339000000008,2002.283399999996,2006.6614999999997,182160,2499486344.0,SH000688
2026-07-07 11:25:00,2006.7757,2007.1188000000009,2002.2018999999964,2002.2019000000005,132954,1649203643.0,SH000688
2026-07-07 11:30:00,2001.8859,2010.3245000000009,1999.3447999999964,2009.2354000000016,173294,2030573583.0,SH000688
2026-07-07 13:05:00,2007.2359,2007.2359000000008,1986.511399999996,1988.5633000000005,370770,4439764660.0,SH000688
2026-07-07 13:10:00,1988.8626,1991.5301000000009,1978.0688999999963,1979.1993000000016,256614,3236793541.0,SH000688
2026-07-07 13:15:00,1979.1864000000005,1986.3133000000007,1975.4004999999972,1975.5333000000016,253124,2913228841.0,SH000688
2026-07-07 13:20:00,1975.7401,1987.2495999999996,1972.7876999999976,1984.490200000001,280258,3048990573.0,SH000688
2026-07-07 13:25:00,1984.5307,1986.6557,1978.455299999998,1985.933600000002,231006,2406327451.0,SH000688
2026-07-07 13:30:00,1986.4267,2003.8203,1986.426699999998,2001.8933000000015,188556,2625607236.0,SH000688
2026-07-07 13:35:00,2002.137,2016.5219000000009,2002.136999999998,2013.184600000002,251724,3505108051.0,SH000688
2026-07-07 13:40:00,2013.1212,2014.681500000001,2006.1171999999983,2011.436100000002,205943,2368650660.0,SH000688
2026-07-07 13:45:00,2010.611,2020.0854000000008,2009.929399999998,2020.085400000001,199298,2444905428.0,SH000688
2026-07-07 13:50:00,2019.9683,2023.6456000000005,2012.1756999999984,2013.2847000000024,262438,2763620041.0,SH000688
2026-07-07 13:55:00,2013.3171,2020.0908000000009,2013.3170999999984,2018.2055000000023,153300,1993503845.0,SH000688
2026-07-07 14:00:00,2018.4837,2022.583800000001,2012.4628999999984,2012.462900000003,140159,2035799496.0,SH000688
2026-07-07 14:05:00,2011.9433,2015.0413000000008,2005.8572999999983,2006.0027000000036,142120,1774475312.0,SH000688
2026-07-07 14:10:00,2006.0004,2006.0004000000008,1996.8878999999977,1996.887900000003,163823,1718576750.0,SH000688
2026-07-07 14:15:00,1996.6426,1999.665300000001,1992.5979999999977,1997.9364000000032,164412,2057826865.0,SH000688
2026-07-07 14:20:00,1997.8318000000004,2002.4915000000003,1993.8023999999969,2000.8643000000015,175313,1742187991.0,SH000688
2026-07-07 14:25:00,2000.897,2001.2442000000008,1994.1063999999972,1994.1064000000017,133955,1350694415.0,SH000688
2026-07-07 14:30:00,1994.2808,2001.0967000000012,1992.639399999997,2001.0967000000028,144454,1602134148.0,SH000688
2026-07-07 14:35:00,2001.2162000000003,2002.7308000000016,1996.710099999997,1999.6544000000035,188593,1763186750.0,SH000688
2026-07-07 14:40:00,1999.7731000000008,2009.3304000000016,1999.4802999999977,2008.913900000003,188200,1715105469.0,SH000688
2026-07-07 14:45:00,2009.1039000000003,2009.4524000000015,2002.824499999997,2003.2454000000023,189115,1931546911.0,SH000688
2026-07-07 14:50:00,2003.4449000000004,2003.4449000000016,1997.7968999999969,2002.9797000000024,234610,2450399884.0,SH000688
2026-07-07 14:55:00,2002.7251000000003,2003.619600000002,1999.191399999997,1999.5089000000028,283659,2992120781.0,SH000688
2026-07-07 15:00:00,1999.2782000000009,2001.5859000000028,1999.278199999997,2001.5859000000028,258742,2849235928.0,SH000688
2026-07-08 09:35:00,2022.451,2039.0951999999995,2022.451,2026.2279,1291102,15979320192.0,SH000688
2026-07-08 09:40:00,2025.8224,2031.120899999999,2011.301800000001,2025.0936999999997,796495,8406346019.0,SH000688
2026-07-08 09:45:00,2026.0976,2027.7195999999992,2011.618000000001,2014.0250000000003,679284,6638083459.0,SH000688
2026-07-08 09:50:00,2015.1301,2028.6100999999996,2008.4750000000015,2010.6784000000005,813409,7571385867.0,SH000688
2026-07-08 09:55:00,2010.2554,2011.3780999999992,1986.0087000000017,2006.0081000000007,743233,7604759698.0,SH000688
2026-07-08 10:00:00,2006.0103,2006.0385999999992,1973.9223000000015,1983.431500000001,699605,6673536700.0,SH000688
2026-07-08 10:05:00,1982.97,1982.9699999999991,1962.6159000000016,1963.3115000000005,633089,6391344368.0,SH000688
2026-07-08 10:10:00,1963.2209,2003.410699999999,1961.637800000002,2002.5367000000003,507972,5593297961.0,SH000688
2026-07-08 10:15:00,2003.2537999999995,2003.253799999999,1986.358400000002,1995.3465999999992,347888,3599035509.0,SH000688
2026-07-08 10:20:00,1995.9472,2005.7226999999991,1992.7916000000023,2005.7227,293356,3001135908.0,SH000688
2026-07-08 10:25:00,2006.4309,2009.247199999999,1996.7167000000024,1996.7167000000009,296646,3059596833.0,SH000688
2026-07-08 10:30:00,1995.9074000000005,2010.9333999999992,1992.7398000000023,2010.9334000000003,209682,2442460316.0,SH000688
2026-07-08 10:35:00,2011.3330000000003,2020.1177999999995,2004.440200000003,2010.4951000000008,252325,2581165181.0,SH000688
2026-07-08 10:40:00,2010.767100000001,2019.9814,2010.767100000003,2019.9814,252471,2406946665.0,SH000688
2026-07-08 10:45:00,2019.9861000000008,2020.9412,2011.599700000003,2020.9028000000003,211785,2381468562.0,SH000688
2026-07-08 10:50:00,2020.718500000001,2024.0014999999992,2009.625300000003,2010.029800000001,196019,2406279022.0,SH000688
2026-07-08 10:55:00,2010.1219000000012,2019.6618999999992,2007.3480000000031,2015.8846000000003,151357,1936053130.0,SH000688
2026-07-08 11:00:00,2015.807300000001,2018.722099999999,2008.3114000000032,2010.8787999999995,182197,1692290818.0,SH000688
2026-07-08 11:05:00,2010.6837000000016,2022.267499999999,2010.146500000003,2016.6955,177989,1888718126.0,SH000688
2026-07-08 11:10:00,2017.2933000000016,2028.6681999999985,2011.039600000003,2028.6682000000003,217415,2255629061.0,SH000688
2026-07-08 11:15:00,2028.4310000000012,2042.5316999999984,2028.4310000000037,2042.3532,267826,3729836428.0,SH000688
2026-07-08 11:20:00,2041.5239000000013,2061.678899999997,2040.581500000004,2060.9826999999996,366018,4857834892.0,SH000688
2026-07-08 11:25:00,2061.745400000001,2072.6353999999988,2058.1855000000037,2072.635400000001,533731,5026620443.0,SH000688
2026-07-08 11:30:00,2072.734500000001,2078.6419999999985,2063.823500000003,2064.202699999999,416005,4655728882.0,SH000688
2026-07-08 13:05:00,2056.795400000001,2056.795399999999,2031.157300000003,2048.2806999999993,484674,5949730462.0,SH000688
2026-07-08 13:10:00,2048.790200000001,2062.865,2047.250600000002,2050.4436999999984,315813,3773695406.0,SH000688
2026-07-08 13:15:00,2050.1855000000005,2053.9076999999997,2043.4434000000017,2049.8253999999984,231681,2853693004.0,SH000688
2026-07-08 13:20:00,2048.9841000000006,2055.0922999999993,2045.3800000000017,2051.025499999998,191166,2261222525.0,SH000688
2026-07-08 13:25:00,2051.0363000000007,2058.5872999999992,2047.0824000000016,2052.9523999999988,195614,2163987152.0,SH000688
2026-07-08 13:30:00,2052.8790000000004,2052.939899999999,2041.8744000000008,2043.1762999999985,163209,1850629983.0,SH000688
2026-07-08 13:35:00,2043.1348000000007,2043.6951999999992,2032.9644000000003,2043.439099999998,215979,2153740798.0,SH000688
2026-07-08 13:40:00,2043.6668000000009,2045.239999999999,2036.178500000001,2038.8017999999977,161042,1499042465.0,SH000688
2026-07-08 13:45:00,2039.4045000000012,2039.6873999999991,2034.2175,2035.0217999999977,146007,1517469013.0,SH000688
2026-07-08 13:50:00,2035.8909000000017,2037.1199999999992,2030.0845,2031.2211999999984,187892,1653078110.0,SH000688
2026-07-08 13:55:00,2031.0026000000016,2045.7885999999987,2030.9694,2045.788599999998,190768,1799395028.0,SH000688
2026-07-08 14:00:00,2045.5161000000016,2052.737799999998,2044.9975000000004,2047.1475999999973,150988,1717626748.0,SH000688
2026-07-08 14:05:00,2047.3849000000016,2049.564299999998,2041.4027000000003,2046.0882999999972,124863,1548342884.0,SH000688
2026-07-08 14:10:00,2045.5838000000017,2047.099399999999,2042.8897000000004,2043.0912999999969,107465,1155605412.0,SH000688
2026-07-08 14:15:00,2043.0743000000016,2043.0742999999989,2034.2126000000007,2038.5671999999963,147747,1556588807.0,SH000688
2026-07-08 14:20:00,2038.8947000000016,2046.1188999999997,2038.0206000000007,2046.0496999999975,141154,1525876475.0,SH000688
2026-07-08 14:25:00,2045.8251000000016,2046.0428999999997,2040.130700000001,2044.1381999999976,166899,1571284076.0,SH000688
2026-07-08 14:30:00,2043.4147000000012,2043.6257,2035.415500000001,2038.3034999999984,149392,1638896340.0,SH000688
2026-07-08 14:35:00,2038.416100000001,2041.8715999999993,2031.2854000000011,2032.227699999998,204709,2319985857.0,SH000688
2026-07-08 14:40:00,2032.097600000001,2038.975599999999,2031.9459000000013,2031.9458999999972,191851,2299308300.0,SH000688
2026-07-08 14:45:00,2031.7635000000012,2031.7634999999989,2025.0207000000016,2025.107599999997,248276,2849905489.0,SH000688
2026-07-08 14:50:00,2025.185200000001,2026.4083999999991,2012.579400000002,2013.0308999999972,373593,3891288092.0,SH000688
2026-07-08 14:55:00,2013.7016000000008,2018.553299999999,2013.6649000000016,2015.9122999999956,387734,3789842918.0,SH000688
2026-07-08 15:00:00,2015.8275000000008,2017.519099999999,2015.4849000000015,2016.232699999996,305173,3231202377.0,SH000688
2026-07-09 09:35:00,2047.2376,2056.4499999999994,2033.3389,2036.8465999999987,1238985,16061081188.0,SH000688
2026-07-09 09:40:00,2037.8054,2056.636299999999,2024.6709000000003,2054.0667999999964,803764,9672107934.0,SH000688
2026-07-09 09:45:00,2053.6031,2058.2088,2035.1176999999996,2057.1125999999967,613530,7642348424.0,SH000688
2026-07-09 09:50:00,2057.3185999999996,2061.4363000000003,2043.2349,2043.2348999999997,599318,7106613516.0,SH000688
2026-07-09 09:55:00,2042.2401,2061.8660999999984,2041.2765,2057.9230999999986,523981,6061318898.0,SH000688
2026-07-09 10:00:00,2057.9411,2057.941099999998,2030.6755000000007,2030.6754999999987,498090,5738806383.0,SH000688
2026-07-09 10:05:00,2030.789,2046.502599999999,2023.544400000001,2041.8889999999997,413729,5503986264.0,SH000688
2026-07-09 10:10:00,2042.1902,2057.8433999999993,2032.852900000001,2057.482400000001,327477,4062530274.0,SH000688
2026-07-09 10:15:00,2056.2347,2068.212099999999,2052.9963000000025,2067.1058000000016,504233,5471446943.0,SH000688
2026-07-09 10:20:00,2066.9095,2073.078199999998,2060.547500000002,2072.6578,444711,5629570319.0,SH000688
2026-07-09 10:25:00,2072.2907,2079.096399999997,2071.6152000000016,2077.785699999999,441808,6436117808.0,SH000688
2026-07-09 10:30:00,2078.1196000000004,2083.5223999999985,2076.788700000001,2079.563299999997,399910,5846778358.0,SH000688
2026-07-09 10:35:00,2079.6269,2086.3733999999977,2079.1688000000013,2083.2617999999948,440476,6137689104.0,SH000688
2026-07-09 10:40:00,2082.8867,2083.3232999999973,2072.1765000000028,2077.9870999999935,367223,4331890345.0,SH000688
2026-07-09 10:45:00,2078.3436,2090.281999999998,2074.7677000000026,2085.6030999999934,324907,4227664781.0,SH000688
2026-07-09 10:50:00,2084.5945,2084.594499999998,2066.837200000002,2066.837199999992,317924,3707082877.0,SH000688
2026-07-09 10:55:00,2066.2608,2072.746899999998,2063.3453000000027,2072.7468999999933,287085,3490089601.0,SH000688
2026-07-09 11:00:00,2072.5928,2074.5440999999973,2065.327500000003,2066.566499999992,191042,2472324140.0,SH000688
2026-07-09 11:05:00,2067.0861,2069.6934999999976,2062.4124000000015,2067.6928999999905,224394,2685777228.0,SH000688
2026-07-09 11:10:00,2067.0854999999997,2074.963099999997,2061.351700000001,2074.9630999999913,241200,2632517669.0,SH000688
2026-07-09 11:15:00,2075.3392,2076.0054999999975,2059.4694000000013,2062.586899999991,225045,2511345175.0,SH000688
2026-07-09 11:20:00,2063.1202999999996,2064.379899999997,2056.1839000000023,2059.137999999991,195395,2345236629.0,SH000688
2026-07-09 11:25:00,2059.4253999999996,2079.567899999998,2059.359100000002,2079.567899999993,200442,2659797394.0,SH000688
2026-07-09 11:30:00,2079.4615,2084.7960999999996,2078.2508000000016,2080.5007999999943,190518,2969962715.0,SH000688
2026-07-09 13:05:00,2080.0699,2084.2723000000005,2077.4105000000013,2082.303099999993,404808,5293620451.0,SH000688
2026-07-09 13:10:00,2082.3144,2098.148300000001,2080.970000000001,2097.953299999993,362892,4195128610.0,SH000688
2026-07-09 13:15:00,2098.7115000000003,2113.826800000002,2098.7115000000013,2113.5692999999933,414991,5556240535.0,SH000688
2026-07-09 13:20:00,2113.0791999999997,2113.857600000002,2098.780300000001,2103.683199999994,292075,4170226927.0,SH000688
2026-07-09 13:25:00,2103.6494999999995,2104.404000000002,2097.5881,2100.6234999999924,218071,2930189238.0,SH000688
2026-07-09 13:30:00,2100.7839999999997,2112.7172000000014,2098.2208,2108.427299999994,315788,3893649615.0,SH000688
2026-07-09 13:35:00,2107.9224999999997,2108.1447000000016,2096.9492,2106.310599999995,247607,3406720333.0,SH000688
2026-07-09 13:40:00,2106.4033,2116.809200000002,2106.4033,2116.7785999999933,289479,3497937436.0,SH000688
2026-07-09 13:45:00,2116.8133999999995,2121.3389000000025,2116.523799999999,2119.0261999999925,380238,4009352419.0,SH000688
2026-07-09 13:50:00,2119.7554,2132.8020000000033,2119.755399999999,2132.5044999999927,342659,4140213789.0,SH000688
2026-07-09 13:55:00,2131.9793999999997,2143.675100000004,2131.9793999999983,2137.2680999999916,539366,4984814230.0,SH000688
2026-07-09 14:00:00,2136.7949,2146.8692000000037,2134.1649999999986,2146.869199999992,452788,4039975408.0,SH000688
2026-07-09 14:05:00,2147.2136,2148.833000000004,2139.8620999999976,2144.9203999999913,413471,3903546740.0,SH000688
2026-07-09 14:10:00,2145.3631,2153.918600000006,2144.371499999999,2153.9185999999936,324284,3782925452.0,SH000688
2026-07-09 14:15:00,2154.0748000000003,2165.037900000006,2154.074799999999,2164.054599999993,341492,4642527311.0,SH000688
2026-07-09 14:20:00,2164.5693,2169.260500000006,2151.2905,2151.414899999993,348856,3995333316.0,SH000688
2026-07-09 14:25:00,2151.4206000000004,2155.5889000000057,2150.7976,2154.8457999999923,286789,3262741277.0,SH000688
2026-07-09 14:30:00,2154.501,2163.6237000000046,2154.3880999999997,2163.6236999999933,242522,2776248744.0,SH000688
2026-07-09 14:35:00,2164.1453000000006,2167.885800000005,2162.6012,2166.9070999999913,278329,3404251194.0,SH000688
2026-07-09 14:40:00,2167.153400000001,2172.589500000006,2165.3536999999997,2169.8155999999926,305433,3683978732.0,SH000688
2026-07-09 14:45:00,2169.2410000000013,2182.6380000000063,2168.7405000000003,2182.637999999994,403715,4303183387.0,SH000688
2026-07-09 14:50:00,2182.9359000000013,2188.9820000000077,2181.6387000000013,2188.273999999996,490320,5255847263.0,SH000688
2026-07-09 14:55:00,2187.6652000000017,2187.6652000000076,2179.363200000001,2184.231799999997,481716,5294365498.0,SH000688
2026-07-09 15:00:00,2183.983600000002,2186.546500000009,2182.940100000002,2185.825099999998,387729,4684422033.0,SH000688
2026-07-10 09:35:00,2190.1784,2207.6628,2186.2675000000004,2201.457200000003,1740046,22430552326.0,SH000688
2026-07-10 09:40:00,2201.6835000000005,2222.8094,2191.448900000001,2222.2085000000025,1556546,14463670683.0,SH000688
2026-07-10 09:45:00,2222.8108000000007,2231.2859000000003,2216.0816999999997,2229.7283000000034,1603034,12518524115.0,SH000688
2026-07-10 09:50:00,2229.5588000000007,2229.5588000000007,2204.9676,2216.950600000003,1193183,10496695677.0,SH000688
2026-07-10 09:55:00,2216.205600000001,2233.537600000003,2214.9421,2229.657300000003,840026,8905214441.0,SH000688
2026-07-10 10:00:00,2229.967300000001,2229.980600000003,2201.2029999999963,2201.2030000000027,900111,8726096102.0,SH000688
2026-07-10 10:05:00,2201.219200000001,2209.801600000004,2175.321199999996,2175.3212000000035,1056875,9747977184.0,SH000688
2026-07-10 10:10:00,2174.577400000001,2191.080200000004,2174.077599999996,2182.621500000003,807515,8047639964.0,SH000688
2026-07-10 10:15:00,2182.3928000000005,2188.737000000003,2169.8540999999955,2188.182600000002,731873,6705454256.0,SH000688
2026-07-10 10:20:00,2187.577100000001,2203.767700000004,2187.577099999996,2197.1211000000044,547707,5438095073.0,SH000688
2026-07-10 10:25:00,2198.966100000001,2203.186800000003,2189.1355999999955,2203.186800000001,409022,4355170556.0,SH000688
2026-07-10 10:30:00,2204.231200000001,2216.630900000005,2201.3178999999955,2210.5696000000025,452822,4977488735.0,SH000688
2026-07-10 10:35:00,2211.0288000000014,2211.134400000005,2188.2037999999957,2196.1437000000024,385779,4019283722.0,SH000688
2026-07-10 10:40:00,2195.1203000000014,2197.9692000000045,2181.440099999995,2189.5576000000037,429715,4089327430.0,SH000688
2026-07-10 10:45:00,2189.3310000000015,2190.413600000006,2184.1217999999953,2186.667700000005,275605,2849177593.0,SH000688
2026-07-10 10:50:00,2186.878600000002,2186.878600000007,2174.3634999999967,2178.6473000000065,292162,3109273530.0,SH000688
2026-07-10 10:55:00,2178.893600000002,2187.1699000000067,2175.866099999995,2176.856000000009,283948,2791931626.0,SH000688
2026-07-10 11:00:00,2176.9674000000023,2193.1459000000054,2172.9863999999952,2189.2017000000083,218490,2401782399.0,SH000688
2026-07-10 11:05:00,2188.9570000000026,2189.372600000005,2175.564899999996,2176.8162000000098,214438,2006707931.0,SH000688
2026-07-10 11:10:00,2177.7617000000023,2183.276200000006,2175.5328999999965,2180.5104000000115,238737,2491231581.0,SH000688
2026-07-10 11:15:00,2179.975600000002,2185.1443000000063,2174.8667999999957,2174.866800000011,220564,2000259419.0,SH000688
2026-07-10 11:20:00,2175.0759000000016,2182.780300000006,2175.0758999999957,2179.74210000001,160593,1587533545.0,SH000688
2026-07-10 11:25:00,2179.200600000002,2185.097500000005,2176.774499999996,2176.77450000001,210503,1901012578.0,SH000688
2026-07-10 11:30:00,2175.927900000002,2177.5718000000043,2167.8663999999953,2176.82530000001,242226,2686409575.0,SH000688
2026-07-10 13:05:00,2176.5430000000024,2177.706000000004,2163.138799999995,2163.6300000000115,590322,4665829879.0,SH000688
2026-07-10 13:10:00,2163.4299000000024,2180.098700000003,2161.524099999996,2180.0033000000108,301666,3083370891.0,SH000688
2026-07-10 13:15:00,2180.4626000000026,2188.212000000003,2180.462599999996,2181.520700000012,248172,2447917476.0,SH000688
2026-07-10 13:20:00,2180.6764000000026,2184.612300000003,2173.947999999996,2174.5784000000112,251343,2369260812.0,SH000688
2026-07-10 13:25:00,2174.888100000003,2178.6156000000037,2172.6852999999956,2173.1064000000124,236873,2024372195.0,SH000688
2026-07-10 13:30:00,2173.6271000000033,2173.627100000004,2167.1076999999946,2169.8672000000124,245369,2511346953.0,SH000688
2026-07-10 13:35:00,2170.513500000003,2173.949500000003,2160.527099999994,2160.5271000000125,232443,2585149111.0,SH000688
2026-07-10 13:40:00,2160.0333000000037,2161.694700000003,2149.2589999999936,2149.259000000013,350026,3923612857.0,SH000688
2026-07-10 13:45:00,2148.843400000004,2156.0697000000036,2144.4514999999947,2144.5966000000153,319975,3188581645.0,SH000688
2026-07-10 13:50:00,2144.366400000004,2145.9794000000034,2136.0433999999955,2141.885400000016,393956,4026702517.0,SH000688
2026-07-10 13:55:00,2141.8116000000036,2148.8745000000035,2140.7209999999945,2146.558300000015,251722,2526460194.0,SH000688
2026-07-10 14:00:00,2147.1400000000035,2147.140000000004,2136.1404999999927,2136.140500000015,273784,2514361431.0,SH000688
2026-07-10 14:05:00,2135.8641000000034,2136.5872000000036,2126.4682999999927,2133.078200000015,332739,3731092169.0,SH000688
2026-07-10 14:10:00,2133.7536000000036,2134.427100000003,2115.277899999994,2115.277900000017,327330,3928656690.0,SH000688
2026-07-10 14:15:00,2115.708700000004,2123.390700000003,2110.8069999999943,2113.1720000000187,299459,3792805389.0,SH000688
2026-07-10 14:20:00,2114.114800000004,2142.1088000000036,2114.1147999999944,2142.10880000002,259603,3288635695.0,SH000688
2026-07-10 14:25:00,2142.1140000000037,2142.7913000000035,2126.386699999993,2127.5798000000186,258858,2994252716.0,SH000688
2026-07-10 14:30:00,2127.242700000004,2127.242700000004,2115.201499999993,2115.510900000019,268747,2869847942.0,SH000688
2026-07-10 14:35:00,2115.406300000004,2115.608300000004,2103.795799999996,2107.4208000000203,346387,4261295759.0,SH000688
2026-07-10 14:40:00,2107.671700000005,2109.926300000004,2099.7968999999957,2099.796900000021,333203,4098371503.0,SH000688
2026-07-10 14:45:00,2099.279000000005,2099.279000000004,2085.1048999999953,2085.661800000021,465313,5508445077.0,SH000688
2026-07-10 14:50:00,2085.138500000005,2094.885300000006,2078.911699999995,2079.1630000000237,458651,5648024135.0,SH000688
2026-07-10 14:55:00,2078.8378000000052,2084.3151000000057,2072.1987999999956,2072.1988000000256,513920,5386122141.0,SH000688
2026-07-10 15:00:00,2071.4484000000048,2072.1830000000054,2064.9756,2064.9756,502048,4974842426.0,SH000688
2026-07-13 09:35:00,2038.3623,2086.6639000000005,2038.3623,2067.7296000000006,1740153,21024523171.0,SH000688
2026-07-13 09:40:00,2067.9017000000003,2091.0355,2063.8081,2082.5699,1067461,13539757330.0,SH000688
2026-07-13 09:45:00,2083.5455000000006,2102.1665000000007,2074.0110000000022,2101.962900000001,925751,11389553215.0,SH000688
2026-07-13 09:50:00,2102.241700000001,2110.1790000000015,2077.661000000002,2079.43,775230,9225565162.0,SH000688
2026-07-13 09:55:00,2080.586000000001,2092.809200000001,2074.211400000002,2078.9098999999983,607857,6998322864.0,SH000688
2026-07-13 10:00:00,2079.3917000000006,2079.3916999999997,2057.494300000002,2062.0863999999965,614166,7189919076.0,SH000688
2026-07-13 10:05:00,2060.9299,2069.5295999999994,2046.3706000000027,2069.529599999996,584540,6543614956.0,SH000688
2026-07-13 10:10:00,2068.8239,2072.2029999999986,2054.7195000000015,2066.2416999999955,395461,4710937529.0,SH000688
2026-07-13 10:15:00,2066.0467999999996,2080.3648999999973,2059.9988000000017,2079.935399999994,366015,4470286870.0,SH000688
2026-07-13 10:20:00,2079.8106,2085.732399999998,2070.048300000002,2070.0757999999946,346251,4337347748.0,SH000688
2026-07-13 10:25:00,2069.5345999999995,2083.9946999999993,2068.1427000000012,2083.097099999995,265400,3796358727.0,SH000688
2026-07-13 10:30:00,2083.6753999999996,2097.5664999999995,2078.2701000000015,2096.7149999999956,279565,4471767828.0,SH000688
2026-07-13 10:35:00,2096.6564000000003,2099.8061999999995,2086.665500000002,2087.830499999994,337511,4308897505.0,SH000688
2026-07-13 10:40:00,2087.6759,2094.3313,2073.316300000001,2073.316299999993,311770,3524490217.0,SH000688
2026-07-13 10:45:00,2073.7659,2078.557499999999,2067.564799999999,2067.5647999999915,333846,3003362922.0,SH000688
2026-07-13 10:50:00,2067.356,2075.4481999999985,2062.000799999999,2062.3588999999915,257460,2938307471.0,SH000688
2026-07-13 10:55:00,2061.2756999999997,2064.986899999998,2055.3362999999977,2063.55499999999,256760,3154356307.0,SH000688
2026-07-13 11:00:00,2064.5388,2068.0702999999976,2059.438599999998,2062.1485999999904,184720,2423315723.0,SH000688
2026-07-13 11:05:00,2062.0544999999997,2062.252399999998,2047.5093999999983,2047.5093999999908,300303,3081942481.0,SH000688
2026-07-13 11:10:00,2048.0062000000003,2048.8853999999983,2038.9409999999984,2039.3932999999904,309855,4140257044.0,SH000688
2026-07-13 11:15:00,2040.2525,2040.681999999998,2031.648999999999,2033.0637999999897,269348,3958797049.0,SH000688
2026-07-13 11:20:00,2033.3097,2050.815399999998,2033.3096999999989,2043.6749999999895,253445,3174164761.0,SH000688
2026-07-13 11:25:00,2043.6665000000005,2043.9317999999985,2030.1207,2032.856199999991,279968,2790910693.0,SH000688
2026-07-13 11:30:00,2034.5803000000003,2036.5624999999984,2026.2041999999997,2026.9641999999908,214364,2421373081.0,SH000688
2026-07-13 13:05:00,2025.86,2025.8599999999983,2008.5605999999996,2025.51749999999,464791,5440818263.0,SH000688
2026-07-13 13:10:00,2024.8295,2030.0621999999976,2016.5026,2019.5076999999903,239775,2992844999.0,SH000688
2026-07-13 13:15:00,2019.5506,2025.8609999999976,2010.4773,2010.4772999999905,209755,2888124439.0,SH000688
2026-07-13 13:20:00,2011.7684,2012.967199999998,1996.2164,1999.99759999999,388066,4518432401.0,SH000688
2026-07-13 13:25:00,2000.578,2000.688499999998,1983.2640999999996,1985.7841999999887,394640,4750560136.0,SH000688
2026-07-13 13:30:00,1985.1965,1994.840899999998,1981.810099999999,1989.138699999988,293014,3713493702.0,SH000688
2026-07-13 13:35:00,1990.2295,2031.2674999999983,1990.229499999999,2031.064399999989,346434,3906628403.0,SH000688
2026-07-13 13:40:00,2031.2073000000005,2034.828199999998,2017.5668,2031.0944999999888,280333,3552889084.0,SH000688
2026-07-13 13:45:00,2030.4478000000004,2037.2020999999984,2023.2937999999997,2027.305499999988,281459,3040457172.0,SH000688
2026-07-13 13:50:00,2027.4473000000005,2027.9923999999985,2007.927099999999,2008.350999999988,209956,2337186615.0,SH000688
2026-07-13 13:55:00,2009.4071000000004,2031.2740999999987,2009.407099999999,2021.223899999988,207413,2379403779.0,SH000688
2026-07-13 14:00:00,2021.3627000000004,2022.110399999999,2010.0257999999992,2013.255599999988,182037,2086810902.0,SH000688
2026-07-13 14:05:00,2014.0572000000004,2014.9022999999984,2005.9428999999996,2011.214399999988,179149,1953186245.0,SH000688
2026-07-13 14:10:00,2011.2212000000004,2011.8933999999983,1992.4508999999991,1994.4030999999875,247123,2476169746.0,SH000688
2026-07-13 14:15:00,1994.6096000000005,1997.8758999999984,1990.1385,1990.2232999999892,229366,2487147743.0,SH000688
2026-07-13 14:20:00,1990.7965000000004,2000.7590999999989,1989.7611,1994.1513999999895,241928,2887065807.0,SH000688
2026-07-13 14:25:00,1993.3551000000004,1993.994299999999,1981.8478,1982.4384999999895,249637,2922955998.0,SH000688
2026-07-13 14:30:00,1982.6959000000008,1989.1810999999984,1980.9921,1987.8286999999896,252030,2960892773.0,SH000688
2026-07-13 14:35:00,1988.2167000000009,1989.1589999999987,1974.0547999999997,1980.402299999989,363869,3672059745.0,SH000688
2026-07-13 14:40:00,1981.2477000000008,1997.3870999999983,1981.2476999999997,1986.8382999999883,342826,3318742510.0,SH000688
2026-07-13 14:45:00,1987.134000000001,1988.0081999999984,1978.1177999999995,1984.1853999999876,302993,3240682820.0,SH000688
2026-07-13 14:50:00,1984.0025000000007,2009.9686999999988,1983.9986999999992,2004.934499999988,372863,3941666334.0,SH000688
2026-07-13 14:55:00,2005.5472000000009,2005.5471999999984,1990.0007999999991,1990.0007999999884,420556,3590985787.0,SH000688
2026-07-13 15:00:00,1989.9731000000004,1994.3774999999985,1989.251899999999,1994.319199999988,360724,3174120434.0,SH000688
2026-07-14 09:35:00,1994.4401,2007.7999,1976.5455999999997,1976.5456000000004,1172551,14731480887.0,SH000688
2026-07-14 09:40:00,1976.9053999999996,2005.094000000001,1975.9908999999996,1978.1307,815211,10346596771.0,SH000688
2026-07-14 09:45:00,1975.7796999999991,1991.2588000000003,1964.5838999999992,1982.0081999999995,740883,8341292623.0,SH000688
2026-07-14 09:50:00,1981.7371999999991,1983.4322000000004,1959.8263999999992,1971.0021999999992,625728,7686342704.0,SH000688
2026-07-14 09:55:00,1971.0049999999992,2006.2430999999997,1970.904899999999,2005.3790999999976,484569,6029859942.0,SH000688
2026-07-14 10:00:00,2003.9967999999992,2004.7564999999995,1982.2582999999993,1982.2582999999984,356642,5001212847.0,SH000688
2026-07-14 10:05:00,1981.204699999999,1984.5853999999997,1970.0545999999997,1979.4184999999984,310106,4013942007.0,SH000688
2026-07-14 10:10:00,1979.5915999999993,1982.1587999999997,1962.5117999999995,1962.511799999998,349921,4479519346.0,SH000688
2026-07-14 10:15:00,1962.270899999999,1978.9955,1960.2038999999993,1978.766899999998,339474,4044547455.0,SH000688
2026-07-14 10:20:00,1979.292799999999,2000.9812999999997,1975.1194999999996,2000.7985999999985,299227,3831951232.0,SH000688
2026-07-14 10:25:00,2001.5721999999992,2005.6811,1986.0345999999993,1988.300899999998,311742,4584847129.0,SH000688
2026-07-14 10:30:00,1988.6195999999989,1988.6196,1970.2209999999995,1976.898099999999,362077,3269408081.0,SH000688
2026-07-14 10:35:00,1977.0117999999989,1986.8034999999995,1966.4848,1966.4847999999995,237495,2570592532.0,SH000688
2026-07-14 10:40:00,1965.953999999999,1967.5771999999995,1959.1757,1964.3617999999992,295261,3238816717.0,SH000688
2026-07-14 10:45:00,1964.659899999999,1969.5077,1959.0815000000005,1959.2142000000003,207361,2489374428.0,SH000688
2026-07-14 10:50:00,1958.7804999999987,1962.0309,1941.6159000000011,1942.5965000000017,340284,4377030240.0,SH000688
2026-07-14 10:55:00,1942.609299999999,1945.8976000000005,1936.151300000002,1937.6107000000036,413577,4140341800.0,SH000688
2026-07-14 11:00:00,1937.1477999999993,1938.4374000000007,1920.906300000001,1921.2005000000024,408478,5296300526.0,SH000688
2026-07-14 11:05:00,1921.0686999999991,1931.4971000000005,1921.068700000001,1924.2092000000025,287603,3588478282.0,SH000688
2026-07-14 11:10:00,1923.505699999999,1923.655800000001,1904.666700000001,1907.8697000000025,377629,4824259532.0,SH000688
2026-07-14 11:15:00,1907.7841999999991,1908.6326000000008,1897.3263,1902.5145000000016,433397,4684288158.0,SH000688
2026-07-14 11:20:00,1903.302599999999,1918.4641000000004,1902.9193,1908.4708000000023,306713,3527826052.0,SH000688
2026-07-14 11:25:00,1908.853699999999,1908.8537000000008,1895.555300000001,1898.712400000003,313267,3491538366.0,SH000688
2026-07-14 11:30:00,1898.877099999999,1925.434900000001,1898.5310000000009,1925.4349000000032,213980,2933129713.0,SH000688
2026-07-14 13:05:00,1932.858199999999,1989.918800000002,1932.8582000000008,1989.431400000004,567651,7912908146.0,SH000688
2026-07-14 13:10:00,1989.292299999999,2003.7122000000024,1984.1618000000003,2003.7122000000047,376074,5579644037.0,SH000688
2026-07-14 13:15:00,2003.6960999999992,2007.684400000002,1990.4445000000007,1994.8819000000035,358398,5144993595.0,SH000688
2026-07-14 13:20:00,1994.6697999999992,2000.013600000002,1980.3817000000008,1981.3359000000032,256277,3409802738.0,SH000688
2026-07-14 13:25:00,1981.6827999999991,2001.2800000000025,1981.682800000001,2001.075100000004,210228,3044342643.0,SH000688
2026-07-14 13:30:00,2001.0728999999992,2011.8106000000023,1999.2503000000013,2011.7840000000035,298886,4187637679.0,SH000688
2026-07-14 13:35:00,2012.4610999999995,2026.470700000002,2011.4630000000016,2012.9794000000045,372428,5080907365.0,SH000688
2026-07-14 13:40:00,2013.1477,2015.515000000002,2003.3581000000008,2005.1058000000037,230796,2960161319.0,SH000688
2026-07-14 13:45:00,2005.6897999999997,2005.6898000000017,1985.3301000000008,1996.5327000000043,253578,2999947655.0,SH000688
2026-07-14 13:50:00,1995.8562999999997,1996.3649000000012,1978.339600000001,1983.760200000004,194502,2435380834.0,SH000688
2026-07-14 13:55:00,1982.9788999999992,1982.9789000000012,1967.3945000000012,1974.3915000000047,198824,2334653383.0,SH000688
2026-07-14 14:00:00,1973.0339999999992,1982.3820000000007,1971.291300000001,1976.5018000000048,150938,1947561923.0,SH000688
2026-07-14 14:05:00,1975.9101999999991,1978.7376000000008,1971.6566000000007,1977.350800000004,140609,1747076402.0,SH000688
2026-07-14 14:10:00,1978.2284999999997,1983.7474000000016,1976.3383000000008,1977.1508000000044,132661,1728765960.0,SH000688
2026-07-14 14:15:00,1976.9435999999992,1988.1096000000016,1976.9436000000003,1988.109600000004,132868,1880388248.0,SH000688
2026-07-14 14:20:00,1988.0202999999997,1988.0203000000015,1982.0501,1982.2160000000035,151248,1963444953.0,SH000688
2026-07-14 14:25:00,1982.4987999999992,1982.4988000000017,1972.8771000000008,1977.1776000000043,172033,2085795051.0,SH000688
2026-07-14 14:30:00,1977.3801999999991,1984.658300000001,1977.3162000000004,1984.322200000003,138286,1781988679.0,SH000688
2026-07-14 14:35:00,1984.4816999999991,2004.9506,1983.5717000000009,2004.1884000000027,247102,2999602596.0,SH000688
2026-07-14 14:40:00,2003.613199999999,2011.9134000000004,2000.1002000000003,2011.608500000002,230963,3016716303.0,SH000688
2026-07-14 14:45:00,2012.144099999999,2012.8920000000005,2004.8647000000003,2009.5648000000017,258823,3502043746.0,SH000688
2026-07-14 14:50:00,2009.602399999999,2018.3469000000011,2008.4039000000005,2018.268700000002,265277,3756521337.0,SH000688
2026-07-14 14:55:00,2017.4800999999993,2020.764900000001,2014.9736000000005,2017.338500000003,360680,4604467913.0,SH000688
2026-07-14 15:00:00,2017.7537999999995,2017.9308000000012,2009.3304000000005,2009.729600000003,311644,4432117159.0,SH000688
2026-07-15 09:35:00,2021.5782,2028.6519000000003,2006.7239,2006.7239000000004,1202186,16575636864.0,SH000688
2026-07-15 09:40:00,2005.7685,2005.7685000000008,1967.7468,1967.7467999999992,955922,11656786750.0,SH000688
2026-07-15 09:45:00,1968.4205,1975.0676,1944.2955,1974.751599999999,898743,10611025498.0,SH000688
2026-07-15 09:50:00,1972.2060000000004,1996.8026999999995,1969.3877000000005,1983.2764999999984,578325,7510205211.0,SH000688
2026-07-15 09:55:00,1984.7668000000003,1986.4147,1960.663800000001,1962.2641999999985,498419,6083853790.0,SH000688
2026-07-15 10:00:00,1963.4674000000005,1973.3105999999996,1958.0977000000007,1969.0654999999977,433159,5388454935.0,SH000688
2026-07-15 10:05:00,1969.3724000000009,1985.0516999999993,1966.2469000000008,1976.2685999999976,311761,4085273219.0,SH000688
2026-07-15 10:10:00,1975.895900000001,1975.8958999999993,1954.546700000001,1954.5466999999985,371121,5057074512.0,SH000688
2026-07-15 10:15:00,1954.2837000000009,1960.5015,1947.434400000001,1959.796399999999,405284,4785163412.0,SH000688
2026-07-15 10:20:00,1959.7052000000008,1973.1544,1959.495900000001,1960.3706999999984,264413,3109736089.0,SH000688
2026-07-15 10:25:00,1960.475900000001,1979.6751,1959.093700000001,1979.6750999999983,249321,3280800991.0,SH000688
2026-07-15 10:30:00,1980.063700000001,1982.4094000000005,1970.6244000000008,1980.4914999999992,211366,2902461383.0,SH000688
2026-07-15 10:35:00,1981.1794000000011,1987.3657000000003,1959.5238000000008,1964.7301999999984,259025,3414599014.0,SH000688
2026-07-15 10:40:00,1964.367300000001,1964.3673,1949.5137000000009,1949.5136999999988,265974,3266578362.0,SH000688
2026-07-15 10:45:00,1949.619900000001,1955.1553000000004,1945.2651000000008,1947.7643999999991,232786,3020677480.0,SH000688
2026-07-15 10:50:00,1948.304700000001,1956.8022000000003,1942.1608,1942.160799999998,212905,2643106194.0,SH000688
2026-07-15 10:55:00,1942.5653000000011,1944.5881,1936.9612999999997,1939.5394999999971,228078,3168703074.0,SH000688
2026-07-15 11:00:00,1939.796200000001,1944.2129,1938.542499999999,1939.279399999996,181237,2087404927.0,SH000688
2026-07-15 11:05:00,1938.9429000000007,1938.9428999999996,1932.778299999999,1934.1668999999963,200454,2336249869.0,SH000688
2026-07-15 11:10:00,1933.8349000000003,1939.5922999999996,1928.814499999999,1939.5922999999968,236678,2780248309.0,SH000688
2026-07-15 11:15:00,1939.1312000000005,1945.7962,1935.0349999999992,1945.0591999999976,157821,1896978806.0,SH000688
2026-07-15 11:20:00,1945.4123,1945.4122999999995,1928.318499999999,1929.703399999998,250462,2223864760.0,SH000688
2026-07-15 11:25:00,1929.4308000000003,1929.4308,1920.711799999999,1924.5398999999973,226147,2834292242.0,SH000688
2026-07-15 11:30:00,1924.1106,1937.2858999999992,1924.1105999999984,1936.057399999998,173982,2177953806.0,SH000688
2026-07-15 13:05:00,1937.4034,1938.3256999999992,1919.667099999999,1919.6670999999983,349065,3438777145.0,SH000688
2026-07-15 13:10:00,1919.7388,1920.5572999999993,1911.1273999999987,1915.2810999999977,265422,3075694348.0,SH000688
2026-07-15 13:15:00,1915.0197,1918.0509999999983,1908.1783999999984,1912.3791999999976,335778,3059196993.0,SH000688
2026-07-15 13:20:00,1912.4913,1933.4910999999984,1911.941899999999,1932.8937999999964,236754,2329593572.0,SH000688
2026-07-15 13:25:00,1932.7162,1940.398399999999,1924.7527999999984,1939.6818999999955,166752,2043593752.0,SH000688
2026-07-15 13:30:00,1939.8476,1959.0458999999987,1939.8201999999983,1957.315699999995,261467,3009061151.0,SH000688
2026-07-15 13:35:00,1957.9264000000005,1962.0744999999984,1948.9797999999992,1950.275399999996,221356,2874732991.0,SH000688
2026-07-15 13:40:00,1949.4202,1952.1838999999984,1944.1239999999991,1945.9838999999947,160803,1882921078.0,SH000688
2026-07-15 13:45:00,1946.07,1963.117199999998,1946.069999999999,1957.4964999999952,154521,1943149123.0,SH000688
2026-07-15 13:50:00,1957.4699,1957.4698999999976,1939.7102,1939.7101999999963,159962,1926460790.0,SH000688
2026-07-15 13:55:00,1940.3372,1947.613899999998,1939.3876,1946.532499999995,140760,1326097486.0,SH000688
2026-07-15 14:00:00,1946.1094000000005,1946.109399999998,1934.2214999999997,1935.982199999996,128780,1374642740.0,SH000688
2026-07-15 14:05:00,1936.3443,1936.344299999998,1929.0752,1931.720199999996,186484,1706131508.0,SH000688
2026-07-15 14:10:00,1932.7473,1933.5067999999976,1930.3957,1930.4528999999968,199999,1487493854.0,SH000688
2026-07-15 14:15:00,1930.2543000000005,1934.7735999999975,1928.1077,1933.6926999999955,180318,1760578580.0,SH000688
2026-07-15 14:20:00,1933.7357000000004,1935.7224999999976,1927.5451,1927.573799999996,171737,1706876245.0,SH000688
2026-07-15 14:25:00,1927.7142,1928.8111999999976,1922.6179,1923.4535999999955,157382,1854831196.0,SH000688
2026-07-15 14:30:00,1923.398,1931.989799999998,1923.398,1927.6156999999948,179727,1881710027.0,SH000688
2026-07-15 14:35:00,1927.2606,1929.279699999998,1917.4955,1919.1390999999944,252560,2721892509.0,SH000688
2026-07-15 14:40:00,1918.8212,1922.2004999999983,1917.4691000000005,1919.0974999999949,221574,2731700960.0,SH000688
2026-07-15 14:45:00,1919.6274,1929.9592999999984,1918.2909,1929.894399999996,253204,3078518178.0,SH000688
2026-07-15 14:50:00,1930.1607999999997,1934.3319999999983,1921.5521999999992,1924.5943999999963,278581,3133625063.0,SH000688
2026-07-15 14:55:00,1924.5201999999997,1930.6679999999983,1922.8802999999991,1925.2535999999968,332723,3392995993.0,SH000688
2026-07-15 15:00:00,1925.0733,1926.4572999999984,1923.0388999999996,1924.2734999999964,280655,3007219177.0,SH000688
2026-07-16 09:35:00,1869.9362,1878.186,1842.4854,1842.6712,1473940,19475723654.0,SH000688
2026-07-16 09:40:00,1843.0185,1894.8757,1843.0185,1894.123,891829,11280674107.0,SH000688
2026-07-16 09:45:00,1893.3059,1902.7113,1890.9864,1902.7113000000008,629844,8715842608.0,SH000688
2026-07-16 09:50:00,1902.0834,1915.8961999999997,1901.8572,1914.7008,491940,6236664489.0,SH000688
2026-07-16 09:55:00,1913.2043000000003,1913.2042999999992,1896.301,1904.7389000000005,407626,5198162245.0,SH000688
2026-07-16 10:00:00,1904.6598000000004,1938.5794999999985,1904.6598,1935.4055000000003,426491,5370965627.0,SH000688
2026-07-16 10:05:00,1934.6590000000003,1934.6589999999983,1915.3357000000003,1915.3357000000008,384640,4121588455.0,SH000688
2026-07-16 10:10:00,1915.1586,1933.6345999999987,1910.6463000000003,1933.6346,267724,3283528575.0,SH000688
2026-07-16 10:15:00,1933.4647,1939.3939999999984,1929.1126000000004,1932.0691999999992,272075,3635509815.0,SH000688
2026-07-16 10:20:00,1932.3114,1947.2288999999987,1932.3114000000005,1941.7361999999996,288900,3718719343.0,SH000688
2026-07-16 10:25:00,1941.0039000000004,1947.247199999999,1929.5576000000003,1930.4232999999997,268714,3544830789.0,SH000688
2026-07-16 10:30:00,1931.3947000000005,1938.407799999999,1922.9115000000008,1927.2155,259098,3078998890.0,SH000688
2026-07-16 10:35:00,1927.0124000000003,1927.0123999999992,1910.3523000000007,1912.7988,281629,3018903865.0,SH000688
2026-07-16 10:40:00,1913.1252,1913.8819999999992,1901.4621,1901.8480999999992,235659,2538703889.0,SH000688
2026-07-16 10:45:00,1901.1776,1924.3832999999995,1898.4169000000004,1924.3832999999993,242007,2815388914.0,SH000688
2026-07-16 10:50:00,1925.285,1932.7703999999992,1918.2161000000008,1932.2128000000007,208440,2896036587.0,SH000688
2026-07-16 10:55:00,1932.2627,1935.9988999999996,1925.1232,1930.8649,157233,2474871912.0,SH000688
2026-07-16 11:00:00,1930.4518000000005,1934.7187999999996,1921.615,1931.6778999999997,131507,1968308323.0,SH000688
2026-07-16 11:05:00,1931.5171000000005,1931.7142999999996,1918.8626000000004,1919.2612,162980,1698348017.0,SH000688
2026-07-16 11:10:00,1919.5456000000004,1921.5010999999995,1912.6819000000005,1914.5912000000008,127622,1564510018.0,SH000688
2026-07-16 11:15:00,1914.0377000000003,1915.0805,1906.5287000000003,1906.9885000000013,126391,1774401638.0,SH000688
2026-07-16 11:20:00,1906.9628,1909.216,1901.3265000000004,1901.326500000001,141687,1718833833.0,SH000688
2026-07-16 11:25:00,1901.3443,1902.5062,1895.2945000000004,1895.412200000001,172961,1868458956.0,SH000688
2026-07-16 11:30:00,1895.6257,1906.7214,1895.6257000000005,1905.8691000000024,120633,1540991123.0,SH000688
2026-07-16 13:05:00,1905.5227,1905.5227,1890.0057,1899.9485000000027,326240,4745914835.0,SH000688
2026-07-16 13:10:00,1899.7735,1906.3930000000005,1890.8538,1890.8538000000024,210207,2410391086.0,SH000688
2026-07-16 13:15:00,1890.5121,1891.7650999999992,1885.0219,1890.750800000003,215490,2433014762.0,SH000688
2026-07-16 13:20:00,1890.3711,1897.812099999999,1880.7587,1896.6467000000025,181258,2385970449.0,SH000688
2026-07-16 13:25:00,1896.403,1900.1364999999992,1884.1113000000005,1884.1113000000016,146385,1839561625.0,SH000688
2026-07-16 13:30:00,1883.2854,1883.285399999999,1876.1236,1877.3356000000017,208576,2190708409.0,SH000688
2026-07-16 13:35:00,1877.5535,1877.553499999999,1869.5489,1873.1429000000016,310408,3337606061.0,SH000688
2026-07-16 13:40:00,1873.2108,1873.210799999999,1863.346,1866.5025000000016,234655,2930605094.0,SH000688
2026-07-16 13:45:00,1866.1003,1871.229899999999,1863.7288999999996,1865.5608000000016,202160,2503101355.0,SH000688
2026-07-16 13:50:00,1865.8208999999997,1867.554299999999,1856.3371999999997,1856.8102000000013,250027,3310220437.0,SH000688
2026-07-16 13:55:00,1856.8204999999991,1870.3606999999984,1856.3442999999995,1859.6447000000005,202028,2432465983.0,SH000688
2026-07-16 14:00:00,1859.9637999999995,1861.6895999999983,1856.343,1861.0904000000012,191627,2587963597.0,SH000688
2026-07-16 14:05:00,1860.9874,1864.699099999999,1855.3683000000003,1861.3438000000017,206657,2576914114.0,SH000688
2026-07-16 14:10:00,1861.31,1875.481199999999,1861.3100000000004,1861.554100000002,189506,2289393035.0,SH000688
2026-07-16 14:15:00,1862.1425,1864.971299999999,1853.0976000000005,1853.313600000003,197174,2179474571.0,SH000688
2026-07-16 14:20:00,1853.7626,1853.9843999999991,1850.4232000000009,1850.8855000000033,210234,2342641767.0,SH000688
2026-07-16 14:25:00,1850.7034,1856.5056999999997,1848.138600000001,1852.8587000000032,218842,2658494047.0,SH000688
2026-07-16 14:30:00,1852.2001,1854.6265999999996,1847.742300000002,1848.5467000000024,213117,2497250744.0,SH000688
2026-07-16 14:35:00,1848.5372,1849.3909999999996,1840.801200000002,1840.801200000003,315030,3095145484.0,SH000688
2026-07-16 14:40:00,1840.1309,1843.3798999999997,1834.6608000000017,1839.1336000000024,394793,4554695296.0,SH000688
2026-07-16 14:45:00,1839.5948,1848.8480999999997,1834.1406000000015,1835.6364000000024,352142,3805140029.0,SH000688
2026-07-16 14:50:00,1835.5203,1836.8883,1829.266900000002,1829.5408000000025,364311,4393041555.0,SH000688
2026-07-16 14:55:00,1830.0201000000004,1842.5231999999996,1828.5734000000025,1841.3029000000015,456297,4584678611.0,SH000688
2026-07-16 15:00:00,1842.0920000000003,1846.8766,1841.1691000000023,1846.8766000000012,258048,3197203621.0,SH000688
2026-07-17 09:35:00,1829.9808,1838.7807,1770.0727,1772.081,1414792,18841730518.0,SH000688
2026-07-17 09:40:00,1772.3436,1796.9055,1772.3436,1795.0152,995054,12622699183.0,SH000688
2026-07-17 09:45:00,1793.5018,1813.4935,1791.7637,1805.6064,648124,8510450220.0,SH000688
2026-07-17 09:50:00,1805.3105,1811.7452,1787.4695,1811.7452,576703,6372550664.0,SH000688
2026-07-17 09:55:00,1811.4645,1840.0553,1803.7402,1839.5729,523303,6805271476.0,SH000688
2026-07-17 10:00:00,1838.1304,1844.3787,1835.3269,1837.0375,492789,6493144547.0,SH000688
2026-07-17 10:05:00,1837.4845,1837.4845,1817.1224,1832.0339,390857,4623264169.0,SH000688
2026-07-17 10:10:00,1831.1862,1831.1862,1809.2386,1809.2386,317761,3777565357.0,SH000688
2026-07-17 10:15:00,1809.18,1813.8894,1801.7463,1811.5517,308175,3579359362.0,SH000688
2026-07-17 10:20:00,1811.195,1817.2716,1802.1762,1806.5087,235615,2840992067.0,SH000688
2026-07-17 10:25:00,1806.8549,1806.8549,1788.0573,1794.5609,299553,3341831604.0,SH000688
2026-07-17 10:30:00,1795.0043,1795.2039,1784.2499,1788.6681,232382,2746211563.0,SH000688
2026-07-17 10:35:00,1788.4329,1788.6642,1780.4649,1781.1686,269966,2744821841.0,SH000688
2026-07-17 10:40:00,1781.6244,1783.5401,1771.2484,1783.4127,283971,3467895015.0,SH000688
2026-07-17 10:45:00,1783.9947,1788.6385,1771.143,1771.143,233338,2869389687.0,SH000688
2026-07-17 10:50:00,1770.8082,1777.6378,1762.6113,1765.1204,319024,3958428801.0,SH000688
2026-07-17 10:55:00,1764.4982,1771.8718,1764.1208,1766.1302,251257,3179912432.0,SH000688
2026-07-17 11:00:00,1765.7336,1788.3758,1765.7336,1780.8959,215159,2712206438.0,SH000688
2026-07-17 11:05:00,1781.0741,1806.4418,1780.6343,1805.079,259771,3008404456.0,SH000688
2026-07-17 11:10:00,1804.5423,1805.1479,1784.0838,1784.0838,207379,2533275594.0,SH000688
2026-07-17 11:15:00,1784.6111,1784.6111,1774.5432,1782.0575,165580,1995360207.0,SH000688
2026-07-17 11:20:00,1782.4391,1785.5723,1765.0476,1768.0401,222526,1974226849.0,SH000688
2026-07-17 11:25:00,1768.5875,1769.7331,1762.4668,1762.513,165936,2080433346.0,SH000688
2026-07-17 11:30:00,1762.5879,1768.0689,1761.8328,1763.2223,145613,1648693157.0,SH000688
2026-07-17 13:05:00,1762.7179,1763.6945,1752.2358,1752.6152,348851,3366028916.0,SH000688
2026-07-17 13:10:00,1753.4795,1755.0165,1746.0227,1750.3816,272480,2835411327.0,SH000688
2026-07-17 13:15:00,1751.7507,1756.1063,1737.2186,1738.7524,316534,3165893336.0,SH000688
2026-07-17 13:20:00,1738.7224,1739.2115,1728.0996,1728.0996,343236,3519711996.0,SH000688
2026-07-17 13:25:00,1727.8206,1733.5643,1722.8884,1727.9556,401451,3872509081.0,SH000688
2026-07-17 13:30:00,1727.8824,1750.5418,1727.187,1745.5317,320928,2890335372.0,SH000688
2026-07-17 13:35:00,1746.6505,1749.97,1729.2432,1730.3401,232832,2440318422.0,SH000688
2026-07-17 13:40:00,1730.4004,1730.4004,1714.9856,1715.5167,354767,3376841276.0,SH000688
2026-07-17 13:45:00,1715.934,1719.4734,1702.39,1702.39,370559,3860777056.0,SH000688
2026-07-17 13:50:00,1702.6235,1719.8383,1698.3234,1717.6023,420405,4096832400.0,SH000688
2026-07-17 13:55:00,1718.306,1724.5904,1707.4475,1715.9846,282624,2572880413.0,SH000688
2026-07-17 14:00:00,1716.2406,1741.922,1710.6522,1739.7406,249413,2743548282.0,SH000688
2026-07-17 14:05:00,1740.3548,1765.1638,1740.2532,1759.238,353049,3789574669.0,SH000688
2026-07-17 14:10:00,1758.8552,1769.195,1749.13,1768.4789,261084,2834482061.0,SH000688
2026-07-17 14:15:00,1768.3629,1792.0942,1764.6786,1791.9344,352902,4211874844.0,SH000688
2026-07-17 14:20:00,1792.269,1793.4035,1763.4694,1763.4694,274474,3742243083.0,SH000688
2026-07-17 14:25:00,1763.0638,1772.9417,1759.8297,1763.5375,208469,2331325953.0,SH000688
2026-07-17 14:30:00,1763.3794,1767.3367,1753.8218,1754.141,171086,2044047251.0,SH000688
2026-07-17 14:35:00,1753.9309,1761.1497,1752.9561,1758.3804,191416,2245378725.0,SH000688
2026-07-17 14:40:00,1757.83,1757.83,1738.0682,1738.0682,232178,2582540445.0,SH000688
2026-07-17 14:45:00,1738.3627,1738.6422,1728.1768,1729.0751,325056,3021272270.0,SH000688
2026-07-17 14:50:00,1728.5454,1728.5454,1720.1643,1720.9172,347813,3636211244.0,SH000688
2026-07-17 14:55:00,1720.8185,1721.4103,1707.8704,1709.6403,442057,4988218679.0,SH000688
2026-07-17 15:00:00,1710.2181,1715.6994,1709.0024,1715.4044,380732,4577154592.0,SH000688
2026-07-20 09:35:00,1764.5933,1769.8386,1739.3957000000007,1762.9326000000003,1481695,18528373842.0,SH000688
2026-07-20 09:40:00,1762.9612,1775.7836999999995,1759.7543000000007,1771.007,855740,10947307398.0,SH000688
2026-07-20 09:45:00,1770.6855,1776.0732999999998,1749.992800000001,1759.7304,685356,8715276823.0,SH000688
2026-07-20 09:50:00,1759.581,1759.5809999999994,1731.736100000001,1731.7361,577517,6938020409.0,SH000688
2026-07-20 09:55:00,1732.4165000000005,1736.9814999999996,1713.2233000000003,1713.3408999999988,561391,7095741372.0,SH000688
2026-07-20 10:00:00,1715.3703000000005,1745.9438,1715.3703000000005,1741.9894999999972,551321,5744715036.0,SH000688
2026-07-20 10:05:00,1742.0821000000003,1757.1252,1731.6399000000004,1756.7080999999982,371678,4687633743.0,SH000688
2026-07-20 10:10:00,1757.1030000000007,1757.1029999999998,1723.4093000000005,1726.6846999999989,379530,3901436083.0,SH000688
2026-07-20 10:15:00,1727.5373000000009,1727.5373000000002,1710.8389000000002,1712.0437999999992,360602,4165067366.0,SH000688
2026-07-20 10:20:00,1712.741400000001,1714.7634000000005,1701.6710000000005,1710.596299999999,391978,4437487549.0,SH000688
2026-07-20 10:25:00,1711.100100000001,1712.5289000000007,1696.806000000001,1698.9990999999984,330078,3158725528.0,SH000688
2026-07-20 10:30:00,1699.228400000001,1707.3915000000006,1692.9003000000012,1692.9002999999975,257616,3255668417.0,SH000688
2026-07-20 10:35:00,1692.0641000000012,1692.545900000001,1678.984600000001,1678.9845999999984,388269,4344486208.0,SH000688
2026-07-20 10:40:00,1678.6021000000012,1701.0184000000002,1675.411000000001,1696.9578999999972,376621,3732038076.0,SH000688
2026-07-20 10:45:00,1697.3829000000012,1712.2888,1694.954500000001,1712.288799999997,225730,2808132739.0,SH000688
2026-07-20 10:50:00,1712.3591000000013,1725.0744999999995,1711.3488000000011,1725.0744999999977,255260,2620298965.0,SH000688
2026-07-20 10:55:00,1725.2408000000014,1725.8924999999997,1712.2405000000012,1712.286399999998,178719,1872054401.0,SH000688
2026-07-20 11:00:00,1711.6738000000014,1736.1083,1711.6738000000012,1734.7754999999988,174421,2031365598.0,SH000688
2026-07-20 11:05:00,1735.069900000001,1751.9147999999996,1735.069900000001,1751.9147999999984,262692,3305306500.0,SH000688
2026-07-20 11:10:00,1752.4895000000015,1753.2477999999994,1737.4644000000014,1743.4071999999976,210920,2271499214.0,SH000688
2026-07-20 11:15:00,1743.7622000000013,1745.3881999999994,1732.4916000000003,1732.5267999999985,148437,1920956771.0,SH000688
2026-07-20 11:20:00,1732.723900000001,1735.0345999999995,1720.851500000001,1720.8514999999977,142021,1599888095.0,SH000688
2026-07-20 11:25:00,1720.6802000000014,1720.9063,1710.1512000000012,1716.9704999999976,207183,1674593778.0,SH000688
2026-07-20 11:30:00,1717.1388000000015,1721.8156000000004,1710.2557000000008,1712.1230999999984,135138,1256917727.0,SH000688
2026-07-20 13:05:00,1712.3030000000017,1719.6483000000003,1701.59,1707.3021999999985,250409,2379817936.0,SH000688
2026-07-20 13:10:00,1706.981600000002,1707.3143000000005,1694.8445999999997,1702.8222999999973,179216,1963888414.0,SH000688
2026-07-20 13:15:00,1702.8371000000016,1705.9793,1692.7794999999994,1694.4646999999968,194572,1839542096.0,SH000688
2026-07-20 13:20:00,1694.0654000000015,1699.9960000000008,1687.0345999999995,1698.6079999999968,225548,1754242016.0,SH000688
2026-07-20 13:25:00,1698.1028000000013,1698.1028000000008,1689.2264,1690.809399999998,166269,1571757449.0,SH000688
2026-07-20 13:30:00,1691.0260000000014,1693.8710000000017,1682.3476999999998,1682.347699999999,229739,1970151329.0,SH000688
2026-07-20 13:35:00,1682.0036000000016,1687.5248000000015,1673.1568000000002,1675.8377999999989,294903,2626296051.0,SH000688
2026-07-20 13:40:00,1675.6932000000015,1681.0595000000017,1669.9975999999997,1669.9975999999974,321327,2757122542.0,SH000688
2026-07-20 13:45:00,1670.5128000000018,1681.8586000000023,1664.8447999999994,1664.844799999997,312117,2500606966.0,SH000688
2026-07-20 13:50:00,1663.972200000002,1679.2101000000027,1656.4784999999997,1672.5832999999968,405172,3381938453.0,SH000688
2026-07-20 13:55:00,1672.728400000002,1680.2576000000026,1659.7699999999988,1660.695799999996,216300,2001555034.0,SH000688
2026-07-20 14:00:00,1660.3143000000025,1664.7532000000024,1657.147499999999,1661.4961999999966,259090,2427206506.0,SH000688
2026-07-20 14:05:00,1663.0211000000022,1698.1181000000026,1657.972699999999,1697.1758999999963,418168,3200044298.0,SH000688
2026-07-20 14:10:00,1696.8163000000025,1697.9841000000026,1672.0623999999984,1672.0623999999966,295591,2384679674.0,SH000688
2026-07-20 14:15:00,1671.9297000000022,1683.544400000002,1671.1497999999983,1678.213399999996,213344,2019364839.0,SH000688
2026-07-20 14:20:00,1677.5400000000022,1677.5400000000022,1669.1065999999992,1670.542599999997,222568,2016319918.0,SH000688
2026-07-20 14:25:00,1670.0278000000026,1674.0003000000024,1657.8791999999987,1657.8791999999974,228002,2280140965.0,SH000688
2026-07-20 14:30:00,1657.8102000000026,1682.9226000000024,1657.1708999999987,1662.8468999999973,456405,3374286415.0,SH000688
2026-07-20 14:35:00,1662.4891000000027,1664.0965000000024,1646.3868999999986,1654.129499999996,419711,3728789580.0,SH000688
2026-07-20 14:40:00,1656.0807000000025,1673.262500000002,1653.7528999999986,1663.271899999996,599735,4645277622.0,SH000688
2026-07-20 14:45:00,1664.5660000000023,1695.9007000000015,1663.9194999999988,1695.0601999999965,641383,5425289054.0,SH000688
2026-07-20 14:50:00,1695.8543000000027,1724.5134000000007,1695.854299999999,1724.5133999999955,762738,6482976871.0,SH000688
2026-07-20 14:55:00,1725.2802000000024,1731.6507000000006,1717.1375999999989,1723.3444999999952,748584,6222294121.0,SH000688
2026-07-20 15:00:00,1723.0961000000027,1723.2324000000006,1716.7011999999984,1718.6894999999947,405419,3690180663.0,SH000688
2026-07-21 09:35:00,1747.4897,1747.4897,1716.4419,1739.7331999999988,1139777,13360733198.0,SH000688
2026-07-21 09:40:00,1739.3417999999997,1744.3985999999989,1724.1896,1737.406399999998,832614,8977746012.0,SH000688
2026-07-21 09:45:00,1735.9682999999998,1741.1467999999988,1722.5778999999998,1722.5778999999982,743161,7962226460.0,SH000688
2026-07-21 09:50:00,1722.6542,1725.591799999999,1709.5616999999993,1709.5616999999963,690246,6450654860.0,SH000688
2026-07-21 09:55:00,1709.5594999999998,1709.5594999999987,1695.1712,1699.2557999999967,641085,6412894562.0,SH000688
2026-07-21 10:00:00,1698.4035999999996,1703.6271999999983,1684.8095,1695.3069999999962,522709,5364469197.0,SH000688
2026-07-21 10:05:00,1695.2548999999997,1696.5134999999982,1675.2249000000004,1675.2248999999968,569161,5554226086.0,SH000688
2026-07-21 10:10:00,1676.2371999999996,1688.4431999999986,1666.8071000000002,1666.8070999999973,596446,5916919628.0,SH000688
2026-07-21 10:15:00,1666.1696999999997,1694.048599999998,1663.8498000000002,1694.048599999997,548776,5297294023.0,SH000688
2026-07-21 10:20:00,1695.1030999999996,1702.868299999998,1681.2714000000008,1681.992099999996,414462,3931122699.0,SH000688
2026-07-21 10:25:00,1681.8912999999995,1726.282299999998,1680.8502000000008,1726.282299999996,480515,4826900825.0,SH000688
2026-07-21 10:30:00,1727.0942999999993,1736.1203999999975,1723.1428000000003,1732.3776999999957,508205,5913195967.0,SH000688
2026-07-21 10:35:00,1733.2705999999994,1751.6763999999976,1733.2706000000005,1744.7050999999954,520994,5577896778.0,SH000688
2026-07-21 10:40:00,1743.3307999999995,1770.6379999999986,1743.3308,1768.0014999999964,598758,5974020141.0,SH000688
2026-07-21 10:45:00,1767.6143999999997,1767.7375999999986,1745.1128999999996,1748.190799999996,421101,4245496359.0,SH000688
2026-07-21 10:50:00,1748.4843999999998,1789.1064999999987,1748.4843999999996,1788.3671999999951,435132,5121773565.0,SH000688
2026-07-21 10:55:00,1786.64,1793.366899999999,1779.7387999999992,1790.3363999999945,494260,6222747974.0,SH000688
2026-07-21 11:00:00,1791.6143,1802.8566999999996,1791.120899999999,1793.5582999999947,484651,5293680803.0,SH000688
2026-07-21 11:05:00,1793.9254999999998,1821.5699999999993,1793.180199999999,1821.5699999999945,484714,5459219631.0,SH000688
2026-07-21 11:10:00,1821.8284999999996,1836.8785999999989,1818.7470999999991,1831.3133999999936,547379,6598137167.0,SH000688
2026-07-21 11:15:00,1830.5760999999995,1830.5760999999989,1803.2219999999995,1806.714999999993,413974,4827573084.0,SH000688
2026-07-21 11:20:00,1806.1404999999995,1825.1492999999991,1805.7427999999995,1807.209299999994,285229,3200753021.0,SH000688
2026-07-21 11:25:00,1807.7777999999992,1818.4084999999984,1803.3499999999997,1818.408499999993,212491,2942532827.0,SH000688
2026-07-21 11:30:00,1818.7252999999992,1838.0909999999988,1817.7329,1837.9430999999925,260188,3461297812.0,SH000688
2026-07-21 13:05:00,1839.2726999999995,1855.027699999999,1839.272700000001,1845.4927999999925,574931,8479150895.0,SH000688
2026-07-21 13:10:00,1845.7711999999997,1849.2807999999984,1835.2016,1843.540199999992,333004,4118993531.0,SH000688
2026-07-21 13:15:00,1843.4638999999995,1850.6450999999984,1840.0355,1840.035499999992,276367,3603944237.0,SH000688
2026-07-21 13:20:00,1838.3208999999997,1838.3225999999984,1823.8672999999997,1828.783099999992,290655,3461799719.0,SH000688
2026-07-21 13:25:00,1827.9216,1828.360899999998,1818.5518999999997,1827.8101999999924,217509,2774821201.0,SH000688
2026-07-21 13:30:00,1826.734,1835.2379999999976,1822.4336999999996,1833.6300999999924,181086,2254914825.0,SH000688
2026-07-21 13:35:00,1833.8118,1840.8149999999976,1824.647799999999,1824.717499999992,191479,2236241769.0,SH000688
2026-07-21 13:40:00,1824.4675,1836.444399999997,1824.467499999999,1836.444399999992,134901,1803287070.0,SH000688
2026-07-21 13:45:00,1836.6352,1847.604799999996,1836.635199999999,1846.6587999999913,158835,2195352267.0,SH000688
2026-07-21 13:50:00,1846.9365000000005,1848.084099999996,1840.8140999999987,1848.063799999992,159874,1947950059.0,SH000688
2026-07-21 13:55:00,1847.5134000000005,1859.7659999999964,1847.513399999999,1859.2033999999928,202167,2469693276.0,SH000688
2026-07-21 14:00:00,1859.6918000000005,1862.690999999996,1850.2059999999992,1850.2059999999929,257585,2553373368.0,SH000688
2026-07-21 14:05:00,1850.2238000000004,1862.1430999999952,1850.2237999999995,1861.7066999999925,212663,1872031835.0,SH000688
2026-07-21 14:10:00,1861.1798,1867.9407999999953,1858.4012999999993,1867.1876999999924,198855,2463848920.0,SH000688
2026-07-21 14:15:00,1867.2023,1872.6522999999952,1864.4533,1872.6522999999927,243636,2824680194.0,SH000688
2026-07-21 14:20:00,1872.4855,1881.9976999999956,1872.4855,1880.7649999999928,288453,3021853747.0,SH000688
2026-07-21 14:25:00,1880.5736000000004,1881.3497999999956,1876.2113000000004,1879.3994999999925,286059,2662837187.0,SH000688
2026-07-21 14:30:00,1879.6782000000003,1879.778799999996,1866.3184000000003,1872.6564999999923,270678,2632340572.0,SH000688
2026-07-21 14:35:00,1873.0207000000005,1886.3968999999952,1872.693,1886.3968999999925,321488,2775311630.0,SH000688
2026-07-21 14:40:00,1886.2433000000003,1899.0471999999947,1886.1682000000003,1899.047199999992,394791,4264994107.0,SH000688
2026-07-21 14:45:00,1899.4765000000004,1904.174899999994,1899.2375,1904.1748999999916,325675,3265812641.0,SH000688
2026-07-21 14:50:00,1904.2992,1904.857899999994,1894.3702999999991,1896.883899999991,375076,3391351687.0,SH000688
2026-07-21 14:55:00,1897.0855,1902.1231999999943,1897.0854999999992,1901.91889999999,436097,3554598748.0,SH000688
2026-07-21 15:00:00,1901.8306,1903.8982999999944,1901.7757999999992,1903.1612999999904,334853,3532354095.0,SH000688
2026-07-22 09:35:00,1874.7785,1902.8865,1874.7785,1899.2096000000008,1613408,20556690563.0,SH000688
2026-07-22 09:40:00,1899.9699,1916.1241,1888.759499999999,1890.0726000000004,1119810,13609657680.0,SH000688
2026-07-22 09:45:00,1890.6866,1899.1836000000003,1879.299099999999,1895.0397,1001193,11195064704.0,SH000688
2026-07-22 09:50:00,1894.8637,1913.7376000000013,1894.863699999999,1901.3177000000007,646035,8223297406.0,SH000688
2026-07-22 09:55:00,1899.5348,1907.5229000000013,1880.4792999999995,1880.4793000000016,653737,7551420024.0,SH000688
2026-07-22 10:00:00,1880.1472,1897.7689000000012,1873.0254999999993,1897.7689000000005,667788,6839941177.0,SH000688
2026-07-22 10:05:00,1897.5288000000005,1903.8140000000017,1887.4728999999995,1898.0194,496731,4696654310.0,SH000688
2026-07-22 10:10:00,1896.9962000000005,1899.308900000001,1890.4170999999992,1898.0242,370900,3962564357.0,SH000688
2026-07-22 10:15:00,1898.1949,1905.0345000000011,1896.8995,1902.2709999999995,342213,4163283949.0,SH000688
2026-07-22 10:20:00,1902.4024,1925.557000000001,1902.4024000000004,1925.556999999999,430670,5442836573.0,SH000688
2026-07-22 10:25:00,1926.1204,1932.056600000001,1917.8433,1921.4950999999992,415584,5802162780.0,SH000688
2026-07-22 10:30:00,1923.2436,1926.977500000001,1919.255,1926.9775,313135,3977430414.0,SH000688
2026-07-22 10:35:00,1926.3733,1926.373300000001,1901.473,1901.5206,306113,4094882368.0,SH000688
2026-07-22 10:40:00,1901.3737,1904.1009000000013,1893.0872,1899.0290999999995,296786,3593263186.0,SH000688
2026-07-22 10:45:00,1897.7945,1898.8517000000015,1882.4471,1888.4987999999992,380735,3544242652.0,SH000688
2026-07-22 10:50:00,1888.6593000000005,1896.9129000000016,1887.1465000000003,1896.5791999999983,226104,2519811956.0,SH000688
2026-07-22 10:55:00,1896.4175,1914.443700000002,1894.4523,1914.157799999999,221710,2733411712.0,SH000688
2026-07-22 11:00:00,1914.224,1914.2240000000015,1903.9378000000004,1906.4055999999991,246937,2633470388.0,SH000688
2026-07-22 11:05:00,1906.144,1907.7893000000015,1894.0960999999995,1896.6098999999977,242517,2424905608.0,SH000688
2026-07-22 11:10:00,1896.2949,1899.2631000000015,1888.311,1898.3101999999976,217286,2852955128.0,SH000688
2026-07-22 11:15:00,1897.9203,1909.4315000000015,1897.9203,1906.3488999999963,203982,2233540487.0,SH000688
2026-07-22 11:20:00,1906.5117,1917.9252000000015,1906.5117,1916.0681999999968,227454,2433174458.0,SH000688
2026-07-22 11:25:00,1916.1915,1923.7582000000025,1915.5992000000003,1922.583899999998,187901,2277698175.0,SH000688
2026-07-22 11:30:00,1922.6442,1934.6051000000025,1922.6442000000004,1932.4968999999976,203545,2889521265.0,SH000688
2026-07-22 13:05:00,1931.1676,1932.2617000000023,1900.3001999999997,1900.3001999999976,359811,4412232782.0,SH000688
2026-07-22 13:10:00,1899.9204,1905.212600000003,1893.9985999999992,1894.653599999998,217937,2535084048.0,SH000688
2026-07-22 13:15:00,1894.6432,1897.5422000000024,1889.3243999999995,1897.5421999999985,162698,2307307542.0,SH000688
2026-07-22 13:20:00,1897.2627,1897.2627000000025,1883.6473000000003,1892.0103999999992,190245,2425442552.0,SH000688
2026-07-22 13:25:00,1891.6615,1891.661500000003,1876.7672000000005,1877.517199999999,220192,2467889816.0,SH000688
2026-07-22 13:30:00,1877.8735,1880.115000000003,1868.2234000000003,1869.8809999999992,261653,3634453662.0,SH000688
2026-07-22 13:35:00,1869.2535,1871.4094000000025,1857.0909000000008,1871.4093999999989,269686,3962292907.0,SH000688
2026-07-22 13:40:00,1870.9246,1879.0471000000025,1863.6801000000012,1865.665699999999,225501,2705564415.0,SH000688
2026-07-22 13:45:00,1866.0289,1872.187800000003,1861.2725000000016,1867.7965999999992,155623,1969955083.0,SH000688
2026-07-22 13:50:00,1868.3652,1875.8775000000032,1866.7462000000012,1867.7694,133003,1533383584.0,SH000688
2026-07-22 13:55:00,1867.4664,1870.312700000003,1861.0742000000012,1861.0741999999996,144454,1537170410.0,SH000688
2026-07-22 14:00:00,1860.7239999999997,1860.724000000003,1851.0806000000016,1854.9306,202549,2714342927.0,SH000688
2026-07-22 14:05:00,1855.2082,1861.991200000003,1849.5772000000013,1849.5771999999995,162000,2167030357.0,SH000688
2026-07-22 14:10:00,1849.4754,1849.5432000000028,1841.119700000001,1843.2698,238817,3050184266.0,SH000688
2026-07-22 14:15:00,1842.8144,1842.8144000000027,1836.107,1842.2193,226540,2887414648.0,SH000688
2026-07-22 14:20:00,1843.2410999999995,1861.7702,1842.4103,1854.1446000000003,185522,2383091118.0,SH000688
2026-07-22 14:25:00,1854.8928,1876.0654,1854.8928,1875.0248000000004,177592,2243936254.0,SH000688
2026-07-22 14:30:00,1874.7234,1874.7234,1854.8383999999992,1854.8384000000008,174733,1740051939.0,SH000688
2026-07-22 14:35:00,1854.8765,1873.0034,1853.8546999999992,1866.571800000001,232351,2119266824.0,SH000688
2026-07-22 14:40:00,1866.5773999999997,1867.0818,1857.7630999999988,1861.3989000000004,170357,1935935944.0,SH000688
2026-07-22 14:45:00,1861.0478999999996,1867.4994,1858.8080999999988,1858.8081000000009,208363,2165701500.0,SH000688
2026-07-22 14:50:00,1858.7159999999992,1859.5214,1852.084399999998,1854.7648,255590,3050754182.0,SH000688
2026-07-22 14:55:00,1854.993599999999,1861.6942,1854.6667999999977,1858.2726,342261,3404345861.0,SH000688
2026-07-22 15:00:00,1858.3440999999991,1860.0848,1853.2170999999976,1860.0848,288859,3311957167.0,SH000688
2026-07-23 09:35:00,1876.6134,1876.9857,1844.7115000000008,1857.6285,870644,12578259126.0,SH000688
2026-07-23 09:40:00,1856.9540000000004,1867.2448999999997,1843.848300000001,1843.8482999999983,649648,8563128072.0,SH000688
2026-07-23 09:45:00,1842.6617000000008,1851.2316999999991,1827.5100000000004,1845.207199999998,570962,8198751335.0,SH000688
2026-07-23 09:50:00,1845.2236000000007,1850.1872999999991,1830.5242,1836.105699999999,432488,5792430281.0,SH000688
2026-07-23 09:55:00,1834.8989000000008,1855.9575999999993,1827.5171,1851.0651999999989,333685,4521111606.0,SH000688
2026-07-23 10:00:00,1850.2344000000007,1853.1967999999993,1827.600399999999,1828.9064999999985,322388,4069163412.0,SH000688
2026-07-23 10:05:00,1828.2894000000008,1828.2893999999992,1811.3098999999984,1814.6438999999975,515218,5952296074.0,SH000688
2026-07-23 10:10:00,1815.3606000000004,1824.3608999999992,1804.3165999999987,1811.9580999999985,399506,4674142988.0,SH000688
2026-07-23 10:15:00,1811.8449000000005,1820.6043999999993,1803.412499999999,1803.7829999999983,318819,3874504948.0,SH000688
2026-07-23 10:20:00,1803.7649,1811.813599999999,1797.4612999999986,1804.536399999998,352167,3834115907.0,SH000688
2026-07-23 10:25:00,1804.3051,1816.431099999999,1796.838499999999,1796.8384999999996,292288,3641223687.0,SH000688
2026-07-23 10:30:00,1796.3304000000005,1796.3303999999991,1782.8205999999982,1790.0141,379821,5051970025.0,SH000688
2026-07-23 10:35:00,1790.4234000000004,1802.7673999999995,1788.184099999998,1790.305,249347,3249476745.0,SH000688
2026-07-23 10:40:00,1790.0339000000006,1806.031,1789.3261999999982,1799.9863000000005,214397,2767131706.0,SH000688
2026-07-23 10:45:00,1800.2458000000008,1806.3954000000008,1790.6989999999985,1790.6990000000008,185079,2343849823.0,SH000688
2026-07-23 10:50:00,1791.1001000000008,1796.8827000000008,1786.5952999999986,1789.5484000000004,231843,2505473336.0,SH000688
2026-07-23 10:55:00,1790.1581000000008,1799.2422000000008,1787.9971999999989,1788.6537000000008,246182,2177505366.0,SH000688
2026-07-23 11:00:00,1789.179400000001,1791.2964000000009,1783.492499999998,1789.9657000000009,162014,2337036381.0,SH000688
2026-07-23 11:05:00,1790.0026000000005,1790.978000000001,1778.127299999998,1778.4049000000014,189629,2397727334.0,SH000688
2026-07-23 11:10:00,1777.8157000000006,1778.0325000000012,1770.5320999999983,1773.9501000000014,236721,3126104762.0,SH000688
2026-07-23 11:15:00,1773.5568000000007,1795.854100000001,1771.4503999999984,1795.8541000000005,218672,2312337843.0,SH000688
2026-07-23 11:20:00,1796.4257000000007,1796.425700000001,1785.5605999999989,1787.2920000000008,151275,1819069185.0,SH000688
2026-07-23 11:25:00,1786.7548000000008,1791.9172000000003,1781.5205999999994,1781.5206000000014,110321,1409723759.0,SH000688
2026-07-23 11:30:00,1781.6288000000006,1783.9372,1777.3960999999997,1783.937200000001,102990,1212496054.0,SH000688
2026-07-23 13:05:00,1784.1356000000007,1798.1644,1784.1355999999998,1785.7226000000007,187850,2587824358.0,SH000688
2026-07-23 13:10:00,1785.4989000000005,1811.5764,1784.5252000000005,1811.576400000001,187444,2075173515.0,SH000688
2026-07-23 13:15:00,1811.9888000000003,1811.9888,1797.8414000000002,1798.231000000001,165049,2221188327.0,SH000688
2026-07-23 13:20:00,1797.7652000000005,1797.7651999999998,1786.3981999999996,1787.0857000000008,142224,1512699536.0,SH000688
2026-07-23 13:25:00,1786.8437,1799.6523999999995,1786.8436999999997,1795.8988000000004,105546,1239871886.0,SH000688
2026-07-23 13:30:00,1795.7572,1813.9692,1795.7571999999998,1806.2024,178733,1765698802.0,SH000688
2026-07-23 13:35:00,1806.0985,1817.7434,1801.7872999999993,1816.9838999999995,218073,1821254780.0,SH000688
2026-07-23 13:40:00,1816.6622999999995,1820.6324000000004,1813.2913999999992,1813.2913999999992,187165,2055485085.0,SH000688
2026-07-23 13:45:00,1813.2744,1813.2744000000005,1800.094499999999,1802.8247999999985,184788,1697372892.0,SH000688
2026-07-23 13:50:00,1802.9209999999996,1803.8214000000007,1796.3127999999988,1796.3867999999989,145154,1322017181.0,SH000688
2026-07-23 13:55:00,1796.5733999999995,1799.3410000000006,1793.8184999999985,1794.003799999998,138674,1262354060.0,SH000688
2026-07-23 14:00:00,1794.1116999999997,1796.204800000001,1792.2673999999984,1793.0913999999984,122150,1240683545.0,SH000688
2026-07-23 14:05:00,1792.6832999999997,1792.831800000001,1788.160099999997,1790.9224999999972,166902,1307819504.0,SH000688
2026-07-23 14:10:00,1790.2574999999997,1795.7505000000017,1789.2557999999972,1792.7947999999972,148293,1016290079.0,SH000688
2026-07-23 14:15:00,1792.7679999999996,1793.8565000000017,1788.3954999999978,1788.8447999999985,121970,1112568921.0,SH000688
2026-07-23 14:20:00,1789.4970999999996,1791.8364000000015,1787.7460999999978,1789.7525999999973,153938,1076222539.0,SH000688
2026-07-23 14:25:00,1789.7478999999998,1789.9901000000016,1784.8799999999978,1785.2533999999976,125284,1278368902.0,SH000688
2026-07-23 14:30:00,1785.0388999999998,1790.193600000001,1782.3470999999984,1789.9845999999968,154461,1534782321.0,SH000688
2026-07-23 14:35:00,1790.5550999999996,1798.699000000001,1789.8158999999985,1790.1437999999978,237273,1706977880.0,SH000688
2026-07-23 14:40:00,1789.6959999999997,1797.2036000000005,1789.6959999999983,1796.7244999999978,161865,1559122689.0,SH000688
2026-07-23 14:45:00,1796.9212999999995,1798.7960000000005,1795.6785999999988,1796.0281999999984,192958,1874807550.0,SH000688
2026-07-23 14:50:00,1795.8417999999997,1795.8418000000006,1788.6615999999988,1789.6046999999996,227126,2280587984.0,SH000688
2026-07-23 14:55:00,1789.7594999999994,1794.3049000000012,1789.1638999999986,1791.6108999999997,281584,2559454914.0,SH000688
2026-07-23 15:00:00,1791.4566999999995,1792.2639000000013,1789.6646999999982,1789.6940999999993,253661,2669455191.0,SH000688
2026-07-24 09:35:00,1766.2589,1782.4661999999998,1748.7968,1782.4662000000003,871482,9881760908.0,SH000688
2026-07-24 09:40:00,1782.6110000000003,1791.3014999999998,1769.9383000000007,1772.3861,595688,6760023203.0,SH000688
2026-07-24 09:45:00,1773.7595000000003,1803.1275999999991,1772.7539000000008,1802.6741999999997,476949,5599610626.0,SH000688
2026-07-24 09:50:00,1802.5227,1804.4270999999992,1787.187100000001,1790.9677,362201,4712764063.0,SH000688
2026-07-24 09:55:00,1792.5508000000002,1805.109399999999,1792.5508000000011,1804.9214999999997,379408,4389023319.0,SH000688
2026-07-24 10:00:00,1805.1717,1807.3087999999989,1795.3461000000016,1799.1328000000003,320089,3382623420.0,SH000688
2026-07-24 10:05:00,1799.1677000000002,1799.1676999999993,1783.7896000000017,1783.789600000001,235715,2994393305.0,SH000688
2026-07-24 10:10:00,1783.5284000000004,1804.4113,1781.560000000002,1798.8825000000006,197649,2555100669.0,SH000688
2026-07-24 10:15:00,1800.1008000000004,1802.6327,1792.6274000000024,1794.0383000000006,174362,2013975452.0,SH000688
2026-07-24 10:20:00,1793.5489000000002,1797.8485000000005,1787.069400000002,1793.4687,201270,2361505891.0,SH000688
2026-07-24 10:25:00,1793.6749000000002,1801.4323000000004,1789.5937000000013,1801.0688,184548,2507173903.0,SH000688
2026-07-24 10:30:00,1801.1817000000003,1807.4709000000007,1801.1817000000012,1802.8608999999997,180345,2591333867.0,SH000688
2026-07-24 10:35:00,1802.6826000000003,1802.6826000000008,1792.199000000001,1797.0635999999995,170099,2080038995.0,SH000688
2026-07-24 10:40:00,1796.3754000000004,1798.5493000000008,1785.0368000000012,1785.0368,160571,2001815573.0,SH000688
2026-07-24 10:45:00,1784.7486000000004,1790.3929000000016,1784.7486000000013,1789.5630000000006,155956,1787889574.0,SH000688
2026-07-24 10:50:00,1789.9047000000005,1803.0406000000016,1788.5978000000016,1799.8391000000004,148276,2116794233.0,SH000688
2026-07-24 10:55:00,1798.5207000000005,1807.6115000000016,1795.7595000000008,1807.2190000000007,167777,2318657267.0,SH000688
2026-07-24 11:00:00,1807.5459000000008,1808.612600000002,1794.5377000000012,1795.670900000002,145665,1845963943.0,SH000688
2026-07-24 11:05:00,1796.4315000000008,1796.4315000000022,1789.070400000001,1794.383200000001,155993,1756119135.0,SH000688
2026-07-24 11:10:00,1794.5141000000006,1798.0962000000025,1787.3268000000007,1787.3268000000014,107178,1269170987.0,SH000688
2026-07-24 11:15:00,1786.9333000000006,1793.6845000000026,1786.1088000000009,1788.2684000000015,99298,1292555817.0,SH000688
2026-07-24 11:20:00,1788.2914000000007,1788.7042000000024,1782.8273000000008,1786.1242000000016,125071,1360197446.0,SH000688
2026-07-24 11:25:00,1785.4178000000006,1787.9818000000023,1779.7988000000005,1782.045900000001,132048,1443051372.0,SH000688
2026-07-24 11:30:00,1782.0633000000005,1795.7871000000011,1778.8773000000008,1794.478700000001,134845,1473340677.0,SH000688
2026-07-24 13:05:00,1795.3496000000002,1808.9510000000016,1795.3496000000007,1804.0885999999996,242584,2990496505.0,SH000688
2026-07-24 13:10:00,1803.8885000000005,1823.4510000000023,1801.8364000000004,1817.4635000000007,287849,3262303529.0,SH000688
2026-07-24 13:15:00,1817.8136,1831.2755000000027,1816.9956000000009,1816.9956000000016,298352,3674479210.0,SH000688
2026-07-24 13:20:00,1816.9681,1818.9159000000025,1807.590600000001,1818.251800000002,197631,2316133192.0,SH000688
2026-07-24 13:25:00,1818.7871,1819.0097000000028,1809.4306000000013,1810.3399000000015,159662,1841749643.0,SH000688
2026-07-24 13:30:00,1810.2886,1825.1342000000031,1810.2886000000012,1819.2262000000012,192640,2313233528.0,SH000688
2026-07-24 13:35:00,1819.0541,1819.0541000000032,1806.6246000000012,1809.896000000001,177451,1797439003.0,SH000688
2026-07-24 13:40:00,1808.7312,1808.7312000000031,1800.2356000000009,1800.2356000000004,123833,1737856595.0,SH000688
2026-07-24 13:45:00,1800.0517000000002,1803.5252000000032,1797.2482000000011,1797.7028000000014,140901,1527318745.0,SH000688
2026-07-24 13:50:00,1797.4301000000005,1807.3472000000029,1797.1364000000012,1802.8461000000016,145638,1466160135.0,SH000688
2026-07-24 13:55:00,1802.1098,1802.2117000000028,1796.1765000000014,1797.9176000000018,102180,1196319924.0,SH000688
2026-07-24 14:00:00,1798.3513,1799.971700000003,1796.473300000001,1797.8618000000024,90522,1130799102.0,SH000688
2026-07-24 14:05:00,1797.8104000000003,1798.3928000000035,1793.478500000001,1793.4785000000031,116746,1262762339.0,SH000688
2026-07-24 14:10:00,1793.1038,1794.7133000000033,1786.5798000000011,1794.4631000000024,150274,1932067026.0,SH000688
2026-07-24 14:15:00,1794.3753,1801.0527000000038,1791.1509000000012,1801.0527000000022,135099,1409898400.0,SH000688
2026-07-24 14:20:00,1801.2392999999995,1803.815200000004,1797.0172000000018,1798.1924000000024,125453,1333774824.0,SH000688
2026-07-24 14:25:00,1799.1701999999998,1808.2798000000037,1799.1702000000018,1803.784400000003,134138,1704094103.0,SH000688
2026-07-24 14:30:00,1803.6435999999997,1805.105000000004,1799.867900000002,1804.1038000000035,95802,1500342806.0,SH000688
2026-07-24 14:35:00,1804.1008999999997,1809.027000000004,1793.3511000000035,1797.1712000000052,171565,1846508001.0,SH000688
2026-07-24 14:40:00,1797.8185999999996,1798.8145000000038,1792.5300000000036,1793.8373000000056,139729,1629312908.0,SH000688
2026-07-24 14:45:00,1793.9200999999994,1794.659100000004,1791.4857000000038,1791.553500000007,202850,2122937366.0,SH000688
2026-07-24 14:50:00,1791.478199999999,1791.4782000000043,1785.3535000000036,1787.695000000007,250194,2929834639.0,SH000688
2026-07-24 14:55:00,1787.3991999999994,1791.6561000000038,1787.3689000000038,1788.611000000007,309433,3396085342.0,SH000688
2026-07-24 15:00:00,1788.4109999999994,1788.9935000000037,1786.2354,1787.1958,294369,3598276502.0,SH000688
2026-07-27 09:35:00,1780.7201,1780.9997,1764.1962999999998,1764.1963,575998,7596517581.0,SH000688
2026-07-27 09:40:00,1763.8964,1763.8964,1724.4658000000006,1740.6598000000006,762106,10305751697.0,SH000688
2026-07-27 09:45:00,1740.8099,1763.1139999999994,1735.3526000000004,1742.588399999999,622544,8368993238.0,SH000688
2026-07-27 09:50:00,1740.6997,1773.3344999999997,1736.6283000000003,1762.2985999999987,461359,6111693734.0,SH000688
2026-07-27 09:55:00,1761.3805,1793.8875999999996,1755.1502999999998,1793.8875999999982,406856,5009477287.0,SH000688
2026-07-27 10:00:00,1794.3524,1816.430099999999,1794.3523999999998,1803.733999999998,493227,6746166273.0,SH000688
2026-07-27 10:05:00,1803.0728,1806.9250999999992,1792.365100000001,1795.9264999999991,386670,4745242198.0,SH000688
2026-07-27 10:10:00,1796.0065000000002,1803.6571999999992,1791.7451000000008,1802.6647,261453,3372477054.0,SH000688
2026-07-27 10:15:00,1802.8129,1802.8129,1788.3075000000003,1788.5567,240726,2939845520.0,SH000688
2026-07-27 10:20:00,1787.9899,1791.8849000000002,1777.523900000001,1784.6477000000004,259063,3011135203.0,SH000688
2026-07-27 10:25:00,1783.157,1794.1000999999992,1778.0992000000012,1779.8464,214230,2469014440.0,SH000688
2026-07-27 10:30:00,1779.8257,1796.5868,1779.713900000001,1795.5293,186730,2039858798.0,SH000688
2026-07-27 10:35:00,1795.0914999999998,1795.0915,1774.4038000000005,1775.2463000000005,209654,2574872438.0,SH000688
2026-07-27 10:40:00,1774.4617999999998,1777.4765000000004,1768.6244999999997,1771.7677,196142,2403646122.0,SH000688
2026-07-27 10:45:00,1771.6674999999998,1782.1956000000011,1771.4988999999996,1777.852500000001,141094,1774576312.0,SH000688
2026-07-27 10:50:00,1777.5354,1785.9129000000007,1773.7426000000005,1774.2717000000014,150009,1663576014.0,SH000688
2026-07-27 10:55:00,1774.3886,1775.2808000000005,1765.5193999999997,1770.1971,138609,1667007708.0,SH000688
2026-07-27 11:00:00,1769.9494,1775.7488000000003,1769.1632999999993,1769.1632999999997,130021,1346885670.0,SH000688
2026-07-27 11:05:00,1768.8270000000002,1777.1510000000007,1767.258999999999,1777.150999999999,127971,1398775379.0,SH000688
2026-07-27 11:10:00,1777.2228,1782.542300000001,1775.0142999999991,1778.883599999999,118076,1224737871.0,SH000688
2026-07-27 11:15:00,1779.2229000000002,1790.987100000001,1779.2228999999993,1786.095299999999,141996,1342505758.0,SH000688
2026-07-27 11:20:00,1785.8186,1786.161200000001,1774.6542999999986,1779.510399999999,122676,1288728409.0,SH000688
2026-07-27 11:25:00,1779.1793999999998,1783.0511000000004,1776.5581999999988,1782.7955999999997,84831,985007907.0,SH000688
2026-07-27 11:30:00,1782.7251999999994,1783.2266000000004,1777.5193999999983,1778.7935999999995,76359,898046523.0,SH000688
2026-07-27 13:05:00,1779.1002999999996,1788.0697,1772.1379999999983,1773.5926000000002,175399,2004571529.0,SH000688
2026-07-27 13:10:00,1773.4788,1775.2871999999993,1766.6222999999982,1768.839,127668,1407671080.0,SH000688
2026-07-27 13:15:00,1768.5068999999996,1769.1595999999995,1760.7714999999978,1764.8059000000007,178373,1774679326.0,SH000688
2026-07-27 13:20:00,1764.0924999999995,1768.6627,1762.5769999999966,1765.2744000000005,126198,1394424453.0,SH000688
2026-07-27 13:25:00,1765.2865999999997,1766.6174999999996,1759.952999999996,1761.2586,115914,1147844160.0,SH000688
2026-07-27 13:30:00,1761.0169999999994,1762.1757,1754.9608999999964,1760.284800000001,151444,1750942107.0,SH000688
2026-07-27 13:35:00,1759.6802999999993,1759.6803,1748.320699999996,1756.7255000000016,180259,1976045781.0,SH000688
2026-07-27 13:40:00,1755.9231999999993,1759.7078,1754.344299999996,1755.9068000000016,109297,1305273442.0,SH000688
2026-07-27 13:45:00,1755.2643999999991,1762.8101999999997,1755.264399999996,1758.7187000000013,112535,1370355052.0,SH000688
2026-07-27 13:50:00,1759.2101999999993,1771.5142,1754.877999999996,1771.514200000002,126881,1511049330.0,SH000688
2026-07-27 13:55:00,1771.8179999999993,1771.818,1762.0376999999958,1762.947200000002,117723,1190399901.0,SH000688
2026-07-27 14:00:00,1762.581799999999,1767.684999999999,1762.5817999999958,1764.172000000002,81119,878816944.0,SH000688
2026-07-27 14:05:00,1764.585899999999,1767.1560999999988,1762.987299999996,1765.7695000000006,145239,1019322154.0,SH000688
2026-07-27 14:10:00,1765.7821999999987,1772.085799999998,1765.4929999999963,1770.2776000000008,109183,1204940816.0,SH000688
2026-07-27 14:15:00,1770.627599999999,1774.743599999998,1766.8978999999954,1769.8856999999998,92451,1110375304.0,SH000688
2026-07-27 14:20:00,1769.8926999999987,1779.4101999999982,1766.9505999999951,1779.2818000000009,104432,1244809578.0,SH000688
2026-07-27 14:25:00,1779.806499999999,1785.383299999998,1778.9854999999957,1780.690200000001,150202,1606663278.0,SH000688
2026-07-27 14:30:00,1780.546099999999,1785.2430999999976,1776.416099999996,1785.2348000000009,120999,1404273526.0,SH000688
2026-07-27 14:35:00,1785.4206999999988,1799.8754999999976,1785.4206999999965,1799.236400000001,230974,2646800292.0,SH000688
2026-07-27 14:40:00,1798.7404999999987,1805.6294999999975,1794.6388999999965,1805.2026000000008,262248,2718704842.0,SH000688
2026-07-27 14:45:00,1805.0184999999983,1808.7639999999976,1800.3199999999958,1803.4641000000008,250814,2910705949.0,SH000688
2026-07-27 14:50:00,1803.593199999999,1807.436899999998,1801.720499999996,1806.9035000000008,228935,2608860079.0,SH000688
2026-07-27 14:55:00,1806.7653999999984,1808.3285999999985,1805.485499999996,1807.778500000001,291786,2982032106.0,SH000688
2026-07-27 15:00:00,1807.8284999999985,1807.9921999999983,1806.215499999996,1807.951000000001,248824,2638024403.0,SH000688
2026-07-28 09:35:00,1755.8671,1784.2771999999998,1754.2002999999995,1782.1126000000004,898045,10658665535.0,SH000688
2026-07-28 09:40:00,1783.6925,1797.5839,1783.6712999999993,1783.9444999999996,608270,7363324800.0,SH000688
2026-07-28 09:45:00,1784.2638,1790.2961999999998,1777.8717999999992,1784.0726999999997,377796,4519761411.0,SH000688
2026-07-28 09:50:00,1783.8435999999997,1785.8598,1768.3033999999989,1772.318299999999,413955,4786011167.0,SH000688
2026-07-28 09:55:00,1771.9764999999998,1774.9088999999994,1760.2295999999983,1773.3789999999997,400894,4289705977.0,SH000688
2026-07-28 10:00:00,1773.6533999999997,1776.727499999999,1758.9205999999988,1763.1106000000002,298572,3488471331.0,SH000688
2026-07-28 10:05:00,1762.4749999999997,1783.681899999999,1760.2585999999983,1774.9746999999993,286813,3437685297.0,SH000688
2026-07-28 10:10:00,1774.6803999999993,1780.4605999999983,1769.8111999999985,1771.2131999999997,232064,2750803562.0,SH000688
2026-07-28 10:15:00,1770.9316999999992,1771.3519999999985,1762.5846999999983,1768.1804999999997,268116,2853070521.0,SH000688
2026-07-28 10:20:00,1767.7058999999997,1769.8219999999988,1761.820199999998,1765.522599999999,191969,2415085284.0,SH000688
2026-07-28 10:25:00,1765.9214999999997,1771.8837999999982,1760.0835999999974,1760.0835999999993,157157,2127216728.0,SH000688
2026-07-28 10:30:00,1760.5636999999997,1761.1096999999986,1752.0763999999972,1753.217399999999,225094,2946053120.0,SH000688
2026-07-28 10:35:00,1753.7593999999997,1756.7508999999989,1748.7904999999969,1750.283499999999,207422,2638383053.0,SH000688
2026-07-28 10:40:00,1749.8649999999998,1749.8649999999989,1741.2039999999963,1741.3353999999997,233137,2897195919.0,SH000688
2026-07-28 10:45:00,1742.4069999999997,1745.317499999999,1738.308899999996,1738.3089000000002,212656,2571629778.0,SH000688
2026-07-28 10:50:00,1738.4628999999995,1740.4679999999985,1731.3652999999963,1734.9105000000009,229483,3304123597.0,SH000688
2026-07-28 10:55:00,1735.0352999999996,1747.440699999998,1732.3568999999964,1739.2041000000002,192297,2722692097.0,SH000688
2026-07-28 11:00:00,1738.9316999999996,1744.571699999998,1729.7039999999963,1730.1076000000012,164954,2092994437.0,SH000688
2026-07-28 11:05:00,1729.6274999999996,1732.7754999999984,1726.1162999999965,1727.4976000000008,153925,2225001133.0,SH000688
2026-07-28 11:10:00,1728.5111999999997,1729.2157999999984,1724.720199999996,1726.7955,173895,2104889851.0,SH000688
2026-07-28 11:15:00,1726.8446,1738.3769999999984,1724.6985999999956,1736.845499999999,161252,1874805274.0,SH000688
2026-07-28 11:20:00,1736.6611999999998,1744.2942999999989,1730.7795999999958,1735.0994999999996,178437,1819584944.0,SH000688
2026-07-28 11:25:00,1734.0827999999997,1741.848699999998,1730.2107999999962,1737.7516999999991,137172,1566776592.0,SH000688
2026-07-28 11:30:00,1738.2872999999995,1747.5657999999985,1732.3937999999966,1735.0120999999988,140290,1384743417.0,SH000688
2026-07-28 13:05:00,1735.5426999999995,1735.542699999998,1723.1982999999964,1724.385799999999,200872,2647128714.0,SH000688
2026-07-28 13:10:00,1724.0416999999995,1727.2487999999985,1719.2139999999956,1726.4410999999986,176230,2084940414.0,SH000688
2026-07-28 13:15:00,1727.0577999999996,1735.8390999999983,1724.0074999999956,1730.7907999999986,130613,1461314961.0,SH000688
2026-07-28 13:20:00,1731.0778999999995,1733.7814999999982,1720.9042999999958,1721.7346999999984,130442,1577497859.0,SH000688
2026-07-28 13:25:00,1721.2865999999997,1721.7671999999984,1715.720399999996,1715.7203999999988,139022,1904516971.0,SH000688
2026-07-28 13:30:00,1715.5814999999996,1717.3292999999985,1711.8892999999964,1712.6113999999975,143698,1956445529.0,SH000688
2026-07-28 13:35:00,1712.3951999999997,1713.186099999998,1701.4722999999965,1701.6719999999973,185311,2964320418.0,SH000688
2026-07-28 13:40:00,1701.4758,1715.9800999999982,1701.4757999999963,1715.9800999999975,185065,2121697498.0,SH000688
2026-07-28 13:45:00,1715.2863,1729.8044999999977,1715.2844999999966,1721.255099999998,139173,1970791935.0,SH000688
2026-07-28 13:50:00,1720.6,1724.2478999999971,1706.2754999999963,1707.3298999999986,123318,1572881951.0,SH000688
2026-07-28 13:55:00,1707.1738999999998,1711.3152999999968,1705.617399999997,1705.6173999999994,146584,1764947309.0,SH000688
2026-07-28 14:00:00,1706.073,1708.2117999999969,1704.3221999999969,1706.9716999999996,116523,1531385493.0,SH000688
2026-07-28 14:05:00,1707.3148,1710.2279999999969,1704.338299999997,1704.7621999999992,140251,1566187472.0,SH000688
2026-07-28 14:10:00,1704.9695,1705.063399999997,1700.280899999997,1700.450899999999,144701,1860454935.0,SH000688
2026-07-28 14:15:00,1699.8728,1701.5614999999973,1696.3342999999973,1696.9924999999985,164748,2079697118.0,SH000688
2026-07-28 14:20:00,1696.6175,1697.357599999997,1689.9348999999977,1696.6516999999997,202425,2666142379.0,SH000688
2026-07-28 14:25:00,1696.7208,1703.1571999999976,1694.8682999999978,1696.1195000000005,148969,1738088769.0,SH000688
2026-07-28 14:30:00,1696.0614,1697.9228999999975,1692.3628999999978,1697.579800000001,117239,1784827329.0,SH000688
2026-07-28 14:35:00,1697.6602,1698.2541999999974,1686.5485999999974,1686.6788000000006,212783,2722985149.0,SH000688
2026-07-28 14:40:00,1686.9022000000002,1687.639299999997,1678.8813999999977,1683.7028000000007,278852,3918378723.0,SH000688
2026-07-28 14:45:00,1684.1667000000002,1689.1805999999974,1675.9879999999978,1676.8014000000005,287367,3270132923.0,SH000688
2026-07-28 14:50:00,1676.8699,1682.939399999997,1676.198499999998,1682.9394,298228,3498152685.0,SH000688
2026-07-28 14:55:00,1684.0407000000002,1697.9973999999972,1684.0406999999975,1689.6686999999995,303528,3603417102.0,SH000688
2026-07-28 15:00:00,1689.4460000000004,1693.4785999999974,1689.4459999999974,1693.4786,219099,2888528253.0,SH000688
2026-07-29 09:35:00,1704.5847,1709.8349999999998,1685.1867,1701.8317,780607,10573090806.0,SH000688
2026-07-29 09:40:00,1700.3411,1711.5786999999996,1698.1005000000002,1699.7043,528433,6735367858.0,SH000688
2026-07-29 09:45:00,1699.6695,1700.2175999999995,1659.3917999999996,1659.5643999999998,550160,6710562050.0,SH000688
2026-07-29 09:50:00,1662.0365,1663.9759999999997,1643.1543,1643.1542999999997,702001,8291486407.0,SH000688
2026-07-29 09:55:00,1642.4851999999998,1656.8540000000005,1639.4816,1644.0212,577846,6386053088.0,SH000688
2026-07-29 10:00:00,1643.1462,1647.8419,1628.2292000000004,1635.125400000001,431298,5358899749.0,SH000688
2026-07-29 10:05:00,1634.5752,1634.5752,1614.7317000000012,1617.3061000000018,504989,5914437424.0,SH000688
2026-07-29 10:10:00,1615.6436,1619.5494000000006,1608.141100000001,1616.6725000000008,563848,6820065774.0,SH000688
2026-07-29 10:15:00,1617.1408000000004,1638.166700000001,1617.140800000001,1629.736700000001,392970,4340755839.0,SH000688
2026-07-29 10:20:00,1628.7972000000002,1632.621200000001,1621.3725000000006,1621.5913000000005,290462,2956782659.0,SH000688
2026-07-29 10:25:00,1620.5713999999998,1626.8820000000003,1610.7484000000004,1626.8819999999994,406107,3405755146.0,SH000688
2026-07-29 10:30:00,1627.8949999999998,1657.9541000000004,1627.8950000000004,1652.7585,450785,4221374873.0,SH000688
2026-07-29 10:35:00,1653.6974999999998,1656.4528000000005,1639.1491000000012,1639.4573000000012,379604,3788723926.0,SH000688
2026-07-29 10:40:00,1640.086,1642.4305000000004,1632.128200000001,1633.371400000001,303200,2680523766.0,SH000688
2026-07-29 10:45:00,1633.5994,1645.7802000000004,1633.599400000001,1634.795900000002,250320,2149422408.0,SH000688
2026-07-29 10:50:00,1634.4293999999998,1635.8082000000002,1620.5588000000016,1620.558800000002,293814,2303202786.0,SH000688
2026-07-29 10:55:00,1620.3679,1621.0709000000002,1614.4729000000011,1614.4729000000016,273933,2323304508.0,SH000688
2026-07-29 11:00:00,1615.0842,1620.2559000000003,1613.7634000000014,1616.409600000001,229376,1911838489.0,SH000688
2026-07-29 11:05:00,1616.4908,1629.6009000000006,1616.4908000000014,1624.5508000000025,207603,1849763797.0,SH000688
2026-07-29 11:10:00,1625.09,1634.797500000001,1615.133700000001,1634.797500000002,231828,1852930315.0,SH000688
2026-07-29 11:15:00,1634.5413000000003,1647.7003000000009,1630.9631000000008,1630.9631000000013,268125,2117253870.0,SH000688
2026-07-29 11:20:00,1631.4195000000002,1636.2235000000007,1625.0464000000006,1625.5216000000014,125634,1238171902.0,SH000688
2026-07-29 11:25:00,1625.4546,1626.7236000000007,1620.7881000000004,1621.5786000000016,108081,1300836891.0,SH000688
2026-07-29 11:30:00,1621.5390999999995,1625.8183000000006,1618.6163000000006,1622.0280000000018,114487,1329297359.0,SH000688
2026-07-29 13:05:00,1619.3549999999996,1640.909100000001,1610.128000000001,1639.0688000000018,388691,3564442816.0,SH000688
2026-07-29 13:10:00,1639.0555999999997,1660.0472000000009,1633.8674000000008,1660.0472000000016,254355,2581728415.0,SH000688
2026-07-29 13:15:00,1660.6007999999997,1687.0865,1658.002600000001,1686.1538000000012,395848,4197225420.0,SH000688
2026-07-29 13:20:00,1685.4789,1685.7851999999998,1657.921700000001,1659.5773000000006,416220,3264785981.0,SH000688
2026-07-29 13:25:00,1659.9594,1675.9026,1653.1783000000012,1662.2682000000002,230979,1941589256.0,SH000688
2026-07-29 13:30:00,1662.8301,1680.4651000000006,1662.8301000000008,1677.8912000000005,250489,2390504431.0,SH000688
2026-07-29 13:35:00,1677.6892999999998,1683.209800000001,1662.6378000000018,1683.048900000001,222867,2245632219.0,SH000688
2026-07-29 13:40:00,1684.1187,1689.1884000000011,1675.4943000000017,1689.188400000001,241475,2747397781.0,SH000688
2026-07-29 13:45:00,1688.8526000000004,1694.649500000001,1685.5203000000015,1686.9485000000006,298815,2941662624.0,SH000688
2026-07-29 13:50:00,1687.1257000000005,1692.1872000000008,1671.5387000000028,1672.0644000000011,213191,2173675293.0,SH000688
2026-07-29 13:55:00,1672.0769000000005,1675.892800000001,1664.8315000000025,1665.722300000002,155921,1714171205.0,SH000688
2026-07-29 14:00:00,1665.7863000000002,1674.753100000001,1665.6623000000025,1672.1879000000026,117252,1235867447.0,SH000688
2026-07-29 14:05:00,1672.6727,1679.6289000000013,1666.5209000000025,1666.520900000003,145029,1334194059.0,SH000688
2026-07-29 14:10:00,1665.9840000000002,1666.077400000001,1658.595300000003,1660.6637000000028,126609,1227986029.0,SH000688
2026-07-29 14:15:00,1660.3318000000002,1667.3242000000002,1657.5703000000033,1665.4684000000025,108383,1138555331.0,SH000688
2026-07-29 14:20:00,1665.4406,1675.2377000000008,1662.7224000000033,1672.804700000002,113566,1184700292.0,SH000688
2026-07-29 14:25:00,1672.5039000000002,1674.5004000000008,1663.950100000004,1668.8644000000018,112584,1241019690.0,SH000688
2026-07-29 14:30:00,1668.7744000000002,1675.799800000001,1666.6501000000037,1671.712000000001,102530,1129534090.0,SH000688
2026-07-29 14:35:00,1671.5850000000005,1680.4106000000013,1671.4412000000038,1673.6974000000014,161828,1566732790.0,SH000688
2026-07-29 14:40:00,1673.2459,1674.1803000000014,1668.4869000000035,1668.603900000001,147222,1343672582.0,SH000688
2026-07-29 14:45:00,1668.8826,1675.5505000000016,1668.8826000000038,1674.8763000000006,162533,1611234852.0,SH000688
2026-07-29 14:50:00,1674.6337999999998,1687.6281000000029,1674.6163000000038,1687.426600000002,262666,2442647939.0,SH000688
2026-07-29 14:55:00,1687.6410999999998,1687.7455000000027,1681.8830000000044,1684.6651000000013,362364,2870505731.0,SH000688
2026-07-29 15:00:00,1684.3441,1685.1295000000032,1678.7376000000042,1678.737600000001,254893,2403973508.0,SH000688
2026-07-30 09:35:00,1653.4671999999998,1671.3926999999994,1653.4671999999998,1667.7418,855927,9449337009.0,SH000688
2026-07-30 09:40:00,1667.0073999999995,1671.5088999999996,1650.7448000000004,1657.4831000000006,634338,7173589857.0,SH000688
2026-07-30 09:45:00,1657.4942,1657.6118999999994,1639.0518000000002,1642.8576999999996,492047,5770345974.0,SH000688
2026-07-30 09:50:00,1642.7234999999996,1642.7234999999987,1626.2026000000003,1637.067199999999,531913,5947297152.0,SH000688
2026-07-30 09:55:00,1636.5239999999994,1652.3665999999985,1635.4426000000003,1647.7859999999994,383565,4046242381.0,SH000688
2026-07-30 10:00:00,1649.2880999999993,1653.4332999999986,1633.7611000000004,1636.0398999999998,430827,3540804218.0,SH000688
2026-07-30 10:05:00,1634.7626999999993,1637.2766999999983,1626.7677,1627.7998000000007,428979,3794669286.0,SH000688
2026-07-30 10:10:00,1627.1985999999995,1627.1985999999986,1616.2273000000005,1619.883200000002,439697,4520114031.0,SH000688
2026-07-30 10:15:00,1619.6207999999997,1625.5772999999983,1612.5751,1613.6306000000018,358421,3298063928.0,SH000688
2026-07-30 10:20:00,1613.6781999999994,1629.1835999999978,1612.5032,1628.655800000001,367196,3469024870.0,SH000688
2026-07-30 10:25:00,1628.5341999999994,1628.7444999999975,1612.503999999999,1615.2136000000005,259264,2862783068.0,SH000688
2026-07-30 10:30:00,1614.4264999999994,1615.5350999999982,1610.696299999999,1611.3434000000004,265859,2673562754.0,SH000688
2026-07-30 10:35:00,1612.8678999999993,1615.738299999998,1606.2410999999986,1606.2411,296942,2714068979.0,SH000688
2026-07-30 10:40:00,1606.2587999999994,1606.258799999998,1599.0422999999992,1599.9128,314569,3291308424.0,SH000688
2026-07-30 10:45:00,1600.118599999999,1605.817299999998,1595.5670999999998,1599.9891999999998,283730,2810349433.0,SH000688
2026-07-30 10:50:00,1599.4832999999992,1608.2063999999978,1597.4730999999997,1605.2234999999982,213430,2330825702.0,SH000688
2026-07-30 10:55:00,1603.4133999999992,1603.5995999999975,1593.6637999999994,1593.6637999999982,226430,2323283249.0,SH000688
2026-07-30 11:00:00,1593.386799999999,1593.3867999999975,1585.834499999999,1588.9535999999991,234249,3202698572.0,SH000688
2026-07-30 11:05:00,1588.2742999999994,1589.717999999998,1582.9303999999988,1585.8903999999989,212704,2618826927.0,SH000688
2026-07-30 11:10:00,1586.9752999999994,1598.8304999999978,1585.9486999999992,1586.794499999999,195896,2388947055.0,SH000688
2026-07-30 11:15:00,1586.7575999999997,1590.6326999999978,1579.0521999999994,1580.7300999999986,219755,2532844249.0,SH000688
2026-07-30 11:20:00,1580.1687999999997,1583.8744999999974,1576.0476999999996,1576.0838999999987,197641,2227882592.0,SH000688
2026-07-30 11:25:00,1577.2749999999996,1582.9284999999982,1573.3173999999997,1575.865499999998,260010,2584187703.0,SH000688
2026-07-30 11:30:00,1578.6326999999997,1580.252099999998,1569.7557000000002,1572.2518999999986,243939,2618123183.0,SH000688
2026-07-30 13:05:00,1571.6116999999997,1571.6116999999986,1561.9961,1564.5573999999983,358072,3814518243.0,SH000688
2026-07-30 13:10:00,1564.4258999999995,1595.8319999999983,1564.4259000000002,1590.3085999999992,308990,3489690884.0,SH000688
2026-07-30 13:15:00,1590.9380999999998,1590.9380999999985,1576.4905,1585.6658999999977,282008,2729964563.0,SH000688
2026-07-30 13:20:00,1585.7764,1588.6979999999978,1572.0846999999997,1581.429799999998,288892,2306926131.0,SH000688
2026-07-30 13:25:00,1581.2984,1617.5778999999975,1578.2475999999992,1615.5222999999987,408915,4315123053.0,SH000688
2026-07-30 13:30:00,1616.2628,1623.298199999998,1609.2257999999997,1617.4507999999998,379510,4272124320.0,SH000688
2026-07-30 13:35:00,1616.3657,1616.3656999999982,1600.4502999999995,1604.2442999999994,334476,2980160239.0,SH000688
2026-07-30 13:40:00,1603.828,1606.805099999998,1588.8778999999995,1591.2722999999994,214776,2316692030.0,SH000688
2026-07-30 13:45:00,1590.4882999999998,1604.068299999998,1590.2104999999997,1598.2342,226655,2172431820.0,SH000688
2026-07-30 13:50:00,1600.4121999999995,1618.128799999998,1600.4121999999995,1605.7956,253652,2342071532.0,SH000688
2026-07-30 13:55:00,1606.7891999999993,1613.7638999999976,1599.0193999999992,1612.311099999999,162454,1763462756.0,SH000688
2026-07-30 14:00:00,1611.8035999999993,1619.5072999999977,1607.540699999999,1610.874899999999,165134,1846302048.0,SH000688
2026-07-30 14:05:00,1610.8576999999996,1614.6183999999978,1604.5209999999993,1613.9836999999984,174058,1784297130.0,SH000688
2026-07-30 14:10:00,1615.5393999999994,1623.335099999997,1614.2037999999995,1618.8150999999978,207595,2420921043.0,SH000688
2026-07-30 14:15:00,1618.4409999999991,1619.9528999999968,1608.7148,1611.083499999998,146259,1657761558.0,SH000688
2026-07-30 14:20:00,1611.0367999999992,1625.9979999999975,1610.2480999999998,1625.997999999999,154475,1787371849.0,SH000688
2026-07-30 14:25:00,1626.6762999999994,1638.433199999998,1626.6763,1633.700999999999,283998,3136245804.0,SH000688
2026-07-30 14:30:00,1633.4210999999991,1633.421099999998,1619.2432,1623.6662,191660,1921098357.0,SH000688
2026-07-30 14:35:00,1623.1413,1629.6869999999997,1614.7845,1620.2475000000004,233352,2123055163.0,SH000688
2026-07-30 14:40:00,1620.4008,1620.4007999999994,1603.1109,1603.3617000000004,212999,2137629650.0,SH000688
2026-07-30 14:45:00,1603.2539000000002,1607.4236999999991,1600.1766000000002,1600.1766,235988,2492302710.0,SH000688
2026-07-30 14:50:00,1599.9559,1600.7193999999993,1588.5333999999998,1588.893,322162,2823096305.0,SH000688
2026-07-30 14:55:00,1588.6978999999997,1592.3484999999998,1586.4762999999994,1586.5955,460722,3562285660.0,SH000688
2026-07-30 15:00:00,1585.9360999999997,1588.4148999999998,1581.161899999999,1588.4149,335446,3360411468.0,SH000688
2026-07-31 09:35:00,1721.3552,1721.3552,1699.6468999999993,1699.6468999999995,2235129,28105208081.0,SH000688
2026-07-31 09:40:00,1698.3853999999997,1708.0907999999986,1686.0751000000005,1707.9731,1043199,12259723733.0,SH000688
2026-07-31 09:45:00,1707.5087999999998,1712.6765999999984,1695.6803999999995,1695.6803999999995,975351,10534175508.0,SH000688
2026-07-31 09:50:00,1695.811,1714.9086999999986,1695.1455999999996,1713.728099999998,668813,7822872689.0,SH000688
2026-07-31 09:55:00,1714.3195999999998,1721.9836999999989,1710.3903999999995,1717.430799999998,532498,6286015733.0,SH000688
2026-07-31 10:00:00,1717.5841999999998,1731.206399999999,1717.1948999999995,1725.8962999999967,494239,5869711885.0,SH000688
2026-07-31 10:05:00,1725.4728999999998,1726.1390999999987,1705.2234999999994,1707.0638999999965,456639,5561609251.0,SH000688
2026-07-31 10:10:00,1707.0562999999995,1715.2432999999987,1701.705199999999,1702.839599999997,344347,4270906201.0,SH000688
2026-07-31 10:15:00,1702.5579999999998,1707.5529999999987,1691.9487,1691.9486999999976,408667,3919511599.0,SH000688
2026-07-31 10:20:00,1691.5759999999996,1692.7249999999988,1683.8646,1692.255499999997,382127,4283918587.0,SH000688
2026-07-31 10:25:00,1691.2522999999997,1698.9590999999991,1680.3638999999998,1681.395599999997,337756,3963056035.0,SH000688
2026-07-31 10:30:00,1680.6670999999994,1691.961799999999,1680.6408,1685.6990999999962,256672,3115098663.0,SH000688
2026-07-31 10:35:00,1685.7660999999996,1686.5865999999987,1675.6527,1681.4182999999966,263040,2876502786.0,SH000688
2026-07-31 10:40:00,1680.5863999999997,1686.2058999999986,1673.0309000000004,1675.250899999997,221751,2359939529.0,SH000688
2026-07-31 10:45:00,1674.8568999999995,1688.4526999999985,1674.3034000000005,1686.7259999999978,189008,2194403687.0,SH000688
2026-07-31 10:50:00,1686.0332999999996,1691.157499999998,1677.6984000000014,1677.6983999999982,197461,2218423717.0,SH000688
2026-07-31 10:55:00,1677.5606999999998,1686.0310999999988,1675.7794000000013,1686.0310999999986,195906,2128550148.0,SH000688
2026-07-31 11:00:00,1685.7958999999998,1692.5952999999988,1684.7684000000013,1685.0632999999991,174262,1944723639.0,SH000688
2026-07-31 11:05:00,1684.8408,1684.840799999999,1675.8227000000006,1675.822699999999,189106,2373293434.0,SH000688
2026-07-31 11:10:00,1675.2315,1676.4335999999996,1669.188200000001,1669.1929999999988,176680,2047059660.0,SH000688
2026-07-31 11:15:00,1668.7408,1671.4237999999996,1662.4968000000006,1663.9668999999983,194884,1912091713.0,SH000688
2026-07-31 11:20:00,1663.5739,1678.1789,1663.5045000000005,1678.1741999999983,145763,1672275257.0,SH000688
2026-07-31 11:25:00,1678.6044,1685.6616000000004,1673.123000000001,1673.2863000000002,140652,1545143325.0,SH000688
2026-07-31 11:30:00,1673.0382,1683.1686000000004,1671.993300000001,1682.2749000000006,108328,1235400447.0,SH000688
2026-07-31 13:05:00,1683.8395999999998,1692.3573,1676.7141000000013,1682.5723000000007,241376,2704141116.0,SH000688
2026-07-31 13:10:00,1682.7212,1687.0319999999997,1674.303700000001,1674.3036999999997,135031,1655350360.0,SH000688
2026-07-31 13:15:00,1674.6656000000005,1682.3242000000005,1674.3119000000008,1682.1521999999993,111971,1308784612.0,SH000688
2026-07-31 13:20:00,1681.8524000000002,1693.6815000000006,1681.3099000000009,1691.0018999999993,183379,2146439012.0,SH000688
2026-07-31 13:25:00,1691.4727000000005,1698.2962000000005,1688.053500000001,1688.0534999999993,170624,2080846670.0,SH000688
2026-07-31 13:30:00,1687.8413000000005,1688.0651000000005,1680.6055000000008,1685.9991999999988,130261,1593014176.0,SH000688
2026-07-31 13:35:00,1685.9358000000004,1685.9358000000004,1679.5884999999998,1680.128899999998,129664,1300717434.0,SH000688
2026-07-31 13:40:00,1680.0816000000002,1680.0816000000002,1675.1643000000006,1676.0832999999975,125936,1328174476.0,SH000688
2026-07-31 13:45:00,1676.5615,1677.0963000000006,1673.4970000000008,1673.8680999999976,107899,1160663924.0,SH000688
2026-07-31 13:50:00,1673.6586,1674.5278,1670.2394000000006,1674.300599999998,122349,1223959221.0,SH000688
2026-07-31 13:55:00,1673.5778999999998,1673.6782,1668.004300000001,1668.0042999999982,112049,1144090898.0,SH000688
2026-07-31 14:00:00,1668.9480999999998,1668.9481,1664.5950000000012,1667.7037999999975,156203,1374532960.0,SH000688
2026-07-31 14:05:00,1667.7179,1673.5204999999996,1666.843100000001,1667.471999999998,173125,1251092438.0,SH000688
2026-07-31 14:10:00,1667.3525999999997,1667.6051999999995,1662.7232000000008,1662.9356999999984,118189,1304665233.0,SH000688
2026-07-31 14:15:00,1663.0450999999998,1663.0450999999998,1658.8807000000008,1662.6000999999978,131592,1469195998.0,SH000688
2026-07-31 14:20:00,1662.2053999999998,1662.4168000000002,1659.1272000000015,1659.4252999999983,121399,1252865890.0,SH000688
2026-07-31 14:25:00,1659.2284,1664.2733,1656.6415000000015,1664.273299999997,147274,1583193020.0,SH000688
2026-07-31 14:30:00,1664.522,1669.7051000000004,1662.3907000000015,1669.3068999999975,159311,1429455619.0,SH000688
2026-07-31 14:35:00,1669.1584,1669.1584000000005,1657.9538000000018,1658.7746999999968,201911,1849541943.0,SH000688
2026-07-31 14:40:00,1658.7149000000002,1660.6539000000012,1654.906700000001,1654.906699999996,167559,1834922126.0,SH000688
2026-07-31 14:45:00,1654.5641000000005,1654.5641000000014,1642.2025000000008,1643.4957999999965,297975,2887137485.0,SH000688
2026-07-31 14:50:00,1643.5099000000002,1644.219400000001,1638.0220000000002,1638.572399999997,293456,2885745958.0,SH000688
2026-07-31 14:55:00,1638.4248000000002,1641.314000000001,1635.6847000000002,1638.5977999999968,327643,2980192815.0,SH000688
2026-07-31 15:00:00,1638.4027000000003,1640.040200000001,1635.9624,1635.9623999999965,308956,2726878559.0,SH000688
2026-08-03 09:35:00,1619.294,1621.9932,1603.601,1613.8855999999996,1080682,11724888978.0,SH000688
2026-08-03 09:40:00,1612.5015999999998,1616.0137999999993,1588.470100000001,1588.4780000000003,825087,9510102829.0,SH000688
2026-08-03 09:45:00,1588.2157999999995,1593.8709999999992,1578.0178000000008,1578.6157,676612,8118775294.0,SH000688
2026-08-03 09:50:00,1578.5139999999997,1582.7771999999998,1570.344700000001,1581.505500000001,583289,6193465841.0,SH000688
2026-08-03 09:55:00,1581.5572999999995,1584.8423,1568.4109000000014,1576.929900000002,483649,4848556861.0,SH000688
2026-08-03 10:00:00,1576.2156999999995,1586.6112000000005,1571.9150000000018,1576.4162000000024,403255,3906031506.0,SH000688
2026-08-03 10:05:00,1576.9591999999998,1584.859600000001,1574.0463000000016,1580.8227000000024,353563,3563909754.0,SH000688
2026-08-03 10:10:00,1580.6751999999997,1588.3472000000006,1576.7542000000017,1576.7672000000025,348696,3027950174.0,SH000688
2026-08-03 10:15:00,1577.9639999999995,1586.220000000001,1575.5558000000024,1584.7117000000026,345075,3128368486.0,SH000688
2026-08-03 10:20:00,1584.9469999999997,1585.151800000001,1568.9399000000017,1571.807300000003,359212,3109703526.0,SH000688
2026-08-03 10:25:00,1571.8264999999997,1581.719900000001,1568.1723000000009,1568.2178000000024,317242,2761875406.0,SH000688
2026-08-03 10:30:00,1567.7843999999996,1571.135600000001,1564.821800000001,1565.5611000000033,237373,2671096589.0,SH000688
2026-08-03 10:35:00,1565.4786999999994,1575.3282000000004,1565.478700000001,1575.3282000000042,259966,2725837098.0,SH000688
2026-08-03 10:40:00,1575.235499999999,1583.8271000000004,1572.8575000000012,1576.318300000004,245420,2372988849.0,SH000688
2026-08-03 10:45:00,1575.9029999999996,1587.4856000000002,1572.7858000000012,1582.7127000000048,190947,2059645290.0,SH000688
2026-08-03 10:50:00,1581.9336999999996,1584.7023000000004,1568.709000000002,1568.7090000000055,210642,1759467092.0,SH000688
2026-08-03 10:55:00,1569.3318999999997,1577.1422000000005,1568.0052000000017,1574.4623000000051,165184,1529938653.0,SH000688
2026-08-03 11:00:00,1574.6345,1585.5585999999998,1571.8812000000023,1582.417000000005,169061,1650269906.0,SH000688
2026-08-03 11:05:00,1582.8241,1591.8969,1580.5231000000028,1580.5231000000056,176600,1963837065.0,SH000688
2026-08-03 11:10:00,1579.9482,1580.4628,1571.269200000003,1572.191500000006,148948,1366813371.0,SH000688
2026-08-03 11:15:00,1572.2577,1574.4662000000003,1569.7558000000029,1571.6555000000058,130024,1336978591.0,SH000688
2026-08-03 11:20:00,1571.5159,1576.4654999999998,1570.215100000003,1574.3092000000056,140368,1243916517.0,SH000688
2026-08-03 11:25:00,1575.205,1578.612,1570.5211000000031,1577.4074000000064,107888,1210014539.0,SH000688
2026-08-03 11:30:00,1577.1188,1580.8201,1571.3200000000031,1575.0077000000065,112422,1415512603.0,SH000688
2026-08-03 13:05:00,1575.4876,1581.6307000000008,1575.392500000003,1579.2093000000066,192813,1906028843.0,SH000688
2026-08-03 13:10:00,1578.8337,1579.167300000001,1569.4684000000038,1571.7981000000066,151191,1617904254.0,SH000688
2026-08-03 13:15:00,1570.8747999999998,1573.3957000000007,1569.3232000000044,1570.2435000000062,111787,1149854532.0,SH000688
2026-08-03 13:20:00,1569.7206,1571.8508000000006,1568.0840000000044,1568.125400000006,136936,1143570777.0,SH000688
2026-08-03 13:25:00,1568.7221999999997,1570.363300000001,1567.079200000005,1567.9421000000068,113628,1178746766.0,SH000688
2026-08-03 13:30:00,1568.6005999999998,1569.5966000000008,1564.994700000004,1565.3587000000073,158818,1348204019.0,SH000688
2026-08-03 13:35:00,1565.2668999999996,1566.0030000000006,1563.1336000000042,1563.807000000007,164243,1686202860.0,SH000688
2026-08-03 13:40:00,1564.2774999999997,1565.8342000000007,1562.905100000004,1563.9261000000074,132747,1545346455.0,SH000688
2026-08-03 13:45:00,1563.6477999999995,1566.3830000000005,1562.949700000004,1564.3242000000082,123702,1422340023.0,SH000688
2026-08-03 13:50:00,1564.3249999999998,1564.8712000000005,1563.0498000000046,1563.9574000000073,125271,1215402479.0,SH000688
2026-08-03 13:55:00,1563.7355999999995,1565.686,1563.048300000004,1563.4828000000068,218321,1186537405.0,SH000688
2026-08-03 14:00:00,1563.5834999999995,1564.6246,1559.0839000000046,1559.0839000000065,167377,1665582816.0,SH000688
2026-08-03 14:05:00,1560.4997999999998,1560.8433,1555.7111000000052,1555.850200000007,213924,1818785911.0,SH000688
2026-08-03 14:10:00,1555.7462999999996,1555.8019000000002,1549.7394000000054,1550.1607000000065,202730,2292408430.0,SH000688
2026-08-03 14:15:00,1551.5739999999996,1562.101,1551.5740000000053,1560.5808000000063,175633,1865687740.0,SH000688
2026-08-03 14:20:00,1561.4149,1561.4149,1554.3725000000054,1554.9499000000071,132738,1413412371.0,SH000688
2026-08-03 14:25:00,1555.3668,1569.0445,1554.8965000000055,1567.5003000000074,167178,1767558743.0,SH000688
2026-08-03 14:30:00,1567.9846000000002,1568.8462,1560.050900000005,1560.0509000000077,148415,1466239641.0,SH000688
2026-08-03 14:35:00,1560.4850000000004,1562.6058000000007,1554.4684000000047,1555.049400000007,191250,1608908799.0,SH000688
2026-08-03 14:40:00,1555.1977000000004,1558.1176000000007,1551.257200000005,1551.666800000008,212041,2065420704.0,SH000688
2026-08-03 14:45:00,1551.5581000000004,1552.8264000000004,1550.619600000005,1551.8283000000067,195711,2066321127.0,SH000688
2026-08-03 14:50:00,1551.4719000000002,1552.2695000000008,1550.239500000005,1550.7471000000064,240020,2340240752.0,SH000688
2026-08-03 14:55:00,1550.8864000000003,1554.0005000000008,1550.7489000000046,1551.4629000000057,312006,2816896362.0,SH000688
2026-08-03 15:00:00,1551.3190000000004,1552.8903,1549.788600000004,1552.8903,275301,2723048496.0,SH000688
2026-08-04 09:35:00,1569.6234,1571.8342,1556.1117999999994,1558.9615,817027,9515169895.0,SH000688
2026-08-04 09:40:00,1559.9838,1577.7351999999994,1559.9837999999995,1571.9900999999993,615408,6934955276.0,SH000688
2026-08-04 09:45:00,1572.0311999999997,1578.1482999999985,1567.1337999999992,1574.4629999999984,472189,5046723747.0,SH000688
2026-08-04 09:50:00,1574.6290999999994,1587.5397999999975,1571.6299999999997,1585.743299999998,458856,5448523812.0,SH000688
2026-08-04 09:55:00,1585.9803999999997,1594.2117999999975,1585.9804,1594.2117999999982,394184,5095356991.0,SH000688
2026-08-04 10:00:00,1594.3137999999997,1601.2392999999972,1592.5845000000002,1593.7014999999992,541526,5201754501.0,SH000688
2026-08-04 10:05:00,1593.1237999999996,1593.1831999999972,1581.6005999999998,1583.5562,387163,4255041120.0,SH000688
2026-08-04 10:10:00,1583.2682,1586.3372999999976,1577.0157999999997,1582.8137000000002,286393,3049387182.0,SH000688
2026-08-04 10:15:00,1582.4194000000002,1582.4193999999975,1573.6407000000002,1576.412800000001,261435,2977612287.0,SH000688
2026-08-04 10:20:00,1576.2026,1583.1389999999974,1574.0088999999996,1582.927500000001,181821,2014258089.0,SH000688
2026-08-04 10:25:00,1583.1012999999998,1585.4253999999974,1573.8316,1573.8316000000002,170176,1927245402.0,SH000688
2026-08-04 10:30:00,1573.4596,1580.595599999997,1570.9958999999997,1576.3934000000004,141479,1780860413.0,SH000688
2026-08-04 10:35:00,1576.4679999999996,1582.4993999999972,1575.9658999999997,1578.4281000000003,133063,1507417925.0,SH000688
2026-08-04 10:40:00,1578.2402999999997,1589.2914999999969,1577.952599999999,1588.4819000000016,175776,1995645760.0,SH000688
2026-08-04 10:45:00,1588.6660999999997,1591.668299999997,1583.7413999999987,1586.1679000000008,162141,1942374536.0,SH000688
2026-08-04 10:50:00,1586.5484999999994,1591.4721999999967,1585.9132999999986,1587.5615000000005,148198,1684144668.0,SH000688
2026-08-04 10:55:00,1587.4372999999996,1587.4372999999969,1580.766599999998,1581.0455999999997,132691,1446126871.0,SH000688
2026-08-04 11:00:00,1580.8909999999996,1585.2336999999966,1579.832599999998,1580.2720999999992,123377,1291714502.0,SH000688
2026-08-04 11:05:00,1580.2088999999994,1580.3805999999963,1574.337999999998,1574.5737999999992,120133,1679032464.0,SH000688
2026-08-04 11:10:00,1574.5476999999994,1584.389799999997,1574.5476999999985,1584.389799999998,100021,1162615007.0,SH000688
2026-08-04 11:15:00,1584.4057999999995,1586.607499999997,1582.3280999999986,1585.9778999999987,92534,1037500980.0,SH000688
2026-08-04 11:20:00,1586.0944999999997,1588.4936999999966,1584.3287999999982,1588.208399999999,112522,1139587185.0,SH000688
2026-08-04 11:25:00,1588.4643,1591.846599999997,1588.4642999999985,1591.2878999999982,132361,1657463360.0,SH000688
2026-08-04 11:30:00,1591.0348,1600.7665999999963,1591.034799999998,1598.1325999999983,182936,2104934200.0,SH000688
2026-08-04 13:05:00,1599.6235,1608.3104999999955,1599.623499999998,1605.9822999999988,364680,4170145046.0,SH000688
2026-08-04 13:10:00,1605.8798000000002,1608.9313999999956,1602.8401999999985,1605.5864999999994,247893,2880370172.0,SH000688
2026-08-04 13:15:00,1605.7892,1605.7891999999956,1598.922599999999,1603.9177000000002,187802,2243036400.0,SH000688
2026-08-04 13:20:00,1604.0415999999996,1606.6659999999958,1598.5625999999993,1599.3378999999995,184685,2135784460.0,SH000688
2026-08-04 13:25:00,1599.5515999999996,1606.809199999996,1598.3453999999992,1605.3907,158224,1902003718.0,SH000688
2026-08-04 13:30:00,1605.5610999999997,1616.1619999999955,1605.5201999999992,1616.1619999999994,262946,2930731374.0,SH000688
2026-08-04 13:35:00,1616.4594999999997,1626.054099999996,1616.4594999999997,1624.6423999999986,333820,4298794360.0,SH000688
2026-08-04 13:40:00,1624.7330999999992,1629.8208999999952,1620.8700999999994,1628.3512999999975,238659,2787803963.0,SH000688
2026-08-04 13:45:00,1628.3944999999992,1629.6026999999951,1624.1426,1627.3736999999978,187002,2236985506.0,SH000688
2026-08-04 13:50:00,1627.5864999999992,1630.6836999999953,1626.2838000000004,1626.2837999999983,182502,2045897163.0,SH000688
2026-08-04 13:55:00,1626.1716999999992,1627.796799999996,1622.0294000000004,1625.1807999999992,156152,1929528211.0,SH000688
2026-08-04 14:00:00,1625.1895999999992,1627.4440999999963,1622.9502000000002,1626.6897,123387,1451483777.0,SH000688
2026-08-04 14:05:00,1627.1815999999992,1631.011599999997,1626.8512,1629.1078,201055,2122355498.0,SH000688
2026-08-04 14:10:00,1629.4815999999992,1630.8885999999973,1626.7566000000002,1630.550900000001,129014,1550052043.0,SH000688
2026-08-04 14:15:00,1630.5459999999991,1630.7848999999974,1623.661400000001,1623.6614000000006,154718,1719301807.0,SH000688
2026-08-04 14:20:00,1623.246399999999,1623.246399999998,1616.0923000000018,1617.3573000000013,249252,2412487833.0,SH000688
2026-08-04 14:25:00,1617.4677999999992,1619.8518999999983,1616.128700000002,1619.8519000000024,142122,1653624758.0,SH000688
2026-08-04 14:30:00,1619.8709999999994,1623.776499999998,1619.8553000000022,1621.3345000000024,119937,1349383635.0,SH000688
2026-08-04 14:35:00,1621.5367999999994,1622.9259999999974,1610.6267000000037,1610.6804000000018,220965,2133270895.0,SH000688
2026-08-04 14:40:00,1610.7841999999994,1614.4127999999976,1610.2536000000036,1611.5820000000017,189556,1904397297.0,SH000688
2026-08-04 14:45:00,1611.6265999999994,1612.8632999999973,1609.731300000004,1609.7313000000006,178444,1816362954.0,SH000688
2026-08-04 14:50:00,1609.7471999999996,1612.6462999999972,1609.747200000004,1612.0294000000004,206659,1996927617.0,SH000688
2026-08-04 14:55:00,1612.2872999999995,1615.8441999999964,1612.2422000000045,1615.8442,289048,2468406067.0,SH000688
2026-08-04 15:00:00,1615.8401999999992,1616.8310999999965,1615.6058000000044,1616.3582000000004,292411,2453904174.0,SH000688
2026-08-05 09:35:00,1615.2607999999998,1646.3491,1615.2607999999998,1646.3491,898614,14330358697.0,SH000688
2026-08-05 09:40:00,1646.2980999999995,1662.533,1646.2981,1662.3720999999994,683222,10025455244.0,SH000688
2026-08-05 09:45:00,1662.3439999999998,1672.6435,1661.9583999999998,1663.5458999999992,515975,7397811487.0,SH000688
2026-08-05 09:50:00,1663.6430999999998,1676.7196999999992,1662.6599999999996,1665.6316999999988,481198,6080670904.0,SH000688
2026-08-05 09:55:00,1665.7791999999995,1666.8305999999998,1660.1546999999998,1661.1674999999989,413027,4890476132.0,SH000688
2026-08-05 10:00:00,1660.7053,1669.6753999999994,1657.3377999999998,1660.4355999999989,372616,4252851949.0,SH000688
2026-08-05 10:05:00,1660.6059,1666.168299999999,1657.4760999999994,1663.0870999999984,332539,4084713544.0,SH000688
2026-08-05 10:10:00,1662.5148,1662.5147999999986,1648.8590000000006,1651.6700999999985,377864,4664465838.0,SH000688
2026-08-05 10:15:00,1651.517,1651.9367999999986,1632.9876000000004,1639.274699999998,391189,5163148466.0,SH000688
2026-08-05 10:20:00,1638.974,1648.191799999999,1632.6233000000002,1648.1917999999985,341300,4197970171.0,SH000688
2026-08-05 10:25:00,1648.044,1657.571999999999,1642.9475000000002,1654.4329999999986,248807,3326246502.0,SH000688
2026-08-05 10:30:00,1654.1682000000003,1659.3918999999987,1648.5652000000007,1658.2529,210634,2628979783.0,SH000688
2026-08-05 10:35:00,1658.6012000000003,1659.7704999999992,1647.8218000000013,1659.7705000000017,201781,2827968872.0,SH000688
2026-08-05 10:40:00,1659.3954000000003,1665.0643999999993,1656.7913000000012,1661.4986000000015,180163,2609146919.0,SH000688
2026-08-05 10:45:00,1660.5588000000005,1670.3891999999987,1660.1003000000012,1668.3683000000003,221828,2437123320.0,SH000688
2026-08-05 10:50:00,1668.571600000001,1676.2061999999992,1667.940800000001,1676.031400000001,214593,2343594796.0,SH000688
2026-08-05 10:55:00,1676.0953000000009,1676.8925999999994,1670.842500000001,1675.3766000000005,208347,2365634614.0,SH000688
2026-08-05 11:00:00,1674.921800000001,1676.784099999999,1668.664600000001,1671.4304,147808,1733707579.0,SH000688
2026-08-05 11:05:00,1671.334800000001,1680.9332999999992,1671.3348000000012,1680.3355,229890,2454163534.0,SH000688
2026-08-05 11:10:00,1680.3466000000012,1681.4791999999986,1674.6270000000002,1680.4261999999987,188366,1873827689.0,SH000688
2026-08-05 11:15:00,1680.7752000000012,1686.255399999999,1680.7752000000005,1686.2553999999984,211130,2058921293.0,SH000688
2026-08-05 11:20:00,1686.8650000000011,1698.5864999999988,1686.0628000000006,1693.3317999999974,271252,3195064330.0,SH000688
2026-08-05 11:25:00,1693.085700000001,1702.3836999999994,1688.7344000000005,1702.0746999999978,291768,2611262514.0,SH000688
2026-08-05 11:30:00,1701.616700000001,1702.9400999999991,1697.4679,1700.0507999999988,250201,2566304195.0,SH000688
2026-08-05 13:05:00,1701.2034000000008,1703.5298999999989,1693.3592999999998,1694.658799999998,316490,3832317068.0,SH000688
2026-08-05 13:10:00,1694.6126000000008,1695.156999999999,1684.4592999999998,1689.2428999999977,212498,2420336594.0,SH000688
2026-08-05 13:15:00,1687.4438000000007,1701.3172999999992,1685.9384999999995,1697.6762999999971,218597,2476649322.0,SH000688
2026-08-05 13:20:00,1697.3567000000005,1706.5683999999987,1694.5021999999994,1704.8613999999968,217630,2540175465.0,SH000688
2026-08-05 13:25:00,1705.0026000000005,1709.9618999999986,1703.4343,1707.5242999999962,221685,2623008807.0,SH000688
2026-08-05 13:30:00,1707.3595000000005,1709.6620999999989,1702.333599999999,1702.4569999999958,206616,2579029343.0,SH000688
2026-08-05 13:35:00,1702.1059000000002,1709.075699999999,1702.105899999999,1708.878499999996,202905,2379719502.0,SH000688
2026-08-05 13:40:00,1708.8752000000002,1708.899699999999,1698.1587999999997,1703.344499999995,277517,2370857284.0,SH000688
2026-08-05 13:45:00,1703.4825,1710.4012999999986,1700.9904999999994,1710.016499999996,203198,2301881327.0,SH000688
2026-08-05 13:50:00,1710.898,1713.599299999998,1709.3561000000002,1710.2790999999952,223288,2103873924.0,SH000688
2026-08-05 13:55:00,1710.2903,1715.2758999999976,1710.0548,1712.4081999999944,157109,1760733738.0,SH000688
2026-08-05 14:00:00,1712.4829000000002,1712.4828999999977,1705.0101000000009,1709.3661999999945,124068,1705160397.0,SH000688
2026-08-05 14:05:00,1709.2184000000002,1709.2183999999977,1700.783600000001,1702.1452999999933,227816,1998695476.0,SH000688
2026-08-05 14:10:00,1702.3831000000002,1702.3830999999973,1693.872300000001,1699.7033999999942,215951,2286214098.0,SH000688
2026-08-05 14:15:00,1699.3480000000002,1700.3441999999975,1691.743000000001,1691.8948999999943,139904,1620696091.0,SH000688
2026-08-05 14:20:00,1692.7466000000004,1694.4504999999974,1685.1120000000008,1685.6945999999944,230341,2371772574.0,SH000688
2026-08-05 14:25:00,1686.1159000000002,1690.2616999999973,1683.9744000000007,1689.4895999999944,193575,2157569076.0,SH000688
2026-08-05 14:30:00,1689.4924000000003,1693.8689999999972,1689.4924000000008,1693.148899999995,123600,1549580608.0,SH000688
2026-08-05 14:35:00,1692.8803000000005,1694.8678999999972,1690.267000000001,1691.6801999999946,161329,1673354385.0,SH000688
2026-08-05 14:40:00,1691.7156000000002,1692.045999999997,1685.3277999999996,1685.3277999999937,186539,1795801829.0,SH000688
2026-08-05 14:45:00,1685.2325,1688.495199999997,1685.0937999999996,1687.3847999999934,177075,1936207740.0,SH000688
2026-08-05 14:50:00,1687.3517000000002,1691.2919999999976,1687.2333999999994,1691.2919999999935,208563,2121595124.0,SH000688
2026-08-05 14:55:00,1691.2511,1693.7982999999977,1690.2171999999996,1692.5097999999928,310175,2774707430.0,SH000688
2026-08-05 15:00:00,1692.4585000000002,1693.7728999999977,1692.2398999999998,1693.667699999993,315888,2809488454.0,SH000688
2026-08-06 09:35:00,1651.1078,1662.2037000000005,1651.1078,1654.2655000000009,977034,11538924883.0,SH000688
2026-08-06 09:40:00,1654.3916,1672.2380000000007,1654.3863,1672.2380000000005,626100,6864738026.0,SH000688
2026-08-06 09:45:00,1672.4209999999998,1683.7051000000008,1668.1296999999995,1680.2645999999995,584171,6056627515.0,SH000688
2026-08-06 09:50:00,1680.4498999999998,1687.3474,1678.031,1678.1429999999991,409261,4727970638.0,SH000688
2026-08-06 09:55:00,1677.9914,1679.9407,1672.7464999999995,1677.4008999999996,444353,4092168729.0,SH000688
2026-08-06 10:00:00,1676.4655000000005,1692.3068000000003,1676.4654999999998,1691.4618000000005,358251,3750105361.0,SH000688
2026-08-06 10:05:00,1691.6703000000005,1694.2444000000007,1686.0658000000003,1687.2780000000012,411374,3582323348.0,SH000688
2026-08-06 10:10:00,1686.9576000000004,1694.6696000000009,1682.5859000000005,1694.6123000000007,267217,2632535889.0,SH000688
2026-08-06 10:15:00,1694.7606000000003,1694.9262000000008,1687.0984,1693.8951,241937,2433008643.0,SH000688
2026-08-06 10:20:00,1694.2014000000004,1699.3315,1692.0363999999995,1699.1850999999988,280101,3020859382.0,SH000688
2026-08-06 10:25:00,1699.1032000000005,1705.8636000000004,1696.8195,1702.8223999999998,281042,3343653155.0,SH000688
2026-08-06 10:30:00,1702.5304000000006,1712.0836000000013,1702.5304,1708.3246,273710,3217133014.0,SH000688
2026-08-06 10:35:00,1708.3505000000005,1713.4628000000016,1706.9916000000003,1707.6792000000005,292561,3317883713.0,SH000688
2026-08-06 10:40:00,1707.9544000000003,1710.6461000000013,1701.1583000000007,1703.091899999999,314332,2947900974.0,SH000688
2026-08-06 10:45:00,1702.5244000000005,1722.7835000000018,1702.2489000000005,1722.7834999999998,288991,3202403641.0,SH000688
2026-08-06 10:50:00,1723.076100000001,1725.375600000002,1715.420300000001,1723.6781000000003,290904,3161164274.0,SH000688
2026-08-06 10:55:00,1723.5615000000007,1727.7348000000031,1723.0923000000012,1727.3741000000018,239280,2834772095.0,SH000688
2026-08-06 11:00:00,1727.1335000000006,1727.133500000003,1715.9093000000014,1715.9093000000016,244310,2601162998.0,SH000688
2026-08-06 11:05:00,1715.380500000001,1715.3805000000032,1707.433100000001,1708.4465000000007,255768,2463416672.0,SH000688
2026-08-06 11:10:00,1708.531700000001,1711.493100000003,1696.624000000001,1696.624,274366,2711600923.0,SH000688
2026-08-06 11:15:00,1696.6654000000008,1703.1382000000035,1695.0864000000008,1695.0864,187593,1932127462.0,SH000688
2026-08-06 11:20:00,1694.7973000000009,1698.150200000004,1688.520300000001,1688.5203000000006,207372,2375863583.0,SH000688
2026-08-06 11:25:00,1688.551000000001,1693.586900000004,1684.413400000001,1684.7388999999996,169016,1919449516.0,SH000688
2026-08-06 11:30:00,1684.621700000001,1690.9086000000038,1680.440500000001,1690.9085999999995,166637,1974816873.0,SH000688
2026-08-06 13:05:00,1690.8392000000006,1699.0621000000035,1687.7542000000012,1691.2288000000003,191196,1898913995.0,SH000688
2026-08-06 13:10:00,1691.6556000000005,1699.7456000000036,1688.6711000000016,1689.430199999999,133691,1390004319.0,SH000688
2026-08-06 13:15:00,1689.5304000000003,1689.6364000000035,1682.539600000002,1688.5127999999988,145914,1421474495.0,SH000688
2026-08-06 13:20:00,1688.2393000000004,1694.606900000004,1686.9686000000022,1687.3979999999988,155900,1187847317.0,SH000688
2026-08-06 13:25:00,1688.2969000000005,1691.6191000000038,1686.833900000002,1687.756099999998,111955,1098943291.0,SH000688
2026-08-06 13:30:00,1687.6873000000005,1688.7215000000035,1682.649600000002,1682.711999999998,119833,1238927091.0,SH000688
2026-08-06 13:35:00,1682.3591000000004,1690.9726000000032,1682.359100000002,1686.830099999998,166934,1263146152.0,SH000688
2026-08-06 13:40:00,1686.8799000000006,1687.2619000000036,1679.2276000000024,1679.307199999998,145312,1283617159.0,SH000688
2026-08-06 13:45:00,1679.2295,1686.9940000000038,1677.2876000000022,1686.9939999999986,162146,1494681672.0,SH000688
2026-08-06 13:50:00,1687.0146000000002,1690.5855000000038,1682.0686000000026,1683.4717999999991,188543,1118201273.0,SH000688
2026-08-06 13:55:00,1683.1533000000004,1686.835900000004,1683.0350000000024,1684.704599999999,128314,923087793.0,SH000688
2026-08-06 14:00:00,1684.8608000000004,1685.5259000000044,1680.4909000000027,1684.5541,120503,923851559.0,SH000688
2026-08-06 14:05:00,1684.4236000000003,1687.1678000000045,1676.9076000000034,1677.1252000000002,157054,1317772675.0,SH000688
2026-08-06 14:10:00,1677.5822000000005,1679.0380000000043,1672.452100000004,1672.4521000000009,134745,1516991432.0,SH000688
2026-08-06 14:15:00,1672.6421000000005,1677.953600000004,1672.0485000000042,1677.7256000000004,146691,1426040615.0,SH000688
2026-08-06 14:20:00,1677.8641000000005,1679.0610000000047,1674.1124000000034,1678.9386000000006,112066,1084333069.0,SH000688
2026-08-06 14:25:00,1678.851,1691.1793000000052,1678.8510000000033,1690.7979000000016,188762,1600532595.0,SH000688
2026-08-06 14:30:00,1690.5576,1696.007000000006,1688.8597000000034,1696.0070000000017,151420,1734034807.0,SH000688
2026-08-06 14:35:00,1696.3053999999995,1702.969200000006,1694.2427000000032,1702.9692000000018,170809,1884937045.0,SH000688
2026-08-06 14:40:00,1703.2315999999998,1706.2939000000058,1694.600200000004,1694.6002000000026,202260,2348347378.0,SH000688
2026-08-06 14:45:00,1694.1876,1700.377500000006,1693.873700000004,1696.0654000000018,167747,1860388576.0,SH000688
2026-08-06 14:50:00,1695.9203,1698.0041000000058,1694.9289000000042,1697.6688000000004,190813,2016263633.0,SH000688
2026-08-06 14:55:00,1698.2895,1700.9960000000058,1697.9289000000042,1700.6876999999995,258961,2509793424.0,SH000688
2026-08-06 15:00:00,1700.6047,1701.3240000000053,1699.591700000004,1701.291599999999,279928,2535774268.0,SH000688
2026-08-07 09:35:00,1697.3701999999998,1708.538899999999,1696.6168999999998,1705.1779999999983,908795,9076511694.0,SH000688
2026-08-07 09:40:00,1704.4108999999996,1709.7565999999993,1696.0630999999996,1709.7565999999986,577353,6387574009.0,SH000688
2026-08-07 09:45:00,1709.9368999999997,1713.2762999999993,1694.3177000000005,1694.815499999999,529635,5430107216.0,SH000688
2026-08-07 09:50:00,1694.6243999999997,1700.9470999999994,1686.6608000000008,1700.9471,455499,4664029757.0,SH000688
2026-08-07 09:55:00,1701.0186999999996,1703.7909999999993,1694.1075000000008,1697.240699999999,294460,3263290430.0,SH000688
2026-08-07 10:00:00,1696.5337999999997,1711.5851999999988,1695.617800000001,1707.100999999999,323974,3442418367.0,SH000688
2026-08-07 10:05:00,1706.9925999999996,1718.6359999999993,1705.9399000000012,1710.1770999999983,352076,3592786451.0,SH000688
2026-08-07 10:10:00,1710.5091999999995,1718.119399999999,1710.509200000001,1718.1193999999991,326766,2929033572.0,SH000688
2026-08-07 10:15:00,1717.9976,1723.4678999999987,1717.684500000001,1718.476399999999,324892,3522145022.0,SH000688
2026-08-07 10:20:00,1719.2048,1728.4173999999991,1719.106000000001,1726.499399999998,324465,3695391649.0,SH000688
2026-08-07 10:25:00,1726.4078,1734.0001999999993,1724.5947000000006,1731.0966999999985,310166,3808580151.0,SH000688
2026-08-07 10:30:00,1730.0838,1731.001799999999,1721.5865000000006,1727.0735999999986,282395,3136262045.0,SH000688
2026-08-07 10:35:00,1727.0464000000002,1734.7795999999992,1726.4477000000006,1726.4476999999986,302173,3070927882.0,SH000688
2026-08-07 10:40:00,1726.8141000000005,1739.7728999999997,1726.8141000000007,1739.0017999999984,256485,3008586694.0,SH000688
2026-08-07 10:45:00,1738.3886000000005,1739.3699999999994,1734.576100000001,1735.219699999999,253326,2619689114.0,SH000688
2026-08-07 10:50:00,1734.7750000000003,1734.7749999999996,1728.809,1731.9271999999985,235362,2417612148.0,SH000688
2026-08-07 10:55:00,1732.0929000000006,1735.8309999999992,1725.2983,1725.298299999998,157928,1767858923.0,SH000688
2026-08-07 11:00:00,1725.1388000000004,1729.4810999999993,1723.722,1723.969599999998,162505,2110132841.0,SH000688
2026-08-07 11:05:00,1723.6628000000003,1724.9800999999989,1717.6595000000004,1724.8103999999985,191342,2417012127.0,SH000688
2026-08-07 11:10:00,1724.7681000000005,1728.1770999999987,1720.8520000000003,1721.9620999999984,148762,1612799704.0,SH000688
2026-08-07 11:15:00,1721.4488000000003,1721.448799999999,1709.7857000000008,1714.639499999999,278346,3152865795.0,SH000688
2026-08-07 11:20:00,1714.4072000000003,1718.8317999999992,1709.7991000000009,1710.425699999999,157576,2050889666.0,SH000688
2026-08-07 11:25:00,1710.4051000000002,1715.0887999999993,1706.316500000001,1715.088799999999,242543,2018758686.0,SH000688
2026-08-07 11:30:00,1715.4265,1724.974499999999,1715.4265000000012,1718.586899999999,156585,1562508783.0,SH000688
2026-08-07 13:05:00,1718.9367000000002,1737.1457999999984,1718.388700000001,1732.2541999999985,259579,4298716829.0,SH000688
2026-08-07 13:10:00,1732.4680000000003,1735.4189999999985,1727.979300000001,1730.1604999999977,203079,2467099823.0,SH000688
2026-08-07 13:15:00,1730.6750000000002,1737.5111999999983,1726.3348000000024,1726.598599999998,191922,2320569837.0,SH000688
2026-08-07 13:20:00,1726.1804000000002,1735.0011999999983,1725.1899000000026,1733.1453999999978,181654,2134289884.0,SH000688
2026-08-07 13:25:00,1733.0976,1738.2409999999977,1731.5609000000022,1735.9488999999974,188292,2175741603.0,SH000688
2026-08-07 13:30:00,1736.0114,1742.737299999998,1735.7710000000025,1742.7372999999975,180758,2374649338.0,SH000688
2026-08-07 13:35:00,1742.5407,1747.736699999998,1741.6193000000026,1746.816199999998,191004,2842535742.0,SH000688
2026-08-07 13:40:00,1746.3324000000002,1746.3323999999982,1740.7189000000023,1741.4509999999982,154144,2100618690.0,SH000688
2026-08-07 13:45:00,1741.6029000000003,1744.7607999999982,1736.7793000000022,1739.8636999999978,159838,1882647067.0,SH000688
2026-08-07 13:50:00,1739.7601000000004,1742.0263999999986,1739.581400000002,1741.6476999999977,124182,1471238427.0,SH000688
2026-08-07 13:55:00,1741.693900000001,1745.8359999999984,1736.7128000000014,1738.617299999997,174980,2185771059.0,SH000688
2026-08-07 14:00:00,1739.0685000000008,1742.460099999998,1732.960700000002,1732.9606999999971,170862,2132010202.0,SH000688
2026-08-07 14:05:00,1732.622300000001,1733.923999999998,1726.991300000002,1733.2845999999963,242102,2439470685.0,SH000688
2026-08-07 14:10:00,1733.1850000000009,1739.402499999998,1733.185000000002,1738.2596999999976,141701,1571942737.0,SH000688
2026-08-07 14:15:00,1738.7285000000008,1740.483099999998,1728.7610000000016,1728.7609999999968,136208,1611645307.0,SH000688
2026-08-07 14:20:00,1728.498200000001,1728.6139999999973,1723.1816000000017,1728.414199999997,153641,2405516172.0,SH000688
2026-08-07 14:25:00,1728.213400000001,1728.2133999999974,1724.5177000000024,1725.3152999999973,133265,1850490255.0,SH000688
2026-08-07 14:30:00,1725.840400000001,1726.826499999997,1719.8080000000025,1726.8264999999972,162725,1971379638.0,SH000688
2026-08-07 14:35:00,1726.9678000000008,1735.9763999999968,1726.9678000000022,1735.395199999998,188354,2004521267.0,SH000688
2026-08-07 14:40:00,1735.5866000000008,1736.265599999997,1733.089600000002,1734.086399999999,152307,1724659649.0,SH000688
2026-08-07 14:45:00,1733.9777000000006,1739.4909999999977,1733.9777000000022,1739.379799999998,184668,2119536332.0,SH000688
2026-08-07 14:50:00,1739.2008000000008,1742.1327999999978,1738.6510000000023,1738.6509999999982,236056,2770927746.0,SH000688
2026-08-07 14:55:00,1738.5329000000008,1742.1682999999985,1738.3621000000023,1741.993299999999,339090,3283876293.0,SH000688
2026-08-07 15:00:00,1742.297900000001,1744.0235999999984,1741.9449000000027,1744.023599999999,337598,3371314544.0,SH000688
