datetime,开盘,最高,最低,收盘,成交量,成交额,代码
2025-11-26 10:55:00,12881.585,12910.239,12881.585,12900.254,10346705,17866436345.0,SZ399001
2025-11-26 11:00:00,12898.829,12921.818,12895.813,12920.191,10535661,17616231375.0,SZ399001
2025-11-26 11:05:00,12919.081,12951.783,12919.081,12949.85,11867728,20771763648.0,SZ399001
2025-11-26 11:10:00,12946.95,12962.066,12939.248,12960.76,8151213,15467552859.0,SZ399001
2025-11-26 11:15:00,12961.236,12966.857,12949.833,12963.56,7389199,14997021097.0,SZ399001
2025-11-26 11:20:00,12963.032,12984.944,12962.26,12979.768,8156563,15038631528.0,SZ399001
2025-11-26 11:25:00,12979.455,12982.043,12955.978,12979.727,7472308,13410223734.0,SZ399001
2025-11-26 11:30:00,12980.155,12993.449,12979.787,12982.739,7806482,15204337187.0,SZ399001
2025-11-26 13:05:00,12984.798,13012.153,12982.816,13012.153,14293150,26312600414.0,SZ399001
2025-11-26 13:10:00,13012.014,13012.329,12983.505,12990.306,10422947,18483237869.0,SZ399001
2025-11-26 13:15:00,12991.031,13008.727,12970.769,12970.916,9977475,17755940804.0,SZ399001
2025-11-26 13:20:00,12969.263,12978.29,12964.674,12964.802,8587502,14442204363.0,SZ399001
2025-11-26 13:25:00,12966.215,12985.075,12964.256,12980.099,7852401,12609858136.0,SZ399001
2025-11-26 13:30:00,12980.694,12991.105,12971.324,12971.324,7819100,12188583492.0,SZ399001
2025-11-26 13:35:00,12970.726,12973.872,12960.78,12966.031,8735051,14716087851.0,SZ399001
2025-11-26 13:40:00,12965.622,12967.317,12951.539,12967.232,7851751,13575501452.0,SZ399001
2025-11-26 13:45:00,12967.643,12968.958,12943.847,12945.039,8458839,13267630568.0,SZ399001
2025-11-26 13:50:00,12944.835,12949.095,12928.435,12934.259,7517376,13762807200.0,SZ399001
2025-11-26 13:55:00,12934.308,12944.529,12930.513,12930.513,7628350,12548782752.0,SZ399001
2025-11-26 14:00:00,12928.266,12928.404,12917.933,12925.239,10077147,15772058269.0,SZ399001
2025-11-26 14:05:00,12925.326,12926.748,12898.861,12898.861,10478808,16044836206.0,SZ399001
2025-11-26 14:10:00,12898.172,12920.657,12894.791,12918.177,9294740,14659215783.0,SZ399001
2025-11-26 14:15:00,12917.846,12937.696,12917.846,12936.049,7522486,12169044910.0,SZ399001
2025-11-26 14:20:00,12935.734,12935.734,12917.787,12924.07,8111197,11537734088.0,SZ399001
2025-11-26 14:25:00,12923.004,12933.512,12919.446,12931.538,7322294,11281667848.0,SZ399001
2025-11-26 14:30:00,12931.25,12934.59,12922.169,12922.696,7532548,11376067539.0,SZ399001
2025-11-26 14:35:00,12923.351,12930.267,12913.129,12920.371,11478230,15921853928.0,SZ399001
2025-11-26 14:40:00,12919.556,12925.765,12914.163,12914.163,9837437,14102488829.0,SZ399001
2025-11-26 14:45:00,12914.239,12914.239,12894.0,12894.286,14189042,20410219614.0,SZ399001
2025-11-26 14:50:00,12895.198,12901.585,12893.353,12899.702,15377966,21730267964.0,SZ399001
2025-11-26 14:55:00,12900.312,12907.719,12897.922,12907.472,18759197,26598213467.0,SZ399001
2025-11-26 15:00:00,12907.888,12915.625,12907.773,12907.834,18300657,26817649450.0,SZ399001
2025-11-27 09:35:00,12903.911,12950.305,12903.911,12940.4,75647862,105633633668.0,SZ399001
2025-11-27 09:40:00,12941.776,12969.027,12941.612,12962.693,41690607,61730373130.0,SZ399001
2025-11-27 09:45:00,12963.939,12993.387,12959.322,12993.387,32041549,50183138744.0,SZ399001
2025-11-27 09:50:00,12994.184,13020.704,12984.234,13020.704,24972587,43202532430.0,SZ399001
2025-11-27 09:55:00,13021.594,13033.028,13016.037,13031.788,21903510,37907691125.0,SZ399001
2025-11-27 10:00:00,13030.537,13062.557,13030.537,13062.557,19325988,34310934655.0,SZ399001
2025-11-27 10:05:00,13064.286,13082.77,13061.229,13075.302,18996683,33384056683.0,SZ399001
2025-11-27 10:10:00,13075.214,13078.855,13055.579,13055.579,15482985,27564086756.0,SZ399001
2025-11-27 10:15:00,13054.656,13074.516,13049.649,13054.786,13190927,24407806440.0,SZ399001
2025-11-27 10:20:00,13056.527,13057.527,13035.025,13044.238,13093831,22553607974.0,SZ399001
2025-11-27 10:25:00,13044.236,13056.059,13027.144,13038.441,11374360,19335979415.0,SZ399001
2025-11-27 10:30:00,13038.94,13041.912,13005.265,13011.203,11904560,20150098912.0,SZ399001
2025-11-27 10:35:00,13011.573,13020.996,13005.378,13013.764,10780062,17884699342.0,SZ399001
2025-11-27 10:40:00,13013.391,13032.472,13011.597,13026.022,10526676,16934564877.0,SZ399001
2025-11-27 10:45:00,13025.769,13025.84,12997.328,12998.58,10369550,16563515284.0,SZ399001
2025-11-27 10:50:00,12998.151,12998.151,12980.014,12985.097,10136612,16712832000.0,SZ399001
2025-11-27 10:55:00,12984.528,12995.129,12982.659,12982.898,8346419,13167703095.0,SZ399001
2025-11-27 11:00:00,12983.22,12986.835,12974.61,12986.644,8242451,13279710160.0,SZ399001
2025-11-27 11:05:00,12987.561,13007.676,12981.742,13007.676,8417547,12481572842.0,SZ399001
2025-11-27 11:10:00,13007.111,13007.111,12973.449,12973.449,7849589,11855519794.0,SZ399001
2025-11-27 11:15:00,12973.507,12973.507,12961.449,12962.522,7769832,11842784075.0,SZ399001
2025-11-27 11:20:00,12962.046,12981.554,12960.192,12981.449,6582646,9984704437.0,SZ399001
2025-11-27 11:25:00,12982.306,12982.915,12969.263,12969.28,6115148,9866895029.0,SZ399001
2025-11-27 11:30:00,12968.7,12969.097,12956.323,12956.994,6836383,10588893909.0,SZ399001
2025-11-27 13:05:00,12957.464,12969.467,12954.673,12960.896,12116191,18618064853.0,SZ399001
2025-11-27 13:10:00,12961.469,12964.054,12952.066,12952.066,8524055,13958197129.0,SZ399001
2025-11-27 13:15:00,12952.188,12962.072,12950.582,12956.296,9354146,15398069611.0,SZ399001
2025-11-27 13:20:00,12955.487,12979.822,12955.487,12975.053,9933985,15947759109.0,SZ399001
2025-11-27 13:25:00,12974.017,12978.604,12968.178,12978.457,7760420,14084194313.0,SZ399001
2025-11-27 13:30:00,12978.714,12992.868,12974.083,12979.69,7607428,12972277754.0,SZ399001
2025-11-27 13:35:00,12979.863,12998.483,12977.7,12995.316,9884333,14049148816.0,SZ399001
2025-11-27 13:40:00,12995.824,12996.864,12969.646,12969.646,7972566,12791606904.0,SZ399001
2025-11-27 13:45:00,12968.548,12968.548,12948.533,12957.522,8144933,13026677574.0,SZ399001
2025-11-27 13:50:00,12958.332,12964.116,12938.844,12939.059,7299591,12168795803.0,SZ399001
2025-11-27 13:55:00,12939.612,12945.042,12935.747,12944.794,7252764,12626324128.0,SZ399001
2025-11-27 14:00:00,12944.625,12953.384,12942.415,12952.931,6219922,10101897294.0,SZ399001
2025-11-27 14:05:00,12952.683,12952.703,12919.129,12922.006,9568555,15404374860.0,SZ399001
2025-11-27 14:10:00,12921.939,12922.902,12910.016,12910.016,9576613,14417965303.0,SZ399001
2025-11-27 14:15:00,12909.29,12931.133,12909.039,12927.94,7389202,11308688550.0,SZ399001
2025-11-27 14:20:00,12928.408,12931.988,12916.77,12926.372,7189531,10686853931.0,SZ399001
2025-11-27 14:25:00,12926.597,12933.691,12926.597,12928.62,6355267,9712777174.0,SZ399001
2025-11-27 14:30:00,12928.198,12928.198,12916.805,12919.109,6600884,10663666880.0,SZ399001
2025-11-27 14:35:00,12919.287,12920.208,12895.927,12895.927,10545251,16343188905.0,SZ399001
2025-11-27 14:40:00,12900.578,12902.783,12887.46,12887.876,11855640,17973788186.0,SZ399001
2025-11-27 14:45:00,12887.09,12893.411,12882.102,12887.906,12159181,18116808710.0,SZ399001
2025-11-27 14:50:00,12888.52,12888.552,12870.472,12870.472,14898494,23475580546.0,SZ399001
2025-11-27 14:55:00,12869.978,12869.978,12863.259,12866.827,19718312,29346305778.0,SZ399001
2025-11-27 15:00:00,12866.958,12878.321,12866.577,12875.195,18032749,26554159714.0,SZ399001
2025-11-28 09:35:00,12869.661,12905.281,12860.812,12887.044,61603177,92852745762.0,SZ399001
2025-11-28 09:40:00,12886.356,12911.248,12882.689,12894.875,35198710,53698065825.0,SZ399001
2025-11-28 09:45:00,12894.058,12904.335,12880.952,12880.952,29723959,43789948967.0,SZ399001
2025-11-28 09:50:00,12879.162,12884.491,12859.98,12862.581,23310804,35716433700.0,SZ399001
2025-11-28 09:55:00,12864.718,12870.235,12834.085,12837.542,20251893,32555303033.0,SZ399001
2025-11-28 10:00:00,12838.563,12855.27,12836.56,12845.636,20589744,30621494788.0,SZ399001
2025-11-28 10:05:00,12845.187,12900.045,12841.647,12900.045,19067450,28330593029.0,SZ399001
2025-11-28 10:10:00,12899.302,12908.913,12891.076,12908.913,16291354,24188907604.0,SZ399001
2025-11-28 10:15:00,12908.44,12931.316,12903.99,12929.104,14208559,23104863976.0,SZ399001
2025-11-28 10:20:00,12929.882,12933.735,12910.907,12910.907,13777004,22021109989.0,SZ399001
2025-11-28 10:25:00,12910.976,12942.815,12907.689,12935.152,11863938,20067401226.0,SZ399001
2025-11-28 10:30:00,12933.984,12933.984,12906.459,12906.677,10639269,17347595539.0,SZ399001
2025-11-28 10:35:00,12906.642,12924.897,12906.444,12917.218,9450794,15294704097.0,SZ399001
2025-11-28 10:40:00,12917.672,12935.944,12910.019,12933.305,10082942,16686728512.0,SZ399001
2025-11-28 10:45:00,12933.009,12933.009,12909.496,12909.496,9441148,15018167456.0,SZ399001
2025-11-28 10:50:00,12909.064,12915.445,12899.479,12915.445,9998332,15091297587.0,SZ399001
2025-11-28 10:55:00,12917.203,12929.707,12911.983,12922.278,8979049,13016273873.0,SZ399001
2025-11-28 11:00:00,12921.188,12921.628,12915.607,12920.478,8204872,11055817259.0,SZ399001
2025-11-28 11:05:00,12919.629,12952.9,12919.629,12948.606,8659493,13896683236.0,SZ399001
2025-11-28 11:10:00,12948.36,12966.92,12948.36,12951.269,7473726,14097153901.0,SZ399001
2025-11-28 11:15:00,12949.429,12961.8,12936.974,12936.974,8203911,12582082943.0,SZ399001
2025-11-28 11:20:00,12936.337,12956.253,12936.105,12943.998,7278924,10370477159.0,SZ399001
2025-11-28 11:25:00,12943.675,12982.272,12943.675,12975.753,6152721,11809069025.0,SZ399001
2025-11-28 11:30:00,12976.684,12977.428,12962.162,12967.664,6101362,11050827369.0,SZ399001
2025-11-28 13:05:00,12972.84,12988.406,12971.951,12981.861,13374177,22380850137.0,SZ399001
2025-11-28 13:10:00,12982.208,13000.066,12974.213,12989.587,8913458,16708496139.0,SZ399001
2025-11-28 13:15:00,12989.018,12994.051,12964.709,12964.998,8759846,14618904923.0,SZ399001
2025-11-28 13:20:00,12963.035,12963.035,12945.668,12953.359,8245754,13314424007.0,SZ399001
2025-11-28 13:25:00,12953.475,12954.237,12940.152,12949.202,8044944,12087038107.0,SZ399001
2025-11-28 13:30:00,12948.845,12949.807,12931.035,12941.765,8375483,11674777647.0,SZ399001
2025-11-28 13:35:00,12941.288,12945.441,12935.273,12942.595,8756423,11562299648.0,SZ399001
2025-11-28 13:40:00,12941.407,12943.444,12932.88,12939.323,7373636,10683068410.0,SZ399001
2025-11-28 13:45:00,12939.06,12948.158,12935.77,12942.955,6982634,10113899892.0,SZ399001
2025-11-28 13:50:00,12943.651,12943.651,12932.386,12943.605,7771209,10810816962.0,SZ399001
2025-11-28 13:55:00,12944.313,12967.086,12944.313,12966.935,7630182,11383408924.0,SZ399001
2025-11-28 14:00:00,12966.229,12968.724,12957.501,12960.283,6302191,9745174582.0,SZ399001
2025-11-28 14:05:00,12960.511,12961.029,12949.172,12951.121,7300049,10744186521.0,SZ399001
2025-11-28 14:10:00,12950.795,12951.701,12942.479,12944.84,8834797,13097022111.0,SZ399001
2025-11-28 14:15:00,12944.734,12954.535,12942.569,12954.535,7141426,11178203030.0,SZ399001
2025-11-28 14:20:00,12954.826,12962.613,12954.826,12958.225,8144813,11303373977.0,SZ399001
2025-11-28 14:25:00,12959.274,12973.299,12956.837,12971.392,9003256,13192314453.0,SZ399001
2025-11-28 14:30:00,12971.502,12975.358,12969.103,12971.591,8014487,12527021139.0,SZ399001
2025-11-28 14:35:00,12972.21,12980.367,12967.26,12969.715,10364719,15583121821.0,SZ399001
2025-11-28 14:40:00,12969.882,12976.839,12968.066,12975.974,9498689,14362725472.0,SZ399001
2025-11-28 14:45:00,12975.279,12982.261,12968.937,12982.261,12140876,18066620272.0,SZ399001
2025-11-28 14:50:00,12981.228,12986.918,12977.886,12977.886,14519542,22248555908.0,SZ399001
2025-11-28 14:55:00,12976.761,12977.591,12971.885,12976.266,19971874,29761659921.0,SZ399001
2025-11-28 15:00:00,12975.139,12984.081,12975.139,12984.081,19373469,28628699350.0,SZ399001
2025-12-01 09:35:00,13038.156,13054.876,13012.121,13029.036,83418850,126470797374.0,SZ399001
2025-12-01 09:40:00,13026.336,13044.452,12993.887,13043.475,42054505,67104966296.0,SZ399001
2025-12-01 09:45:00,13043.041,13083.163,13033.802,13081.145,31197771,53280924728.0,SZ399001
2025-12-01 09:50:00,13082.122,13097.964,13074.491,13095.795,26465777,45459346580.0,SZ399001
2025-12-01 09:55:00,13094.132,13105.385,13087.681,13087.681,23134178,37852835872.0,SZ399001
2025-12-01 10:00:00,13087.892,13097.398,13080.43,13088.564,20422622,32172111504.0,SZ399001
2025-12-01 10:05:00,13087.403,13091.578,13064.101,13091.333,20955012,32331602437.0,SZ399001
2025-12-01 10:10:00,13091.676,13091.957,13064.452,13067.737,19167305,28533901725.0,SZ399001
2025-12-01 10:15:00,13065.454,13069.293,13046.012,13057.558,18146572,28651598098.0,SZ399001
2025-12-01 10:20:00,13056.757,13065.76,13039.279,13053.791,18122327,28640537093.0,SZ399001
2025-12-01 10:25:00,13052.293,13055.701,13035.169,13035.169,16025433,24507565939.0,SZ399001
2025-12-01 10:30:00,13033.686,13062.138,13031.521,13059.62,16282703,22447876447.0,SZ399001
2025-12-01 10:35:00,13059.646,13078.582,13052.866,13076.642,15778137,22028140668.0,SZ399001
2025-12-01 10:40:00,13077.41,13082.488,13061.419,13075.681,13043781,20130014919.0,SZ399001
2025-12-01 10:45:00,13075.781,13093.955,13074.68,13076.665,13191084,21358981172.0,SZ399001
2025-12-01 10:50:00,13077.936,13078.656,13057.934,13062.978,12855090,18348543882.0,SZ399001
2025-12-01 10:55:00,13063.681,13072.524,13057.758,13072.065,9343715,13503823049.0,SZ399001
2025-12-01 11:00:00,13072.818,13092.807,13072.818,13089.497,8789808,15112593797.0,SZ399001
2025-12-01 11:05:00,13089.042,13093.815,13083.752,13092.575,8752092,13656596459.0,SZ399001
2025-12-01 11:10:00,13092.303,13105.287,13092.303,13099.303,8038822,13825196129.0,SZ399001
2025-12-01 11:15:00,13097.518,13111.185,13090.791,13111.185,8428764,12771464545.0,SZ399001
2025-12-01 11:20:00,13111.395,13114.073,13092.824,13112.93,7316088,12512743970.0,SZ399001
2025-12-01 11:25:00,13111.814,13122.838,13107.128,13107.128,7628593,13310717446.0,SZ399001
2025-12-01 11:30:00,13106.586,13120.775,13101.53,13106.951,7716555,12618854837.0,SZ399001
2025-12-01 13:05:00,13109.37,13121.672,13098.926,13117.97,15040269,24077372616.0,SZ399001
2025-12-01 13:10:00,13115.772,13115.772,13087.669,13091.666,8996897,14468178299.0,SZ399001
2025-12-01 13:15:00,13092.248,13109.632,13089.19,13095.956,8463741,13308308570.0,SZ399001
2025-12-01 13:20:00,13095.969,13096.21,13083.134,13087.666,8812759,13336910137.0,SZ399001
2025-12-01 13:25:00,13087.002,13099.433,13087.002,13099.433,7300668,11312788339.0,SZ399001
2025-12-01 13:30:00,13099.148,13099.148,13089.07,13091.304,8154202,12008743415.0,SZ399001
2025-12-01 13:35:00,13090.053,13090.053,13077.15,13084.473,9669960,14484497128.0,SZ399001
2025-12-01 13:40:00,13084.367,13088.778,13076.688,13081.525,9266083,14670045917.0,SZ399001
2025-12-01 13:45:00,13082.19,13092.465,13082.028,13086.353,8025973,12754366206.0,SZ399001
2025-12-01 13:50:00,13085.317,13098.118,13079.657,13096.063,7327240,11324385706.0,SZ399001
2025-12-01 13:55:00,13096.164,13104.079,13092.682,13097.205,7355216,11820015280.0,SZ399001
2025-12-01 14:00:00,13097.089,13105.024,13090.417,13105.024,8544368,13637703536.0,SZ399001
2025-12-01 14:05:00,13105.489,13119.496,13103.956,13119.383,9273731,14189395730.0,SZ399001
2025-12-01 14:10:00,13119.209,13124.191,13115.658,13117.044,7198257,12316744737.0,SZ399001
2025-12-01 14:15:00,13117.475,13128.43,13114.371,13114.788,7166498,11848713401.0,SZ399001
2025-12-01 14:20:00,13114.529,13118.173,13110.703,13112.672,7284728,11595347175.0,SZ399001
2025-12-01 14:25:00,13112.925,13117.95,13110.671,13116.308,8684477,12774292739.0,SZ399001
2025-12-01 14:30:00,13116.763,13117.462,13106.363,13110.613,8574601,13914685170.0,SZ399001
2025-12-01 14:35:00,13112.019,13120.517,13107.813,13119.55,9495709,14786601870.0,SZ399001
2025-12-01 14:40:00,13120.166,13128.031,13118.345,13128.031,10105252,15618272255.0,SZ399001
2025-12-01 14:45:00,13127.574,13128.348,13117.438,13126.815,11247868,17629101351.0,SZ399001
2025-12-01 14:50:00,13127.161,13134.055,13125.081,13134.055,13610724,21240726891.0,SZ399001
2025-12-01 14:55:00,13133.524,13142.55,13131.8,13142.55,19133617,29159016356.0,SZ399001
2025-12-01 15:00:00,13142.28,13149.398,13142.28,13146.716,19432342,29371531931.0,SZ399001
2025-12-02 09:35:00,13130.072,13130.072,13094.345,13100.189,79557123,117466382349.0,SZ399001
2025-12-02 09:40:00,13101.79,13132.807,13084.673,13084.673,42902325,65667479391.0,SZ399001
2025-12-02 09:45:00,13080.975,13096.669,13075.314,13084.519,34975544,53234639941.0,SZ399001
2025-12-02 09:50:00,13083.798,13115.481,13083.158,13109.019,28699242,42694717812.0,SZ399001
2025-12-02 09:55:00,13106.325,13129.942,13104.601,13128.113,23338657,35899371041.0,SZ399001
2025-12-02 10:00:00,13128.013,13130.793,13101.085,13109.905,19730417,30175855182.0,SZ399001
2025-12-02 10:05:00,13108.387,13119.009,13100.786,13110.605,18462833,27493964116.0,SZ399001
2025-12-02 10:10:00,13110.44,13112.18,13086.415,13095.816,16301334,24352326537.0,SZ399001
2025-12-02 10:15:00,13095.834,13102.661,13082.999,13093.573,15058570,22121998474.0,SZ399001
2025-12-02 10:20:00,13094.889,13111.12,13094.28,13110.861,13338650,21977428428.0,SZ399001
2025-12-02 10:25:00,13109.134,13112.35,13089.623,13091.192,12927233,20501706504.0,SZ399001
2025-12-02 10:30:00,13091.226,13094.846,13079.149,13082.881,12036095,19247140488.0,SZ399001
2025-12-02 10:35:00,13079.652,13086.75,13065.41,13083.959,13668414,19849390476.0,SZ399001
2025-12-02 10:40:00,13083.67,13093.624,13077.723,13083.385,9796547,15480303002.0,SZ399001
2025-12-02 10:45:00,13082.09,13099.738,13080.057,13099.738,9523240,14673629793.0,SZ399001
2025-12-02 10:50:00,13100.346,13108.467,13092.628,13108.467,9078579,13759378953.0,SZ399001
2025-12-02 10:55:00,13109.092,13117.526,13098.658,13100.651,8543369,14136214964.0,SZ399001
2025-12-02 11:00:00,13101.267,13110.634,13090.459,13090.459,7901980,12084942952.0,SZ399001
2025-12-02 11:05:00,13089.391,13089.391,13065.63,13071.397,9450187,14662611086.0,SZ399001
2025-12-02 11:10:00,13069.856,13070.602,13065.206,13065.934,7179953,10828560490.0,SZ399001
2025-12-02 11:15:00,13065.149,13067.793,13059.155,13059.155,7687162,11010656757.0,SZ399001
2025-12-02 11:20:00,13059.315,13060.429,13048.131,13055.59,9048002,12712810554.0,SZ399001
2025-12-02 11:25:00,13055.22,13056.113,13048.135,13052.479,6958416,10285904845.0,SZ399001
2025-12-02 11:30:00,13052.673,13054.732,13043.933,13045.955,6576466,9457902302.0,SZ399001
2025-12-02 13:05:00,13045.974,13051.436,13032.515,13041.581,13218659,18345885359.0,SZ399001
2025-12-02 13:10:00,13040.938,13040.938,13027.816,13035.026,8455427,12313293146.0,SZ399001
2025-12-02 13:15:00,13034.758,13038.567,13023.527,13026.547,8568413,12673150116.0,SZ399001
2025-12-02 13:20:00,13025.864,13041.057,13023.477,13037.712,8211991,12366634680.0,SZ399001
2025-12-02 13:25:00,13037.5,13037.775,13021.516,13022.733,8206002,12505087089.0,SZ399001
2025-12-02 13:30:00,13022.141,13023.012,13013.634,13013.727,7686063,12472790180.0,SZ399001
2025-12-02 13:35:00,13012.896,13025.642,13011.107,13022.891,8660560,12337470935.0,SZ399001
2025-12-02 13:40:00,13023.193,13024.101,13011.214,13014.637,6690339,10364223533.0,SZ399001
2025-12-02 13:45:00,13013.331,13023.812,13012.262,13023.351,7784240,11210178298.0,SZ399001
2025-12-02 13:50:00,13023.441,13053.157,13021.769,13052.668,9083672,12499779871.0,SZ399001
2025-12-02 13:55:00,13052.925,13055.87,13041.316,13047.997,8496039,12076501254.0,SZ399001
2025-12-02 14:00:00,13046.723,13050.361,13036.89,13038.08,7045650,10174518941.0,SZ399001
2025-12-02 14:05:00,13037.727,13048.225,13032.853,13046.785,7221735,10157404403.0,SZ399001
2025-12-02 14:10:00,13045.468,13045.468,13033.776,13040.931,6923970,10235230235.0,SZ399001
2025-12-02 14:15:00,13041.36,13052.633,13041.184,13052.633,6226141,9298605114.0,SZ399001
2025-12-02 14:20:00,13053.782,13062.911,13053.782,13057.448,6779572,10347537943.0,SZ399001
2025-12-02 14:25:00,13057.316,13061.274,13049.673,13050.286,6753036,10019708229.0,SZ399001
2025-12-02 14:30:00,13050.597,13056.981,13049.228,13051.914,6764752,10198437784.0,SZ399001
2025-12-02 14:35:00,13051.73,13055.956,13040.552,13043.055,9411957,14005818951.0,SZ399001
2025-12-02 14:40:00,13043.046,13044.394,13037.123,13038.034,9669732,14117450118.0,SZ399001
2025-12-02 14:45:00,13038.046,13041.943,13035.939,13041.733,10773331,16228871523.0,SZ399001
2025-12-02 14:50:00,13041.657,13049.391,13041.657,13043.056,12488717,19312923968.0,SZ399001
2025-12-02 14:55:00,13043.253,13047.096,13041.98,13047.096,17875448,26666896181.0,SZ399001
2025-12-02 15:00:00,13046.645,13056.701,13046.645,13056.701,18115342,26285875898.0,SZ399001
2025-12-03 09:35:00,13071.157,13121.686,13071.157,13111.434,72382558,107827219513.0,SZ399001
2025-12-03 09:40:00,13112.139,13126.67,13061.826,13061.826,39510086,59590937124.0,SZ399001
2025-12-03 09:45:00,13059.558,13081.857,13051.617,13078.726,32761371,47902884078.0,SZ399001
2025-12-03 09:50:00,13080.807,13103.096,13070.264,13095.49,30704149,48316333195.0,SZ399001
2025-12-03 09:55:00,13090.67,13098.758,13057.079,13082.991,24175461,38187886478.0,SZ399001
2025-12-03 10:00:00,13081.783,13081.783,13059.737,13065.393,23666246,33534641047.0,SZ399001
2025-12-03 10:05:00,13067.497,13098.61,13066.125,13097.76,21672558,31110417287.0,SZ399001
2025-12-03 10:10:00,13097.766,13099.095,13075.921,13087.889,20314332,28741905288.0,SZ399001
2025-12-03 10:15:00,13087.644,13091.19,13061.272,13091.19,17614044,25897854364.0,SZ399001
2025-12-03 10:20:00,13091.545,13094.871,13075.652,13076.922,13611598,21023198850.0,SZ399001
2025-12-03 10:25:00,13076.86,13086.685,13048.746,13048.746,14634247,22315104388.0,SZ399001
2025-12-03 10:30:00,13047.992,13047.992,13021.119,13021.119,14397178,22550868329.0,SZ399001
2025-12-03 10:35:00,13020.601,13020.601,12995.812,12996.289,16052722,24569405551.0,SZ399001
2025-12-03 10:40:00,12994.982,13002.868,12983.389,13002.868,14338885,21258760568.0,SZ399001
2025-12-03 10:45:00,13003.423,13003.423,12979.18,12998.097,11827374,18444622314.0,SZ399001
2025-12-03 10:50:00,12998.299,13031.322,12998.299,13031.106,10288438,15164280317.0,SZ399001
2025-12-03 10:55:00,13032.029,13043.008,13016.191,13017.433,9851699,13611448170.0,SZ399001
2025-12-03 11:00:00,13018.26,13031.322,13015.011,13015.011,9442959,13680759484.0,SZ399001
2025-12-03 11:05:00,13013.981,13018.993,12998.601,13012.633,10185281,14791768107.0,SZ399001
2025-12-03 11:10:00,13011.09,13024.887,13000.753,13024.022,8665965,13209719666.0,SZ399001
2025-12-03 11:15:00,13023.869,13045.29,13020.665,13035.517,7690041,11612221649.0,SZ399001
2025-12-03 11:20:00,13035.866,13036.588,13020.426,13030.388,6970153,9927106288.0,SZ399001
2025-12-03 11:25:00,13029.666,13029.666,13011.391,13013.601,8339116,11171367016.0,SZ399001
2025-12-03 11:30:00,13013.551,13031.682,13013.551,13031.259,7012479,10155769302.0,SZ399001
2025-12-03 13:05:00,13031.264,13031.264,13005.344,13022.856,16778189,21628287624.0,SZ399001
2025-12-03 13:10:00,13024.223,13037.76,13021.753,13037.76,9317820,12874683678.0,SZ399001
2025-12-03 13:15:00,13037.766,13044.691,13036.095,13036.307,8250169,13516891218.0,SZ399001
2025-12-03 13:20:00,13035.64,13047.432,13034.819,13046.086,8360206,12376548778.0,SZ399001
2025-12-03 13:25:00,13045.704,13050.273,13033.724,13034.168,7704169,11806677751.0,SZ399001
2025-12-03 13:30:00,13035.414,13036.91,13024.867,13028.466,8283122,12391197044.0,SZ399001
2025-12-03 13:35:00,13028.956,13028.956,13009.742,13013.733,9165150,13407657906.0,SZ399001
2025-12-03 13:40:00,13013.367,13013.767,12995.817,12997.218,8170585,11944877972.0,SZ399001
2025-12-03 13:45:00,12996.693,12997.219,12985.1,12991.387,9481936,13728294558.0,SZ399001
2025-12-03 13:50:00,12991.038,12999.89,12990.406,12996.811,7475177,10740077793.0,SZ399001
2025-12-03 13:55:00,12996.33,12996.33,12973.053,12973.053,9299508,13574054775.0,SZ399001
2025-12-03 14:00:00,12972.579,12973.994,12965.693,12967.356,10503497,15164244188.0,SZ399001
2025-12-03 14:05:00,12967.245,12967.34,12955.934,12955.934,9832198,13918007235.0,SZ399001
2025-12-03 14:10:00,12956.105,12961.191,12938.543,12944.735,9538691,14574783437.0,SZ399001
2025-12-03 14:15:00,12945.929,12959.679,12943.317,12949.534,8181995,11895021015.0,SZ399001
2025-12-03 14:20:00,12949.261,12951.663,12927.47,12927.47,8596652,13123141952.0,SZ399001
2025-12-03 14:25:00,12927.207,12939.173,12924.862,12924.922,9387414,13758271045.0,SZ399001
2025-12-03 14:30:00,12924.283,12940.836,12922.675,12940.836,8929844,13253517663.0,SZ399001
2025-12-03 14:35:00,12941.164,12957.69,12938.754,12951.76,11388912,16106430758.0,SZ399001
2025-12-03 14:40:00,12951.671,12965.833,12949.508,12956.57,9895996,14561632808.0,SZ399001
2025-12-03 14:45:00,12955.631,12955.892,12942.946,12943.376,10304114,15624075530.0,SZ399001
2025-12-03 14:50:00,12942.947,12959.057,12942.481,12949.628,12844485,19208278416.0,SZ399001
2025-12-03 14:55:00,12948.686,12956.848,12948.686,12956.74,16751764,24224654221.0,SZ399001
2025-12-03 15:00:00,12956.919,12958.247,12954.978,12955.254,17155514,24797958805.0,SZ399001
2025-12-04 09:35:00,12957.804,13005.509,12957.804,12999.319,71322236,100942195021.0,SZ399001
2025-12-04 09:40:00,13000.48,13002.42,12972.315,12988.874,40123142,56632592314.0,SZ399001
2025-12-04 09:45:00,12987.479,12989.291,12952.147,12953.908,31654567,45927959779.0,SZ399001
2025-12-04 09:50:00,12955.378,12956.097,12937.705,12947.444,27194753,38213541853.0,SZ399001
2025-12-04 09:55:00,12946.745,12950.353,12907.355,12909.703,26203539,37788841816.0,SZ399001
2025-12-04 10:00:00,12909.602,12909.602,12883.537,12885.661,21705010,32864627170.0,SZ399001
2025-12-04 10:05:00,12887.183,12916.767,12881.56,12913.263,18128595,27413609649.0,SZ399001
2025-12-04 10:10:00,12914.497,12916.637,12904.447,12913.974,17935302,24552191479.0,SZ399001
2025-12-04 10:15:00,12914.61,12944.567,12909.133,12925.295,16330669,24016637163.0,SZ399001
2025-12-04 10:20:00,12925.308,12929.408,12888.879,12890.288,15503931,22699534541.0,SZ399001
2025-12-04 10:25:00,12891.601,12953.552,12891.601,12953.552,14317858,21471550609.0,SZ399001
2025-12-04 10:30:00,12954.858,12981.857,12954.858,12958.711,14952221,25185378992.0,SZ399001
2025-12-04 10:35:00,12959.214,12975.212,12954.277,12975.212,12245834,18228836142.0,SZ399001
2025-12-04 10:40:00,12975.453,12976.039,12955.762,12971.647,10416339,14777570428.0,SZ399001
2025-12-04 10:45:00,12971.435,12979.594,12960.537,12979.594,10199459,15594313227.0,SZ399001
2025-12-04 10:50:00,12979.583,13009.295,12974.107,13008.178,11765861,17431404879.0,SZ399001
2025-12-04 10:55:00,13008.642,13032.652,13001.794,13032.48,11331614,19126243870.0,SZ399001
2025-12-04 11:00:00,13032.193,13042.955,13018.04,13018.189,10280088,16557111502.0,SZ399001
2025-12-04 11:05:00,13016.908,13016.962,12992.89,12993.17,8586154,12847125233.0,SZ399001
2025-12-04 11:10:00,12993.065,12993.48,12980.563,12980.563,7727412,10947936576.0,SZ399001
2025-12-04 11:15:00,12980.74,12992.968,12972.415,12983.285,7502154,10764154818.0,SZ399001
2025-12-04 11:20:00,12980.885,12995.781,12980.522,12995.781,6406307,9522450467.0,SZ399001
2025-12-04 11:25:00,12996.734,13010.018,12996.734,13008.969,6521447,11013953494.0,SZ399001
2025-12-04 11:30:00,13008.509,13009.952,12998.868,13000.881,6282427,9496534862.0,SZ399001
2025-12-04 13:05:00,13001.628,13014.819,12997.351,13012.267,11121191,17162070455.0,SZ399001
2025-12-04 13:10:00,13011.811,13012.21,12987.821,12992.67,8250998,12091006462.0,SZ399001
2025-12-04 13:15:00,12991.353,13003.339,12986.538,12986.538,7512421,11040245404.0,SZ399001
2025-12-04 13:20:00,12985.877,12985.877,12965.676,12966.206,8472336,12135740138.0,SZ399001
2025-12-04 13:25:00,12966.269,12978.312,12965.001,12978.312,6758380,10244921546.0,SZ399001
2025-12-04 13:30:00,12978.14,12994.923,12977.791,12992.675,6928269,10491043456.0,SZ399001
2025-12-04 13:35:00,12992.203,12993.568,12981.636,12981.636,7025131,10059456092.0,SZ399001
2025-12-04 13:40:00,12981.688,12985.658,12972.003,12972.003,6189804,8810005676.0,SZ399001
2025-12-04 13:45:00,12972.286,12980.377,12968.88,12979.269,5878092,8239265174.0,SZ399001
2025-12-04 13:50:00,12980.813,12988.879,12980.043,12986.686,6155219,8581409155.0,SZ399001
2025-12-04 13:55:00,12986.439,12986.439,12970.984,12971.158,6613695,9232717083.0,SZ399001
2025-12-04 14:00:00,12970.879,12974.588,12966.223,12970.563,7167072,9619083575.0,SZ399001
2025-12-04 14:05:00,12971.373,12991.94,12970.907,12982.966,7617627,10270067143.0,SZ399001
2025-12-04 14:10:00,12983.447,12993.123,12980.336,12990.368,6454813,8731427981.0,SZ399001
2025-12-04 14:15:00,12992.711,13011.935,12992.711,13003.666,6887283,10674940246.0,SZ399001
2025-12-04 14:20:00,13003.535,13006.301,12989.874,12997.586,7438914,10321306085.0,SZ399001
2025-12-04 14:25:00,12996.957,12997.708,12985.748,12985.748,7007981,9790698118.0,SZ399001
2025-12-04 14:30:00,12985.495,12995.14,12983.154,12994.947,6880540,9611940208.0,SZ399001
2025-12-04 14:35:00,12995.987,13004.581,12995.987,13003.164,8515967,12049057960.0,SZ399001
2025-12-04 14:40:00,13002.91,13007.539,13000.766,13001.829,8346222,12255351410.0,SZ399001
2025-12-04 14:45:00,13000.854,13008.309,12998.859,13000.857,11957364,17361210249.0,SZ399001
2025-12-04 14:50:00,12999.95,13007.977,12999.703,13005.898,13802816,20030404233.0,SZ399001
2025-12-04 14:55:00,13004.434,13004.434,12996.832,13000.101,18333647,26297439800.0,SZ399001
2025-12-04 15:00:00,12999.915,13006.717,12999.695,13006.717,18245383,26130148619.0,SZ399001
2025-12-05 09:35:00,13020.287,13025.431,12983.037,12989.232,69839188,97059269509.0,SZ399001
2025-12-05 09:40:00,12989.269,12989.269,12963.508,12981.436,37132557,53593598726.0,SZ399001
2025-12-05 09:45:00,12981.861,13000.874,12958.272,12958.272,28383004,42684829735.0,SZ399001
2025-12-05 09:50:00,12956.428,12996.377,12938.349,12994.61,24332077,36693357016.0,SZ399001
2025-12-05 09:55:00,12997.82,13022.154,12991.289,12996.151,22251785,33321963305.0,SZ399001
2025-12-05 10:00:00,12996.463,13015.732,12989.113,13015.732,20542890,29125308724.0,SZ399001
2025-12-05 10:05:00,13015.631,13034.3,13011.688,13023.47,19739509,27921805158.0,SZ399001
2025-12-05 10:10:00,13022.105,13022.105,12984.66,12993.009,15900161,23569544626.0,SZ399001
2025-12-05 10:15:00,12993.277,13001.008,12982.481,12997.795,12564680,20104851710.0,SZ399001
2025-12-05 10:20:00,12996.344,13002.24,12985.193,12998.476,11414187,18345449561.0,SZ399001
2025-12-05 10:25:00,12995.765,12999.599,12977.424,12978.935,10919822,17541610098.0,SZ399001
2025-12-05 10:30:00,12977.561,12991.97,12977.391,12979.837,10067193,15939455617.0,SZ399001
2025-12-05 10:35:00,12979.373,12999.135,12977.424,12989.296,10559606,15345905497.0,SZ399001
2025-12-05 10:40:00,12988.488,13021.877,12988.178,13016.299,9247866,15031513929.0,SZ399001
2025-12-05 10:45:00,13016.104,13018.671,12996.429,13018.671,9680727,14742276905.0,SZ399001
2025-12-05 10:50:00,13017.696,13036.501,13017.386,13022.621,9910853,16432129873.0,SZ399001
2025-12-05 10:55:00,13022.19,13042.753,13022.19,13041.167,8619607,14073525272.0,SZ399001
2025-12-05 11:00:00,13041.092,13042.508,13019.475,13027.711,7855993,12667593169.0,SZ399001
2025-12-05 11:05:00,13029.42,13039.275,13028.194,13033.496,8289051,13174786031.0,SZ399001
2025-12-05 11:10:00,13033.072,13043.632,13030.929,13039.129,8304335,12755227615.0,SZ399001
2025-12-05 11:15:00,13038.932,13055.223,13037.12,13054.7,9414362,14731628230.0,SZ399001
2025-12-05 11:20:00,13053.556,13080.364,13051.484,13069.58,11857952,16704171415.0,SZ399001
2025-12-05 11:25:00,13070.491,13084.874,13057.014,13059.426,8403252,13028083280.0,SZ399001
2025-12-05 11:30:00,13060.523,13070.237,13056.016,13057.09,6760644,10639367077.0,SZ399001
2025-12-05 13:05:00,13060.326,13087.915,13060.326,13063.633,13603675,21038723169.0,SZ399001
2025-12-05 13:10:00,13062.434,13079.959,13059.285,13061.872,8651622,15061006113.0,SZ399001
2025-12-05 13:15:00,13063.551,13068.569,13045.326,13049.028,8393918,13639747036.0,SZ399001
2025-12-05 13:20:00,13049.406,13063.822,13048.364,13059.052,7785178,12467230725.0,SZ399001
2025-12-05 13:25:00,13058.868,13071.28,13057.19,13068.407,8896861,13284656203.0,SZ399001
2025-12-05 13:30:00,13067.971,13068.374,13054.185,13063.171,7424743,11554510741.0,SZ399001
2025-12-05 13:35:00,13062.86,13084.068,13058.276,13076.314,10135094,14946313226.0,SZ399001
2025-12-05 13:40:00,13076.233,13076.233,13061.838,13072.894,9099661,15285992924.0,SZ399001
2025-12-05 13:45:00,13073.207,13095.952,13071.738,13095.433,10971785,18740283959.0,SZ399001
2025-12-05 13:50:00,13094.947,13127.324,13094.947,13120.905,14721759,22660937768.0,SZ399001
2025-12-05 13:55:00,13122.323,13128.687,13107.595,13124.621,12805378,19352942378.0,SZ399001
2025-12-05 14:00:00,13124.525,13151.552,13122.705,13151.552,12456848,19221438477.0,SZ399001
2025-12-05 14:05:00,13152.765,13164.484,13146.544,13149.309,13983073,21098110477.0,SZ399001
2025-12-05 14:10:00,13149.229,13164.417,13149.172,13156.958,10669749,16134508933.0,SZ399001
2025-12-05 14:15:00,13158.305,13160.695,13141.008,13142.821,10662708,15316506925.0,SZ399001
2025-12-05 14:20:00,13141.747,13150.639,13137.933,13150.37,9580972,14319221653.0,SZ399001
2025-12-05 14:25:00,13150.845,13155.372,13145.796,13152.887,9572722,15009651425.0,SZ399001
2025-12-05 14:30:00,13153.048,13153.048,13144.356,13144.762,9619868,15032255368.0,SZ399001
2025-12-05 14:35:00,13145.385,13145.799,13131.4,13133.984,10902545,16378100332.0,SZ399001
2025-12-05 14:40:00,13134.114,13141.572,13131.473,13131.665,9883474,14973398740.0,SZ399001
2025-12-05 14:45:00,13131.804,13137.145,13131.435,13133.867,11697101,17549362644.0,SZ399001
2025-12-05 14:50:00,13132.799,13143.49,13132.539,13141.282,15143586,22360395337.0,SZ399001
2025-12-05 14:55:00,13138.964,13141.941,13134.872,13141.941,20527866,29597176939.0,SZ399001
2025-12-05 15:00:00,13141.026,13147.677,13140.047,13147.677,20121578,28779134629.0,SZ399001
2025-12-08 09:35:00,13178.957,13211.1,13178.957,13209.028,88393268,132777746292.0,SZ399001
2025-12-08 09:40:00,13209.374,13231.791,13202.333,13206.12,44704663,72602595714.0,SZ399001
2025-12-08 09:45:00,13203.816,13226.564,13199.204,13206.14,34546716,56526822923.0,SZ399001
2025-12-08 09:50:00,13207.765,13215.728,13182.859,13189.319,30549338,50275320811.0,SZ399001
2025-12-08 09:55:00,13189.579,13225.72,13183.957,13225.615,25371500,44267922881.0,SZ399001
2025-12-08 10:00:00,13226.5,13233.478,13205.92,13213.019,22782033,37921322173.0,SZ399001
2025-12-08 10:05:00,13213.025,13256.162,13209.846,13256.003,19749236,34360780781.0,SZ399001
2025-12-08 10:10:00,13256.829,13301.582,13256.662,13300.92,18115751,34319114678.0,SZ399001
2025-12-08 10:15:00,13300.868,13300.868,13276.868,13282.079,17311285,29217126840.0,SZ399001
2025-12-08 10:20:00,13280.985,13304.943,13280.868,13304.943,14927489,25521977247.0,SZ399001
2025-12-08 10:25:00,13304.004,13313.403,13292.624,13312.984,14060925,24452320967.0,SZ399001
2025-12-08 10:30:00,13311.751,13311.751,13278.852,13280.482,14047653,25332065982.0,SZ399001
2025-12-08 10:35:00,13280.791,13307.932,13280.791,13302.956,11902264,21616028821.0,SZ399001
2025-12-08 10:40:00,13301.575,13323.354,13298.35,13312.999,11300084,19195297502.0,SZ399001
2025-12-08 10:45:00,13313.49,13335.05,13313.49,13328.976,10336501,18157321932.0,SZ399001
2025-12-08 10:50:00,13329.509,13330.071,13298.049,13305.854,10166798,17037123281.0,SZ399001
2025-12-08 10:55:00,13305.633,13317.445,13296.716,13317.445,9413541,14917485915.0,SZ399001
2025-12-08 11:00:00,13318.379,13320.429,13305.539,13315.623,8038957,13288766408.0,SZ399001
2025-12-08 11:05:00,13315.725,13333.754,13315.097,13323.515,9682542,16975140264.0,SZ399001
2025-12-08 11:10:00,13324.197,13330.888,13311.502,13311.992,9632747,15346421144.0,SZ399001
2025-12-08 11:15:00,13312.627,13327.813,13308.128,13325.775,8675764,14985683362.0,SZ399001
2025-12-08 11:20:00,13326.41,13349.969,13326.178,13349.969,7571369,13152675435.0,SZ399001
2025-12-08 11:25:00,13350.745,13357.258,13348.846,13352.254,7207515,13625970393.0,SZ399001
2025-12-08 11:30:00,13351.923,13355.162,13343.023,13351.473,7759854,13969761121.0,SZ399001
2025-12-08 13:05:00,13353.505,13354.032,13340.183,13349.512,13986189,25235343323.0,SZ399001
2025-12-08 13:10:00,13346.592,13358.646,13346.227,13356.741,10129364,17641203348.0,SZ399001
2025-12-08 13:15:00,13356.427,13357.342,13342.717,13347.814,8723369,16501714341.0,SZ399001
2025-12-08 13:20:00,13347.672,13350.897,13341.498,13346.406,8985254,15883718558.0,SZ399001
2025-12-08 13:25:00,13346.289,13365.623,13346.289,13364.698,9593970,15344261438.0,SZ399001
2025-12-08 13:30:00,13364.999,13379.486,13364.456,13379.486,9489070,15663445174.0,SZ399001
2025-12-08 13:35:00,13380.183,13389.673,13375.941,13386.139,10034833,16488102997.0,SZ399001
2025-12-08 13:40:00,13385.903,13387.671,13371.521,13372.923,9861629,15016317830.0,SZ399001
2025-12-08 13:45:00,13373.328,13382.159,13369.369,13381.31,8904435,13530901914.0,SZ399001
2025-12-08 13:50:00,13380.99,13380.99,13356.12,13356.12,9254887,15021679752.0,SZ399001
2025-12-08 13:55:00,13355.33,13360.073,13349.365,13358.827,11917886,16725798234.0,SZ399001
2025-12-08 14:00:00,13358.844,13360.948,13336.219,13336.219,13314989,19893763352.0,SZ399001
2025-12-08 14:05:00,13336.802,13336.802,13325.807,13331.044,11480164,18694765935.0,SZ399001
2025-12-08 14:10:00,13331.37,13350.706,13327.222,13349.669,9876303,15559020743.0,SZ399001
2025-12-08 14:15:00,13348.24,13348.558,13329.33,13333.208,9157227,15308203182.0,SZ399001
2025-12-08 14:20:00,13333.067,13333.067,13317.631,13329.745,13775816,21005090078.0,SZ399001
2025-12-08 14:25:00,13330.286,13334.21,13327.104,13329.118,8570456,14541463728.0,SZ399001
2025-12-08 14:30:00,13328.846,13333.31,13327.438,13331.636,8030844,13102582389.0,SZ399001
2025-12-08 14:35:00,13331.96,13346.875,13331.274,13343.004,10504280,16116683398.0,SZ399001
2025-12-08 14:40:00,13343.029,13345.683,13335.419,13340.042,10247364,15985081345.0,SZ399001
2025-12-08 14:45:00,13339.421,13339.421,13318.038,13319.771,12542538,19551324676.0,SZ399001
2025-12-08 14:50:00,13318.634,13322.413,13313.603,13313.603,14606792,23297574624.0,SZ399001
2025-12-08 14:55:00,13314.023,13323.266,13308.101,13322.112,19459567,30356190947.0,SZ399001
2025-12-08 15:00:00,13322.719,13330.623,13322.081,13329.99,20394806,30900337065.0,SZ399001
2025-12-09 09:35:00,13295.622,13299.451,13277.236,13294.217,78530909,128265412169.0,SZ399001
2025-12-09 09:40:00,13291.86,13307.618,13283.313,13297.141,40436141,69391196592.0,SZ399001
2025-12-09 09:45:00,13298.14,13340.383,13298.14,13340.383,28184434,50916061018.0,SZ399001
2025-12-09 09:50:00,13338.876,13341.03,13314.787,13315.589,27980705,47847565757.0,SZ399001
2025-12-09 09:55:00,13319.008,13360.643,13319.008,13357.577,25968016,43227735344.0,SZ399001
2025-12-09 10:00:00,13357.126,13379.13,13349.806,13367.366,22079233,38911491916.0,SZ399001
2025-12-09 10:05:00,13371.52,13398.249,13371.426,13385.182,26048237,41784622462.0,SZ399001
2025-12-09 10:10:00,13385.054,13390.514,13373.599,13382.08,23414671,36505850399.0,SZ399001
2025-12-09 10:15:00,13382.034,13382.64,13364.291,13364.701,19438632,30569098425.0,SZ399001
2025-12-09 10:20:00,13364.758,13367.181,13344.952,13347.841,15812855,26623123556.0,SZ399001
2025-12-09 10:25:00,13346.417,13346.417,13310.737,13310.837,15657508,26037367756.0,SZ399001
2025-12-09 10:30:00,13311.793,13320.653,13298.355,13298.998,15525500,25247083667.0,SZ399001
2025-12-09 10:35:00,13299.853,13335.822,13299.701,13335.586,12972926,20687485362.0,SZ399001
2025-12-09 10:40:00,13335.105,13352.871,13329.749,13331.426,11601632,19330750752.0,SZ399001
2025-12-09 10:45:00,13334.869,13351.169,13334.869,13348.116,9369259,16571685271.0,SZ399001
2025-12-09 10:50:00,13346.619,13346.619,13318.245,13318.245,9578999,15947382191.0,SZ399001
2025-12-09 10:55:00,13317.421,13317.421,13290.039,13291.948,11068724,17753619442.0,SZ399001
2025-12-09 11:00:00,13291.617,13327.604,13291.531,13323.123,9700000,15827909680.0,SZ399001
2025-12-09 11:05:00,13322.374,13330.858,13311.752,13330.858,10306291,13887947245.0,SZ399001
2025-12-09 11:10:00,13332.038,13338.816,13330.458,13334.05,7724303,12431251519.0,SZ399001
2025-12-09 11:15:00,13332.096,13349.685,13328.793,13346.278,7622042,14147664570.0,SZ399001
2025-12-09 11:20:00,13346.3,13346.439,13332.57,13342.4,7415289,12741408309.0,SZ399001
2025-12-09 11:25:00,13343.354,13350.805,13340.759,13348.457,6103407,11131041845.0,SZ399001
2025-12-09 11:30:00,13348.412,13351.919,13341.07,13341.618,6656704,11680705386.0,SZ399001
2025-12-09 13:05:00,13342.556,13342.556,13312.858,13315.886,12391436,19033329769.0,SZ399001
2025-12-09 13:10:00,13315.915,13318.507,13301.078,13301.078,8688575,15010153909.0,SZ399001
2025-12-09 13:15:00,13299.695,13299.695,13282.165,13282.165,9615769,16100663957.0,SZ399001
2025-12-09 13:20:00,13281.683,13289.126,13278.574,13278.574,8646848,14566223875.0,SZ399001
2025-12-09 13:25:00,13277.957,13290.65,13274.334,13282.974,8644503,14099748078.0,SZ399001
2025-12-09 13:30:00,13281.919,13283.077,13262.196,13262.982,9788218,15509801767.0,SZ399001
2025-12-09 13:35:00,13262.348,13281.803,13261.73,13279.708,9101002,13699837243.0,SZ399001
2025-12-09 13:40:00,13279.417,13283.465,13273.699,13275.148,8186373,12065598114.0,SZ399001
2025-12-09 13:45:00,13274.99,13274.99,13257.718,13258.016,10890231,14751252118.0,SZ399001
2025-12-09 13:50:00,13256.866,13260.9,13246.299,13246.299,8016928,12805964805.0,SZ399001
2025-12-09 13:55:00,13246.442,13248.498,13239.087,13244.718,8465387,13725861085.0,SZ399001
2025-12-09 14:00:00,13244.321,13245.859,13239.319,13241.881,6866135,10761817074.0,SZ399001
2025-12-09 14:05:00,13241.946,13249.003,13227.775,13248.465,9259475,14329845215.0,SZ399001
2025-12-09 14:10:00,13248.4,13258.222,13246.901,13252.737,6594114,10592980155.0,SZ399001
2025-12-09 14:15:00,13252.419,13252.419,13234.672,13241.342,8397279,12410769213.0,SZ399001
2025-12-09 14:20:00,13241.049,13241.049,13228.492,13229.378,8232679,12581847444.0,SZ399001
2025-12-09 14:25:00,13228.859,13252.251,13228.223,13252.206,7756776,12387029402.0,SZ399001
2025-12-09 14:30:00,13251.952,13267.133,13251.895,13264.045,7512139,12588315607.0,SZ399001
2025-12-09 14:35:00,13264.683,13273.146,13252.804,13263.459,10197487,15885794685.0,SZ399001
2025-12-09 14:40:00,13263.626,13274.125,13257.57,13257.923,10249757,15860393885.0,SZ399001
2025-12-09 14:45:00,13258.428,13277.163,13258.418,13275.562,11220615,17644518368.0,SZ399001
2025-12-09 14:50:00,13275.367,13276.119,13270.069,13272.61,12622137,21096428447.0,SZ399001
2025-12-09 14:55:00,13272.573,13278.653,13271.368,13275.57,18916088,28634244106.0,SZ399001
2025-12-09 15:00:00,13276.458,13280.777,13276.223,13277.363,18589534,29185024187.0,SZ399001
2025-12-10 09:35:00,13251.266,13253.645,13152.451,13152.451,77400112,117587677534.0,SZ399001
2025-12-10 09:40:00,13152.376,13190.999,13151.719,13161.21,43368663,67802028973.0,SZ399001
2025-12-10 09:45:00,13159.568,13174.386,13130.524,13141.243,34938525,56982050393.0,SZ399001
2025-12-10 09:50:00,13142.753,13175.082,13126.208,13170.59,27001539,46491177387.0,SZ399001
2025-12-10 09:55:00,13169.86,13182.776,13155.951,13171.206,22238809,37359919425.0,SZ399001
2025-12-10 10:00:00,13169.153,13181.865,13159.292,13164.486,19567266,31386693237.0,SZ399001
2025-12-10 10:05:00,13163.211,13174.931,13150.019,13173.403,18814356,30594600892.0,SZ399001
2025-12-10 10:10:00,13177.59,13194.084,13172.461,13183.109,15830051,27070856067.0,SZ399001
2025-12-10 10:15:00,13182.143,13186.695,13155.206,13155.911,15315619,23725875168.0,SZ399001
2025-12-10 10:20:00,13156.434,13170.411,13147.449,13170.014,13490609,20221318713.0,SZ399001
2025-12-10 10:25:00,13169.505,13190.955,13169.505,13190.955,13940985,19949829768.0,SZ399001
2025-12-10 10:30:00,13190.816,13210.93,13190.816,13201.575,11774043,18576920707.0,SZ399001
2025-12-10 10:35:00,13201.671,13207.388,13193.879,13203.622,12106010,18362080611.0,SZ399001
2025-12-10 10:40:00,13203.382,13218.089,13199.565,13205.958,12024615,18231897107.0,SZ399001
2025-12-10 10:45:00,13204.877,13251.691,13198.809,13251.448,11907558,20090039036.0,SZ399001
2025-12-10 10:50:00,13251.782,13262.003,13244.01,13245.995,11866268,20264096107.0,SZ399001
2025-12-10 10:55:00,13245.65,13258.711,13240.615,13246.393,9266002,15657802551.0,SZ399001
2025-12-10 11:00:00,13247.185,13248.251,13233.903,13236.111,7944802,13371133773.0,SZ399001
2025-12-10 11:05:00,13235.937,13238.814,13223.793,13228.54,8785258,13677310137.0,SZ399001
2025-12-10 11:10:00,13228.59,13239.7,13219.25,13239.665,8021674,12158161809.0,SZ399001
2025-12-10 11:15:00,13239.041,13242.92,13229.141,13229.141,7328875,11116584189.0,SZ399001
2025-12-10 11:20:00,13228.435,13228.435,13204.585,13206.999,7793747,12026465091.0,SZ399001
2025-12-10 11:25:00,13207.109,13213.386,13206.257,13209.807,6139499,9257328436.0,SZ399001
2025-12-10 11:30:00,13209.647,13209.647,13194.663,13202.49,7085884,10229884508.0,SZ399001
2025-12-10 13:05:00,13203.442,13224.107,13202.082,13222.359,12944875,17586387962.0,SZ399001
2025-12-10 13:10:00,13222.78,13229.5,13195.379,13196.236,10181469,14559011942.0,SZ399001
2025-12-10 13:15:00,13196.014,13199.091,13180.435,13182.79,9579028,13785309795.0,SZ399001
2025-12-10 13:20:00,13182.641,13203.705,13182.332,13198.118,11066020,13396131696.0,SZ399001
2025-12-10 13:25:00,13198.189,13198.189,13179.881,13180.341,9386384,13037956447.0,SZ399001
2025-12-10 13:30:00,13179.665,13206.14,13176.999,13205.154,11672632,13363289106.0,SZ399001
2025-12-10 13:35:00,13206.385,13221.662,13201.551,13221.662,14424887,16479540399.0,SZ399001
2025-12-10 13:40:00,13220.758,13235.207,13220.758,13228.665,10858809,13748213464.0,SZ399001
2025-12-10 13:45:00,13227.791,13240.6,13221.391,13240.6,7733725,11145257161.0,SZ399001
2025-12-10 13:50:00,13241.538,13256.821,13240.941,13248.424,8953715,13035453732.0,SZ399001
2025-12-10 13:55:00,13248.64,13251.472,13236.437,13237.527,6671641,10482905878.0,SZ399001
2025-12-10 14:00:00,13240.098,13257.209,13240.098,13241.199,6718589,10730407942.0,SZ399001
2025-12-10 14:05:00,13240.983,13281.611,13237.406,13281.611,8380355,12993791727.0,SZ399001
2025-12-10 14:10:00,13280.649,13303.142,13280.649,13293.076,10123179,16543930759.0,SZ399001
2025-12-10 14:15:00,13295.159,13336.449,13295.159,13323.694,9762899,18279653104.0,SZ399001
2025-12-10 14:20:00,13323.174,13326.218,13306.178,13325.621,7870269,14137917997.0,SZ399001
2025-12-10 14:25:00,13326.205,13330.519,13317.095,13326.071,7943059,13787374369.0,SZ399001
2025-12-10 14:30:00,13325.027,13336.427,13313.434,13330.489,9154668,15176311444.0,SZ399001
2025-12-10 14:35:00,13331.939,13344.851,13331.939,13332.654,9903409,16207331229.0,SZ399001
2025-12-10 14:40:00,13331.937,13331.937,13322.076,13325.63,9306939,14975373752.0,SZ399001
2025-12-10 14:45:00,13325.98,13333.464,13325.129,13326.322,10419234,16990727934.0,SZ399001
2025-12-10 14:50:00,13325.047,13325.437,13314.771,13314.771,13886181,21432465266.0,SZ399001
2025-12-10 14:55:00,13314.926,13316.463,13311.362,13312.842,17692838,26944889520.0,SZ399001
2025-12-10 15:00:00,13312.443,13318.697,13312.371,13316.424,17705398,27133691162.0,SZ399001
2025-12-11 09:35:00,13333.292,13361.743,13307.897,13360.501,83292528,120769170698.0,SZ399001
2025-12-11 09:40:00,13358.866,13372.976,13332.158,13350.697,43069203,66792297309.0,SZ399001
2025-12-11 09:45:00,13350.025,13386.0,13345.414,13385.003,30411509,48609399458.0,SZ399001
2025-12-11 09:50:00,13385.184,13388.265,13350.448,13357.241,31262064,48041404069.0,SZ399001
2025-12-11 09:55:00,13358.422,13369.68,13347.613,13347.613,25462189,39488271237.0,SZ399001
2025-12-11 10:00:00,13347.448,13359.51,13331.201,13358.506,22687603,35073737012.0,SZ399001
2025-12-11 10:05:00,13354.588,13356.909,13332.903,13353.218,22652360,35424192553.0,SZ399001
2025-12-11 10:10:00,13354.858,13354.858,13328.03,13347.369,19439689,30383077386.0,SZ399001
2025-12-11 10:15:00,13347.55,13372.075,13341.093,13367.362,15696075,25289808041.0,SZ399001
2025-12-11 10:20:00,13366.945,13368.058,13356.81,13363.135,14670992,24454003110.0,SZ399001
2025-12-11 10:25:00,13362.674,13362.674,13330.601,13337.412,13048133,21747488044.0,SZ399001
2025-12-11 10:30:00,13337.133,13372.967,13337.133,13365.509,11651712,19354050319.0,SZ399001
2025-12-11 10:35:00,13365.243,13379.795,13362.056,13375.542,11985679,19746437395.0,SZ399001
2025-12-11 10:40:00,13375.478,13375.478,13351.293,13351.902,10899180,17042344916.0,SZ399001
2025-12-11 10:45:00,13351.953,13363.009,13343.603,13360.08,10509144,16835310480.0,SZ399001
2025-12-11 10:50:00,13357.409,13357.409,13330.752,13343.145,9863006,15804267480.0,SZ399001
2025-12-11 10:55:00,13343.401,13344.385,13313.864,13313.864,9781064,15594494814.0,SZ399001
2025-12-11 11:00:00,13313.076,13326.799,13311.452,13318.038,9912484,15482091473.0,SZ399001
2025-12-11 11:05:00,13318.149,13326.36,13313.186,13321.793,8660921,13277781209.0,SZ399001
2025-12-11 11:10:00,13321.207,13332.274,13317.958,13317.958,7135409,11531386253.0,SZ399001
2025-12-11 11:15:00,13318.069,13331.182,13318.069,13323.368,7176768,11365841600.0,SZ399001
2025-12-11 11:20:00,13323.806,13332.179,13319.109,13324.597,7458678,11281333240.0,SZ399001
2025-12-11 11:25:00,13325.35,13334.125,13308.771,13308.771,7167241,11197640921.0,SZ399001
2025-12-11 11:30:00,13308.605,13308.605,13292.063,13292.607,8366957,12620487153.0,SZ399001
2025-12-11 13:05:00,13289.4,13289.4,13269.031,13274.26,13736245,20873242165.0,SZ399001
2025-12-11 13:10:00,13274.467,13275.713,13259.238,13267.606,9249913,14545642379.0,SZ399001
2025-12-11 13:15:00,13267.088,13267.088,13247.484,13261.47,10858446,16899313899.0,SZ399001
2025-12-11 13:20:00,13260.659,13265.939,13252.763,13253.094,9391778,14586333240.0,SZ399001
2025-12-11 13:25:00,13253.867,13253.867,13238.278,13240.867,10644430,15942703231.0,SZ399001
2025-12-11 13:30:00,13241.5,13253.794,13233.935,13246.816,11161426,16435303949.0,SZ399001
2025-12-11 13:35:00,13245.721,13257.864,13239.135,13257.864,9647135,13407548636.0,SZ399001
2025-12-11 13:40:00,13258.347,13259.934,13240.069,13240.069,8983750,12612581584.0,SZ399001
2025-12-11 13:45:00,13239.752,13250.041,13234.199,13234.199,8242719,12168294290.0,SZ399001
2025-12-11 13:50:00,13234.306,13254.902,13231.413,13249.629,8547164,12886688630.0,SZ399001
2025-12-11 13:55:00,13249.543,13267.959,13249.275,13266.269,7131494,11435300953.0,SZ399001
2025-12-11 14:00:00,13266.554,13269.028,13249.47,13256.501,7011197,11542097988.0,SZ399001
2025-12-11 14:05:00,13256.001,13277.612,13256.001,13274.4,7982168,12571155544.0,SZ399001
2025-12-11 14:10:00,13275.053,13275.313,13253.975,13260.687,7700368,12207226970.0,SZ399001
2025-12-11 14:15:00,13260.884,13266.353,13241.535,13241.535,8359212,12501317615.0,SZ399001
2025-12-11 14:20:00,13242.868,13242.868,13225.269,13225.269,11725039,16099406408.0,SZ399001
2025-12-11 14:25:00,13225.523,13231.841,13219.86,13219.868,10224983,15273835328.0,SZ399001
2025-12-11 14:30:00,13220.841,13220.841,13211.537,13218.749,9964396,15827880382.0,SZ399001
2025-12-11 14:35:00,13219.73,13234.174,13213.295,13227.968,11629531,16421709447.0,SZ399001
2025-12-11 14:40:00,13227.781,13232.574,13199.453,13199.958,10255608,17103337466.0,SZ399001
2025-12-11 14:45:00,13201.324,13204.626,13180.198,13180.524,13460850,23220309160.0,SZ399001
2025-12-11 14:50:00,13180.41,13189.787,13171.804,13171.804,16153583,26582444693.0,SZ399001
2025-12-11 14:55:00,13169.823,13170.328,13148.747,13150.055,21936441,34447036195.0,SZ399001
2025-12-11 15:00:00,13150.147,13155.739,13147.387,13147.387,19111443,29965463428.0,SZ399001
2025-12-12 09:35:00,13174.447,13204.583,13174.447,13185.349,72190093,108529986560.0,SZ399001
2025-12-12 09:40:00,13191.468,13201.785,13127.726,13144.903,38679323,64320283504.0,SZ399001
2025-12-12 09:45:00,13140.771,13157.031,13128.418,13137.049,31430537,51079433789.0,SZ399001
2025-12-12 09:50:00,13135.998,13144.75,13120.459,13140.409,23844555,40512434917.0,SZ399001
2025-12-12 09:55:00,13141.745,13143.878,13118.335,13121.662,22637746,38197913203.0,SZ399001
2025-12-12 10:00:00,13120.87,13139.247,13110.723,13139.14,20113567,32723544682.0,SZ399001
2025-12-12 10:05:00,13137.414,13141.734,13096.735,13104.506,19416736,33383303019.0,SZ399001
2025-12-12 10:10:00,13102.617,13118.135,13085.424,13117.547,17373115,29987226947.0,SZ399001
2025-12-12 10:15:00,13116.695,13164.029,13116.695,13153.362,17141757,29427067304.0,SZ399001
2025-12-12 10:20:00,13153.87,13158.833,13125.39,13125.39,15115694,25287563160.0,SZ399001
2025-12-12 10:25:00,13125.288,13131.021,13114.018,13131.021,13478518,22090470366.0,SZ399001
2025-12-12 10:30:00,13126.641,13132.373,13102.944,13132.373,12275456,20389989473.0,SZ399001
2025-12-12 10:35:00,13134.618,13135.304,13117.492,13128.19,13447450,21005469705.0,SZ399001
2025-12-12 10:40:00,13131.083,13171.511,13130.962,13168.722,11532390,20243215579.0,SZ399001
2025-12-12 10:45:00,13167.722,13200.111,13163.831,13200.111,11254527,21649403145.0,SZ399001
2025-12-12 10:50:00,13200.749,13202.805,13182.575,13200.602,9874898,18963865388.0,SZ399001
2025-12-12 10:55:00,13200.703,13217.689,13192.976,13194.204,10358579,19459796836.0,SZ399001
2025-12-12 11:00:00,13194.345,13215.616,13191.707,13215.013,8447983,15980282190.0,SZ399001
2025-12-12 11:05:00,13214.237,13247.923,13214.237,13247.495,10568734,21691232602.0,SZ399001
2025-12-12 11:10:00,13248.131,13255.943,13212.42,13219.892,11629881,21612803943.0,SZ399001
2025-12-12 11:15:00,13220.635,13249.779,13211.816,13249.779,9891496,17196154095.0,SZ399001
2025-12-12 11:20:00,13250.086,13258.229,13231.114,13231.114,9558592,17713498060.0,SZ399001
2025-12-12 11:25:00,13231.233,13232.137,13217.783,13217.849,7614155,13585163707.0,SZ399001
2025-12-12 11:30:00,13217.256,13232.505,13215.718,13222.511,6778831,12407063220.0,SZ399001
2025-12-12 13:05:00,13222.895,13237.073,13216.143,13232.354,13455040,23698301847.0,SZ399001
2025-12-12 13:10:00,13231.022,13232.351,13217.11,13231.061,9756189,17123404764.0,SZ399001
2025-12-12 13:15:00,13231.454,13247.98,13231.454,13244.887,9790669,16729741734.0,SZ399001
2025-12-12 13:20:00,13243.605,13245.66,13232.679,13237.913,9717138,16212632981.0,SZ399001
2025-12-12 13:25:00,13237.313,13239.219,13228.189,13228.189,9351940,15446625122.0,SZ399001
2025-12-12 13:30:00,13228.699,13248.315,13227.995,13242.995,8946819,15716918363.0,SZ399001
2025-12-12 13:35:00,13243.418,13267.135,13243.418,13248.275,10004373,17677782797.0,SZ399001
2025-12-12 13:40:00,13247.266,13265.185,13242.108,13257.515,8292335,15743482123.0,SZ399001
2025-12-12 13:45:00,13258.584,13270.528,13253.542,13253.542,7999368,14840118179.0,SZ399001
2025-12-12 13:50:00,13253.573,13262.493,13248.153,13261.19,8117240,14766293420.0,SZ399001
2025-12-12 13:55:00,13262.54,13271.419,13261.582,13271.33,7892524,14894947979.0,SZ399001
2025-12-12 14:00:00,13269.579,13276.07,13260.102,13276.07,7981152,14527425340.0,SZ399001
2025-12-12 14:05:00,13276.0,13281.845,13264.272,13270.461,9058988,16265772021.0,SZ399001
2025-12-12 14:10:00,13270.267,13274.508,13263.852,13273.071,8563079,15938961190.0,SZ399001
2025-12-12 14:15:00,13273.766,13284.271,13270.938,13282.072,8917468,16573590162.0,SZ399001
2025-12-12 14:20:00,13281.792,13283.066,13276.17,13282.587,9744467,16223149311.0,SZ399001
2025-12-12 14:25:00,13282.882,13283.727,13271.014,13272.205,10168873,16571799884.0,SZ399001
2025-12-12 14:30:00,13271.456,13277.974,13271.044,13276.47,10627724,17217604157.0,SZ399001
2025-12-12 14:35:00,13276.78,13280.767,13251.298,13254.281,16525968,25062997657.0,SZ399001
2025-12-12 14:40:00,13253.471,13263.355,13253.361,13261.583,13707487,21288850259.0,SZ399001
2025-12-12 14:45:00,13261.091,13261.091,13245.401,13252.589,16334814,25428022124.0,SZ399001
2025-12-12 14:50:00,13251.597,13251.639,13242.998,13242.998,16604281,26076154583.0,SZ399001
2025-12-12 14:55:00,13241.47,13247.781,13239.902,13247.495,21190261,32215475501.0,SZ399001
2025-12-12 15:00:00,13246.359,13258.328,13246.359,13258.328,23595405,38578142647.0,SZ399001
2025-12-15 09:35:00,13150.432,13197.097,13144.822,13174.407,79193382,125418813149.0,SZ399001
2025-12-15 09:40:00,13175.635,13206.742,13161.638,13203.775,43599569,69041571898.0,SZ399001
2025-12-15 09:45:00,13203.69,13233.678,13195.642,13195.642,33850375,54476179825.0,SZ399001
2025-12-15 09:50:00,13193.829,13221.845,13178.977,13210.31,30287693,47532371596.0,SZ399001
2025-12-15 09:55:00,13210.959,13232.908,13182.501,13224.284,23179338,36633713690.0,SZ399001
2025-12-15 10:00:00,13224.671,13231.608,13211.351,13221.238,19354487,31276553056.0,SZ399001
2025-12-15 10:05:00,13218.446,13225.371,13208.752,13223.02,18350190,30704142184.0,SZ399001
2025-12-15 10:10:00,13222.696,13225.991,13195.81,13202.085,16502983,25790678515.0,SZ399001
2025-12-15 10:15:00,13202.516,13202.988,13187.917,13193.652,14144301,22784344557.0,SZ399001
2025-12-15 10:20:00,13193.078,13193.078,13172.54,13172.822,14045144,23712541900.0,SZ399001
2025-12-15 10:25:00,13171.711,13180.599,13160.911,13180.599,12297107,21342554405.0,SZ399001
2025-12-15 10:30:00,13181.57,13196.793,13176.956,13195.792,11434647,18567705707.0,SZ399001
2025-12-15 10:35:00,13194.674,13210.935,13186.392,13210.935,11877192,18812563965.0,SZ399001
2025-12-15 10:40:00,13210.939,13232.298,13208.53,13225.697,11072351,17805744700.0,SZ399001
2025-12-15 10:45:00,13227.849,13241.591,13224.771,13236.012,9649644,16282756108.0,SZ399001
2025-12-15 10:50:00,13236.385,13244.034,13224.682,13241.216,9197794,15836305002.0,SZ399001
2025-12-15 10:55:00,13241.019,13241.979,13218.26,13218.563,8534317,14237217114.0,SZ399001
2025-12-15 11:00:00,13218.086,13227.703,13215.015,13223.219,8526620,13635167444.0,SZ399001
2025-12-15 11:05:00,13222.346,13224.845,13205.529,13205.529,8759483,13793701458.0,SZ399001
2025-12-15 11:10:00,13206.127,13206.353,13189.46,13198.423,7959681,12769121516.0,SZ399001
2025-12-15 11:15:00,13199.002,13200.06,13181.385,13181.385,7699825,11528335710.0,SZ399001
2025-12-15 11:20:00,13180.962,13180.962,13168.889,13175.136,7378279,11940264717.0,SZ399001
2025-12-15 11:25:00,13173.295,13178.543,13166.945,13176.427,5869945,9839641004.0,SZ399001
2025-12-15 11:30:00,13176.01,13176.748,13164.028,13164.033,6013337,10580441259.0,SZ399001
2025-12-15 13:05:00,13164.51,13174.358,13162.158,13171.252,8872723,14829721027.0,SZ399001
2025-12-15 13:10:00,13172.149,13185.062,13168.237,13182.16,6151877,10590276100.0,SZ399001
2025-12-15 13:15:00,13182.811,13188.078,13181.649,13183.257,6019746,9855411095.0,SZ399001
2025-12-15 13:20:00,13180.765,13180.765,13148.844,13151.006,8227535,12966738915.0,SZ399001
2025-12-15 13:25:00,13150.369,13150.369,13142.341,13142.581,7513277,11937776309.0,SZ399001
2025-12-15 13:30:00,13141.679,13142.101,13122.724,13123.11,7228703,13155740462.0,SZ399001
2025-12-15 13:35:00,13122.849,13129.765,13115.394,13116.509,8038712,13666912041.0,SZ399001
2025-12-15 13:40:00,13115.867,13120.46,13111.378,13120.137,8548080,12599707748.0,SZ399001
2025-12-15 13:45:00,13120.449,13128.425,13113.109,13127.233,7790220,11702931762.0,SZ399001
2025-12-15 13:50:00,13126.769,13149.267,13126.769,13149.267,7779835,11469146230.0,SZ399001
2025-12-15 13:55:00,13148.395,13151.069,13143.226,13143.226,6325495,10175825184.0,SZ399001
2025-12-15 14:00:00,13142.796,13160.045,13142.54,13159.657,5864096,11022322149.0,SZ399001
2025-12-15 14:05:00,13160.147,13167.469,13145.283,13145.453,7200559,11872613124.0,SZ399001
2025-12-15 14:10:00,13144.07,13144.07,13127.922,13127.922,7880391,12749519935.0,SZ399001
2025-12-15 14:15:00,13127.809,13135.468,13123.334,13123.514,6859888,11370855501.0,SZ399001
2025-12-15 14:20:00,13123.339,13133.182,13116.114,13132.44,6707102,11339557771.0,SZ399001
2025-12-15 14:25:00,13133.274,13138.452,13131.585,13134.99,6223951,10094235558.0,SZ399001
2025-12-15 14:30:00,13134.596,13144.495,13132.993,13141.515,6584767,10964580782.0,SZ399001
2025-12-15 14:35:00,13142.34,13149.975,13130.389,13130.389,9816966,15679377281.0,SZ399001
2025-12-15 14:40:00,13129.107,13129.13,13121.468,13121.468,10674295,16607801343.0,SZ399001
2025-12-15 14:45:00,13120.884,13120.884,13113.201,13114.413,11599802,18035892288.0,SZ399001
2025-12-15 14:50:00,13114.978,13127.084,13114.978,13117.477,12498611,19741835320.0,SZ399001
2025-12-15 14:55:00,13116.6,13116.6,13111.995,13113.872,17057225,26421895355.0,SZ399001
2025-12-15 15:00:00,13113.321,13114.726,13112.089,13112.089,17044191,25641564338.0,SZ399001
2025-12-16 09:35:00,13084.877,13113.987,13082.425,13085.047,76796811,102785790487.0,SZ399001
2025-12-16 09:40:00,13083.225,13083.225,13029.15,13034.069,41938930,59350087938.0,SZ399001
2025-12-16 09:45:00,13033.146,13037.092,12994.224,13006.747,34903988,50400530673.0,SZ399001
2025-12-16 09:50:00,13005.242,13005.242,12966.572,12973.707,28702281,43829708655.0,SZ399001
2025-12-16 09:55:00,12974.483,12988.489,12966.092,12970.74,25707505,36197344906.0,SZ399001
2025-12-16 10:00:00,12975.248,13008.078,12973.285,13001.276,23709982,32337644790.0,SZ399001
2025-12-16 10:05:00,13000.565,13000.565,12969.447,12969.447,24562366,33793492637.0,SZ399001
2025-12-16 10:10:00,12968.411,12971.516,12958.666,12967.725,16328205,24426740097.0,SZ399001
2025-12-16 10:15:00,12967.137,12967.137,12950.338,12960.149,14263126,21532183832.0,SZ399001
2025-12-16 10:20:00,12960.874,12965.686,12929.988,12929.988,13069233,20669513768.0,SZ399001
2025-12-16 10:25:00,12927.442,12940.049,12920.879,12940.049,12685456,20363256286.0,SZ399001
2025-12-16 10:30:00,12940.799,12963.853,12939.202,12959.974,12134624,19685587153.0,SZ399001
2025-12-16 10:35:00,12958.214,12959.929,12919.94,12920.673,12871797,19884021529.0,SZ399001
2025-12-16 10:40:00,12920.079,12920.079,12889.462,12894.116,12345644,21003101279.0,SZ399001
2025-12-16 10:45:00,12892.311,12921.403,12889.195,12921.403,10724168,16430859907.0,SZ399001
2025-12-16 10:50:00,12922.198,12922.829,12889.539,12890.811,9855827,15754720193.0,SZ399001
2025-12-16 10:55:00,12889.769,12900.6,12873.449,12873.449,9138262,14189996918.0,SZ399001
2025-12-16 11:00:00,12872.419,12905.427,12872.419,12905.163,8979341,14011946722.0,SZ399001
2025-12-16 11:05:00,12904.547,12908.253,12884.966,12884.966,7855250,12076431114.0,SZ399001
2025-12-16 11:10:00,12883.867,12884.236,12869.888,12869.888,7726415,12689302895.0,SZ399001
2025-12-16 11:15:00,12869.153,12877.865,12856.13,12856.13,7148399,12441436114.0,SZ399001
2025-12-16 11:20:00,12857.061,12888.108,12855.805,12869.875,9495587,14681531601.0,SZ399001
2025-12-16 11:25:00,12873.282,12895.696,12863.581,12866.639,7681551,12253856429.0,SZ399001
2025-12-16 11:30:00,12866.845,12875.27,12864.198,12866.089,6828980,10256654410.0,SZ399001
2025-12-16 13:05:00,12864.638,12916.786,12861.505,12909.087,14647184,22502614484.0,SZ399001
2025-12-16 13:10:00,12908.256,12920.891,12894.737,12910.529,9399371,15409583570.0,SZ399001
2025-12-16 13:15:00,12909.493,12922.366,12908.888,12911.001,7932417,12953521671.0,SZ399001
2025-12-16 13:20:00,12909.799,12920.563,12868.679,12868.679,10241052,14702048326.0,SZ399001
2025-12-16 13:25:00,12866.69,12872.205,12861.186,12864.798,9373996,13857179816.0,SZ399001
2025-12-16 13:30:00,12864.783,12864.783,12852.104,12859.087,7628701,12224124023.0,SZ399001
2025-12-16 13:35:00,12858.745,12878.16,12851.222,12878.16,8154348,11857655282.0,SZ399001
2025-12-16 13:40:00,12875.657,12904.227,12874.804,12904.227,9197599,11677440143.0,SZ399001
2025-12-16 13:45:00,12905.041,12951.146,12905.041,12951.146,9836672,14977507001.0,SZ399001
2025-12-16 13:50:00,12952.283,12964.733,12941.658,12956.109,8363217,14677518152.0,SZ399001
2025-12-16 13:55:00,12955.946,12956.482,12938.269,12940.58,6747030,11070751433.0,SZ399001
2025-12-16 14:00:00,12940.171,12971.674,12930.885,12931.531,7759859,12589621616.0,SZ399001
2025-12-16 14:05:00,12934.953,12942.915,12916.5,12924.468,7283340,10689126960.0,SZ399001
2025-12-16 14:10:00,12924.463,12959.844,12924.055,12959.805,5866187,9297396812.0,SZ399001
2025-12-16 14:15:00,12960.685,12974.732,12959.081,12964.671,6788401,11693723481.0,SZ399001
2025-12-16 14:20:00,12965.416,12980.078,12955.838,12965.056,7609790,12984706020.0,SZ399001
2025-12-16 14:25:00,12962.754,12962.754,12943.882,12943.882,7491349,11404487896.0,SZ399001
2025-12-16 14:30:00,12942.194,12944.519,12935.057,12938.893,8115821,12666894579.0,SZ399001
2025-12-16 14:35:00,12939.443,12949.454,12919.598,12949.454,10067394,15171069222.0,SZ399001
2025-12-16 14:40:00,12949.574,12957.262,12938.117,12942.01,8649257,13361585488.0,SZ399001
2025-12-16 14:45:00,12941.998,12947.14,12937.475,12938.338,9558126,14242371917.0,SZ399001
2025-12-16 14:50:00,12937.856,12940.837,12918.8,12918.811,13361116,19312476705.0,SZ399001
2025-12-16 14:55:00,12918.924,12922.465,12915.136,12922.187,17961889,25315931956.0,SZ399001
2025-12-16 15:00:00,12920.415,12924.599,12914.386,12914.668,17034000,25194034827.0,SZ399001
2025-12-17 09:35:00,12927.394,12975.953,12927.394,12973.901,67601866,100371155977.0,SZ399001
2025-12-17 09:40:00,12973.848,12977.155,12954.524,12958.706,37564002,56834860375.0,SZ399001
2025-12-17 09:45:00,12957.857,13028.261,12956.987,13028.261,27398983,43295428918.0,SZ399001
2025-12-17 09:50:00,13028.286,13033.188,13005.611,13011.415,24432559,39512173641.0,SZ399001
2025-12-17 09:55:00,13013.137,13019.593,12971.418,12971.418,25500561,36979404796.0,SZ399001
2025-12-17 10:00:00,12970.411,12985.272,12962.383,12967.889,23104370,32440944053.0,SZ399001
2025-12-17 10:05:00,12967.132,12978.152,12949.153,12949.684,23872977,34087048405.0,SZ399001
2025-12-17 10:10:00,12950.5,12955.379,12930.963,12940.75,18345825,27291832578.0,SZ399001
2025-12-17 10:15:00,12941.49,12975.262,12941.49,12972.561,15314443,23609387782.0,SZ399001
2025-12-17 10:20:00,12972.503,13001.575,12964.41,12997.405,13776831,21339112810.0,SZ399001
2025-12-17 10:25:00,12997.084,13010.693,12990.036,12996.842,12181851,20149513539.0,SZ399001
2025-12-17 10:30:00,12997.123,13006.535,12985.088,13006.535,10604590,18202882565.0,SZ399001
2025-12-17 10:35:00,13006.318,13021.405,12985.94,12992.537,11938696,21348518162.0,SZ399001
2025-12-17 10:40:00,12991.934,13001.156,12981.598,12988.111,9270967,15606665725.0,SZ399001
2025-12-17 10:45:00,12988.818,13009.285,12985.502,12997.67,7466782,12493930211.0,SZ399001
2025-12-17 10:50:00,12998.572,13024.248,12998.572,13024.239,7894543,13829788132.0,SZ399001
2025-12-17 10:55:00,13025.764,13030.305,13015.074,13020.266,7690783,13921083069.0,SZ399001
2025-12-17 11:00:00,13020.303,13021.864,13005.008,13020.8,6516092,11277413095.0,SZ399001
2025-12-17 11:05:00,13021.711,13049.029,13021.711,13045.036,8302725,14229530589.0,SZ399001
2025-12-17 11:10:00,13044.302,13056.616,13036.642,13036.661,6568734,11439407662.0,SZ399001
2025-12-17 11:15:00,13036.153,13050.452,13033.26,13033.26,6342654,10407869567.0,SZ399001
2025-12-17 11:20:00,13032.945,13032.945,13010.916,13011.378,6078592,10012343437.0,SZ399001
2025-12-17 11:25:00,13011.83,13042.552,13011.83,13040.073,5347793,8794786490.0,SZ399001
2025-12-17 11:30:00,13038.539,13038.731,13018.518,13021.352,5237419,8341427361.0,SZ399001
2025-12-17 13:05:00,13021.708,13030.886,13011.609,13030.667,10296405,15772506742.0,SZ399001
2025-12-17 13:10:00,13029.833,13036.498,13019.629,13032.985,7633040,12818423764.0,SZ399001
2025-12-17 13:15:00,13032.28,13045.2,13026.256,13027.885,7882023,13108893868.0,SZ399001
2025-12-17 13:20:00,13026.363,13037.566,13012.24,13021.438,9122713,13272180158.0,SZ399001
2025-12-17 13:25:00,13021.975,13026.46,13012.45,13018.574,6826023,10384544350.0,SZ399001
2025-12-17 13:30:00,13018.555,13034.107,13013.864,13030.276,6017950,9622334312.0,SZ399001
2025-12-17 13:35:00,13028.851,13030.435,13015.17,13030.435,6298179,10161344319.0,SZ399001
2025-12-17 13:40:00,13030.864,13050.202,13022.677,13050.202,7004268,11285090413.0,SZ399001
2025-12-17 13:45:00,13050.005,13080.097,13050.005,13080.097,8725119,14986390723.0,SZ399001
2025-12-17 13:50:00,13081.909,13119.01,13081.909,13117.402,11069144,18222317847.0,SZ399001
2025-12-17 13:55:00,13115.839,13165.088,13108.113,13148.304,16166198,26030605201.0,SZ399001
2025-12-17 14:00:00,13147.275,13183.538,13145.859,13183.538,12412440,22753519363.0,SZ399001
2025-12-17 14:05:00,13186.455,13206.057,13184.986,13202.582,14926942,25279580588.0,SZ399001
2025-12-17 14:10:00,13203.271,13226.692,13189.279,13226.692,12725874,20997526721.0,SZ399001
2025-12-17 14:15:00,13227.794,13254.492,13227.794,13254.492,16299001,28002094231.0,SZ399001
2025-12-17 14:20:00,13254.809,13254.809,13222.074,13225.832,11879883,19823791472.0,SZ399001
2025-12-17 14:25:00,13225.871,13237.699,13210.834,13229.576,10406568,17924047241.0,SZ399001
2025-12-17 14:30:00,13228.767,13228.767,13215.885,13220.482,9167833,14855675536.0,SZ399001
2025-12-17 14:35:00,13219.246,13233.175,13207.442,13232.272,10831853,18750907156.0,SZ399001
2025-12-17 14:40:00,13231.422,13236.184,13223.401,13223.401,10327588,18274937430.0,SZ399001
2025-12-17 14:45:00,13221.724,13223.665,13215.345,13216.4,11205447,18587205053.0,SZ399001
2025-12-17 14:50:00,13215.543,13225.514,13214.226,13224.214,13177052,21760888888.0,SZ399001
2025-12-17 14:55:00,13221.627,13221.881,13213.978,13221.881,17495722,28513495271.0,SZ399001
2025-12-17 15:00:00,13220.352,13224.514,13218.774,13224.514,17249794,27320249635.0,SZ399001
2025-12-18 09:35:00,13112.612,13127.988,13100.074,13105.461,67546105,113768902773.0,SZ399001
2025-12-18 09:40:00,13104.104,13138.837,13098.997,13131.504,34683060,57999206033.0,SZ399001
2025-12-18 09:45:00,13134.064,13167.415,13132.474,13165.971,26528867,46400384797.0,SZ399001
2025-12-18 09:50:00,13162.578,13180.014,13156.819,13180.014,22322931,37280953809.0,SZ399001
2025-12-18 09:55:00,13179.311,13180.881,13163.355,13176.749,19618044,33272373493.0,SZ399001
2025-12-18 10:00:00,13176.542,13205.222,13173.222,13189.319,18408584,30866795040.0,SZ399001
2025-12-18 10:05:00,13187.081,13194.662,13169.685,13180.977,17464180,28052451358.0,SZ399001
2025-12-18 10:10:00,13180.686,13180.686,13138.603,13138.603,14801191,25385912830.0,SZ399001
2025-12-18 10:15:00,13138.486,13138.486,13124.702,13125.842,16049358,25393617858.0,SZ399001
2025-12-18 10:20:00,13124.539,13140.734,13118.727,13129.307,13962691,21788542377.0,SZ399001
2025-12-18 10:25:00,13125.752,13137.73,13112.531,13131.646,13831497,20715385648.0,SZ399001
2025-12-18 10:30:00,13133.123,13141.807,13131.135,13131.871,11275099,17318937392.0,SZ399001
2025-12-18 10:35:00,13131.391,13146.183,13125.195,13143.151,12057686,19477031678.0,SZ399001
2025-12-18 10:40:00,13143.326,13145.095,13115.9,13116.495,11505155,17950706031.0,SZ399001
2025-12-18 10:45:00,13117.386,13120.798,13099.232,13104.606,9996165,16863263726.0,SZ399001
2025-12-18 10:50:00,13104.042,13106.635,13095.546,13097.244,9288679,15000416428.0,SZ399001
2025-12-18 10:55:00,13098.238,13119.321,13098.238,13116.393,7315680,11864058509.0,SZ399001
2025-12-18 11:00:00,13116.893,13116.893,13102.416,13107.305,6549459,11125500166.0,SZ399001
2025-12-18 11:05:00,13107.541,13107.541,13089.66,13093.108,7312103,12138267679.0,SZ399001
2025-12-18 11:10:00,13094.066,13117.661,13087.621,13117.661,7070387,11522899689.0,SZ399001
2025-12-18 11:15:00,13117.755,13128.153,13108.365,13125.547,6134095,9893923128.0,SZ399001
2025-12-18 11:20:00,13124.69,13124.912,13113.507,13115.167,5732801,9304468287.0,SZ399001
2025-12-18 11:25:00,13115.573,13116.414,13105.942,13109.018,5747458,9016423450.0,SZ399001
2025-12-18 11:30:00,13109.95,13127.827,13109.95,13111.783,5994044,9188053944.0,SZ399001
2025-12-18 13:05:00,13113.936,13122.923,13108.364,13108.364,11035896,16325393913.0,SZ399001
2025-12-18 13:10:00,13108.432,13149.618,13103.361,13147.066,9332650,13949664796.0,SZ399001
2025-12-18 13:15:00,13151.018,13164.556,13143.345,13151.425,8674000,13842031153.0,SZ399001
2025-12-18 13:20:00,13151.704,13152.381,13137.804,13142.76,8071882,12504918794.0,SZ399001
2025-12-18 13:25:00,13142.424,13153.637,13134.978,13151.926,7272515,11371604964.0,SZ399001
2025-12-18 13:30:00,13151.95,13157.38,13146.292,13156.102,6386413,10075261258.0,SZ399001
2025-12-18 13:35:00,13154.052,13154.22,13133.77,13135.13,8047709,12478037573.0,SZ399001
2025-12-18 13:40:00,13134.907,13134.907,13099.28,13099.28,10765044,16285302462.0,SZ399001
2025-12-18 13:45:00,13098.58,13110.956,13097.517,13106.628,7903115,12816661716.0,SZ399001
2025-12-18 13:50:00,13105.675,13105.688,13090.583,13095.31,9769625,15363383959.0,SZ399001
2025-12-18 13:55:00,13095.383,13095.383,13081.819,13086.829,9534908,14755760470.0,SZ399001
2025-12-18 14:00:00,13086.332,13090.76,13080.946,13086.325,6565681,10554459519.0,SZ399001
2025-12-18 14:05:00,13086.177,13099.228,13077.081,13096.654,8076150,12464391941.0,SZ399001
2025-12-18 14:10:00,13096.354,13097.679,13085.392,13094.768,5991035,9619077046.0,SZ399001
2025-12-18 14:15:00,13094.279,13098.576,13087.906,13088.917,5836916,9319854802.0,SZ399001
2025-12-18 14:20:00,13089.399,13089.399,13075.883,13086.601,6805976,11005039222.0,SZ399001
2025-12-18 14:25:00,13088.121,13088.709,13073.263,13073.465,7140664,11035317530.0,SZ399001
2025-12-18 14:30:00,13073.56,13080.577,13071.685,13078.258,7497108,11459012521.0,SZ399001
2025-12-18 14:35:00,13080.861,13096.263,13080.861,13083.025,8803860,13057564394.0,SZ399001
2025-12-18 14:40:00,13082.398,13082.398,13071.899,13079.758,8804888,13760183965.0,SZ399001
2025-12-18 14:45:00,13080.422,13087.326,13076.587,13077.101,9753922,14942996203.0,SZ399001
2025-12-18 14:50:00,13076.715,13077.122,13065.237,13065.237,12587601,19819798917.0,SZ399001
2025-12-18 14:55:00,13065.275,13070.042,13060.511,13060.511,17367005,26298579038.0,SZ399001
2025-12-18 15:00:00,13059.219,13060.268,13053.974,13053.974,16896325,25894570984.0,SZ399001
2025-12-19 09:35:00,13116.187,13134.136,13074.108,13074.108,67698589,108707985399.0,SZ399001
2025-12-19 09:40:00,13071.358,13107.854,13070.725,13087.286,34769523,55243286036.0,SZ399001
2025-12-19 09:45:00,13087.402,13111.077,13086.896,13086.896,27774554,43957771544.0,SZ399001
2025-12-19 09:50:00,13085.039,13119.073,13078.975,13118.708,24866234,41000074943.0,SZ399001
2025-12-19 09:55:00,13119.813,13124.579,13097.021,13109.63,20278131,32579169839.0,SZ399001
2025-12-19 10:00:00,13109.445,13109.445,13092.012,13098.639,20783037,28666859008.0,SZ399001
2025-12-19 10:05:00,13097.398,13111.852,13083.573,13092.887,22220476,31535513781.0,SZ399001
2025-12-19 10:10:00,13093.699,13126.494,13078.356,13126.494,19967970,27295771078.0,SZ399001
2025-12-19 10:15:00,13127.349,13191.653,13127.349,13187.703,20605469,31280682895.0,SZ399001
2025-12-19 10:20:00,13186.671,13201.119,13174.513,13201.119,14577340,24545532240.0,SZ399001
2025-12-19 10:25:00,13201.545,13203.477,13189.657,13199.769,13308684,23179444612.0,SZ399001
2025-12-19 10:30:00,13199.533,13205.279,13186.956,13195.497,11918543,19249617026.0,SZ399001
2025-12-19 10:35:00,13195.786,13217.435,13194.88,13200.72,12010268,17760090462.0,SZ399001
2025-12-19 10:40:00,13200.717,13202.244,13168.278,13174.07,11372911,16145361647.0,SZ399001
2025-12-19 10:45:00,13172.927,13179.024,13159.81,13179.024,12467964,16815081874.0,SZ399001
2025-12-19 10:50:00,13178.01,13178.01,13154.487,13154.487,10098658,14623578582.0,SZ399001
2025-12-19 10:55:00,13154.684,13161.072,13147.433,13160.948,9360592,13571524641.0,SZ399001
2025-12-19 11:00:00,13160.005,13181.574,13159.742,13170.497,8341590,12583133854.0,SZ399001
2025-12-19 11:05:00,13169.551,13169.551,13146.313,13156.838,8378058,12686772699.0,SZ399001
2025-12-19 11:10:00,13156.325,13166.707,13154.164,13161.9,6879214,9511573206.0,SZ399001
2025-12-19 11:15:00,13163.957,13167.981,13157.113,13164.049,6267312,9359182069.0,SZ399001
2025-12-19 11:20:00,13164.718,13165.795,13159.775,13164.984,6353929,9125957128.0,SZ399001
2025-12-19 11:25:00,13164.863,13164.863,13152.019,13158.149,7678611,9757540634.0,SZ399001
2025-12-19 11:30:00,13158.547,13194.641,13157.269,13175.132,13087285,15804624996.0,SZ399001
2025-12-19 13:05:00,13174.475,13195.306,13168.926,13177.503,13922077,19449204331.0,SZ399001
2025-12-19 13:10:00,13176.705,13182.346,13172.947,13172.947,8950063,12574789012.0,SZ399001
2025-12-19 13:15:00,13172.76,13172.891,13161.169,13161.529,8948147,12532242867.0,SZ399001
2025-12-19 13:20:00,13161.265,13161.265,13150.081,13157.772,8345175,12621741983.0,SZ399001
2025-12-19 13:25:00,13157.677,13162.156,13152.667,13160.867,7941996,11530920094.0,SZ399001
2025-12-19 13:30:00,13160.755,13164.074,13154.853,13156.374,8087025,11820726593.0,SZ399001
2025-12-19 13:35:00,13155.132,13160.094,13144.773,13154.836,10202439,15734058855.0,SZ399001
2025-12-19 13:40:00,13155.084,13168.248,13153.073,13166.005,8734247,13338873186.0,SZ399001
2025-12-19 13:45:00,13165.253,13171.13,13160.673,13168.887,9457556,14838478503.0,SZ399001
2025-12-19 13:50:00,13166.351,13173.64,13156.208,13156.208,8090082,12012742527.0,SZ399001
2025-12-19 13:55:00,13155.944,13161.739,13154.286,13161.303,7756896,11363410926.0,SZ399001
2025-12-19 14:00:00,13160.745,13161.685,13143.353,13144.508,9784075,13602727877.0,SZ399001
2025-12-19 14:05:00,13142.694,13142.694,13129.986,13132.964,11907447,16749157632.0,SZ399001
2025-12-19 14:10:00,13132.977,13152.579,13131.806,13150.888,8106928,11807112680.0,SZ399001
2025-12-19 14:15:00,13151.535,13151.566,13144.213,13147.059,7076105,10221396367.0,SZ399001
2025-12-19 14:20:00,13147.436,13167.965,13147.436,13166.288,8599871,11745951294.0,SZ399001
2025-12-19 14:25:00,13166.085,13168.415,13154.386,13161.775,8422589,11986396860.0,SZ399001
2025-12-19 14:30:00,13161.766,13163.268,13156.767,13160.216,8022622,11665556159.0,SZ399001
2025-12-19 14:35:00,13161.09,13165.605,13150.811,13150.811,9337514,14494293366.0,SZ399001
2025-12-19 14:40:00,13150.151,13156.928,13141.636,13156.857,10301079,16170530649.0,SZ399001
2025-12-19 14:45:00,13156.757,13156.757,13146.057,13146.057,10730498,16460282361.0,SZ399001
2025-12-19 14:50:00,13145.428,13145.428,13139.25,13142.016,13611616,20672778636.0,SZ399001
2025-12-19 14:55:00,13140.524,13146.49,13136.568,13145.856,19427788,28322301769.0,SZ399001
2025-12-19 15:00:00,13145.808,13149.938,13140.214,13140.214,20298635,31146882304.0,SZ399001
2025-12-22 09:35:00,13225.401,13270.685,13225.401,13255.816,86130948,129307907707.0,SZ399001
2025-12-22 09:40:00,13258.087,13322.984,13256.486,13314.282,43603894,72383899134.0,SZ399001
2025-12-22 09:45:00,13315.044,13317.181,13288.585,13289.022,31298754,52475238458.0,SZ399001
2025-12-22 09:50:00,13286.417,13299.102,13275.712,13295.9,26663207,42919267759.0,SZ399001
2025-12-22 09:55:00,13295.81,13300.583,13282.928,13283.938,24196045,37549195883.0,SZ399001
2025-12-22 10:00:00,13284.041,13319.646,13278.142,13302.682,21336258,33417096553.0,SZ399001
2025-12-22 10:05:00,13303.043,13326.445,13297.894,13323.378,18981405,30943099267.0,SZ399001
2025-12-22 10:10:00,13323.852,13329.761,13315.151,13321.326,16754051,28500112472.0,SZ399001
2025-12-22 10:15:00,13321.458,13328.695,13314.117,13327.737,16594230,26890891871.0,SZ399001
2025-12-22 10:20:00,13328.297,13335.352,13307.034,13307.034,13535267,22810024405.0,SZ399001
2025-12-22 10:25:00,13306.315,13313.535,13298.751,13313.535,12461049,20812691662.0,SZ399001
2025-12-22 10:30:00,13316.749,13326.983,13316.134,13316.407,11085085,18089720933.0,SZ399001
2025-12-22 10:35:00,13316.294,13329.472,13313.123,13313.881,10732135,17617384947.0,SZ399001
2025-12-22 10:40:00,13312.169,13313.057,13300.772,13304.782,10435719,17723293787.0,SZ399001
2025-12-22 10:45:00,13304.015,13304.374,13286.203,13301.757,9446129,16390493485.0,SZ399001
2025-12-22 10:50:00,13301.785,13306.341,13293.294,13300.252,8604182,13708677466.0,SZ399001
2025-12-22 10:55:00,13300.458,13306.185,13297.909,13303.435,7642622,12979857569.0,SZ399001
2025-12-22 11:00:00,13303.274,13308.815,13301.344,13307.037,7741233,13285326238.0,SZ399001
2025-12-22 11:05:00,13306.979,13320.575,13300.476,13320.158,8363341,13202220260.0,SZ399001
2025-12-22 11:10:00,13319.483,13329.968,13316.902,13329.968,7227221,12534116912.0,SZ399001
2025-12-22 11:15:00,13329.989,13345.657,13329.989,13339.4,7716461,13895249870.0,SZ399001
2025-12-22 11:20:00,13339.041,13339.198,13324.215,13324.761,6746716,11647007588.0,SZ399001
2025-12-22 11:25:00,13324.536,13329.882,13320.966,13327.625,6534552,10895714115.0,SZ399001
2025-12-22 11:30:00,13327.72,13331.97,13317.602,13318.804,7765508,12774288606.0,SZ399001
2025-12-22 13:05:00,13320.266,13325.319,13317.239,13324.29,13331588,22873974933.0,SZ399001
2025-12-22 13:10:00,13324.775,13327.21,13304.752,13305.709,10726373,17261222124.0,SZ399001
2025-12-22 13:15:00,13305.745,13307.606,13297.268,13304.983,10423704,16868172971.0,SZ399001
2025-12-22 13:20:00,13305.276,13327.668,13305.276,13322.092,10535918,19002831967.0,SZ399001
2025-12-22 13:25:00,13320.212,13333.893,13320.212,13333.893,9310746,16845224202.0,SZ399001
2025-12-22 13:30:00,13334.092,13339.099,13326.002,13326.002,7807203,13413325375.0,SZ399001
2025-12-22 13:35:00,13327.063,13346.763,13325.153,13339.546,8365571,14518192922.0,SZ399001
2025-12-22 13:40:00,13337.285,13339.238,13322.508,13327.933,8559270,14346475500.0,SZ399001
2025-12-22 13:45:00,13327.551,13337.369,13322.433,13335.51,7679431,13894692395.0,SZ399001
2025-12-22 13:50:00,13335.299,13342.6,13330.202,13338.59,6980630,12837670737.0,SZ399001
2025-12-22 13:55:00,13340.064,13344.581,13325.558,13325.558,7338200,13642591376.0,SZ399001
2025-12-22 14:00:00,13326.184,13334.231,13324.757,13326.565,6630347,11176972434.0,SZ399001
2025-12-22 14:05:00,13326.238,13349.064,13326.17,13341.865,7509755,12919343848.0,SZ399001
2025-12-22 14:10:00,13341.661,13349.081,13339.177,13342.048,6401708,11178453780.0,SZ399001
2025-12-22 14:15:00,13340.746,13347.912,13335.27,13343.327,6936387,11816146130.0,SZ399001
2025-12-22 14:20:00,13343.121,13343.121,13334.9,13339.365,7293322,11678541182.0,SZ399001
2025-12-22 14:25:00,13339.438,13341.923,13337.002,13338.36,6850228,11131770423.0,SZ399001
2025-12-22 14:30:00,13339.16,13344.509,13336.506,13337.888,7363141,12016446094.0,SZ399001
2025-12-22 14:35:00,13340.577,13342.288,13316.749,13323.695,12028056,19419838959.0,SZ399001
2025-12-22 14:40:00,13323.249,13323.885,13312.683,13315.466,10736837,17133407264.0,SZ399001
2025-12-22 14:45:00,13315.426,13323.953,13314.371,13322.09,11114288,17680934398.0,SZ399001
2025-12-22 14:50:00,13320.766,13328.142,13319.43,13327.386,12726385,20821487462.0,SZ399001
2025-12-22 14:55:00,13326.453,13332.608,13323.99,13330.239,17236558,28027401208.0,SZ399001
2025-12-22 15:00:00,13328.935,13334.757,13327.423,13332.731,18067477,28925432781.0,SZ399001
2025-12-23 09:35:00,13338.935,13366.813,13321.486,13321.486,81272473,117460619249.0,SZ399001
2025-12-23 09:40:00,13320.423,13347.034,13305.765,13342.936,42045817,67260628257.0,SZ399001
2025-12-23 09:45:00,13342.072,13365.311,13341.792,13364.542,36378559,54633963622.0,SZ399001
2025-12-23 09:50:00,13364.983,13369.912,13346.863,13350.397,28650095,44004620527.0,SZ399001
2025-12-23 09:55:00,13352.434,13372.451,13352.434,13363.075,22967110,37392342220.0,SZ399001
2025-12-23 10:00:00,13364.027,13373.007,13355.147,13371.644,18373887,30034399476.0,SZ399001
2025-12-23 10:05:00,13370.716,13371.447,13337.52,13337.52,18275679,30359298446.0,SZ399001
2025-12-23 10:10:00,13337.33,13347.315,13329.499,13329.499,18326660,30628909566.0,SZ399001
2025-12-23 10:15:00,13329.86,13366.447,13323.78,13363.248,15067892,25035595384.0,SZ399001
2025-12-23 10:20:00,13362.923,13367.62,13342.633,13345.233,18060660,29315503613.0,SZ399001
2025-12-23 10:25:00,13345.381,13348.651,13331.51,13339.95,17498745,27030882161.0,SZ399001
2025-12-23 10:30:00,13340.366,13362.315,13340.366,13358.628,12307339,20794768506.0,SZ399001
2025-12-23 10:35:00,13359.577,13384.761,13359.577,13377.839,11824162,20410211910.0,SZ399001
2025-12-23 10:40:00,13376.518,13376.905,13358.026,13361.443,11089323,19192076962.0,SZ399001
2025-12-23 10:45:00,13361.793,13373.127,13353.425,13353.425,12885330,22336014274.0,SZ399001
2025-12-23 10:50:00,13353.491,13374.067,13353.491,13374.067,10072480,17606224158.0,SZ399001
2025-12-23 10:55:00,13372.852,13389.47,13370.304,13384.281,9537977,17872451907.0,SZ399001
2025-12-23 11:00:00,13385.948,13399.477,13385.948,13395.918,8315349,15556943649.0,SZ399001
2025-12-23 11:05:00,13396.909,13401.176,13389.892,13392.383,9008354,16430510180.0,SZ399001
2025-12-23 11:10:00,13391.716,13406.105,13390.377,13401.552,8605673,15819009242.0,SZ399001
2025-12-23 11:15:00,13401.154,13437.863,13400.247,13426.163,10513560,19106165879.0,SZ399001
2025-12-23 11:20:00,13427.053,13433.433,13424.051,13429.947,7505446,13945173428.0,SZ399001
2025-12-23 11:25:00,13430.287,13447.287,13423.666,13428.577,8017943,15127303935.0,SZ399001
2025-12-23 11:30:00,13428.06,13428.06,13417.111,13419.603,7332655,12789435260.0,SZ399001
2025-12-23 13:05:00,13419.378,13419.378,13399.596,13400.35,12573727,20996972030.0,SZ399001
2025-12-23 13:10:00,13400.406,13412.279,13392.578,13394.387,8554549,14663974221.0,SZ399001
2025-12-23 13:15:00,13395.538,13400.677,13382.347,13382.347,8970496,14473729360.0,SZ399001
2025-12-23 13:20:00,13382.684,13385.737,13376.0,13377.447,9754526,15921157829.0,SZ399001
2025-12-23 13:25:00,13376.768,13383.971,13375.119,13383.721,7922552,13285285179.0,SZ399001
2025-12-23 13:30:00,13385.757,13391.561,13381.479,13384.246,7995670,12942781452.0,SZ399001
2025-12-23 13:35:00,13383.86,13401.586,13383.86,13397.589,8300044,13422742425.0,SZ399001
2025-12-23 13:40:00,13398.625,13400.986,13391.169,13392.822,7366985,13350987587.0,SZ399001
2025-12-23 13:45:00,13393.666,13406.578,13393.434,13405.532,7587653,13428604369.0,SZ399001
2025-12-23 13:50:00,13407.355,13411.343,13398.547,13399.037,7657107,12855294606.0,SZ399001
2025-12-23 13:55:00,13399.368,13403.552,13382.127,13385.025,8591867,13061915088.0,SZ399001
2025-12-23 14:00:00,13384.411,13386.863,13367.29,13368.435,9055963,13654396715.0,SZ399001
2025-12-23 14:05:00,13368.884,13383.633,13368.884,13383.606,7346968,12142199557.0,SZ399001
2025-12-23 14:10:00,13384.07,13386.187,13375.881,13382.715,7535945,12707370161.0,SZ399001
2025-12-23 14:15:00,13383.072,13385.757,13374.183,13374.183,6505594,10713055708.0,SZ399001
2025-12-23 14:20:00,13373.754,13375.049,13361.857,13363.37,7521415,12106916354.0,SZ399001
2025-12-23 14:25:00,13363.687,13368.743,13349.894,13351.218,8449555,13312400220.0,SZ399001
2025-12-23 14:30:00,13351.517,13355.089,13345.668,13346.051,8551779,13826978763.0,SZ399001
2025-12-23 14:35:00,13346.58,13354.504,13336.516,13336.925,10554129,16965984789.0,SZ399001
2025-12-23 14:40:00,13336.874,13337.487,13319.016,13323.209,12150678,19658242842.0,SZ399001
2025-12-23 14:45:00,13324.943,13342.359,13324.432,13336.318,12497052,19445503055.0,SZ399001
2025-12-23 14:50:00,13336.378,13344.772,13335.635,13343.757,12256063,19151147270.0,SZ399001
2025-12-23 14:55:00,13344.659,13364.881,13344.659,13364.881,16639130,25310592157.0,SZ399001
2025-12-23 15:00:00,13364.285,13368.99,13362.968,13368.99,16622043,25445984808.0,SZ399001
2025-12-24 09:35:00,13378.483,13391.078,13347.763,13358.403,68844266,114893650802.0,SZ399001
2025-12-24 09:40:00,13357.803,13415.928,13356.404,13414.412,35813732,62193077802.0,SZ399001
2025-12-24 09:45:00,13414.073,13418.072,13396.535,13413.693,27023571,49074405341.0,SZ399001
2025-12-24 09:50:00,13413.36,13420.526,13404.764,13417.21,23502847,43363544884.0,SZ399001
2025-12-24 09:55:00,13418.264,13418.264,13389.173,13395.364,22505088,40404175012.0,SZ399001
2025-12-24 10:00:00,13394.45,13395.464,13369.023,13378.945,19656484,35070304186.0,SZ399001
2025-12-24 10:05:00,13377.683,13386.954,13369.228,13386.735,17748657,32072200050.0,SZ399001
2025-12-24 10:10:00,13386.215,13386.215,13358.015,13371.444,17049861,29946849177.0,SZ399001
2025-12-24 10:15:00,13369.128,13371.157,13358.522,13359.976,15596566,27108297849.0,SZ399001
2025-12-24 10:20:00,13358.99,13366.989,13352.655,13363.578,14444920,26085745969.0,SZ399001
2025-12-24 10:25:00,13364.243,13391.87,13364.243,13391.87,13150935,22335898849.0,SZ399001
2025-12-24 10:30:00,13391.25,13394.353,13382.475,13385.592,10925854,18630952000.0,SZ399001
2025-12-24 10:35:00,13384.177,13384.424,13360.909,13373.092,11171439,19146311722.0,SZ399001
2025-12-24 10:40:00,13372.366,13388.836,13368.621,13386.947,9432760,16217759610.0,SZ399001
2025-12-24 10:45:00,13386.229,13387.259,13375.0,13375.0,7844128,13827344127.0,SZ399001
2025-12-24 10:50:00,13374.996,13390.396,13365.529,13390.396,9218164,15764541425.0,SZ399001
2025-12-24 10:55:00,13390.085,13411.716,13389.592,13394.478,11077731,17348796464.0,SZ399001
2025-12-24 11:00:00,13393.714,13393.714,13376.046,13384.412,8450859,16013868747.0,SZ399001
2025-12-24 11:05:00,13385.808,13403.763,13378.887,13398.367,8623814,16598297165.0,SZ399001
2025-12-24 11:10:00,13397.631,13418.062,13392.533,13406.284,8520635,14575415698.0,SZ399001
2025-12-24 11:15:00,13406.327,13412.922,13398.011,13412.809,8484779,13505759210.0,SZ399001
2025-12-24 11:20:00,13413.807,13416.15,13385.078,13385.078,9267378,15556807112.0,SZ399001
2025-12-24 11:25:00,13385.539,13411.277,13385.539,13411.235,6982720,11700958216.0,SZ399001
2025-12-24 11:30:00,13410.65,13413.832,13407.738,13410.049,6631608,11318273870.0,SZ399001
2025-12-24 13:05:00,13412.521,13419.884,13403.53,13417.228,13055363,22812756878.0,SZ399001
2025-12-24 13:10:00,13418.961,13430.184,13409.398,13428.696,8839517,16537864957.0,SZ399001
2025-12-24 13:15:00,13428.625,13438.717,13425.252,13429.011,9105511,16370164064.0,SZ399001
2025-12-24 13:20:00,13429.29,13433.033,13422.96,13429.482,8438080,15579795554.0,SZ399001
2025-12-24 13:25:00,13430.697,13444.904,13430.697,13444.514,9453625,16370416135.0,SZ399001
2025-12-24 13:30:00,13442.069,13465.563,13437.207,13463.723,10590980,18288388443.0,SZ399001
2025-12-24 13:35:00,13466.015,13495.448,13466.015,13484.888,12023369,21223435233.0,SZ399001
2025-12-24 13:40:00,13483.83,13483.83,13464.735,13473.867,9813487,16485352996.0,SZ399001
2025-12-24 13:45:00,13475.036,13485.348,13472.053,13473.462,8741938,15882105465.0,SZ399001
2025-12-24 13:50:00,13474.089,13497.098,13473.751,13474.251,9371828,16334072786.0,SZ399001
2025-12-24 13:55:00,13474.412,13482.333,13451.129,13451.311,8578349,15159314311.0,SZ399001
2025-12-24 14:00:00,13452.039,13464.292,13451.473,13457.088,7859750,13486137455.0,SZ399001
2025-12-24 14:05:00,13458.994,13479.984,13458.15,13474.903,7965864,13537589988.0,SZ399001
2025-12-24 14:10:00,13475.045,13479.119,13465.876,13471.876,7568605,12522588061.0,SZ399001
2025-12-24 14:15:00,13471.185,13473.123,13465.495,13471.679,7462277,12562198026.0,SZ399001
2025-12-24 14:20:00,13471.582,13477.262,13469.246,13476.403,7162557,12647464601.0,SZ399001
2025-12-24 14:25:00,13475.875,13476.789,13469.84,13470.103,7647512,12689475396.0,SZ399001
2025-12-24 14:30:00,13469.428,13470.451,13463.146,13469.876,8460353,13705447804.0,SZ399001
2025-12-24 14:35:00,13470.676,13480.519,13465.268,13467.001,10480949,18072340477.0,SZ399001
2025-12-24 14:40:00,13468.546,13475.993,13464.595,13475.448,10132905,16702447867.0,SZ399001
2025-12-24 14:45:00,13474.683,13476.43,13470.249,13473.705,11818060,19522060404.0,SZ399001
2025-12-24 14:50:00,13473.4,13477.837,13470.066,13475.904,14534319,23852653764.0,SZ399001
2025-12-24 14:55:00,13475.157,13482.852,13472.922,13480.242,19926375,32224835274.0,SZ399001
2025-12-24 15:00:00,13480.541,13487.376,13480.541,13486.419,19440071,31017486127.0,SZ399001
2025-12-25 09:35:00,13472.704,13495.219,13464.786,13490.76,69080626,123909461838.0,SZ399001
2025-12-25 09:40:00,13491.364,13512.436,13491.128,13510.512,35682588,65440205619.0,SZ399001
2025-12-25 09:45:00,13513.02,13516.88,13481.767,13487.108,28068828,52237913700.0,SZ399001
2025-12-25 09:50:00,13487.96,13493.076,13462.371,13462.371,26532539,48492317607.0,SZ399001
2025-12-25 09:55:00,13462.021,13463.526,13436.594,13447.21,23701674,41722768687.0,SZ399001
2025-12-25 10:00:00,13445.811,13458.142,13442.753,13446.348,21327272,36190345654.0,SZ399001
2025-12-25 10:05:00,13445.711,13445.711,13409.464,13425.666,22433688,42457859584.0,SZ399001
2025-12-25 10:10:00,13424.889,13424.889,13407.373,13418.045,17935009,32941942204.0,SZ399001
2025-12-25 10:15:00,13418.379,13440.405,13418.164,13437.704,15030763,25481171420.0,SZ399001
2025-12-25 10:20:00,13437.755,13454.928,13437.755,13441.661,14602918,22987981257.0,SZ399001
2025-12-25 10:25:00,13442.202,13452.025,13439.789,13442.415,12648760,21276967071.0,SZ399001
2025-12-25 10:30:00,13442.591,13450.898,13439.133,13440.578,11780124,19011842057.0,SZ399001
2025-12-25 10:35:00,13441.479,13457.839,13440.476,13447.396,12382996,20358160415.0,SZ399001
2025-12-25 10:40:00,13447.452,13453.511,13435.549,13435.774,12182751,19115532654.0,SZ399001
2025-12-25 10:45:00,13435.447,13447.951,13433.27,13447.54,11509760,17938455598.0,SZ399001
2025-12-25 10:50:00,13447.551,13458.342,13444.122,13458.04,9595669,15829414913.0,SZ399001
2025-12-25 10:55:00,13458.195,13459.756,13445.756,13459.756,8993372,15453766518.0,SZ399001
2025-12-25 11:00:00,13459.696,13471.176,13459.696,13468.608,8417880,14118073781.0,SZ399001
2025-12-25 11:05:00,13468.129,13468.129,13457.62,13459.549,9627231,15294834743.0,SZ399001
2025-12-25 11:10:00,13460.668,13477.185,13460.668,13477.185,8006681,14060267183.0,SZ399001
2025-12-25 11:15:00,13477.903,13482.309,13470.399,13471.129,7464134,12942124934.0,SZ399001
2025-12-25 11:20:00,13468.798,13469.155,13456.274,13460.795,7878626,12298574390.0,SZ399001
2025-12-25 11:25:00,13461.504,13467.114,13461.504,13462.893,6373780,10879468393.0,SZ399001
2025-12-25 11:30:00,13462.358,13472.225,13459.384,13472.225,6922469,11817244969.0,SZ399001
2025-12-25 13:05:00,13473.36,13474.379,13467.857,13469.241,13409344,21539662198.0,SZ399001
2025-12-25 13:10:00,13468.609,13486.411,13466.869,13486.058,9546186,14841123881.0,SZ399001
2025-12-25 13:15:00,13485.283,13491.836,13479.457,13491.551,8979504,15272493679.0,SZ399001
2025-12-25 13:20:00,13491.35,13508.178,13491.35,13507.385,9646185,15970058236.0,SZ399001
2025-12-25 13:25:00,13507.671,13534.732,13507.138,13526.742,11482665,19414170726.0,SZ399001
2025-12-25 13:30:00,13526.198,13526.44,13518.924,13523.308,9219355,15527578382.0,SZ399001
2025-12-25 13:35:00,13522.973,13522.973,13511.232,13513.591,9589626,16942287111.0,SZ399001
2025-12-25 13:40:00,13513.951,13539.23,13510.147,13530.223,9581756,18339176487.0,SZ399001
2025-12-25 13:45:00,13530.776,13534.72,13524.094,13525.03,8751893,15376741957.0,SZ399001
2025-12-25 13:50:00,13526.372,13534.21,13525.768,13534.21,8908957,15582459244.0,SZ399001
2025-12-25 13:55:00,13535.195,13541.877,13526.499,13526.499,8628229,15238558977.0,SZ399001
2025-12-25 14:00:00,13526.591,13539.323,13526.565,13533.471,8583684,14611562911.0,SZ399001
2025-12-25 14:05:00,13534.585,13557.615,13533.578,13554.144,10430732,16433103370.0,SZ399001
2025-12-25 14:10:00,13553.935,13563.057,13545.397,13548.405,8369225,14053683805.0,SZ399001
2025-12-25 14:15:00,13549.088,13559.828,13549.088,13555.439,8128992,13708610994.0,SZ399001
2025-12-25 14:20:00,13556.239,13557.35,13541.295,13541.295,7648189,13365377303.0,SZ399001
2025-12-25 14:25:00,13541.439,13554.839,13539.653,13553.893,7984321,13828044217.0,SZ399001
2025-12-25 14:30:00,13554.053,13556.228,13547.428,13548.664,7962287,13711279793.0,SZ399001
2025-12-25 14:35:00,13549.39,13554.275,13536.241,13541.817,10270324,16987601062.0,SZ399001
2025-12-25 14:40:00,13541.879,13543.636,13535.642,13540.643,9843807,17094883958.0,SZ399001
2025-12-25 14:45:00,13540.422,13542.578,13536.041,13536.041,11956640,20868265476.0,SZ399001
2025-12-25 14:50:00,13535.893,13536.895,13529.197,13530.938,14479540,24896424132.0,SZ399001
2025-12-25 14:55:00,13530.325,13530.325,13524.443,13528.887,19504326,31824193740.0,SZ399001
2025-12-25 15:00:00,13528.4,13532.267,13528.373,13531.411,19708158,31820083054.0,SZ399001
2025-12-26 09:35:00,13539.049,13550.447,13518.459,13545.853,77591329,139084910677.0,SZ399001
2025-12-26 09:40:00,13545.285,13575.768,13545.285,13573.801,38145236,70475055510.0,SZ399001
2025-12-26 09:45:00,13573.471,13596.178,13568.392,13584.036,31705714,57491298748.0,SZ399001
2025-12-26 09:50:00,13584.434,13590.109,13569.65,13569.65,26592775,46458308355.0,SZ399001
2025-12-26 09:55:00,13568.245,13600.932,13564.267,13600.068,25306035,43798152471.0,SZ399001
2025-12-26 10:00:00,13599.52,13602.156,13581.069,13586.651,23167889,40831800069.0,SZ399001
2025-12-26 10:05:00,13586.941,13591.613,13568.095,13586.366,23063970,38815561519.0,SZ399001
2025-12-26 10:10:00,13586.496,13625.432,13586.192,13623.375,18262742,32559815854.0,SZ399001
2025-12-26 10:15:00,13624.553,13628.24,13603.117,13603.117,15899135,27542674613.0,SZ399001
2025-12-26 10:20:00,13602.826,13606.585,13593.557,13595.89,14944632,24880839095.0,SZ399001
2025-12-26 10:25:00,13594.447,13595.027,13582.994,13591.135,14360136,23959769158.0,SZ399001
2025-12-26 10:30:00,13591.824,13621.432,13591.824,13619.45,14933083,21700411980.0,SZ399001
2025-12-26 10:35:00,13618.667,13624.334,13603.54,13619.77,14542993,22945314139.0,SZ399001
2025-12-26 10:40:00,13620.166,13634.83,13620.166,13634.83,11903941,21056334514.0,SZ399001
2025-12-26 10:45:00,13638.237,13648.264,13634.085,13641.672,12017050,20448451218.0,SZ399001
2025-12-26 10:50:00,13641.517,13652.398,13637.518,13652.398,11114808,19360042789.0,SZ399001
2025-12-26 10:55:00,13651.29,13661.35,13646.076,13650.556,10425853,17952956204.0,SZ399001
2025-12-26 11:00:00,13650.583,13656.563,13641.259,13642.952,10375985,18410455537.0,SZ399001
2025-12-26 11:05:00,13642.671,13661.303,13642.381,13656.17,10877337,19035878092.0,SZ399001
2025-12-26 11:10:00,13654.943,13660.797,13654.432,13657.629,10907613,18524213177.0,SZ399001
2025-12-26 11:15:00,13657.704,13674.874,13642.107,13642.107,12777955,22253208527.0,SZ399001
2025-12-26 11:20:00,13640.951,13640.951,13566.263,13595.897,29176723,46046528301.0,SZ399001
2025-12-26 11:25:00,13596.899,13601.99,13531.709,13532.183,20346826,33662773425.0,SZ399001
2025-12-26 11:30:00,13532.706,13554.114,13517.804,13554.074,20883377,34211456808.0,SZ399001
2025-12-26 13:05:00,13554.012,13563.26,13535.969,13557.814,16295810,27554648685.0,SZ399001
2025-12-26 13:10:00,13558.486,13581.162,13558.486,13565.429,9663454,16290752318.0,SZ399001
2025-12-26 13:15:00,13564.786,13577.744,13560.567,13577.744,8573390,14966200289.0,SZ399001
2025-12-26 13:20:00,13578.378,13601.875,13578.378,13594.623,9803453,16264471365.0,SZ399001
2025-12-26 13:25:00,13594.692,13608.273,13594.253,13607.673,8560757,14711278814.0,SZ399001
2025-12-26 13:30:00,13608.095,13610.81,13595.632,13595.632,7746961,13856784108.0,SZ399001
2025-12-26 13:35:00,13594.442,13596.521,13581.974,13595.007,8736866,15269753755.0,SZ399001
2025-12-26 13:40:00,13594.762,13594.762,13578.861,13593.494,7881026,14506862653.0,SZ399001
2025-12-26 13:45:00,13593.334,13598.29,13590.32,13596.103,7668434,12959297085.0,SZ399001
2025-12-26 13:50:00,13596.386,13616.509,13594.326,13616.382,7869453,13356808150.0,SZ399001
2025-12-26 13:55:00,13616.596,13624.024,13612.254,13616.459,8469923,14115751541.0,SZ399001
2025-12-26 14:00:00,13616.219,13621.513,13614.044,13618.051,7625446,12241902921.0,SZ399001
2025-12-26 14:05:00,13617.917,13631.506,13617.843,13627.061,8867563,14018686248.0,SZ399001
2025-12-26 14:10:00,13626.694,13628.602,13591.871,13600.53,10103275,16314597479.0,SZ399001
2025-12-26 14:15:00,13599.604,13616.023,13599.604,13606.684,7600526,13496188618.0,SZ399001
2025-12-26 14:20:00,13606.065,13610.433,13596.022,13597.26,8113057,13881581548.0,SZ399001
2025-12-26 14:25:00,13597.927,13602.235,13575.174,13575.191,9979770,16290805883.0,SZ399001
2025-12-26 14:30:00,13575.283,13588.501,13567.97,13588.501,9992641,16711126766.0,SZ399001
2025-12-26 14:35:00,13589.279,13593.67,13582.179,13587.059,8974166,14838015387.0,SZ399001
2025-12-26 14:40:00,13586.917,13594.644,13585.371,13592.319,8831861,14546898828.0,SZ399001
2025-12-26 14:45:00,13591.306,13604.527,13590.885,13601.383,10604807,17650094160.0,SZ399001
2025-12-26 14:50:00,13600.834,13607.933,13600.834,13605.283,13224262,22310772082.0,SZ399001
2025-12-26 14:55:00,13604.763,13606.039,13599.648,13602.869,17951377,29097669854.0,SZ399001
2025-12-26 15:00:00,13601.867,13605.341,13600.696,13603.894,18831495,29789900709.0,SZ399001
2025-12-29 09:35:00,13604.295,13618.789,13582.967,13607.602,89152219,150488386104.0,SZ399001
2025-12-29 09:40:00,13607.869,13620.139,13550.445,13550.445,48934218,82676640133.0,SZ399001
2025-12-29 09:45:00,13549.648,13580.845,13549.174,13549.174,36371712,60755572928.0,SZ399001
2025-12-29 09:50:00,13547.779,13568.891,13547.201,13559.572,33377098,53912379099.0,SZ399001
2025-12-29 09:55:00,13560.266,13578.327,13546.256,13553.913,26678954,44657768282.0,SZ399001
2025-12-29 10:00:00,13553.035,13561.849,13547.232,13554.398,22750152,38363882619.0,SZ399001
2025-12-29 10:05:00,13553.452,13570.858,13545.956,13569.833,19803503,33740324998.0,SZ399001
2025-12-29 10:10:00,13565.594,13566.369,13546.141,13551.048,16429290,29035658293.0,SZ399001
2025-12-29 10:15:00,13552.746,13582.912,13552.746,13581.16,14581827,26449559834.0,SZ399001
2025-12-29 10:20:00,13581.065,13587.429,13570.793,13580.311,13910396,24353780269.0,SZ399001
2025-12-29 10:25:00,13579.126,13601.067,13575.102,13579.865,13185981,23983829028.0,SZ399001
2025-12-29 10:30:00,13579.409,13597.385,13573.18,13596.926,14178635,25343032271.0,SZ399001
2025-12-29 10:35:00,13594.239,13594.341,13569.518,13591.508,15561240,27440247653.0,SZ399001
2025-12-29 10:40:00,13591.609,13607.489,13591.609,13603.859,11311331,20081703321.0,SZ399001
2025-12-29 10:45:00,13604.856,13628.406,13604.856,13624.361,10392634,20472821044.0,SZ399001
2025-12-29 10:50:00,13623.561,13639.252,13618.855,13626.159,9593596,19292003653.0,SZ399001
2025-12-29 10:55:00,13625.121,13630.216,13620.867,13627.877,8127712,16630243369.0,SZ399001
2025-12-29 11:00:00,13629.193,13634.309,13625.899,13630.698,8523815,16820779714.0,SZ399001
2025-12-29 11:05:00,13633.342,13650.701,13633.342,13640.101,10454344,21008902966.0,SZ399001
2025-12-29 11:10:00,13640.25,13641.422,13630.032,13632.77,8555311,16401160482.0,SZ399001
2025-12-29 11:15:00,13632.778,13637.747,13628.963,13635.521,8180462,15009629990.0,SZ399001
2025-12-29 11:20:00,13635.898,13644.285,13631.787,13633.296,7283581,13313331053.0,SZ399001
2025-12-29 11:25:00,13633.5,13636.476,13608.318,13611.852,8144526,14157369005.0,SZ399001
2025-12-29 11:30:00,13613.124,13622.184,13607.394,13607.394,9182350,13727404902.0,SZ399001
2025-12-29 13:05:00,13608.013,13609.894,13583.929,13583.929,15564591,25765814784.0,SZ399001
2025-12-29 13:10:00,13584.591,13593.607,13578.311,13579.606,10606764,18524806774.0,SZ399001
2025-12-29 13:15:00,13576.624,13576.624,13562.52,13567.036,11721529,20168818065.0,SZ399001
2025-12-29 13:20:00,13565.581,13579.576,13562.837,13579.576,9724505,16618543558.0,SZ399001
2025-12-29 13:25:00,13578.892,13585.779,13576.846,13584.76,9459389,16795767553.0,SZ399001
2025-12-29 13:30:00,13583.701,13586.254,13573.973,13585.538,8174575,14347266215.0,SZ399001
2025-12-29 13:35:00,13587.188,13592.601,13574.255,13575.755,7931399,14117539970.0,SZ399001
2025-12-29 13:40:00,13576.045,13582.567,13574.43,13577.262,7017756,11913977026.0,SZ399001
2025-12-29 13:45:00,13577.607,13585.014,13570.621,13576.479,7244655,12595570590.0,SZ399001
2025-12-29 13:50:00,13576.714,13583.166,13569.001,13576.6,8365705,13811139189.0,SZ399001
2025-12-29 13:55:00,13577.44,13583.767,13576.614,13583.538,7135251,12163576702.0,SZ399001
2025-12-29 14:00:00,13583.816,13583.816,13555.032,13555.032,8307660,14895350061.0,SZ399001
2025-12-29 14:05:00,13554.135,13554.135,13541.523,13541.523,10196066,17652730728.0,SZ399001
2025-12-29 14:10:00,13542.357,13553.527,13542.302,13543.001,7573115,13621046680.0,SZ399001
2025-12-29 14:15:00,13543.584,13558.558,13541.81,13553.88,8465384,14746323708.0,SZ399001
2025-12-29 14:20:00,13554.352,13554.352,13545.894,13548.272,7912081,13607645130.0,SZ399001
2025-12-29 14:25:00,13549.117,13553.016,13540.277,13540.684,7646327,13245970132.0,SZ399001
2025-12-29 14:30:00,13539.954,13540.766,13514.71,13518.057,11835681,20029185582.0,SZ399001
2025-12-29 14:35:00,13521.7,13525.402,13500.468,13502.455,13135457,21869215567.0,SZ399001
2025-12-29 14:40:00,13502.32,13520.655,13494.957,13516.465,11580452,19921275150.0,SZ399001
2025-12-29 14:45:00,13516.991,13528.458,13508.397,13527.3,11753964,20476184500.0,SZ399001
2025-12-29 14:50:00,13527.045,13538.742,13526.042,13534.832,12908300,22643982347.0,SZ399001
2025-12-29 14:55:00,13535.931,13537.474,13529.977,13533.585,17124912,28577850532.0,SZ399001
2025-12-29 15:00:00,13533.217,13538.894,13532.102,13537.096,17821008,29291823789.0,SZ399001
2025-12-30 09:35:00,13466.304,13511.749,13465.674,13511.749,80723144,131186974941.0,SZ399001
2025-12-30 09:40:00,13513.466,13572.099,13513.466,13570.467,41061076,71721728098.0,SZ399001
2025-12-30 09:45:00,13568.481,13577.04,13561.212,13576.003,34370000,60242934362.0,SZ399001
2025-12-30 09:50:00,13575.37,13590.256,13561.511,13565.307,31383881,52684066651.0,SZ399001
2025-12-30 09:55:00,13564.588,13597.697,13564.588,13597.697,24361753,41831397086.0,SZ399001
2025-12-30 10:00:00,13597.162,13607.622,13589.199,13600.404,21259490,36858593317.0,SZ399001
2025-12-30 10:05:00,13600.259,13606.636,13585.721,13597.559,21147190,34247452257.0,SZ399001
2025-12-30 10:10:00,13598.29,13598.29,13579.908,13583.188,17377428,29597625450.0,SZ399001
2025-12-30 10:15:00,13583.543,13583.543,13561.666,13571.128,14842960,27224605178.0,SZ399001
2025-12-30 10:20:00,13570.024,13580.472,13550.403,13558.226,15157815,26642497007.0,SZ399001
2025-12-30 10:25:00,13558.374,13572.75,13553.645,13559.343,14300632,25157288561.0,SZ399001
2025-12-30 10:30:00,13559.696,13561.637,13524.632,13530.482,12819066,24046537652.0,SZ399001
2025-12-30 10:35:00,13530.359,13551.403,13530.359,13547.695,12178077,20636227911.0,SZ399001
2025-12-30 10:40:00,13548.757,13553.668,13539.646,13545.893,12118742,20420623178.0,SZ399001
2025-12-30 10:45:00,13545.941,13546.277,13531.531,13542.877,10734256,19866966998.0,SZ399001
2025-12-30 10:50:00,13541.656,13549.357,13533.045,13546.785,9784667,18244582757.0,SZ399001
2025-12-30 10:55:00,13546.231,13565.324,13544.778,13565.238,10808722,17101543569.0,SZ399001
2025-12-30 11:00:00,13565.564,13577.61,13565.564,13577.167,8887472,14391547865.0,SZ399001
2025-12-30 11:05:00,13577.571,13591.784,13572.863,13589.424,9131758,15701007767.0,SZ399001
2025-12-30 11:10:00,13589.731,13593.602,13576.155,13576.637,9919997,17262621252.0,SZ399001
2025-12-30 11:15:00,13576.963,13578.951,13558.756,13558.756,10140162,17692859522.0,SZ399001
2025-12-30 11:20:00,13558.259,13561.686,13554.619,13558.926,8384975,14653404864.0,SZ399001
2025-12-30 11:25:00,13557.36,13561.107,13547.019,13554.271,7856410,12714324409.0,SZ399001
2025-12-30 11:30:00,13554.743,13568.18,13553.935,13568.089,8611358,13921736824.0,SZ399001
2025-12-30 13:05:00,13570.644,13572.162,13556.797,13558.346,17323128,32374586056.0,SZ399001
2025-12-30 13:10:00,13558.465,13558.494,13539.238,13552.736,11757415,22016079286.0,SZ399001
2025-12-30 13:15:00,13553.381,13585.884,13548.951,13580.252,10192744,20369408537.0,SZ399001
2025-12-30 13:20:00,13580.243,13582.153,13560.077,13570.742,13766475,25972203135.0,SZ399001
2025-12-30 13:25:00,13573.33,13634.569,13573.33,13634.453,12754242,23573542643.0,SZ399001
2025-12-30 13:30:00,13635.607,13645.556,13623.763,13627.365,12489906,26450817889.0,SZ399001
2025-12-30 13:35:00,13628.458,13643.19,13616.909,13616.909,11120982,21428360318.0,SZ399001
2025-12-30 13:40:00,13617.386,13617.386,13604.705,13608.637,10290403,18310861717.0,SZ399001
2025-12-30 13:45:00,13608.812,13615.865,13604.354,13604.354,7765646,15209589880.0,SZ399001
2025-12-30 13:50:00,13605.676,13636.921,13604.227,13625.21,8650638,16872165227.0,SZ399001
2025-12-30 13:55:00,13625.967,13632.26,13623.946,13632.26,7591546,15067274950.0,SZ399001
2025-12-30 14:00:00,13632.665,13632.665,13602.967,13603.143,12377460,21360961622.0,SZ399001
2025-12-30 14:05:00,13602.012,13621.14,13587.69,13621.14,13088011,22675326492.0,SZ399001
2025-12-30 14:10:00,13621.05,13623.604,13609.909,13615.473,7406636,13884916775.0,SZ399001
2025-12-30 14:15:00,13615.932,13631.979,13615.932,13627.873,7536312,14114149338.0,SZ399001
2025-12-30 14:20:00,13627.427,13635.043,13619.418,13619.418,7194780,13349877301.0,SZ399001
2025-12-30 14:25:00,13619.16,13628.039,13613.954,13613.954,7430948,13334484948.0,SZ399001
2025-12-30 14:30:00,13613.814,13615.864,13609.543,13613.411,7627905,13068754272.0,SZ399001
2025-12-30 14:35:00,13613.446,13624.515,13605.085,13605.4,10146881,17381783111.0,SZ399001
2025-12-30 14:40:00,13605.643,13605.643,13593.967,13595.506,10985536,18084982726.0,SZ399001
2025-12-30 14:45:00,13595.934,13602.027,13594.471,13596.686,12057900,20010300742.0,SZ399001
2025-12-30 14:50:00,13596.094,13597.464,13591.24,13593.032,14103744,24171264063.0,SZ399001
2025-12-30 14:55:00,13592.444,13599.023,13591.055,13599.023,18515777,30677187316.0,SZ399001
2025-12-30 15:00:00,13599.322,13604.483,13598.158,13604.067,18978640,31278135301.0,SZ399001
2025-12-31 09:35:00,13627.264,13631.221,13577.114,13600.554,79608518,133469500116.0,SZ399001
2025-12-31 09:40:00,13598.738,13605.292,13573.372,13574.315,44269449,74519273686.0,SZ399001
2025-12-31 09:45:00,13572.458,13581.571,13561.611,13581.412,35611121,59094286111.0,SZ399001
2025-12-31 09:50:00,13580.482,13589.906,13568.229,13574.11,30390729,49363613564.0,SZ399001
2025-12-31 09:55:00,13574.954,13609.908,13574.954,13588.871,25682010,44423498345.0,SZ399001
2025-12-31 10:00:00,13588.146,13591.963,13573.389,13573.389,25742349,43716227691.0,SZ399001
2025-12-31 10:05:00,13573.616,13591.662,13569.614,13590.919,20318541,35064751163.0,SZ399001
2025-12-31 10:10:00,13591.653,13624.226,13577.609,13623.219,18496154,31335655297.0,SZ399001
2025-12-31 10:15:00,13622.639,13642.527,13617.059,13624.551,21073183,32065999008.0,SZ399001
2025-12-31 10:20:00,13624.298,13624.793,13613.551,13614.058,15163045,25009196383.0,SZ399001
2025-12-31 10:25:00,13614.036,13634.353,13606.765,13628.3,14790590,23658213588.0,SZ399001
2025-12-31 10:30:00,13627.475,13627.475,13601.874,13601.874,11662625,20763605635.0,SZ399001
2025-12-31 10:35:00,13602.338,13609.642,13587.939,13588.204,12041029,20968815787.0,SZ399001
2025-12-31 10:40:00,13589.643,13600.918,13577.601,13582.901,12039291,22705836487.0,SZ399001
2025-12-31 10:45:00,13584.158,13593.706,13574.56,13574.56,9754159,19330953928.0,SZ399001
2025-12-31 10:50:00,13573.679,13578.686,13563.06,13564.96,9717743,19259609281.0,SZ399001
2025-12-31 10:55:00,13565.001,13568.432,13556.486,13568.432,11103046,18700129506.0,SZ399001
2025-12-31 11:00:00,13567.805,13568.93,13554.271,13554.719,9806838,17079207331.0,SZ399001
2025-12-31 11:05:00,13553.462,13562.721,13547.995,13562.721,11453891,18277512352.0,SZ399001
2025-12-31 11:10:00,13563.258,13565.265,13536.572,13537.202,9131414,16011893038.0,SZ399001
2025-12-31 11:15:00,13537.027,13554.447,13530.41,13549.873,9977753,16592097455.0,SZ399001
2025-12-31 11:20:00,13549.577,13554.329,13538.604,13541.735,8725514,14539828304.0,SZ399001
2025-12-31 11:25:00,13543.48,13544.816,13518.48,13521.561,7711213,13823120019.0,SZ399001
2025-12-31 11:30:00,13520.109,13521.524,13512.901,13513.211,7440254,13900269013.0,SZ399001
2025-12-31 13:05:00,13512.284,13512.284,13491.675,13508.639,15181974,27732608344.0,SZ399001
2025-12-31 13:10:00,13508.88,13510.219,13491.869,13510.219,10332219,19803777097.0,SZ399001
2025-12-31 13:15:00,13510.392,13518.826,13508.226,13513.144,9589506,16802922784.0,SZ399001
2025-12-31 13:20:00,13513.687,13539.641,13513.546,13538.473,12282053,18536568235.0,SZ399001
2025-12-31 13:25:00,13538.554,13557.146,13534.967,13556.32,9644695,16703740337.0,SZ399001
2025-12-31 13:30:00,13556.079,13570.323,13550.394,13564.793,9799938,17387045710.0,SZ399001
2025-12-31 13:35:00,13564.854,13571.074,13554.194,13565.264,9025968,15694420618.0,SZ399001
2025-12-31 13:40:00,13563.475,13568.969,13557.842,13567.301,8845798,14707764465.0,SZ399001
2025-12-31 13:45:00,13567.341,13567.341,13547.057,13548.791,8624310,15105319927.0,SZ399001
2025-12-31 13:50:00,13549.154,13558.303,13546.791,13555.3,7788663,14040347448.0,SZ399001
2025-12-31 13:55:00,13555.743,13560.855,13544.56,13549.956,7231624,13657840240.0,SZ399001
2025-12-31 14:00:00,13548.541,13548.927,13532.749,13533.339,7722437,13419916690.0,SZ399001
2025-12-31 14:05:00,13533.218,13545.765,13527.356,13545.121,9689600,14705472418.0,SZ399001
2025-12-31 14:10:00,13545.254,13555.478,13539.956,13540.237,8785182,13627470647.0,SZ399001
2025-12-31 14:15:00,13539.839,13554.012,13535.397,13547.989,7710690,13371487428.0,SZ399001
2025-12-31 14:20:00,13548.373,13549.792,13544.552,13545.372,7085056,11962147135.0,SZ399001
2025-12-31 14:25:00,13545.212,13545.827,13531.716,13537.407,7897144,14086189514.0,SZ399001
2025-12-31 14:30:00,13537.303,13538.77,13530.636,13533.068,8543651,14948607225.0,SZ399001
2025-12-31 14:35:00,13531.49,13533.86,13505.386,13514.494,13098892,22471522480.0,SZ399001
2025-12-31 14:40:00,13513.997,13519.502,13511.343,13512.374,10038933,16976289687.0,SZ399001
2025-12-31 14:45:00,13511.957,13526.787,13511.245,13523.259,11691813,19854893857.0,SZ399001
2025-12-31 14:50:00,13522.02,13529.565,13519.789,13525.051,13531274,23315991471.0,SZ399001
2025-12-31 14:55:00,13525.576,13534.743,13524.915,13529.35,18902228,31192571480.0,SZ399001
2025-12-31 15:00:00,13528.199,13529.574,13525.023,13525.023,19374382,31945068792.0,SZ399001
2026-01-05 09:35:00,13633.634,13674.439,13633.634,13661.25,108425179,184139101583.0,SZ399001
2026-01-05 09:40:00,13662.615,13701.082,13662.615,13691.851,53062853,92884069036.0,SZ399001
2026-01-05 09:45:00,13692.58,13705.945,13666.793,13686.842,38929520,68653734322.0,SZ399001
2026-01-05 09:50:00,13687.564,13702.925,13680.59,13687.907,31774642,55267177337.0,SZ399001
2026-01-05 09:55:00,13690.648,13697.069,13674.627,13693.82,31207913,50392458669.0,SZ399001
2026-01-05 10:00:00,13693.981,13694.646,13665.883,13667.679,25004024,42802238856.0,SZ399001
2026-01-05 10:05:00,13671.337,13688.292,13671.337,13673.459,23414869,39921145520.0,SZ399001
2026-01-05 10:10:00,13672.432,13685.639,13668.862,13674.225,20065289,36367675787.0,SZ399001
2026-01-05 10:15:00,13674.061,13685.474,13673.046,13681.099,19094218,33599823181.0,SZ399001
2026-01-05 10:20:00,13681.436,13704.895,13681.436,13701.744,17086871,30720719660.0,SZ399001
2026-01-05 10:25:00,13701.414,13728.367,13700.949,13728.214,15942675,30344644173.0,SZ399001
2026-01-05 10:30:00,13729.44,13753.274,13723.736,13753.274,13874091,26512096625.0,SZ399001
2026-01-05 10:35:00,13755.348,13764.076,13741.578,13741.578,16584724,31438848806.0,SZ399001
2026-01-05 10:40:00,13742.294,13762.928,13739.617,13762.928,12701004,23076815197.0,SZ399001
2026-01-05 10:45:00,13762.25,13767.242,13754.65,13757.804,13078605,23290443867.0,SZ399001
2026-01-05 10:50:00,13757.216,13773.857,13757.216,13764.514,12629438,22371682206.0,SZ399001
2026-01-05 10:55:00,13764.368,13776.552,13762.808,13776.302,11047417,21071170412.0,SZ399001
2026-01-05 11:00:00,13776.012,13782.055,13749.068,13755.787,13443565,24994741299.0,SZ399001
2026-01-05 11:05:00,13757.919,13767.043,13753.848,13765.353,11175757,20253896649.0,SZ399001
2026-01-05 11:10:00,13765.916,13777.285,13765.012,13770.081,10728431,18767772976.0,SZ399001
2026-01-05 11:15:00,13769.838,13774.668,13765.925,13766.723,9718897,18570057132.0,SZ399001
2026-01-05 11:20:00,13766.289,13779.363,13763.984,13770.461,8488346,16262329417.0,SZ399001
2026-01-05 11:25:00,13769.984,13772.269,13760.095,13763.315,8960497,16875199403.0,SZ399001
2026-01-05 11:30:00,13763.828,13777.365,13761.959,13777.316,8466364,15839107161.0,SZ399001
2026-01-05 13:05:00,13780.404,13782.182,13754.092,13754.803,18827442,32621313625.0,SZ399001
2026-01-05 13:10:00,13754.441,13765.831,13750.97,13759.4,13299176,22615176519.0,SZ399001
2026-01-05 13:15:00,13758.699,13759.143,13749.203,13751.854,11894032,21301616854.0,SZ399001
2026-01-05 13:20:00,13750.862,13750.862,13712.391,13712.524,12952742,26011829861.0,SZ399001
2026-01-05 13:25:00,13711.758,13711.758,13690.778,13701.988,12142776,24089665475.0,SZ399001
2026-01-05 13:30:00,13701.55,13730.091,13699.755,13729.705,11176177,20051253595.0,SZ399001
2026-01-05 13:35:00,13729.67,13740.962,13726.618,13737.698,11447843,20279068159.0,SZ399001
2026-01-05 13:40:00,13737.068,13750.607,13737.068,13747.661,9221069,16562771736.0,SZ399001
2026-01-05 13:45:00,13748.235,13762.808,13748.088,13762.016,10774179,19123166398.0,SZ399001
2026-01-05 13:50:00,13763.462,13775.678,13761.186,13774.195,10854192,20725928556.0,SZ399001
2026-01-05 13:55:00,13774.096,13790.839,13774.023,13787.471,9715585,19131801190.0,SZ399001
2026-01-05 14:00:00,13787.113,13801.526,13786.191,13796.199,9330193,18105099415.0,SZ399001
2026-01-05 14:05:00,13797.862,13811.247,13797.862,13806.657,10001313,20174958727.0,SZ399001
2026-01-05 14:10:00,13806.829,13812.665,13795.506,13812.278,10696527,18565876724.0,SZ399001
2026-01-05 14:15:00,13812.155,13825.489,13810.287,13823.239,10399896,18802548619.0,SZ399001
2026-01-05 14:20:00,13822.523,13828.014,13817.295,13822.747,9117493,17766389456.0,SZ399001
2026-01-05 14:25:00,13822.828,13828.811,13817.08,13827.261,8776312,16781917008.0,SZ399001
2026-01-05 14:30:00,13826.794,13826.809,13819.42,13819.752,9520116,17015577448.0,SZ399001
2026-01-05 14:35:00,13819.874,13825.427,13819.603,13819.603,11147966,19202076294.0,SZ399001
2026-01-05 14:40:00,13819.159,13826.118,13812.888,13821.549,12211161,21203000349.0,SZ399001
2026-01-05 14:45:00,13821.209,13823.289,13816.595,13816.595,13623544,23906528445.0,SZ399001
2026-01-05 14:50:00,13817.598,13818.34,13815.13,13815.967,16419652,27930060750.0,SZ399001
2026-01-05 14:55:00,13814.253,13822.165,13812.522,13822.165,21625438,37095747499.0,SZ399001
2026-01-05 15:00:00,13821.513,13828.967,13821.513,13828.63,20884814,35532771949.0,SZ399001
2026-01-06 09:35:00,13830.303,13857.448,13827.793,13849.583,96596599,163849340595.0,SZ399001
2026-01-06 09:40:00,13848.087,13920.846,13848.087,13912.015,54772901,93192503605.0,SZ399001
2026-01-06 09:45:00,13911.681,13932.976,13906.115,13928.272,44157361,75451117478.0,SZ399001
2026-01-06 09:50:00,13927.906,13934.613,13921.403,13929.372,37783761,67820229717.0,SZ399001
2026-01-06 09:55:00,13931.274,13951.399,13929.188,13942.216,36838727,62383410409.0,SZ399001
2026-01-06 10:00:00,13943.71,13948.613,13909.979,13909.979,30649818,53270019904.0,SZ399001
2026-01-06 10:05:00,13909.387,13936.358,13893.053,13935.475,32205055,56548795151.0,SZ399001
2026-01-06 10:10:00,13930.73,13932.386,13909.579,13918.013,23567018,42695599278.0,SZ399001
2026-01-06 10:15:00,13917.049,13917.049,13896.953,13896.953,21813975,40069039538.0,SZ399001
2026-01-06 10:20:00,13894.204,13912.344,13890.276,13911.916,20747701,38275699140.0,SZ399001
2026-01-06 10:25:00,13913.919,13937.786,13913.919,13923.49,19631636,34512688058.0,SZ399001
2026-01-06 10:30:00,13922.991,13923.451,13891.391,13906.175,18979415,34063623311.0,SZ399001
2026-01-06 10:35:00,13905.877,13908.71,13890.001,13896.685,17755689,30802448756.0,SZ399001
2026-01-06 10:40:00,13895.174,13895.174,13838.007,13839.364,24301981,40422733660.0,SZ399001
2026-01-06 10:45:00,13839.685,13862.325,13839.685,13856.697,17220943,30705164778.0,SZ399001
2026-01-06 10:50:00,13855.965,13883.337,13847.989,13883.337,14768119,26107711877.0,SZ399001
2026-01-06 10:55:00,13883.072,13899.585,13879.348,13895.396,11818016,20806681361.0,SZ399001
2026-01-06 11:00:00,13895.662,13919.269,13893.686,13914.889,12347937,22157104139.0,SZ399001
2026-01-06 11:05:00,13914.371,13919.554,13908.682,13911.786,10673249,20425464504.0,SZ399001
2026-01-06 11:10:00,13913.173,13919.282,13902.754,13913.563,10195273,19769934940.0,SZ399001
2026-01-06 11:15:00,13912.34,13937.889,13912.34,13937.889,9190597,16869434323.0,SZ399001
2026-01-06 11:20:00,13938.303,13939.632,13920.899,13937.365,8746255,16005564410.0,SZ399001
2026-01-06 11:25:00,13936.571,13941.954,13931.394,13941.74,8912739,16273577219.0,SZ399001
2026-01-06 11:30:00,13940.98,13941.736,13929.266,13940.236,8794661,16492827983.0,SZ399001
2026-01-06 13:05:00,13943.489,13962.777,13943.489,13955.478,19328225,37211517756.0,SZ399001
2026-01-06 13:10:00,13955.582,13976.539,13953.972,13969.737,13194527,25281659325.0,SZ399001
2026-01-06 13:15:00,13970.257,13976.762,13954.021,13975.461,13368224,26182019702.0,SZ399001
2026-01-06 13:20:00,13976.262,13987.101,13976.262,13980.81,13111118,23837595961.0,SZ399001
2026-01-06 13:25:00,13980.088,13982.715,13975.25,13979.859,13079096,23358583585.0,SZ399001
2026-01-06 13:30:00,13979.384,13993.646,13979.384,13993.122,12759660,23499281402.0,SZ399001
2026-01-06 13:35:00,13993.447,13995.939,13987.647,13993.379,13266831,23556657193.0,SZ399001
2026-01-06 13:40:00,13995.536,14005.662,13968.903,13968.903,16943447,25121732088.0,SZ399001
2026-01-06 13:45:00,13968.061,13971.458,13938.054,13938.054,15641960,24920592457.0,SZ399001
2026-01-06 13:50:00,13937.755,13964.065,13928.967,13963.995,16691843,25988103800.0,SZ399001
2026-01-06 13:55:00,13965.34,13972.78,13953.047,13953.948,10856471,18538830177.0,SZ399001
2026-01-06 14:00:00,13954.812,13971.144,13953.944,13964.944,10535403,17243396261.0,SZ399001
2026-01-06 14:05:00,13964.311,13972.307,13955.953,13972.307,11162385,18036145378.0,SZ399001
2026-01-06 14:10:00,13972.522,13978.694,13968.203,13978.563,9972951,16552129258.0,SZ399001
2026-01-06 14:15:00,13978.211,13990.507,13977.148,13990.507,10320338,18289494444.0,SZ399001
2026-01-06 14:20:00,13991.669,14006.266,13991.669,14005.593,11060485,20222923656.0,SZ399001
2026-01-06 14:25:00,14004.984,14024.058,14002.952,14024.058,10704949,20374909910.0,SZ399001
2026-01-06 14:30:00,14024.119,14024.119,14010.172,14014.544,13202145,23882926729.0,SZ399001
2026-01-06 14:35:00,14015.23,14022.468,14010.572,14012.163,14150803,24004453192.0,SZ399001
2026-01-06 14:40:00,14012.541,14016.927,14007.353,14015.685,12754776,22795845862.0,SZ399001
2026-01-06 14:45:00,14016.025,14016.605,14006.438,14006.982,14889641,26301233707.0,SZ399001
2026-01-06 14:50:00,14006.953,14008.509,14002.418,14005.464,17099741,29994014440.0,SZ399001
2026-01-06 14:55:00,14004.789,14012.411,14003.226,14012.411,22926786,38493604965.0,SZ399001
2026-01-06 15:00:00,14011.645,14022.552,14011.645,14022.552,22859119,38148001633.0,SZ399001
2026-01-07 09:35:00,14062.02,14062.02,14033.534,14050.778,107303368,199021912611.0,SZ399001
2026-01-07 09:40:00,14047.688,14083.022,14031.099,14083.022,56631981,103187292253.0,SZ399001
2026-01-07 09:45:00,14079.406,14088.127,14060.829,14061.406,41524089,76896127324.0,SZ399001
2026-01-07 09:50:00,14059.247,14081.374,14056.454,14080.636,34838500,63970344681.0,SZ399001
2026-01-07 09:55:00,14079.596,14093.914,14069.733,14069.733,29653570,54365699209.0,SZ399001
2026-01-07 10:00:00,14068.955,14079.031,14062.474,14066.437,29365854,52693278492.0,SZ399001
2026-01-07 10:05:00,14065.661,14069.125,14047.055,14066.974,27076200,47662298982.0,SZ399001
2026-01-07 10:10:00,14069.371,14083.165,14064.156,14080.322,23894305,43615641825.0,SZ399001
2026-01-07 10:15:00,14081.997,14099.323,14080.852,14099.148,22511332,42919103107.0,SZ399001
2026-01-07 10:20:00,14097.714,14111.175,14078.995,14081.817,28064774,47663993807.0,SZ399001
2026-01-07 10:25:00,14081.303,14085.205,14036.857,14036.989,28366013,46782082800.0,SZ399001
2026-01-07 10:30:00,14036.102,14060.385,14022.284,14058.432,24066087,42071046668.0,SZ399001
2026-01-07 10:35:00,14056.691,14067.252,14044.609,14066.754,15986844,28724345637.0,SZ399001
2026-01-07 10:40:00,14065.955,14066.479,14051.18,14061.461,13276779,24633398820.0,SZ399001
2026-01-07 10:45:00,14061.109,14075.229,14056.376,14074.948,12488267,23303325310.0,SZ399001
2026-01-07 10:50:00,14075.802,14081.623,14062.276,14063.454,12655071,21746726115.0,SZ399001
2026-01-07 10:55:00,14061.929,14073.591,14061.338,14071.816,11688700,20948900652.0,SZ399001
2026-01-07 11:00:00,14071.687,14071.687,14052.809,14063.137,11707153,22164144880.0,SZ399001
2026-01-07 11:05:00,14064.082,14079.371,14061.605,14072.692,11503167,22386623787.0,SZ399001
2026-01-07 11:10:00,14072.443,14077.683,14069.93,14077.346,9693997,18142301805.0,SZ399001
2026-01-07 11:15:00,14077.518,14078.064,14052.867,14055.459,10350383,19041149973.0,SZ399001
2026-01-07 11:20:00,14055.267,14078.818,14054.731,14072.487,9291863,17426717420.0,SZ399001
2026-01-07 11:25:00,14072.556,14084.222,14067.008,14083.847,10375004,17062859860.0,SZ399001
2026-01-07 11:30:00,14084.754,14087.677,14071.308,14071.346,9718853,16987916732.0,SZ399001
2026-01-07 13:05:00,14071.164,14072.607,14034.086,14034.688,20122503,37728528946.0,SZ399001
2026-01-07 13:10:00,14033.568,14038.818,14020.229,14037.179,13425732,25243034185.0,SZ399001
2026-01-07 13:15:00,14036.88,14036.88,14023.849,14028.317,12809043,23580547114.0,SZ399001
2026-01-07 13:20:00,14028.111,14039.956,14025.263,14025.275,12809259,23656610419.0,SZ399001
2026-01-07 13:25:00,14024.338,14025.432,13994.408,13995.391,13866061,28382523816.0,SZ399001
2026-01-07 13:30:00,13994.598,13994.598,13958.066,13962.942,19548578,37175459512.0,SZ399001
2026-01-07 13:35:00,13964.708,13982.287,13964.656,13977.951,12868017,24888397080.0,SZ399001
2026-01-07 13:40:00,13978.597,13999.457,13978.446,13978.578,10827142,20032166447.0,SZ399001
2026-01-07 13:45:00,13977.555,13977.555,13936.285,13941.654,16996856,28699167012.0,SZ399001
2026-01-07 13:50:00,13941.444,13952.359,13935.528,13937.896,12527285,22912379534.0,SZ399001
2026-01-07 13:55:00,13940.751,13973.618,13940.112,13973.618,10657132,19311625153.0,SZ399001
2026-01-07 14:00:00,13974.325,13984.228,13971.848,13983.751,9269146,17099406809.0,SZ399001
2026-01-07 14:05:00,13983.012,14011.273,13983.012,14000.706,9456707,18244923091.0,SZ399001
2026-01-07 14:10:00,13999.978,14027.427,13999.978,14026.29,9170070,16853038765.0,SZ399001
2026-01-07 14:15:00,14027.413,14032.44,14022.626,14029.145,10334426,18079198531.0,SZ399001
2026-01-07 14:20:00,14029.601,14030.798,14016.824,14016.824,9750338,16842445070.0,SZ399001
2026-01-07 14:25:00,14016.235,14026.411,14015.369,14026.411,8616587,15618073096.0,SZ399001
2026-01-07 14:30:00,14027.558,14029.166,14020.59,14021.2,8966437,16160848218.0,SZ399001
2026-01-07 14:35:00,14019.811,14019.811,13987.525,13992.683,15249661,24722542894.0,SZ399001
2026-01-07 14:40:00,13992.76,14014.942,13991.118,14011.356,12165793,21131812921.0,SZ399001
2026-01-07 14:45:00,14011.803,14017.291,14007.634,14008.377,13671151,24158490206.0,SZ399001
2026-01-07 14:50:00,14007.695,14020.965,14007.695,14020.438,16112236,28930477022.0,SZ399001
2026-01-07 14:55:00,14021.01,14031.546,14019.152,14031.481,21340852,37037366579.0,SZ399001
2026-01-07 15:00:00,14031.516,14034.987,14030.558,14030.558,21523825,36890504445.0,SZ399001
2026-01-08 09:35:00,13971.892,13971.892,13926.598,13945.956,94534200,170474243192.0,SZ399001
2026-01-08 09:40:00,13946.378,13981.164,13945.144,13981.007,51560698,91737242606.0,SZ399001
2026-01-08 09:45:00,13983.964,13994.603,13970.813,13970.813,41241570,74561455724.0,SZ399001
2026-01-08 09:50:00,13967.422,13991.045,13959.484,13990.846,38118213,65781847711.0,SZ399001
2026-01-08 09:55:00,13991.271,13998.027,13978.188,13978.188,29181075,51768353239.0,SZ399001
2026-01-08 10:00:00,13980.968,14012.598,13980.369,14011.357,24930280,43758087117.0,SZ399001
2026-01-08 10:05:00,14011.212,14033.594,14004.086,14013.919,23514097,41996095338.0,SZ399001
2026-01-08 10:10:00,14012.918,14017.851,13999.469,14014.93,21674093,37862659034.0,SZ399001
2026-01-08 10:15:00,14013.705,14013.705,13991.548,13995.293,19320387,35661765902.0,SZ399001
2026-01-08 10:20:00,13996.044,14012.955,13985.519,13985.519,18315084,33713932302.0,SZ399001
2026-01-08 10:25:00,13985.038,13988.463,13965.648,13969.713,19657172,36760339575.0,SZ399001
2026-01-08 10:30:00,13969.943,13995.76,13969.943,13982.909,17918372,32290908460.0,SZ399001
2026-01-08 10:35:00,13982.812,13992.395,13968.385,13979.988,16193551,29791830073.0,SZ399001
2026-01-08 10:40:00,13978.271,13984.661,13967.846,13981.506,15503315,28548739237.0,SZ399001
2026-01-08 10:45:00,13980.919,13986.265,13968.13,13985.48,15898967,28754691394.0,SZ399001
2026-01-08 10:50:00,13984.068,14016.017,13982.377,14008.17,15142066,26173054363.0,SZ399001
2026-01-08 10:55:00,14009.395,14026.096,14007.627,14013.291,14089178,25182947876.0,SZ399001
2026-01-08 11:00:00,14012.062,14018.533,14009.783,14015.199,12013787,22026517400.0,SZ399001
2026-01-08 11:05:00,14015.996,14016.06,13979.094,13979.278,14342696,27829278996.0,SZ399001
2026-01-08 11:10:00,13979.471,14007.142,13971.521,14007.142,18761849,31733934554.0,SZ399001
2026-01-08 11:15:00,14007.503,14008.095,13984.81,13984.81,15709124,25340858930.0,SZ399001
2026-01-08 11:20:00,13984.211,13992.487,13974.514,13991.328,14539184,22894842792.0,SZ399001
2026-01-08 11:25:00,13990.728,14014.225,13990.728,14013.014,10320894,17781254681.0,SZ399001
2026-01-08 11:30:00,14012.894,14016.19,14001.301,14003.09,12010472,19582808773.0,SZ399001
2026-01-08 13:05:00,14005.117,14014.015,13994.717,14014.006,21280584,36468616849.0,SZ399001
2026-01-08 13:10:00,14012.259,14012.259,13992.901,13996.583,12902065,23161998752.0,SZ399001
2026-01-08 13:15:00,13996.345,14000.719,13985.005,13990.283,13997570,23714539109.0,SZ399001
2026-01-08 13:20:00,13989.75,14003.535,13989.156,14003.535,12563689,20842957322.0,SZ399001
2026-01-08 13:25:00,14003.488,14011.459,13990.989,13992.603,13676436,22588795944.0,SZ399001
2026-01-08 13:30:00,13992.663,13998.267,13988.459,13989.138,11937303,19355321806.0,SZ399001
2026-01-08 13:35:00,13988.132,13988.132,13947.602,13955.051,17992788,30834278955.0,SZ399001
2026-01-08 13:40:00,13955.232,13969.713,13950.69,13962.448,11302567,20659243641.0,SZ399001
2026-01-08 13:45:00,13963.134,13965.95,13951.464,13953.454,10788034,19118482263.0,SZ399001
2026-01-08 13:50:00,13954.173,13960.105,13954.173,13958.948,10225875,18322431684.0,SZ399001
2026-01-08 13:55:00,13958.955,13960.485,13941.817,13960.485,12511335,21523114727.0,SZ399001
2026-01-08 14:00:00,13960.99,13977.107,13960.885,13972.489,11726964,18930454641.0,SZ399001
2026-01-08 14:05:00,13971.642,13976.983,13965.717,13965.717,12465037,20583877708.0,SZ399001
2026-01-08 14:10:00,13964.317,13964.317,13925.901,13926.159,14824979,25405843984.0,SZ399001
2026-01-08 14:15:00,13925.008,13925.008,13886.002,13886.002,21221040,35983593733.0,SZ399001
2026-01-08 14:20:00,13884.998,13919.307,13883.808,13917.083,15024004,26409877516.0,SZ399001
2026-01-08 14:25:00,13917.079,13933.518,13909.68,13927.973,10182249,18594119503.0,SZ399001
2026-01-08 14:30:00,13928.064,13945.422,13922.945,13945.337,11893231,20080643964.0,SZ399001
2026-01-08 14:35:00,13944.521,13961.663,13943.631,13955.805,12581891,22208200131.0,SZ399001
2026-01-08 14:40:00,13956.065,13963.46,13946.184,13947.926,11804377,20935704266.0,SZ399001
2026-01-08 14:45:00,13946.623,13954.422,13944.102,13948.78,13477654,24417703013.0,SZ399001
2026-01-08 14:50:00,13948.408,13949.546,13940.782,13942.927,16850064,28951145719.0,SZ399001
2026-01-08 14:55:00,13942.778,13950.141,13936.972,13949.997,22792899,38324461378.0,SZ399001
2026-01-08 15:00:00,13948.467,13959.483,13948.467,13959.483,22488035,37772774896.0,SZ399001
2026-01-09 09:35:00,13917.782,13963.561,13917.782,13962.781,107990314,196154459250.0,SZ399001
2026-01-09 09:40:00,13962.681,13972.21,13948.261,13966.559,55797856,104048401601.0,SZ399001
2026-01-09 09:45:00,13964.817,13970.035,13934.268,13970.035,43721657,85901784552.0,SZ399001
2026-01-09 09:50:00,13969.606,14020.573,13969.606,14010.443,38969533,69614768806.0,SZ399001
2026-01-09 09:55:00,14009.666,14040.209,14008.75,14040.209,35300983,61728898741.0,SZ399001
2026-01-09 10:00:00,14040.932,14073.922,14039.002,14071.824,30198475,56408483130.0,SZ399001
2026-01-09 10:05:00,14072.98,14089.409,14070.555,14077.965,27465008,51919157503.0,SZ399001
2026-01-09 10:10:00,14077.753,14089.527,14068.301,14075.126,24946352,45439788043.0,SZ399001
2026-01-09 10:15:00,14074.655,14083.526,14053.631,14075.959,24251039,42926731855.0,SZ399001
2026-01-09 10:20:00,14076.899,14095.531,14072.215,14085.512,20833349,37571387964.0,SZ399001
2026-01-09 10:25:00,14085.31,14109.735,14078.57,14109.273,21629180,40286143832.0,SZ399001
2026-01-09 10:30:00,14108.459,14127.686,14090.01,14113.0,22786633,44145196470.0,SZ399001
2026-01-09 10:35:00,14116.085,14131.853,14101.539,14120.239,18065029,33624753414.0,SZ399001
2026-01-09 10:40:00,14120.449,14128.623,14114.349,14121.758,16619823,30485834027.0,SZ399001
2026-01-09 10:45:00,14119.547,14132.868,14114.978,14132.844,15022136,28951492793.0,SZ399001
2026-01-09 10:50:00,14133.118,14138.531,14123.846,14124.99,15491012,29159718952.0,SZ399001
2026-01-09 10:55:00,14126.043,14139.536,14099.25,14099.25,16151047,30389372675.0,SZ399001
2026-01-09 11:00:00,14098.021,14117.332,14092.831,14114.887,16470787,28212109104.0,SZ399001
2026-01-09 11:05:00,14115.238,14115.238,14036.152,14059.056,24611734,40569399271.0,SZ399001
2026-01-09 11:10:00,14059.039,14059.039,14024.476,14034.908,23828022,42398654306.0,SZ399001
2026-01-09 11:15:00,14034.326,14071.363,14034.326,14065.856,14429215,26717954762.0,SZ399001
2026-01-09 11:20:00,14065.949,14085.696,14063.848,14082.064,12082470,23549070266.0,SZ399001
2026-01-09 11:25:00,14083.076,14103.306,14051.87,14055.868,18484471,31285904944.0,SZ399001
2026-01-09 11:30:00,14057.471,14075.37,14038.444,14038.463,15352861,28574195470.0,SZ399001
2026-01-09 13:05:00,14040.465,14067.381,14040.465,14046.077,22450402,44027032525.0,SZ399001
2026-01-09 13:10:00,14047.152,14079.04,14045.046,14079.04,13691961,26080765397.0,SZ399001
2026-01-09 13:15:00,14078.506,14084.539,14074.872,14083.89,12333812,23609138173.0,SZ399001
2026-01-09 13:20:00,14080.376,14080.851,14066.004,14076.876,12758747,23600040373.0,SZ399001
2026-01-09 13:25:00,14077.684,14077.697,14042.983,14047.62,13965443,24779434106.0,SZ399001
2026-01-09 13:30:00,14047.65,14081.756,14046.732,14078.706,12929520,23216491092.0,SZ399001
2026-01-09 13:35:00,14077.854,14082.123,14065.225,14066.116,11555129,20423048800.0,SZ399001
2026-01-09 13:40:00,14066.406,14084.178,14066.406,14082.188,11348770,19647357327.0,SZ399001
2026-01-09 13:45:00,14081.735,14095.122,14077.246,14086.21,10890990,19553965434.0,SZ399001
2026-01-09 13:50:00,14085.399,14093.019,14083.253,14083.844,11359647,20730155041.0,SZ399001
2026-01-09 13:55:00,14081.917,14081.917,14061.972,14065.556,11027563,19900517381.0,SZ399001
2026-01-09 14:00:00,14064.622,14082.053,14058.766,14082.053,11307257,19464086249.0,SZ399001
2026-01-09 14:05:00,14082.908,14097.014,14082.908,14084.348,13335082,21796168020.0,SZ399001
2026-01-09 14:10:00,14084.861,14088.211,14069.878,14072.207,11235261,19428741171.0,SZ399001
2026-01-09 14:15:00,14071.947,14074.763,14062.849,14069.184,10843787,19039229494.0,SZ399001
2026-01-09 14:20:00,14068.486,14068.486,14054.29,14060.511,11145418,19605798323.0,SZ399001
2026-01-09 14:25:00,14060.03,14083.013,14059.857,14082.682,11891035,20359776956.0,SZ399001
2026-01-09 14:30:00,14083.353,14100.777,14082.74,14092.304,14166058,23842152150.0,SZ399001
2026-01-09 14:35:00,14090.755,14092.29,14082.136,14092.29,13949910,24717751204.0,SZ399001
2026-01-09 14:40:00,14092.598,14118.138,14092.598,14116.141,16745680,28147443905.0,SZ399001
2026-01-09 14:45:00,14115.108,14126.329,14114.94,14116.094,18923489,31956035270.0,SZ399001
2026-01-09 14:50:00,14115.825,14121.001,14109.34,14112.317,21247378,36223252068.0,SZ399001
2026-01-09 14:55:00,14111.158,14119.207,14108.751,14117.325,27479265,46298390387.0,SZ399001
2026-01-09 15:00:00,14117.042,14120.151,14114.518,14120.151,26887622,47050800964.0,SZ399001
2026-01-12 09:35:00,14186.864,14209.13,14145.301,14145.852,134928513,261069449214.0,SZ399001
2026-01-12 09:40:00,14143.719,14157.236,14120.994,14133.709,75093701,142045642140.0,SZ399001
2026-01-12 09:45:00,14131.38,14134.589,14090.723,14090.723,55658733,108319210906.0,SZ399001
2026-01-12 09:50:00,14090.791,14120.1,14089.593,14113.082,46364493,89578584845.0,SZ399001
2026-01-12 09:55:00,14115.197,14175.401,14103.834,14165.938,41612021,78884397959.0,SZ399001
2026-01-12 10:00:00,14162.748,14197.013,14157.514,14184.953,35366724,65649015815.0,SZ399001
2026-01-12 10:05:00,14184.305,14184.305,14150.053,14150.053,32163062,60050835383.0,SZ399001
2026-01-12 10:10:00,14149.713,14171.844,14149.713,14170.23,27348613,52322883346.0,SZ399001
2026-01-12 10:15:00,14170.013,14220.648,14170.013,14220.302,27994026,52370187423.0,SZ399001
2026-01-12 10:20:00,14220.812,14222.288,14193.062,14197.305,22271545,43352339294.0,SZ399001
2026-01-12 10:25:00,14197.629,14205.662,14177.136,14177.136,20858443,39652694170.0,SZ399001
2026-01-12 10:30:00,14175.558,14175.558,14160.676,14160.676,22405623,41471171141.0,SZ399001
2026-01-12 10:35:00,14157.33,14185.121,14134.594,14180.458,23389722,43057537758.0,SZ399001
2026-01-12 10:40:00,14181.428,14189.871,14175.769,14183.912,18767745,34001789354.0,SZ399001
2026-01-12 10:45:00,14184.982,14199.897,14184.265,14196.816,17107797,31982076557.0,SZ399001
2026-01-12 10:50:00,14196.311,14208.026,14191.346,14208.026,16415365,29629790503.0,SZ399001
2026-01-12 10:55:00,14206.95,14218.992,14206.036,14212.539,15988705,28489689796.0,SZ399001
2026-01-12 11:00:00,14213.689,14216.405,14202.791,14210.267,16221145,28797769733.0,SZ399001
2026-01-12 11:05:00,14209.782,14209.782,14183.204,14188.17,16114898,28563482151.0,SZ399001
2026-01-12 11:10:00,14188.441,14222.128,14187.881,14221.811,14240293,25598384701.0,SZ399001
2026-01-12 11:15:00,14221.756,14250.261,14221.082,14250.261,14339112,28356362358.0,SZ399001
2026-01-12 11:20:00,14252.082,14278.989,14252.082,14278.152,13753924,25911131461.0,SZ399001
2026-01-12 11:25:00,14278.018,14288.054,14267.218,14282.976,13869193,26034822094.0,SZ399001
2026-01-12 11:30:00,14282.446,14305.097,14280.323,14305.097,14993976,26416792773.0,SZ399001
2026-01-12 13:05:00,14309.621,14334.209,14289.855,14333.538,31723694,59753539787.0,SZ399001
2026-01-12 13:10:00,14334.892,14343.929,14327.257,14327.414,19317094,35930685563.0,SZ399001
2026-01-12 13:15:00,14325.945,14331.408,14293.149,14293.149,21861050,39947067418.0,SZ399001
2026-01-12 13:20:00,14290.505,14315.671,14252.384,14312.605,22897979,42263552467.0,SZ399001
2026-01-12 13:25:00,14312.238,14320.898,14298.981,14311.477,15157963,30194090516.0,SZ399001
2026-01-12 13:30:00,14311.24,14317.329,14298.558,14316.32,15087362,27425526939.0,SZ399001
2026-01-12 13:35:00,14315.692,14320.092,14303.491,14320.092,14095148,25269677289.0,SZ399001
2026-01-12 13:40:00,14318.446,14321.455,14295.391,14302.098,12888493,23718172846.0,SZ399001
2026-01-12 13:45:00,14300.962,14301.982,14291.035,14300.675,11786252,22022702634.0,SZ399001
2026-01-12 13:50:00,14300.942,14321.569,14300.903,14313.325,12155738,22770441714.0,SZ399001
2026-01-12 13:55:00,14312.561,14319.528,14308.2,14317.741,12192551,21984938250.0,SZ399001
2026-01-12 14:00:00,14317.774,14337.909,14317.399,14337.909,13018858,24484069699.0,SZ399001
2026-01-12 14:05:00,14339.204,14353.081,14339.003,14351.71,14740960,26024848231.0,SZ399001
2026-01-12 14:10:00,14350.952,14354.554,14343.464,14344.007,13053061,24251074236.0,SZ399001
2026-01-12 14:15:00,14344.058,14365.692,14343.426,14363.877,13032946,24387577522.0,SZ399001
2026-01-12 14:20:00,14364.316,14365.11,14350.338,14361.253,13561344,24503793396.0,SZ399001
2026-01-12 14:25:00,14361.353,14377.424,14361.353,14373.495,13535574,25256277600.0,SZ399001
2026-01-12 14:30:00,14373.72,14389.29,14369.813,14389.161,14416899,26532423099.0,SZ399001
2026-01-12 14:35:00,14389.754,14391.28,14341.873,14341.873,19824532,35603777671.0,SZ399001
2026-01-12 14:40:00,14341.029,14358.856,14330.591,14357.389,17995366,32380995025.0,SZ399001
2026-01-12 14:45:00,14357.81,14364.06,14351.626,14353.407,17597162,31949245707.0,SZ399001
2026-01-12 14:50:00,14353.43,14355.514,14340.846,14341.764,21169294,39389173373.0,SZ399001
2026-01-12 14:55:00,14341.201,14352.496,14339.88,14352.385,27612596,49669904694.0,SZ399001
2026-01-12 15:00:00,14352.59,14366.908,14352.222,14366.908,27074284,47900433734.0,SZ399001
2026-01-13 09:35:00,14397.685,14397.685,14306.669,14306.669,148193502,281991266041.0,SZ399001
2026-01-13 09:40:00,14305.684,14381.938,14256.055,14379.795,92146278,169761589776.0,SZ399001
2026-01-13 09:45:00,14379.803,14434.528,14371.266,14412.04,65594737,123684185300.0,SZ399001
2026-01-13 09:50:00,14409.918,14458.885,14406.351,14426.608,48217987,96196887847.0,SZ399001
2026-01-13 09:55:00,14423.112,14423.362,14352.478,14352.478,45142540,83122186627.0,SZ399001
2026-01-13 10:00:00,14350.936,14382.422,14338.562,14382.422,39958861,69729453461.0,SZ399001
2026-01-13 10:05:00,14382.074,14420.9,14356.491,14420.9,30640336,56520726244.0,SZ399001
2026-01-13 10:10:00,14420.76,14424.126,14392.661,14393.752,27052565,49789851591.0,SZ399001
2026-01-13 10:15:00,14392.811,14407.425,14348.771,14348.771,26985680,48469441958.0,SZ399001
2026-01-13 10:20:00,14348.033,14353.243,14311.055,14311.055,26020817,48435550719.0,SZ399001
2026-01-13 10:25:00,14311.738,14322.446,14302.564,14307.643,23712279,43084853843.0,SZ399001
2026-01-13 10:30:00,14306.259,14328.618,14305.34,14307.011,22651818,36891878580.0,SZ399001
2026-01-13 10:35:00,14304.254,14304.254,14251.664,14253.647,27391447,47825640542.0,SZ399001
2026-01-13 10:40:00,14254.781,14283.66,14254.781,14265.225,20269293,36997330197.0,SZ399001
2026-01-13 10:45:00,14268.439,14302.291,14267.827,14299.542,17850715,29732256099.0,SZ399001
2026-01-13 10:50:00,14299.528,14330.887,14299.528,14330.887,15513952,27313270220.0,SZ399001
2026-01-13 10:55:00,14331.749,14351.806,14327.508,14327.508,16255950,29842520511.0,SZ399001
2026-01-13 11:00:00,14326.199,14347.382,14321.044,14327.402,14105471,25548934057.0,SZ399001
2026-01-13 11:05:00,14326.781,14328.62,14315.027,14325.112,13161858,24177912673.0,SZ399001
2026-01-13 11:10:00,14325.016,14355.616,14325.016,14352.553,14015676,27327553712.0,SZ399001
2026-01-13 11:15:00,14351.42,14358.909,14349.672,14355.973,14104259,27591663912.0,SZ399001
2026-01-13 11:20:00,14356.442,14367.6,14342.994,14343.57,15462832,31714903098.0,SZ399001
2026-01-13 11:25:00,14344.529,14362.006,14320.263,14321.009,14582951,28222160800.0,SZ399001
2026-01-13 11:30:00,14320.913,14351.33,14320.913,14321.801,13773848,24432994984.0,SZ399001
2026-01-13 13:05:00,14322.306,14343.171,14316.869,14328.967,20466354,36483347906.0,SZ399001
2026-01-13 13:10:00,14328.883,14328.883,14283.142,14284.234,14203404,26182000971.0,SZ399001
2026-01-13 13:15:00,14284.577,14285.976,14267.416,14267.416,15393415,27602366003.0,SZ399001
2026-01-13 13:20:00,14267.631,14268.319,14250.704,14250.704,14874708,27251911841.0,SZ399001
2026-01-13 13:25:00,14249.975,14249.975,14227.305,14228.975,17273124,30458612508.0,SZ399001
2026-01-13 13:30:00,14229.688,14241.418,14219.972,14241.418,14762332,26029075500.0,SZ399001
2026-01-13 13:35:00,14241.274,14243.915,14195.673,14196.801,16550433,28494768980.0,SZ399001
2026-01-13 13:40:00,14196.773,14229.496,14196.773,14229.496,13085819,23591683708.0,SZ399001
2026-01-13 13:45:00,14230.75,14258.022,14228.044,14254.147,11753286,20718020768.0,SZ399001
2026-01-13 13:50:00,14252.42,14255.004,14241.654,14252.519,11592573,20303840711.0,SZ399001
2026-01-13 13:55:00,14253.381,14294.847,14253.251,14292.449,13203490,22273424182.0,SZ399001
2026-01-13 14:00:00,14291.792,14308.285,14290.449,14291.009,12226139,22935313424.0,SZ399001
2026-01-13 14:05:00,14288.824,14288.824,14247.658,14247.658,12717974,22514582513.0,SZ399001
2026-01-13 14:10:00,14246.958,14246.958,14215.86,14216.663,15809678,26178987796.0,SZ399001
2026-01-13 14:15:00,14216.394,14217.21,14207.928,14212.139,13891139,23471249879.0,SZ399001
2026-01-13 14:20:00,14210.448,14213.135,14196.443,14213.135,13672450,23799167423.0,SZ399001
2026-01-13 14:25:00,14213.604,14230.134,14213.604,14230.134,10233327,18187979675.0,SZ399001
2026-01-13 14:30:00,14230.022,14233.264,14193.937,14193.937,14703198,24510257434.0,SZ399001
2026-01-13 14:35:00,14194.769,14221.896,14187.306,14187.306,17850542,29192769157.0,SZ399001
2026-01-13 14:40:00,14186.784,14191.453,14155.858,14155.858,22624757,37816604426.0,SZ399001
2026-01-13 14:45:00,14155.586,14160.821,14139.415,14139.415,24753342,43193850416.0,SZ399001
2026-01-13 14:50:00,14139.515,14142.15,14113.174,14132.625,29957460,51510332566.0,SZ399001
2026-01-13 14:55:00,14135.284,14170.277,14135.284,14169.34,26657690,45850819707.0,SZ399001
2026-01-13 15:00:00,14168.997,14172.454,14164.832,14169.397,24467556,42534570850.0,SZ399001
2026-01-14 09:35:00,14194.112,14286.167,14194.112,14286.167,120256166,203589107736.0,SZ399001
2026-01-14 09:40:00,14284.713,14319.789,14284.458,14319.482,68221448,116302676393.0,SZ399001
2026-01-14 09:45:00,14318.58,14355.36,14303.504,14346.308,54024115,95812037011.0,SZ399001
2026-01-14 09:50:00,14345.123,14373.99,14328.458,14328.728,46067849,85080294090.0,SZ399001
2026-01-14 09:55:00,14328.921,14348.607,14304.981,14310.593,40978238,76979694665.0,SZ399001
2026-01-14 10:00:00,14309.705,14371.112,14307.394,14371.112,36422969,67157886367.0,SZ399001
2026-01-14 10:05:00,14373.048,14400.253,14367.839,14375.537,33340814,62206827025.0,SZ399001
2026-01-14 10:10:00,14374.2,14402.227,14372.519,14383.127,30456566,54643413429.0,SZ399001
2026-01-14 10:15:00,14381.447,14405.409,14378.801,14388.816,28994946,53309778214.0,SZ399001
2026-01-14 10:20:00,14390.046,14402.228,14383.356,14400.421,24821791,47283319256.0,SZ399001
2026-01-14 10:25:00,14402.987,14413.877,14384.882,14413.877,25299231,48623979049.0,SZ399001
2026-01-14 10:30:00,14416.606,14439.8,14415.789,14431.248,22569991,43435495875.0,SZ399001
2026-01-14 10:35:00,14431.302,14437.249,14411.296,14414.101,21554769,40776679875.0,SZ399001
2026-01-14 10:40:00,14414.11,14430.416,14397.847,14430.178,22696528,40514044107.0,SZ399001
2026-01-14 10:45:00,14428.917,14444.786,14420.041,14443.189,19546917,35182557391.0,SZ399001
2026-01-14 10:50:00,14442.998,14443.457,14423.947,14431.976,17769095,32540119121.0,SZ399001
2026-01-14 10:55:00,14432.124,14437.335,14408.587,14424.01,17315249,32554546809.0,SZ399001
2026-01-14 11:00:00,14424.683,14438.506,14423.814,14427.252,16313822,31483408583.0,SZ399001
2026-01-14 11:05:00,14427.284,14448.514,14421.204,14442.47,15521106,29490839942.0,SZ399001
2026-01-14 11:10:00,14442.617,14451.617,14441.779,14449.924,13929134,26557058483.0,SZ399001
2026-01-14 11:15:00,14449.357,14457.58,14439.149,14439.149,15646130,28535214419.0,SZ399001
2026-01-14 11:20:00,14439.092,14447.714,14428.267,14447.714,13831189,24800336148.0,SZ399001
2026-01-14 11:25:00,14449.99,14459.214,14438.294,14438.432,14137438,26378370534.0,SZ399001
2026-01-14 11:30:00,14439.385,14450.98,14437.733,14449.574,14818594,24779095718.0,SZ399001
2026-01-14 13:05:00,14442.116,14442.116,14285.677,14336.835,53547652,96083171041.0,SZ399001
2026-01-14 13:10:00,14336.49,14336.49,14218.899,14236.682,46762097,78058336905.0,SZ399001
2026-01-14 13:15:00,14234.44,14291.555,14212.183,14212.183,33839841,58908109009.0,SZ399001
2026-01-14 13:20:00,14210.178,14237.234,14144.177,14237.234,47918912,78447001033.0,SZ399001
2026-01-14 13:25:00,14238.378,14273.475,14216.158,14254.614,25426416,47503452966.0,SZ399001
2026-01-14 13:30:00,14254.859,14287.769,14221.923,14287.115,19881621,38356743660.0,SZ399001
2026-01-14 13:35:00,14288.562,14315.297,14273.316,14273.316,19777298,39188012693.0,SZ399001
2026-01-14 13:40:00,14273.351,14334.392,14265.498,14316.502,17611485,36248404703.0,SZ399001
2026-01-14 13:45:00,14316.681,14320.316,14264.582,14264.582,17467551,33665680568.0,SZ399001
2026-01-14 13:50:00,14263.711,14263.711,14231.278,14231.907,18375976,32901506210.0,SZ399001
2026-01-14 13:55:00,14230.355,14240.539,14216.039,14216.34,17731689,31695044136.0,SZ399001
2026-01-14 14:00:00,14217.164,14217.164,14127.895,14127.895,33709758,53757536500.0,SZ399001
2026-01-14 14:05:00,14126.143,14183.286,14099.982,14177.096,32062450,52596053625.0,SZ399001
2026-01-14 14:10:00,14173.549,14173.752,14118.302,14172.773,21844336,35863965096.0,SZ399001
2026-01-14 14:15:00,14172.329,14242.428,14172.329,14234.88,18189588,29303707489.0,SZ399001
2026-01-14 14:20:00,14234.653,14242.123,14224.105,14242.123,13781884,23446123833.0,SZ399001
2026-01-14 14:25:00,14243.165,14255.733,14226.15,14255.733,12853044,22294787199.0,SZ399001
2026-01-14 14:30:00,14256.971,14281.418,14256.971,14281.22,14174079,24235856823.0,SZ399001
2026-01-14 14:35:00,14281.597,14286.572,14236.645,14238.319,15456545,26774460162.0,SZ399001
2026-01-14 14:40:00,14237.153,14237.153,14209.304,14216.544,14797435,25382383844.0,SZ399001
2026-01-14 14:45:00,14215.729,14243.986,14212.168,14229.277,15697291,26790112926.0,SZ399001
2026-01-14 14:50:00,14228.921,14235.339,14219.256,14221.909,18637344,31449801010.0,SZ399001
2026-01-14 14:55:00,14222.511,14235.776,14222.511,14235.456,24905309,42450849365.0,SZ399001
2026-01-14 15:00:00,14235.139,14248.598,14235.139,14248.598,23641527,41025118783.0,SZ399001
2026-01-15 09:35:00,14158.662,14287.183,14155.498,14281.24,127067323,213517823160.0,SZ399001
2026-01-15 09:40:00,14281.0,14294.523,14253.61,14253.61,68457656,119016427742.0,SZ399001
2026-01-15 09:45:00,14252.249,14325.067,14235.762,14271.089,48534549,88571073236.0,SZ399001
2026-01-15 09:50:00,14269.102,14284.696,14261.55,14271.101,39930414,70525685931.0,SZ399001
2026-01-15 09:55:00,14268.669,14295.159,14254.888,14278.807,33578053,59143545441.0,SZ399001
2026-01-15 10:00:00,14278.563,14328.596,14278.563,14316.943,28729861,50320914845.0,SZ399001
2026-01-15 10:05:00,14315.518,14315.707,14281.292,14281.292,29713921,51918549791.0,SZ399001
2026-01-15 10:10:00,14279.487,14284.512,14248.065,14264.469,35492430,57783183112.0,SZ399001
2026-01-15 10:15:00,14264.638,14271.979,14245.79,14261.373,25608303,43368926759.0,SZ399001
2026-01-15 10:20:00,14260.945,14264.794,14233.112,14233.112,19259198,34756271365.0,SZ399001
2026-01-15 10:25:00,14232.437,14238.677,14204.333,14204.333,20427764,34523727188.0,SZ399001
2026-01-15 10:30:00,14204.638,14209.212,14187.839,14189.561,20182439,34967537364.0,SZ399001
2026-01-15 10:35:00,14192.771,14229.263,14192.771,14220.045,19147720,32757371823.0,SZ399001
2026-01-15 10:40:00,14220.939,14257.102,14220.939,14243.739,14131381,25675256806.0,SZ399001
2026-01-15 10:45:00,14243.701,14251.725,14222.335,14223.145,14331783,26257866153.0,SZ399001
2026-01-15 10:50:00,14224.338,14248.059,14223.193,14241.76,14099696,24619004082.0,SZ399001
2026-01-15 10:55:00,14240.349,14241.329,14224.069,14224.922,11658205,21120059611.0,SZ399001
2026-01-15 11:00:00,14223.838,14231.838,14218.832,14218.832,11824296,19331484570.0,SZ399001
2026-01-15 11:05:00,14217.637,14247.788,14208.402,14232.648,16445418,24573110774.0,SZ399001
2026-01-15 11:10:00,14233.997,14254.53,14224.132,14241.734,10540366,18373201317.0,SZ399001
2026-01-15 11:15:00,14240.631,14243.636,14206.695,14206.765,8900788,16000498843.0,SZ399001
2026-01-15 11:20:00,14206.284,14214.783,14196.249,14208.6,9283635,16126055067.0,SZ399001
2026-01-15 11:25:00,14209.443,14211.106,14176.818,14176.818,12762468,20896314048.0,SZ399001
2026-01-15 11:30:00,14175.486,14186.849,14163.759,14186.11,14336509,22242210094.0,SZ399001
2026-01-15 13:05:00,14185.93,14197.553,14164.893,14174.149,20713084,34947212830.0,SZ399001
2026-01-15 13:10:00,14172.985,14205.392,14172.985,14184.319,12847795,23024453331.0,SZ399001
2026-01-15 13:15:00,14185.103,14210.522,14180.936,14210.522,13504920,22683426502.0,SZ399001
2026-01-15 13:20:00,14210.302,14225.425,14207.3,14207.3,12865366,23186907274.0,SZ399001
2026-01-15 13:25:00,14206.433,14224.553,14198.156,14224.553,11146632,20337278060.0,SZ399001
2026-01-15 13:30:00,14224.587,14252.853,14224.587,14239.131,11005322,21335506803.0,SZ399001
2026-01-15 13:35:00,14239.315,14243.463,14218.25,14236.544,9856952,19504452306.0,SZ399001
2026-01-15 13:40:00,14236.863,14236.863,14214.649,14217.526,10140736,19978249070.0,SZ399001
2026-01-15 13:45:00,14217.222,14229.099,14217.094,14227.977,10921367,18996199507.0,SZ399001
2026-01-15 13:50:00,14228.484,14257.233,14228.236,14248.949,11041253,19896764880.0,SZ399001
2026-01-15 13:55:00,14249.077,14257.526,14238.155,14238.231,10258114,20529173012.0,SZ399001
2026-01-15 14:00:00,14238.948,14243.087,14226.842,14239.684,9435354,20131487929.0,SZ399001
2026-01-15 14:05:00,14240.518,14246.929,14217.659,14236.162,12568291,24224782020.0,SZ399001
2026-01-15 14:10:00,14236.337,14255.237,14222.566,14222.566,10012537,23046477213.0,SZ399001
2026-01-15 14:15:00,14220.411,14222.975,14205.141,14221.241,12318668,23593176650.0,SZ399001
2026-01-15 14:20:00,14220.617,14231.205,14214.235,14218.935,10779081,22515072033.0,SZ399001
2026-01-15 14:25:00,14219.319,14278.995,14219.319,14278.995,13040491,27776045355.0,SZ399001
2026-01-15 14:30:00,14278.974,14296.941,14271.096,14271.129,13501591,28019331759.0,SZ399001
2026-01-15 14:35:00,14271.928,14272.895,14236.052,14255.505,13505449,25055795953.0,SZ399001
2026-01-15 14:40:00,14255.872,14286.578,14253.582,14285.462,12844219,24503078045.0,SZ399001
2026-01-15 14:45:00,14287.228,14302.863,14280.593,14285.962,14578532,29293275325.0,SZ399001
2026-01-15 14:50:00,14285.689,14306.647,14275.248,14301.392,17310604,32908760365.0,SZ399001
2026-01-15 14:55:00,14300.575,14300.575,14286.356,14288.044,21494429,39942889751.0,SZ399001
2026-01-15 15:00:00,14288.433,14306.725,14287.545,14306.725,21744601,37832368087.0,SZ399001
2026-01-16 09:35:00,14374.535,14423.939,14374.535,14409.6,102501183,192094873560.0,SZ399001
2026-01-16 09:40:00,14412.566,14424.351,14372.717,14410.065,59225824,107128795872.0,SZ399001
2026-01-16 09:45:00,14410.422,14419.66,14382.849,14382.849,42203218,79200953369.0,SZ399001
2026-01-16 09:50:00,14383.594,14398.29,14370.112,14372.335,40482848,72841120264.0,SZ399001
2026-01-16 09:55:00,14372.391,14390.106,14370.179,14371.263,31014652,57836817447.0,SZ399001
2026-01-16 10:00:00,14371.939,14376.693,14318.397,14323.15,28363721,51298509006.0,SZ399001
2026-01-16 10:05:00,14326.274,14342.03,14306.333,14319.684,30105978,54231371228.0,SZ399001
2026-01-16 10:10:00,14317.98,14319.884,14290.207,14290.207,27117951,47974412056.0,SZ399001
2026-01-16 10:15:00,14289.985,14294.19,14272.608,14278.798,24718991,45173886236.0,SZ399001
2026-01-16 10:20:00,14279.816,14326.483,14274.574,14320.943,19589076,38140451501.0,SZ399001
2026-01-16 10:25:00,14321.85,14337.554,14266.837,14267.286,26361709,42853048340.0,SZ399001
2026-01-16 10:30:00,14268.643,14311.862,14268.643,14300.404,21979896,36158939091.0,SZ399001
2026-01-16 10:35:00,14301.499,14313.562,14288.721,14298.014,18569645,31770726449.0,SZ399001
2026-01-16 10:40:00,14297.95,14317.174,14296.351,14302.33,15568943,28940456459.0,SZ399001
2026-01-16 10:45:00,14306.562,14326.193,14306.562,14317.535,14195062,28454126367.0,SZ399001
2026-01-16 10:50:00,14318.504,14336.482,14303.29,14322.608,16050135,28865721143.0,SZ399001
2026-01-16 10:55:00,14325.049,14342.57,14321.139,14332.323,14204328,29515359408.0,SZ399001
2026-01-16 11:00:00,14334.033,14363.192,14332.972,14349.212,12329528,27766023064.0,SZ399001
2026-01-16 11:05:00,14349.458,14390.534,14348.731,14371.629,13910114,27356703553.0,SZ399001
2026-01-16 11:10:00,14370.836,14370.859,14324.056,14329.415,10875210,22084046619.0,SZ399001
2026-01-16 11:15:00,14330.422,14331.353,14286.533,14286.533,10661406,20685552863.0,SZ399001
2026-01-16 11:20:00,14286.509,14313.317,14285.577,14309.83,9280327,18017853769.0,SZ399001
2026-01-16 11:25:00,14311.126,14346.247,14311.126,14346.247,8739159,16795553548.0,SZ399001
2026-01-16 11:30:00,14346.249,14346.249,14291.848,14293.084,9843235,19023051828.0,SZ399001
2026-01-16 13:05:00,14297.15,14322.182,14270.924,14270.924,18572971,36473183170.0,SZ399001
2026-01-16 13:10:00,14271.308,14291.262,14257.59,14275.129,12850618,26103397516.0,SZ399001
2026-01-16 13:15:00,14276.719,14295.977,14274.702,14292.928,10351786,20678093651.0,SZ399001
2026-01-16 13:20:00,14293.457,14308.603,14286.239,14308.061,9596850,19556090303.0,SZ399001
2026-01-16 13:25:00,14309.078,14318.658,14304.571,14317.295,9639237,19995926094.0,SZ399001
2026-01-16 13:30:00,14318.735,14340.66,14318.735,14330.193,12103915,23532419236.0,SZ399001
2026-01-16 13:35:00,14329.367,14344.677,14320.745,14344.292,10945177,21700239921.0,SZ399001
2026-01-16 13:40:00,14343.691,14367.824,14343.691,14367.824,10822520,21608923421.0,SZ399001
2026-01-16 13:45:00,14367.312,14373.946,14351.943,14353.834,11072481,21272346653.0,SZ399001
2026-01-16 13:50:00,14353.002,14372.869,14343.92,14362.647,11149408,21564149880.0,SZ399001
2026-01-16 13:55:00,14361.323,14361.323,14298.73,14298.73,11645453,22379715461.0,SZ399001
2026-01-16 14:00:00,14298.352,14308.857,14295.573,14300.205,9461533,19233898953.0,SZ399001
2026-01-16 14:05:00,14299.92,14299.92,14266.951,14267.773,12053681,23452314098.0,SZ399001
2026-01-16 14:10:00,14266.726,14286.962,14260.148,14277.779,10614232,20181323378.0,SZ399001
2026-01-16 14:15:00,14278.012,14292.805,14264.84,14280.025,10498013,17785905007.0,SZ399001
2026-01-16 14:20:00,14280.887,14297.923,14267.221,14297.923,10407437,17032863495.0,SZ399001
2026-01-16 14:25:00,14295.434,14305.615,14292.348,14293.554,8535663,15593291283.0,SZ399001
2026-01-16 14:30:00,14292.765,14305.191,14290.279,14301.851,8981481,16663176746.0,SZ399001
2026-01-16 14:35:00,14299.257,14314.807,14289.887,14314.807,12801464,22304399789.0,SZ399001
2026-01-16 14:40:00,14315.548,14320.665,14281.271,14281.271,12335817,22679503683.0,SZ399001
2026-01-16 14:45:00,14281.421,14281.421,14266.253,14266.253,14803259,27214902540.0,SZ399001
2026-01-16 14:50:00,14266.089,14269.42,14260.896,14263.183,16980990,30894130243.0,SZ399001
2026-01-16 14:55:00,14264.026,14275.353,14263.923,14274.592,21473916,37691026975.0,SZ399001
2026-01-16 15:00:00,14274.717,14281.08,14274.717,14281.08,21811791,38505588525.0,SZ399001
2026-01-19 09:35:00,14221.926,14265.69,14221.926,14257.207,94814170,177420444884.0,SZ399001
2026-01-19 09:40:00,14256.409,14290.082,14247.054,14272.927,53832346,98541849349.0,SZ399001
2026-01-19 09:45:00,14273.404,14287.418,14241.474,14278.754,42041639,79659354458.0,SZ399001
2026-01-19 09:50:00,14277.297,14281.338,14255.017,14281.338,32583137,60865149469.0,SZ399001
2026-01-19 09:55:00,14281.402,14342.25,14274.939,14339.438,29472247,54200457696.0,SZ399001
2026-01-19 10:00:00,14339.299,14361.839,14337.159,14361.839,27177537,48286858597.0,SZ399001
2026-01-19 10:05:00,14363.268,14369.65,14351.863,14351.863,27766881,48412384263.0,SZ399001
2026-01-19 10:10:00,14351.335,14378.841,14345.181,14378.721,23214520,41284636979.0,SZ399001
2026-01-19 10:15:00,14379.879,14392.875,14363.46,14363.572,21328815,39814928428.0,SZ399001
2026-01-19 10:20:00,14361.16,14366.757,14340.974,14353.492,19137830,35326650785.0,SZ399001
2026-01-19 10:25:00,14352.855,14352.855,14325.713,14326.295,17280919,30086617395.0,SZ399001
2026-01-19 10:30:00,14326.051,14339.52,14314.455,14326.123,15685788,27623798510.0,SZ399001
2026-01-19 10:35:00,14324.092,14330.173,14290.773,14292.769,15760182,28961513896.0,SZ399001
2026-01-19 10:40:00,14294.461,14306.807,14279.394,14279.394,12973382,24539784041.0,SZ399001
2026-01-19 10:45:00,14280.038,14283.308,14252.444,14283.308,15362231,27757514012.0,SZ399001
2026-01-19 10:50:00,14283.313,14292.923,14277.724,14282.913,12340744,24481487749.0,SZ399001
2026-01-19 10:55:00,14283.408,14297.723,14283.408,14297.723,10831746,21596210935.0,SZ399001
2026-01-19 11:00:00,14297.601,14309.391,14293.902,14300.452,10489115,20677302173.0,SZ399001
2026-01-19 11:05:00,14299.356,14320.158,14298.948,14316.032,10428515,19651334263.0,SZ399001
2026-01-19 11:10:00,14315.792,14317.582,14301.141,14302.13,10309575,18974261274.0,SZ399001
2026-01-19 11:15:00,14303.319,14322.639,14303.319,14322.405,10137484,17667378642.0,SZ399001
2026-01-19 11:20:00,14322.175,14331.449,14320.239,14327.968,9657450,17283985033.0,SZ399001
2026-01-19 11:25:00,14329.265,14333.902,14278.145,14289.077,12194328,22214305628.0,SZ399001
2026-01-19 11:30:00,14287.533,14287.533,14274.021,14280.049,10025583,17462167321.0,SZ399001
2026-01-19 13:05:00,14282.19,14300.899,14282.19,14298.213,16807197,29586813595.0,SZ399001
2026-01-19 13:10:00,14297.896,14317.12,14294.234,14317.12,10334911,20172708716.0,SZ399001
2026-01-19 13:15:00,14316.485,14333.822,14311.664,14331.886,10279489,19452818775.0,SZ399001
2026-01-19 13:20:00,14331.172,14340.419,14331.172,14337.603,10001987,18946964372.0,SZ399001
2026-01-19 13:25:00,14336.787,14342.652,14320.527,14321.803,9580702,18595749234.0,SZ399001
2026-01-19 13:30:00,14323.481,14335.739,14323.308,14330.43,9767253,17982487576.0,SZ399001
2026-01-19 13:35:00,14330.919,14351.025,14323.097,14323.097,11082353,19981954358.0,SZ399001
2026-01-19 13:40:00,14322.337,14324.735,14302.975,14303.748,10632679,20008091016.0,SZ399001
2026-01-19 13:45:00,14302.225,14305.808,14289.662,14289.696,10626936,18933961469.0,SZ399001
2026-01-19 13:50:00,14288.909,14301.573,14279.038,14279.62,9933867,18263456802.0,SZ399001
2026-01-19 13:55:00,14281.664,14282.067,14246.774,14253.757,12801920,23516677973.0,SZ399001
2026-01-19 14:00:00,14255.063,14278.027,14252.901,14269.208,10475478,18154599894.0,SZ399001
2026-01-19 14:05:00,14267.461,14289.101,14260.49,14289.101,9837898,18219160389.0,SZ399001
2026-01-19 14:10:00,14289.684,14293.081,14283.573,14288.355,9222959,16038738628.0,SZ399001
2026-01-19 14:15:00,14289.008,14296.398,14276.859,14296.398,10026189,17082906045.0,SZ399001
2026-01-19 14:20:00,14296.353,14302.133,14285.554,14288.797,8612590,15303898887.0,SZ399001
2026-01-19 14:25:00,14289.152,14296.162,14289.152,14295.264,8597204,15030794210.0,SZ399001
2026-01-19 14:30:00,14295.593,14304.057,14286.338,14295.809,10624152,18527791303.0,SZ399001
2026-01-19 14:35:00,14297.013,14300.652,14289.887,14298.477,10480210,18885226617.0,SZ399001
2026-01-19 14:40:00,14299.142,14299.272,14272.914,14279.968,12561106,23052939379.0,SZ399001
2026-01-19 14:45:00,14280.35,14280.916,14275.932,14277.702,13778421,24007316477.0,SZ399001
2026-01-19 14:50:00,14277.201,14285.264,14274.469,14283.394,16726918,29808942437.0,SZ399001
2026-01-19 14:55:00,14282.96,14287.209,14277.336,14285.991,22215059,37907797675.0,SZ399001
2026-01-19 15:00:00,14285.703,14294.144,14285.703,14294.053,22787962,38037422160.0,SZ399001
2026-01-20 09:35:00,14307.552,14337.125,14298.731,14301.458,90469840,155739321617.0,SZ399001
2026-01-20 09:40:00,14305.554,14324.915,14277.065,14293.924,54920983,98206672199.0,SZ399001
2026-01-20 09:45:00,14293.317,14304.828,14253.633,14258.677,43274747,74490113871.0,SZ399001
2026-01-20 09:50:00,14262.388,14276.06,14238.227,14238.227,38385131,65754161155.0,SZ399001
2026-01-20 09:55:00,14236.822,14251.003,14218.099,14218.099,31318400,56000128269.0,SZ399001
2026-01-20 10:00:00,14217.881,14218.011,14184.716,14194.039,29897650,55393230536.0,SZ399001
2026-01-20 10:05:00,14197.681,14201.166,14179.79,14191.032,26856840,46052968702.0,SZ399001
2026-01-20 10:10:00,14189.765,14189.765,14149.462,14167.51,26576577,46246532781.0,SZ399001
2026-01-20 10:15:00,14166.916,14171.676,14106.584,14106.584,23940822,46781918683.0,SZ399001
2026-01-20 10:20:00,14105.489,14111.613,14078.802,14079.823,28014925,51340437410.0,SZ399001
2026-01-20 10:25:00,14078.101,14078.101,14037.411,14074.576,26713072,50014542448.0,SZ399001
2026-01-20 10:30:00,14073.317,14083.074,14033.224,14077.031,24332332,43834107218.0,SZ399001
2026-01-20 10:35:00,14078.452,14095.361,14044.306,14091.075,19506698,34693051798.0,SZ399001
2026-01-20 10:40:00,14094.904,14123.102,14094.904,14121.436,15194482,27536537739.0,SZ399001
2026-01-20 10:45:00,14122.427,14143.049,14116.477,14139.411,14345791,25580520290.0,SZ399001
2026-01-20 10:50:00,14139.526,14146.015,14107.956,14124.396,14491276,25467439720.0,SZ399001
2026-01-20 10:55:00,14124.954,14134.408,14111.922,14124.814,11026949,19487694497.0,SZ399001
2026-01-20 11:00:00,14125.793,14125.793,14094.039,14106.379,11735473,20337214199.0,SZ399001
2026-01-20 11:05:00,14105.493,14117.882,14101.536,14104.124,10992021,17491346710.0,SZ399001
2026-01-20 11:10:00,14103.02,14103.446,14081.017,14088.998,10744510,18497278491.0,SZ399001
2026-01-20 11:15:00,14088.892,14136.243,14085.729,14133.829,8712686,15341359697.0,SZ399001
2026-01-20 11:20:00,14134.855,14154.881,14130.798,14153.669,8294983,15232619190.0,SZ399001
2026-01-20 11:25:00,14153.122,14168.982,14116.438,14128.627,10229530,19168843495.0,SZ399001
2026-01-20 11:30:00,14133.735,14143.165,14116.591,14119.953,9320616,16369365133.0,SZ399001
2026-01-20 13:05:00,14120.203,14129.999,14091.448,14099.709,18815874,32146112282.0,SZ399001
2026-01-20 13:10:00,14099.254,14123.224,14097.481,14114.394,11853833,20980268821.0,SZ399001
2026-01-20 13:15:00,14112.48,14138.301,14103.111,14116.88,11113043,20422947571.0,SZ399001
2026-01-20 13:20:00,14114.911,14138.497,14105.979,14133.821,12072418,19729302461.0,SZ399001
2026-01-20 13:25:00,14133.249,14135.282,14109.466,14126.723,11377326,19925882865.0,SZ399001
2026-01-20 13:30:00,14127.273,14175.97,14124.651,14162.36,11197177,20043043959.0,SZ399001
2026-01-20 13:35:00,14162.088,14163.943,14135.613,14158.419,10019716,17430564823.0,SZ399001
2026-01-20 13:40:00,14158.14,14158.14,14131.286,14135.744,9356113,16560342140.0,SZ399001
2026-01-20 13:45:00,14136.011,14164.535,14136.011,14151.268,10159251,17487652918.0,SZ399001
2026-01-20 13:50:00,14150.898,14189.766,14147.189,14189.766,10111904,17251328984.0,SZ399001
2026-01-20 13:55:00,14192.064,14197.345,14158.697,14158.697,11358546,18068958762.0,SZ399001
2026-01-20 14:00:00,14159.793,14161.057,14132.361,14132.513,8894468,15490738649.0,SZ399001
2026-01-20 14:05:00,14131.914,14135.287,14118.041,14118.041,10885866,18966338167.0,SZ399001
2026-01-20 14:10:00,14117.336,14132.264,14116.623,14121.405,9876722,17219951431.0,SZ399001
2026-01-20 14:15:00,14120.209,14127.071,14115.526,14126.01,9867748,17325362964.0,SZ399001
2026-01-20 14:20:00,14126.695,14130.298,14093.613,14100.605,11169331,20640096633.0,SZ399001
2026-01-20 14:25:00,14102.868,14115.717,14102.868,14109.275,8860742,16320973068.0,SZ399001
2026-01-20 14:30:00,14109.464,14109.64,14095.023,14105.448,10489538,18994459075.0,SZ399001
2026-01-20 14:35:00,14108.048,14114.085,14078.29,14078.31,15432957,27236584359.0,SZ399001
2026-01-20 14:40:00,14080.145,14097.769,14079.274,14097.761,13256194,23843398210.0,SZ399001
2026-01-20 14:45:00,14097.504,14123.761,14096.3,14121.749,13039499,23292880003.0,SZ399001
2026-01-20 14:50:00,14121.81,14142.743,14121.647,14129.042,15205968,26469737413.0,SZ399001
2026-01-20 14:55:00,14129.776,14146.259,14129.776,14146.259,19121010,32725695961.0,SZ399001
2026-01-20 15:00:00,14146.38,14156.379,14146.38,14155.628,19821204,32682970752.0,SZ399001
2026-01-21 09:35:00,14102.212,14171.946,14102.212,14126.318,88466584,142115823168.0,SZ399001
2026-01-21 09:40:00,14126.725,14215.578,14126.309,14215.578,46132086,79712806769.0,SZ399001
2026-01-21 09:45:00,14217.904,14248.575,14206.137,14232.545,33462211,63973707541.0,SZ399001
2026-01-21 09:50:00,14232.655,14243.763,14221.71,14224.985,30644642,56377545979.0,SZ399001
2026-01-21 09:55:00,14223.08,14237.822,14216.061,14227.136,27642598,51929231693.0,SZ399001
2026-01-21 10:00:00,14226.882,14243.985,14226.882,14230.235,22949106,43611827003.0,SZ399001
2026-01-21 10:05:00,14232.425,14266.961,14232.425,14265.843,22093490,42379097056.0,SZ399001
2026-01-21 10:10:00,14265.983,14286.969,14262.994,14282.234,19538373,37282536619.0,SZ399001
2026-01-21 10:15:00,14281.585,14300.511,14281.585,14288.32,20207104,37312918012.0,SZ399001
2026-01-21 10:20:00,14287.329,14297.337,14279.679,14297.337,17558003,32520723214.0,SZ399001
2026-01-21 10:25:00,14297.187,14305.813,14291.895,14297.7,16670150,29968113052.0,SZ399001
2026-01-21 10:30:00,14298.973,14317.348,14298.973,14317.348,15938490,28931412557.0,SZ399001
2026-01-21 10:35:00,14316.725,14316.725,14296.86,14311.752,15613577,27323705795.0,SZ399001
2026-01-21 10:40:00,14311.719,14317.598,14294.2,14301.405,14579752,25871502097.0,SZ399001
2026-01-21 10:45:00,14302.213,14319.125,14302.213,14305.983,12404840,23487202269.0,SZ399001
2026-01-21 10:50:00,14304.461,14304.765,14276.243,14276.243,14447019,25296359801.0,SZ399001
2026-01-21 10:55:00,14275.96,14286.535,14266.398,14266.956,11627435,21186975067.0,SZ399001
2026-01-21 11:00:00,14267.313,14285.67,14267.313,14275.064,10714804,19264357376.0,SZ399001
2026-01-21 11:05:00,14275.632,14315.176,14275.632,14315.069,10711499,19554984397.0,SZ399001
2026-01-21 11:10:00,14315.919,14319.648,14305.599,14309.133,10226353,18345530736.0,SZ399001
2026-01-21 11:15:00,14310.416,14320.935,14292.706,14295.463,10571581,19572005592.0,SZ399001
2026-01-21 11:20:00,14295.279,14311.687,14282.414,14305.212,9716964,19078007366.0,SZ399001
2026-01-21 11:25:00,14306.847,14309.686,14272.459,14279.246,10204478,19534702538.0,SZ399001
2026-01-21 11:30:00,14279.247,14284.87,14263.0,14263.196,8828968,16404439574.0,SZ399001
2026-01-21 13:05:00,14267.243,14295.153,14267.243,14295.153,16591320,28728753583.0,SZ399001
2026-01-21 13:10:00,14293.529,14305.812,14286.29,14294.325,10886190,20070701957.0,SZ399001
2026-01-21 13:15:00,14295.684,14302.874,14272.614,14282.947,12265903,21141294975.0,SZ399001
2026-01-21 13:20:00,14282.271,14291.841,14271.672,14284.241,11379433,20311237064.0,SZ399001
2026-01-21 13:25:00,14282.737,14290.754,14274.269,14278.869,10799015,18697713208.0,SZ399001
2026-01-21 13:30:00,14277.135,14278.74,14263.282,14273.338,11005562,19914117702.0,SZ399001
2026-01-21 13:35:00,14272.654,14280.916,14261.929,14267.993,10958051,19429785921.0,SZ399001
2026-01-21 13:40:00,14267.77,14287.141,14265.698,14273.871,9901804,16773570372.0,SZ399001
2026-01-21 13:45:00,14274.676,14292.132,14274.676,14284.32,9906512,16192595014.0,SZ399001
2026-01-21 13:50:00,14285.616,14293.94,14279.705,14291.662,8735137,16153980458.0,SZ399001
2026-01-21 13:55:00,14290.86,14309.461,14287.946,14305.342,8486911,16910194965.0,SZ399001
2026-01-21 14:00:00,14304.713,14307.798,14293.47,14307.412,9658603,17207324614.0,SZ399001
2026-01-21 14:05:00,14307.19,14316.511,14288.262,14290.061,11555708,20589765908.0,SZ399001
2026-01-21 14:10:00,14288.778,14299.876,14288.778,14297.597,9778524,16937251987.0,SZ399001
2026-01-21 14:15:00,14296.787,14296.787,14273.175,14273.308,9379398,16716257222.0,SZ399001
2026-01-21 14:20:00,14274.124,14283.536,14252.184,14252.184,10631148,19937728406.0,SZ399001
2026-01-21 14:25:00,14253.44,14263.329,14235.502,14252.444,12022646,22069237862.0,SZ399001
2026-01-21 14:30:00,14249.63,14250.002,14227.002,14241.728,12201089,22804398657.0,SZ399001
2026-01-21 14:35:00,14243.207,14261.026,14243.207,14257.396,11002736,19720496022.0,SZ399001
2026-01-21 14:40:00,14254.839,14273.684,14248.01,14256.805,12319286,21878344816.0,SZ399001
2026-01-21 14:45:00,14255.352,14255.61,14242.916,14247.147,15061937,25734865738.0,SZ399001
2026-01-21 14:50:00,14246.071,14261.059,14243.931,14246.291,16315717,28708917362.0,SZ399001
2026-01-21 14:55:00,14247.263,14247.737,14237.759,14241.532,21449468,37994064028.0,SZ399001
2026-01-21 15:00:00,14241.657,14255.125,14241.601,14255.125,20720838,34858774428.0,SZ399001
2026-01-22 09:35:00,14313.635,14374.511,14313.635,14355.932,82612618,156324251171.0,SZ399001
2026-01-22 09:40:00,14352.856,14369.299,14314.365,14325.944,51996613,95649163817.0,SZ399001
2026-01-22 09:45:00,14326.328,14337.91,14314.646,14323.969,41167652,75492309936.0,SZ399001
2026-01-22 09:50:00,14324.492,14335.662,14319.579,14332.744,35195462,64792094876.0,SZ399001
2026-01-22 09:55:00,14331.26,14333.212,14307.384,14324.742,31534827,54872807141.0,SZ399001
2026-01-22 10:00:00,14323.13,14338.67,14310.845,14310.845,27834712,48723499506.0,SZ399001
2026-01-22 10:05:00,14310.657,14310.657,14284.047,14284.283,27307102,47857486234.0,SZ399001
2026-01-22 10:10:00,14283.513,14319.389,14275.377,14305.072,23303114,40810440671.0,SZ399001
2026-01-22 10:15:00,14304.203,14332.87,14290.3,14290.3,22501530,38731105967.0,SZ399001
2026-01-22 10:20:00,14289.547,14289.547,14249.031,14251.987,22839985,41389868434.0,SZ399001
2026-01-22 10:25:00,14252.289,14267.598,14244.434,14256.14,19087773,32788394251.0,SZ399001
2026-01-22 10:30:00,14256.872,14274.404,14233.821,14244.265,16051834,29448801711.0,SZ399001
2026-01-22 10:35:00,14243.31,14262.199,14233.768,14260.207,14415982,25996243180.0,SZ399001
2026-01-22 10:40:00,14259.286,14276.647,14258.192,14275.345,14377079,24240704370.0,SZ399001
2026-01-22 10:45:00,14275.77,14286.116,14269.811,14279.076,13336219,23857848413.0,SZ399001
2026-01-22 10:50:00,14279.761,14289.374,14267.342,14267.342,12854322,24371104900.0,SZ399001
2026-01-22 10:55:00,14267.68,14293.506,14267.563,14281.113,11706339,20623874027.0,SZ399001
2026-01-22 11:00:00,14281.573,14301.028,14281.573,14301.028,10515334,18978017079.0,SZ399001
2026-01-22 11:05:00,14300.461,14305.768,14286.257,14286.74,11393464,20497704935.0,SZ399001
2026-01-22 11:10:00,14286.969,14298.687,14275.761,14284.192,10929533,19211755906.0,SZ399001
2026-01-22 11:15:00,14284.825,14292.699,14246.384,14254.485,12382372,21245925663.0,SZ399001
2026-01-22 11:20:00,14254.196,14254.965,14234.891,14243.153,10481161,18561609871.0,SZ399001
2026-01-22 11:25:00,14242.46,14248.801,14224.424,14227.827,9056802,15837571814.0,SZ399001
2026-01-22 11:30:00,14230.096,14244.948,14223.873,14230.973,8282376,14604010422.0,SZ399001
2026-01-22 13:05:00,14231.238,14240.294,14223.344,14240.294,15520822,28985665302.0,SZ399001
2026-01-22 13:10:00,14240.72,14260.64,14231.566,14248.967,10136248,19685706124.0,SZ399001
2026-01-22 13:15:00,14248.352,14263.75,14241.868,14263.656,9566041,17919410300.0,SZ399001
2026-01-22 13:20:00,14264.393,14273.705,14254.044,14254.044,10707958,20899332665.0,SZ399001
2026-01-22 13:25:00,14252.645,14265.873,14250.06,14257.277,9691042,19248990992.0,SZ399001
2026-01-22 13:30:00,14256.569,14266.634,14256.569,14264.703,8411379,16220597905.0,SZ399001
2026-01-22 13:35:00,14264.875,14280.666,14262.956,14278.609,8965064,16472347216.0,SZ399001
2026-01-22 13:40:00,14277.876,14287.647,14272.417,14287.647,9571496,16731538291.0,SZ399001
2026-01-22 13:45:00,14286.708,14286.708,14267.789,14277.759,10221165,17883630713.0,SZ399001
2026-01-22 13:50:00,14278.698,14293.072,14278.698,14287.875,9372524,17920732408.0,SZ399001
2026-01-22 13:55:00,14288.761,14292.529,14284.058,14285.523,9937331,17166664042.0,SZ399001
2026-01-22 14:00:00,14285.046,14300.08,14284.08,14300.08,8784419,16797468546.0,SZ399001
2026-01-22 14:05:00,14300.848,14316.569,14300.848,14316.569,9857453,18120131388.0,SZ399001
2026-01-22 14:10:00,14315.315,14321.217,14305.873,14321.217,8901326,17651398098.0,SZ399001
2026-01-22 14:15:00,14322.003,14326.987,14291.225,14294.134,12666289,24356256934.0,SZ399001
2026-01-22 14:20:00,14293.836,14306.868,14286.671,14305.078,10180943,17695790219.0,SZ399001
2026-01-22 14:25:00,14305.473,14319.382,14303.16,14312.11,9240499,17412208117.0,SZ399001
2026-01-22 14:30:00,14312.739,14317.081,14311.036,14314.697,9433717,17186314002.0,SZ399001
2026-01-22 14:35:00,14314.291,14316.208,14301.175,14306.829,12120077,22090173049.0,SZ399001
2026-01-22 14:40:00,14306.34,14307.625,14293.555,14301.811,13048364,23353462190.0,SZ399001
2026-01-22 14:45:00,14302.571,14309.612,14293.794,14293.794,13613612,24613349507.0,SZ399001
2026-01-22 14:50:00,14294.27,14300.554,14287.093,14300.554,16945916,30655277387.0,SZ399001
2026-01-22 14:55:00,14301.199,14315.268,14300.478,14312.673,22174574,38072927058.0,SZ399001
2026-01-22 15:00:00,14312.31,14327.045,14312.31,14327.045,22281836,37922453188.0,SZ399001
2026-01-23 09:35:00,14349.011,14365.229,14327.079,14365.229,101923303,173688169443.0,SZ399001
2026-01-23 09:40:00,14366.373,14384.145,14354.16,14363.069,54633789,100501599066.0,SZ399001
2026-01-23 09:45:00,14362.574,14362.574,14335.822,14348.92,43230926,77022144958.0,SZ399001
2026-01-23 09:50:00,14347.005,14379.382,14336.225,14376.007,38265576,68525760535.0,SZ399001
2026-01-23 09:55:00,14377.259,14390.799,14376.981,14384.43,33543661,56570585421.0,SZ399001
2026-01-23 10:00:00,14384.543,14390.519,14376.092,14384.852,29002286,51869334226.0,SZ399001
2026-01-23 10:05:00,14385.515,14410.078,14377.457,14400.947,27481226,48758267171.0,SZ399001
2026-01-23 10:10:00,14399.0,14410.784,14398.27,14408.188,25108295,45974788699.0,SZ399001
2026-01-23 10:15:00,14408.76,14413.891,14397.226,14411.672,21527881,38899494508.0,SZ399001
2026-01-23 10:20:00,14411.965,14411.965,14370.535,14383.842,21254891,37734942015.0,SZ399001
2026-01-23 10:25:00,14383.746,14387.059,14357.522,14370.019,19977524,35624226101.0,SZ399001
2026-01-23 10:30:00,14370.684,14370.684,14337.737,14339.325,17426856,33334648825.0,SZ399001
2026-01-23 10:35:00,14341.422,14347.252,14320.514,14347.252,20637445,36084149495.0,SZ399001
2026-01-23 10:40:00,14346.567,14375.942,14341.674,14375.009,14630636,26765178774.0,SZ399001
2026-01-23 10:45:00,14375.634,14389.341,14372.062,14384.86,14682009,27325685350.0,SZ399001
2026-01-23 10:50:00,14384.987,14390.469,14380.979,14384.942,13693265,25671474008.0,SZ399001
2026-01-23 10:55:00,14384.128,14384.128,14373.536,14381.252,13967704,25935161246.0,SZ399001
2026-01-23 11:00:00,14379.944,14379.944,14364.595,14365.544,14009560,26187726484.0,SZ399001
2026-01-23 11:05:00,14365.098,14382.265,14361.066,14380.068,14324169,26177491965.0,SZ399001
2026-01-23 11:10:00,14379.417,14395.516,14377.728,14395.516,15172794,27308449159.0,SZ399001
2026-01-23 11:15:00,14395.597,14395.597,14342.917,14343.516,16941236,31434183082.0,SZ399001
2026-01-23 11:20:00,14342.448,14352.007,14338.136,14342.247,12629914,23089212970.0,SZ399001
2026-01-23 11:25:00,14342.08,14363.818,14342.08,14356.035,11422280,20113804288.0,SZ399001
2026-01-23 11:30:00,14356.65,14365.065,14356.65,14360.982,12173667,21033367497.0,SZ399001
2026-01-23 13:05:00,14363.61,14400.541,14363.61,14397.188,24622478,44876566981.0,SZ399001
2026-01-23 13:10:00,14398.312,14410.71,14395.278,14408.262,15351928,26833448234.0,SZ399001
2026-01-23 13:15:00,14407.826,14413.958,14403.904,14407.941,13513577,24122849491.0,SZ399001
2026-01-23 13:20:00,14406.588,14421.143,14399.308,14421.143,14120705,25475129713.0,SZ399001
2026-01-23 13:25:00,14419.705,14428.305,14392.078,14392.078,15322286,27174699096.0,SZ399001
2026-01-23 13:30:00,14390.863,14393.46,14377.566,14392.388,14695808,25771091083.0,SZ399001
2026-01-23 13:35:00,14391.813,14405.299,14385.038,14405.299,13577384,23282593631.0,SZ399001
2026-01-23 13:40:00,14405.999,14411.881,14402.932,14403.888,13376222,23853352190.0,SZ399001
2026-01-23 13:45:00,14402.805,14413.141,14402.805,14407.189,14695261,26687133057.0,SZ399001
2026-01-23 13:50:00,14408.193,14421.245,14408.193,14415.922,11967907,22426868357.0,SZ399001
2026-01-23 13:55:00,14416.348,14434.227,14416.337,14434.227,12117532,22427526769.0,SZ399001
2026-01-23 14:00:00,14433.998,14435.685,14423.478,14428.054,12258924,20907139533.0,SZ399001
2026-01-23 14:05:00,14427.483,14433.709,14421.634,14433.709,13030060,22517365165.0,SZ399001
2026-01-23 14:10:00,14433.773,14449.84,14423.473,14423.473,14266190,25512019756.0,SZ399001
2026-01-23 14:15:00,14421.88,14431.061,14404.614,14418.768,14082914,25880664498.0,SZ399001
2026-01-23 14:20:00,14419.887,14437.109,14419.729,14434.087,10793160,20236565251.0,SZ399001
2026-01-23 14:25:00,14434.444,14439.519,14430.564,14435.893,10853326,19820910229.0,SZ399001
2026-01-23 14:30:00,14435.471,14440.39,14424.773,14424.773,12406984,22684237984.0,SZ399001
2026-01-23 14:35:00,14423.128,14423.128,14394.804,14394.804,17422723,31334209772.0,SZ399001
2026-01-23 14:40:00,14395.348,14407.687,14384.866,14391.779,19468190,33284971355.0,SZ399001
2026-01-23 14:45:00,14392.638,14422.029,14391.458,14422.029,16974562,27914916210.0,SZ399001
2026-01-23 14:50:00,14421.551,14434.491,14416.756,14422.692,19138978,33596905320.0,SZ399001
2026-01-23 14:55:00,14422.781,14425.971,14419.185,14423.849,24706820,42233862040.0,SZ399001
2026-01-23 15:00:00,14423.992,14439.658,14423.945,14439.658,26274290,43882134908.0,SZ399001
2026-01-26 09:35:00,14492.425,14507.153,14476.494,14482.707,122708787,225299612853.0,SZ399001
2026-01-26 09:40:00,14485.017,14532.896,14452.062,14464.247,70501814,126383273707.0,SZ399001
2026-01-26 09:45:00,14462.793,14484.032,14391.137,14391.137,54650265,97827009036.0,SZ399001
2026-01-26 09:50:00,14388.956,14398.379,14371.679,14378.066,48625932,87309193507.0,SZ399001
2026-01-26 09:55:00,14379.923,14386.71,14322.198,14322.198,44871167,76037087959.0,SZ399001
2026-01-26 10:00:00,14321.655,14354.602,14321.655,14349.934,34827657,64474003127.0,SZ399001
2026-01-26 10:05:00,14351.853,14371.154,14344.291,14370.39,33776985,57835684651.0,SZ399001
2026-01-26 10:10:00,14370.772,14382.761,14357.653,14379.748,27611813,47156296673.0,SZ399001
2026-01-26 10:15:00,14378.131,14392.684,14361.209,14361.209,24443657,42475395626.0,SZ399001
2026-01-26 10:20:00,14360.259,14374.71,14339.456,14366.51,26924247,45851005651.0,SZ399001
2026-01-26 10:25:00,14366.047,14386.846,14363.691,14382.205,25663798,44159404981.0,SZ399001
2026-01-26 10:30:00,14382.184,14416.717,14379.488,14400.491,19872370,37465697628.0,SZ399001
2026-01-26 10:35:00,14401.049,14411.458,14389.166,14393.646,21798411,37404762044.0,SZ399001
2026-01-26 10:40:00,14393.535,14431.124,14384.31,14386.249,16073685,28454277851.0,SZ399001
2026-01-26 10:45:00,14387.428,14389.828,14363.835,14363.835,13490375,25904861316.0,SZ399001
2026-01-26 10:50:00,14364.793,14373.038,14353.656,14365.359,14394573,26238900654.0,SZ399001
2026-01-26 10:55:00,14364.93,14373.27,14355.51,14355.532,13979063,24355954848.0,SZ399001
2026-01-26 11:00:00,14354.945,14354.945,14296.517,14297.424,17568482,29965593472.0,SZ399001
2026-01-26 11:05:00,14296.085,14324.403,14279.316,14324.403,14784686,26503305210.0,SZ399001
2026-01-26 11:10:00,14325.071,14331.763,14313.203,14322.306,13007816,23246705927.0,SZ399001
2026-01-26 11:15:00,14322.404,14349.227,14321.501,14345.558,9812207,17455641710.0,SZ399001
2026-01-26 11:20:00,14346.554,14351.627,14326.189,14345.749,9543440,15941165396.0,SZ399001
2026-01-26 11:25:00,14346.631,14351.803,14333.088,14340.191,8718072,15097100375.0,SZ399001
2026-01-26 11:30:00,14339.804,14349.81,14332.778,14332.861,10083215,17262689448.0,SZ399001
2026-01-26 13:05:00,14334.457,14354.452,14330.656,14353.294,18756272,31070281794.0,SZ399001
2026-01-26 13:10:00,14355.024,14360.253,14336.449,14337.854,14819341,23308408837.0,SZ399001
2026-01-26 13:15:00,14336.63,14338.222,14320.142,14326.121,14670485,23827078812.0,SZ399001
2026-01-26 13:20:00,14326.99,14341.41,14317.615,14318.461,11136814,19836363317.0,SZ399001
2026-01-26 13:25:00,14318.496,14340.983,14318.496,14328.482,11589980,19926991806.0,SZ399001
2026-01-26 13:30:00,14328.207,14328.207,14314.68,14314.68,16607601,25556185220.0,SZ399001
2026-01-26 13:35:00,14314.835,14316.276,14294.291,14303.554,17109789,26614243566.0,SZ399001
2026-01-26 13:40:00,14304.253,14314.156,14301.231,14313.83,12854459,20785697033.0,SZ399001
2026-01-26 13:45:00,14314.701,14316.76,14294.516,14294.516,10996250,19391807916.0,SZ399001
2026-01-26 13:50:00,14294.076,14308.462,14277.67,14307.727,14685508,24734475083.0,SZ399001
2026-01-26 13:55:00,14308.698,14342.469,14308.698,14326.894,10788147,18603429512.0,SZ399001
2026-01-26 14:00:00,14326.052,14333.687,14314.55,14316.586,8768030,15223381685.0,SZ399001
2026-01-26 14:05:00,14316.512,14317.127,14295.695,14295.846,10141103,17437662409.0,SZ399001
2026-01-26 14:10:00,14296.304,14311.604,14287.829,14304.166,10462845,17681279928.0,SZ399001
2026-01-26 14:15:00,14302.728,14307.536,14295.518,14298.048,9493853,16637716451.0,SZ399001
2026-01-26 14:20:00,14297.051,14313.692,14284.877,14311.883,10613547,18474306930.0,SZ399001
2026-01-26 14:25:00,14310.02,14332.789,14307.516,14331.609,10710888,18745995117.0,SZ399001
2026-01-26 14:30:00,14332.756,14356.861,14332.756,14355.554,11142834,20308864301.0,SZ399001
2026-01-26 14:35:00,14355.204,14376.143,14354.481,14359.108,14963414,26094121834.0,SZ399001
2026-01-26 14:40:00,14359.397,14360.029,14333.121,14333.737,13526393,24189243203.0,SZ399001
2026-01-26 14:45:00,14331.785,14344.984,14331.785,14344.522,12962995,23893845104.0,SZ399001
2026-01-26 14:50:00,14344.264,14356.715,14340.81,14340.811,15964112,28913171213.0,SZ399001
2026-01-26 14:55:00,14340.114,14341.353,14319.092,14319.092,21594719,38506107196.0,SZ399001
2026-01-26 15:00:00,14320.675,14323.545,14316.637,14316.637,21136194,36477476716.0,SZ399001
2026-01-27 09:35:00,14283.778,14329.59,14276.699,14276.699,95003653,160729204669.0,SZ399001
2026-01-27 09:40:00,14273.988,14298.161,14215.676,14215.676,58107301,102400104885.0,SZ399001
2026-01-27 09:45:00,14213.369,14222.229,14182.105,14182.497,53138626,90156957773.0,SZ399001
2026-01-27 09:50:00,14179.616,14197.579,14154.111,14170.176,47416910,78758951148.0,SZ399001
2026-01-27 09:55:00,14171.772,14202.933,14171.772,14178.716,43362599,65829298596.0,SZ399001
2026-01-27 10:00:00,14176.22,14176.22,14123.702,14123.909,43081574,66228820848.0,SZ399001
2026-01-27 10:05:00,14123.053,14155.291,14105.126,14155.291,33445204,56980199745.0,SZ399001
2026-01-27 10:10:00,14158.014,14177.694,14146.304,14173.195,25021644,44606349335.0,SZ399001
2026-01-27 10:15:00,14174.491,14213.411,14173.147,14213.411,20676227,40498162907.0,SZ399001
2026-01-27 10:20:00,14213.269,14238.057,14203.692,14236.89,18880433,38284506252.0,SZ399001
2026-01-27 10:25:00,14237.488,14257.796,14231.231,14239.576,17368594,36168774200.0,SZ399001
2026-01-27 10:30:00,14241.917,14241.917,14206.242,14210.881,16822012,31832274644.0,SZ399001
2026-01-27 10:35:00,14210.693,14273.18,14210.594,14267.018,15773692,31533378745.0,SZ399001
2026-01-27 10:40:00,14267.496,14313.403,14265.81,14297.495,13983592,29943905456.0,SZ399001
2026-01-27 10:45:00,14296.898,14313.561,14296.898,14306.339,11637945,24770034473.0,SZ399001
2026-01-27 10:50:00,14305.782,14313.522,14278.556,14278.556,13240151,24299132978.0,SZ399001
2026-01-27 10:55:00,14277.531,14288.978,14238.327,14241.899,12088335,22182791432.0,SZ399001
2026-01-27 11:00:00,14243.837,14273.05,14243.837,14268.717,10610723,17700888313.0,SZ399001
2026-01-27 11:05:00,14267.944,14276.089,14259.857,14264.293,10497626,17526100484.0,SZ399001
2026-01-27 11:10:00,14263.05,14275.035,14256.957,14275.035,8128263,14915336108.0,SZ399001
2026-01-27 11:15:00,14275.183,14279.871,14252.844,14252.844,8347780,15388260764.0,SZ399001
2026-01-27 11:20:00,14252.078,14271.631,14252.078,14262.621,8327334,15239360268.0,SZ399001
2026-01-27 11:25:00,14261.951,14270.303,14259.409,14259.871,7592298,13102194666.0,SZ399001
2026-01-27 11:30:00,14260.871,14269.262,14260.775,14262.962,7707484,13366875203.0,SZ399001
2026-01-27 13:05:00,14265.187,14281.622,14262.527,14270.495,17104671,29888122073.0,SZ399001
2026-01-27 13:10:00,14269.07,14291.983,14268.406,14286.244,12040883,22738078193.0,SZ399001
2026-01-27 13:15:00,14286.987,14307.976,14283.089,14307.976,14177062,25040580501.0,SZ399001
2026-01-27 13:20:00,14308.01,14313.953,14302.737,14311.381,11971678,23134224175.0,SZ399001
2026-01-27 13:25:00,14311.984,14312.666,14285.611,14305.981,11880639,23045668201.0,SZ399001
2026-01-27 13:30:00,14305.318,14309.452,14286.781,14297.757,11071080,20775053400.0,SZ399001
2026-01-27 13:35:00,14298.246,14316.847,14294.756,14314.833,10948169,19468707455.0,SZ399001
2026-01-27 13:40:00,14314.958,14316.801,14294.961,14301.047,9866219,17323474917.0,SZ399001
2026-01-27 13:45:00,14301.72,14334.351,14301.641,14332.41,10283041,18174969852.0,SZ399001
2026-01-27 13:50:00,14330.369,14385.466,14329.662,14382.491,15950217,26119952467.0,SZ399001
2026-01-27 13:55:00,14382.113,14389.949,14366.224,14369.002,12132007,21792668772.0,SZ399001
2026-01-27 14:00:00,14368.837,14393.703,14368.837,14382.855,12575280,21278558798.0,SZ399001
2026-01-27 14:05:00,14382.074,14402.086,14382.074,14389.052,12090181,22609521876.0,SZ399001
2026-01-27 14:10:00,14388.888,14403.595,14373.477,14376.566,10428912,19575018777.0,SZ399001
2026-01-27 14:15:00,14376.036,14387.82,14354.545,14362.892,11226619,19652976964.0,SZ399001
2026-01-27 14:20:00,14361.947,14361.947,14343.842,14344.935,8778287,16376862527.0,SZ399001
2026-01-27 14:25:00,14345.037,14350.64,14336.778,14339.069,8979101,16921359669.0,SZ399001
2026-01-27 14:30:00,14339.924,14347.651,14335.549,14344.808,9735858,17309835115.0,SZ399001
2026-01-27 14:35:00,14344.403,14347.525,14326.362,14326.362,11892247,20873800446.0,SZ399001
2026-01-27 14:40:00,14326.863,14336.011,14302.265,14310.005,13111429,23737036895.0,SZ399001
2026-01-27 14:45:00,14308.776,14338.588,14308.776,14337.138,14427891,25044487941.0,SZ399001
2026-01-27 14:50:00,14337.011,14347.028,14327.585,14332.389,17090800,29444609404.0,SZ399001
2026-01-27 14:55:00,14330.906,14330.906,14316.736,14317.365,21303143,37727587293.0,SZ399001
2026-01-27 15:00:00,14318.264,14329.906,14317.813,14329.906,20360862,35054098765.0,SZ399001
2026-01-28 09:35:00,14371.955,14382.139,14321.529,14325.472,89651297,171835845878.0,SZ399001
2026-01-28 09:40:00,14327.005,14337.998,14311.916,14337.998,48171131,89604019248.0,SZ399001
2026-01-28 09:45:00,14342.115,14346.683,14311.687,14316.928,41324010,78247552145.0,SZ399001
2026-01-28 09:50:00,14317.571,14325.903,14295.097,14311.527,37283850,71814430643.0,SZ399001
2026-01-28 09:55:00,14310.227,14321.509,14289.258,14311.605,34035209,60397492846.0,SZ399001
2026-01-28 10:00:00,14309.428,14317.502,14292.638,14305.14,26619941,49355608284.0,SZ399001
2026-01-28 10:05:00,14305.157,14319.596,14289.541,14308.744,29432864,49600515170.0,SZ399001
2026-01-28 10:10:00,14309.404,14317.699,14282.565,14289.589,28665840,47659160856.0,SZ399001
2026-01-28 10:15:00,14294.204,14309.333,14294.14,14296.184,22825988,39769230573.0,SZ399001
2026-01-28 10:20:00,14295.974,14321.343,14295.974,14321.343,21162186,36397985243.0,SZ399001
2026-01-28 10:25:00,14321.651,14324.98,14299.586,14299.586,20869653,34256637776.0,SZ399001
2026-01-28 10:30:00,14300.017,14305.078,14286.008,14286.008,19349345,34448785253.0,SZ399001
2026-01-28 10:35:00,14286.123,14319.272,14281.721,14306.032,18222011,32338044022.0,SZ399001
2026-01-28 10:40:00,14305.776,14312.644,14294.774,14295.305,16548673,30162853553.0,SZ399001
2026-01-28 10:45:00,14294.323,14314.653,14284.582,14293.855,16037277,29061311175.0,SZ399001
2026-01-28 10:50:00,14296.124,14300.687,14276.713,14283.121,13345457,24055044793.0,SZ399001
2026-01-28 10:55:00,14283.702,14284.593,14252.116,14252.619,12002863,23504471965.0,SZ399001
2026-01-28 11:00:00,14253.299,14264.109,14246.286,14246.286,11833848,21862270708.0,SZ399001
2026-01-28 11:05:00,14248.274,14278.422,14234.886,14269.957,13190957,23798975208.0,SZ399001
2026-01-28 11:10:00,14271.414,14295.786,14264.165,14290.782,10752567,19943563963.0,SZ399001
2026-01-28 11:15:00,14291.485,14308.276,14291.485,14300.57,10833159,19850157708.0,SZ399001
2026-01-28 11:20:00,14300.938,14314.322,14298.294,14314.322,11825085,20677664589.0,SZ399001
2026-01-28 11:25:00,14315.801,14326.701,14309.718,14326.701,9612277,17327676254.0,SZ399001
2026-01-28 11:30:00,14326.486,14345.439,14326.486,14342.74,10328431,18106661821.0,SZ399001
2026-01-28 13:05:00,14348.667,14365.916,14339.438,14358.187,21578284,40640249892.0,SZ399001
2026-01-28 13:10:00,14357.712,14384.785,14357.487,14381.134,13003174,25413814462.0,SZ399001
2026-01-28 13:15:00,14380.72,14401.062,14346.803,14348.071,15168544,25745369075.0,SZ399001
2026-01-28 13:20:00,14348.376,14351.801,14325.56,14328.019,13606179,23359487699.0,SZ399001
2026-01-28 13:25:00,14326.751,14327.201,14299.226,14302.046,12294615,22143913910.0,SZ399001
2026-01-28 13:30:00,14309.753,14324.271,14305.668,14310.609,10803206,19281773706.0,SZ399001
2026-01-28 13:35:00,14309.678,14326.683,14308.405,14312.871,11455514,19717622422.0,SZ399001
2026-01-28 13:40:00,14313.697,14338.661,14313.697,14338.414,10135461,17288175180.0,SZ399001
2026-01-28 13:45:00,14339.104,14342.388,14332.535,14332.964,9113916,16269252800.0,SZ399001
2026-01-28 13:50:00,14333.199,14344.162,14332.406,14339.431,8834583,15930470341.0,SZ399001
2026-01-28 13:55:00,14339.656,14343.251,14327.072,14331.138,10965503,19022590146.0,SZ399001
2026-01-28 14:00:00,14332.177,14339.912,14331.881,14333.4,10948381,18136992488.0,SZ399001
2026-01-28 14:05:00,14331.738,14356.094,14329.209,14352.369,9763931,17242594448.0,SZ399001
2026-01-28 14:10:00,14351.589,14358.683,14343.554,14355.131,8645400,16003789695.0,SZ399001
2026-01-28 14:15:00,14354.443,14372.997,14354.443,14371.226,9482233,17958690342.0,SZ399001
2026-01-28 14:20:00,14372.162,14375.081,14365.079,14366.407,9166568,16794679722.0,SZ399001
2026-01-28 14:25:00,14366.678,14373.14,14365.365,14372.836,9171946,17467193022.0,SZ399001
2026-01-28 14:30:00,14372.442,14377.846,14366.424,14376.939,10084326,19462172076.0,SZ399001
2026-01-28 14:35:00,14376.322,14394.003,14373.243,14393.252,13372664,24395029778.0,SZ399001
2026-01-28 14:40:00,14393.169,14411.651,14353.139,14354.269,15361658,27598868886.0,SZ399001
2026-01-28 14:45:00,14352.878,14354.625,14333.486,14335.281,16375941,28524207680.0,SZ399001
2026-01-28 14:50:00,14334.277,14342.139,14330.861,14332.901,17135214,32247161354.0,SZ399001
2026-01-28 14:55:00,14333.471,14346.082,14328.852,14342.47,21674546,38725780311.0,SZ399001
2026-01-28 15:00:00,14340.629,14342.894,14335.245,14342.894,20959754,36438393274.0,SZ399001
2026-01-29 09:35:00,14332.703,14332.703,14286.573,14308.702,111954700,184357579563.0,SZ399001
2026-01-29 09:40:00,14310.345,14391.086,14293.088,14390.244,64262336,109564070278.0,SZ399001
2026-01-29 09:45:00,14388.951,14398.293,14367.532,14393.052,51471331,90046111700.0,SZ399001
2026-01-29 09:50:00,14392.177,14398.03,14363.843,14381.186,42826401,75523869286.0,SZ399001
2026-01-29 09:55:00,14385.636,14402.33,14383.136,14391.809,35424136,60661126031.0,SZ399001
2026-01-29 10:00:00,14392.978,14400.799,14352.496,14380.402,31484857,55416060902.0,SZ399001
2026-01-29 10:05:00,14378.979,14387.077,14341.691,14341.691,28230880,50652574345.0,SZ399001
2026-01-29 10:10:00,14339.018,14339.018,14316.851,14329.223,27581682,50573791481.0,SZ399001
2026-01-29 10:15:00,14330.981,14361.907,14330.981,14350.513,25452955,43591954032.0,SZ399001
2026-01-29 10:20:00,14351.061,14356.44,14316.748,14324.595,24373905,41358559968.0,SZ399001
2026-01-29 10:25:00,14323.788,14342.128,14322.933,14342.128,21624184,35906714885.0,SZ399001
2026-01-29 10:30:00,14340.921,14369.72,14340.921,14352.422,17763689,31037429202.0,SZ399001
2026-01-29 10:35:00,14350.917,14380.56,14349.037,14373.258,15763410,27752266729.0,SZ399001
2026-01-29 10:40:00,14371.391,14380.023,14363.333,14368.402,12968428,24734108035.0,SZ399001
2026-01-29 10:45:00,14368.66,14407.016,14367.789,14407.016,13075741,23802169374.0,SZ399001
2026-01-29 10:50:00,14408.373,14418.088,14408.373,14411.298,13521229,26894003989.0,SZ399001
2026-01-29 10:55:00,14410.41,14410.923,14379.911,14394.539,14086681,24834563076.0,SZ399001
2026-01-29 11:00:00,14394.017,14403.773,14391.587,14400.428,13482897,24142277713.0,SZ399001
2026-01-29 11:05:00,14401.785,14402.911,14377.688,14377.688,11874037,20661866113.0,SZ399001
2026-01-29 11:10:00,14379.57,14391.253,14356.352,14358.362,12704107,22781537266.0,SZ399001
2026-01-29 11:15:00,14357.264,14362.178,14348.959,14360.99,12408864,22469611824.0,SZ399001
2026-01-29 11:20:00,14361.453,14367.29,14344.046,14354.315,14646404,24806129419.0,SZ399001
2026-01-29 11:25:00,14354.78,14367.044,14343.208,14343.208,11611763,19410267140.0,SZ399001
2026-01-29 11:30:00,14342.147,14348.314,14334.632,14344.963,11971864,21358989754.0,SZ399001
2026-01-29 13:05:00,14347.301,14368.102,14332.726,14336.233,23835715,42005322185.0,SZ399001
2026-01-29 13:10:00,14338.705,14356.923,14337.732,14347.507,14638992,25819724279.0,SZ399001
2026-01-29 13:15:00,14346.183,14347.505,14317.49,14341.572,12627849,23204403680.0,SZ399001
2026-01-29 13:20:00,14339.842,14354.492,14333.811,14337.258,11727481,21695432958.0,SZ399001
2026-01-29 13:25:00,14337.101,14338.052,14317.291,14318.03,10219581,18996581479.0,SZ399001
2026-01-29 13:30:00,14318.126,14318.126,14287.27,14287.27,14929918,26183397115.0,SZ399001
2026-01-29 13:35:00,14285.554,14307.315,14279.942,14304.075,13790241,25376255850.0,SZ399001
2026-01-29 13:40:00,14305.485,14332.154,14301.412,14329.639,11346372,21602090230.0,SZ399001
2026-01-29 13:45:00,14329.193,14355.545,14320.867,14321.82,10716831,20464536769.0,SZ399001
2026-01-29 13:50:00,14321.1,14321.817,14277.716,14279.375,15510493,27613178688.0,SZ399001
2026-01-29 13:55:00,14279.581,14282.368,14252.197,14269.695,14673814,27001695377.0,SZ399001
2026-01-29 14:00:00,14271.179,14286.36,14259.718,14283.48,13163618,23408583997.0,SZ399001
2026-01-29 14:05:00,14283.979,14314.083,14273.254,14311.002,13417242,23369770575.0,SZ399001
2026-01-29 14:10:00,14311.606,14325.658,14301.067,14308.538,11530177,21234620538.0,SZ399001
2026-01-29 14:15:00,14306.957,14306.957,14270.93,14272.392,16605735,28137901708.0,SZ399001
2026-01-29 14:20:00,14272.096,14323.602,14270.539,14323.072,15217615,25137057719.0,SZ399001
2026-01-29 14:25:00,14323.858,14353.042,14323.858,14350.803,12461318,22296801296.0,SZ399001
2026-01-29 14:30:00,14352.321,14376.597,14318.108,14320.953,12996916,22849807871.0,SZ399001
2026-01-29 14:35:00,14317.866,14324.016,14303.972,14319.39,12666982,22605055305.0,SZ399001
2026-01-29 14:40:00,14317.134,14323.553,14312.347,14318.923,12266000,22688874731.0,SZ399001
2026-01-29 14:45:00,14319.647,14320.555,14304.8,14309.723,16190407,30179367302.0,SZ399001
2026-01-29 14:50:00,14309.888,14315.87,14279.065,14291.899,18054197,33425280649.0,SZ399001
2026-01-29 14:55:00,14292.702,14303.793,14292.702,14292.834,22421888,38712457321.0,SZ399001
2026-01-29 15:00:00,14293.201,14303.483,14293.201,14300.076,22339701,37867161880.0,SZ399001
2026-01-30 09:35:00,14214.141,14272.976,14214.141,14216.587,106145227,174112111787.0,SZ399001
2026-01-30 09:40:00,14213.949,14232.882,14178.199,14198.092,66861527,108807992758.0,SZ399001
2026-01-30 09:45:00,14192.824,14195.067,14153.596,14171.081,47156811,75331706215.0,SZ399001
2026-01-30 09:50:00,14169.546,14194.547,14147.822,14173.162,39177573,62666432636.0,SZ399001
2026-01-30 09:55:00,14173.135,14195.529,14136.547,14136.547,31286869,52777287970.0,SZ399001
2026-01-30 10:00:00,14136.695,14147.685,14127.359,14127.798,31477644,52287708663.0,SZ399001
2026-01-30 10:05:00,14130.258,14137.148,14103.404,14125.535,33598716,54790828124.0,SZ399001
2026-01-30 10:10:00,14122.428,14162.955,14109.551,14149.862,24104978,42715903062.0,SZ399001
2026-01-30 10:15:00,14148.757,14148.757,14106.578,14106.578,23424537,37239787382.0,SZ399001
2026-01-30 10:20:00,14106.1,14106.1,14055.429,14055.715,23840978,39302820168.0,SZ399001
2026-01-30 10:25:00,14054.37,14054.37,14028.382,14041.434,21999389,37113415773.0,SZ399001
2026-01-30 10:30:00,14037.495,14050.261,14005.161,14005.161,18714724,30673518395.0,SZ399001
2026-01-30 10:35:00,14002.964,14008.674,13923.955,13923.955,29503575,45965167042.0,SZ399001
2026-01-30 10:40:00,13925.346,14063.632,13925.346,14063.632,22895385,37480049698.0,SZ399001
2026-01-30 10:45:00,14061.915,14095.66,14061.915,14086.029,14721111,28722631031.0,SZ399001
2026-01-30 10:50:00,14086.482,14116.151,14079.343,14116.151,13278642,25643175825.0,SZ399001
2026-01-30 10:55:00,14117.522,14131.077,14099.748,14103.653,12897660,25812306380.0,SZ399001
2026-01-30 11:00:00,14101.851,14116.688,14097.543,14116.512,12442224,23497845685.0,SZ399001
2026-01-30 11:05:00,14113.62,14157.451,14105.88,14121.105,13197136,25176724394.0,SZ399001
2026-01-30 11:10:00,14118.992,14145.614,14113.168,14135.45,8820901,17797538793.0,SZ399001
2026-01-30 11:15:00,14137.219,14150.585,14119.831,14149.302,9772464,19229445816.0,SZ399001
2026-01-30 11:20:00,14148.91,14155.913,14114.139,14114.139,8954744,17556987026.0,SZ399001
2026-01-30 11:25:00,14112.138,14154.569,14102.236,14152.288,7958760,16954456397.0,SZ399001
2026-01-30 11:30:00,14152.884,14162.5,14144.67,14162.202,8774984,17597274273.0,SZ399001
2026-01-30 13:05:00,14163.29,14235.077,14163.29,14235.077,16729042,36692225182.0,SZ399001
2026-01-30 13:10:00,14236.852,14262.053,14235.163,14262.053,11155737,26339538322.0,SZ399001
2026-01-30 13:15:00,14262.715,14269.719,14247.058,14268.935,10583293,23651181235.0,SZ399001
2026-01-30 13:20:00,14268.457,14276.998,14257.513,14264.509,11134209,22427955215.0,SZ399001
2026-01-30 13:25:00,14265.703,14281.512,14251.364,14251.409,10174840,19533551687.0,SZ399001
2026-01-30 13:30:00,14249.263,14267.23,14245.247,14267.23,9972212,17576577781.0,SZ399001
2026-01-30 13:35:00,14267.269,14275.475,14240.715,14242.79,10971280,19555629737.0,SZ399001
2026-01-30 13:40:00,14242.267,14281.686,14241.23,14280.275,9299208,17364659332.0,SZ399001
2026-01-30 13:45:00,14281.548,14285.887,14270.886,14275.666,8158825,15431268299.0,SZ399001
2026-01-30 13:50:00,14274.158,14279.57,14259.7,14279.57,9406993,16668919750.0,SZ399001
2026-01-30 13:55:00,14281.109,14291.574,14273.244,14286.285,11459847,18755557388.0,SZ399001
2026-01-30 14:00:00,14285.686,14287.993,14246.512,14246.512,9914362,17226077669.0,SZ399001
2026-01-30 14:05:00,14246.693,14264.174,14238.942,14263.597,9027547,15138595219.0,SZ399001
2026-01-30 14:10:00,14263.801,14267.355,14246.356,14254.075,8424441,14763682832.0,SZ399001
2026-01-30 14:15:00,14254.09,14266.028,14246.456,14263.154,8279204,15444782847.0,SZ399001
2026-01-30 14:20:00,14263.331,14263.431,14257.192,14259.277,7718842,13869924560.0,SZ399001
2026-01-30 14:25:00,14259.23,14264.552,14254.971,14258.905,8616173,15744576304.0,SZ399001
2026-01-30 14:30:00,14258.106,14258.468,14229.584,14232.189,10575772,18015589337.0,SZ399001
2026-01-30 14:35:00,14232.524,14246.571,14232.524,14241.058,10366339,17505777276.0,SZ399001
2026-01-30 14:40:00,14240.818,14246.358,14233.885,14234.202,10017433,17122491984.0,SZ399001
2026-01-30 14:45:00,14233.369,14242.461,14231.769,14233.028,12533938,21694829114.0,SZ399001
2026-01-30 14:50:00,14231.367,14231.367,14223.788,14224.645,14858995,25628779156.0,SZ399001
2026-01-30 14:55:00,14223.938,14225.086,14216.689,14217.595,20806256,34128890601.0,SZ399001
2026-01-30 15:00:00,14217.535,14218.435,14205.893,14205.893,21131578,36147816826.0,SZ399001
2026-02-02 09:35:00,14128.868,14213.613,14128.868,14192.807,107023988,185488187815.0,SZ399001
2026-02-02 09:40:00,14188.493,14203.073,14143.443,14143.443,53110686,95887736535.0,SZ399001
2026-02-02 09:45:00,14144.904,14170.723,14134.012,14161.593,42330095,75718539578.0,SZ399001
2026-02-02 09:50:00,14159.697,14170.116,14128.287,14136.438,40251700,67727040079.0,SZ399001
2026-02-02 09:55:00,14137.215,14177.203,14137.123,14176.094,32195279,53425612385.0,SZ399001
2026-02-02 10:00:00,14177.938,14191.394,14169.347,14177.095,24429682,45094548450.0,SZ399001
2026-02-02 10:05:00,14176.631,14184.367,14158.306,14168.971,22016477,40410575658.0,SZ399001
2026-02-02 10:10:00,14165.249,14187.983,14151.944,14152.416,19274769,36098742338.0,SZ399001
2026-02-02 10:15:00,14151.553,14151.553,14101.365,14101.365,18088953,32136118087.0,SZ399001
2026-02-02 10:20:00,14099.432,14105.272,14089.339,14092.499,16040686,31721124268.0,SZ399001
2026-02-02 10:25:00,14094.128,14105.742,14083.956,14097.436,15122949,26419814189.0,SZ399001
2026-02-02 10:30:00,14098.307,14109.134,14070.017,14072.582,13219642,24888521883.0,SZ399001
2026-02-02 10:35:00,14072.718,14084.313,14053.833,14059.597,11425376,22099188668.0,SZ399001
2026-02-02 10:40:00,14059.159,14080.5,14057.466,14071.789,9920169,19202697076.0,SZ399001
2026-02-02 10:45:00,14071.31,14080.805,14060.278,14070.805,8570049,15683277832.0,SZ399001
2026-02-02 10:50:00,14070.412,14096.841,14065.508,14087.724,10057313,17529183423.0,SZ399001
2026-02-02 10:55:00,14087.401,14091.034,14062.986,14065.832,9439452,15648656134.0,SZ399001
2026-02-02 11:00:00,14066.382,14066.466,14024.973,14030.66,11697109,20181044440.0,SZ399001
2026-02-02 11:05:00,14031.48,14038.892,14025.388,14027.627,9212215,16023509009.0,SZ399001
2026-02-02 11:10:00,14026.607,14039.326,14009.773,14038.27,9072423,16062170822.0,SZ399001
2026-02-02 11:15:00,14038.348,14068.964,14038.348,14067.268,7074983,13057895665.0,SZ399001
2026-02-02 11:20:00,14068.387,14080.15,14063.017,14073.088,8824158,15156844922.0,SZ399001
2026-02-02 11:25:00,14073.391,14078.114,14033.92,14038.01,8862939,15337297385.0,SZ399001
2026-02-02 11:30:00,14038.791,14040.845,14005.309,14006.246,9321704,15772256362.0,SZ399001
2026-02-02 13:05:00,14007.05,14017.087,13993.051,14017.061,15937012,28477675299.0,SZ399001
2026-02-02 13:10:00,14017.547,14024.336,14006.003,14023.95,10566061,19977988947.0,SZ399001
2026-02-02 13:15:00,14023.239,14025.014,14000.999,14004.789,8576586,15554701222.0,SZ399001
2026-02-02 13:20:00,14004.811,14007.051,13977.849,13979.168,8539854,15244899445.0,SZ399001
2026-02-02 13:25:00,13978.312,14000.615,13978.312,13987.253,9200077,15755382713.0,SZ399001
2026-02-02 13:30:00,13987.04,13993.051,13964.751,13969.399,9122205,15907961221.0,SZ399001
2026-02-02 13:35:00,13969.306,13983.763,13952.024,13952.024,9425029,16377246839.0,SZ399001
2026-02-02 13:40:00,13951.53,13965.79,13936.068,13936.068,10066250,16706217027.0,SZ399001
2026-02-02 13:45:00,13937.474,13962.463,13931.337,13931.337,9085565,15643968947.0,SZ399001
2026-02-02 13:50:00,13932.04,13934.928,13904.834,13905.453,13352011,21713059441.0,SZ399001
2026-02-02 13:55:00,13905.907,13930.051,13895.544,13914.246,14687817,23221898981.0,SZ399001
2026-02-02 14:00:00,13915.263,13985.231,13914.596,13979.602,10627289,18386325789.0,SZ399001
2026-02-02 14:05:00,13979.365,14016.308,13979.365,14001.988,10879273,18875246126.0,SZ399001
2026-02-02 14:10:00,14000.965,14014.203,13983.745,13985.864,8096966,14860166385.0,SZ399001
2026-02-02 14:15:00,13985.25,14003.76,13960.351,13973.144,7693816,13687858003.0,SZ399001
2026-02-02 14:20:00,13974.102,13974.102,13932.792,13934.071,9266248,16422053872.0,SZ399001
2026-02-02 14:25:00,13933.139,13939.656,13923.811,13923.811,8592342,15085380340.0,SZ399001
2026-02-02 14:30:00,13922.915,13934.74,13900.422,13901.045,11705603,19783321862.0,SZ399001
2026-02-02 14:35:00,13902.78,13914.3,13898.296,13904.49,12395093,21019463766.0,SZ399001
2026-02-02 14:40:00,13903.661,13912.968,13873.702,13883.543,15780236,26507189332.0,SZ399001
2026-02-02 14:45:00,13883.872,13887.269,13855.485,13855.525,14830754,25323271695.0,SZ399001
2026-02-02 14:50:00,13855.056,13860.435,13821.941,13822.766,21191842,35327606073.0,SZ399001
2026-02-02 14:55:00,13824.091,13825.777,13815.282,13822.869,24999328,41222875513.0,SZ399001
2026-02-02 15:00:00,13822.459,13828.938,13822.284,13824.351,19942311,33380119661.0,SZ399001
2026-02-03 09:35:00,13986.895,14019.485,13949.978,13984.355,91368814,156218722300.0,SZ399001
2026-02-03 09:40:00,13980.039,14026.072,13980.039,14002.067,46110281,82890846047.0,SZ399001
2026-02-03 09:45:00,14004.107,14024.046,13998.259,14018.381,35527009,67575454452.0,SZ399001
2026-02-03 09:50:00,14017.138,14019.318,13985.291,13990.085,30670058,54185050921.0,SZ399001
2026-02-03 09:55:00,13992.29,13999.992,13977.849,13987.801,24743251,46577938878.0,SZ399001
2026-02-03 10:00:00,13986.504,14026.338,13986.504,14024.917,22282160,41618125723.0,SZ399001
2026-02-03 10:05:00,14025.999,14025.999,13984.915,13984.915,22049464,39764988034.0,SZ399001
2026-02-03 10:10:00,13982.818,13982.818,13951.361,13963.098,19771876,38141745926.0,SZ399001
2026-02-03 10:15:00,13963.693,13963.693,13925.847,13927.396,19437920,38130726570.0,SZ399001
2026-02-03 10:20:00,13927.138,13947.73,13914.575,13946.885,15881069,31808832690.0,SZ399001
2026-02-03 10:25:00,13947.544,13967.531,13947.544,13962.052,14761205,29016081271.0,SZ399001
2026-02-03 10:30:00,13960.919,13961.558,13918.119,13918.119,14081147,25772154097.0,SZ399001
2026-02-03 10:35:00,13917.798,13917.798,13873.025,13875.668,15646963,28825620435.0,SZ399001
2026-02-03 10:40:00,13875.911,13912.798,13874.452,13888.594,12753731,23176287862.0,SZ399001
2026-02-03 10:45:00,13888.017,13888.017,13840.91,13840.91,13936105,24899329930.0,SZ399001
2026-02-03 10:50:00,13841.623,13846.363,13815.229,13833.611,15642801,28422556547.0,SZ399001
2026-02-03 10:55:00,13837.029,13885.404,13815.322,13884.147,12687899,23165961604.0,SZ399001
2026-02-03 11:00:00,13882.362,13894.18,13878.042,13886.503,9701705,17935828729.0,SZ399001
2026-02-03 11:05:00,13885.943,13909.775,13883.373,13909.469,9360152,18392679819.0,SZ399001
2026-02-03 11:10:00,13910.25,13916.538,13897.239,13898.322,9278665,17084463226.0,SZ399001
2026-02-03 11:15:00,13899.897,13907.01,13891.29,13898.477,8025390,15388128722.0,SZ399001
2026-02-03 11:20:00,13897.333,13934.762,13893.633,13934.762,11690237,21586978375.0,SZ399001
2026-02-03 11:25:00,13936.907,13958.473,13936.907,13947.471,10565640,19852791411.0,SZ399001
2026-02-03 11:30:00,13943.561,13953.531,13926.402,13952.378,9731236,16842009311.0,SZ399001
2026-02-03 13:05:00,13959.647,13991.455,13959.647,13978.532,17281710,32337164925.0,SZ399001
2026-02-03 13:10:00,13979.139,13983.756,13971.552,13971.552,10571999,19099188445.0,SZ399001
2026-02-03 13:15:00,13971.362,13971.362,13941.921,13952.289,9803171,18684926447.0,SZ399001
2026-02-03 13:20:00,13952.344,13980.732,13952.344,13972.384,10952286,21471127486.0,SZ399001
2026-02-03 13:25:00,13972.738,13988.117,13969.657,13979.735,9713707,19095658202.0,SZ399001
2026-02-03 13:30:00,13980.23,13993.097,13980.23,13993.097,8960285,16991607387.0,SZ399001
2026-02-03 13:35:00,13994.088,14018.117,13994.088,14018.089,10299474,19335523365.0,SZ399001
2026-02-03 13:40:00,14018.4,14050.703,14018.4,14048.332,12221527,22353882063.0,SZ399001
2026-02-03 13:45:00,14047.491,14061.399,14030.193,14056.47,10478860,20078904368.0,SZ399001
2026-02-03 13:50:00,14056.87,14058.296,14042.635,14051.395,9618747,18011296834.0,SZ399001
2026-02-03 13:55:00,14054.27,14054.27,14029.778,14052.153,10023324,18814986077.0,SZ399001
2026-02-03 14:00:00,14053.119,14062.996,14048.472,14053.333,8920475,17949436785.0,SZ399001
2026-02-03 14:05:00,14055.298,14062.942,14035.604,14040.642,9868050,18628278789.0,SZ399001
2026-02-03 14:10:00,14041.5,14074.424,14041.5,14072.901,9264588,18042811263.0,SZ399001
2026-02-03 14:15:00,14074.451,14091.983,14074.451,14082.714,9978822,18206110437.0,SZ399001
2026-02-03 14:20:00,14082.466,14103.705,14081.25,14097.758,10327619,18465479123.0,SZ399001
2026-02-03 14:25:00,14098.173,14104.263,14092.557,14092.557,10873971,19818818015.0,SZ399001
2026-02-03 14:30:00,14092.081,14102.769,14088.565,14099.371,10025535,18095106374.0,SZ399001
2026-02-03 14:35:00,14098.224,14109.051,14094.923,14106.59,12900873,22842487404.0,SZ399001
2026-02-03 14:40:00,14108.49,14119.421,14108.49,14119.421,12574153,23130345598.0,SZ399001
2026-02-03 14:45:00,14117.418,14117.418,14100.351,14103.48,13892840,24993332540.0,SZ399001
2026-02-03 14:50:00,14103.139,14107.803,14102.893,14105.657,15579705,26649419128.0,SZ399001
2026-02-03 14:55:00,14104.385,14123.782,14102.027,14123.782,21332085,36579056929.0,SZ399001
2026-02-03 15:00:00,14123.27,14129.597,14122.416,14127.106,21742350,36563046124.0,SZ399001
2026-02-04 09:35:00,14072.41,14072.41,14042.807,14060.044,90544194,162990184469.0,SZ399001
2026-02-04 09:40:00,14059.84,14063.275,13996.773,14009.179,55244948,101505436944.0,SZ399001
2026-02-04 09:45:00,14007.582,14024.903,13992.48,13992.48,47214028,84877466425.0,SZ399001
2026-02-04 09:50:00,13990.968,13998.75,13958.08,13978.822,42864212,78109922022.0,SZ399001
2026-02-04 09:55:00,13978.063,14039.178,13973.368,14024.492,29553846,53152267289.0,SZ399001
2026-02-04 10:00:00,14023.551,14032.898,14004.179,14020.276,26352515,44031484711.0,SZ399001
2026-02-04 10:05:00,14016.51,14061.937,14012.491,14059.549,25499309,39208302867.0,SZ399001
2026-02-04 10:10:00,14058.924,14073.477,14051.849,14056.609,20067846,33667651637.0,SZ399001
2026-02-04 10:15:00,14057.144,14058.238,14017.447,14044.073,18263677,31621158119.0,SZ399001
2026-02-04 10:20:00,14043.45,14068.702,14043.45,14064.056,16129866,29050926885.0,SZ399001
2026-02-04 10:25:00,14060.096,14060.096,14041.492,14043.445,15224946,25567708557.0,SZ399001
2026-02-04 10:30:00,14043.034,14051.703,14029.714,14029.714,16003009,25546661782.0,SZ399001
2026-02-04 10:35:00,14029.064,14044.149,14020.41,14024.153,18070412,27698855097.0,SZ399001
2026-02-04 10:40:00,14023.047,14036.451,14021.457,14021.457,15471626,22781087956.0,SZ399001
2026-02-04 10:45:00,14021.398,14058.555,14016.577,14049.422,12523345,21145460944.0,SZ399001
2026-02-04 10:50:00,14048.399,14048.399,14029.664,14029.664,10156571,17480885270.0,SZ399001
2026-02-04 10:55:00,14028.682,14028.682,14006.423,14007.61,10765390,18786350645.0,SZ399001
2026-02-04 11:00:00,14008.313,14010.66,14003.209,14006.17,9458102,16859858000.0,SZ399001
2026-02-04 11:05:00,14005.421,14020.066,13995.369,13999.206,12027930,19090607149.0,SZ399001
2026-02-04 11:10:00,14003.292,14011.21,14001.702,14005.185,8963481,15233730480.0,SZ399001
2026-02-04 11:15:00,14004.371,14024.911,13992.713,13992.713,9499523,16812237927.0,SZ399001
2026-02-04 11:20:00,13989.989,13989.989,13972.347,13979.584,12778965,21284397366.0,SZ399001
2026-02-04 11:25:00,13979.017,14018.283,13978.22,14017.074,7825349,13393696456.0,SZ399001
2026-02-04 11:30:00,14017.601,14017.601,13997.663,13997.719,7138770,12682617459.0,SZ399001
2026-02-04 13:05:00,14000.264,14028.097,13993.413,13998.939,15306671,27685804075.0,SZ399001
2026-02-04 13:10:00,13998.086,14012.433,13977.821,13980.855,11670958,21536557153.0,SZ399001
2026-02-04 13:15:00,13981.213,13986.698,13968.734,13970.247,10955557,19983500199.0,SZ399001
2026-02-04 13:20:00,13970.013,13996.006,13963.043,13996.006,11615778,20218517897.0,SZ399001
2026-02-04 13:25:00,13995.818,14022.447,13990.081,14022.224,11185850,18053614626.0,SZ399001
2026-02-04 13:30:00,14022.861,14032.912,14017.862,14019.258,10002961,15691340442.0,SZ399001
2026-02-04 13:35:00,14018.931,14027.934,14009.314,14010.468,10467510,16904784577.0,SZ399001
2026-02-04 13:40:00,14010.262,14014.138,14000.719,14003.182,7812667,13499741145.0,SZ399001
2026-02-04 13:45:00,14003.297,14020.712,14001.55,14015.896,8489141,13540168486.0,SZ399001
2026-02-04 13:50:00,14016.334,14041.703,14016.143,14035.72,8521024,14202922588.0,SZ399001
2026-02-04 13:55:00,14035.101,14035.101,14022.912,14025.995,8528911,14875222619.0,SZ399001
2026-02-04 14:00:00,14025.82,14025.82,14002.449,14007.216,8661726,15631025615.0,SZ399001
2026-02-04 14:05:00,14007.142,14029.143,14006.357,14025.133,8358251,14730575130.0,SZ399001
2026-02-04 14:10:00,14025.277,14038.748,14022.765,14034.502,7861841,14291015434.0,SZ399001
2026-02-04 14:15:00,14038.008,14108.287,14038.008,14102.235,12131068,22611312000.0,SZ399001
2026-02-04 14:20:00,14104.876,14133.945,14104.876,14111.993,11010312,22798017179.0,SZ399001
2026-02-04 14:25:00,14112.316,14129.705,14110.234,14123.143,8902476,18183701949.0,SZ399001
2026-02-04 14:30:00,14122.982,14123.837,14106.973,14109.991,8215662,14459942898.0,SZ399001
2026-02-04 14:35:00,14112.893,14148.365,14112.893,14148.178,11285879,19844245669.0,SZ399001
2026-02-04 14:40:00,14149.888,14162.429,14146.157,14161.611,13514852,22841003133.0,SZ399001
2026-02-04 14:45:00,14161.975,14162.485,14151.143,14158.15,14120438,24483789088.0,SZ399001
2026-02-04 14:50:00,14156.118,14173.766,14154.65,14168.129,16790339,28494991987.0,SZ399001
2026-02-04 14:55:00,14166.155,14172.134,14159.679,14160.528,21139821,35460079547.0,SZ399001
2026-02-04 15:00:00,14159.94,14159.94,14155.488,14156.274,21047227,34825567855.0,SZ399001
2026-02-05 09:35:00,14020.839,14074.357,14017.866,14073.023,90491025,146402124713.0,SZ399001
2026-02-05 09:40:00,14071.286,14072.22,14047.186,14069.33,45601339,75083132616.0,SZ399001
2026-02-05 09:45:00,14068.411,14069.61,14024.885,14032.847,34740726,58386227919.0,SZ399001
2026-02-05 09:50:00,14032.395,14033.383,14011.532,14011.532,28635324,50899667252.0,SZ399001
2026-02-05 09:55:00,14010.556,14027.739,13996.485,13996.566,25417635,45012801955.0,SZ399001
2026-02-05 10:00:00,14000.905,14007.727,13948.813,13948.813,25889506,46456587972.0,SZ399001
2026-02-05 10:05:00,13947.854,13960.27,13931.274,13947.114,26343488,42978534512.0,SZ399001
2026-02-05 10:10:00,13947.664,13951.331,13935.394,13951.331,21109476,34200189221.0,SZ399001
2026-02-05 10:15:00,13952.866,13978.354,13943.884,13943.884,18517915,32706302041.0,SZ399001
2026-02-05 10:20:00,13942.354,13942.354,13893.022,13902.336,22856124,38892258873.0,SZ399001
2026-02-05 10:25:00,13898.418,13918.878,13890.366,13905.408,15670700,28562545583.0,SZ399001
2026-02-05 10:30:00,13904.726,13929.531,13894.875,13924.696,13970883,24362171735.0,SZ399001
2026-02-05 10:35:00,13925.035,13957.049,13924.224,13954.623,12206015,22314890051.0,SZ399001
2026-02-05 10:40:00,13953.705,13969.469,13945.51,13954.979,11304093,19454315955.0,SZ399001
2026-02-05 10:45:00,13955.291,13978.183,13950.816,13976.728,11820317,20369633330.0,SZ399001
2026-02-05 10:50:00,13977.105,13977.105,13928.072,13929.199,13780266,22545224360.0,SZ399001
2026-02-05 10:55:00,13929.118,13929.118,13892.629,13896.728,13519161,21498477461.0,SZ399001
2026-02-05 11:00:00,13894.737,13921.113,13881.298,13915.977,11255951,18430376993.0,SZ399001
2026-02-05 11:05:00,13916.863,13945.255,13916.863,13941.943,8912395,15239160267.0,SZ399001
2026-02-05 11:10:00,13941.945,13949.323,13911.759,13928.269,7744019,13735849741.0,SZ399001
2026-02-05 11:15:00,13929.297,13937.269,13903.797,13904.452,7570293,13375905321.0,SZ399001
2026-02-05 11:20:00,13905.64,13910.914,13889.384,13910.914,8087754,13914674551.0,SZ399001
2026-02-05 11:25:00,13910.707,13939.726,13905.88,13936.473,6869341,11340331740.0,SZ399001
2026-02-05 11:30:00,13935.535,13935.535,13899.404,13900.326,6725201,11466486298.0,SZ399001
2026-02-05 13:05:00,13902.135,13918.552,13880.809,13902.263,12909747,21357262783.0,SZ399001
2026-02-05 13:10:00,13903.466,13910.833,13885.831,13885.831,8066665,14176104398.0,SZ399001
2026-02-05 13:15:00,13886.18,13896.024,13875.864,13878.1,8537341,14779780023.0,SZ399001
2026-02-05 13:20:00,13877.047,13893.336,13874.018,13892.634,7633320,13477892551.0,SZ399001
2026-02-05 13:25:00,13892.933,13909.427,13892.933,13901.004,7817231,13089755221.0,SZ399001
2026-02-05 13:30:00,13901.116,13926.922,13898.304,13926.32,7260059,12302220874.0,SZ399001
2026-02-05 13:35:00,13925.442,13925.442,13887.928,13905.778,9733754,15961372699.0,SZ399001
2026-02-05 13:40:00,13901.017,13943.208,13898.246,13941.038,8421501,13771390765.0,SZ399001
2026-02-05 13:45:00,13941.06,13964.232,13936.921,13961.66,8094682,14495701603.0,SZ399001
2026-02-05 13:50:00,13962.213,13985.936,13962.213,13976.923,8885952,15364360382.0,SZ399001
2026-02-05 13:55:00,13975.935,13999.753,13973.075,13991.232,7664066,14044431923.0,SZ399001
2026-02-05 14:00:00,13991.091,13991.302,13965.004,13967.302,7348072,12647345838.0,SZ399001
2026-02-05 14:05:00,13969.101,14000.377,13969.101,13998.257,8879119,15641602051.0,SZ399001
2026-02-05 14:10:00,13998.359,14011.018,13988.491,14011.018,8966319,15464575890.0,SZ399001
2026-02-05 14:15:00,14011.08,14011.08,13977.317,13978.868,8197748,13631697874.0,SZ399001
2026-02-05 14:20:00,13977.924,13977.924,13954.66,13955.658,8116241,13493806211.0,SZ399001
2026-02-05 14:25:00,13956.322,13958.994,13941.532,13954.165,7996625,13353461645.0,SZ399001
2026-02-05 14:30:00,13953.693,13957.302,13944.928,13956.517,7479637,12703445520.0,SZ399001
2026-02-05 14:35:00,13958.935,14000.456,13958.935,13994.961,10673322,17386801645.0,SZ399001
2026-02-05 14:40:00,13994.704,13995.512,13964.039,13976.696,10691955,18131169136.0,SZ399001
2026-02-05 14:45:00,13976.11,13981.472,13960.057,13960.057,11933586,20292897368.0,SZ399001
2026-02-05 14:50:00,13959.447,13970.238,13959.447,13960.63,13648990,23312469467.0,SZ399001
2026-02-05 14:55:00,13959.692,13961.564,13955.316,13955.929,19217332,31835379333.0,SZ399001
2026-02-05 15:00:00,13955.367,13957.752,13952.712,13952.712,19013170,30887832228.0,SZ399001
2026-02-06 09:35:00,13801.031,13806.254,13726.859,13771.953,89275730,139402918642.0,SZ399001
2026-02-06 09:40:00,13771.435,13827.386,13755.048,13798.319,42879126,71256049113.0,SZ399001
2026-02-06 09:45:00,13807.949,13830.668,13806.656,13809.135,31976863,54751425633.0,SZ399001
2026-02-06 09:50:00,13808.29,13851.414,13808.29,13814.785,29077753,47391426356.0,SZ399001
2026-02-06 09:55:00,13813.022,13854.997,13813.022,13847.519,27425823,41685888528.0,SZ399001
2026-02-06 10:00:00,13848.279,13854.497,13834.049,13847.512,22817152,36228460806.0,SZ399001
2026-02-06 10:05:00,13845.376,13845.376,13812.413,13832.889,21963723,36819992531.0,SZ399001
2026-02-06 10:10:00,13833.706,13845.987,13824.381,13836.671,18721194,31001563239.0,SZ399001
2026-02-06 10:15:00,13836.79,13859.608,13836.79,13846.161,17110016,28017311461.0,SZ399001
2026-02-06 10:20:00,13843.533,13928.384,13839.434,13923.859,19399178,32796695731.0,SZ399001
2026-02-06 10:25:00,13925.964,13950.014,13925.964,13950.014,18218608,31042161687.0,SZ399001
2026-02-06 10:30:00,13950.193,13979.781,13941.547,13965.585,16325964,28691433778.0,SZ399001
2026-02-06 10:35:00,13965.459,14014.958,13965.459,14014.958,17450820,31677992509.0,SZ399001
2026-02-06 10:40:00,14015.306,14025.568,13982.455,13983.301,15959750,29221036870.0,SZ399001
2026-02-06 10:45:00,13981.208,13982.478,13947.837,13974.483,13027645,23190672144.0,SZ399001
2026-02-06 10:50:00,13977.54,13986.241,13963.679,13974.046,9323354,17502877419.0,SZ399001
2026-02-06 10:55:00,13975.324,13989.335,13968.575,13982.418,9126588,16308913188.0,SZ399001
2026-02-06 11:00:00,13983.147,14016.831,13982.764,14005.762,8777541,17028423801.0,SZ399001
2026-02-06 11:05:00,14005.221,14027.728,13989.981,14027.728,8655589,16932980679.0,SZ399001
2026-02-06 11:10:00,14028.512,14049.606,14028.512,14047.261,8566450,17758047132.0,SZ399001
2026-02-06 11:15:00,14048.802,14050.212,14024.588,14027.23,8067917,15481718328.0,SZ399001
2026-02-06 11:20:00,14027.62,14058.136,14027.62,14046.996,8191329,15927655969.0,SZ399001
2026-02-06 11:25:00,14047.715,14048.463,14006.471,14007.925,8048433,14646300390.0,SZ399001
2026-02-06 11:30:00,14007.207,14043.175,14001.6,14043.175,7211890,12690496934.0,SZ399001
2026-02-06 13:05:00,14045.831,14057.318,14035.143,14057.292,14741424,27809415086.0,SZ399001
2026-02-06 13:10:00,14057.01,14065.777,14051.005,14051.005,9521906,17569982935.0,SZ399001
2026-02-06 13:15:00,14048.884,14050.062,14009.955,14017.036,10373380,18576976175.0,SZ399001
2026-02-06 13:20:00,14017.342,14027.918,14013.311,14022.63,9552223,16322169189.0,SZ399001
2026-02-06 13:25:00,14022.199,14037.89,14021.223,14037.121,7604276,14641207190.0,SZ399001
2026-02-06 13:30:00,14039.617,14040.998,14025.813,14026.376,7885862,14652370163.0,SZ399001
2026-02-06 13:35:00,14026.107,14052.803,14017.42,14052.462,8905488,15643030625.0,SZ399001
2026-02-06 13:40:00,14052.291,14052.291,14031.191,14036.804,7564618,13279773854.0,SZ399001
2026-02-06 13:45:00,14037.643,14042.97,14026.048,14026.048,7457623,13161310562.0,SZ399001
2026-02-06 13:50:00,14025.596,14027.88,14007.023,14010.553,9451309,15911673594.0,SZ399001
2026-02-06 13:55:00,14011.263,14030.11,14011.263,14029.568,8684339,13631233017.0,SZ399001
2026-02-06 14:00:00,14029.761,14035.026,14021.488,14034.595,8501701,13985706925.0,SZ399001
2026-02-06 14:05:00,14035.759,14053.576,14028.449,14028.449,9940329,16245726563.0,SZ399001
2026-02-06 14:10:00,14027.879,14027.879,14010.799,14015.577,8148800,13952822012.0,SZ399001
2026-02-06 14:15:00,14014.993,14016.953,13987.498,13990.574,10123586,16856578015.0,SZ399001
2026-02-06 14:20:00,13989.875,14013.125,13988.465,14009.039,8110863,14674402900.0,SZ399001
2026-02-06 14:25:00,14008.368,14008.368,13984.291,13987.409,7724238,14149930445.0,SZ399001
2026-02-06 14:30:00,13988.658,13990.122,13968.954,13984.686,10890020,18482063514.0,SZ399001
2026-02-06 14:35:00,13986.206,13991.773,13960.099,13960.099,11629123,19413309700.0,SZ399001
2026-02-06 14:40:00,13958.495,13965.628,13952.605,13958.944,11636704,19841099752.0,SZ399001
2026-02-06 14:45:00,13958.354,13961.141,13933.132,13934.438,13415116,23499871793.0,SZ399001
2026-02-06 14:50:00,13935.911,13947.428,13935.214,13935.214,13140160,23278496570.0,SZ399001
2026-02-06 14:55:00,13933.982,13933.982,13918.453,13918.725,18817445,32354071204.0,SZ399001
2026-02-06 15:00:00,13918.246,13918.343,13906.735,13906.735,18930579,31678641837.0,SZ399001
2026-02-09 09:35:00,14115.141,14122.194,14071.448,14110.974,99862429,172578946431.0,SZ399001
2026-02-09 09:40:00,14111.866,14126.759,14081.604,14095.585,47420770,83768714642.0,SZ399001
2026-02-09 09:45:00,14094.75,14099.367,14066.434,14073.044,36589225,61505212638.0,SZ399001
2026-02-09 09:50:00,14073.703,14080.267,14060.667,14071.75,32529098,52545071193.0,SZ399001
2026-02-09 09:55:00,14073.076,14095.631,14070.16,14075.441,28013926,46961353573.0,SZ399001
2026-02-09 10:00:00,14077.093,14109.466,14077.093,14102.693,22633856,39456839038.0,SZ399001
2026-02-09 10:05:00,14103.017,14119.37,14094.572,14114.751,18081663,33091983626.0,SZ399001
2026-02-09 10:10:00,14115.241,14155.38,14115.241,14155.094,17831023,34480340473.0,SZ399001
2026-02-09 10:15:00,14156.501,14169.142,14156.501,14162.609,17884481,35245188238.0,SZ399001
2026-02-09 10:20:00,14162.859,14164.677,14143.663,14151.171,16103384,30887103070.0,SZ399001
2026-02-09 10:25:00,14148.692,14152.55,14138.446,14148.581,14828658,27323387240.0,SZ399001
2026-02-09 10:30:00,14149.293,14154.625,14133.244,14154.49,14292455,25037035824.0,SZ399001
2026-02-09 10:35:00,14153.066,14153.952,14142.044,14142.044,12543635,22969940756.0,SZ399001
2026-02-09 10:40:00,14142.325,14150.23,14136.63,14141.812,10827469,20340580654.0,SZ399001
2026-02-09 10:45:00,14142.54,14154.598,14130.541,14154.598,10671589,19051485601.0,SZ399001
2026-02-09 10:50:00,14155.401,14168.381,14150.914,14168.381,10186018,19359888958.0,SZ399001
2026-02-09 10:55:00,14169.493,14176.203,14159.362,14176.203,10400185,21516334139.0,SZ399001
2026-02-09 11:00:00,14176.279,14185.993,14176.279,14179.448,9098201,21250479616.0,SZ399001
2026-02-09 11:05:00,14178.904,14192.983,14177.586,14185.628,10548686,21954934099.0,SZ399001
2026-02-09 11:10:00,14184.923,14188.772,14173.782,14188.767,8367799,16425867318.0,SZ399001
2026-02-09 11:15:00,14188.755,14192.933,14187.3,14190.635,7799154,15382674870.0,SZ399001
2026-02-09 11:20:00,14190.662,14205.972,14188.694,14200.21,7748565,16088216112.0,SZ399001
2026-02-09 11:25:00,14201.006,14205.907,14199.191,14203.421,7283441,15627525777.0,SZ399001
2026-02-09 11:30:00,14202.993,14205.681,14194.233,14194.233,8151226,15561050576.0,SZ399001
2026-02-09 13:05:00,14195.973,14195.973,14171.014,14176.698,18137416,31396528121.0,SZ399001
2026-02-09 13:10:00,14177.451,14180.35,14168.327,14171.782,10360071,19104204085.0,SZ399001
2026-02-09 13:15:00,14170.551,14186.484,14167.389,14180.465,11170802,20096913510.0,SZ399001
2026-02-09 13:20:00,14179.552,14180.885,14163.689,14175.674,8934469,16683866506.0,SZ399001
2026-02-09 13:25:00,14175.486,14186.193,14173.178,14185.464,8139918,14778876703.0,SZ399001
2026-02-09 13:30:00,14185.617,14195.408,14185.606,14191.329,7716971,14132193784.0,SZ399001
2026-02-09 13:35:00,14191.669,14192.748,14185.619,14191.704,7648216,14523757275.0,SZ399001
2026-02-09 13:40:00,14190.982,14206.232,14190.709,14198.463,7552180,13733590210.0,SZ399001
2026-02-09 13:45:00,14199.392,14208.504,14197.468,14197.468,7973106,14345155945.0,SZ399001
2026-02-09 13:50:00,14197.125,14197.125,14187.062,14193.841,7737105,13281778526.0,SZ399001
2026-02-09 13:55:00,14192.849,14197.195,14190.246,14193.666,7842623,13956354149.0,SZ399001
2026-02-09 14:00:00,14193.562,14198.87,14191.998,14196.099,7836139,13805098070.0,SZ399001
2026-02-09 14:05:00,14196.333,14202.373,14192.711,14202.051,7117319,13300259569.0,SZ399001
2026-02-09 14:10:00,14201.877,14202.021,14194.645,14197.331,6795026,12498864884.0,SZ399001
2026-02-09 14:15:00,14197.187,14197.187,14189.514,14189.991,7019861,12902640756.0,SZ399001
2026-02-09 14:20:00,14189.622,14189.728,14170.589,14173.519,9582920,16419604157.0,SZ399001
2026-02-09 14:25:00,14173.844,14188.961,14173.263,14188.287,7751786,13360485218.0,SZ399001
2026-02-09 14:30:00,14187.558,14188.803,14186.034,14187.583,7832867,13051244558.0,SZ399001
2026-02-09 14:35:00,14188.024,14194.108,14183.639,14193.594,9736537,16226687909.0,SZ399001
2026-02-09 14:40:00,14193.734,14195.912,14190.261,14191.252,10348722,17719065528.0,SZ399001
2026-02-09 14:45:00,14191.547,14193.544,14187.962,14192.124,12485631,20840483752.0,SZ399001
2026-02-09 14:50:00,14191.367,14200.76,14191.367,14199.849,16050446,26396780430.0,SZ399001
2026-02-09 14:55:00,14198.572,14205.778,14197.737,14205.165,20253880,34067843622.0,SZ399001
2026-02-09 15:00:00,14205.554,14211.704,14204.917,14208.436,20648655,34714506131.0,SZ399001
2026-02-10 09:35:00,14200.756,14224.471,14187.869,14216.354,85947600,136553244777.0,SZ399001
2026-02-10 09:40:00,14214.842,14232.066,14209.549,14229.272,50133875,81722704504.0,SZ399001
2026-02-10 09:45:00,14229.759,14229.759,14168.79,14169.017,41629694,69550011583.0,SZ399001
2026-02-10 09:50:00,14168.124,14209.625,14165.429,14201.486,34098515,57704670465.0,SZ399001
2026-02-10 09:55:00,14203.478,14226.966,14203.478,14220.897,25588333,43915783991.0,SZ399001
2026-02-10 10:00:00,14220.826,14225.908,14211.974,14213.162,22438768,36763669963.0,SZ399001
2026-02-10 10:05:00,14213.948,14235.682,14209.818,14218.595,19886253,33397967339.0,SZ399001
2026-02-10 10:10:00,14218.725,14234.725,14210.954,14234.108,16064893,27393895814.0,SZ399001
2026-02-10 10:15:00,14235.936,14247.905,14226.275,14244.599,14656029,27581626552.0,SZ399001
2026-02-10 10:20:00,14246.65,14258.514,14244.453,14244.453,14116645,26228269341.0,SZ399001
2026-02-10 10:25:00,14243.188,14249.31,14229.141,14231.547,15022880,24770601173.0,SZ399001
2026-02-10 10:30:00,14231.544,14232.851,14207.969,14207.969,14340224,25637325890.0,SZ399001
2026-02-10 10:35:00,14208.085,14228.44,14206.425,14208.017,14220399,24253977736.0,SZ399001
2026-02-10 10:40:00,14205.912,14207.285,14195.348,14205.375,13459545,23113880517.0,SZ399001
2026-02-10 10:45:00,14205.791,14218.441,14204.887,14211.257,10585483,18520580367.0,SZ399001
2026-02-10 10:50:00,14211.486,14219.132,14202.783,14202.783,11188374,19100948583.0,SZ399001
2026-02-10 10:55:00,14201.769,14210.679,14192.943,14210.679,11769663,19659388566.0,SZ399001
2026-02-10 11:00:00,14211.056,14211.401,14202.689,14202.716,9060322,15475646391.0,SZ399001
2026-02-10 11:05:00,14203.475,14207.179,14198.939,14204.744,10461664,17835426941.0,SZ399001
2026-02-10 11:10:00,14205.092,14205.092,14187.946,14190.365,10424485,16844447267.0,SZ399001
2026-02-10 11:15:00,14191.221,14192.588,14187.635,14190.445,10716918,17283100796.0,SZ399001
2026-02-10 11:20:00,14190.319,14200.977,14184.405,14189.877,11564363,16594028884.0,SZ399001
2026-02-10 11:25:00,14189.826,14213.862,14189.622,14213.305,10905825,17118109744.0,SZ399001
2026-02-10 11:30:00,14212.464,14212.464,14204.648,14206.259,10419459,16621206836.0,SZ399001
2026-02-10 13:05:00,14207.14,14223.519,14195.731,14223.519,17864096,30198982999.0,SZ399001
2026-02-10 13:10:00,14225.078,14233.361,14217.397,14218.686,9833698,17126569259.0,SZ399001
2026-02-10 13:15:00,14218.569,14233.562,14218.569,14231.286,8406930,14000681739.0,SZ399001
2026-02-10 13:20:00,14230.471,14235.742,14225.801,14229.782,8257715,13982662235.0,SZ399001
2026-02-10 13:25:00,14229.75,14235.37,14225.939,14226.434,8128700,13415909760.0,SZ399001
2026-02-10 13:30:00,14226.212,14226.427,14218.884,14222.009,7492908,12576084069.0,SZ399001
2026-02-10 13:35:00,14221.712,14234.141,14211.563,14234.141,8177493,14240020602.0,SZ399001
2026-02-10 13:40:00,14234.584,14235.091,14229.318,14232.048,7429292,12918227922.0,SZ399001
2026-02-10 13:45:00,14231.333,14233.422,14224.128,14224.128,8368987,14540719792.0,SZ399001
2026-02-10 13:50:00,14224.45,14226.426,14219.521,14222.094,10048205,18217296427.0,SZ399001
2026-02-10 13:55:00,14221.966,14233.044,14221.966,14226.818,7791673,14601669696.0,SZ399001
2026-02-10 14:00:00,14227.042,14231.806,14225.943,14231.544,7300536,12578684968.0,SZ399001
2026-02-10 14:05:00,14231.511,14232.111,14223.748,14224.49,8071237,13626659210.0,SZ399001
2026-02-10 14:10:00,14223.806,14229.117,14211.601,14226.689,8680038,13951572398.0,SZ399001
2026-02-10 14:15:00,14226.08,14229.323,14223.274,14229.323,6251722,11146671162.0,SZ399001
2026-02-10 14:20:00,14229.595,14232.017,14224.096,14224.096,7144495,12089705661.0,SZ399001
2026-02-10 14:25:00,14224.897,14226.064,14214.958,14215.086,8477426,13637042207.0,SZ399001
2026-02-10 14:30:00,14215.877,14219.594,14213.654,14217.93,7788064,13388191941.0,SZ399001
2026-02-10 14:35:00,14218.597,14225.485,14208.809,14213.892,11051208,17770356561.0,SZ399001
2026-02-10 14:40:00,14214.209,14221.476,14214.209,14215.448,10598099,16990518496.0,SZ399001
2026-02-10 14:45:00,14215.498,14221.644,14215.498,14219.751,11932657,19759355702.0,SZ399001
2026-02-10 14:50:00,14220.033,14222.047,14218.451,14220.878,14935582,23918850162.0,SZ399001
2026-02-10 14:55:00,14220.707,14220.878,14215.521,14217.117,19423897,31818121710.0,SZ399001
2026-02-10 15:00:00,14216.098,14218.401,14210.626,14210.626,20848017,33198485653.0,SZ399001
2026-02-11 09:35:00,14186.654,14224.48,14186.654,14207.543,80070884,127596613665.0,SZ399001
2026-02-11 09:40:00,14208.547,14226.794,14203.36,14221.273,44523931,70965756341.0,SZ399001
2026-02-11 09:45:00,14223.095,14244.914,14222.792,14238.382,33812272,58649982389.0,SZ399001
2026-02-11 09:50:00,14239.115,14250.337,14233.571,14233.571,28210627,49084523161.0,SZ399001
2026-02-11 09:55:00,14235.142,14239.95,14213.601,14226.38,24169925,44116641878.0,SZ399001
2026-02-11 10:00:00,14225.849,14227.079,14193.786,14201.851,22663200,41727764394.0,SZ399001
2026-02-11 10:05:00,14203.388,14211.809,14181.979,14181.979,20536786,38370473282.0,SZ399001
2026-02-11 10:10:00,14181.817,14204.469,14169.811,14204.469,19624177,36633630460.0,SZ399001
2026-02-11 10:15:00,14201.161,14201.161,14177.202,14187.649,17559719,31000466526.0,SZ399001
2026-02-11 10:20:00,14188.143,14200.763,14184.762,14196.027,16033848,28403923999.0,SZ399001
2026-02-11 10:25:00,14196.665,14213.018,14196.665,14212.884,13722881,23322875791.0,SZ399001
2026-02-11 10:30:00,14212.619,14218.814,14210.074,14213.506,13282153,22343065336.0,SZ399001
2026-02-11 10:35:00,14213.261,14222.394,14205.328,14220.172,13167653,21748358365.0,SZ399001
2026-02-11 10:40:00,14220.796,14222.03,14208.261,14210.51,11742866,20137150851.0,SZ399001
2026-02-11 10:45:00,14210.8,14219.918,14210.732,14216.489,10911510,20106575222.0,SZ399001
2026-02-11 10:50:00,14215.632,14215.632,14195.643,14200.522,10871973,18854109373.0,SZ399001
2026-02-11 10:55:00,14201.165,14224.924,14201.165,14223.78,8535317,15490243711.0,SZ399001
2026-02-11 11:00:00,14223.429,14224.546,14205.884,14205.884,9837118,16895154162.0,SZ399001
2026-02-11 11:05:00,14203.865,14210.87,14201.827,14208.1,9177376,15217359837.0,SZ399001
2026-02-11 11:10:00,14207.44,14216.929,14204.626,14209.749,7196078,12516141082.0,SZ399001
2026-02-11 11:15:00,14208.865,14213.933,14202.654,14204.408,7467292,12482626153.0,SZ399001
2026-02-11 11:20:00,14204.778,14206.93,14183.936,14190.115,9376853,15932189876.0,SZ399001
2026-02-11 11:25:00,14190.901,14191.971,14178.584,14191.784,8802005,14447922383.0,SZ399001
2026-02-11 11:30:00,14191.561,14201.885,14191.072,14200.384,6776157,11567335198.0,SZ399001
2026-02-11 13:05:00,14201.73,14207.849,14186.724,14190.129,14244091,25843126001.0,SZ399001
2026-02-11 13:10:00,14191.243,14198.382,14188.275,14195.733,7527467,13863099718.0,SZ399001
2026-02-11 13:15:00,14195.391,14203.49,14193.744,14195.345,8315651,14738133585.0,SZ399001
2026-02-11 13:20:00,14196.371,14199.326,14189.661,14189.748,9099357,15515601395.0,SZ399001
2026-02-11 13:25:00,14189.511,14194.885,14183.579,14185.265,8936548,14721545874.0,SZ399001
2026-02-11 13:30:00,14184.372,14197.739,14184.372,14194.168,8052590,13742390625.0,SZ399001
2026-02-11 13:35:00,14194.037,14195.926,14187.41,14189.461,9203097,14866411475.0,SZ399001
2026-02-11 13:40:00,14190.396,14198.04,14189.944,14194.833,7052172,11878563080.0,SZ399001
2026-02-11 13:45:00,14195.052,14198.034,14189.708,14197.615,6781183,11833617176.0,SZ399001
2026-02-11 13:50:00,14197.763,14209.948,14197.763,14204.642,7486752,12842433621.0,SZ399001
2026-02-11 13:55:00,14204.389,14204.389,14189.593,14192.466,6819319,12255411280.0,SZ399001
2026-02-11 14:00:00,14192.212,14192.212,14182.519,14185.993,6701164,11478523070.0,SZ399001
2026-02-11 14:05:00,14184.935,14185.522,14179.65,14180.353,6990755,12226606768.0,SZ399001
2026-02-11 14:10:00,14180.103,14184.214,14177.752,14183.39,7256874,12652209327.0,SZ399001
2026-02-11 14:15:00,14184.087,14190.363,14183.711,14184.378,6675209,11651586129.0,SZ399001
2026-02-11 14:20:00,14184.417,14185.447,14173.769,14184.039,8086642,13633626731.0,SZ399001
2026-02-11 14:25:00,14183.264,14184.006,14178.042,14179.959,8242233,13882488787.0,SZ399001
2026-02-11 14:30:00,14180.685,14181.735,14168.352,14168.352,8888922,14407760233.0,SZ399001
2026-02-11 14:35:00,14167.116,14178.166,14160.278,14177.368,12327376,19544801480.0,SZ399001
2026-02-11 14:40:00,14177.553,14178.206,14163.815,14163.815,10519848,17641733808.0,SZ399001
2026-02-11 14:45:00,14163.539,14169.744,14157.886,14157.886,12770800,20850856794.0,SZ399001
2026-02-11 14:50:00,14157.125,14169.725,14156.164,14167.836,14646416,23831469103.0,SZ399001
2026-02-11 14:55:00,14166.784,14166.784,14158.901,14160.499,18609359,30098595013.0,SZ399001
2026-02-11 15:00:00,14160.13,14162.004,14158.217,14160.934,18626775,30033341099.0,SZ399001
2026-02-12 09:35:00,14177.967,14219.479,14177.287,14205.857,72660656,125456787741.0,SZ399001
2026-02-12 09:40:00,14206.168,14225.803,14204.406,14219.677,40686031,69506580346.0,SZ399001
2026-02-12 09:45:00,14220.841,14236.239,14195.416,14204.287,44542640,70924091541.0,SZ399001
2026-02-12 09:50:00,14204.176,14228.821,14204.176,14226.816,30971700,54261066391.0,SZ399001
2026-02-12 09:55:00,14227.44,14241.746,14220.011,14241.746,22655480,40494729776.0,SZ399001
2026-02-12 10:00:00,14241.401,14243.986,14233.471,14239.802,18914491,34043227008.0,SZ399001
2026-02-12 10:05:00,14240.535,14251.374,14234.36,14242.976,18060175,34557217247.0,SZ399001
2026-02-12 10:10:00,14242.843,14248.855,14236.556,14243.458,15910797,28308003405.0,SZ399001
2026-02-12 10:15:00,14242.963,14246.696,14206.985,14207.194,17573524,30813396282.0,SZ399001
2026-02-12 10:20:00,14205.986,14217.434,14200.63,14212.098,14761848,27391898307.0,SZ399001
2026-02-12 10:25:00,14211.772,14228.004,14203.705,14217.945,11887188,23032669560.0,SZ399001
2026-02-12 10:30:00,14217.054,14222.087,14210.605,14212.895,11127866,20804009758.0,SZ399001
2026-02-12 10:35:00,14212.83,14220.759,14206.368,14213.653,12583648,22846296971.0,SZ399001
2026-02-12 10:40:00,14213.886,14213.886,14204.382,14208.575,10588973,20334055205.0,SZ399001
2026-02-12 10:45:00,14209.07,14216.078,14198.97,14202.927,10469615,19834200745.0,SZ399001
2026-02-12 10:50:00,14201.913,14213.736,14194.232,14211.985,10710740,20279427662.0,SZ399001
2026-02-12 10:55:00,14211.797,14227.708,14208.569,14227.708,11418109,18744285723.0,SZ399001
2026-02-12 11:00:00,14229.029,14236.16,14228.076,14231.188,8818425,16174197290.0,SZ399001
2026-02-12 11:05:00,14231.054,14248.82,14231.054,14248.264,8595889,16090617422.0,SZ399001
2026-02-12 11:10:00,14249.229,14259.978,14246.699,14259.978,7513655,14674858866.0,SZ399001
2026-02-12 11:15:00,14260.691,14274.673,14260.691,14267.226,8146002,16189915935.0,SZ399001
2026-02-12 11:20:00,14267.338,14276.605,14264.321,14275.708,7622835,15447531322.0,SZ399001
2026-02-12 11:25:00,14275.153,14283.731,14267.836,14282.202,7427616,14453751825.0,SZ399001
2026-02-12 11:30:00,14281.236,14281.236,14272.448,14274.928,7078942,13820901767.0,SZ399001
2026-02-12 13:05:00,14275.707,14284.311,14271.116,14280.306,13376552,26224497746.0,SZ399001
2026-02-12 13:10:00,14279.451,14281.266,14265.474,14265.474,10131494,19023177775.0,SZ399001
2026-02-12 13:15:00,14265.359,14269.354,14262.581,14265.765,8749291,16137350453.0,SZ399001
2026-02-12 13:20:00,14263.958,14264.257,14253.483,14257.924,9141672,17767032042.0,SZ399001
2026-02-12 13:25:00,14258.212,14258.915,14249.004,14254.393,8525716,16457028963.0,SZ399001
2026-02-12 13:30:00,14254.172,14268.518,14253.849,14263.43,8556551,16121797969.0,SZ399001
2026-02-12 13:35:00,14263.952,14268.608,14256.181,14256.181,9483279,17862695113.0,SZ399001
2026-02-12 13:40:00,14256.336,14269.547,14256.148,14266.673,8049235,15270096631.0,SZ399001
2026-02-12 13:45:00,14267.767,14275.04,14266.825,14271.274,8065405,16485061328.0,SZ399001
2026-02-12 13:50:00,14271.232,14279.381,14268.872,14278.68,7771400,15914095064.0,SZ399001
2026-02-12 13:55:00,14277.407,14280.491,14266.775,14274.376,11175329,19824946631.0,SZ399001
2026-02-12 14:00:00,14273.428,14287.621,14271.052,14287.621,11104269,20275181184.0,SZ399001
2026-02-12 14:05:00,14286.9,14296.481,14286.162,14290.988,9348546,16959621420.0,SZ399001
2026-02-12 14:10:00,14290.984,14295.984,14288.829,14293.522,8651663,15217283884.0,SZ399001
2026-02-12 14:15:00,14292.877,14296.157,14287.619,14289.851,8437732,15367709258.0,SZ399001
2026-02-12 14:20:00,14289.401,14293.391,14281.912,14285.265,8520244,15125395855.0,SZ399001
2026-02-12 14:25:00,14284.812,14296.407,14284.763,14289.031,8216424,14910792542.0,SZ399001
2026-02-12 14:30:00,14288.193,14288.193,14281.124,14284.985,9092261,15658418541.0,SZ399001
2026-02-12 14:35:00,14284.664,14288.66,14273.447,14276.532,13158894,21351342293.0,SZ399001
2026-02-12 14:40:00,14277.121,14287.104,14276.734,14284.528,10786888,18700919487.0,SZ399001
2026-02-12 14:45:00,14283.045,14283.081,14278.361,14280.745,14079568,23163154513.0,SZ399001
2026-02-12 14:50:00,14279.896,14288.195,14278.952,14284.488,16992177,28421042135.0,SZ399001
2026-02-12 14:55:00,14283.619,14284.32,14280.11,14281.87,22599167,37001720209.0,SZ399001
2026-02-12 15:00:00,14280.598,14282.998,14279.244,14282.998,21519100,36059237418.0,SZ399001
2026-02-13 09:35:00,14188.346,14212.613,14166.413,14209.989,75485755,131538281885.0,SZ399001
2026-02-13 09:40:00,14208.824,14208.824,14180.502,14206.651,38801541,69872976256.0,SZ399001
2026-02-13 09:45:00,14208.095,14242.095,14206.741,14242.095,29078544,51399775697.0,SZ399001
2026-02-13 09:50:00,14241.816,14256.164,14236.242,14236.242,23864853,45482407481.0,SZ399001
2026-02-13 09:55:00,14235.434,14253.441,14235.434,14235.73,20102244,38580679855.0,SZ399001
2026-02-13 10:00:00,14237.01,14239.317,14213.739,14238.92,19327787,33432195038.0,SZ399001
2026-02-13 10:05:00,14239.785,14258.826,14236.59,14236.59,16903000,31798195328.0,SZ399001
2026-02-13 10:10:00,14234.92,14234.92,14217.044,14225.346,16591106,30095456549.0,SZ399001
2026-02-13 10:15:00,14226.154,14231.07,14217.969,14229.95,16000610,28253998640.0,SZ399001
2026-02-13 10:20:00,14229.78,14240.578,14229.72,14234.411,13360746,23362519301.0,SZ399001
2026-02-13 10:25:00,14235.038,14240.314,14226.907,14233.389,11468942,20481114778.0,SZ399001
2026-02-13 10:30:00,14233.645,14237.349,14223.433,14223.433,12049975,19873015040.0,SZ399001
2026-02-13 10:35:00,14221.657,14221.657,14202.194,14202.792,12179679,21440724024.0,SZ399001
2026-02-13 10:40:00,14202.128,14227.021,14200.833,14223.208,9592651,16854216191.0,SZ399001
2026-02-13 10:45:00,14222.664,14229.433,14208.21,14215.03,9966832,16841318572.0,SZ399001
2026-02-13 10:50:00,14215.505,14224.258,14212.718,14223.618,8572447,14391984156.0,SZ399001
2026-02-13 10:55:00,14223.258,14233.26,14223.119,14233.26,7142820,12907101585.0,SZ399001
2026-02-13 11:00:00,14231.873,14232.094,14219.677,14223.727,6856913,12082428229.0,SZ399001
2026-02-13 11:05:00,14223.678,14226.566,14213.074,14213.505,7756755,13411110112.0,SZ399001
2026-02-13 11:10:00,14214.519,14218.995,14205.571,14205.879,6786752,12234333617.0,SZ399001
2026-02-13 11:15:00,14205.001,14213.441,14200.972,14201.241,6521371,12096923145.0,SZ399001
2026-02-13 11:20:00,14199.906,14199.906,14172.608,14178.148,9937303,16281972247.0,SZ399001
2026-02-13 11:25:00,14179.516,14182.902,14170.865,14179.034,6309166,11384076985.0,SZ399001
2026-02-13 11:30:00,14179.137,14193.56,14179.137,14187.444,5931021,11211567881.0,SZ399001
2026-02-13 13:05:00,14189.119,14201.937,14186.216,14195.386,10470162,19024838453.0,SZ399001
2026-02-13 13:10:00,14196.245,14213.116,14194.031,14209.989,6435459,12470005659.0,SZ399001
2026-02-13 13:15:00,14209.876,14214.963,14198.48,14198.48,7595539,14284885950.0,SZ399001
2026-02-13 13:20:00,14197.511,14206.044,14190.562,14197.291,7690170,13554081737.0,SZ399001
2026-02-13 13:25:00,14197.178,14197.178,14179.304,14179.304,8212038,14626162525.0,SZ399001
2026-02-13 13:30:00,14178.471,14181.965,14170.098,14171.745,8452759,14909345059.0,SZ399001
2026-02-13 13:35:00,14169.808,14181.559,14164.198,14181.541,7896910,14956213782.0,SZ399001
2026-02-13 13:40:00,14182.724,14201.909,14177.302,14201.909,7103385,14761677067.0,SZ399001
2026-02-13 13:45:00,14202.36,14214.194,14198.016,14213.332,6929833,14472166834.0,SZ399001
2026-02-13 13:50:00,14212.78,14212.78,14191.18,14191.18,6945611,14064595795.0,SZ399001
2026-02-13 13:55:00,14190.568,14193.891,14164.519,14171.966,8739811,15561246584.0,SZ399001
2026-02-13 14:00:00,14171.672,14184.917,14171.672,14182.519,5834855,11188512358.0,SZ399001
2026-02-13 14:05:00,14182.498,14191.056,14178.567,14181.457,6515417,12209607639.0,SZ399001
2026-02-13 14:10:00,14180.881,14185.266,14167.285,14167.285,7459184,13709490735.0,SZ399001
2026-02-13 14:15:00,14166.497,14166.497,14141.741,14142.698,11457851,19050244111.0,SZ399001
2026-02-13 14:20:00,14142.884,14158.009,14141.588,14154.108,7459480,13080625970.0,SZ399001
2026-02-13 14:25:00,14154.532,14154.587,14141.283,14145.519,7805779,13923106865.0,SZ399001
2026-02-13 14:30:00,14146.526,14156.052,14146.526,14152.504,7868730,13757355780.0,SZ399001
2026-02-13 14:35:00,14152.108,14175.677,14147.401,14174.711,11244233,18496651504.0,SZ399001
2026-02-13 14:40:00,14174.579,14174.579,14126.596,14126.813,17222138,26894614751.0,SZ399001
2026-02-13 14:45:00,14129.071,14134.99,14114.939,14115.246,16337877,27360679796.0,SZ399001
2026-02-13 14:50:00,14113.592,14121.207,14092.84,14115.514,22344045,36637730587.0,SZ399001
2026-02-13 14:55:00,14116.866,14121.218,14111.216,14111.939,20009646,34195261235.0,SZ399001
2026-02-13 15:00:00,14110.87,14112.217,14100.19,14100.19,22019891,37374127643.0,SZ399001
2026-02-24 09:35:00,14313.862,14315.204,14256.722,14264.799,108007190,188887431325.0,SZ399001
2026-02-24 09:40:00,14265.804,14273.507,14245.708,14256.922,50962202,92564248994.0,SZ399001
2026-02-24 09:45:00,14258.309,14258.309,14214.415,14223.741,41688896,71885612487.0,SZ399001
2026-02-24 09:50:00,14223.638,14276.951,14223.638,14275.814,32019333,58270947926.0,SZ399001
2026-02-24 09:55:00,14271.841,14291.925,14256.911,14256.911,26376711,48094448636.0,SZ399001
2026-02-24 10:00:00,14257.515,14258.052,14231.439,14255.048,22042430,38919121656.0,SZ399001
2026-02-24 10:05:00,14258.051,14281.003,14257.333,14280.264,20485502,36541911127.0,SZ399001
2026-02-24 10:10:00,14281.376,14303.303,14281.376,14303.303,16075138,32208433983.0,SZ399001
2026-02-24 10:15:00,14303.513,14335.066,14303.513,14332.125,16825094,33122511281.0,SZ399001
2026-02-24 10:20:00,14329.537,14329.537,14309.819,14317.234,13625856,26662771255.0,SZ399001
2026-02-24 10:25:00,14316.532,14321.377,14299.176,14319.786,12213312,22566523269.0,SZ399001
2026-02-24 10:30:00,14319.013,14330.418,14318.492,14318.782,10638039,18979483448.0,SZ399001
2026-02-24 10:35:00,14319.115,14330.104,14313.185,14324.516,11628575,20165725884.0,SZ399001
2026-02-24 10:40:00,14324.664,14328.425,14318.867,14324.737,10365723,18128686890.0,SZ399001
2026-02-24 10:45:00,14323.983,14324.156,14311.609,14319.453,11712751,18588988270.0,SZ399001
2026-02-24 10:50:00,14318.954,14330.254,14317.767,14327.581,9402066,16433275301.0,SZ399001
2026-02-24 10:55:00,14327.55,14341.03,14323.304,14328.091,10045512,17892762312.0,SZ399001
2026-02-24 11:00:00,14327.495,14339.69,14325.028,14339.69,8873974,15130676632.0,SZ399001
2026-02-24 11:05:00,14341.145,14351.121,14341.145,14350.153,8811648,16762912225.0,SZ399001
2026-02-24 11:10:00,14350.277,14361.714,14350.277,14361.588,8921631,17236436497.0,SZ399001
2026-02-24 11:15:00,14362.777,14370.835,14356.091,14366.989,8461339,16489980040.0,SZ399001
2026-02-24 11:20:00,14366.349,14376.957,14359.423,14365.566,8131803,15650299948.0,SZ399001
2026-02-24 11:25:00,14366.693,14374.42,14364.831,14366.821,7803765,14207124037.0,SZ399001
2026-02-24 11:30:00,14366.803,14366.803,14356.26,14356.878,7728043,13937233596.0,SZ399001
2026-02-24 13:05:00,14359.367,14359.367,14329.248,14329.248,14611206,27323418461.0,SZ399001
2026-02-24 13:10:00,14328.904,14331.818,14322.366,14326.537,9655371,16606058690.0,SZ399001
2026-02-24 13:15:00,14327.189,14328.653,14319.575,14327.792,7814233,14373505768.0,SZ399001
2026-02-24 13:20:00,14326.52,14326.52,14309.603,14310.954,8710002,15294235162.0,SZ399001
2026-02-24 13:25:00,14311.705,14311.705,14299.034,14303.799,9875189,15647236125.0,SZ399001
2026-02-24 13:30:00,14304.096,14305.401,14299.926,14305.401,8266437,13413340901.0,SZ399001
2026-02-24 13:35:00,14305.135,14316.521,14304.27,14312.601,7660101,13041532996.0,SZ399001
2026-02-24 13:40:00,14313.063,14313.063,14299.536,14299.536,7087330,12420860736.0,SZ399001
2026-02-24 13:45:00,14299.557,14299.557,14282.002,14290.018,8176264,14377711162.0,SZ399001
2026-02-24 13:50:00,14289.309,14292.562,14288.928,14290.186,6201178,10765070826.0,SZ399001
2026-02-24 13:55:00,14289.427,14308.234,14288.556,14308.234,6188617,11135936905.0,SZ399001
2026-02-24 14:00:00,14308.668,14310.586,14304.535,14304.535,6610683,11331398241.0,SZ399001
2026-02-24 14:05:00,14305.169,14313.382,14303.131,14306.523,8888904,13656146443.0,SZ399001
2026-02-24 14:10:00,14306.498,14309.926,14302.815,14302.815,7374332,12013056022.0,SZ399001
2026-02-24 14:15:00,14302.631,14307.364,14297.631,14305.286,8479699,13141873879.0,SZ399001
2026-02-24 14:20:00,14304.379,14306.513,14300.681,14305.834,7561164,12462321811.0,SZ399001
2026-02-24 14:25:00,14306.203,14310.276,14303.137,14308.251,6944504,12646925955.0,SZ399001
2026-02-24 14:30:00,14308.226,14308.707,14302.034,14302.034,7637323,13488439419.0,SZ399001
2026-02-24 14:35:00,14302.29,14302.29,14290.271,14294.403,10727200,18468370454.0,SZ399001
2026-02-24 14:40:00,14294.758,14295.597,14283.346,14285.58,10570562,18699791520.0,SZ399001
2026-02-24 14:45:00,14285.978,14293.616,14283.956,14293.523,10618424,18627630625.0,SZ399001
2026-02-24 14:50:00,14293.141,14297.033,14292.758,14295.054,13081089,22701447619.0,SZ399001
2026-02-24 14:55:00,14294.94,14296.794,14292.618,14293.921,17926619,30632999503.0,SZ399001
2026-02-24 15:00:00,14294.577,14300.286,14291.566,14291.566,18913026,31853609185.0,SZ399001
2026-02-25 09:35:00,14322.242,14329.423,14314.153,14321.457,83468138,136120304880.0,SZ399001
2026-02-25 09:40:00,14326.361,14369.846,14326.361,14369.846,47639451,78291890714.0,SZ399001
2026-02-25 09:45:00,14370.089,14398.15,14370.089,14382.731,39755169,65173744119.0,SZ399001
2026-02-25 09:50:00,14380.952,14399.726,14375.467,14376.545,35538940,55750415104.0,SZ399001
2026-02-25 09:55:00,14377.063,14386.558,14373.249,14381.936,31358385,47092268753.0,SZ399001
2026-02-25 10:00:00,14382.097,14387.289,14364.023,14365.451,27941900,44212867945.0,SZ399001
2026-02-25 10:05:00,14365.768,14372.968,14354.63,14362.589,25754545,40844318305.0,SZ399001
2026-02-25 10:10:00,14361.333,14395.669,14359.091,14392.778,21166296,35304748314.0,SZ399001
2026-02-25 10:15:00,14394.92,14401.781,14387.88,14396.077,18916094,33105386896.0,SZ399001
2026-02-25 10:20:00,14398.888,14408.728,14393.654,14399.995,18271724,30766654500.0,SZ399001
2026-02-25 10:25:00,14401.969,14406.8,14397.089,14402.387,15281719,26519370832.0,SZ399001
2026-02-25 10:30:00,14402.723,14422.595,14402.723,14413.173,15027648,27359227614.0,SZ399001
2026-02-25 10:35:00,14413.903,14428.498,14413.903,14428.498,14885511,24386772150.0,SZ399001
2026-02-25 10:40:00,14430.03,14431.743,14421.172,14425.589,12747114,23295107754.0,SZ399001
2026-02-25 10:45:00,14425.744,14429.0,14423.945,14427.017,11941530,22514201042.0,SZ399001
2026-02-25 10:50:00,14427.23,14436.788,14422.423,14435.725,11780454,22406891253.0,SZ399001
2026-02-25 10:55:00,14435.721,14455.339,14435.691,14448.838,11653514,21625203482.0,SZ399001
2026-02-25 11:00:00,14449.796,14454.501,14441.967,14451.088,10367277,19475018116.0,SZ399001
2026-02-25 11:05:00,14451.513,14461.775,14449.508,14452.775,10802576,19217879117.0,SZ399001
2026-02-25 11:10:00,14452.457,14464.796,14448.259,14464.659,8317544,16329670496.0,SZ399001
2026-02-25 11:15:00,14464.833,14471.385,14462.995,14471.083,9190911,16846944462.0,SZ399001
2026-02-25 11:20:00,14471.24,14477.417,14465.866,14477.417,8720385,18005894261.0,SZ399001
2026-02-25 11:25:00,14477.594,14485.79,14467.985,14485.79,10170817,20576942950.0,SZ399001
2026-02-25 11:30:00,14485.318,14501.509,14483.835,14501.502,8694918,17814768198.0,SZ399001
2026-02-25 13:05:00,14503.442,14510.013,14494.217,14506.867,17771697,33285756269.0,SZ399001
2026-02-25 13:10:00,14506.802,14512.845,14504.953,14504.953,11103620,20481295799.0,SZ399001
2026-02-25 13:15:00,14504.547,14504.547,14476.062,14481.119,11092698,20417458897.0,SZ399001
2026-02-25 13:20:00,14482.169,14495.616,14482.169,14491.194,9957937,18513967112.0,SZ399001
2026-02-25 13:25:00,14491.523,14508.251,14490.012,14505.74,9184632,18671558436.0,SZ399001
2026-02-25 13:30:00,14505.758,14505.758,14492.927,14502.15,8942738,17616253747.0,SZ399001
2026-02-25 13:35:00,14502.079,14506.851,14484.034,14486.363,11299548,19833140325.0,SZ399001
2026-02-25 13:40:00,14485.976,14493.109,14481.513,14488.326,9626544,18431022230.0,SZ399001
2026-02-25 13:45:00,14488.45,14491.673,14483.346,14486.468,9392085,18442105953.0,SZ399001
2026-02-25 13:50:00,14486.182,14494.205,14486.182,14488.04,10108422,20216818978.0,SZ399001
2026-02-25 13:55:00,14488.438,14494.27,14486.847,14487.979,10544807,18993392800.0,SZ399001
2026-02-25 14:00:00,14487.283,14487.283,14477.656,14478.171,10100620,18107353930.0,SZ399001
2026-02-25 14:05:00,14478.09,14479.813,14465.125,14469.296,10641916,19398251569.0,SZ399001
2026-02-25 14:10:00,14468.734,14478.109,14459.324,14459.324,11253891,19862978841.0,SZ399001
2026-02-25 14:15:00,14458.502,14463.31,14449.227,14449.95,11848600,20089540170.0,SZ399001
2026-02-25 14:20:00,14449.922,14457.689,14449.922,14452.716,9049059,16045739084.0,SZ399001
2026-02-25 14:25:00,14452.02,14452.667,14433.167,14433.211,10841836,18738958081.0,SZ399001
2026-02-25 14:30:00,14433.485,14434.552,14417.201,14419.372,12275057,21539233930.0,SZ399001
2026-02-25 14:35:00,14420.233,14445.427,14419.397,14442.911,12370825,21428161465.0,SZ399001
2026-02-25 14:40:00,14443.866,14452.047,14441.973,14450.599,10421731,18238805980.0,SZ399001
2026-02-25 14:45:00,14450.012,14456.858,14448.593,14456.615,12155401,21410024227.0,SZ399001
2026-02-25 14:50:00,14455.898,14459.228,14454.952,14457.338,14514553,25600501335.0,SZ399001
2026-02-25 14:55:00,14456.13,14467.238,14454.285,14466.913,19289731,33151784673.0,SZ399001
2026-02-25 15:00:00,14465.799,14477.225,14465.246,14475.865,20508003,35027639640.0,SZ399001
2026-02-26 09:35:00,14495.858,14496.921,14418.91,14418.91,84753182,155777693156.0,SZ399001
2026-02-26 09:40:00,14418.125,14438.47,14408.875,14437.812,49843451,91553546594.0,SZ399001
2026-02-26 09:45:00,14438.996,14444.991,14415.516,14419.155,37274699,68234489400.0,SZ399001
2026-02-26 09:50:00,14418.552,14432.711,14408.892,14424.702,33872913,59946164577.0,SZ399001
2026-02-26 09:55:00,14425.022,14442.756,14419.344,14421.707,31146074,53661557054.0,SZ399001
2026-02-26 10:00:00,14422.789,14463.33,14420.784,14456.694,28413265,48515950258.0,SZ399001
2026-02-26 10:05:00,14456.261,14465.552,14454.2,14456.424,22224376,41756954076.0,SZ399001
2026-02-26 10:10:00,14456.809,14466.931,14447.792,14458.137,20636365,38848895657.0,SZ399001
2026-02-26 10:15:00,14457.985,14470.611,14450.187,14464.045,18860374,35522663112.0,SZ399001
2026-02-26 10:20:00,14461.744,14483.495,14459.508,14480.807,19029021,35151723783.0,SZ399001
2026-02-26 10:25:00,14480.566,14488.989,14471.407,14471.407,17905763,33326210646.0,SZ399001
2026-02-26 10:30:00,14469.691,14469.691,14428.191,14429.962,19375703,34002151015.0,SZ399001
2026-02-26 10:35:00,14429.39,14459.809,14426.973,14450.355,15791520,29669403766.0,SZ399001
2026-02-26 10:40:00,14450.39,14475.577,14450.39,14470.993,13565137,28619350644.0,SZ399001
2026-02-26 10:45:00,14469.952,14470.523,14456.635,14470.249,14621164,28754651632.0,SZ399001
2026-02-26 10:50:00,14469.742,14494.925,14469.092,14483.71,13823520,27372425109.0,SZ399001
2026-02-26 10:55:00,14483.591,14496.602,14482.647,14486.571,12381198,24272847915.0,SZ399001
2026-02-26 11:00:00,14487.484,14488.37,14475.376,14480.865,10604232,20821484860.0,SZ399001
2026-02-26 11:05:00,14481.078,14491.287,14478.468,14484.572,9438860,18156399662.0,SZ399001
2026-02-26 11:10:00,14484.626,14490.374,14479.833,14489.195,8735996,17597575374.0,SZ399001
2026-02-26 11:15:00,14488.843,14496.648,14484.226,14496.648,8962709,18547700322.0,SZ399001
2026-02-26 11:20:00,14497.086,14497.086,14478.571,14485.387,9136155,19018977783.0,SZ399001
2026-02-26 11:25:00,14485.786,14499.439,14485.331,14496.94,8295605,17195678684.0,SZ399001
2026-02-26 11:30:00,14495.531,14516.44,14495.531,14516.113,8492478,17153564765.0,SZ399001
2026-02-26 13:05:00,14519.575,14526.359,14509.565,14525.79,17071405,34596077705.0,SZ399001
2026-02-26 13:10:00,14525.256,14531.503,14520.953,14522.644,9692008,20321789723.0,SZ399001
2026-02-26 13:15:00,14523.009,14536.076,14519.571,14519.574,9491449,19637257978.0,SZ399001
2026-02-26 13:20:00,14518.314,14521.594,14515.045,14519.171,9648277,20115784909.0,SZ399001
2026-02-26 13:25:00,14518.884,14525.85,14516.937,14522.651,9669791,20557126727.0,SZ399001
2026-02-26 13:30:00,14522.812,14525.237,14517.568,14519.439,8876350,18877305528.0,SZ399001
2026-02-26 13:35:00,14518.949,14521.961,14486.234,14489.664,13464549,23792548936.0,SZ399001
2026-02-26 13:40:00,14490.008,14508.21,14490.008,14492.477,9179151,17419780980.0,SZ399001
2026-02-26 13:45:00,14492.356,14508.409,14492.356,14507.945,7863529,15099977087.0,SZ399001
2026-02-26 13:50:00,14508.35,14509.269,14503.286,14505.16,7984706,14869084148.0,SZ399001
2026-02-26 13:55:00,14505.53,14507.953,14490.661,14496.957,9349566,17404139767.0,SZ399001
2026-02-26 14:00:00,14496.386,14507.268,14492.478,14492.478,8266883,16136761304.0,SZ399001
2026-02-26 14:05:00,14492.336,14492.72,14483.131,14483.131,10066616,17807547171.0,SZ399001
2026-02-26 14:10:00,14482.508,14484.875,14476.919,14477.675,8058027,14972900858.0,SZ399001
2026-02-26 14:15:00,14478.04,14482.894,14474.291,14474.509,8311064,15432320721.0,SZ399001
2026-02-26 14:20:00,14473.751,14478.842,14472.177,14478.603,8689829,16184289815.0,SZ399001
2026-02-26 14:25:00,14478.392,14484.732,14477.106,14481.987,8401024,15845381396.0,SZ399001
2026-02-26 14:30:00,14481.108,14481.108,14471.547,14478.146,10619544,17882558098.0,SZ399001
2026-02-26 14:35:00,14479.215,14493.519,14479.215,14491.003,14190991,21038165503.0,SZ399001
2026-02-26 14:40:00,14491.06,14496.171,14488.383,14493.611,13475818,21537511173.0,SZ399001
2026-02-26 14:45:00,14493.498,14493.498,14486.755,14486.897,14605888,25224485192.0,SZ399001
2026-02-26 14:50:00,14487.102,14499.118,14487.102,14497.255,16389239,28958840195.0,SZ399001
2026-02-26 14:55:00,14497.765,14499.58,14495.906,14498.368,20945391,36589799301.0,SZ399001
2026-02-26 15:00:00,14498.864,14507.012,14498.713,14503.787,21639220,37467631301.0,SZ399001
2026-02-27 09:35:00,14375.25,14411.346,14366.35,14411.346,86711315,158139059054.0,SZ399001
2026-02-27 09:40:00,14412.059,14449.926,14412.059,14447.331,45379515,83186000840.0,SZ399001
2026-02-27 09:45:00,14448.256,14466.284,14436.567,14436.567,38105908,69675220297.0,SZ399001
2026-02-27 09:50:00,14435.481,14442.167,14425.537,14427.769,33199234,62587560882.0,SZ399001
2026-02-27 09:55:00,14429.663,14460.41,14429.663,14454.819,27276982,48154294638.0,SZ399001
2026-02-27 10:00:00,14453.827,14456.831,14439.6,14449.055,25515834,46749537698.0,SZ399001
2026-02-27 10:05:00,14448.808,14463.605,14445.041,14447.65,23015969,40092596891.0,SZ399001
2026-02-27 10:10:00,14447.699,14455.794,14440.748,14453.547,18160134,32684415825.0,SZ399001
2026-02-27 10:15:00,14453.64,14459.116,14439.596,14441.132,16681051,30327464190.0,SZ399001
2026-02-27 10:20:00,14440.825,14454.218,14439.929,14446.379,16759883,31190035920.0,SZ399001
2026-02-27 10:25:00,14446.515,14446.515,14436.223,14443.658,15428308,28669487530.0,SZ399001
2026-02-27 10:30:00,14443.434,14451.637,14436.425,14444.906,16913168,27533370801.0,SZ399001
2026-02-27 10:35:00,14445.387,14446.299,14426.717,14426.717,13342709,25139912620.0,SZ399001
2026-02-27 10:40:00,14426.873,14433.923,14417.574,14429.727,14228801,25743021128.0,SZ399001
2026-02-27 10:45:00,14430.283,14441.827,14428.774,14441.827,11635830,22607139434.0,SZ399001
2026-02-27 10:50:00,14441.876,14467.371,14438.154,14455.604,12608736,23594415605.0,SZ399001
2026-02-27 10:55:00,14456.796,14457.535,14426.308,14431.342,13019228,24488105635.0,SZ399001
2026-02-27 11:00:00,14432.337,14435.267,14430.407,14432.958,10423256,21398461776.0,SZ399001
2026-02-27 11:05:00,14432.253,14467.716,14431.852,14464.055,9988585,20108243012.0,SZ399001
2026-02-27 11:10:00,14464.003,14472.859,14458.189,14458.982,9260224,18285813599.0,SZ399001
2026-02-27 11:15:00,14458.361,14458.891,14447.686,14447.686,9393570,17864089444.0,SZ399001
2026-02-27 11:20:00,14447.185,14455.468,14438.831,14440.351,8682374,16397554655.0,SZ399001
2026-02-27 11:25:00,14440.523,14443.025,14427.891,14428.818,9375838,16857125523.0,SZ399001
2026-02-27 11:30:00,14428.342,14428.342,14404.502,14405.755,10981275,19305322651.0,SZ399001
2026-02-27 13:05:00,14407.519,14420.578,14407.519,14415.411,16511480,27679898818.0,SZ399001
2026-02-27 13:10:00,14415.947,14424.817,14405.349,14405.692,11091017,19559706775.0,SZ399001
2026-02-27 13:15:00,14406.36,14426.092,14404.285,14426.092,11043725,18637402249.0,SZ399001
2026-02-27 13:20:00,14425.938,14452.684,14425.938,14452.684,10904180,18487376713.0,SZ399001
2026-02-27 13:25:00,14452.926,14461.967,14452.474,14460.964,11307638,20026179810.0,SZ399001
2026-02-27 13:30:00,14461.012,14484.338,14461.012,14482.676,10192065,19229225499.0,SZ399001
2026-02-27 13:35:00,14482.177,14497.957,14479.798,14479.989,10465571,19947610710.0,SZ399001
2026-02-27 13:40:00,14480.535,14491.854,14479.863,14491.33,9223583,17641378940.0,SZ399001
2026-02-27 13:45:00,14490.982,14493.114,14484.455,14490.142,8564412,17102336868.0,SZ399001
2026-02-27 13:50:00,14491.604,14494.365,14468.761,14473.804,9831078,18293254292.0,SZ399001
2026-02-27 13:55:00,14474.478,14475.725,14466.376,14471.704,8822324,16453999958.0,SZ399001
2026-02-27 14:00:00,14472.154,14474.854,14463.834,14463.834,8569208,16219234639.0,SZ399001
2026-02-27 14:05:00,14463.748,14467.716,14461.508,14466.474,9439441,15893520878.0,SZ399001
2026-02-27 14:10:00,14465.637,14479.919,14464.364,14479.878,8421549,15426265591.0,SZ399001
2026-02-27 14:15:00,14479.734,14486.142,14477.341,14483.537,8869107,16137723656.0,SZ399001
2026-02-27 14:20:00,14482.792,14482.792,14465.584,14466.469,8969129,15951520779.0,SZ399001
2026-02-27 14:25:00,14465.797,14471.754,14462.901,14469.252,8756846,15674158467.0,SZ399001
2026-02-27 14:30:00,14469.163,14470.277,14464.636,14464.917,9075096,16818198703.0,SZ399001
2026-02-27 14:35:00,14463.883,14464.891,14456.017,14460.557,12050464,21215330016.0,SZ399001
2026-02-27 14:40:00,14460.817,14465.371,14460.817,14465.164,11609808,19633079529.0,SZ399001
2026-02-27 14:45:00,14464.444,14467.797,14462.255,14467.249,15051123,24320186357.0,SZ399001
2026-02-27 14:50:00,14467.392,14482.793,14467.392,14482.793,17381182,29650941751.0,SZ399001
2026-02-27 14:55:00,14481.863,14493.092,14480.797,14492.947,23229334,38110351367.0,SZ399001
2026-02-27 15:00:00,14491.611,14495.957,14491.611,14495.092,25642509,46768547795.0,SZ399001
2026-03-02 09:35:00,14327.65,14427.182,14327.123,14399.974,125913848,213056156962.0,SZ399001
2026-03-02 09:40:00,14401.243,14447.591,14401.243,14447.591,68623821,118261205897.0,SZ399001
2026-03-02 09:45:00,14449.956,14503.64,14449.956,14482.502,46017582,87147408797.0,SZ399001
2026-03-02 09:50:00,14477.686,14482.182,14453.367,14458.593,37031140,65693343551.0,SZ399001
2026-03-02 09:55:00,14458.974,14468.748,14444.719,14455.575,33402740,57480320769.0,SZ399001
2026-03-02 10:00:00,14456.691,14462.766,14450.881,14455.215,31324333,55090788963.0,SZ399001
2026-03-02 10:05:00,14454.055,14476.783,14439.056,14461.192,35244820,59778597952.0,SZ399001
2026-03-02 10:10:00,14460.847,14460.847,14372.263,14372.263,39576049,60552254231.0,SZ399001
2026-03-02 10:15:00,14370.635,14370.635,14326.446,14330.37,37116508,60853049943.0,SZ399001
2026-03-02 10:20:00,14331.305,14331.551,14285.667,14307.723,30637762,51060663840.0,SZ399001
2026-03-02 10:25:00,14306.54,14344.476,14296.088,14329.029,20523092,36124646573.0,SZ399001
2026-03-02 10:30:00,14328.117,14367.779,14325.08,14342.433,15922791,29616296188.0,SZ399001
2026-03-02 10:35:00,14341.421,14353.321,14326.208,14352.001,16946479,29663333974.0,SZ399001
2026-03-02 10:40:00,14352.95,14390.946,14352.852,14390.52,13743182,26898050341.0,SZ399001
2026-03-02 10:45:00,14391.715,14405.128,14379.824,14402.272,13037707,24543062063.0,SZ399001
2026-03-02 10:50:00,14403.388,14412.272,14395.709,14402.794,11640164,21743776606.0,SZ399001
2026-03-02 10:55:00,14402.582,14422.972,14391.208,14391.208,10739698,20270079306.0,SZ399001
2026-03-02 11:00:00,14389.989,14396.085,14373.258,14394.231,10649137,19591858561.0,SZ399001
2026-03-02 11:05:00,14394.08,14404.204,14370.137,14402.414,10246184,19394250584.0,SZ399001
2026-03-02 11:10:00,14401.761,14413.28,14391.095,14399.225,9668981,18477792048.0,SZ399001
2026-03-02 11:15:00,14400.996,14407.752,14364.027,14364.027,9556632,18963095450.0,SZ399001
2026-03-02 11:20:00,14362.424,14362.424,14338.211,14350.386,10268074,20720410115.0,SZ399001
2026-03-02 11:25:00,14350.911,14396.178,14347.246,14390.861,8977105,18768840578.0,SZ399001
2026-03-02 11:30:00,14390.046,14391.517,14368.425,14386.053,8383281,17632229226.0,SZ399001
2026-03-02 13:05:00,14387.209,14451.631,14387.209,14436.496,15032715,31365230969.0,SZ399001
2026-03-02 13:10:00,14435.78,14441.524,14422.042,14438.876,10110143,19315029888.0,SZ399001
2026-03-02 13:15:00,14439.081,14455.83,14433.429,14447.707,10627119,20744149071.0,SZ399001
2026-03-02 13:20:00,14448.41,14490.775,14448.41,14490.768,10205844,20363830046.0,SZ399001
2026-03-02 13:25:00,14492.239,14508.515,14492.239,14506.468,10752594,22086910157.0,SZ399001
2026-03-02 13:30:00,14505.848,14509.69,14487.942,14487.942,9738060,19653175341.0,SZ399001
2026-03-02 13:35:00,14488.715,14496.556,14480.167,14493.372,10040729,19587849202.0,SZ399001
2026-03-02 13:40:00,14494.089,14494.628,14481.69,14481.69,8028234,16464963694.0,SZ399001
2026-03-02 13:45:00,14481.033,14491.029,14468.177,14487.738,8525628,17554970271.0,SZ399001
2026-03-02 13:50:00,14487.703,14498.12,14482.537,14497.051,8340969,17059827389.0,SZ399001
2026-03-02 13:55:00,14497.005,14499.134,14487.755,14494.283,8084598,16448308644.0,SZ399001
2026-03-02 14:00:00,14492.938,14492.938,14459.535,14461.637,10498650,19827396613.0,SZ399001
2026-03-02 14:05:00,14461.106,14461.211,14440.624,14442.008,11419455,20973143312.0,SZ399001
2026-03-02 14:10:00,14442.607,14468.084,14441.814,14458.658,9812140,18259999071.0,SZ399001
2026-03-02 14:15:00,14458.445,14467.021,14452.946,14465.109,8003836,15338092950.0,SZ399001
2026-03-02 14:20:00,14465.011,14471.802,14462.744,14462.744,8546647,16414121982.0,SZ399001
2026-03-02 14:25:00,14462.863,14462.863,14453.812,14456.565,9779014,17854252336.0,SZ399001
2026-03-02 14:30:00,14456.033,14465.037,14453.014,14464.364,10202361,18742970327.0,SZ399001
2026-03-02 14:35:00,14465.718,14478.517,14462.829,14472.603,13419645,23312619102.0,SZ399001
2026-03-02 14:40:00,14473.579,14481.584,14469.207,14469.886,13755840,24166883988.0,SZ399001
2026-03-02 14:45:00,14468.392,14468.392,14451.806,14461.205,15085236,26789525212.0,SZ399001
2026-03-02 14:50:00,14460.856,14460.856,14450.208,14452.716,17281021,30113205992.0,SZ399001
2026-03-02 14:55:00,14452.913,14461.902,14451.352,14461.902,21146680,36048504060.0,SZ399001
2026-03-02 15:00:00,14461.372,14468.156,14460.977,14465.788,20166379,34959811248.0,SZ399001
2026-03-03 09:35:00,14498.698,14526.056,14496.429,14496.429,94621312,174136191849.0,SZ399001
2026-03-03 09:40:00,14498.265,14519.867,14478.528,14478.528,54239663,103013227370.0,SZ399001
2026-03-03 09:45:00,14478.549,14487.278,14433.129,14442.522,46180772,86967462705.0,SZ399001
2026-03-03 09:50:00,14440.295,14445.098,14360.295,14360.515,41607750,77364240051.0,SZ399001
2026-03-03 09:55:00,14362.609,14373.301,14298.119,14298.119,39143122,69653370678.0,SZ399001
2026-03-03 10:00:00,14295.012,14321.544,14271.192,14271.192,37557841,65639220431.0,SZ399001
2026-03-03 10:05:00,14269.837,14286.062,14243.405,14243.405,32860279,55208262387.0,SZ399001
2026-03-03 10:10:00,14242.723,14242.953,14191.984,14229.919,35164180,59834245320.0,SZ399001
2026-03-03 10:15:00,14227.036,14227.036,14191.489,14206.88,29495609,50323329473.0,SZ399001
2026-03-03 10:20:00,14208.351,14208.351,14144.653,14148.552,29481216,50272722542.0,SZ399001
2026-03-03 10:25:00,14149.497,14236.296,14145.07,14234.485,25308777,43064695955.0,SZ399001
2026-03-03 10:30:00,14234.143,14234.143,14189.392,14194.873,16922833,30806370661.0,SZ399001
2026-03-03 10:35:00,14197.743,14270.453,14195.844,14252.884,17211480,30263426135.0,SZ399001
2026-03-03 10:40:00,14250.076,14281.134,14236.486,14273.571,13324002,25967037094.0,SZ399001
2026-03-03 10:45:00,14276.428,14322.345,14276.428,14288.662,13736828,26613109890.0,SZ399001
2026-03-03 10:50:00,14289.814,14318.897,14280.091,14318.49,10852941,21181058947.0,SZ399001
2026-03-03 10:55:00,14316.871,14316.871,14284.961,14316.194,10542537,19598267616.0,SZ399001
2026-03-03 11:00:00,14317.315,14347.545,14311.285,14347.545,9603057,18347147608.0,SZ399001
2026-03-03 11:05:00,14347.666,14403.474,14344.385,14403.474,12251890,23748144701.0,SZ399001
2026-03-03 11:10:00,14403.179,14404.017,14367.997,14371.711,9497044,18862320748.0,SZ399001
2026-03-03 11:15:00,14370.815,14375.657,14321.94,14322.248,9274267,16808872365.0,SZ399001
2026-03-03 11:20:00,14320.717,14320.717,14298.556,14301.435,7672603,14768058265.0,SZ399001
2026-03-03 11:25:00,14300.348,14316.144,14294.844,14316.144,6903396,12806409013.0,SZ399001
2026-03-03 11:30:00,14315.587,14324.776,14311.124,14314.128,7574821,13246550208.0,SZ399001
2026-03-03 13:05:00,14314.196,14314.196,14264.896,14280.612,19628612,32479038924.0,SZ399001
2026-03-03 13:10:00,14280.898,14315.529,14270.035,14307.246,11328457,20001532654.0,SZ399001
2026-03-03 13:15:00,14306.806,14328.263,14306.732,14322.784,10242687,18256002512.0,SZ399001
2026-03-03 13:20:00,14321.102,14324.441,14264.086,14264.086,11178071,19467963145.0,SZ399001
2026-03-03 13:25:00,14263.298,14264.949,14241.976,14243.09,10844802,18890746085.0,SZ399001
2026-03-03 13:30:00,14243.606,14249.94,14236.157,14236.157,10585744,18805985618.0,SZ399001
2026-03-03 13:35:00,14236.117,14238.638,14207.763,14207.763,11186649,19195063219.0,SZ399001
2026-03-03 13:40:00,14206.453,14211.527,14193.297,14193.297,12752037,21633851361.0,SZ399001
2026-03-03 13:45:00,14192.307,14209.841,14188.818,14209.247,10818565,18436366108.0,SZ399001
2026-03-03 13:50:00,14208.912,14236.533,14205.625,14205.625,9611574,16548925492.0,SZ399001
2026-03-03 13:55:00,14205.515,14205.515,14154.155,14154.486,15940096,24573595158.0,SZ399001
2026-03-03 14:00:00,14154.117,14154.117,14134.385,14134.827,14773704,23925714373.0,SZ399001
2026-03-03 14:05:00,14134.549,14137.702,14113.467,14122.677,14881329,24953365058.0,SZ399001
2026-03-03 14:10:00,14122.995,14122.995,14103.066,14104.944,12940404,21246184567.0,SZ399001
2026-03-03 14:15:00,14105.106,14116.628,14089.526,14089.526,15362564,23814536128.0,SZ399001
2026-03-03 14:20:00,14089.086,14090.121,14062.565,14062.62,15783881,25875953806.0,SZ399001
2026-03-03 14:25:00,14063.831,14086.339,14044.639,14044.639,18502467,30050253162.0,SZ399001
2026-03-03 14:30:00,14044.095,14124.059,14036.297,14124.059,19776767,31414767836.0,SZ399001
2026-03-03 14:35:00,14126.096,14136.82,14067.551,14071.421,15279182,24869767624.0,SZ399001
2026-03-03 14:40:00,14071.207,14071.207,14028.85,14029.755,16539172,26218277015.0,SZ399001
2026-03-03 14:45:00,14028.527,14063.279,14028.085,14036.093,18048125,29115910613.0,SZ399001
2026-03-03 14:50:00,14035.5,14057.421,14028.432,14029.075,18556812,30999169392.0,SZ399001
2026-03-03 14:55:00,14027.961,14032.526,14008.126,14008.126,23395674,38512733606.0,SZ399001
2026-03-03 15:00:00,14007.648,14024.896,14007.648,14022.391,21673350,35940785282.0,SZ399001
2026-03-04 09:35:00,13854.374,14006.841,13854.374,14006.841,102875906,163296643990.0,SZ399001
2026-03-04 09:40:00,14009.263,14032.037,13954.807,13970.437,51631549,87852249104.0,SZ399001
2026-03-04 09:45:00,13972.884,14007.417,13938.915,13997.977,36372709,63195562663.0,SZ399001
2026-03-04 09:50:00,13993.328,14040.573,13988.19,14038.164,29091719,52486727530.0,SZ399001
2026-03-04 09:55:00,14038.393,14039.982,14002.664,14013.454,26585079,45440618274.0,SZ399001
2026-03-04 10:00:00,14015.862,14027.904,13991.759,14013.741,21568959,37555328893.0,SZ399001
2026-03-04 10:05:00,14012.3,14027.764,14005.792,14027.764,19686779,35308012740.0,SZ399001
2026-03-04 10:10:00,14027.642,14077.393,14026.046,14070.37,17874057,32886774957.0,SZ399001
2026-03-04 10:15:00,14069.57,14102.089,14058.848,14102.068,18902156,33503223655.0,SZ399001
2026-03-04 10:20:00,14102.779,14112.021,14096.612,14096.612,14948485,28507106068.0,SZ399001
2026-03-04 10:25:00,14096.328,14102.003,14031.234,14031.265,16827560,28293521050.0,SZ399001
2026-03-04 10:30:00,14029.823,14055.556,14016.439,14016.859,13634159,25066485769.0,SZ399001
2026-03-04 10:35:00,14016.573,14020.105,13985.536,13985.536,13992792,24645439508.0,SZ399001
2026-03-04 10:40:00,13983.508,13997.374,13966.1,13971.341,16624320,27972920975.0,SZ399001
2026-03-04 10:45:00,13967.966,13971.914,13936.337,13960.203,18731381,29665539724.0,SZ399001
2026-03-04 10:50:00,13959.386,13992.419,13959.386,13985.128,11229458,18906050684.0,SZ399001
2026-03-04 10:55:00,13985.116,13996.443,13966.393,13966.494,9046801,15896940490.0,SZ399001
2026-03-04 11:00:00,13965.321,13965.321,13944.638,13944.821,9900776,16157397428.0,SZ399001
2026-03-04 11:05:00,13943.573,13951.646,13898.378,13898.378,14008874,21535401803.0,SZ399001
2026-03-04 11:10:00,13897.438,13919.667,13884.919,13892.053,13232486,20674872575.0,SZ399001
2026-03-04 11:15:00,13892.019,13917.331,13892.019,13896.403,10222900,16341149225.0,SZ399001
2026-03-04 11:20:00,13895.846,13957.731,13895.846,13956.076,8439154,14266031988.0,SZ399001
2026-03-04 11:25:00,13956.522,13960.718,13909.669,13920.717,7915251,13942551219.0,SZ399001
2026-03-04 11:30:00,13920.033,13927.741,13878.247,13884.368,7380715,12964139668.0,SZ399001
2026-03-04 13:05:00,13883.701,13922.546,13872.784,13872.784,14192683,22596642256.0,SZ399001
2026-03-04 13:10:00,13870.951,13919.638,13859.502,13898.238,11217892,18530749695.0,SZ399001
2026-03-04 13:15:00,13899.939,13938.626,13899.939,13917.204,7673302,13637070200.0,SZ399001
2026-03-04 13:20:00,13916.531,13956.685,13911.262,13946.605,8910093,15415747509.0,SZ399001
2026-03-04 13:25:00,13945.63,13945.63,13884.817,13888.22,9992514,15410413570.0,SZ399001
2026-03-04 13:30:00,13889.216,13910.308,13889.216,13904.855,7629666,12254295719.0,SZ399001
2026-03-04 13:35:00,13902.197,13922.802,13892.026,13922.802,7607347,12863293236.0,SZ399001
2026-03-04 13:40:00,13922.721,13977.731,13919.94,13977.731,8846534,14302192186.0,SZ399001
2026-03-04 13:45:00,13976.655,13981.667,13933.929,13933.929,9204725,15381758826.0,SZ399001
2026-03-04 13:50:00,13932.924,13952.015,13926.821,13934.197,6837741,12209088726.0,SZ399001
2026-03-04 13:55:00,13932.403,13939.948,13926.607,13936.242,6504749,11153464254.0,SZ399001
2026-03-04 14:00:00,13935.389,13937.119,13921.544,13922.684,6967080,11577924554.0,SZ399001
2026-03-04 14:05:00,13921.305,13921.305,13891.157,13891.498,7851556,13853846532.0,SZ399001
2026-03-04 14:10:00,13891.021,13897.644,13879.092,13884.97,7906953,13731324300.0,SZ399001
2026-03-04 14:15:00,13884.356,13884.866,13869.696,13883.387,8629726,14504158822.0,SZ399001
2026-03-04 14:20:00,13883.795,13907.899,13883.795,13902.931,7100939,12371451633.0,SZ399001
2026-03-04 14:25:00,13902.598,13909.984,13885.087,13885.388,8073351,14012661715.0,SZ399001
2026-03-04 14:30:00,13886.192,13892.366,13880.341,13886.153,7715164,13304889144.0,SZ399001
2026-03-04 14:35:00,13888.402,13924.689,13882.06,13924.689,10871140,18038288199.0,SZ399001
2026-03-04 14:40:00,13925.256,13928.892,13909.003,13920.063,9594586,16458726898.0,SZ399001
2026-03-04 14:45:00,13920.328,13921.087,13905.326,13905.326,10655865,17953631634.0,SZ399001
2026-03-04 14:50:00,13904.499,13906.962,13897.901,13901.51,12265656,21083668962.0,SZ399001
2026-03-04 14:55:00,13901.708,13910.07,13901.373,13909.92,16188177,27214836733.0,SZ399001
2026-03-04 15:00:00,13910.031,13922.097,13909.911,13917.752,17302555,28451169224.0,SZ399001
2026-03-05 09:35:00,14160.198,14171.416,14094.432,14122.918,101926221,170844400077.0,SZ399001
2026-03-05 09:40:00,14124.269,14129.195,14091.58,14110.329,55465288,87521327089.0,SZ399001
2026-03-05 09:45:00,14116.291,14116.291,14063.024,14082.297,38731039,65104422661.0,SZ399001
2026-03-05 09:50:00,14080.932,14109.978,14080.747,14100.696,31498045,52512542421.0,SZ399001
2026-03-05 09:55:00,14102.223,14111.186,14072.364,14077.163,25572785,43718924969.0,SZ399001
2026-03-05 10:00:00,14076.088,14077.077,14059.641,14067.768,23984837,40672397369.0,SZ399001
2026-03-05 10:05:00,14070.091,14131.507,14070.091,14104.712,21805474,42043880439.0,SZ399001
2026-03-05 10:10:00,14104.305,14133.45,14101.808,14114.561,15808525,30669539687.0,SZ399001
2026-03-05 10:15:00,14115.649,14159.34,14115.371,14159.34,15287409,30560602850.0,SZ399001
2026-03-05 10:20:00,14160.063,14170.945,14151.014,14151.014,13649448,29128245673.0,SZ399001
2026-03-05 10:25:00,14151.448,14172.416,14142.623,14142.623,13538171,27058053210.0,SZ399001
2026-03-05 10:30:00,14142.192,14193.081,14140.017,14191.595,11877888,26475865742.0,SZ399001
2026-03-05 10:35:00,14189.665,14202.762,14182.374,14198.843,13062551,24670877977.0,SZ399001
2026-03-05 10:40:00,14197.395,14197.395,14139.414,14148.983,13917260,26412115747.0,SZ399001
2026-03-05 10:45:00,14148.406,14151.479,14135.934,14139.905,17621458,26591202504.0,SZ399001
2026-03-05 10:50:00,14139.437,14156.814,14133.058,14153.469,13496871,21358051387.0,SZ399001
2026-03-05 10:55:00,14154.613,14164.86,14154.197,14162.872,10755116,17333084711.0,SZ399001
2026-03-05 11:00:00,14162.645,14182.403,14161.226,14182.403,9682504,15826380929.0,SZ399001
2026-03-05 11:05:00,14183.829,14191.026,14176.357,14184.959,9477764,16524980199.0,SZ399001
2026-03-05 11:10:00,14185.322,14186.129,14153.524,14153.524,9774795,16240831499.0,SZ399001
2026-03-05 11:15:00,14152.429,14153.334,14134.943,14153.334,9562501,15293609026.0,SZ399001
2026-03-05 11:20:00,14153.389,14171.566,14149.35,14149.35,8940438,14162186795.0,SZ399001
2026-03-05 11:25:00,14149.109,14167.457,14147.654,14167.457,7481889,12235197038.0,SZ399001
2026-03-05 11:30:00,14166.626,14170.885,14150.013,14150.447,8027697,12663587313.0,SZ399001
2026-03-05 13:05:00,14153.126,14156.332,14131.356,14137.844,16443847,26815391306.0,SZ399001
2026-03-05 13:10:00,14138.623,14166.242,14133.609,14162.7,8970895,16955307651.0,SZ399001
2026-03-05 13:15:00,14161.021,14171.935,14151.053,14154.025,9307998,17240557033.0,SZ399001
2026-03-05 13:20:00,14154.717,14159.841,14142.341,14156.242,9373710,17600531580.0,SZ399001
2026-03-05 13:25:00,14156.011,14159.067,14154.083,14158.355,7415567,13625685956.0,SZ399001
2026-03-05 13:30:00,14157.699,14160.818,14152.031,14153.992,7691289,14242517379.0,SZ399001
2026-03-05 13:35:00,14153.984,14165.558,14144.588,14145.384,10034132,16722611689.0,SZ399001
2026-03-05 13:40:00,14145.641,14145.641,14129.341,14141.414,8519790,15656728110.0,SZ399001
2026-03-05 13:45:00,14139.767,14145.975,14121.142,14145.602,8528001,16215211478.0,SZ399001
2026-03-05 13:50:00,14145.395,14145.395,14124.665,14124.665,8028100,14085741351.0,SZ399001
2026-03-05 13:55:00,14123.371,14123.371,14092.774,14093.891,11617796,19654223509.0,SZ399001
2026-03-05 14:00:00,14094.131,14103.374,14092.14,14092.849,7801890,14265664631.0,SZ399001
2026-03-05 14:05:00,14092.357,14092.357,14063.171,14071.573,10884669,19536781401.0,SZ399001
2026-03-05 14:10:00,14071.791,14071.791,14035.87,14035.87,10608972,19049525812.0,SZ399001
2026-03-05 14:15:00,14034.749,14035.6,14016.837,14026.418,12103679,22503927544.0,SZ399001
2026-03-05 14:20:00,14026.599,14031.072,13999.702,14026.509,11525499,20592905840.0,SZ399001
2026-03-05 14:25:00,14022.778,14048.491,14007.019,14048.307,9937110,17722171481.0,SZ399001
2026-03-05 14:30:00,14048.609,14056.538,14044.663,14050.178,7767501,13913685221.0,SZ399001
2026-03-05 14:35:00,14050.681,14062.121,14024.929,14033.587,11332915,19256986300.0,SZ399001
2026-03-05 14:40:00,14032.96,14042.265,14026.34,14039.755,9275919,15739464086.0,SZ399001
2026-03-05 14:45:00,14040.092,14054.475,14039.538,14054.013,10348881,18905196845.0,SZ399001
2026-03-05 14:50:00,14054.444,14066.281,14054.005,14054.084,14547367,26245436288.0,SZ399001
2026-03-05 14:55:00,14053.32,14077.327,14052.267,14077.327,17382702,29262691736.0,SZ399001
2026-03-05 15:00:00,14077.434,14092.568,14077.434,14088.838,18572274,30562830305.0,SZ399001
2026-03-06 09:35:00,14015.543,14035.461,13969.341,13991.632,89475331,141789796611.0,SZ399001
2026-03-06 09:40:00,13994.744,14041.566,13984.264,14039.826,45961790,75001961565.0,SZ399001
2026-03-06 09:45:00,14033.43,14035.036,13989.746,14007.155,42967953,66084182746.0,SZ399001
2026-03-06 09:50:00,14009.023,14040.119,14009.023,14035.88,31677592,48454838601.0,SZ399001
2026-03-06 09:55:00,14035.559,14082.478,14035.27,14064.651,26090076,40615826747.0,SZ399001
2026-03-06 10:00:00,14064.162,14067.562,14028.887,14028.887,21108984,35129084721.0,SZ399001
2026-03-06 10:05:00,14028.039,14067.8,14026.436,14057.124,20692006,33638973804.0,SZ399001
2026-03-06 10:10:00,14057.495,14078.917,14057.495,14070.634,18244289,28062949772.0,SZ399001
2026-03-06 10:15:00,14070.374,14117.456,14065.073,14109.506,17257878,28117210618.0,SZ399001
2026-03-06 10:20:00,14109.782,14123.295,14105.54,14106.631,15853722,27076818391.0,SZ399001
2026-03-06 10:25:00,14106.26,14139.142,14103.396,14129.369,14847123,26079598764.0,SZ399001
2026-03-06 10:30:00,14128.941,14130.883,14110.142,14111.93,11745137,20770121574.0,SZ399001
2026-03-06 10:35:00,14116.182,14134.799,14116.182,14128.163,12156150,20825886655.0,SZ399001
2026-03-06 10:40:00,14127.629,14139.026,14115.999,14127.835,11003784,19966259183.0,SZ399001
2026-03-06 10:45:00,14126.925,14143.781,14123.298,14142.268,10202182,19705995890.0,SZ399001
2026-03-06 10:50:00,14142.199,14170.612,14141.074,14169.215,10584149,20674690204.0,SZ399001
2026-03-06 10:55:00,14168.34,14168.684,14151.15,14151.15,10142243,18440247990.0,SZ399001
2026-03-06 11:00:00,14149.562,14152.449,14139.646,14146.825,9142971,16097226257.0,SZ399001
2026-03-06 11:05:00,14147.204,14183.672,14147.134,14180.024,9443160,16469655645.0,SZ399001
2026-03-06 11:10:00,14178.92,14188.313,14173.441,14182.425,8018875,15025704889.0,SZ399001
2026-03-06 11:15:00,14181.673,14192.52,14181.563,14188.976,8450308,16017133889.0,SZ399001
2026-03-06 11:20:00,14188.161,14189.073,14179.382,14184.891,8006573,14655209068.0,SZ399001
2026-03-06 11:25:00,14185.381,14202.837,14185.381,14200.461,7272165,13172380127.0,SZ399001
2026-03-06 11:30:00,14200.311,14202.803,14195.156,14201.729,6885218,13487011561.0,SZ399001
2026-03-06 13:05:00,14204.411,14209.206,14186.133,14188.498,14755255,27095846042.0,SZ399001
2026-03-06 13:10:00,14186.166,14210.003,14185.718,14206.747,9538398,18407536025.0,SZ399001
2026-03-06 13:15:00,14206.026,14212.844,14183.328,14184.005,9349842,18629798521.0,SZ399001
2026-03-06 13:20:00,14184.326,14195.813,14173.607,14173.618,8737599,16590222985.0,SZ399001
2026-03-06 13:25:00,14173.393,14177.712,14160.632,14164.739,9577797,17131049599.0,SZ399001
2026-03-06 13:30:00,14166.219,14166.98,14153.723,14156.903,10390237,16835677787.0,SZ399001
2026-03-06 13:35:00,14157.455,14193.328,14157.455,14192.846,9661803,15687112814.0,SZ399001
2026-03-06 13:40:00,14193.129,14207.434,14193.129,14206.086,10159550,17397326276.0,SZ399001
2026-03-06 13:45:00,14207.338,14209.617,14189.508,14193.938,9945693,15885600205.0,SZ399001
2026-03-06 13:50:00,14191.902,14191.902,14177.963,14178.372,9471844,15782711808.0,SZ399001
2026-03-06 13:55:00,14178.768,14184.339,14173.336,14179.285,8180880,14119756777.0,SZ399001
2026-03-06 14:00:00,14178.708,14183.323,14176.414,14182.328,8233169,13958533042.0,SZ399001
2026-03-06 14:05:00,14181.181,14182.059,14168.536,14178.844,10257075,15578930662.0,SZ399001
2026-03-06 14:10:00,14179.743,14180.83,14171.526,14177.177,8209858,13252144343.0,SZ399001
2026-03-06 14:15:00,14177.409,14177.409,14160.967,14160.967,8181829,13414693981.0,SZ399001
2026-03-06 14:20:00,14160.648,14163.034,14158.004,14160.926,7683404,12746903920.0,SZ399001
2026-03-06 14:25:00,14161.027,14162.726,14149.285,14162.726,8699853,14845127224.0,SZ399001
2026-03-06 14:30:00,14163.072,14166.284,14157.522,14158.309,9267389,14868283496.0,SZ399001
2026-03-06 14:35:00,14157.341,14160.419,14150.775,14155.728,10829140,18975856621.0,SZ399001
2026-03-06 14:40:00,14155.892,14164.19,14153.852,14157.819,10737473,18217974436.0,SZ399001
2026-03-06 14:45:00,14156.808,14158.769,14154.552,14157.797,12597979,20242431060.0,SZ399001
2026-03-06 14:50:00,14157.263,14169.765,14156.714,14169.28,15431040,26250161208.0,SZ399001
2026-03-06 14:55:00,14169.434,14173.173,14167.687,14172.49,21336041,36170075608.0,SZ399001
2026-03-06 15:00:00,14172.126,14177.123,14171.28,14172.627,20816106,33900765349.0,SZ399001
2026-03-09 09:35:00,13920.286,13920.286,13813.466,13813.466,129817291,217552778755.0,SZ399001
2026-03-09 09:40:00,13809.386,13816.683,13752.813,13753.029,63693799,109274415801.0,SZ399001
2026-03-09 09:45:00,13751.251,13824.323,13741.677,13795.568,46978071,79865797798.0,SZ399001
2026-03-09 09:50:00,13796.823,13812.93,13773.749,13802.54,36487244,64350761375.0,SZ399001
2026-03-09 09:55:00,13800.076,13801.312,13723.657,13723.657,35771695,59415610373.0,SZ399001
2026-03-09 10:00:00,13721.033,13750.419,13712.326,13712.333,28016282,48181718880.0,SZ399001
2026-03-09 10:05:00,13713.657,13775.246,13701.67,13772.682,25966459,43120986077.0,SZ399001
2026-03-09 10:10:00,13772.09,13821.346,13763.712,13806.868,23409902,38961785718.0,SZ399001
2026-03-09 10:15:00,13806.526,13807.193,13770.107,13786.181,20064448,33447373378.0,SZ399001
2026-03-09 10:20:00,13787.591,13819.949,13783.912,13789.042,18676849,29299365350.0,SZ399001
2026-03-09 10:25:00,13788.416,13816.13,13787.732,13798.749,13484720,23619999213.0,SZ399001
2026-03-09 10:30:00,13798.754,13799.148,13768.509,13768.595,12162603,21957712351.0,SZ399001
2026-03-09 10:35:00,13768.418,13821.036,13766.29,13814.094,12300083,22230661985.0,SZ399001
2026-03-09 10:40:00,13816.792,13821.798,13794.086,13808.727,12909635,21987878776.0,SZ399001
2026-03-09 10:45:00,13807.185,13846.905,13806.131,13842.267,11191286,19185244594.0,SZ399001
2026-03-09 10:50:00,13841.456,13842.239,13827.441,13839.276,9387134,17086559729.0,SZ399001
2026-03-09 10:55:00,13839.617,13856.194,13836.665,13851.969,9520035,16828768332.0,SZ399001
2026-03-09 11:00:00,13851.052,13872.241,13849.147,13865.077,9859193,16588980449.0,SZ399001
2026-03-09 11:05:00,13864.465,13885.155,13859.268,13877.137,10014593,18080745405.0,SZ399001
2026-03-09 11:10:00,13876.797,13876.797,13858.128,13872.898,10321865,17567803399.0,SZ399001
2026-03-09 11:15:00,13872.582,13875.004,13841.182,13845.111,9633613,17005203652.0,SZ399001
2026-03-09 11:20:00,13843.746,13875.554,13843.746,13875.554,7353687,13087117733.0,SZ399001
2026-03-09 11:25:00,13873.914,13891.635,13853.117,13854.61,8847227,15164566712.0,SZ399001
2026-03-09 11:30:00,13855.142,13885.989,13855.142,13868.857,7418194,13845724677.0,SZ399001
2026-03-09 13:05:00,13873.101,13920.032,13848.56,13920.032,14363053,25152806715.0,SZ399001
2026-03-09 13:10:00,13920.105,13943.489,13911.526,13939.418,10087911,19204151169.0,SZ399001
2026-03-09 13:15:00,13938.889,13938.889,13919.163,13930.438,8041727,15496819567.0,SZ399001
2026-03-09 13:20:00,13929.904,13936.492,13923.18,13923.41,7743611,14469250516.0,SZ399001
2026-03-09 13:25:00,13923.286,13962.986,13921.317,13960.08,9534154,17400460005.0,SZ399001
2026-03-09 13:30:00,13959.799,13982.778,13959.799,13981.65,9120061,17262827733.0,SZ399001
2026-03-09 13:35:00,13982.38,14026.368,13982.38,14025.542,12311825,23225316084.0,SZ399001
2026-03-09 13:40:00,14026.331,14029.862,13982.105,13982.174,10643952,20121737973.0,SZ399001
2026-03-09 13:45:00,13981.008,14016.003,13970.817,14015.91,9080338,17153555291.0,SZ399001
2026-03-09 13:50:00,14015.618,14017.12,13994.163,14016.755,8472297,15250917128.0,SZ399001
2026-03-09 13:55:00,14015.442,14046.502,14008.688,14040.886,9862524,17530607784.0,SZ399001
2026-03-09 14:00:00,14041.56,14042.802,14017.561,14042.793,9088197,16579746644.0,SZ399001
2026-03-09 14:05:00,14045.102,14074.723,14045.102,14073.636,11167701,20560531522.0,SZ399001
2026-03-09 14:10:00,14074.096,14086.049,14068.578,14071.143,10283604,19250793767.0,SZ399001
2026-03-09 14:15:00,14071.794,14103.63,14071.794,14096.552,12576662,23934224973.0,SZ399001
2026-03-09 14:20:00,14097.183,14098.516,14070.142,14080.806,10266719,18308104235.0,SZ399001
2026-03-09 14:25:00,14079.62,14079.62,14055.499,14078.18,9177605,16187674642.0,SZ399001
2026-03-09 14:30:00,14078.636,14079.275,14064.66,14075.631,8494038,15352446717.0,SZ399001
2026-03-09 14:35:00,14077.384,14102.24,14077.384,14094.365,10378183,18392057607.0,SZ399001
2026-03-09 14:40:00,14094.053,14100.562,14086.244,14090.085,10272059,18362706270.0,SZ399001
2026-03-09 14:45:00,14087.953,14087.953,14068.437,14070.593,12750031,21526795586.0,SZ399001
2026-03-09 14:50:00,14069.722,14070.834,14057.103,14060.426,13863188,23948934387.0,SZ399001
2026-03-09 14:55:00,14061.008,14062.263,14057.04,14059.789,17923054,30316815829.0,SZ399001
2026-03-09 15:00:00,14059.124,14067.503,14059.124,14067.503,18557254,30741798565.0,SZ399001
2026-03-10 09:35:00,14239.301,14292.212,14239.301,14289.359,101341592,187797022158.0,SZ399001
2026-03-10 09:40:00,14287.54,14299.215,14270.624,14278.283,54056508,101325080316.0,SZ399001
2026-03-10 09:45:00,14279.027,14302.308,14274.489,14280.603,38811715,74766770089.0,SZ399001
2026-03-10 09:50:00,14280.61,14299.49,14278.214,14297.245,33562660,63891074841.0,SZ399001
2026-03-10 09:55:00,14297.06,14306.37,14285.297,14292.576,28885353,51904243042.0,SZ399001
2026-03-10 10:00:00,14291.782,14298.237,14272.378,14277.927,23369113,41913399106.0,SZ399001
2026-03-10 10:05:00,14279.097,14291.814,14270.193,14283.184,25151767,43562508366.0,SZ399001
2026-03-10 10:10:00,14283.225,14287.845,14270.588,14273.935,19546265,36798761358.0,SZ399001
2026-03-10 10:15:00,14274.951,14305.911,14274.349,14305.911,16191817,31093739946.0,SZ399001
2026-03-10 10:20:00,14307.034,14319.031,14305.453,14306.608,15339924,29414002275.0,SZ399001
2026-03-10 10:25:00,14308.492,14310.461,14299.258,14308.571,11818720,22015263108.0,SZ399001
2026-03-10 10:30:00,14307.54,14308.185,14276.707,14280.065,12736350,22832508737.0,SZ399001
2026-03-10 10:35:00,14279.805,14293.537,14279.805,14283.619,11907366,22001055751.0,SZ399001
2026-03-10 10:40:00,14285.326,14301.476,14284.662,14301.476,9675296,18400286983.0,SZ399001
2026-03-10 10:45:00,14303.043,14309.062,14292.754,14293.459,10425610,18666596138.0,SZ399001
2026-03-10 10:50:00,14293.642,14294.83,14271.394,14282.17,11169411,19069887477.0,SZ399001
2026-03-10 10:55:00,14282.96,14284.172,14271.147,14276.939,9748683,16944461091.0,SZ399001
2026-03-10 11:00:00,14277.378,14277.378,14257.617,14274.106,10225618,19408325621.0,SZ399001
2026-03-10 11:05:00,14274.311,14291.96,14271.522,14284.397,9666933,16226149828.0,SZ399001
2026-03-10 11:10:00,14283.933,14283.933,14265.901,14270.312,8716448,15116887064.0,SZ399001
2026-03-10 11:15:00,14270.104,14273.873,14249.414,14249.414,9833785,17266336975.0,SZ399001
2026-03-10 11:20:00,14245.698,14282.416,14239.338,14282.416,9175625,16162930718.0,SZ399001
2026-03-10 11:25:00,14281.933,14288.239,14277.954,14282.1,6883757,12553306082.0,SZ399001
2026-03-10 11:30:00,14282.432,14289.104,14279.406,14288.317,6702525,12341104357.0,SZ399001
2026-03-10 13:05:00,14288.876,14296.607,14276.897,14295.029,14318002,27502178600.0,SZ399001
2026-03-10 13:10:00,14295.178,14301.489,14292.038,14297.755,8432877,16167773602.0,SZ399001
2026-03-10 13:15:00,14298.611,14311.646,14298.08,14310.374,9212098,19005506923.0,SZ399001
2026-03-10 13:20:00,14310.869,14317.316,14301.617,14304.222,8382153,16329076176.0,SZ399001
2026-03-10 13:25:00,14304.496,14313.386,14304.496,14313.386,7660504,15268992093.0,SZ399001
2026-03-10 13:30:00,14313.652,14319.331,14312.588,14316.476,7355732,15396069264.0,SZ399001
2026-03-10 13:35:00,14316.658,14317.979,14308.977,14317.565,7254663,13917214661.0,SZ399001
2026-03-10 13:40:00,14317.727,14324.449,14316.252,14322.149,7296470,14162806011.0,SZ399001
2026-03-10 13:45:00,14322.022,14322.784,14315.156,14317.51,7861235,14822136421.0,SZ399001
2026-03-10 13:50:00,14316.676,14317.244,14310.054,14312.944,7738291,14135048072.0,SZ399001
2026-03-10 13:55:00,14312.655,14323.111,14312.111,14321.05,8259139,14525281754.0,SZ399001
2026-03-10 14:00:00,14320.943,14330.432,14319.957,14329.617,7947466,14650163562.0,SZ399001
2026-03-10 14:05:00,14329.721,14348.743,14329.704,14344.272,9505563,18003580532.0,SZ399001
2026-03-10 14:10:00,14344.446,14345.607,14336.168,14337.306,7952982,15185342924.0,SZ399001
2026-03-10 14:15:00,14336.148,14336.148,14319.592,14320.988,8485649,16501399173.0,SZ399001
2026-03-10 14:20:00,14319.787,14319.787,14311.423,14318.079,7600422,14206062349.0,SZ399001
2026-03-10 14:25:00,14317.829,14321.458,14314.679,14318.404,7747513,14698312226.0,SZ399001
2026-03-10 14:30:00,14318.52,14323.679,14318.04,14323.679,8603116,15663322924.0,SZ399001
2026-03-10 14:35:00,14323.221,14338.419,14323.221,14338.193,9999313,18526486912.0,SZ399001
2026-03-10 14:40:00,14338.049,14344.927,14337.274,14344.44,10656222,20453956982.0,SZ399001
2026-03-10 14:45:00,14345.521,14353.4,14345.416,14353.4,12387763,22743196683.0,SZ399001
2026-03-10 14:50:00,14353.079,14357.67,14352.246,14352.96,15468233,27599782241.0,SZ399001
2026-03-10 14:55:00,14351.983,14354.71,14350.045,14354.639,20353256,35175052971.0,SZ399001
2026-03-10 15:00:00,14353.755,14357.818,14353.016,14354.074,20801399,35349961521.0,SZ399001
2026-03-11 09:35:00,14373.74,14412.427,14373.01,14401.179,85986754,167089083674.0,SZ399001
2026-03-11 09:40:00,14399.528,14423.615,14390.495,14423.615,50159802,102495706368.0,SZ399001
2026-03-11 09:45:00,14420.687,14429.436,14417.424,14418.684,37578810,76110917460.0,SZ399001
2026-03-11 09:50:00,14417.338,14432.613,14415.961,14420.708,36249077,64853719909.0,SZ399001
2026-03-11 09:55:00,14420.199,14420.199,14399.557,14399.876,28101315,53632550929.0,SZ399001
2026-03-11 10:00:00,14399.686,14402.724,14392.118,14399.341,25993871,47683610795.0,SZ399001
2026-03-11 10:05:00,14400.127,14421.119,14399.757,14409.234,24108002,45586462324.0,SZ399001
2026-03-11 10:10:00,14411.188,14438.492,14411.188,14430.31,21038693,41437150367.0,SZ399001
2026-03-11 10:15:00,14430.58,14467.757,14428.983,14465.713,18764526,38786022655.0,SZ399001
2026-03-11 10:20:00,14464.313,14475.699,14461.69,14465.375,16768931,31944634293.0,SZ399001
2026-03-11 10:25:00,14465.439,14477.436,14464.67,14475.267,15176877,28028626957.0,SZ399001
2026-03-11 10:30:00,14475.471,14496.398,14475.471,14486.169,13478215,27125065121.0,SZ399001
2026-03-11 10:35:00,14486.726,14497.333,14481.033,14494.521,15983265,27496604279.0,SZ399001
2026-03-11 10:40:00,14495.619,14497.69,14473.192,14485.843,13877350,24677943608.0,SZ399001
2026-03-11 10:45:00,14483.507,14496.4,14479.835,14494.379,11516462,21076604069.0,SZ399001
2026-03-11 10:50:00,14494.493,14512.757,14489.906,14506.83,10585383,20261372204.0,SZ399001
2026-03-11 10:55:00,14507.854,14528.847,14502.824,14528.785,10472276,22063584528.0,SZ399001
2026-03-11 11:00:00,14528.797,14531.023,14508.261,14508.679,9276467,19789677866.0,SZ399001
2026-03-11 11:05:00,14507.719,14513.115,14491.935,14493.776,11224849,21682940131.0,SZ399001
2026-03-11 11:10:00,14493.538,14500.804,14484.683,14487.053,11014048,20610265642.0,SZ399001
2026-03-11 11:15:00,14486.981,14499.85,14486.981,14489.182,9230712,17549519051.0,SZ399001
2026-03-11 11:20:00,14488.119,14500.156,14460.631,14460.631,10252674,20420615996.0,SZ399001
2026-03-11 11:25:00,14460.732,14472.82,14448.247,14467.288,10198623,19379074903.0,SZ399001
2026-03-11 11:30:00,14466.364,14477.718,14462.97,14476.034,7682874,14341998478.0,SZ399001
2026-03-11 13:05:00,14478.646,14481.977,14466.142,14470.676,16012942,29446794095.0,SZ399001
2026-03-11 13:10:00,14469.887,14471.916,14453.991,14453.991,12156399,21199939135.0,SZ399001
2026-03-11 13:15:00,14453.273,14453.273,14442.508,14447.454,11054994,20157100720.0,SZ399001
2026-03-11 13:20:00,14446.719,14464.902,14438.575,14463.608,10271502,19000151960.0,SZ399001
2026-03-11 13:25:00,14463.824,14468.366,14456.26,14457.336,10848109,19568222277.0,SZ399001
2026-03-11 13:30:00,14456.409,14459.364,14429.764,14429.764,11981578,21236318663.0,SZ399001
2026-03-11 13:35:00,14429.52,14440.935,14420.776,14440.935,12056294,20214218681.0,SZ399001
2026-03-11 13:40:00,14440.104,14443.37,14429.916,14429.916,9091476,16504968745.0,SZ399001
2026-03-11 13:45:00,14429.834,14450.351,14427.693,14446.05,8351285,15200824250.0,SZ399001
2026-03-11 13:50:00,14446.446,14450.724,14439.841,14445.237,7548489,14101600086.0,SZ399001
2026-03-11 13:55:00,14444.668,14447.234,14429.688,14432.507,8929171,16530084531.0,SZ399001
2026-03-11 14:00:00,14432.15,14449.123,14431.863,14449.087,8493516,14739101842.0,SZ399001
2026-03-11 14:05:00,14449.392,14470.54,14449.392,14468.193,8868418,15826401155.0,SZ399001
2026-03-11 14:10:00,14469.521,14475.563,14464.074,14473.182,9124404,14683948060.0,SZ399001
2026-03-11 14:15:00,14472.067,14474.937,14466.641,14472.431,8229367,14560348648.0,SZ399001
2026-03-11 14:20:00,14473.546,14483.054,14464.235,14467.231,8855900,15282436159.0,SZ399001
2026-03-11 14:25:00,14467.964,14470.858,14460.827,14466.828,7464946,14190872055.0,SZ399001
2026-03-11 14:30:00,14465.637,14475.36,14465.637,14472.084,8258158,14869586198.0,SZ399001
2026-03-11 14:35:00,14472.798,14481.279,14469.442,14475.469,10488014,18121641911.0,SZ399001
2026-03-11 14:40:00,14474.561,14475.861,14466.226,14469.69,11105575,18397478784.0,SZ399001
2026-03-11 14:45:00,14469.764,14471.371,14463.46,14463.46,12411072,22031362161.0,SZ399001
2026-03-11 14:50:00,14462.632,14463.286,14459.095,14461.116,14887449,26800631443.0,SZ399001
2026-03-11 14:55:00,14461.098,14464.412,14460.789,14464.412,19813589,33971858187.0,SZ399001
2026-03-11 15:00:00,14463.416,14467.534,14462.449,14465.41,19951274,34017169046.0,SZ399001
2026-03-12 09:35:00,14457.631,14457.631,14428.569,14441.611,83549560,144827203229.0,SZ399001
2026-03-12 09:40:00,14444.65,14462.432,14416.054,14425.724,43644423,76522915333.0,SZ399001
2026-03-12 09:45:00,14424.459,14460.326,14420.042,14453.901,36043018,61895825245.0,SZ399001
2026-03-12 09:50:00,14451.845,14478.046,14451.845,14465.82,33229588,57764253507.0,SZ399001
2026-03-12 09:55:00,14462.982,14465.642,14421.627,14423.339,30485162,54422599057.0,SZ399001
2026-03-12 10:00:00,14423.289,14427.344,14400.882,14408.38,28032320,48983099645.0,SZ399001
2026-03-12 10:05:00,14409.395,14419.578,14400.51,14414.798,26909316,47549013770.0,SZ399001
2026-03-12 10:10:00,14413.995,14427.801,14411.575,14411.575,18493797,36188132490.0,SZ399001
2026-03-12 10:15:00,14410.453,14431.167,14408.2,14423.949,17904495,34924585562.0,SZ399001
2026-03-12 10:20:00,14423.395,14429.993,14412.029,14416.255,18046739,31542619499.0,SZ399001
2026-03-12 10:25:00,14415.993,14415.993,14384.881,14394.454,16369889,29967339476.0,SZ399001
2026-03-12 10:30:00,14397.235,14398.262,14386.92,14386.92,12712740,23104683357.0,SZ399001
2026-03-12 10:35:00,14387.015,14399.001,14386.707,14388.293,12879837,23021156964.0,SZ399001
2026-03-12 10:40:00,14388.598,14388.967,14337.441,14337.441,16686456,29771289888.0,SZ399001
2026-03-12 10:45:00,14337.108,14343.119,14322.034,14342.874,16784560,30361619361.0,SZ399001
2026-03-12 10:50:00,14342.909,14347.366,14311.57,14324.944,13400682,23730147435.0,SZ399001
2026-03-12 10:55:00,14325.505,14333.725,14325.505,14325.651,10508904,18634922446.0,SZ399001
2026-03-12 11:00:00,14324.854,14324.854,14310.687,14316.997,12561390,21660728861.0,SZ399001
2026-03-12 11:05:00,14315.92,14319.528,14301.502,14306.327,11197638,19161011931.0,SZ399001
2026-03-12 11:10:00,14306.622,14319.103,14304.495,14308.978,8810584,15042074954.0,SZ399001
2026-03-12 11:15:00,14308.432,14315.689,14293.27,14293.27,10097280,16859366239.0,SZ399001
2026-03-12 11:20:00,14290.945,14296.705,14286.24,14292.796,10566025,17425548413.0,SZ399001
2026-03-12 11:25:00,14292.099,14298.495,14288.718,14288.718,7866865,13875808829.0,SZ399001
2026-03-12 11:30:00,14287.559,14287.559,14269.657,14270.353,10013983,16789614854.0,SZ399001
2026-03-12 13:05:00,14269.231,14293.929,14259.274,14292.797,15583126,27978536288.0,SZ399001
2026-03-12 13:10:00,14292.162,14292.162,14278.832,14279.347,9387727,17312702755.0,SZ399001
2026-03-12 13:15:00,14279.106,14279.106,14255.096,14256.232,11873269,21106246123.0,SZ399001
2026-03-12 13:20:00,14256.376,14268.1,14248.558,14260.527,10511429,19895210152.0,SZ399001
2026-03-12 13:25:00,14259.963,14259.963,14245.769,14254.678,10136593,19076915298.0,SZ399001
2026-03-12 13:30:00,14254.496,14264.807,14254.107,14257.231,9742417,18395107450.0,SZ399001
2026-03-12 13:35:00,14257.232,14282.804,14256.868,14266.657,11981928,21189067991.0,SZ399001
2026-03-12 13:40:00,14266.444,14306.191,14265.933,14300.932,11550462,19649464331.0,SZ399001
2026-03-12 13:45:00,14301.504,14325.858,14301.281,14324.798,10400585,18787414478.0,SZ399001
2026-03-12 13:50:00,14321.914,14328.519,14319.978,14323.314,9134044,15891347617.0,SZ399001
2026-03-12 13:55:00,14322.781,14336.433,14304.42,14336.433,9047920,15622919928.0,SZ399001
2026-03-12 14:00:00,14337.563,14348.782,14332.624,14343.029,8440442,15664022639.0,SZ399001
2026-03-12 14:05:00,14343.949,14358.305,14342.103,14352.398,8222520,15595090708.0,SZ399001
2026-03-12 14:10:00,14353.26,14375.004,14346.779,14371.103,8276003,15805280922.0,SZ399001
2026-03-12 14:15:00,14367.992,14368.022,14356.836,14363.83,8082140,14932542455.0,SZ399001
2026-03-12 14:20:00,14363.607,14363.607,14338.59,14351.533,8728824,15331119660.0,SZ399001
2026-03-12 14:25:00,14351.665,14360.535,14351.665,14360.307,7346142,13618204609.0,SZ399001
2026-03-12 14:30:00,14361.621,14362.232,14349.964,14357.712,7906554,14050099828.0,SZ399001
2026-03-12 14:35:00,14357.752,14380.933,14348.446,14380.933,10927876,19928263061.0,SZ399001
2026-03-12 14:40:00,14382.584,14390.558,14365.517,14368.188,10738317,19060900078.0,SZ399001
2026-03-12 14:45:00,14367.066,14370.154,14363.327,14369.773,11165982,19785017013.0,SZ399001
2026-03-12 14:50:00,14369.404,14370.101,14364.647,14367.21,13884989,24434472525.0,SZ399001
2026-03-12 14:55:00,14367.584,14375.348,14367.584,14373.114,19651946,33458343016.0,SZ399001
2026-03-12 15:00:00,14372.555,14378.541,14372.097,14374.871,19288656,33088787378.0,SZ399001
2026-03-13 09:35:00,14300.924,14391.378,14300.924,14389.426,86605529,146492410450.0,SZ399001
2026-03-13 09:40:00,14386.029,14390.828,14338.908,14348.93,53755377,90554961440.0,SZ399001
2026-03-13 09:45:00,14343.635,14343.635,14292.891,14312.437,45154896,78606864032.0,SZ399001
2026-03-13 09:50:00,14313.404,14347.028,14309.89,14347.028,32247387,55329086146.0,SZ399001
2026-03-13 09:55:00,14347.446,14398.48,14346.945,14398.48,26611058,49126645187.0,SZ399001
2026-03-13 10:00:00,14402.52,14422.817,14379.005,14390.299,23682579,44786587427.0,SZ399001
2026-03-13 10:05:00,14390.632,14432.46,14389.594,14432.46,21060975,37365598964.0,SZ399001
2026-03-13 10:10:00,14437.062,14454.306,14426.905,14427.292,22357921,35382109562.0,SZ399001
2026-03-13 10:15:00,14426.886,14428.03,14393.075,14394.654,18433092,30359230154.0,SZ399001
2026-03-13 10:20:00,14395.17,14417.722,14395.17,14400.232,15321198,25772338776.0,SZ399001
2026-03-13 10:25:00,14400.051,14405.125,14386.528,14387.648,14366668,25345988126.0,SZ399001
2026-03-13 10:30:00,14387.63,14417.081,14387.63,14410.992,11765909,22622681171.0,SZ399001
2026-03-13 10:35:00,14410.692,14421.56,14406.888,14421.002,12074206,23010716053.0,SZ399001
2026-03-13 10:40:00,14421.08,14423.637,14403.225,14415.264,11519222,22261633197.0,SZ399001
2026-03-13 10:45:00,14416.562,14419.272,14404.116,14413.723,10852308,19319709566.0,SZ399001
2026-03-13 10:50:00,14413.394,14414.588,14401.015,14409.47,13131811,20514320998.0,SZ399001
2026-03-13 10:55:00,14406.891,14406.891,14386.965,14402.61,11946570,20425816589.0,SZ399001
2026-03-13 11:00:00,14403.944,14407.034,14387.529,14397.521,9209787,14577563822.0,SZ399001
2026-03-13 11:05:00,14397.691,14403.7,14385.605,14399.502,8606944,14876684878.0,SZ399001
2026-03-13 11:10:00,14399.022,14399.022,14388.37,14397.106,8217442,13397837823.0,SZ399001
2026-03-13 11:15:00,14395.698,14401.933,14362.477,14362.477,9781181,16155056630.0,SZ399001
2026-03-13 11:20:00,14360.751,14361.163,14345.278,14345.278,8806619,15318871430.0,SZ399001
2026-03-13 11:25:00,14345.475,14355.514,14342.17,14347.091,7867063,13447690466.0,SZ399001
2026-03-13 11:30:00,14347.401,14358.223,14347.401,14350.012,6766372,11473290596.0,SZ399001
2026-03-13 13:05:00,14350.649,14387.908,14349.459,14385.881,13264022,22233258298.0,SZ399001
2026-03-13 13:10:00,14384.949,14399.36,14370.763,14391.563,8867086,15654823418.0,SZ399001
2026-03-13 13:15:00,14391.306,14394.727,14379.49,14387.642,8378782,14972676953.0,SZ399001
2026-03-13 13:20:00,14386.433,14398.078,14380.316,14387.864,7752658,14585567901.0,SZ399001
2026-03-13 13:25:00,14387.918,14391.954,14378.44,14385.027,8341451,15155601744.0,SZ399001
2026-03-13 13:30:00,14383.241,14383.241,14359.536,14359.536,10236818,17277026348.0,SZ399001
2026-03-13 13:35:00,14358.861,14390.794,14358.347,14388.33,8965970,15384188198.0,SZ399001
2026-03-13 13:40:00,14386.558,14401.275,14384.415,14401.275,7378008,13912825511.0,SZ399001
2026-03-13 13:45:00,14401.835,14409.59,14394.481,14400.649,7898641,16274564423.0,SZ399001
2026-03-13 13:50:00,14401.505,14413.028,14377.182,14377.182,9742929,18519062685.0,SZ399001
2026-03-13 13:55:00,14377.669,14378.869,14364.044,14364.044,9463983,16225770826.0,SZ399001
2026-03-13 14:00:00,14363.804,14363.804,14352.606,14354.703,9867305,16864332807.0,SZ399001
2026-03-13 14:05:00,14355.063,14358.324,14348.062,14348.062,11133771,18822578835.0,SZ399001
2026-03-13 14:10:00,14346.903,14352.885,14336.675,14349.199,13618894,22696962802.0,SZ399001
2026-03-13 14:15:00,14349.849,14361.615,14346.684,14348.484,9208591,15989522692.0,SZ399001
2026-03-13 14:20:00,14348.939,14349.01,14328.726,14328.828,10086024,17185573466.0,SZ399001
2026-03-13 14:25:00,14328.26,14329.171,14312.527,14314.223,11380684,19531546240.0,SZ399001
2026-03-13 14:30:00,14313.632,14318.667,14308.752,14309.518,11498899,19538397335.0,SZ399001
2026-03-13 14:35:00,14310.328,14315.873,14292.846,14292.846,12989415,21707612532.0,SZ399001
2026-03-13 14:40:00,14291.86,14291.86,14273.12,14273.12,17706661,28201971181.0,SZ399001
2026-03-13 14:45:00,14272.19,14280.61,14256.743,14256.743,17965416,30168484489.0,SZ399001
2026-03-13 14:50:00,14256.159,14260.481,14245.959,14253.008,18773072,31768820814.0,SZ399001
2026-03-13 14:55:00,14253.48,14283.103,14253.48,14278.346,20632660,34268154326.0,SZ399001
2026-03-13 15:00:00,14277.569,14280.816,14277.513,14280.78,18931837,32936012507.0,SZ399001
2026-03-16 09:35:00,14291.149,14305.24,14191.312,14210.987,99591341,155468078172.0,SZ399001
2026-03-16 09:40:00,14207.557,14207.557,14155.009,14155.009,61055651,97299363290.0,SZ399001
2026-03-16 09:45:00,14151.84,14155.722,14112.259,14117.702,47288495,75832466641.0,SZ399001
2026-03-16 09:50:00,14117.805,14201.706,14117.805,14184.262,35634810,58644407488.0,SZ399001
2026-03-16 09:55:00,14183.65,14185.721,14158.062,14160.556,32475194,48427204672.0,SZ399001
2026-03-16 10:00:00,14164.204,14189.195,14151.266,14189.195,23784967,39156573173.0,SZ399001
2026-03-16 10:05:00,14191.115,14194.949,14166.586,14180.847,24406661,39938170810.0,SZ399001
2026-03-16 10:10:00,14183.885,14214.962,14180.915,14193.459,19182929,34489270656.0,SZ399001
2026-03-16 10:15:00,14193.65,14207.59,14177.923,14207.59,18089206,29716686579.0,SZ399001
2026-03-16 10:20:00,14211.115,14242.317,14211.115,14216.35,15258565,27019604898.0,SZ399001
2026-03-16 10:25:00,14215.416,14217.03,14149.989,14149.989,18233563,28968209464.0,SZ399001
2026-03-16 10:30:00,14148.715,14153.272,14136.103,14146.127,14661183,24595331360.0,SZ399001
2026-03-16 10:35:00,14147.818,14157.028,14139.596,14153.091,12079391,19747848445.0,SZ399001
2026-03-16 10:40:00,14151.728,14156.138,14124.477,14140.408,11316528,18989945319.0,SZ399001
2026-03-16 10:45:00,14141.371,14147.51,14128.36,14128.432,9351482,15777826404.0,SZ399001
2026-03-16 10:50:00,14128.247,14128.247,14102.921,14103.922,11264390,18225924505.0,SZ399001
2026-03-16 10:55:00,14104.186,14122.226,14097.815,14122.199,10364856,15927695473.0,SZ399001
2026-03-16 11:00:00,14122.739,14142.58,14122.739,14128.957,7955379,13423982438.0,SZ399001
2026-03-16 11:05:00,14130.281,14136.672,14103.509,14103.81,7919408,13709979015.0,SZ399001
2026-03-16 11:10:00,14104.514,14114.941,14101.201,14107.03,6875705,11666690986.0,SZ399001
2026-03-16 11:15:00,14106.689,14128.921,14106.689,14114.977,7067071,11154602169.0,SZ399001
2026-03-16 11:20:00,14114.851,14142.343,14114.851,14141.155,6610547,11644899035.0,SZ399001
2026-03-16 11:25:00,14140.659,14159.776,14126.2,14159.776,7454666,12214984749.0,SZ399001
2026-03-16 11:30:00,14159.123,14181.444,14159.123,14181.288,7060157,12883104106.0,SZ399001
2026-03-16 13:05:00,14185.154,14259.738,14185.154,14252.623,16535968,30568388282.0,SZ399001
2026-03-16 13:10:00,14255.115,14255.652,14221.616,14223.482,9620116,18641666217.0,SZ399001
2026-03-16 13:15:00,14223.139,14262.331,14221.216,14256.733,9341738,21830527024.0,SZ399001
2026-03-16 13:20:00,14257.192,14278.407,14251.168,14270.842,8922917,20182699356.0,SZ399001
2026-03-16 13:25:00,14271.359,14275.514,14251.981,14272.877,9104476,20489602973.0,SZ399001
2026-03-16 13:30:00,14273.622,14277.922,14253.456,14256.689,9405750,20242774566.0,SZ399001
2026-03-16 13:35:00,14257.158,14287.971,14247.328,14251.005,10468015,19688253822.0,SZ399001
2026-03-16 13:40:00,14249.853,14280.108,14241.145,14279.126,8244589,16473281174.0,SZ399001
2026-03-16 13:45:00,14279.029,14301.007,14279.029,14296.449,8272091,18006387901.0,SZ399001
2026-03-16 13:50:00,14295.974,14297.76,14263.335,14263.433,7906617,14708056008.0,SZ399001
2026-03-16 13:55:00,14264.663,14289.954,14262.973,14289.338,7089533,14278918870.0,SZ399001
2026-03-16 14:00:00,14289.321,14293.841,14280.311,14286.645,6390715,13158217151.0,SZ399001
2026-03-16 14:05:00,14285.19,14288.827,14263.123,14263.123,7740583,13941731299.0,SZ399001
2026-03-16 14:10:00,14262.935,14285.82,14261.854,14285.601,7095752,12979391202.0,SZ399001
2026-03-16 14:15:00,14285.295,14292.828,14284.942,14287.113,6795352,12810281839.0,SZ399001
2026-03-16 14:20:00,14285.63,14315.49,14284.776,14315.49,9043919,15883629308.0,SZ399001
2026-03-16 14:25:00,14315.984,14320.095,14305.553,14310.188,8280075,15341732086.0,SZ399001
2026-03-16 14:30:00,14310.054,14310.054,14289.801,14289.801,7533849,14402725172.0,SZ399001
2026-03-16 14:35:00,14289.161,14292.377,14279.069,14288.101,9493697,16731347139.0,SZ399001
2026-03-16 14:40:00,14287.296,14287.315,14271.422,14274.574,9539843,17605751271.0,SZ399001
2026-03-16 14:45:00,14274.623,14283.054,14273.381,14282.308,11078897,19542498900.0,SZ399001
2026-03-16 14:50:00,14281.897,14289.461,14278.724,14288.812,13698547,23576641801.0,SZ399001
2026-03-16 14:55:00,14288.295,14296.759,14283.614,14296.759,17879231,30916118845.0,SZ399001
2026-03-16 15:00:00,14295.738,14307.577,14295.738,14307.577,18551771,31183572259.0,SZ399001
2026-03-17 09:35:00,14370.446,14381.872,14309.828,14322.49,87799931,151024997362.0,SZ399001
2026-03-17 09:40:00,14321.124,14327.64,14281.726,14288.272,48200837,79997551515.0,SZ399001
2026-03-17 09:45:00,14287.369,14287.369,14250.447,14265.492,42326582,66096769700.0,SZ399001
2026-03-17 09:50:00,14269.921,14304.768,14265.473,14298.014,32346316,50151199177.0,SZ399001
2026-03-17 09:55:00,14297.514,14367.212,14297.448,14351.716,31228216,47669424814.0,SZ399001
2026-03-17 10:00:00,14350.939,14365.808,14348.624,14364.469,22151806,36843712304.0,SZ399001
2026-03-17 10:05:00,14365.478,14383.214,14363.338,14378.056,22139724,36842217338.0,SZ399001
2026-03-17 10:10:00,14379.994,14400.355,14374.619,14374.619,20230153,35398079283.0,SZ399001
2026-03-17 10:15:00,14374.316,14374.316,14337.881,14355.722,17000863,29105209384.0,SZ399001
2026-03-17 10:20:00,14353.591,14353.591,14339.413,14351.497,14784935,24871870504.0,SZ399001
2026-03-17 10:25:00,14350.872,14352.756,14328.271,14329.555,12463411,22005634065.0,SZ399001
2026-03-17 10:30:00,14330.336,14334.105,14310.877,14323.937,12070052,20509104708.0,SZ399001
2026-03-17 10:35:00,14324.945,14350.978,14324.875,14350.978,11157296,19308901658.0,SZ399001
2026-03-17 10:40:00,14351.208,14352.314,14323.814,14333.561,10906108,17510932533.0,SZ399001
2026-03-17 10:45:00,14333.815,14334.923,14324.53,14333.635,9373802,14783383551.0,SZ399001
2026-03-17 10:50:00,14333.875,14336.323,14322.589,14327.898,8635117,14370012213.0,SZ399001
2026-03-17 10:55:00,14327.674,14327.887,14304.161,14308.136,10315993,16080095940.0,SZ399001
2026-03-17 11:00:00,14307.502,14321.112,14296.302,14296.302,8939736,14598833324.0,SZ399001
2026-03-17 11:05:00,14295.607,14295.607,14275.502,14276.705,10995060,17867793800.0,SZ399001
2026-03-17 11:10:00,14277.175,14277.175,14246.574,14255.222,11256758,18229341560.0,SZ399001
2026-03-17 11:15:00,14256.21,14273.933,14253.57,14263.226,8376523,12612996231.0,SZ399001
2026-03-17 11:20:00,14262.96,14275.046,14262.96,14273.198,6608984,10853343202.0,SZ399001
2026-03-17 11:25:00,14273.227,14273.227,14241.527,14241.527,8405077,13353661200.0,SZ399001
2026-03-17 11:30:00,14241.698,14253.296,14241.105,14250.51,6746245,11521610623.0,SZ399001
2026-03-17 13:05:00,14252.105,14270.859,14249.321,14268.362,12370271,21625282603.0,SZ399001
2026-03-17 13:10:00,14268.303,14268.354,14245.122,14248.032,8565792,14930116910.0,SZ399001
2026-03-17 13:15:00,14247.633,14247.633,14221.091,14230.596,10208941,17626036649.0,SZ399001
2026-03-17 13:20:00,14230.773,14249.187,14230.773,14231.788,9328864,15541154298.0,SZ399001
2026-03-17 13:25:00,14231.815,14235.109,14214.053,14214.053,8522490,15173156502.0,SZ399001
2026-03-17 13:30:00,14213.874,14215.624,14197.987,14208.537,8583018,15224639353.0,SZ399001
2026-03-17 13:35:00,14206.41,14206.41,14192.795,14192.795,7380487,13520246195.0,SZ399001
2026-03-17 13:40:00,14192.395,14195.328,14179.855,14179.855,7740379,14202090438.0,SZ399001
2026-03-17 13:45:00,14180.35,14185.797,14170.12,14179.692,9209465,15682188944.0,SZ399001
2026-03-17 13:50:00,14179.718,14180.244,14153.042,14164.014,12907495,20230584610.0,SZ399001
2026-03-17 13:55:00,14162.435,14170.778,14150.763,14170.778,8495608,15521923963.0,SZ399001
2026-03-17 14:00:00,14171.506,14171.506,14136.738,14136.738,8929997,15611853790.0,SZ399001
2026-03-17 14:05:00,14136.446,14143.61,14121.204,14121.204,12782312,20856193321.0,SZ399001
2026-03-17 14:10:00,14121.076,14128.014,14103.961,14127.789,12602035,20976220068.0,SZ399001
2026-03-17 14:15:00,14128.085,14128.085,14102.617,14113.285,9687011,17949749496.0,SZ399001
2026-03-17 14:20:00,14112.265,14127.964,14090.097,14090.097,10292322,18542884648.0,SZ399001
2026-03-17 14:25:00,14089.541,14094.941,14071.939,14081.237,10484269,19578363789.0,SZ399001
2026-03-17 14:30:00,14081.458,14083.582,14070.724,14075.947,12017469,19795428288.0,SZ399001
2026-03-17 14:35:00,14074.743,14090.104,14056.093,14073.726,17085542,26684602352.0,SZ399001
2026-03-17 14:40:00,14073.342,14073.342,14048.537,14048.537,11682742,20064725282.0,SZ399001
2026-03-17 14:45:00,14047.104,14070.831,14044.519,14044.892,14639351,25109659259.0,SZ399001
2026-03-17 14:50:00,14045.381,14057.423,14045.364,14047.941,16166363,26867642515.0,SZ399001
2026-03-17 14:55:00,14047.996,14051.569,14040.571,14041.113,19904731,32917659827.0,SZ399001
2026-03-17 15:00:00,14041.378,14045.733,14039.502,14039.73,19150559,30793781192.0,SZ399001
2026-03-18 09:35:00,14108.921,14120.015,14048.674,14049.098,78737202,127446143250.0,SZ399001
2026-03-18 09:40:00,14048.209,14059.028,14014.898,14041.595,42289677,67437849895.0,SZ399001
2026-03-18 09:45:00,14040.976,14088.742,14031.134,14081.551,32213187,54751879627.0,SZ399001
2026-03-18 09:50:00,14081.593,14081.593,14041.071,14041.071,25968229,42473155000.0,SZ399001
2026-03-18 09:55:00,14039.689,14063.331,14039.092,14041.341,21176206,35427479984.0,SZ399001
2026-03-18 10:00:00,14041.784,14041.784,14006.173,14025.181,19643367,33049384870.0,SZ399001
2026-03-18 10:05:00,14025.851,14041.714,14017.722,14017.722,21008421,34290384213.0,SZ399001
2026-03-18 10:10:00,14015.951,14032.477,13998.806,14032.477,16948142,28263320113.0,SZ399001
2026-03-18 10:15:00,14032.0,14036.434,14023.007,14034.619,14848142,24568486691.0,SZ399001
2026-03-18 10:20:00,14035.909,14068.28,14035.342,14067.736,14036769,24988012247.0,SZ399001
2026-03-18 10:25:00,14067.475,14068.976,14046.403,14055.339,13447843,23274378330.0,SZ399001
2026-03-18 10:30:00,14056.624,14056.624,14018.211,14018.61,12609140,21120467178.0,SZ399001
2026-03-18 10:35:00,14018.403,14026.779,14012.161,14016.84,11445821,18617666707.0,SZ399001
2026-03-18 10:40:00,14016.374,14044.919,14016.36,14034.906,9496718,16408355137.0,SZ399001
2026-03-18 10:45:00,14035.213,14036.036,14011.553,14011.553,9545557,16060447103.0,SZ399001
2026-03-18 10:50:00,14011.592,14017.778,13995.779,13996.018,10160598,16528259672.0,SZ399001
2026-03-18 10:55:00,13996.208,13999.42,13955.079,13956.123,11507316,17729882551.0,SZ399001
2026-03-18 11:00:00,13953.543,13963.229,13944.371,13963.229,12315445,19658945437.0,SZ399001
2026-03-18 11:05:00,13964.948,13992.532,13964.948,13983.592,8794168,14510703651.0,SZ399001
2026-03-18 11:10:00,13983.729,14009.412,13978.248,14003.233,7189890,12939207343.0,SZ399001
2026-03-18 11:15:00,14002.978,14023.331,14002.978,14016.837,6323417,12541153232.0,SZ399001
2026-03-18 11:20:00,14017.776,14049.401,14017.776,14049.401,8854477,18025854834.0,SZ399001
2026-03-18 11:25:00,14050.028,14050.028,14031.358,14037.923,6972530,14528903107.0,SZ399001
2026-03-18 11:30:00,14037.176,14049.822,14032.426,14046.739,6175928,13152735860.0,SZ399001
2026-03-18 13:05:00,14048.213,14082.395,14048.213,14077.879,14576705,29477273949.0,SZ399001
2026-03-18 13:10:00,14077.219,14077.219,14018.463,14018.463,8936107,17175987231.0,SZ399001
2026-03-18 13:15:00,14018.259,14018.259,13994.045,13996.359,9047259,16861397161.0,SZ399001
2026-03-18 13:20:00,13996.111,14038.013,13995.206,14038.013,7865642,14906548992.0,SZ399001
2026-03-18 13:25:00,14038.816,14052.393,14035.445,14041.764,6931042,13604830825.0,SZ399001
2026-03-18 13:30:00,14041.669,14041.669,14006.332,14007.301,8332100,14142716804.0,SZ399001
2026-03-18 13:35:00,14007.53,14037.018,14006.699,14037.018,7327027,12427916574.0,SZ399001
2026-03-18 13:40:00,14037.303,14066.777,14037.303,14060.037,9179919,15847122095.0,SZ399001
2026-03-18 13:45:00,14059.17,14081.054,14057.875,14081.054,7814955,14753318535.0,SZ399001
2026-03-18 13:50:00,14081.279,14095.071,14081.279,14091.539,8106132,16320851781.0,SZ399001
2026-03-18 13:55:00,14091.368,14091.368,14068.432,14079.617,7180340,14241934920.0,SZ399001
2026-03-18 14:00:00,14078.339,14090.503,14068.539,14087.871,6749556,14820949938.0,SZ399001
2026-03-18 14:05:00,14087.437,14120.246,14087.437,14118.624,10236620,20494945350.0,SZ399001
2026-03-18 14:10:00,14118.784,14141.394,14118.784,14136.685,10468070,21905692693.0,SZ399001
2026-03-18 14:15:00,14137.055,14142.832,14124.28,14124.364,8522153,17403431836.0,SZ399001
2026-03-18 14:20:00,14123.783,14153.268,14123.346,14153.268,8102031,16670710555.0,SZ399001
2026-03-18 14:25:00,14153.897,14172.94,14150.08,14172.906,10691586,19089720542.0,SZ399001
2026-03-18 14:30:00,14172.333,14178.268,14166.825,14177.127,8525553,18216274531.0,SZ399001
2026-03-18 14:35:00,14175.905,14183.433,14159.316,14180.37,11162842,20965595589.0,SZ399001
2026-03-18 14:40:00,14181.152,14183.111,14171.972,14174.896,9823854,18544303337.0,SZ399001
2026-03-18 14:45:00,14175.227,14194.195,14175.227,14189.439,12125241,22781928956.0,SZ399001
2026-03-18 14:50:00,14188.412,14203.915,14186.996,14201.357,14712026,26421025056.0,SZ399001
2026-03-18 14:55:00,14200.049,14200.049,14192.884,14193.636,19017248,32997550918.0,SZ399001
2026-03-18 15:00:00,14193.01,14193.01,14187.796,14187.796,18913400,31871055044.0,SZ399001
2026-03-19 09:35:00,14003.698,14065.098,13992.071,14048.882,79472323,138391410851.0,SZ399001
2026-03-19 09:40:00,14047.593,14051.089,14017.89,14019.177,38359953,68553189405.0,SZ399001
2026-03-19 09:45:00,14017.518,14064.344,14004.343,14064.344,33806065,59288576416.0,SZ399001
2026-03-19 09:50:00,14060.811,14091.394,14051.839,14091.394,28093401,51196723228.0,SZ399001
2026-03-19 09:55:00,14092.637,14098.691,14041.417,14045.152,21255378,41153551549.0,SZ399001
2026-03-19 10:00:00,14043.638,14076.696,14033.872,14033.898,19581975,34582676846.0,SZ399001
2026-03-19 10:05:00,14033.814,14059.846,14031.624,14050.148,16104739,30247036625.0,SZ399001
2026-03-19 10:10:00,14046.645,14046.645,13996.239,14008.789,20553814,33893814544.0,SZ399001
2026-03-19 10:15:00,14008.754,14008.754,13964.359,13965.048,20399769,32451960511.0,SZ399001
2026-03-19 10:20:00,13965.472,13995.72,13956.114,13980.295,18163222,29736873790.0,SZ399001
2026-03-19 10:25:00,13979.811,13989.932,13967.095,13967.565,14007175,23034284251.0,SZ399001
2026-03-19 10:30:00,13965.719,14020.831,13961.286,14017.715,13664728,21893080153.0,SZ399001
2026-03-19 10:35:00,14017.842,14039.446,14017.467,14021.385,10927435,20015281794.0,SZ399001
2026-03-19 10:40:00,14022.379,14048.014,14022.091,14048.014,9980211,18439434868.0,SZ399001
2026-03-19 10:45:00,14051.238,14067.828,14049.29,14049.29,9772272,19796328324.0,SZ399001
2026-03-19 10:50:00,14048.05,14053.702,14036.462,14036.462,7723514,13751480130.0,SZ399001
2026-03-19 10:55:00,14036.103,14049.465,14020.796,14033.239,7783865,13497121155.0,SZ399001
2026-03-19 11:00:00,14033.307,14040.482,14028.714,14030.404,6510612,12041045108.0,SZ399001
2026-03-19 11:05:00,14031.839,14063.133,14031.457,14046.479,7343942,13160034855.0,SZ399001
2026-03-19 11:10:00,14047.859,14056.344,14044.486,14048.451,6423686,11431455201.0,SZ399001
2026-03-19 11:15:00,14049.126,14058.201,14026.691,14026.691,6957750,12951961962.0,SZ399001
2026-03-19 11:20:00,14026.027,14052.777,14021.565,14049.242,7237192,12185525806.0,SZ399001
2026-03-19 11:25:00,14049.137,14049.137,14012.77,14012.77,6466118,11576267984.0,SZ399001
2026-03-19 11:30:00,14012.718,14032.709,13996.238,14030.343,7268372,12353046757.0,SZ399001
2026-03-19 13:05:00,14029.977,14029.977,13984.379,13988.756,12468557,23232144216.0,SZ399001
2026-03-19 13:10:00,13988.056,14001.078,13973.104,13973.104,8619856,15553315159.0,SZ399001
2026-03-19 13:15:00,13973.801,13974.365,13953.838,13955.936,11034014,18124330283.0,SZ399001
2026-03-19 13:20:00,13955.237,13964.85,13940.146,13964.846,9486797,16902463697.0,SZ399001
2026-03-19 13:25:00,13967.289,13969.93,13956.731,13967.171,6844103,12614466826.0,SZ399001
2026-03-19 13:30:00,13966.961,13970.848,13928.309,13929.143,8912393,15891741851.0,SZ399001
2026-03-19 13:35:00,13928.89,13949.692,13926.43,13943.582,8082698,14107962176.0,SZ399001
2026-03-19 13:40:00,13943.257,13943.257,13910.071,13910.872,8679337,14556769874.0,SZ399001
2026-03-19 13:45:00,13910.418,13922.945,13904.353,13907.993,9972548,16285987370.0,SZ399001
2026-03-19 13:50:00,13908.077,13909.735,13900.746,13901.647,9135883,14830614602.0,SZ399001
2026-03-19 13:55:00,13901.098,13979.05,13896.537,13979.05,14534891,22803917044.0,SZ399001
2026-03-19 14:00:00,13979.229,13985.068,13955.678,13960.367,7924356,14009423932.0,SZ399001
2026-03-19 14:05:00,13954.426,13997.262,13932.674,13997.013,9853801,15742838290.0,SZ399001
2026-03-19 14:10:00,13996.793,13996.793,13969.122,13980.147,7019290,12524912770.0,SZ399001
2026-03-19 14:15:00,13981.349,13985.539,13949.718,13949.718,7447807,12272376817.0,SZ399001
2026-03-19 14:20:00,13949.262,13963.486,13934.117,13934.117,6757054,11796589056.0,SZ399001
2026-03-19 14:25:00,13932.732,13932.732,13913.514,13917.216,8963494,14904877863.0,SZ399001
2026-03-19 14:30:00,13917.239,13917.239,13896.425,13900.167,9705956,16130552653.0,SZ399001
2026-03-19 14:35:00,13900.534,13911.03,13884.338,13890.373,12405507,20285177358.0,SZ399001
2026-03-19 14:40:00,13890.703,13894.389,13874.8,13893.946,12974272,21128650790.0,SZ399001
2026-03-19 14:45:00,13893.748,13895.048,13855.012,13855.244,14528197,24510451535.0,SZ399001
2026-03-19 14:50:00,13854.658,13863.997,13852.596,13854.998,18399053,30092738000.0,SZ399001
2026-03-19 14:55:00,13855.022,13896.695,13855.022,13896.695,20776033,33710619568.0,SZ399001
2026-03-19 15:00:00,13896.136,13904.992,13896.136,13901.568,16957610,28068993726.0,SZ399001
2026-03-20 09:35:00,14021.456,14048.295,14012.356,14018.375,75788000,140493391394.0,SZ399001
2026-03-20 09:40:00,14016.42,14093.934,14010.237,14084.153,42466801,77106851833.0,SZ399001
2026-03-20 09:45:00,14085.646,14093.361,14069.036,14085.913,30067588,61481739935.0,SZ399001
2026-03-20 09:50:00,14086.985,14101.174,14075.223,14078.972,27956493,52294619336.0,SZ399001
2026-03-20 09:55:00,14076.03,14076.03,13991.222,13991.222,32691916,52570847589.0,SZ399001
2026-03-20 10:00:00,13991.218,14046.035,13986.561,14040.956,29908770,46420239244.0,SZ399001
2026-03-20 10:05:00,14040.403,14061.887,14030.07,14036.283,24238548,40811616536.0,SZ399001
2026-03-20 10:10:00,14035.084,14043.327,14019.534,14043.164,21308943,34657164452.0,SZ399001
2026-03-20 10:15:00,14046.146,14058.923,14008.508,14008.508,17974845,32172942110.0,SZ399001
2026-03-20 10:20:00,14007.92,14048.685,13981.892,14047.935,19625186,32023798812.0,SZ399001
2026-03-20 10:25:00,14046.915,14048.645,14020.451,14021.189,11864357,22758976004.0,SZ399001
2026-03-20 10:30:00,14021.737,14024.967,14003.38,14018.484,10517303,19292627789.0,SZ399001
2026-03-20 10:35:00,14018.49,14046.21,14001.578,14046.21,12177689,21206205009.0,SZ399001
2026-03-20 10:40:00,14045.769,14052.572,14012.743,14012.743,10805631,20843535421.0,SZ399001
2026-03-20 10:45:00,14011.837,14034.441,14002.3,14021.25,12371246,22442243174.0,SZ399001
2026-03-20 10:50:00,14020.685,14042.931,14014.616,14041.195,9770361,19279039290.0,SZ399001
2026-03-20 10:55:00,14043.003,14049.09,14023.417,14024.666,9055739,17134322982.0,SZ399001
2026-03-20 11:00:00,14024.288,14024.584,13978.987,13979.02,9768375,19645112630.0,SZ399001
2026-03-20 11:05:00,13977.067,13981.679,13954.291,13967.574,11062518,21075912622.0,SZ399001
2026-03-20 11:10:00,13968.194,14018.93,13966.275,14015.932,10608586,17250941047.0,SZ399001
2026-03-20 11:15:00,14018.572,14054.013,14015.042,14054.013,9803930,16685027098.0,SZ399001
2026-03-20 11:20:00,14055.071,14107.898,14055.071,14103.733,14145194,24781739379.0,SZ399001
2026-03-20 11:25:00,14103.278,14114.24,14089.498,14112.525,9191791,17947635052.0,SZ399001
2026-03-20 11:30:00,14112.443,14119.884,14093.09,14119.884,7821615,16585983420.0,SZ399001
2026-03-20 13:05:00,14125.79,14144.99,14117.252,14130.559,18598037,38290098495.0,SZ399001
2026-03-20 13:10:00,14131.349,14142.581,14122.891,14129.7,9628978,20861993949.0,SZ399001
2026-03-20 13:15:00,14128.542,14128.542,14081.733,14081.733,10674431,21865678841.0,SZ399001
2026-03-20 13:20:00,14081.92,14081.92,14051.827,14054.804,10395922,20612005993.0,SZ399001
2026-03-20 13:25:00,14054.946,14059.071,14038.375,14048.39,8229477,15652402277.0,SZ399001
2026-03-20 13:30:00,14047.874,14052.297,14040.344,14048.714,6277312,12792490352.0,SZ399001
2026-03-20 13:35:00,14049.403,14052.605,14032.549,14039.109,7121560,13333093790.0,SZ399001
2026-03-20 13:40:00,14040.317,14049.479,14022.102,14024.388,6434565,12328352983.0,SZ399001
2026-03-20 13:45:00,14023.89,14029.624,14014.418,14017.882,6494279,12470026683.0,SZ399001
2026-03-20 13:50:00,14017.48,14019.608,14007.582,14017.169,7494864,13623557830.0,SZ399001
2026-03-20 13:55:00,14018.715,14024.544,13996.329,13997.31,8237794,14278114941.0,SZ399001
2026-03-20 14:00:00,13997.351,13997.395,13991.058,13994.565,6520426,11991498547.0,SZ399001
2026-03-20 14:05:00,13993.907,14010.082,13990.053,14000.696,8014014,14011023415.0,SZ399001
2026-03-20 14:10:00,14000.753,14021.083,13988.383,13988.383,9317328,15452982377.0,SZ399001
2026-03-20 14:15:00,13987.498,13987.498,13968.142,13970.241,8950983,15508755969.0,SZ399001
2026-03-20 14:20:00,13969.536,13975.439,13954.298,13971.404,9271934,16750304862.0,SZ399001
2026-03-20 14:25:00,13971.91,13972.168,13958.3,13962.238,7892541,13065711121.0,SZ399001
2026-03-20 14:30:00,13962.867,13962.867,13951.661,13953.081,9000710,15368209413.0,SZ399001
2026-03-20 14:35:00,13953.77,13964.873,13936.491,13937.319,12292597,20956046302.0,SZ399001
2026-03-20 14:40:00,13937.487,13937.487,13916.297,13918.861,13645166,23418237765.0,SZ399001
2026-03-20 14:45:00,13918.421,13918.421,13889.437,13889.437,16006589,26300135628.0,SZ399001
2026-03-20 14:50:00,13887.942,13895.973,13878.853,13879.295,17658489,30017366849.0,SZ399001
2026-03-20 14:55:00,13880.66,13886.752,13864.402,13864.402,22612257,37049862379.0,SZ399001
2026-03-20 15:00:00,13863.233,13866.202,13856.488,13866.202,22370373,39035126629.0,SZ399001
2026-03-23 09:35:00,13619.944,13648.048,13548.693,13574.682,111409388,177924900877.0,SZ399001
2026-03-23 09:40:00,13573.6,13602.623,13515.867,13602.623,64035914,95585403477.0,SZ399001
2026-03-23 09:45:00,13601.193,13622.377,13556.342,13606.199,38339276,64569773475.0,SZ399001
2026-03-23 09:50:00,13605.635,13663.096,13595.356,13619.97,33165499,55778259449.0,SZ399001
2026-03-23 09:55:00,13620.772,13639.338,13593.11,13606.196,25298318,42261839889.0,SZ399001
2026-03-23 10:00:00,13609.161,13677.471,13609.161,13671.813,22453541,37668959863.0,SZ399001
2026-03-23 10:05:00,13669.97,13707.316,13663.939,13706.19,21085471,38201995973.0,SZ399001
2026-03-23 10:10:00,13704.261,13758.974,13703.448,13750.428,22908498,36626068427.0,SZ399001
2026-03-23 10:15:00,13751.423,13751.423,13679.991,13679.991,17420763,28726129201.0,SZ399001
2026-03-23 10:20:00,13678.677,13704.607,13673.671,13704.607,13224944,22950267027.0,SZ399001
2026-03-23 10:25:00,13703.738,13711.49,13683.606,13690.338,11037814,18513740938.0,SZ399001
2026-03-23 10:30:00,13689.266,13694.773,13644.036,13645.061,12515692,19472612115.0,SZ399001
2026-03-23 10:35:00,13644.787,13647.879,13608.877,13608.877,13088907,20329320663.0,SZ399001
2026-03-23 10:40:00,13607.496,13633.13,13607.084,13609.51,11000461,17987468067.0,SZ399001
2026-03-23 10:45:00,13610.181,13629.93,13600.362,13623.88,9623804,15407907209.0,SZ399001
2026-03-23 10:50:00,13622.732,13624.344,13596.69,13596.69,9734103,14574992719.0,SZ399001
2026-03-23 10:55:00,13597.558,13603.352,13559.102,13559.612,11443877,17284346507.0,SZ399001
2026-03-23 11:00:00,13558.334,13612.99,13557.07,13612.643,9549736,15114596116.0,SZ399001
2026-03-23 11:05:00,13610.763,13642.696,13599.606,13632.535,8051512,13077180037.0,SZ399001
2026-03-23 11:10:00,13633.63,13635.583,13583.003,13584.756,6710033,11780512740.0,SZ399001
2026-03-23 11:15:00,13585.132,13585.132,13550.23,13558.399,7148809,12932881295.0,SZ399001
2026-03-23 11:20:00,13557.72,13566.099,13540.656,13540.721,6844940,12483195566.0,SZ399001
2026-03-23 11:25:00,13540.795,13555.91,13535.053,13536.501,6304394,11237380860.0,SZ399001
2026-03-23 11:30:00,13537.348,13545.675,13515.127,13515.127,8348723,13329369953.0,SZ399001
2026-03-23 13:05:00,13511.921,13610.715,13510.08,13591.255,16753281,27313376164.0,SZ399001
2026-03-23 13:10:00,13590.822,13590.822,13538.426,13538.426,14075688,21078939886.0,SZ399001
2026-03-23 13:15:00,13535.909,13564.617,13515.264,13551.489,16093588,23981177595.0,SZ399001
2026-03-23 13:20:00,13546.293,13546.293,13501.048,13505.47,12204434,18358985095.0,SZ399001
2026-03-23 13:25:00,13504.962,13504.962,13469.967,13480.405,14462138,22401015310.0,SZ399001
2026-03-23 13:30:00,13482.411,13490.364,13450.889,13451.534,13733475,20143128104.0,SZ399001
2026-03-23 13:35:00,13449.931,13497.681,13440.628,13497.628,17463569,24318775403.0,SZ399001
2026-03-23 13:40:00,13495.247,13530.236,13477.958,13489.324,13210044,19498036127.0,SZ399001
2026-03-23 13:45:00,13487.402,13487.402,13415.185,13415.185,11349407,17959818549.0,SZ399001
2026-03-23 13:50:00,13414.738,13433.306,13405.343,13406.649,12256294,18610179407.0,SZ399001
2026-03-23 13:55:00,13406.198,13432.799,13389.326,13404.676,14658868,21154820358.0,SZ399001
2026-03-23 14:00:00,13403.508,13465.833,13399.364,13437.155,10831201,16641857799.0,SZ399001
2026-03-23 14:05:00,13434.273,13434.273,13369.71,13369.71,11083044,17463953870.0,SZ399001
2026-03-23 14:10:00,13369.155,13369.155,13333.264,13361.823,14439983,21984220493.0,SZ399001
2026-03-23 14:15:00,13361.837,13361.837,13313.873,13315.778,11996547,19466049677.0,SZ399001
2026-03-23 14:20:00,13321.191,13364.369,13315.114,13349.143,14827140,22099174768.0,SZ399001
2026-03-23 14:25:00,13351.961,13389.143,13299.587,13389.143,16433460,24359091033.0,SZ399001
2026-03-23 14:30:00,13389.869,13437.165,13380.377,13394.853,12425653,20023364514.0,SZ399001
2026-03-23 14:35:00,13393.949,13393.949,13322.286,13322.286,12376827,18082104811.0,SZ399001
2026-03-23 14:40:00,13320.901,13335.978,13316.942,13324.386,13517132,20244123181.0,SZ399001
2026-03-23 14:45:00,13325.242,13352.971,13307.357,13307.357,15080937,23062209988.0,SZ399001
2026-03-23 14:50:00,13306.08,13306.658,13274.177,13279.031,21485004,32415634484.0,SZ399001
2026-03-23 14:55:00,13279.152,13303.283,13279.152,13302.102,21985287,32277961660.0,SZ399001
2026-03-23 15:00:00,13301.656,13345.514,13301.656,13345.514,18865734,28541920185.0,SZ399001
2026-03-24 09:35:00,13514.67,13522.712,13431.407,13442.45,87632463,132298721721.0,SZ399001
2026-03-24 09:40:00,13446.229,13446.229,13355.67,13355.67,42258391,64052704246.0,SZ399001
2026-03-24 09:45:00,13354.351,13369.756,13282.283,13314.049,35273644,56435252148.0,SZ399001
2026-03-24 09:50:00,13314.443,13338.059,13313.0,13314.021,29611089,44716450169.0,SZ399001
2026-03-24 09:55:00,13312.56,13368.057,13305.139,13310.069,25468085,41855796087.0,SZ399001
2026-03-24 10:00:00,13307.973,13317.166,13258.57,13258.57,21677386,34973098368.0,SZ399001
2026-03-24 10:05:00,13257.817,13288.091,13242.044,13256.084,23783197,36919439658.0,SZ399001
2026-03-24 10:10:00,13253.401,13300.372,13245.847,13262.869,17247514,29635113097.0,SZ399001
2026-03-24 10:15:00,13262.746,13272.536,13216.167,13216.242,15714975,28057928357.0,SZ399001
2026-03-24 10:20:00,13213.754,13213.754,13169.251,13188.387,15872290,28835265369.0,SZ399001
2026-03-24 10:25:00,13192.541,13281.6,13192.541,13276.629,16519778,25750749742.0,SZ399001
2026-03-24 10:30:00,13272.633,13327.931,13255.142,13327.931,12685295,19254752112.0,SZ399001
2026-03-24 10:35:00,13328.489,13377.337,13328.489,13358.116,14371047,23338777243.0,SZ399001
2026-03-24 10:40:00,13358.244,13388.216,13356.131,13372.796,12944027,19964539358.0,SZ399001
2026-03-24 10:45:00,13372.719,13425.323,13353.312,13424.606,12971572,20770229697.0,SZ399001
2026-03-24 10:50:00,13423.628,13428.793,13386.345,13386.345,12849577,20751337039.0,SZ399001
2026-03-24 10:55:00,13384.393,13396.106,13364.387,13392.963,8929010,14530981550.0,SZ399001
2026-03-24 11:00:00,13393.61,13396.791,13382.691,13388.674,7230861,11479981066.0,SZ399001
2026-03-24 11:05:00,13389.913,13394.158,13365.46,13376.437,7979374,13244067000.0,SZ399001
2026-03-24 11:10:00,13373.916,13398.149,13342.311,13343.706,9060392,14307198729.0,SZ399001
2026-03-24 11:15:00,13344.519,13365.406,13332.149,13362.606,7210146,11923417005.0,SZ399001
2026-03-24 11:20:00,13360.4,13393.379,13359.994,13372.715,7395643,11036876678.0,SZ399001
2026-03-24 11:25:00,13370.23,13396.523,13370.23,13384.632,5885961,9953357930.0,SZ399001
2026-03-24 11:30:00,13385.887,13391.323,13364.58,13380.046,6773267,10657841035.0,SZ399001
2026-03-24 13:05:00,13383.238,13384.878,13304.592,13307.993,16302789,24003167591.0,SZ399001
2026-03-24 13:10:00,13307.692,13307.692,13279.658,13282.461,8951731,14639585048.0,SZ399001
2026-03-24 13:15:00,13282.947,13296.669,13280.362,13282.932,8141928,13315658581.0,SZ399001
2026-03-24 13:20:00,13280.989,13287.652,13272.888,13287.652,6836436,11335950396.0,SZ399001
2026-03-24 13:25:00,13287.254,13296.88,13264.121,13264.121,8656281,12860118979.0,SZ399001
2026-03-24 13:30:00,13263.015,13263.015,13241.698,13242.716,8883375,13120253734.0,SZ399001
2026-03-24 13:35:00,13242.633,13299.554,13242.581,13296.835,7688176,12437681070.0,SZ399001
2026-03-24 13:40:00,13296.604,13335.837,13291.074,13328.743,8775083,13535516221.0,SZ399001
2026-03-24 13:45:00,13327.898,13333.692,13307.123,13307.123,8264780,11386861047.0,SZ399001
2026-03-24 13:50:00,13308.111,13330.834,13308.111,13314.929,7303804,10310009888.0,SZ399001
2026-03-24 13:55:00,13314.248,13322.836,13302.005,13306.916,6700496,9958361949.0,SZ399001
2026-03-24 14:00:00,13306.096,13323.328,13298.199,13318.759,6564974,10013530582.0,SZ399001
2026-03-24 14:05:00,13318.051,13345.318,13316.399,13332.899,9704209,13010569221.0,SZ399001
2026-03-24 14:10:00,13333.756,13371.368,13333.756,13368.737,11494074,15554996409.0,SZ399001
2026-03-24 14:15:00,13368.552,13397.982,13358.068,13397.982,10749072,16382056844.0,SZ399001
2026-03-24 14:20:00,13397.287,13453.355,13397.287,13446.991,14117120,22302111646.0,SZ399001
2026-03-24 14:25:00,13447.269,13496.407,13447.269,13478.926,15418010,26662375260.0,SZ399001
2026-03-24 14:30:00,13478.314,13489.351,13460.588,13489.351,11713715,20194363532.0,SZ399001
2026-03-24 14:35:00,13489.136,13513.309,13489.136,13503.004,14483958,23543022774.0,SZ399001
2026-03-24 14:40:00,13501.623,13516.559,13486.123,13486.123,12955481,22338609612.0,SZ399001
2026-03-24 14:45:00,13484.768,13508.151,13483.635,13505.639,13636753,21516554040.0,SZ399001
2026-03-24 14:50:00,13506.045,13521.828,13503.651,13515.989,16066639,25126126586.0,SZ399001
2026-03-24 14:55:00,13515.104,13530.33,13515.104,13525.327,20502539,31871117892.0,SZ399001
2026-03-24 15:00:00,13525.325,13536.556,13525.325,13536.556,20207954,31286951491.0,SZ399001
2026-03-25 09:35:00,13669.052,13718.422,13666.842,13718.422,91378006,159521679111.0,SZ399001
2026-03-25 09:40:00,13719.652,13760.883,13706.571,13749.509,45827797,79844654824.0,SZ399001
2026-03-25 09:45:00,13748.562,13792.36,13745.78,13757.99,35180400,60820213318.0,SZ399001
2026-03-25 09:50:00,13757.323,13779.485,13740.76,13769.689,29522657,50913196376.0,SZ399001
2026-03-25 09:55:00,13767.96,13798.282,13763.868,13794.258,25741573,42474271701.0,SZ399001
2026-03-25 10:00:00,13792.672,13822.027,13785.389,13798.028,23184766,38869438634.0,SZ399001
2026-03-25 10:05:00,13797.179,13803.615,13786.037,13791.608,22010252,38996486301.0,SZ399001
2026-03-25 10:10:00,13792.142,13796.758,13776.632,13793.143,20207054,34126028242.0,SZ399001
2026-03-25 10:15:00,13789.604,13822.85,13774.336,13817.824,17529853,31496569470.0,SZ399001
2026-03-25 10:20:00,13817.54,13834.165,13812.46,13830.119,14688558,26705861577.0,SZ399001
2026-03-25 10:25:00,13830.457,13835.032,13799.707,13807.425,15555842,26518069566.0,SZ399001
2026-03-25 10:30:00,13806.74,13807.3,13788.978,13792.881,12800870,23896489485.0,SZ399001
2026-03-25 10:35:00,13792.688,13813.598,13776.796,13778.801,14443996,22648126628.0,SZ399001
2026-03-25 10:40:00,13778.002,13778.002,13753.06,13756.01,15448751,24977216696.0,SZ399001
2026-03-25 10:45:00,13755.807,13800.655,13754.712,13796.887,14855960,22027290639.0,SZ399001
2026-03-25 10:50:00,13798.259,13812.437,13787.125,13789.982,11225152,16682266460.0,SZ399001
2026-03-25 10:55:00,13788.113,13788.113,13776.112,13781.285,8548061,14527106551.0,SZ399001
2026-03-25 11:00:00,13780.643,13794.712,13769.105,13773.015,8580942,14129580094.0,SZ399001
2026-03-25 11:05:00,13772.231,13778.891,13749.093,13749.093,9775674,16454969396.0,SZ399001
2026-03-25 11:10:00,13748.097,13764.045,13743.646,13743.646,8423988,14227023385.0,SZ399001
2026-03-25 11:15:00,13742.5,13753.732,13738.688,13746.264,7352650,12848334759.0,SZ399001
2026-03-25 11:20:00,13746.123,13753.381,13731.373,13737.726,7595142,12782818558.0,SZ399001
2026-03-25 11:25:00,13736.885,13736.984,13709.299,13718.189,9368000,15800933447.0,SZ399001
2026-03-25 11:30:00,13719.066,13724.425,13710.094,13721.485,7337085,11644747178.0,SZ399001
2026-03-25 13:05:00,13726.147,13763.501,13726.147,13763.501,13322774,22769469472.0,SZ399001
2026-03-25 13:10:00,13763.094,13783.053,13757.483,13766.549,8791406,15709124052.0,SZ399001
2026-03-25 13:15:00,13766.102,13790.196,13759.64,13789.48,8960117,15733790579.0,SZ399001
2026-03-25 13:20:00,13788.697,13800.342,13782.825,13800.342,8254938,14931219574.0,SZ399001
2026-03-25 13:25:00,13800.044,13821.701,13789.931,13809.705,7989434,16413894336.0,SZ399001
2026-03-25 13:30:00,13808.274,13822.421,13797.429,13822.421,7977969,14421982842.0,SZ399001
2026-03-25 13:35:00,13821.276,13821.276,13787.654,13789.353,8903181,15236967567.0,SZ399001
2026-03-25 13:40:00,13788.965,13795.24,13784.146,13794.441,7906094,11450757199.0,SZ399001
2026-03-25 13:45:00,13794.867,13824.758,13790.246,13814.49,9964942,15717758488.0,SZ399001
2026-03-25 13:50:00,13812.272,13812.387,13784.866,13786.386,9088389,14086156636.0,SZ399001
2026-03-25 13:55:00,13788.302,13790.892,13758.269,13759.989,10237262,14851597525.0,SZ399001
2026-03-25 14:00:00,13760.119,13789.49,13757.822,13786.329,7020800,12050679384.0,SZ399001
2026-03-25 14:05:00,13786.522,13798.309,13777.783,13780.877,7878615,12831749522.0,SZ399001
2026-03-25 14:10:00,13780.546,13780.606,13768.937,13768.937,8921984,13368092354.0,SZ399001
2026-03-25 14:15:00,13770.084,13778.027,13752.555,13752.555,11803369,17001770317.0,SZ399001
2026-03-25 14:20:00,13751.411,13773.53,13749.786,13773.53,10144330,15276501020.0,SZ399001
2026-03-25 14:25:00,13772.616,13780.655,13769.79,13772.543,9039494,13742733829.0,SZ399001
2026-03-25 14:30:00,13772.86,13775.598,13765.172,13765.912,8259518,12934284920.0,SZ399001
2026-03-25 14:35:00,13765.074,13783.751,13765.074,13783.751,10174178,15704447315.0,SZ399001
2026-03-25 14:40:00,13784.364,13785.782,13772.105,13783.239,9658982,15688124424.0,SZ399001
2026-03-25 14:45:00,13784.61,13789.651,13783.461,13789.007,10981002,17713261149.0,SZ399001
2026-03-25 14:50:00,13788.455,13798.395,13787.395,13798.314,13168608,20892516157.0,SZ399001
2026-03-25 14:55:00,13797.925,13802.974,13796.08,13800.584,18738139,29827603069.0,SZ399001
2026-03-25 15:00:00,13799.681,13805.208,13799.119,13801.001,19665149,30687561228.0,SZ399001
2026-03-26 09:35:00,13756.87,13776.293,13723.439,13762.538,82929779,126958345948.0,SZ399001
2026-03-26 09:40:00,13763.233,13798.616,13751.654,13797.109,40664318,63041497002.0,SZ399001
2026-03-26 09:45:00,13797.117,13820.478,13777.289,13788.928,33125098,53978306762.0,SZ399001
2026-03-26 09:50:00,13788.839,13801.515,13771.736,13777.967,29544007,47718608143.0,SZ399001
2026-03-26 09:55:00,13778.605,13793.997,13764.568,13793.373,21963252,38378867658.0,SZ399001
2026-03-26 10:00:00,13792.51,13836.401,13791.709,13836.401,18019104,33093546121.0,SZ399001
2026-03-26 10:05:00,13837.521,13844.723,13827.642,13837.602,19285196,35906586010.0,SZ399001
2026-03-26 10:10:00,13839.718,13849.229,13830.894,13832.179,19216222,32015386706.0,SZ399001
2026-03-26 10:15:00,13829.304,13853.096,13822.365,13844.159,15482412,25521389499.0,SZ399001
2026-03-26 10:20:00,13842.545,13843.256,13825.634,13832.001,16917366,26927618369.0,SZ399001
2026-03-26 10:25:00,13831.443,13845.326,13793.415,13793.415,13071542,22191886455.0,SZ399001
2026-03-26 10:30:00,13792.748,13799.269,13781.031,13785.751,11273041,19696887332.0,SZ399001
2026-03-26 10:35:00,13784.356,13810.141,13773.313,13775.134,12082995,19696962061.0,SZ399001
2026-03-26 10:40:00,13775.028,13779.951,13754.778,13759.862,11521497,18813893233.0,SZ399001
2026-03-26 10:45:00,13760.133,13790.032,13759.92,13778.768,9755117,15940164111.0,SZ399001
2026-03-26 10:50:00,13778.333,13789.524,13769.477,13782.308,9099072,15993543908.0,SZ399001
2026-03-26 10:55:00,13784.14,13789.238,13761.104,13774.632,10296532,15266749789.0,SZ399001
2026-03-26 11:00:00,13775.068,13775.468,13746.86,13757.713,9125172,14050177741.0,SZ399001
2026-03-26 11:05:00,13759.621,13776.668,13759.621,13770.887,6864342,11733815229.0,SZ399001
2026-03-26 11:10:00,13771.253,13778.173,13754.383,13756.093,8073294,12842266905.0,SZ399001
2026-03-26 11:15:00,13757.469,13782.22,13757.469,13781.032,6699322,10546681136.0,SZ399001
2026-03-26 11:20:00,13782.075,13783.502,13752.2,13752.333,7534074,13089665055.0,SZ399001
2026-03-26 11:25:00,13752.944,13767.818,13745.284,13767.818,6668092,11256231926.0,SZ399001
2026-03-26 11:30:00,13767.116,13767.143,13747.998,13748.302,5306471,9685880426.0,SZ399001
2026-03-26 13:05:00,13748.053,13752.296,13708.299,13715.038,12906505,21869478494.0,SZ399001
2026-03-26 13:10:00,13715.928,13715.928,13673.199,13674.934,11565713,18556517875.0,SZ399001
2026-03-26 13:15:00,13675.1,13686.673,13655.848,13657.881,10357239,17871119560.0,SZ399001
2026-03-26 13:20:00,13658.466,13672.973,13658.466,13660.521,9478697,16572902651.0,SZ399001
2026-03-26 13:25:00,13660.923,13660.923,13610.101,13628.546,12708486,22774931629.0,SZ399001
2026-03-26 13:30:00,13628.55,13638.543,13612.143,13636.113,8866967,15639744264.0,SZ399001
2026-03-26 13:35:00,13635.601,13644.857,13623.543,13633.556,8751805,14707171078.0,SZ399001
2026-03-26 13:40:00,13634.44,13656.556,13633.576,13643.56,7978116,12978049873.0,SZ399001
2026-03-26 13:45:00,13642.803,13670.404,13640.17,13660.167,7671022,12543450450.0,SZ399001
2026-03-26 13:50:00,13653.552,13653.552,13629.404,13641.198,8487133,13473489893.0,SZ399001
2026-03-26 13:55:00,13641.576,13644.386,13632.447,13637.921,6265572,10181221454.0,SZ399001
2026-03-26 14:00:00,13637.543,13643.07,13606.882,13607.699,7945315,13969586182.0,SZ399001
2026-03-26 14:05:00,13607.346,13643.976,13603.409,13643.976,8693514,14861071365.0,SZ399001
2026-03-26 14:10:00,13642.828,13644.466,13608.137,13608.332,10653496,18169903325.0,SZ399001
2026-03-26 14:15:00,13608.008,13624.191,13606.558,13607.082,8633399,14694375177.0,SZ399001
2026-03-26 14:20:00,13606.946,13613.386,13594.723,13594.723,7774009,13357027452.0,SZ399001
2026-03-26 14:25:00,13595.169,13596.982,13588.151,13593.632,7247781,12089287952.0,SZ399001
2026-03-26 14:30:00,13593.302,13595.461,13584.266,13594.425,7746223,12526622835.0,SZ399001
2026-03-26 14:35:00,13595.009,13608.099,13584.705,13603.33,10901087,16925513562.0,SZ399001
2026-03-26 14:40:00,13604.42,13619.033,13581.0,13582.172,10221520,16761206206.0,SZ399001
2026-03-26 14:45:00,13583.056,13589.481,13579.355,13579.355,10864951,17411307791.0,SZ399001
2026-03-26 14:50:00,13578.066,13591.454,13573.121,13591.307,14252342,22383470075.0,SZ399001
2026-03-26 14:55:00,13591.179,13611.458,13590.302,13610.573,16178193,25067254239.0,SZ399001
2026-03-26 15:00:00,13610.735,13613.432,13606.443,13606.443,16338505,25524972960.0,SZ399001
2026-03-27 09:35:00,13423.513,13532.263,13419.311,13513.25,80454562,121607803845.0,SZ399001
2026-03-27 09:40:00,13512.258,13540.418,13503.22,13511.503,36837991,58488040236.0,SZ399001
2026-03-27 09:45:00,13509.643,13549.398,13501.929,13518.928,29291632,47116378122.0,SZ399001
2026-03-27 09:50:00,13516.421,13536.164,13495.116,13506.469,27637176,40459297182.0,SZ399001
2026-03-27 09:55:00,13504.609,13543.442,13504.609,13542.411,21133889,31830572094.0,SZ399001
2026-03-27 10:00:00,13542.371,13585.909,13542.371,13585.909,18047507,28286851517.0,SZ399001
2026-03-27 10:05:00,13586.369,13601.21,13562.081,13581.484,19415518,29133755170.0,SZ399001
2026-03-27 10:10:00,13581.25,13608.99,13571.313,13607.927,16259685,23428859502.0,SZ399001
2026-03-27 10:15:00,13608.014,13624.935,13598.993,13621.662,14899921,22919299205.0,SZ399001
2026-03-27 10:20:00,13621.852,13622.488,13591.284,13603.089,14361988,23476975626.0,SZ399001
2026-03-27 10:25:00,13603.372,13603.372,13573.951,13591.763,12807177,20974833268.0,SZ399001
2026-03-27 10:30:00,13592.511,13655.35,13592.511,13655.35,9857250,19912736896.0,SZ399001
2026-03-27 10:35:00,13655.079,13674.649,13652.031,13671.716,11682741,19902225710.0,SZ399001
2026-03-27 10:40:00,13671.382,13683.103,13664.96,13677.417,11004972,20209841668.0,SZ399001
2026-03-27 10:45:00,13677.292,13690.796,13660.774,13681.724,10229140,19548423783.0,SZ399001
2026-03-27 10:50:00,13682.286,13724.021,13682.286,13701.126,9960368,19715405066.0,SZ399001
2026-03-27 10:55:00,13701.746,13702.091,13674.45,13689.52,8763987,15767554786.0,SZ399001
2026-03-27 11:00:00,13690.107,13690.922,13651.705,13654.502,10634858,16491027135.0,SZ399001
2026-03-27 11:05:00,13655.509,13687.775,13655.143,13674.089,7285771,13587333657.0,SZ399001
2026-03-27 11:10:00,13673.81,13692.384,13668.873,13688.22,6022837,11985840344.0,SZ399001
2026-03-27 11:15:00,13688.403,13712.047,13688.394,13698.779,6829245,12881607253.0,SZ399001
2026-03-27 11:20:00,13700.203,13716.919,13694.966,13705.274,6276792,10403480637.0,SZ399001
2026-03-27 11:25:00,13705.722,13715.089,13693.517,13710.594,6144380,10611021722.0,SZ399001
2026-03-27 11:30:00,13710.844,13733.282,13710.168,13732.336,5657328,11036322116.0,SZ399001
2026-03-27 13:05:00,13738.214,13803.525,13738.214,13791.813,17806215,32029691371.0,SZ399001
2026-03-27 13:10:00,13791.967,13824.19,13787.448,13823.604,11235041,20966972441.0,SZ399001
2026-03-27 13:15:00,13823.263,13824.318,13798.87,13809.799,9576853,18261767064.0,SZ399001
2026-03-27 13:20:00,13809.37,13842.397,13797.497,13833.901,11160579,20742702436.0,SZ399001
2026-03-27 13:25:00,13834.237,13835.837,13807.307,13807.307,8569045,16043901255.0,SZ399001
2026-03-27 13:30:00,13805.256,13805.868,13785.046,13785.046,7907785,14593637660.0,SZ399001
2026-03-27 13:35:00,13786.687,13824.781,13786.687,13798.026,8344493,15919798418.0,SZ399001
2026-03-27 13:40:00,13797.569,13810.057,13795.787,13806.102,7126185,13536099209.0,SZ399001
2026-03-27 13:45:00,13805.697,13809.006,13795.368,13795.746,6869043,12723315745.0,SZ399001
2026-03-27 13:50:00,13795.297,13800.778,13793.543,13793.543,6823314,12122622663.0,SZ399001
2026-03-27 13:55:00,13793.296,13807.266,13771.478,13771.478,8111049,14670632838.0,SZ399001
2026-03-27 14:00:00,13771.265,13776.12,13747.872,13747.872,7581758,14219127595.0,SZ399001
2026-03-27 14:05:00,13748.454,13756.491,13736.302,13746.509,8190177,14818602870.0,SZ399001
2026-03-27 14:10:00,13746.62,13749.264,13723.322,13726.981,7245932,13054304549.0,SZ399001
2026-03-27 14:15:00,13727.184,13739.99,13726.563,13739.99,6247697,11454497797.0,SZ399001
2026-03-27 14:20:00,13740.472,13757.289,13740.472,13747.683,6755739,11331385411.0,SZ399001
2026-03-27 14:25:00,13746.933,13757.717,13742.003,13751.474,7316967,11564214109.0,SZ399001
2026-03-27 14:30:00,13750.665,13751.013,13736.051,13737.486,6560168,11114354372.0,SZ399001
2026-03-27 14:35:00,13736.185,13747.304,13735.857,13745.897,9374584,14931549071.0,SZ399001
2026-03-27 14:40:00,13746.041,13754.875,13744.357,13749.389,8015197,13857780356.0,SZ399001
2026-03-27 14:45:00,13749.523,13762.613,13749.523,13756.73,10067362,17049745969.0,SZ399001
2026-03-27 14:50:00,13756.675,13767.091,13756.675,13765.511,12189563,20484735639.0,SZ399001
2026-03-27 14:55:00,13764.152,13764.152,13752.217,13758.487,17424179,28793857652.0,SZ399001
2026-03-27 15:00:00,13757.675,13763.115,13757.675,13760.369,18573345,29516249303.0,SZ399001
2026-03-30 09:35:00,13618.794,13707.869,13618.794,13704.951,90966837,141553526440.0,SZ399001
2026-03-30 09:40:00,13702.583,13709.254,13669.501,13669.501,45236175,69633034813.0,SZ399001
2026-03-30 09:45:00,13669.466,13682.899,13640.585,13663.546,41615396,61521023726.0,SZ399001
2026-03-30 09:50:00,13663.397,13663.397,13596.353,13598.468,35192148,53632867004.0,SZ399001
2026-03-30 09:55:00,13597.787,13611.891,13544.644,13544.644,29987874,46758753110.0,SZ399001
2026-03-30 10:00:00,13545.191,13587.061,13545.191,13565.411,21821484,36065412495.0,SZ399001
2026-03-30 10:05:00,13564.105,13592.21,13553.451,13575.347,19706977,33735436528.0,SZ399001
2026-03-30 10:10:00,13578.23,13587.766,13565.79,13586.188,16547257,28200752733.0,SZ399001
2026-03-30 10:15:00,13586.831,13601.941,13560.225,13563.56,15299100,26621161146.0,SZ399001
2026-03-30 10:20:00,13563.656,13607.252,13562.79,13580.64,12976988,22296012528.0,SZ399001
2026-03-30 10:25:00,13580.411,13582.71,13536.561,13563.754,13134234,22935730218.0,SZ399001
2026-03-30 10:30:00,13564.477,13575.192,13553.487,13574.434,10655991,19087960076.0,SZ399001
2026-03-30 10:35:00,13575.082,13599.655,13549.949,13581.446,11936892,21291111377.0,SZ399001
2026-03-30 10:40:00,13580.461,13585.675,13554.333,13555.038,9485095,17115713583.0,SZ399001
2026-03-30 10:45:00,13554.508,13594.426,13554.508,13594.426,8524730,15040313322.0,SZ399001
2026-03-30 10:50:00,13592.613,13626.888,13589.948,13626.888,8066226,14706226077.0,SZ399001
2026-03-30 10:55:00,13628.273,13650.624,13628.224,13649.849,7630353,15654809281.0,SZ399001
2026-03-30 11:00:00,13649.146,13649.146,13624.182,13629.699,7129944,13468229257.0,SZ399001
2026-03-30 11:05:00,13630.329,13677.387,13629.875,13677.387,7682959,13605557495.0,SZ399001
2026-03-30 11:10:00,13677.347,13713.534,13677.347,13709.566,10093922,17774538471.0,SZ399001
2026-03-30 11:15:00,13710.499,13727.069,13695.796,13696.155,9152604,15730396872.0,SZ399001
2026-03-30 11:20:00,13695.91,13722.424,13688.467,13709.907,6909629,11930938800.0,SZ399001
2026-03-30 11:25:00,13710.205,13737.111,13710.205,13737.111,7198163,12246065533.0,SZ399001
2026-03-30 11:30:00,13738.429,13745.697,13732.381,13743.852,7877588,13741826267.0,SZ399001
2026-03-30 13:05:00,13747.844,13748.207,13703.494,13729.54,13822501,23693333206.0,SZ399001
2026-03-30 13:10:00,13729.242,13735.994,13683.3,13702.207,8220779,14234402426.0,SZ399001
2026-03-30 13:15:00,13702.207,13736.067,13702.207,13704.978,7144548,13133389671.0,SZ399001
2026-03-30 13:20:00,13706.135,13718.522,13705.665,13714.866,6499534,11306794281.0,SZ399001
2026-03-30 13:25:00,13714.385,13717.817,13691.329,13698.681,6290363,11564576188.0,SZ399001
2026-03-30 13:30:00,13698.838,13706.074,13690.901,13690.901,5970840,10113099613.0,SZ399001
2026-03-30 13:35:00,13690.76,13716.879,13680.95,13711.308,7434935,12068269306.0,SZ399001
2026-03-30 13:40:00,13712.008,13713.133,13674.711,13674.711,6251836,10928062210.0,SZ399001
2026-03-30 13:45:00,13674.354,13680.259,13658.683,13658.683,5689096,10028015338.0,SZ399001
2026-03-30 13:50:00,13659.307,13678.308,13655.238,13678.308,6289486,10582743226.0,SZ399001
2026-03-30 13:55:00,13678.648,13702.397,13678.385,13698.437,7097850,11258809468.0,SZ399001
2026-03-30 14:00:00,13698.293,13708.915,13689.077,13707.277,5662492,10307803886.0,SZ399001
2026-03-30 14:05:00,13706.888,13717.082,13693.543,13717.049,7999351,12249738704.0,SZ399001
2026-03-30 14:10:00,13717.691,13718.74,13701.523,13705.483,7353784,11187244555.0,SZ399001
2026-03-30 14:15:00,13705.852,13708.449,13701.617,13707.119,6105179,10345229070.0,SZ399001
2026-03-30 14:20:00,13706.645,13721.304,13706.645,13717.008,7270132,11949701837.0,SZ399001
2026-03-30 14:25:00,13716.147,13719.164,13701.694,13701.969,6887462,11089107847.0,SZ399001
2026-03-30 14:30:00,13701.983,13716.795,13701.155,13710.361,6003304,10062182397.0,SZ399001
2026-03-30 14:35:00,13711.637,13722.929,13711.637,13719.159,8012363,12900280062.0,SZ399001
2026-03-30 14:40:00,13717.885,13721.288,13709.119,13710.802,7810767,13068692319.0,SZ399001
2026-03-30 14:45:00,13711.279,13718.158,13710.303,13718.154,9517866,16043579994.0,SZ399001
2026-03-30 14:50:00,13718.922,13725.181,13717.323,13723.203,12119070,20150922763.0,SZ399001
2026-03-30 14:55:00,13723.244,13725.932,13719.786,13724.569,16129200,26222051983.0,SZ399001
2026-03-30 15:00:00,13724.035,13729.767,13723.883,13726.191,17001726,27235915885.0,SZ399001
2026-03-31 09:35:00,13683.681,13700.015,13652.685,13683.004,81148115,129551992159.0,SZ399001
2026-03-31 09:40:00,13682.762,13731.207,13680.036,13711.451,42034103,67001808948.0,SZ399001
2026-03-31 09:45:00,13712.154,13730.219,13703.696,13708.294,34012938,54712275483.0,SZ399001
2026-03-31 09:50:00,13708.142,13717.93,13676.84,13707.167,29786089,48769680563.0,SZ399001
2026-03-31 09:55:00,13705.584,13731.72,13684.141,13719.436,23254944,38653598852.0,SZ399001
2026-03-31 10:00:00,13720.326,13750.57,13720.326,13750.57,19082765,33321122894.0,SZ399001
2026-03-31 10:05:00,13750.492,13755.096,13725.948,13730.438,19241752,32915899971.0,SZ399001
2026-03-31 10:10:00,13728.862,13764.794,13715.355,13764.794,15441001,26743030248.0,SZ399001
2026-03-31 10:15:00,13764.608,13783.967,13754.749,13754.749,14306416,25210753633.0,SZ399001
2026-03-31 10:20:00,13754.288,13763.34,13737.072,13739.354,13223628,22678295440.0,SZ399001
2026-03-31 10:25:00,13740.917,13744.849,13724.359,13724.69,13251847,21213081751.0,SZ399001
2026-03-31 10:30:00,13724.614,13741.401,13720.953,13725.107,11916048,18852511421.0,SZ399001
2026-03-31 10:35:00,13725.467,13735.176,13672.806,13674.44,15028545,23138468379.0,SZ399001
2026-03-31 10:40:00,13673.731,13679.983,13662.508,13666.766,12139336,20560287542.0,SZ399001
2026-03-31 10:45:00,13666.945,13668.514,13638.827,13650.633,13926501,23439089396.0,SZ399001
2026-03-31 10:50:00,13650.611,13650.611,13618.287,13620.627,10448232,19547650717.0,SZ399001
2026-03-31 10:55:00,13621.837,13634.742,13615.724,13621.865,8993694,17119998123.0,SZ399001
2026-03-31 11:00:00,13621.309,13624.051,13600.884,13600.884,9804958,16228479967.0,SZ399001
2026-03-31 11:05:00,13600.242,13601.41,13584.062,13584.663,10939152,17671946968.0,SZ399001
2026-03-31 11:10:00,13583.634,13586.034,13566.916,13577.405,10071249,17077115489.0,SZ399001
2026-03-31 11:15:00,13577.765,13577.765,13554.893,13554.916,7514241,14189022126.0,SZ399001
2026-03-31 11:20:00,13554.519,13563.417,13529.978,13537.277,9433427,17382029783.0,SZ399001
2026-03-31 11:25:00,13538.001,13540.594,13521.329,13521.329,8204580,15747297253.0,SZ399001
2026-03-31 11:30:00,13520.727,13527.404,13503.572,13526.957,9638974,17491094136.0,SZ399001
2026-03-31 13:05:00,13526.538,13567.055,13515.027,13565.295,12591193,21655141781.0,SZ399001
2026-03-31 13:10:00,13564.657,13564.911,13536.004,13559.264,7310243,12798609175.0,SZ399001
2026-03-31 13:15:00,13556.932,13557.762,13508.004,13508.665,7818531,14059415581.0,SZ399001
2026-03-31 13:20:00,13508.994,13546.703,13506.556,13544.497,6924773,12575471111.0,SZ399001
2026-03-31 13:25:00,13543.807,13553.558,13537.0,13551.5,7390826,11660324307.0,SZ399001
2026-03-31 13:30:00,13551.705,13579.322,13544.771,13579.322,6755682,11590273211.0,SZ399001
2026-03-31 13:35:00,13578.194,13622.962,13576.751,13611.915,9666629,15849687915.0,SZ399001
2026-03-31 13:40:00,13611.534,13633.948,13603.083,13610.752,7586441,13458426624.0,SZ399001
2026-03-31 13:45:00,13610.801,13610.801,13590.768,13594.459,7154334,11424408744.0,SZ399001
2026-03-31 13:50:00,13597.037,13644.555,13597.037,13644.203,6431096,11996272079.0,SZ399001
2026-03-31 13:55:00,13644.223,13646.681,13615.282,13617.505,7329260,12368059740.0,SZ399001
2026-03-31 14:00:00,13618.254,13638.234,13604.065,13604.092,6767998,10996092194.0,SZ399001
2026-03-31 14:05:00,13603.598,13603.598,13578.557,13578.557,8472986,12588116511.0,SZ399001
2026-03-31 14:10:00,13578.311,13578.311,13558.558,13558.558,8064345,12209508768.0,SZ399001
2026-03-31 14:15:00,13554.659,13554.659,13536.462,13540.006,9558145,14467051578.0,SZ399001
2026-03-31 14:20:00,13539.626,13539.626,13529.204,13533.07,7310456,11949693369.0,SZ399001
2026-03-31 14:25:00,13532.141,13532.315,13518.217,13521.991,9034333,13745656897.0,SZ399001
2026-03-31 14:30:00,13522.168,13536.733,13518.444,13520.676,8006834,12394638280.0,SZ399001
2026-03-31 14:35:00,13521.594,13536.357,13507.303,13510.478,10290039,15962921389.0,SZ399001
2026-03-31 14:40:00,13510.479,13512.934,13499.048,13510.487,9504896,15322670013.0,SZ399001
2026-03-31 14:45:00,13514.037,13516.769,13498.927,13502.827,10869681,17314901785.0,SZ399001
2026-03-31 14:50:00,13502.498,13516.274,13486.553,13486.681,13620379,21602653125.0,SZ399001
2026-03-31 14:55:00,13486.124,13498.173,13486.124,13489.473,16472034,26291447247.0,SZ399001
2026-03-31 15:00:00,13488.907,13493.443,13478.055,13478.055,16717102,27207970445.0,SZ399001
2026-04-01 09:35:00,13731.387,13736.95,13616.856,13618.689,92928242,160049220305.0,SZ399001
2026-04-01 09:40:00,13619.237,13636.507,13603.785,13619.605,42806423,74971058992.0,SZ399001
2026-04-01 09:45:00,13623.561,13656.312,13621.513,13650.391,33804118,55996985342.0,SZ399001
2026-04-01 09:50:00,13651.511,13671.857,13647.19,13667.23,27841551,46585315601.0,SZ399001
2026-04-01 09:55:00,13667.461,13667.568,13639.913,13640.23,23396910,39729553018.0,SZ399001
2026-04-01 10:00:00,13639.533,13649.893,13616.15,13616.15,20320713,34007282206.0,SZ399001
2026-04-01 10:05:00,13616.572,13637.725,13615.977,13637.725,20804046,35340741897.0,SZ399001
2026-04-01 10:10:00,13638.224,13664.183,13632.575,13655.97,18240154,31167861046.0,SZ399001
2026-04-01 10:15:00,13655.632,13671.847,13655.238,13659.131,14430364,24522009576.0,SZ399001
2026-04-01 10:20:00,13658.119,13664.304,13638.741,13657.438,14946321,24156570137.0,SZ399001
2026-04-01 10:25:00,13657.544,13676.866,13657.483,13666.172,12768141,20787340954.0,SZ399001
2026-04-01 10:30:00,13665.1,13665.576,13628.382,13628.382,12621743,21174094049.0,SZ399001
2026-04-01 10:35:00,13626.212,13651.709,13620.085,13651.407,14117933,22762730200.0,SZ399001
2026-04-01 10:40:00,13651.058,13675.542,13651.058,13658.99,13068345,21815714136.0,SZ399001
2026-04-01 10:45:00,13659.278,13672.409,13654.205,13664.085,9326883,17360809460.0,SZ399001
2026-04-01 10:50:00,13663.455,13671.713,13636.668,13636.668,8454233,14436640868.0,SZ399001
2026-04-01 10:55:00,13635.753,13684.276,13635.753,13684.276,8062565,13520916151.0,SZ399001
2026-04-01 11:00:00,13683.976,13685.309,13674.345,13674.345,7487417,12838654877.0,SZ399001
2026-04-01 11:05:00,13674.432,13676.442,13660.09,13660.09,8676594,15038519965.0,SZ399001
2026-04-01 11:10:00,13660.32,13666.778,13653.303,13666.514,7234914,11997150138.0,SZ399001
2026-04-01 11:15:00,13666.345,13670.204,13650.78,13665.94,6021717,10641004399.0,SZ399001
2026-04-01 11:20:00,13665.952,13678.012,13665.95,13677.107,5972743,9706187081.0,SZ399001
2026-04-01 11:25:00,13676.984,13676.984,13652.825,13652.825,7104494,11112822761.0,SZ399001
2026-04-01 11:30:00,13652.783,13652.783,13636.971,13640.049,7749992,11471121248.0,SZ399001
2026-04-01 13:05:00,13639.492,13656.351,13623.477,13648.087,12917797,20712095391.0,SZ399001
2026-04-01 13:10:00,13647.207,13671.525,13645.5,13669.749,7818184,13474054151.0,SZ399001
2026-04-01 13:15:00,13670.182,13686.95,13669.514,13682.492,9088117,15440662323.0,SZ399001
2026-04-01 13:20:00,13682.915,13692.806,13679.621,13682.766,7410079,13156585964.0,SZ399001
2026-04-01 13:25:00,13682.677,13692.478,13679.589,13691.655,7648918,15297990293.0,SZ399001
2026-04-01 13:30:00,13691.222,13727.01,13688.62,13727.01,9169153,17161402105.0,SZ399001
2026-04-01 13:35:00,13728.651,13740.974,13714.848,13714.848,9553026,18572657171.0,SZ399001
2026-04-01 13:40:00,13715.633,13715.633,13700.871,13706.567,6384543,12286516220.0,SZ399001
2026-04-01 13:45:00,13707.618,13713.746,13689.514,13696.812,5880371,11320279676.0,SZ399001
2026-04-01 13:50:00,13697.107,13698.33,13674.512,13679.632,6143812,10906805404.0,SZ399001
2026-04-01 13:55:00,13678.749,13685.498,13672.284,13672.662,6398020,10909756227.0,SZ399001
2026-04-01 14:00:00,13672.747,13672.747,13640.739,13648.51,10550908,16093303516.0,SZ399001
2026-04-01 14:05:00,13647.264,13673.654,13645.321,13671.712,7239674,12038850033.0,SZ399001
2026-04-01 14:10:00,13670.731,13682.369,13665.828,13667.386,6682161,11603911225.0,SZ399001
2026-04-01 14:15:00,13667.333,13677.48,13667.333,13677.435,6114050,10281299988.0,SZ399001
2026-04-01 14:20:00,13677.632,13686.363,13677.298,13684.199,6235739,11453125222.0,SZ399001
2026-04-01 14:25:00,13685.065,13690.552,13683.514,13688.505,6262822,11123047469.0,SZ399001
2026-04-01 14:30:00,13687.871,13691.327,13681.18,13688.667,6711071,11855999505.0,SZ399001
2026-04-01 14:35:00,13688.715,13690.588,13676.4,13684.653,8224993,14072787037.0,SZ399001
2026-04-01 14:40:00,13685.646,13690.809,13679.816,13688.302,9612678,16185797656.0,SZ399001
2026-04-01 14:45:00,13688.098,13691.972,13685.17,13691.949,10478601,17466411864.0,SZ399001
2026-04-01 14:50:00,13691.784,13704.02,13691.784,13704.02,14322947,23587969372.0,SZ399001
2026-04-01 14:55:00,13703.686,13704.394,13698.065,13703.368,17806586,29046151683.0,SZ399001
2026-04-01 15:00:00,13702.597,13706.52,13702.597,13706.52,18922576,30000011665.0,SZ399001
2026-04-02 09:35:00,13658.255,13658.255,13599.367,13638.938,77280743,119305170160.0,SZ399001
2026-04-02 09:40:00,13640.282,13668.561,13628.939,13641.557,36393339,60877759736.0,SZ399001
2026-04-02 09:45:00,13642.674,13680.63,13627.501,13628.862,29103427,49208643248.0,SZ399001
2026-04-02 09:50:00,13628.586,13633.708,13590.896,13615.287,27247982,43775688259.0,SZ399001
2026-04-02 09:55:00,13618.143,13633.507,13605.72,13627.752,20279789,33350322170.0,SZ399001
2026-04-02 10:00:00,13629.811,13657.053,13629.333,13653.48,17018158,29086143502.0,SZ399001
2026-04-02 10:05:00,13653.055,13658.068,13631.838,13634.649,20011471,33208848752.0,SZ399001
2026-04-02 10:10:00,13634.634,13653.211,13629.844,13653.05,19873992,32414124739.0,SZ399001
2026-04-02 10:15:00,13656.891,13674.922,13614.276,13614.276,19260840,32570298058.0,SZ399001
2026-04-02 10:20:00,13613.265,13613.265,13583.369,13583.369,18085995,29073737398.0,SZ399001
2026-04-02 10:25:00,13588.363,13598.245,13584.113,13586.007,14870251,22875010090.0,SZ399001
2026-04-02 10:30:00,13587.83,13597.422,13586.971,13588.379,12156512,18659083075.0,SZ399001
2026-04-02 10:35:00,13588.642,13603.001,13575.421,13575.421,12391205,20917036726.0,SZ399001
2026-04-02 10:40:00,13574.535,13574.535,13549.547,13559.833,13156095,22294418686.0,SZ399001
2026-04-02 10:45:00,13559.363,13586.17,13559.363,13576.315,9189469,15861008955.0,SZ399001
2026-04-02 10:50:00,13575.883,13585.163,13569.984,13569.984,9108644,15292163460.0,SZ399001
2026-04-02 10:55:00,13569.425,13594.466,13569.425,13583.291,8527442,14230014397.0,SZ399001
2026-04-02 11:00:00,13583.525,13607.648,13583.12,13588.29,7096972,12572281940.0,SZ399001
2026-04-02 11:05:00,13588.594,13593.77,13577.196,13579.775,7657661,12636401841.0,SZ399001
2026-04-02 11:10:00,13578.722,13579.508,13553.216,13558.685,8664709,13117958038.0,SZ399001
2026-04-02 11:15:00,13559.561,13564.382,13554.864,13563.037,6486543,10652914394.0,SZ399001
2026-04-02 11:20:00,13562.834,13566.312,13548.993,13548.993,6101227,9748301473.0,SZ399001
2026-04-02 11:25:00,13549.748,13571.764,13549.225,13564.909,5401173,9082818156.0,SZ399001
2026-04-02 11:30:00,13564.547,13564.547,13541.765,13548.46,5666319,9412529443.0,SZ399001
2026-04-02 13:05:00,13546.364,13546.364,13511.627,13511.627,14418635,22698423965.0,SZ399001
2026-04-02 13:10:00,13510.245,13512.487,13502.381,13510.691,9421729,14219205660.0,SZ399001
2026-04-02 13:15:00,13509.847,13510.886,13497.471,13499.309,7710556,13524867960.0,SZ399001
2026-04-02 13:20:00,13498.493,13498.736,13480.546,13480.546,8458294,14863721876.0,SZ399001
2026-04-02 13:25:00,13480.216,13504.442,13475.03,13498.449,9085771,15167565136.0,SZ399001
2026-04-02 13:30:00,13497.764,13519.954,13496.993,13507.176,6789932,11505636426.0,SZ399001
2026-04-02 13:35:00,13506.428,13518.444,13491.907,13492.068,6941502,12117793471.0,SZ399001
2026-04-02 13:40:00,13492.81,13494.648,13473.986,13476.528,7684339,12999237843.0,SZ399001
2026-04-02 13:45:00,13474.731,13487.383,13470.616,13487.383,6823900,11327438276.0,SZ399001
2026-04-02 13:50:00,13486.816,13486.816,13469.203,13469.642,6178833,10482161094.0,SZ399001
2026-04-02 13:55:00,13469.069,13470.599,13448.739,13449.583,10086023,14457136985.0,SZ399001
2026-04-02 14:00:00,13448.744,13448.881,13430.246,13435.346,8445262,13457657560.0,SZ399001
2026-04-02 14:05:00,13434.833,13435.589,13418.499,13433.881,11366314,17403722928.0,SZ399001
2026-04-02 14:10:00,13434.555,13444.454,13427.76,13443.658,7766711,12365411043.0,SZ399001
2026-04-02 14:15:00,13444.377,13451.959,13419.245,13451.959,8486814,14418664213.0,SZ399001
2026-04-02 14:20:00,13452.977,13492.411,13450.216,13476.522,8843844,13398722604.0,SZ399001
2026-04-02 14:25:00,13475.812,13498.451,13472.913,13495.398,7188570,12212747366.0,SZ399001
2026-04-02 14:30:00,13495.751,13505.61,13479.919,13479.919,7532433,11968026610.0,SZ399001
2026-04-02 14:35:00,13475.908,13489.528,13469.105,13474.554,9142055,13769442128.0,SZ399001
2026-04-02 14:40:00,13475.641,13477.924,13459.598,13473.534,8821252,13707570548.0,SZ399001
2026-04-02 14:45:00,13472.723,13472.723,13463.832,13464.189,8644118,14246133441.0,SZ399001
2026-04-02 14:50:00,13464.129,13464.803,13447.72,13454.891,12820047,20380977403.0,SZ399001
2026-04-02 14:55:00,13455.48,13476.082,13455.48,13473.907,15885889,24584554883.0,SZ399001
2026-04-02 15:00:00,13474.008,13486.936,13474.008,13486.936,16465929,25597873486.0,SZ399001
2026-04-03 09:35:00,13553.653,13558.909,13494.795,13496.837,66629090,104731196311.0,SZ399001
2026-04-03 09:40:00,13495.233,13511.524,13468.987,13470.606,36983764,58768365313.0,SZ399001
2026-04-03 09:45:00,13472.749,13506.308,13470.956,13470.956,29267251,45577126227.0,SZ399001
2026-04-03 09:50:00,13469.287,13496.509,13468.427,13479.89,24539699,37907430082.0,SZ399001
2026-04-03 09:55:00,13479.229,13479.229,13449.496,13449.496,23575436,35135711040.0,SZ399001
2026-04-03 10:00:00,13446.529,13446.529,13431.213,13436.517,18422664,29890280677.0,SZ399001
2026-04-03 10:05:00,13437.983,13467.475,13428.787,13428.787,19837205,31125057772.0,SZ399001
2026-04-03 10:10:00,13428.07,13435.126,13402.556,13408.637,17666036,28011314085.0,SZ399001
2026-04-03 10:15:00,13410.071,13419.0,13393.554,13396.725,15167649,24461344344.0,SZ399001
2026-04-03 10:20:00,13397.055,13399.159,13390.803,13394.686,13684597,22558599752.0,SZ399001
2026-04-03 10:25:00,13397.065,13421.178,13397.065,13412.056,11878866,20166898985.0,SZ399001
2026-04-03 10:30:00,13413.095,13445.569,13411.815,13444.843,10453899,17917434118.0,SZ399001
2026-04-03 10:35:00,13445.951,13476.159,13445.183,13474.989,10657143,20522301441.0,SZ399001
2026-04-03 10:40:00,13474.262,13476.982,13456.953,13458.117,9411448,16520100156.0,SZ399001
2026-04-03 10:45:00,13459.114,13471.367,13451.214,13451.299,8557923,15500724463.0,SZ399001
2026-04-03 10:50:00,13451.002,13476.746,13451.002,13468.854,8091037,15121433840.0,SZ399001
2026-04-03 10:55:00,13469.298,13489.767,13465.338,13470.46,6751690,13127206479.0,SZ399001
2026-04-03 11:00:00,13468.906,13468.906,13430.743,13430.743,7300910,11736712927.0,SZ399001
2026-04-03 11:05:00,13428.085,13433.336,13421.646,13432.533,8127583,12355024480.0,SZ399001
2026-04-03 11:10:00,13432.863,13437.093,13422.65,13425.05,5830718,10115518192.0,SZ399001
2026-04-03 11:15:00,13425.188,13436.632,13406.153,13406.153,6303310,10648892647.0,SZ399001
2026-04-03 11:20:00,13406.248,13414.766,13383.599,13414.182,7972053,13301262364.0,SZ399001
2026-04-03 11:25:00,13414.183,13414.183,13397.078,13397.078,5392578,8647305584.0,SZ399001
2026-04-03 11:30:00,13394.422,13394.585,13387.902,13387.917,5904426,9135662818.0,SZ399001
2026-04-03 13:05:00,13387.399,13394.091,13371.982,13372.052,14494600,20626577415.0,SZ399001
2026-04-03 13:10:00,13372.063,13388.372,13364.169,13388.372,8746995,13607328495.0,SZ399001
2026-04-03 13:15:00,13389.368,13389.909,13369.168,13369.99,7176932,12685983912.0,SZ399001
2026-04-03 13:20:00,13370.088,13370.814,13350.735,13353.618,7591601,12616350676.0,SZ399001
2026-04-03 13:25:00,13355.834,13364.564,13345.61,13356.347,7064771,11884875528.0,SZ399001
2026-04-03 13:30:00,13360.693,13378.528,13360.693,13376.054,6920130,11537946635.0,SZ399001
2026-04-03 13:35:00,13373.905,13393.474,13371.976,13386.586,7731024,12073591005.0,SZ399001
2026-04-03 13:40:00,13387.117,13433.509,13387.117,13424.366,8878997,13132765439.0,SZ399001
2026-04-03 13:45:00,13424.202,13441.278,13417.312,13440.177,6715773,12224276194.0,SZ399001
2026-04-03 13:50:00,13440.4,13440.4,13411.32,13422.665,6771267,11132264692.0,SZ399001
2026-04-03 13:55:00,13423.076,13429.671,13407.626,13415.701,6787249,11031043256.0,SZ399001
2026-04-03 14:00:00,13415.937,13425.348,13413.282,13424.116,5005142,8581529778.0,SZ399001
2026-04-03 14:05:00,13424.382,13449.453,13412.352,13412.381,8149811,13066537948.0,SZ399001
2026-04-03 14:10:00,13412.44,13412.44,13384.754,13389.87,6749409,10300239365.0,SZ399001
2026-04-03 14:15:00,13390.472,13412.763,13387.194,13409.352,5588453,8733347897.0,SZ399001
2026-04-03 14:20:00,13408.932,13408.932,13391.877,13396.82,5745502,9017487400.0,SZ399001
2026-04-03 14:25:00,13396.801,13399.258,13380.752,13381.187,6050305,9999461092.0,SZ399001
2026-04-03 14:30:00,13380.787,13380.787,13372.857,13376.509,6634766,10731442447.0,SZ399001
2026-04-03 14:35:00,13377.004,13386.031,13360.637,13361.268,9815158,14978346112.0,SZ399001
2026-04-03 14:40:00,13361.762,13361.763,13351.949,13358.367,9863727,15046469629.0,SZ399001
2026-04-03 14:45:00,13358.537,13362.988,13351.535,13362.336,10447060,16323481723.0,SZ399001
2026-04-03 14:50:00,13362.195,13369.355,13358.378,13358.378,11711056,18493272001.0,SZ399001
2026-04-03 14:55:00,13359.456,13367.139,13358.75,13359.78,16334195,25621430839.0,SZ399001
2026-04-03 15:00:00,13358.285,13358.621,13352.812,13352.904,17191329,26248148487.0,SZ399001
2026-04-07 09:35:00,13392.942,13421.996,13388.652,13421.158,64156222,104978951056.0,SZ399001
2026-04-07 09:40:00,13423.088,13428.645,13377.0,13383.461,35451439,59071156178.0,SZ399001
2026-04-07 09:45:00,13381.548,13462.994,13381.548,13456.881,29595992,47584341391.0,SZ399001
2026-04-07 09:50:00,13455.412,13476.079,13438.638,13450.906,24930295,42258832520.0,SZ399001
2026-04-07 09:55:00,13451.061,13459.971,13413.477,13414.967,18702414,31550379627.0,SZ399001
2026-04-07 10:00:00,13415.332,13444.193,13411.445,13440.032,17027409,28346870271.0,SZ399001
2026-04-07 10:05:00,13440.062,13453.092,13417.888,13446.354,17043556,27221475327.0,SZ399001
2026-04-07 10:10:00,13446.717,13450.423,13428.733,13440.749,15395550,24334027406.0,SZ399001
2026-04-07 10:15:00,13440.566,13456.909,13434.919,13441.368,13486855,20674398940.0,SZ399001
2026-04-07 10:20:00,13440.594,13444.36,13426.007,13435.353,12475698,18708556202.0,SZ399001
2026-04-07 10:25:00,13435.187,13440.272,13409.151,13409.151,11816915,18988106781.0,SZ399001
2026-04-07 10:30:00,13409.227,13423.292,13399.971,13423.292,11039142,17669966108.0,SZ399001
2026-04-07 10:35:00,13423.938,13433.989,13407.276,13417.983,11227286,16737993119.0,SZ399001
2026-04-07 10:40:00,13419.201,13432.043,13414.644,13429.9,10154376,14533437540.0,SZ399001
2026-04-07 10:45:00,13427.951,13427.951,13397.888,13410.779,11451666,15793738114.0,SZ399001
2026-04-07 10:50:00,13411.186,13415.603,13403.049,13415.603,8262690,12555912904.0,SZ399001
2026-04-07 10:55:00,13415.075,13427.297,13393.371,13393.371,7914377,12916557779.0,SZ399001
2026-04-07 11:00:00,13393.59,13406.705,13393.59,13397.851,6725912,10862747227.0,SZ399001
2026-04-07 11:05:00,13397.715,13406.51,13394.127,13394.127,6620694,10981188574.0,SZ399001
2026-04-07 11:10:00,13394.028,13394.028,13384.118,13389.656,6446303,11261072557.0,SZ399001
2026-04-07 11:15:00,13389.378,13389.962,13364.559,13367.615,7453434,11854984622.0,SZ399001
2026-04-07 11:20:00,13366.93,13367.915,13350.511,13351.143,6641688,10892486500.0,SZ399001
2026-04-07 11:25:00,13350.936,13356.177,13336.656,13336.904,7089981,11769828398.0,SZ399001
2026-04-07 11:30:00,13337.369,13342.534,13323.869,13325.829,6723195,11136028978.0,SZ399001
2026-04-07 13:05:00,13323.863,13362.495,13323.863,13360.596,9158081,14671684389.0,SZ399001
2026-04-07 13:10:00,13360.363,13377.5,13354.578,13355.062,5948449,10326861087.0,SZ399001
2026-04-07 13:15:00,13355.116,13358.868,13328.778,13328.778,7115979,11929263028.0,SZ399001
2026-04-07 13:20:00,13327.825,13331.42,13305.507,13313.047,8049112,13237090989.0,SZ399001
2026-04-07 13:25:00,13313.579,13329.875,13313.579,13325.603,6192968,10024717216.0,SZ399001
2026-04-07 13:30:00,13325.947,13340.299,13317.397,13340.299,5406411,9224410936.0,SZ399001
2026-04-07 13:35:00,13340.956,13366.289,13338.412,13355.881,5937615,10593612898.0,SZ399001
2026-04-07 13:40:00,13355.502,13385.442,13348.402,13385.442,5268037,10493520839.0,SZ399001
2026-04-07 13:45:00,13381.268,13387.56,13371.236,13371.299,5036983,10082213081.0,SZ399001
2026-04-07 13:50:00,13369.134,13383.209,13363.476,13377.661,4764305,9535355850.0,SZ399001
2026-04-07 13:55:00,13376.851,13410.318,13376.851,13397.009,6785633,11551356477.0,SZ399001
2026-04-07 14:00:00,13396.363,13427.242,13395.65,13427.242,5230791,10222264343.0,SZ399001
2026-04-07 14:05:00,13427.264,13433.036,13414.012,13416.91,6395299,11916419442.0,SZ399001
2026-04-07 14:10:00,13416.901,13427.943,13401.506,13419.916,5399529,10218003176.0,SZ399001
2026-04-07 14:15:00,13419.232,13423.868,13399.838,13401.351,4902868,9492948810.0,SZ399001
2026-04-07 14:20:00,13400.971,13407.573,13396.013,13402.036,5137228,9144308367.0,SZ399001
2026-04-07 14:25:00,13400.781,13414.201,13395.916,13414.119,5367104,10031465170.0,SZ399001
2026-04-07 14:30:00,13413.84,13419.251,13407.154,13411.109,6506985,10929657593.0,SZ399001
2026-04-07 14:35:00,13410.623,13413.004,13381.585,13382.937,8610222,14191743140.0,SZ399001
2026-04-07 14:40:00,13382.024,13388.033,13377.244,13386.079,7770510,13078400095.0,SZ399001
2026-04-07 14:45:00,13385.202,13390.165,13383.287,13388.127,8205380,13820743666.0,SZ399001
2026-04-07 14:50:00,13386.892,13396.533,13386.296,13394.837,10046616,16820410757.0,SZ399001
2026-04-07 14:55:00,13393.632,13398.653,13389.787,13398.118,13979721,22413628065.0,SZ399001
2026-04-07 15:00:00,13397.531,13403.832,13397.506,13400.412,15581682,23855885966.0,SZ399001
2026-04-08 09:35:00,13717.221,13754.658,13694.91,13754.658,104552065,190793537383.0,SZ399001
2026-04-08 09:40:00,13757.527,13803.424,13757.527,13803.373,45792564,85066971066.0,SZ399001
2026-04-08 09:45:00,13803.574,13830.496,13798.194,13798.194,38517849,70337165226.0,SZ399001
2026-04-08 09:50:00,13796.119,13808.389,13788.255,13799.61,30302488,55403730729.0,SZ399001
2026-04-08 09:55:00,13799.265,13824.869,13796.001,13796.952,28164428,50543168684.0,SZ399001
2026-04-08 10:00:00,13796.819,13805.43,13789.448,13800.136,24551365,43187055342.0,SZ399001
2026-04-08 10:05:00,13800.665,13816.436,13799.697,13806.383,20111797,37116709715.0,SZ399001
2026-04-08 10:10:00,13807.331,13828.326,13803.539,13827.337,16666190,28161645814.0,SZ399001
2026-04-08 10:15:00,13826.864,13842.035,13821.661,13831.945,14888332,26311071085.0,SZ399001
2026-04-08 10:20:00,13830.837,13833.596,13810.975,13810.975,14197800,25455424579.0,SZ399001
2026-04-08 10:25:00,13811.671,13830.138,13799.915,13830.138,13923981,25711872600.0,SZ399001
2026-04-08 10:30:00,13829.984,13847.109,13829.571,13841.385,12849930,22147907684.0,SZ399001
2026-04-08 10:35:00,13842.881,13875.842,13842.881,13875.842,14643472,24384064404.0,SZ399001
2026-04-08 10:40:00,13876.702,13879.162,13860.661,13862.242,11773715,19577864762.0,SZ399001
2026-04-08 10:45:00,13862.94,13875.418,13858.856,13871.976,9648583,17690689391.0,SZ399001
2026-04-08 10:50:00,13871.989,13888.11,13869.757,13887.373,10591092,18491825729.0,SZ399001
2026-04-08 10:55:00,13887.708,13888.455,13858.413,13875.156,10880996,19405205829.0,SZ399001
2026-04-08 11:00:00,13874.942,13878.907,13870.599,13878.15,9000400,16078603648.0,SZ399001
2026-04-08 11:05:00,13879.008,13891.194,13879.008,13887.924,10260278,17022405071.0,SZ399001
2026-04-08 11:10:00,13886.582,13893.905,13876.279,13890.706,7384047,13879044943.0,SZ399001
2026-04-08 11:15:00,13889.749,13914.24,13888.821,13913.2,7407352,14804371366.0,SZ399001
2026-04-08 11:20:00,13914.198,13919.625,13913.026,13918.107,7320691,13664557121.0,SZ399001
2026-04-08 11:25:00,13918.234,13918.234,13909.353,13916.488,6914241,13342105330.0,SZ399001
2026-04-08 11:30:00,13917.194,13919.156,13901.254,13919.128,7453215,14026109112.0,SZ399001
2026-04-08 13:05:00,13922.722,13931.191,13920.422,13931.191,14855076,31260859760.0,SZ399001
2026-04-08 13:10:00,13931.665,13941.505,13920.257,13923.47,9751386,21202902899.0,SZ399001
2026-04-08 13:15:00,13922.771,13941.03,13922.771,13941.03,10387789,20417790546.0,SZ399001
2026-04-08 13:20:00,13940.972,13958.908,13940.225,13957.532,10258798,20958261459.0,SZ399001
2026-04-08 13:25:00,13958.674,13981.173,13958.288,13981.129,12184286,23676587954.0,SZ399001
2026-04-08 13:30:00,13981.408,13986.786,13959.491,13959.67,11832890,21882397706.0,SZ399001
2026-04-08 13:35:00,13959.17,13984.392,13951.074,13983.942,11071611,20863989907.0,SZ399001
2026-04-08 13:40:00,13984.603,14005.39,13984.603,14003.646,9297682,18170456030.0,SZ399001
2026-04-08 13:45:00,14003.257,14010.743,14002.114,14006.702,9650137,17885010557.0,SZ399001
2026-04-08 13:50:00,14007.01,14013.729,14000.817,14001.998,9170812,16687331721.0,SZ399001
2026-04-08 13:55:00,14002.165,14017.613,13998.603,14004.903,9121645,17249559826.0,SZ399001
2026-04-08 14:00:00,14003.974,14009.225,13989.332,13989.891,8764328,14882434751.0,SZ399001
2026-04-08 14:05:00,13990.278,14012.402,13989.791,13997.517,8987485,16428434101.0,SZ399001
2026-04-08 14:10:00,13996.951,13998.112,13985.654,13985.979,8453353,15043443745.0,SZ399001
2026-04-08 14:15:00,13987.297,13997.985,13982.472,13997.985,7894489,14428691606.0,SZ399001
2026-04-08 14:20:00,13998.617,14003.087,13978.304,13978.304,8544285,15431526369.0,SZ399001
2026-04-08 14:25:00,13979.155,13997.019,13978.839,13996.507,8375844,15463177751.0,SZ399001
2026-04-08 14:30:00,13996.721,14002.72,13995.107,14001.943,8461994,14948088719.0,SZ399001
2026-04-08 14:35:00,14002.451,14013.975,14002.434,14011.832,10667565,19660710786.0,SZ399001
2026-04-08 14:40:00,14012.453,14020.875,14012.024,14020.875,11210594,19797918588.0,SZ399001
2026-04-08 14:45:00,14020.619,14022.119,14015.765,14019.453,13152198,22792902078.0,SZ399001
2026-04-08 14:50:00,14019.174,14023.376,14017.719,14022.16,15505896,26486618194.0,SZ399001
2026-04-08 14:55:00,14021.487,14035.476,14018.423,14035.249,21079914,35875647977.0,SZ399001
2026-04-08 15:00:00,14034.036,14042.496,14032.842,14042.496,21850082,36215008323.0,SZ399001
2026-04-09 09:35:00,13928.428,13929.073,13905.511,13923.557,90592690,164342329653.0,SZ399001
2026-04-09 09:40:00,13921.594,13921.594,13891.478,13919.534,46397254,84943905845.0,SZ399001
2026-04-09 09:45:00,13923.163,13942.653,13923.163,13936.144,32810620,60425804106.0,SZ399001
2026-04-09 09:50:00,13937.803,13948.233,13920.095,13948.125,29678039,51827253664.0,SZ399001
2026-04-09 09:55:00,13947.259,14007.186,13945.601,14007.186,22792905,44901339731.0,SZ399001
2026-04-09 10:00:00,14004.935,14022.452,13996.203,14000.675,19953110,39926959679.0,SZ399001
2026-04-09 10:05:00,13998.346,14011.156,13988.898,14009.711,18903547,36758711522.0,SZ399001
2026-04-09 10:10:00,14011.274,14028.56,14005.094,14019.057,16904441,34081065172.0,SZ399001
2026-04-09 10:15:00,14017.747,14030.744,13999.291,14026.599,16231273,32447920869.0,SZ399001
2026-04-09 10:20:00,14024.247,14043.678,14016.505,14039.546,13850980,28642909888.0,SZ399001
2026-04-09 10:25:00,14039.35,14041.337,14028.468,14031.605,11187467,22983649111.0,SZ399001
2026-04-09 10:30:00,14032.361,14034.371,14010.54,14018.39,12270404,22466309666.0,SZ399001
2026-04-09 10:35:00,14018.13,14024.629,14005.826,14022.248,13188801,23220494603.0,SZ399001
2026-04-09 10:40:00,14021.339,14026.748,14013.276,14016.716,10989545,21206896652.0,SZ399001
2026-04-09 10:45:00,14017.457,14052.952,14016.148,14044.385,9889939,20124044279.0,SZ399001
2026-04-09 10:50:00,14045.503,14056.523,14035.426,14043.983,8388326,18171293548.0,SZ399001
2026-04-09 10:55:00,14044.754,14058.052,14043.937,14043.937,8219275,16944620538.0,SZ399001
2026-04-09 11:00:00,14043.869,14055.276,14041.376,14041.376,7888681,15384755371.0,SZ399001
2026-04-09 11:05:00,14040.884,14042.258,14025.8,14036.835,8472455,16084662269.0,SZ399001
2026-04-09 11:10:00,14037.74,14039.533,14022.991,14030.712,6394278,13274124376.0,SZ399001
2026-04-09 11:15:00,14031.684,14036.212,13997.354,14004.248,10269083,19686278154.0,SZ399001
2026-04-09 11:20:00,14004.502,14018.409,14001.322,14018.409,7020277,13489375676.0,SZ399001
2026-04-09 11:25:00,14018.05,14032.064,14010.349,14010.349,6460093,12310577931.0,SZ399001
2026-04-09 11:30:00,14010.092,14010.092,13998.624,13999.545,6218242,11684714273.0,SZ399001
2026-04-09 13:05:00,13998.866,14008.8,13976.714,13976.714,15057518,26893771422.0,SZ399001
2026-04-09 13:10:00,13974.968,13986.072,13968.741,13974.955,10724460,19472125448.0,SZ399001
2026-04-09 13:15:00,13974.974,13978.635,13957.699,13957.699,8302636,16090481232.0,SZ399001
2026-04-09 13:20:00,13957.456,13969.065,13952.581,13960.003,8632046,17191841317.0,SZ399001
2026-04-09 13:25:00,13959.274,13989.695,13954.078,13985.555,8476982,16071458123.0,SZ399001
2026-04-09 13:30:00,13985.161,13993.286,13984.131,13988.508,7443209,13349083202.0,SZ399001
2026-04-09 13:35:00,13989.623,14015.641,13985.602,14008.254,7995987,14803411400.0,SZ399001
2026-04-09 13:40:00,14007.89,14022.682,14005.166,14014.898,6767291,13638299617.0,SZ399001
2026-04-09 13:45:00,14014.027,14031.986,14013.31,14031.986,6971739,14180973198.0,SZ399001
2026-04-09 13:50:00,14032.944,14038.6,14018.772,14021.079,7304721,14948822993.0,SZ399001
2026-04-09 13:55:00,14021.855,14021.864,14007.316,14011.169,6106992,12161842920.0,SZ399001
2026-04-09 14:00:00,14011.308,14019.325,14011.233,14012.044,6107600,12556110691.0,SZ399001
2026-04-09 14:05:00,14011.83,14027.456,14007.543,14025.454,8329196,14872284281.0,SZ399001
2026-04-09 14:10:00,14026.261,14035.386,14020.529,14021.217,7027485,13271803989.0,SZ399001
2026-04-09 14:15:00,14021.593,14023.902,14015.711,14017.036,6541133,12072670306.0,SZ399001
2026-04-09 14:20:00,14016.939,14017.173,14007.402,14007.402,6707819,12518092075.0,SZ399001
2026-04-09 14:25:00,14006.904,14015.856,14005.07,14014.036,5963236,11894372622.0,SZ399001
2026-04-09 14:30:00,14013.393,14019.453,14004.257,14007.885,7410906,14447030995.0,SZ399001
2026-04-09 14:35:00,14007.47,14009.73,13991.473,13995.917,10263354,17721639482.0,SZ399001
2026-04-09 14:40:00,13996.579,13998.522,13991.889,13993.706,8463538,15620110406.0,SZ399001
2026-04-09 14:45:00,13993.355,13993.355,13980.973,13981.981,10810186,19969061742.0,SZ399001
2026-04-09 14:50:00,13982.67,13992.554,13981.906,13992.554,12635905,22896040491.0,SZ399001
2026-04-09 14:55:00,13992.657,13999.399,13992.657,13998.223,15957135,28560806389.0,SZ399001
2026-04-09 15:00:00,13997.646,13998.625,13996.23,13996.265,18053590,31062173709.0,SZ399001
2026-04-10 09:35:00,14098.016,14159.267,14095.882,14157.27,75988266,149655817075.0,SZ399001
2026-04-10 09:40:00,14158.536,14191.214,14156.299,14180.836,43639403,85524981877.0,SZ399001
2026-04-10 09:45:00,14182.601,14221.564,14182.601,14221.564,31484061,66537360846.0,SZ399001
2026-04-10 09:50:00,14221.787,14250.143,14221.787,14228.45,26856607,53947249397.0,SZ399001
2026-04-10 09:55:00,14230.577,14251.181,14222.338,14251.181,23064871,46369918858.0,SZ399001
2026-04-10 10:00:00,14251.359,14299.475,14249.246,14299.475,22234418,46127989749.0,SZ399001
2026-04-10 10:05:00,14299.805,14302.575,14286.237,14294.307,20922178,43594466386.0,SZ399001
2026-04-10 10:10:00,14295.228,14339.54,14295.228,14331.504,17170922,37899494896.0,SZ399001
2026-04-10 10:15:00,14331.396,14350.175,14310.934,14318.113,17185422,36700102901.0,SZ399001
2026-04-10 10:20:00,14318.474,14328.068,14294.401,14305.421,15128203,31242178565.0,SZ399001
2026-04-10 10:25:00,14305.47,14322.578,14295.044,14321.154,12303757,27479836954.0,SZ399001
2026-04-10 10:30:00,14321.357,14331.948,14287.61,14287.61,11424831,23886358451.0,SZ399001
2026-04-10 10:35:00,14285.661,14289.081,14266.491,14266.491,13601494,28685392907.0,SZ399001
2026-04-10 10:40:00,14265.754,14279.291,14255.612,14255.885,12855165,24820204096.0,SZ399001
2026-04-10 10:45:00,14255.535,14273.574,14255.535,14256.66,12672334,25272920022.0,SZ399001
2026-04-10 10:50:00,14253.981,14282.409,14245.331,14282.409,10941614,22586067159.0,SZ399001
2026-04-10 10:55:00,14282.616,14302.905,14281.97,14297.117,8673079,18644864394.0,SZ399001
2026-04-10 11:00:00,14297.006,14308.592,14282.527,14283.012,9025781,17312726814.0,SZ399001
2026-04-10 11:05:00,14281.849,14287.91,14244.671,14247.655,10290080,19556427991.0,SZ399001
2026-04-10 11:10:00,14248.187,14253.694,14228.233,14228.233,9733901,18227534120.0,SZ399001
2026-04-10 11:15:00,14227.964,14236.856,14222.091,14222.091,8837054,17496660467.0,SZ399001
2026-04-10 11:20:00,14222.598,14242.062,14221.891,14242.062,7078861,14419084744.0,SZ399001
2026-04-10 11:25:00,14240.864,14260.883,14240.864,14260.883,5972615,12659547100.0,SZ399001
2026-04-10 11:30:00,14260.809,14268.061,14239.887,14239.887,7905122,13944491722.0,SZ399001
2026-04-10 13:05:00,14246.394,14312.199,14246.394,14312.141,14649253,32476980077.0,SZ399001
2026-04-10 13:10:00,14312.099,14326.081,14308.66,14310.318,8679360,20791222279.0,SZ399001
2026-04-10 13:15:00,14308.101,14311.448,14263.521,14272.509,12717526,24836816572.0,SZ399001
2026-04-10 13:20:00,14271.805,14289.645,14265.181,14289.61,9955601,19626049521.0,SZ399001
2026-04-10 13:25:00,14290.497,14303.357,14283.81,14300.807,7767034,16577307336.0,SZ399001
2026-04-10 13:30:00,14301.703,14321.981,14298.089,14303.583,7903978,16540744815.0,SZ399001
2026-04-10 13:35:00,14301.815,14330.743,14295.964,14330.743,8468791,17753828421.0,SZ399001
2026-04-10 13:40:00,14331.848,14342.398,14326.64,14336.61,6845337,16584822243.0,SZ399001
2026-04-10 13:45:00,14336.884,14343.271,14327.738,14340.91,6873253,15676956566.0,SZ399001
2026-04-10 13:50:00,14340.123,14358.87,14339.404,14358.671,6604147,15037302173.0,SZ399001
2026-04-10 13:55:00,14359.936,14373.758,14359.569,14373.758,6586023,14990235754.0,SZ399001
2026-04-10 14:00:00,14373.651,14381.054,14369.948,14369.948,7234852,15392186293.0,SZ399001
2026-04-10 14:05:00,14369.976,14382.611,14358.777,14358.777,8253021,16867199513.0,SZ399001
2026-04-10 14:10:00,14358.939,14366.954,14350.203,14364.768,6664256,14694824154.0,SZ399001
2026-04-10 14:15:00,14364.837,14373.081,14363.565,14365.869,6817684,14286278659.0,SZ399001
2026-04-10 14:20:00,14366.149,14369.433,14345.058,14345.562,8908335,16869545482.0,SZ399001
2026-04-10 14:25:00,14345.992,14366.033,14345.511,14365.043,7197868,15411367229.0,SZ399001
2026-04-10 14:30:00,14366.263,14369.5,14360.272,14360.605,7067193,14814147484.0,SZ399001
2026-04-10 14:35:00,14360.031,14368.779,14360.031,14361.5,8874845,18042402962.0,SZ399001
2026-04-10 14:40:00,14361.37,14365.655,14344.713,14344.713,9460457,19083101179.0,SZ399001
2026-04-10 14:45:00,14344.618,14345.308,14326.269,14326.372,12976511,25624611971.0,SZ399001
2026-04-10 14:50:00,14326.556,14327.257,14307.625,14307.953,14560932,28725057199.0,SZ399001
2026-04-10 14:55:00,14308.323,14314.918,14301.703,14303.133,19330425,37604804921.0,SZ399001
2026-04-10 15:00:00,14302.837,14309.472,14299.816,14309.472,19339448,36305118609.0,SZ399001
2026-04-13 09:35:00,14233.112,14312.871,14233.112,14308.255,82409090,156977240451.0,SZ399001
2026-04-13 09:40:00,14308.732,14340.701,14287.588,14317.392,38744285,80841290821.0,SZ399001
2026-04-13 09:45:00,14322.975,14349.667,14311.201,14313.604,31342528,65158901920.0,SZ399001
2026-04-13 09:50:00,14313.511,14330.057,14281.814,14330.057,26885882,54139667914.0,SZ399001
2026-04-13 09:55:00,14330.125,14357.796,14316.491,14357.796,23348871,45315605673.0,SZ399001
2026-04-13 10:00:00,14357.826,14390.026,14353.79,14390.026,18445213,37005887442.0,SZ399001
2026-04-13 10:05:00,14390.979,14403.91,14381.493,14382.019,17400681,35896815458.0,SZ399001
2026-04-13 10:10:00,14381.966,14399.315,14378.798,14378.798,14760927,31356288497.0,SZ399001
2026-04-13 10:15:00,14378.898,14398.986,14370.731,14398.986,13214081,27178116443.0,SZ399001
2026-04-13 10:20:00,14399.282,14409.08,14384.387,14384.67,12747626,26109350096.0,SZ399001
2026-04-13 10:25:00,14383.984,14388.497,14366.093,14377.651,11836052,23906060538.0,SZ399001
2026-04-13 10:30:00,14378.22,14384.803,14367.597,14384.303,11738845,23151489131.0,SZ399001
2026-04-13 10:35:00,14385.418,14396.771,14372.201,14381.894,11129007,22477860643.0,SZ399001
2026-04-13 10:40:00,14381.501,14388.265,14365.213,14367.237,10613637,21072894070.0,SZ399001
2026-04-13 10:45:00,14367.69,14376.157,14361.544,14369.293,10581646,21122151099.0,SZ399001
2026-04-13 10:50:00,14367.418,14367.418,14339.55,14343.295,9740888,18862793242.0,SZ399001
2026-04-13 10:55:00,14342.944,14345.059,14326.093,14329.135,9117324,17424764604.0,SZ399001
2026-04-13 11:00:00,14329.309,14354.706,14329.309,14349.676,6650516,14143990487.0,SZ399001
2026-04-13 11:05:00,14350.718,14350.718,14333.371,14336.927,6520382,13980972132.0,SZ399001
2026-04-13 11:10:00,14337.173,14351.287,14327.485,14327.485,6958609,14110570404.0,SZ399001
2026-04-13 11:15:00,14326.471,14331.623,14316.888,14327.968,7671498,15246877168.0,SZ399001
2026-04-13 11:20:00,14326.271,14331.521,14321.197,14327.597,6307005,13557551834.0,SZ399001
2026-04-13 11:25:00,14328.607,14330.765,14315.754,14315.781,6232704,12728072034.0,SZ399001
2026-04-13 11:30:00,14315.456,14336.513,14315.456,14336.513,6624025,12164792696.0,SZ399001
2026-04-13 13:05:00,14338.84,14370.479,14338.84,14362.702,14434443,28133784052.0,SZ399001
2026-04-13 13:10:00,14363.754,14365.753,14341.576,14365.032,10936206,21713828083.0,SZ399001
2026-04-13 13:15:00,14364.753,14364.753,14349.214,14349.214,8475984,16185762573.0,SZ399001
2026-04-13 13:20:00,14348.474,14376.833,14344.682,14374.666,8478327,16611827645.0,SZ399001
2026-04-13 13:25:00,14375.159,14391.646,14368.215,14391.026,7491505,16361395540.0,SZ399001
2026-04-13 13:30:00,14391.525,14403.517,14391.525,14402.583,7445197,15096226834.0,SZ399001
2026-04-13 13:35:00,14403.373,14412.837,14400.588,14406.945,9480381,17277697467.0,SZ399001
2026-04-13 13:40:00,14406.983,14431.693,14406.983,14429.705,9846634,17433827856.0,SZ399001
2026-04-13 13:45:00,14429.2,14431.068,14410.906,14430.696,7327214,15252202902.0,SZ399001
2026-04-13 13:50:00,14430.985,14431.417,14410.709,14420.308,6642295,14739038777.0,SZ399001
2026-04-13 13:55:00,14421.409,14430.783,14418.986,14430.455,6496403,13844194597.0,SZ399001
2026-04-13 14:00:00,14429.417,14429.417,14412.018,14417.389,6358186,12721008460.0,SZ399001
2026-04-13 14:05:00,14418.219,14440.265,14418.219,14433.999,8472611,15043428687.0,SZ399001
2026-04-13 14:10:00,14434.464,14434.464,14418.209,14427.231,6477539,12766644028.0,SZ399001
2026-04-13 14:15:00,14427.462,14427.975,14408.703,14409.508,7116229,13066931257.0,SZ399001
2026-04-13 14:20:00,14409.185,14410.102,14401.569,14410.102,6898162,13173960589.0,SZ399001
2026-04-13 14:25:00,14409.771,14412.665,14403.748,14410.53,6427590,12789845917.0,SZ399001
2026-04-13 14:30:00,14409.788,14411.801,14405.773,14411.801,6702222,12715174641.0,SZ399001
2026-04-13 14:35:00,14410.593,14410.593,14386.628,14386.628,9506217,18197970969.0,SZ399001
2026-04-13 14:40:00,14385.886,14397.732,14385.859,14388.457,8988616,17092466030.0,SZ399001
2026-04-13 14:45:00,14388.879,14403.619,14387.91,14401.752,10667317,20376892652.0,SZ399001
2026-04-13 14:50:00,14400.153,14400.502,14393.434,14399.297,12614520,23219511015.0,SZ399001
2026-04-13 14:55:00,14399.79,14403.907,14397.224,14403.547,16834702,30796835357.0,SZ399001
2026-04-13 15:00:00,14404.027,14410.102,14403.432,14407.864,18496755,32391400553.0,SZ399001
2026-04-14 09:35:00,14514.688,14524.048,14476.704,14480.695,82453851,166716448101.0,SZ399001
2026-04-14 09:40:00,14480.249,14507.799,14463.93,14498.743,40558203,79906912586.0,SZ399001
2026-04-14 09:45:00,14504.162,14510.139,14489.582,14504.748,33172010,63931716534.0,SZ399001
2026-04-14 09:50:00,14505.496,14523.037,14496.524,14510.928,27740356,54990389102.0,SZ399001
2026-04-14 09:55:00,14509.258,14562.694,14509.258,14555.029,24458444,48825955052.0,SZ399001
2026-04-14 10:00:00,14555.829,14559.221,14546.36,14558.069,19036839,40260174663.0,SZ399001
2026-04-14 10:05:00,14556.797,14576.76,14541.781,14543.545,18702273,39041804246.0,SZ399001
2026-04-14 10:10:00,14543.312,14560.222,14542.457,14560.222,15093177,32627053572.0,SZ399001
2026-04-14 10:15:00,14559.848,14575.288,14558.795,14573.322,14845012,31888502732.0,SZ399001
2026-04-14 10:20:00,14572.209,14579.055,14556.669,14565.698,14082616,29484424907.0,SZ399001
2026-04-14 10:25:00,14566.626,14576.685,14564.541,14570.962,12765481,27151496739.0,SZ399001
2026-04-14 10:30:00,14571.251,14588.626,14571.251,14587.96,11801525,26148369653.0,SZ399001
2026-04-14 10:35:00,14587.315,14598.962,14578.765,14588.463,13057226,26146806573.0,SZ399001
2026-04-14 10:40:00,14590.737,14597.82,14573.22,14584.404,14388986,25505033229.0,SZ399001
2026-04-14 10:45:00,14584.834,14601.38,14584.436,14598.984,10991603,22005860197.0,SZ399001
2026-04-14 10:50:00,14599.222,14623.516,14595.942,14614.453,10361238,21323317879.0,SZ399001
2026-04-14 10:55:00,14613.778,14620.867,14602.965,14610.676,8989639,19232199838.0,SZ399001
2026-04-14 11:00:00,14609.41,14611.784,14581.398,14581.826,9680715,18875032073.0,SZ399001
2026-04-14 11:05:00,14581.699,14584.911,14569.692,14572.145,9296409,19080553924.0,SZ399001
2026-04-14 11:10:00,14571.194,14589.569,14569.429,14588.7,8263447,16588022595.0,SZ399001
2026-04-14 11:15:00,14588.748,14597.526,14584.791,14589.844,7390877,15966211480.0,SZ399001
2026-04-14 11:20:00,14589.632,14600.231,14581.645,14600.231,6876049,15603036689.0,SZ399001
2026-04-14 11:25:00,14599.284,14601.436,14582.47,14595.238,6761150,15328522811.0,SZ399001
2026-04-14 11:30:00,14595.901,14604.456,14595.901,14603.344,7526802,15054253334.0,SZ399001
2026-04-14 13:05:00,14607.521,14607.521,14560.891,14561.088,16000954,32926576186.0,SZ399001
2026-04-14 13:10:00,14560.236,14572.465,14553.668,14561.158,10450069,22896197598.0,SZ399001
2026-04-14 13:15:00,14560.566,14562.732,14542.698,14543.246,8730841,20010140305.0,SZ399001
2026-04-14 13:20:00,14542.571,14543.161,14516.766,14520.794,9430368,22017480750.0,SZ399001
2026-04-14 13:25:00,14521.428,14524.69,14489.964,14489.964,9772575,22494832868.0,SZ399001
2026-04-14 13:30:00,14490.467,14497.723,14481.059,14497.723,10543218,23536717075.0,SZ399001
2026-04-14 13:35:00,14498.573,14507.226,14466.367,14466.367,12058185,23808144983.0,SZ399001
2026-04-14 13:40:00,14466.101,14502.495,14466.101,14498.151,9334380,19630669042.0,SZ399001
2026-04-14 13:45:00,14498.731,14524.218,14498.731,14519.947,7624465,15172108717.0,SZ399001
2026-04-14 13:50:00,14518.169,14527.427,14506.984,14506.984,6786814,14307759078.0,SZ399001
2026-04-14 13:55:00,14507.426,14510.186,14491.465,14498.719,9142632,15681417752.0,SZ399001
2026-04-14 14:00:00,14498.393,14514.341,14494.17,14513.735,7362700,13068190789.0,SZ399001
2026-04-14 14:05:00,14513.756,14532.498,14513.756,14524.016,7987874,15024617750.0,SZ399001
2026-04-14 14:10:00,14522.574,14526.41,14515.05,14526.41,8134965,14901503610.0,SZ399001
2026-04-14 14:15:00,14526.619,14527.289,14514.013,14514.102,7405416,14772154980.0,SZ399001
2026-04-14 14:20:00,14514.194,14529.006,14513.866,14524.967,7249691,14258706360.0,SZ399001
2026-04-14 14:25:00,14525.023,14544.42,14524.899,14540.596,7238154,15382963670.0,SZ399001
2026-04-14 14:30:00,14540.245,14543.308,14531.833,14535.218,7547675,15852338213.0,SZ399001
2026-04-14 14:35:00,14536.266,14557.264,14536.266,14557.264,9436738,19146082883.0,SZ399001
2026-04-14 14:40:00,14557.03,14590.519,14553.051,14587.062,12677140,24210992717.0,SZ399001
2026-04-14 14:45:00,14587.08,14602.772,14581.09,14602.772,12776566,25312207325.0,SZ399001
2026-04-14 14:50:00,14602.253,14630.409,14602.253,14623.826,16673733,32389102246.0,SZ399001
2026-04-14 14:55:00,14622.276,14635.221,14615.439,14635.221,20103559,38701533250.0,SZ399001
2026-04-14 15:00:00,14635.213,14640.769,14634.58,14639.952,20614324,38104015071.0,SZ399001
2026-04-15 09:35:00,14736.009,14738.533,14692.089,14700.466,88674829,174993946979.0,SZ399001
2026-04-15 09:40:00,14697.281,14707.59,14674.724,14677.718,46626437,92147719391.0,SZ399001
2026-04-15 09:45:00,14676.543,14698.942,14645.696,14666.697,36427619,75059019907.0,SZ399001
2026-04-15 09:50:00,14668.522,14700.084,14668.522,14677.654,28042169,57097122023.0,SZ399001
2026-04-15 09:55:00,14678.284,14680.382,14625.911,14627.385,25419496,52556802757.0,SZ399001
2026-04-15 10:00:00,14626.328,14652.737,14626.328,14649.109,21844418,43600545279.0,SZ399001
2026-04-15 10:05:00,14648.916,14678.249,14646.267,14661.989,21466487,40632454045.0,SZ399001
2026-04-15 10:10:00,14661.243,14667.681,14637.003,14648.455,17385460,33925904910.0,SZ399001
2026-04-15 10:15:00,14647.401,14647.401,14606.813,14618.534,17400445,34227780524.0,SZ399001
2026-04-15 10:20:00,14617.136,14638.734,14617.136,14637.437,13112040,27141863425.0,SZ399001
2026-04-15 10:25:00,14637.212,14637.523,14613.783,14614.869,13323633,25334236082.0,SZ399001
2026-04-15 10:30:00,14613.801,14631.082,14606.7,14623.327,12157123,23802249595.0,SZ399001
2026-04-15 10:35:00,14621.968,14631.786,14595.843,14604.058,14466095,27449790936.0,SZ399001
2026-04-15 10:40:00,14603.77,14621.176,14600.974,14613.337,12448100,24376705310.0,SZ399001
2026-04-15 10:45:00,14613.185,14617.319,14605.791,14610.1,10433962,22641990533.0,SZ399001
2026-04-15 10:50:00,14610.578,14614.246,14583.063,14592.553,10563701,22749728849.0,SZ399001
2026-04-15 10:55:00,14594.186,14599.016,14575.89,14576.643,10065787,21504447846.0,SZ399001
2026-04-15 11:00:00,14575.671,14598.341,14574.961,14575.179,8508001,17904524609.0,SZ399001
2026-04-15 11:05:00,14573.817,14573.817,14555.543,14555.832,10025846,19350540621.0,SZ399001
2026-04-15 11:10:00,14555.825,14555.892,14539.361,14548.489,9377382,18752991610.0,SZ399001
2026-04-15 11:15:00,14548.264,14572.989,14548.264,14572.989,7234383,15277491337.0,SZ399001
2026-04-15 11:20:00,14572.413,14597.348,14572.413,14585.69,6996524,14830943337.0,SZ399001
2026-04-15 11:25:00,14585.421,14585.421,14561.272,14564.708,7468402,13974093660.0,SZ399001
2026-04-15 11:30:00,14565.729,14603.939,14565.729,14603.608,6691935,12513400536.0,SZ399001
2026-04-15 13:05:00,14605.712,14612.323,14583.7,14601.072,13054829,25417749189.0,SZ399001
2026-04-15 13:10:00,14602.232,14639.187,14601.607,14613.368,8785396,18538300083.0,SZ399001
2026-04-15 13:15:00,14613.704,14618.223,14586.099,14588.738,8684200,17567694357.0,SZ399001
2026-04-15 13:20:00,14589.079,14595.124,14579.557,14589.552,9162374,18280106676.0,SZ399001
2026-04-15 13:25:00,14589.585,14597.977,14555.95,14558.041,9797666,19769681549.0,SZ399001
2026-04-15 13:30:00,14558.652,14566.299,14540.374,14548.519,8350041,18281944271.0,SZ399001
2026-04-15 13:35:00,14549.108,14556.532,14542.011,14542.968,8371942,17712389391.0,SZ399001
2026-04-15 13:40:00,14542.282,14542.282,14520.148,14534.097,8619175,17986724767.0,SZ399001
2026-04-15 13:45:00,14534.384,14553.357,14534.384,14538.991,6936702,13897395019.0,SZ399001
2026-04-15 13:50:00,14539.72,14539.797,14513.961,14515.362,8069438,16213186096.0,SZ399001
2026-04-15 13:55:00,14515.671,14543.015,14515.671,14543.015,6516740,13587142767.0,SZ399001
2026-04-15 14:00:00,14542.531,14552.356,14540.265,14548.263,6039291,12054182380.0,SZ399001
2026-04-15 14:05:00,14549.896,14557.946,14520.409,14522.078,7854849,15157253055.0,SZ399001
2026-04-15 14:10:00,14522.035,14522.197,14499.318,14499.318,8733428,17548133408.0,SZ399001
2026-04-15 14:15:00,14499.022,14501.334,14493.251,14495.982,8211866,17008667165.0,SZ399001
2026-04-15 14:20:00,14497.167,14498.17,14480.195,14497.357,11517609,20854884921.0,SZ399001
2026-04-15 14:25:00,14498.161,14507.48,14483.278,14483.392,7751866,15363021666.0,SZ399001
2026-04-15 14:30:00,14482.783,14501.889,14478.237,14493.935,8355149,16763555640.0,SZ399001
2026-04-15 14:35:00,14494.333,14501.746,14459.403,14461.521,11476388,21575129137.0,SZ399001
2026-04-15 14:40:00,14461.451,14464.372,14449.657,14454.986,12924966,25255395946.0,SZ399001
2026-04-15 14:45:00,14454.768,14463.033,14446.64,14446.64,12570801,24193240550.0,SZ399001
2026-04-15 14:50:00,14447.116,14462.53,14440.209,14462.53,14489488,28375643789.0,SZ399001
2026-04-15 14:55:00,14462.635,14494.21,14462.635,14494.21,17302214,31597751238.0,SZ399001
2026-04-15 15:00:00,14494.645,14501.586,14492.781,14498.455,17632892,31547458402.0,SZ399001
2026-04-16 09:35:00,14546.353,14561.904,14522.86,14555.455,83576569,152131349566.0,SZ399001
2026-04-16 09:40:00,14560.23,14577.292,14560.23,14575.087,41690122,80410941651.0,SZ399001
2026-04-16 09:45:00,14578.069,14635.969,14575.917,14622.549,30781513,62547571109.0,SZ399001
2026-04-16 09:50:00,14621.923,14642.733,14603.585,14642.733,26223438,55019302875.0,SZ399001
2026-04-16 09:55:00,14643.858,14659.078,14642.232,14646.248,22378472,45434691987.0,SZ399001
2026-04-16 10:00:00,14644.997,14682.673,14634.081,14682.673,19749496,40764597178.0,SZ399001
2026-04-16 10:05:00,14682.838,14704.769,14677.141,14700.996,18693300,41233971256.0,SZ399001
2026-04-16 10:10:00,14704.042,14719.077,14699.201,14707.76,17326033,36298949183.0,SZ399001
2026-04-16 10:15:00,14707.828,14715.144,14694.785,14704.815,14837341,33230626579.0,SZ399001
2026-04-16 10:20:00,14705.019,14705.828,14673.541,14673.541,14575486,31838671982.0,SZ399001
2026-04-16 10:25:00,14672.673,14683.721,14656.949,14657.23,13308841,28726846027.0,SZ399001
2026-04-16 10:30:00,14657.319,14667.395,14653.774,14654.618,12047769,25073862662.0,SZ399001
2026-04-16 10:35:00,14652.862,14680.801,14652.862,14671.934,11678315,23528713278.0,SZ399001
2026-04-16 10:40:00,14671.854,14694.095,14671.854,14692.837,10296334,20707283389.0,SZ399001
2026-04-16 10:45:00,14694.058,14701.568,14674.701,14681.682,10033739,21171738795.0,SZ399001
2026-04-16 10:50:00,14682.624,14698.542,14679.709,14691.84,10615207,21120979207.0,SZ399001
2026-04-16 10:55:00,14691.802,14699.788,14684.96,14686.254,9980934,19696732913.0,SZ399001
2026-04-16 11:00:00,14685.945,14728.282,14685.945,14714.969,9941647,19521131304.0,SZ399001
2026-04-16 11:05:00,14714.556,14724.398,14711.927,14723.347,9134803,19123596642.0,SZ399001
2026-04-16 11:10:00,14723.509,14751.116,14723.509,14737.919,9474034,19827196171.0,SZ399001
2026-04-16 11:15:00,14737.818,14741.732,14707.787,14722.738,8604541,17657656471.0,SZ399001
2026-04-16 11:20:00,14722.569,14736.15,14719.942,14727.399,6854732,15430813983.0,SZ399001
2026-04-16 11:25:00,14727.023,14742.878,14724.76,14735.149,7137898,15165115839.0,SZ399001
2026-04-16 11:30:00,14734.914,14743.22,14726.67,14743.22,7222901,15458927758.0,SZ399001
2026-04-16 13:05:00,14748.822,14761.373,14727.095,14727.234,16736260,36336695566.0,SZ399001
2026-04-16 13:10:00,14729.369,14740.189,14700.456,14706.46,11728764,24189558321.0,SZ399001
2026-04-16 13:15:00,14705.199,14714.948,14698.78,14712.919,9858286,20047659822.0,SZ399001
2026-04-16 13:20:00,14711.871,14731.874,14705.19,14730.638,9145999,19083317101.0,SZ399001
2026-04-16 13:25:00,14730.571,14733.214,14723.225,14724.583,8745683,17890505085.0,SZ399001
2026-04-16 13:30:00,14725.261,14725.261,14709.457,14718.149,7912731,17150956405.0,SZ399001
2026-04-16 13:35:00,14719.154,14733.875,14718.884,14726.921,9491139,18138275002.0,SZ399001
2026-04-16 13:40:00,14726.863,14735.562,14723.541,14725.751,8466780,17189800592.0,SZ399001
2026-04-16 13:45:00,14725.061,14735.468,14717.84,14717.84,8016924,16527364064.0,SZ399001
2026-04-16 13:50:00,14715.207,14735.108,14715.046,14728.309,7636097,15064169855.0,SZ399001
2026-04-16 13:55:00,14727.355,14744.811,14727.355,14744.3,10226469,16649285928.0,SZ399001
2026-04-16 14:00:00,14743.993,14751.778,14743.333,14751.435,7872187,15057438200.0,SZ399001
2026-04-16 14:05:00,14751.548,14751.836,14731.149,14739.423,8344069,15770568922.0,SZ399001
2026-04-16 14:10:00,14739.722,14756.828,14735.115,14756.532,9075405,16169664965.0,SZ399001
2026-04-16 14:15:00,14755.707,14774.132,14755.707,14774.132,9409823,16707951308.0,SZ399001
2026-04-16 14:20:00,14774.968,14776.735,14764.327,14775.233,8333147,16193665928.0,SZ399001
2026-04-16 14:25:00,14776.435,14780.516,14770.349,14780.488,8176231,16069135741.0,SZ399001
2026-04-16 14:30:00,14779.906,14780.025,14767.975,14773.966,9313517,17217947468.0,SZ399001
2026-04-16 14:35:00,14774.317,14795.749,14774.317,14793.861,11894039,22140388838.0,SZ399001
2026-04-16 14:40:00,14793.455,14801.717,14791.943,14795.054,11416543,22147753637.0,SZ399001
2026-04-16 14:45:00,14794.637,14801.379,14791.561,14801.221,12671806,23949713269.0,SZ399001
2026-04-16 14:50:00,14800.554,14807.162,14798.628,14806.783,14936706,28389049290.0,SZ399001
2026-04-16 14:55:00,14804.474,14804.474,14796.384,14799.975,20169061,37426211996.0,SZ399001
2026-04-16 15:00:00,14798.727,14802.925,14795.774,14796.335,20714887,38496498990.0,SZ399001
2026-04-17 09:35:00,14806.28,14819.342,14787.87,14811.896,80180619,167522682316.0,SZ399001
2026-04-17 09:40:00,14811.747,14827.036,14803.759,14806.549,44395972,91517959795.0,SZ399001
2026-04-17 09:45:00,14808.064,14848.467,14808.064,14848.467,36498007,76778262871.0,SZ399001
2026-04-17 09:50:00,14848.783,14856.171,14833.638,14849.148,30672797,63850233570.0,SZ399001
2026-04-17 09:55:00,14849.9,14867.594,14837.864,14855.808,27008904,54312941751.0,SZ399001
2026-04-17 10:00:00,14857.553,14876.301,14833.509,14833.509,26925647,50380402703.0,SZ399001
2026-04-17 10:05:00,14834.292,14844.803,14816.573,14837.854,19605823,44216722249.0,SZ399001
2026-04-17 10:10:00,14838.368,14843.57,14813.872,14818.978,18401236,37171023249.0,SZ399001
2026-04-17 10:15:00,14816.222,14816.222,14795.845,14811.894,17455047,36343088672.0,SZ399001
2026-04-17 10:20:00,14811.674,14840.371,14811.674,14838.179,16419705,32204788670.0,SZ399001
2026-04-17 10:25:00,14839.119,14857.09,14839.119,14850.485,13654954,27387670672.0,SZ399001
2026-04-17 10:30:00,14849.776,14877.691,14849.776,14865.611,11624815,25631153526.0,SZ399001
2026-04-17 10:35:00,14865.267,14869.079,14851.045,14858.72,11379514,24019297822.0,SZ399001
2026-04-17 10:40:00,14856.205,14866.978,14852.406,14865.676,9818164,19566742756.0,SZ399001
2026-04-17 10:45:00,14865.783,14869.925,14857.298,14866.725,8833852,18924630301.0,SZ399001
2026-04-17 10:50:00,14866.382,14888.943,14864.542,14865.278,9021792,19252260106.0,SZ399001
2026-04-17 10:55:00,14864.989,14864.989,14829.022,14839.502,9841660,20030564323.0,SZ399001
2026-04-17 11:00:00,14839.085,14865.22,14839.085,14863.368,9086867,18222953279.0,SZ399001
2026-04-17 11:05:00,14863.014,14870.814,14850.261,14854.039,8928206,18721500268.0,SZ399001
2026-04-17 11:10:00,14853.927,14873.586,14850.677,14869.712,7593083,16245074380.0,SZ399001
2026-04-17 11:15:00,14868.109,14871.882,14864.973,14867.355,7074165,15852399800.0,SZ399001
2026-04-17 11:20:00,14868.628,14877.629,14867.222,14868.166,7545484,16542325537.0,SZ399001
2026-04-17 11:25:00,14869.037,14876.991,14861.15,14867.514,7168352,15746434260.0,SZ399001
2026-04-17 11:30:00,14867.457,14869.243,14840.59,14845.893,7623124,15410952702.0,SZ399001
2026-04-17 13:05:00,14848.368,14859.587,14837.001,14837.912,14228043,28933166872.0,SZ399001
2026-04-17 13:10:00,14837.32,14837.32,14815.801,14824.897,9977902,20200625193.0,SZ399001
2026-04-17 13:15:00,14825.852,14855.796,14825.419,14855.789,8279236,18028443646.0,SZ399001
2026-04-17 13:20:00,14854.927,14869.773,14854.421,14866.745,8326800,18531133792.0,SZ399001
2026-04-17 13:25:00,14867.767,14880.611,14862.071,14880.348,10084772,20082452453.0,SZ399001
2026-04-17 13:30:00,14880.342,14889.954,14875.702,14875.958,8486369,17168139540.0,SZ399001
2026-04-17 13:35:00,14875.555,14875.555,14856.41,14856.41,8661451,17364773900.0,SZ399001
2026-04-17 13:40:00,14855.74,14870.323,14849.885,14860.792,10469990,17669845689.0,SZ399001
2026-04-17 13:45:00,14859.149,14866.715,14849.235,14866.715,7950705,15262354893.0,SZ399001
2026-04-17 13:50:00,14866.447,14896.452,14866.207,14895.498,10586389,19109704130.0,SZ399001
2026-04-17 13:55:00,14895.197,14913.118,14890.533,14910.063,10320890,19369223818.0,SZ399001
2026-04-17 14:00:00,14910.774,14916.392,14897.974,14898.948,9200342,18121996663.0,SZ399001
2026-04-17 14:05:00,14898.994,14911.462,14898.994,14901.121,8088915,17060633805.0,SZ399001
2026-04-17 14:10:00,14900.117,14912.027,14886.127,14886.127,8766489,17128812905.0,SZ399001
2026-04-17 14:15:00,14886.25,14895.039,14880.736,14881.438,7578398,15395269952.0,SZ399001
2026-04-17 14:20:00,14881.725,14881.725,14860.45,14861.989,8664616,16345522864.0,SZ399001
2026-04-17 14:25:00,14861.848,14877.755,14859.395,14877.521,7873088,15020129895.0,SZ399001
2026-04-17 14:30:00,14876.485,14876.485,14867.042,14867.042,8007196,15333417021.0,SZ399001
2026-04-17 14:35:00,14866.64,14887.724,14866.64,14882.674,10063843,19501923855.0,SZ399001
2026-04-17 14:40:00,14881.681,14884.777,14874.592,14878.623,10639980,19395122107.0,SZ399001
2026-04-17 14:45:00,14877.733,14877.984,14865.335,14872.126,11791005,23246718571.0,SZ399001
2026-04-17 14:50:00,14872.706,14878.573,14872.706,14875.505,13298393,26275237234.0,SZ399001
2026-04-17 14:55:00,14875.088,14877.585,14871.889,14877.267,18608634,35150813620.0,SZ399001
2026-04-17 15:00:00,14876.014,14885.416,14876.014,14885.416,19203264,36515504759.0,SZ399001
2026-04-20 09:35:00,14870.9,14875.416,14845.97,14855.577,87292840,177639557169.0,SZ399001
2026-04-20 09:40:00,14855.723,14896.96,14849.023,14883.126,42922618,92407729763.0,SZ399001
2026-04-20 09:45:00,14878.108,14922.954,14874.34,14903.992,37302840,78994215980.0,SZ399001
2026-04-20 09:50:00,14902.734,14956.219,14902.734,14955.246,29844087,61361087525.0,SZ399001
2026-04-20 09:55:00,14954.273,14988.735,14952.0,14988.311,25009272,54226611507.0,SZ399001
2026-04-20 10:00:00,14987.92,15004.756,14983.566,15004.756,20663764,46207947423.0,SZ399001
2026-04-20 10:05:00,15004.484,15004.484,14972.714,14972.714,21844350,45737232749.0,SZ399001
2026-04-20 10:10:00,14972.876,15002.083,14971.189,14985.866,20993613,43729482137.0,SZ399001
2026-04-20 10:15:00,14984.162,14987.548,14945.619,14958.676,19176894,38637855379.0,SZ399001
2026-04-20 10:20:00,14957.945,14962.725,14932.182,14962.036,19485530,36046446929.0,SZ399001
2026-04-20 10:25:00,14962.049,14967.048,14952.383,14958.996,16733312,31824851617.0,SZ399001
2026-04-20 10:30:00,14960.462,14999.579,14960.462,14992.709,13068810,27008091759.0,SZ399001
2026-04-20 10:35:00,14993.107,15002.31,14983.786,14999.035,11667366,25332044620.0,SZ399001
2026-04-20 10:40:00,14999.273,15000.285,14983.977,14984.369,10447576,23252637133.0,SZ399001
2026-04-20 10:45:00,14983.594,15000.484,14971.149,14972.279,10837995,22916285888.0,SZ399001
2026-04-20 10:50:00,14971.883,14980.084,14963.237,14980.084,10578112,21480884433.0,SZ399001
2026-04-20 10:55:00,14979.82,14988.492,14975.283,14987.175,9711149,20812582966.0,SZ399001
2026-04-20 11:00:00,14986.92,14994.504,14976.234,14994.504,9455830,21791460106.0,SZ399001
2026-04-20 11:05:00,14994.215,15006.917,14969.972,14972.038,10887801,24640551822.0,SZ399001
2026-04-20 11:10:00,14971.321,14971.321,14941.859,14943.487,9654969,22058198242.0,SZ399001
2026-04-20 11:15:00,14941.813,14942.354,14929.972,14932.863,9145650,20319147572.0,SZ399001
2026-04-20 11:20:00,14933.29,14933.29,14903.053,14918.003,9783060,21098343390.0,SZ399001
2026-04-20 11:25:00,14918.596,14947.765,14917.436,14947.482,7989510,17184433448.0,SZ399001
2026-04-20 11:30:00,14948.155,14974.789,14948.155,14974.781,7723509,16463877763.0,SZ399001
2026-04-20 13:05:00,14977.696,14998.834,14967.667,14993.944,15984264,33114102827.0,SZ399001
2026-04-20 13:10:00,14992.784,14993.777,14974.579,14993.777,10015120,22852926310.0,SZ399001
2026-04-20 13:15:00,14992.742,14995.107,14978.248,14982.986,10245402,22054969004.0,SZ399001
2026-04-20 13:20:00,14982.885,15000.243,14982.885,14988.266,10374551,19219823073.0,SZ399001
2026-04-20 13:25:00,14986.57,14987.589,14959.158,14965.263,10031546,20466342547.0,SZ399001
2026-04-20 13:30:00,14964.793,14972.923,14949.922,14959.525,9137796,18867955665.0,SZ399001
2026-04-20 13:35:00,14960.423,14965.818,14951.967,14951.967,8693132,18662854383.0,SZ399001
2026-04-20 13:40:00,14950.205,14957.613,14933.208,14933.353,9468174,20106590220.0,SZ399001
2026-04-20 13:45:00,14932.6,14933.797,14918.003,14923.729,10089701,20284744855.0,SZ399001
2026-04-20 13:50:00,14924.465,14945.182,14924.465,14936.144,8251188,16172725025.0,SZ399001
2026-04-20 13:55:00,14936.583,14938.5,14924.242,14937.964,8327264,16800078982.0,SZ399001
2026-04-20 14:00:00,14938.369,14938.369,14918.399,14923.632,7439546,16044070237.0,SZ399001
2026-04-20 14:05:00,14923.843,14944.506,14920.594,14944.506,7443350,15555424956.0,SZ399001
2026-04-20 14:10:00,14945.395,14947.693,14941.033,14941.522,6775685,14261312388.0,SZ399001
2026-04-20 14:15:00,14941.476,14951.181,14939.242,14939.961,7080560,15310592646.0,SZ399001
2026-04-20 14:20:00,14940.547,14952.19,14940.547,14948.583,7432741,15431360086.0,SZ399001
2026-04-20 14:25:00,14949.433,14951.592,14941.469,14942.771,7481071,15132940572.0,SZ399001
2026-04-20 14:30:00,14943.794,14947.666,14938.064,14939.142,8392213,16130906660.0,SZ399001
2026-04-20 14:35:00,14938.747,14945.922,14936.726,14941.555,10357839,18942628732.0,SZ399001
2026-04-20 14:40:00,14940.812,14951.518,14937.233,14948.422,10343656,20320782007.0,SZ399001
2026-04-20 14:45:00,14949.032,14958.255,14947.635,14954.153,12408631,23530575091.0,SZ399001
2026-04-20 14:50:00,14954.462,14961.384,14951.391,14960.201,14264077,27781786383.0,SZ399001
2026-04-20 14:55:00,14960.396,14965.474,14954.574,14964.917,19992526,36910388176.0,SZ399001
2026-04-20 15:00:00,14965.415,14972.673,14965.415,14966.747,21081596,39064639729.0,SZ399001
2026-04-21 09:35:00,14920.384,14920.384,14876.54,14908.347,86482912,164898100585.0,SZ399001
2026-04-21 09:40:00,14910.439,14910.439,14792.899,14793.73,51413909,97460650109.0,SZ399001
2026-04-21 09:45:00,14793.845,14849.541,14774.076,14849.541,39842632,76764034934.0,SZ399001
2026-04-21 09:50:00,14851.991,14870.18,14846.804,14870.18,32808256,62946805465.0,SZ399001
2026-04-21 09:55:00,14869.951,14869.951,14840.845,14853.005,27622445,52642132326.0,SZ399001
2026-04-21 10:00:00,14853.258,14874.381,14841.919,14874.052,19652613,39591378480.0,SZ399001
2026-04-21 10:05:00,14872.231,14888.378,14859.566,14874.877,18957273,37763804771.0,SZ399001
2026-04-21 10:10:00,14875.82,14885.317,14857.417,14857.417,17761446,35231758523.0,SZ399001
2026-04-21 10:15:00,14856.956,14857.425,14838.555,14838.555,15532251,30680964697.0,SZ399001
2026-04-21 10:20:00,14838.366,14850.376,14832.331,14850.376,15222212,29500199485.0,SZ399001
2026-04-21 10:25:00,14851.514,14851.514,14823.428,14827.048,15371750,30029609007.0,SZ399001
2026-04-21 10:30:00,14826.718,14848.971,14821.207,14837.964,13405430,26832377664.0,SZ399001
2026-04-21 10:35:00,14840.045,14865.896,14839.742,14851.307,11989436,25066874472.0,SZ399001
2026-04-21 10:40:00,14851.038,14854.003,14840.607,14849.845,10713660,21593447703.0,SZ399001
2026-04-21 10:45:00,14850.472,14882.316,14850.472,14873.739,9669958,19033079168.0,SZ399001
2026-04-21 10:50:00,14873.081,14885.735,14861.826,14881.398,9300122,19012076828.0,SZ399001
2026-04-21 10:55:00,14881.934,14891.429,14874.657,14889.535,8679684,17775074675.0,SZ399001
2026-04-21 11:00:00,14889.936,14903.568,14886.852,14898.482,8838797,17569699515.0,SZ399001
2026-04-21 11:05:00,14898.424,14905.507,14886.717,14890.149,7580842,15959578769.0,SZ399001
2026-04-21 11:10:00,14890.369,14890.369,14861.066,14861.916,8387929,15694076966.0,SZ399001
2026-04-21 11:15:00,14860.069,14863.971,14853.922,14863.775,7192765,14489141760.0,SZ399001
2026-04-21 11:20:00,14864.95,14875.459,14863.627,14863.754,6363100,12572752242.0,SZ399001
2026-04-21 11:25:00,14864.7,14864.87,14851.632,14857.434,6945700,13177086925.0,SZ399001
2026-04-21 11:30:00,14857.501,14858.714,14847.657,14854.077,8847234,14734310997.0,SZ399001
2026-04-21 13:05:00,14855.679,14910.064,14855.679,14895.103,16029576,30676225908.0,SZ399001
2026-04-21 13:10:00,14894.881,14929.599,14894.881,14925.945,8624924,20048235158.0,SZ399001
2026-04-21 13:15:00,14924.645,14951.754,14918.147,14951.754,8203236,18901055315.0,SZ399001
2026-04-21 13:20:00,14951.835,14972.894,14942.343,14947.362,10371565,22847934383.0,SZ399001
2026-04-21 13:25:00,14948.34,14953.131,14941.208,14947.101,7259191,16406045383.0,SZ399001
2026-04-21 13:30:00,14947.554,14973.161,14944.971,14966.057,7059385,17402050644.0,SZ399001
2026-04-21 13:35:00,14966.781,14985.302,14966.406,14978.765,9777512,18561135035.0,SZ399001
2026-04-21 13:40:00,14977.573,15002.737,14977.573,15002.737,9233367,18044901590.0,SZ399001
2026-04-21 13:45:00,15002.861,15016.673,15002.861,15016.606,9611293,19041492418.0,SZ399001
2026-04-21 13:50:00,15016.969,15017.75,14989.897,14990.517,8461658,18256425906.0,SZ399001
2026-04-21 13:55:00,14989.728,14998.568,14979.679,14992.81,6937633,15427681376.0,SZ399001
2026-04-21 14:00:00,14992.913,14998.57,14962.507,14962.507,7672416,15671754957.0,SZ399001
2026-04-21 14:05:00,14962.501,14968.667,14952.09,14957.101,9043758,16996202636.0,SZ399001
2026-04-21 14:10:00,14956.546,14965.032,14950.152,14953.997,8408579,16341701792.0,SZ399001
2026-04-21 14:15:00,14952.879,14956.614,14938.424,14938.554,8216112,15857204532.0,SZ399001
2026-04-21 14:20:00,14938.489,14948.504,14937.309,14947.582,8419423,15978655224.0,SZ399001
2026-04-21 14:25:00,14948.8,14963.684,14946.795,14963.684,8128366,14978502518.0,SZ399001
2026-04-21 14:30:00,14962.03,14968.905,14957.505,14968.905,8892256,16450606557.0,SZ399001
2026-04-21 14:35:00,14969.077,14985.724,14969.077,14982.06,11433966,20490040565.0,SZ399001
2026-04-21 14:40:00,14981.985,14985.072,14976.946,14980.35,9409200,18884361963.0,SZ399001
2026-04-21 14:45:00,14979.723,14982.603,14973.706,14979.426,10894939,21495085275.0,SZ399001
2026-04-21 14:50:00,14978.369,14991.866,14978.369,14988.77,13306301,26233334852.0,SZ399001
2026-04-21 14:55:00,14989.113,14992.543,14988.808,14991.617,18358630,34143722190.0,SZ399001
2026-04-21 15:00:00,14990.621,14991.344,14982.14,14982.14,18814396,35041216315.0,SZ399001
2026-04-22 09:35:00,14897.963,14985.057,14897.963,14985.057,78814385,148255982394.0,SZ399001
2026-04-22 09:40:00,14983.404,15027.297,14976.593,15025.204,42024115,84506934726.0,SZ399001
2026-04-22 09:45:00,15021.437,15046.823,15017.946,15039.476,33059307,66335173428.0,SZ399001
2026-04-22 09:50:00,15044.249,15061.223,15027.4,15033.924,26230982,55887706336.0,SZ399001
2026-04-22 09:55:00,15031.379,15032.217,15016.432,15016.432,24671503,50859175418.0,SZ399001
2026-04-22 10:00:00,15015.997,15018.16,14988.099,14988.648,21647327,45412528614.0,SZ399001
2026-04-22 10:05:00,14987.785,14989.648,14958.2,14989.648,24067519,50093141933.0,SZ399001
2026-04-22 10:10:00,14989.136,15006.032,14977.022,15006.032,18531226,39064853965.0,SZ399001
2026-04-22 10:15:00,15007.415,15015.217,14995.492,14996.74,15767160,33419183314.0,SZ399001
2026-04-22 10:20:00,14996.629,15022.572,14996.629,15022.572,13243530,28080798285.0,SZ399001
2026-04-22 10:25:00,15023.849,15025.141,15017.959,15020.412,11963401,26665790476.0,SZ399001
2026-04-22 10:30:00,15019.905,15040.273,15016.806,15032.615,11705019,25042159135.0,SZ399001
2026-04-22 10:35:00,15033.289,15046.085,15031.799,15043.253,12857171,27419715919.0,SZ399001
2026-04-22 10:40:00,15041.988,15057.974,15036.242,15036.242,11386486,25615995318.0,SZ399001
2026-04-22 10:45:00,15034.968,15043.157,15022.003,15031.572,10990459,23269711434.0,SZ399001
2026-04-22 10:50:00,15031.438,15037.356,15011.741,15012.597,10717960,23571676568.0,SZ399001
2026-04-22 10:55:00,15013.683,15024.512,15009.166,15010.201,11042459,22873239938.0,SZ399001
2026-04-22 11:00:00,15008.73,15024.391,15003.264,15024.391,9033875,18759755320.0,SZ399001
2026-04-22 11:05:00,15024.446,15048.902,15020.878,15045.817,8552355,18317316137.0,SZ399001
2026-04-22 11:10:00,15044.414,15046.046,15034.656,15034.863,9095191,18155386455.0,SZ399001
2026-04-22 11:15:00,15033.281,15033.281,15000.967,15018.847,8249978,17325733054.0,SZ399001
2026-04-22 11:20:00,15019.603,15033.854,15019.603,15021.851,7881162,19441173148.0,SZ399001
2026-04-22 11:25:00,15021.935,15038.818,15012.191,15038.185,7903626,17625143792.0,SZ399001
2026-04-22 11:30:00,15038.269,15080.36,15030.873,15076.147,8379203,19658250907.0,SZ399001
2026-04-22 13:05:00,15079.583,15099.179,15060.877,15061.066,15311792,35219669872.0,SZ399001
2026-04-22 13:10:00,15061.363,15082.399,15053.942,15074.481,9925557,22828021728.0,SZ399001
2026-04-22 13:15:00,15074.901,15104.925,15074.901,15101.258,9097625,21753987057.0,SZ399001
2026-04-22 13:20:00,15100.627,15104.403,15083.831,15104.215,9734191,21432245807.0,SZ399001
2026-04-22 13:25:00,15104.249,15118.878,15097.138,15118.878,10514793,21856835052.0,SZ399001
2026-04-22 13:30:00,15118.894,15125.167,15101.681,15125.056,9981233,22684955164.0,SZ399001
2026-04-22 13:35:00,15125.61,15140.284,15121.124,15139.974,9971066,22127768920.0,SZ399001
2026-04-22 13:40:00,15138.726,15138.726,15122.704,15130.622,9179568,21381217820.0,SZ399001
2026-04-22 13:45:00,15129.994,15134.537,15121.502,15121.502,8992022,19811947191.0,SZ399001
2026-04-22 13:50:00,15120.368,15123.09,15110.587,15111.132,9099611,20570734639.0,SZ399001
2026-04-22 13:55:00,15112.109,15126.018,15112.109,15118.991,8193899,19114973884.0,SZ399001
2026-04-22 14:00:00,15119.671,15129.321,15104.68,15129.321,8646220,18045794467.0,SZ399001
2026-04-22 14:05:00,15129.386,15149.123,15129.386,15143.354,9373922,21119036727.0,SZ399001
2026-04-22 14:10:00,15142.842,15150.191,15125.114,15126.931,8563661,18926698657.0,SZ399001
2026-04-22 14:15:00,15126.557,15126.855,15109.609,15111.283,9288860,19169809423.0,SZ399001
2026-04-22 14:20:00,15111.646,15130.51,15111.646,15129.316,8326967,17560000646.0,SZ399001
2026-04-22 14:25:00,15129.554,15147.344,15129.412,15146.732,8447048,17704112820.0,SZ399001
2026-04-22 14:30:00,15146.859,15150.762,15142.092,15147.823,8469461,18157531316.0,SZ399001
2026-04-22 14:35:00,15147.87,15162.093,15144.7,15159.301,10292988,22421774093.0,SZ399001
2026-04-22 14:40:00,15158.659,15168.505,15156.956,15165.629,10751745,22663068113.0,SZ399001
2026-04-22 14:45:00,15165.259,15169.057,15160.937,15169.057,12447762,25627930753.0,SZ399001
2026-04-22 14:50:00,15168.669,15181.633,15168.669,15181.228,15971816,32735795222.0,SZ399001
2026-04-22 14:55:00,15180.639,15181.534,15175.042,15180.332,20470813,39286267625.0,SZ399001
2026-04-22 15:00:00,15179.836,15182.822,15177.286,15177.286,20087574,38302513416.0,SZ399001
2026-04-23 09:35:00,15234.216,15248.431,15226.603,15226.751,85235035,183413236837.0,SZ399001
2026-04-23 09:40:00,15229.445,15236.892,15213.56,15229.707,47570364,102032992842.0,SZ399001
2026-04-23 09:45:00,15230.515,15233.845,15184.646,15185.034,48198409,88621273612.0,SZ399001
2026-04-23 09:50:00,15185.285,15198.214,15137.131,15152.984,37938857,76380823355.0,SZ399001
2026-04-23 09:55:00,15153.32,15164.827,15044.381,15066.931,39023093,86604493152.0,SZ399001
2026-04-23 10:00:00,15068.584,15104.485,15063.963,15085.654,25934080,58017616575.0,SZ399001
2026-04-23 10:05:00,15088.215,15114.831,15086.073,15102.066,22291324,49894307146.0,SZ399001
2026-04-23 10:10:00,15100.282,15118.682,15085.425,15118.682,18398659,41910034738.0,SZ399001
2026-04-23 10:15:00,15117.942,15117.942,15054.586,15078.68,18198996,42925025409.0,SZ399001
2026-04-23 10:20:00,15078.829,15126.151,15071.526,15118.658,15605374,34235966987.0,SZ399001
2026-04-23 10:25:00,15116.69,15170.195,15114.269,15165.086,15074251,33639386571.0,SZ399001
2026-04-23 10:30:00,15165.067,15165.067,15117.152,15120.021,13094562,28830667305.0,SZ399001
2026-04-23 10:35:00,15120.47,15131.774,15101.333,15113.714,11597829,25579397367.0,SZ399001
2026-04-23 10:40:00,15112.361,15112.361,15074.677,15074.708,11752449,24287400911.0,SZ399001
2026-04-23 10:45:00,15073.218,15073.279,15037.439,15037.783,12609317,28556976910.0,SZ399001
2026-04-23 10:50:00,15037.615,15049.832,15016.461,15049.832,13166751,27537181040.0,SZ399001
2026-04-23 10:55:00,15049.682,15059.592,15038.902,15052.781,9136266,19370600957.0,SZ399001
2026-04-23 11:00:00,15052.378,15083.142,15052.378,15067.766,8280029,17540151109.0,SZ399001
2026-04-23 11:05:00,15066.923,15077.695,15050.927,15050.927,8623556,17443541874.0,SZ399001
2026-04-23 11:10:00,15048.715,15048.715,15007.537,15011.902,11337850,21370373480.0,SZ399001
2026-04-23 11:15:00,15011.698,15011.747,14992.903,15003.182,9364443,18758765681.0,SZ399001
2026-04-23 11:20:00,15001.068,15001.068,14971.771,14971.824,9893167,20151703207.0,SZ399001
2026-04-23 11:25:00,14972.104,14978.119,14940.031,14949.309,12155760,25026163055.0,SZ399001
2026-04-23 11:30:00,14949.359,14959.982,14944.647,14945.199,8844649,18199585164.0,SZ399001
2026-04-23 13:05:00,14941.622,14966.287,14934.676,14958.922,16285628,33292689488.0,SZ399001
2026-04-23 13:10:00,14959.049,14973.343,14936.182,14973.343,9201360,19190614761.0,SZ399001
2026-04-23 13:15:00,14973.763,15015.824,14967.815,15015.745,8811140,19255564234.0,SZ399001
2026-04-23 13:20:00,15016.173,15056.33,15016.173,15055.485,9000336,20420634747.0,SZ399001
2026-04-23 13:25:00,15055.436,15062.617,15005.172,15005.172,8194618,18257552343.0,SZ399001
2026-04-23 13:30:00,15004.026,15010.344,14991.684,15010.344,9917833,16742993857.0,SZ399001
2026-04-23 13:35:00,15011.886,15058.2,15007.579,15054.548,8420974,16792651890.0,SZ399001
2026-04-23 13:40:00,15052.138,15067.12,15045.741,15046.318,8577607,17825081858.0,SZ399001
2026-04-23 13:45:00,15045.388,15077.284,15035.967,15073.15,10280089,18411108492.0,SZ399001
2026-04-23 13:50:00,15073.383,15104.264,15073.383,15104.264,9390656,18718579077.0,SZ399001
2026-04-23 13:55:00,15103.557,15103.557,15061.084,15076.23,7818415,16584035628.0,SZ399001
2026-04-23 14:00:00,15077.013,15113.925,15077.013,15112.211,7911888,15098399907.0,SZ399001
2026-04-23 14:05:00,15112.699,15128.451,15086.709,15094.331,8822711,17251656768.0,SZ399001
2026-04-23 14:10:00,15094.614,15095.368,15059.663,15059.663,7653457,14778519944.0,SZ399001
2026-04-23 14:15:00,15060.714,15071.477,15041.502,15041.502,7477916,14412006441.0,SZ399001
2026-04-23 14:20:00,15042.798,15047.541,15036.384,15038.986,8090821,14744712116.0,SZ399001
2026-04-23 14:25:00,15038.232,15038.445,15024.67,15037.946,8124375,15062444222.0,SZ399001
2026-04-23 14:30:00,15038.594,15046.651,15009.302,15009.302,8760188,16600443518.0,SZ399001
2026-04-23 14:35:00,15009.601,15028.418,15008.443,15028.418,11074899,19596855724.0,SZ399001
2026-04-23 14:40:00,15028.176,15051.734,15021.531,15047.159,10968320,18861201074.0,SZ399001
2026-04-23 14:45:00,15044.468,15066.219,15043.66,15062.562,11079489,21803422979.0,SZ399001
2026-04-23 14:50:00,15062.242,15072.287,15044.533,15044.533,14318638,26518525071.0,SZ399001
2026-04-23 14:55:00,15044.785,15054.407,15043.204,15049.594,18527917,34462744384.0,SZ399001
2026-04-23 15:00:00,15049.238,15051.736,15043.449,15043.449,18988473,35086108419.0,SZ399001
2026-04-24 09:35:00,14951.741,14998.535,14928.402,14928.402,85501842,171464549351.0,SZ399001
2026-04-24 09:40:00,14925.939,14952.742,14896.209,14930.232,47241744,93374931846.0,SZ399001
2026-04-24 09:45:00,14932.304,14956.341,14906.808,14911.823,39924484,75738913180.0,SZ399001
2026-04-24 09:50:00,14914.729,14950.471,14902.687,14950.471,30429148,57345332293.0,SZ399001
2026-04-24 09:55:00,14951.965,14951.965,14900.899,14903.603,26928793,52272971391.0,SZ399001
2026-04-24 10:00:00,14902.983,14904.667,14886.353,14899.85,22367314,44089780851.0,SZ399001
2026-04-24 10:05:00,14898.61,14898.61,14841.385,14842.1,22329610,48643369000.0,SZ399001
2026-04-24 10:10:00,14842.322,14866.155,14832.053,14858.551,19109468,40840132285.0,SZ399001
2026-04-24 10:15:00,14857.257,14894.644,14849.058,14894.644,14820443,31913577390.0,SZ399001
2026-04-24 10:20:00,14896.783,14906.252,14848.189,14850.117,14033374,31175388338.0,SZ399001
2026-04-24 10:25:00,14850.161,14880.699,14850.161,14856.205,12458802,26603642181.0,SZ399001
2026-04-24 10:30:00,14855.937,14871.911,14850.703,14852.929,11996148,23809779828.0,SZ399001
2026-04-24 10:35:00,14853.09,14918.309,14853.09,14908.428,13503016,27278631158.0,SZ399001
2026-04-24 10:40:00,14907.557,14935.075,14903.468,14935.075,11958809,27320259589.0,SZ399001
2026-04-24 10:45:00,14937.094,14953.656,14930.534,14937.236,12348503,28232160970.0,SZ399001
2026-04-24 10:50:00,14936.798,14948.27,14910.028,14910.028,11554622,25786280448.0,SZ399001
2026-04-24 10:55:00,14909.434,14921.066,14898.967,14921.014,10119354,22593279408.0,SZ399001
2026-04-24 11:00:00,14921.641,14929.926,14909.118,14929.283,10904678,22253476119.0,SZ399001
2026-04-24 11:05:00,14929.689,14931.771,14847.691,14847.691,11333307,28057069725.0,SZ399001
2026-04-24 11:10:00,14847.212,14857.681,14826.942,14831.5,9377198,25861207046.0,SZ399001
2026-04-24 11:15:00,14830.346,14839.391,14813.214,14813.565,7758671,20971333973.0,SZ399001
2026-04-24 11:20:00,14818.056,14840.089,14818.035,14832.226,7049714,17646138875.0,SZ399001
2026-04-24 11:25:00,14833.436,14863.628,14833.436,14841.071,7793653,16779565306.0,SZ399001
2026-04-24 11:30:00,14838.983,14840.306,14817.748,14837.688,8069374,18127909724.0,SZ399001
2026-04-24 13:05:00,14840.46,14886.229,14840.46,14855.896,14858759,35975127390.0,SZ399001
2026-04-24 13:10:00,14856.69,14859.327,14817.41,14818.104,9614015,22967579731.0,SZ399001
2026-04-24 13:15:00,14817.413,14822.085,14795.221,14822.085,9715944,24024958445.0,SZ399001
2026-04-24 13:20:00,14821.184,14834.411,14821.184,14824.226,8188952,18495167772.0,SZ399001
2026-04-24 13:25:00,14824.421,14856.677,14807.927,14850.322,8184775,18604055295.0,SZ399001
2026-04-24 13:30:00,14850.621,14884.586,14843.747,14883.438,7696982,18400518104.0,SZ399001
2026-04-24 13:35:00,14885.558,14902.876,14884.461,14890.706,8436288,18752102419.0,SZ399001
2026-04-24 13:40:00,14889.36,14931.198,14883.954,14931.198,7917868,17802923236.0,SZ399001
2026-04-24 13:45:00,14931.214,14932.009,14900.522,14915.417,6856118,16498925626.0,SZ399001
2026-04-24 13:50:00,14915.011,14915.011,14897.54,14897.54,6562271,14634917348.0,SZ399001
2026-04-24 13:55:00,14896.779,14911.935,14893.818,14911.935,6902795,15184423431.0,SZ399001
2026-04-24 14:00:00,14912.082,14917.245,14907.086,14913.623,7271572,14180822761.0,SZ399001
2026-04-24 14:05:00,14913.698,14951.975,14909.457,14951.975,9483082,17947047486.0,SZ399001
2026-04-24 14:10:00,14952.992,14980.497,14951.675,14980.497,9452510,20192556649.0,SZ399001
2026-04-24 14:15:00,14980.436,15001.278,14980.436,14995.934,9270905,22159085522.0,SZ399001
2026-04-24 14:20:00,14996.395,15017.315,14988.184,14988.851,8526877,19936875350.0,SZ399001
2026-04-24 14:25:00,14989.493,15027.15,14989.493,15026.79,10840403,20595911993.0,SZ399001
2026-04-24 14:30:00,15026.979,15027.713,15005.346,15005.346,8513712,17937013147.0,SZ399001
2026-04-24 14:35:00,15005.516,15025.547,14999.137,15025.547,10217686,21365132369.0,SZ399001
2026-04-24 14:40:00,15027.364,15033.671,15015.475,15015.475,10210006,23357740854.0,SZ399001
2026-04-24 14:45:00,15012.287,15012.287,14973.744,14978.268,12490938,25593149322.0,SZ399001
2026-04-24 14:50:00,14976.293,14976.293,14953.834,14954.204,13448836,26923405230.0,SZ399001
2026-04-24 14:55:00,14954.871,14961.624,14944.226,14944.226,17919015,34142388434.0,SZ399001
2026-04-24 15:00:00,14943.979,14944.797,14940.3,14940.3,18237061,35007568410.0,SZ399001
2026-04-27 09:35:00,14960.024,15015.313,14960.024,14966.605,97900998,194652097928.0,SZ399001
2026-04-27 09:40:00,14969.427,14978.991,14925.033,14941.718,50959832,100448772671.0,SZ399001
2026-04-27 09:45:00,14944.05,14968.205,14919.216,14949.829,42556483,79612130380.0,SZ399001
2026-04-27 09:50:00,14950.009,14995.194,14949.486,14982.092,31090027,62399025308.0,SZ399001
2026-04-27 09:55:00,14979.358,14994.724,14968.741,14989.368,24678807,52883827340.0,SZ399001
2026-04-27 10:00:00,14989.012,15011.905,14974.131,15011.905,19488910,42131769494.0,SZ399001
2026-04-27 10:05:00,15012.247,15047.748,15012.247,15012.761,19212575,44078107489.0,SZ399001
2026-04-27 10:10:00,15012.319,15012.319,14977.658,14995.496,17094151,37684895253.0,SZ399001
2026-04-27 10:15:00,14997.087,15008.535,14979.278,15008.342,14048535,32805010012.0,SZ399001
2026-04-27 10:20:00,15010.09,15038.972,15010.055,15022.903,13529353,30643616261.0,SZ399001
2026-04-27 10:25:00,15025.162,15050.696,15012.913,15034.79,12772510,28930963652.0,SZ399001
2026-04-27 10:30:00,15035.18,15048.608,15032.82,15033.434,11383201,26155155875.0,SZ399001
2026-04-27 10:35:00,15033.621,15033.621,15018.964,15021.054,11365391,24531176667.0,SZ399001
2026-04-27 10:40:00,15022.384,15042.314,15022.384,15036.942,10222958,22415007876.0,SZ399001
2026-04-27 10:45:00,15035.366,15054.459,15021.499,15032.934,10975929,22472850770.0,SZ399001
2026-04-27 10:50:00,15032.235,15033.097,15006.874,15016.899,10545816,21116298716.0,SZ399001
2026-04-27 10:55:00,15015.156,15028.642,15010.496,15015.984,8287935,17890985972.0,SZ399001
2026-04-27 11:00:00,15015.988,15030.006,15005.861,15021.229,7470507,15800131797.0,SZ399001
2026-04-27 11:05:00,15019.969,15021.574,14994.293,14996.447,8594636,17940160127.0,SZ399001
2026-04-27 11:10:00,14994.474,15018.011,14992.403,15014.779,8572428,16474514695.0,SZ399001
2026-04-27 11:15:00,15015.386,15015.386,15000.645,15007.283,8831636,16191084155.0,SZ399001
2026-04-27 11:20:00,15009.568,15019.369,15004.672,15011.291,8440619,14606971809.0,SZ399001
2026-04-27 11:25:00,15010.028,15022.456,15003.553,15014.219,7170423,13540736416.0,SZ399001
2026-04-27 11:30:00,15014.327,15019.745,15002.254,15018.542,6705670,13209094528.0,SZ399001
2026-04-27 13:05:00,15018.106,15036.307,15018.106,15022.569,15192801,32732653579.0,SZ399001
2026-04-27 13:10:00,15023.488,15023.488,14999.325,15008.017,9990788,22015719566.0,SZ399001
2026-04-27 13:15:00,15008.3,15017.243,15001.916,15005.26,10342580,20231296648.0,SZ399001
2026-04-27 13:20:00,15005.28,15021.607,14991.956,15019.717,9041482,20013535435.0,SZ399001
2026-04-27 13:25:00,15020.313,15046.886,15019.751,15035.172,9852691,20309389758.0,SZ399001
2026-04-27 13:30:00,15034.777,15044.361,15028.137,15044.065,8677791,20054751354.0,SZ399001
2026-04-27 13:35:00,15043.737,15049.508,15028.473,15028.98,9103260,21075680322.0,SZ399001
2026-04-27 13:40:00,15028.388,15028.388,14997.706,14998.771,8965719,19584235013.0,SZ399001
2026-04-27 13:45:00,14999.116,15005.024,14986.686,14994.083,8116881,17931200457.0,SZ399001
2026-04-27 13:50:00,14995.144,15012.614,14994.347,15012.614,8080484,16719612820.0,SZ399001
2026-04-27 13:55:00,15014.094,15019.113,15000.85,15000.85,8005882,16326241475.0,SZ399001
2026-04-27 14:00:00,15000.774,15000.774,14989.523,14997.907,8188993,16187742867.0,SZ399001
2026-04-27 14:05:00,14997.225,14998.997,14989.919,14996.205,10546553,17154055648.0,SZ399001
2026-04-27 14:10:00,14997.402,14998.257,14988.397,14993.527,8541908,15468611882.0,SZ399001
2026-04-27 14:15:00,14994.248,14994.248,14979.261,14981.926,8358265,16402021169.0,SZ399001
2026-04-27 14:20:00,14982.098,14984.522,14965.303,14965.303,8586110,17589738549.0,SZ399001
2026-04-27 14:25:00,14965.949,14989.739,14965.78,14989.584,8138918,17665042622.0,SZ399001
2026-04-27 14:30:00,14989.4,14994.588,14985.187,14990.055,7675454,16449435175.0,SZ399001
2026-04-27 14:35:00,14988.903,14990.401,14978.657,14980.018,10055521,19772887449.0,SZ399001
2026-04-27 14:40:00,14979.135,14985.736,14975.513,14984.8,9821883,20051994343.0,SZ399001
2026-04-27 14:45:00,14983.945,14992.838,14982.326,14992.838,11530401,23072173628.0,SZ399001
2026-04-27 14:50:00,14992.309,15001.09,14991.751,15000.384,14045832,27389090559.0,SZ399001
2026-04-27 14:55:00,14999.358,15001.177,14995.208,14999.919,18368643,35220467748.0,SZ399001
2026-04-27 15:00:00,14999.789,15002.357,14995.748,14995.748,18801831,35367461629.0,SZ399001
2026-04-28 09:35:00,14925.217,14925.217,14852.328,14897.456,92453137,176686113555.0,SZ399001
2026-04-28 09:40:00,14898.41,14901.564,14832.561,14838.266,50528992,98735906166.0,SZ399001
2026-04-28 09:45:00,14834.744,14894.379,14831.452,14875.409,38754269,75222681185.0,SZ399001
2026-04-28 09:50:00,14875.776,14924.782,14874.0,14915.798,28871484,58765045630.0,SZ399001
2026-04-28 09:55:00,14916.372,14930.388,14891.207,14930.388,29419378,56667233397.0,SZ399001
2026-04-28 10:00:00,14930.756,14941.759,14889.502,14897.979,23118778,46067402805.0,SZ399001
2026-04-28 10:05:00,14896.504,14896.504,14846.081,14860.664,25014729,49321077445.0,SZ399001
2026-04-28 10:10:00,14861.257,14861.81,14834.337,14837.623,20564279,42374024824.0,SZ399001
2026-04-28 10:15:00,14838.197,14869.48,14838.197,14869.48,15428248,32194749613.0,SZ399001
2026-04-28 10:20:00,14869.252,14890.569,14868.924,14877.627,15143312,30372236938.0,SZ399001
2026-04-28 10:25:00,14877.338,14878.72,14857.732,14868.447,12270123,25735644212.0,SZ399001
2026-04-28 10:30:00,14871.232,14897.249,14871.232,14892.728,12329408,25930113878.0,SZ399001
2026-04-28 10:35:00,14893.222,14900.523,14862.805,14865.662,11833990,24318224943.0,SZ399001
2026-04-28 10:40:00,14865.882,14874.654,14844.368,14854.262,10765151,22930845258.0,SZ399001
2026-04-28 10:45:00,14853.907,14886.358,14853.632,14886.358,9077381,19301572254.0,SZ399001
2026-04-28 10:50:00,14886.454,14889.892,14861.305,14864.428,8711898,18279989023.0,SZ399001
2026-04-28 10:55:00,14865.515,14873.419,14861.409,14865.468,8695147,17902484307.0,SZ399001
2026-04-28 11:00:00,14865.456,14866.767,14851.278,14866.767,8098391,16946560307.0,SZ399001
2026-04-28 11:05:00,14867.726,14880.786,14866.207,14877.939,8034526,17265208357.0,SZ399001
2026-04-28 11:10:00,14877.823,14892.051,14869.412,14871.468,7745517,16059389068.0,SZ399001
2026-04-28 11:15:00,14872.113,14878.971,14862.037,14874.08,8322716,16109797191.0,SZ399001
2026-04-28 11:20:00,14874.346,14912.219,14865.251,14912.219,7446947,15181202860.0,SZ399001
2026-04-28 11:25:00,14914.417,14918.855,14907.329,14917.898,6871439,15244196006.0,SZ399001
2026-04-28 11:30:00,14918.072,14939.285,14914.525,14934.834,6999032,16609764861.0,SZ399001
2026-04-28 13:05:00,14936.212,14943.355,14913.998,14921.363,13418157,28260470545.0,SZ399001
2026-04-28 13:10:00,14920.921,14925.103,14880.002,14884.485,9971758,21343905625.0,SZ399001
2026-04-28 13:15:00,14884.041,14887.696,14873.481,14874.158,9008406,18561666625.0,SZ399001
2026-04-28 13:20:00,14873.57,14889.974,14868.221,14879.726,9087376,18015888032.0,SZ399001
2026-04-28 13:25:00,14879.104,14895.066,14879.104,14891.964,9597951,17091736263.0,SZ399001
2026-04-28 13:30:00,14891.891,14896.365,14877.632,14878.68,10386699,18244516800.0,SZ399001
2026-04-28 13:35:00,14878.709,14880.675,14852.561,14852.959,12672126,21738522166.0,SZ399001
2026-04-28 13:40:00,14853.228,14853.228,14821.389,14836.549,12019543,21941807530.0,SZ399001
2026-04-28 13:45:00,14836.653,14847.161,14830.756,14834.408,8119965,16123433295.0,SZ399001
2026-04-28 13:50:00,14833.748,14842.229,14828.15,14830.09,7736125,14695154080.0,SZ399001
2026-04-28 13:55:00,14829.714,14834.898,14809.873,14834.898,9795500,18139872437.0,SZ399001
2026-04-28 14:00:00,14834.709,14837.691,14822.612,14834.464,7767678,14341958623.0,SZ399001
2026-04-28 14:05:00,14833.957,14834.66,14823.608,14830.613,7597427,15061114066.0,SZ399001
2026-04-28 14:10:00,14829.271,14843.605,14824.625,14840.978,8729323,15603242557.0,SZ399001
2026-04-28 14:15:00,14840.861,14853.474,14835.284,14848.32,8156103,14817245553.0,SZ399001
2026-04-28 14:20:00,14848.095,14848.095,14815.208,14815.288,9322214,17883758658.0,SZ399001
2026-04-28 14:25:00,14815.383,14816.056,14800.653,14800.661,9029983,17655005658.0,SZ399001
2026-04-28 14:30:00,14799.551,14799.551,14786.693,14791.459,10292575,19806231408.0,SZ399001
2026-04-28 14:35:00,14792.273,14796.583,14772.79,14772.79,12137409,22921640883.0,SZ399001
2026-04-28 14:40:00,14772.754,14806.994,14772.464,14800.116,12225064,22865776250.0,SZ399001
2026-04-28 14:45:00,14801.357,14815.423,14794.84,14815.322,11747587,22413131568.0,SZ399001
2026-04-28 14:50:00,14815.343,14831.478,14815.343,14819.751,13874010,26312560898.0,SZ399001
2026-04-28 14:55:00,14821.008,14829.124,14821.008,14825.026,17153114,32187826410.0,SZ399001
2026-04-28 15:00:00,14824.372,14830.455,14822.982,14830.455,17383182,32104344324.0,SZ399001
2026-04-29 09:35:00,14751.418,14876.386,14751.418,14875.584,92155874,158527079218.0,SZ399001
2026-04-29 09:40:00,14877.806,14892.69,14856.495,14889.995,42630521,77703131561.0,SZ399001
2026-04-29 09:45:00,14892.625,14938.477,14892.625,14927.606,33201714,64600545515.0,SZ399001
2026-04-29 09:50:00,14926.131,14926.131,14891.393,14915.295,29621439,54845923692.0,SZ399001
2026-04-29 09:55:00,14915.104,14928.278,14900.701,14900.701,24580865,43926181895.0,SZ399001
2026-04-29 10:00:00,14901.712,14901.712,14880.867,14884.844,22483492,42394013337.0,SZ399001
2026-04-29 10:05:00,14886.345,14888.514,14836.085,14838.059,23648814,48499062719.0,SZ399001
2026-04-29 10:10:00,14840.057,14888.338,14834.076,14881.853,23101125,43986301056.0,SZ399001
2026-04-29 10:15:00,14883.276,14930.167,14883.276,14927.246,17655296,34149526764.0,SZ399001
2026-04-29 10:20:00,14927.541,14941.887,14919.91,14924.941,15357434,30286338580.0,SZ399001
2026-04-29 10:25:00,14928.212,14940.091,14916.286,14925.534,14221565,29064421590.0,SZ399001
2026-04-29 10:30:00,14924.747,14926.127,14907.922,14925.968,12759604,23659747106.0,SZ399001
2026-04-29 10:35:00,14925.858,14951.704,14925.695,14948.862,13929275,27996068329.0,SZ399001
2026-04-29 10:40:00,14948.811,14970.092,14945.444,14953.175,11852264,26524210405.0,SZ399001
2026-04-29 10:45:00,14952.18,14965.245,14946.533,14962.43,10921565,23846299096.0,SZ399001
2026-04-29 10:50:00,14962.228,14994.16,14961.087,14994.013,10425071,23443158770.0,SZ399001
2026-04-29 10:55:00,14993.811,15010.128,14993.097,15000.861,9478639,22142771563.0,SZ399001
2026-04-29 11:00:00,15000.656,15020.206,14993.866,15018.132,9219911,21867026505.0,SZ399001
2026-04-29 11:05:00,15018.46,15040.532,15018.46,15022.379,9488135,23013889531.0,SZ399001
2026-04-29 11:10:00,15023.754,15048.106,15018.446,15040.694,9841215,20715135787.0,SZ399001
2026-04-29 11:15:00,15043.801,15061.136,15043.801,15056.578,8973796,19138912537.0,SZ399001
2026-04-29 11:20:00,15059.255,15076.759,15054.373,15054.373,8725054,19913665930.0,SZ399001
2026-04-29 11:25:00,15053.232,15059.776,15041.05,15045.204,7467637,16776197740.0,SZ399001
2026-04-29 11:30:00,15045.295,15069.423,15038.475,15064.273,7732977,17691267319.0,SZ399001
2026-04-29 13:05:00,15067.409,15071.36,15051.454,15069.864,15688334,33925668354.0,SZ399001
2026-04-29 13:10:00,15069.011,15073.965,15059.118,15066.596,10955843,23337569126.0,SZ399001
2026-04-29 13:15:00,15066.987,15072.151,15061.414,15067.485,10657586,23986901685.0,SZ399001
2026-04-29 13:20:00,15065.564,15071.948,15038.198,15047.127,11183698,23879149762.0,SZ399001
2026-04-29 13:25:00,15047.731,15064.463,15037.715,15060.914,9625229,20848364624.0,SZ399001
2026-04-29 13:30:00,15061.325,15073.496,15059.301,15071.529,9342913,19443836055.0,SZ399001
2026-04-29 13:35:00,15071.732,15072.223,15058.225,15059.868,10324200,20302497351.0,SZ399001
2026-04-29 13:40:00,15060.137,15062.684,15054.521,15061.92,8793390,18614053144.0,SZ399001
2026-04-29 13:45:00,15062.638,15089.92,15062.638,15089.89,8744402,19977628244.0,SZ399001
2026-04-29 13:50:00,15089.103,15103.004,15089.103,15097.678,8765142,20486759207.0,SZ399001
2026-04-29 13:55:00,15097.55,15110.377,15097.228,15105.121,8406873,18943760367.0,SZ399001
2026-04-29 14:00:00,15106.067,15107.703,15094.247,15099.304,7853747,16940839906.0,SZ399001
2026-04-29 14:05:00,15097.806,15109.959,15096.822,15109.915,9268782,19124613727.0,SZ399001
2026-04-29 14:10:00,15108.774,15109.118,15099.875,15109.118,8215807,16824913495.0,SZ399001
2026-04-29 14:15:00,15110.455,15118.092,15110.332,15111.835,8817330,18500785123.0,SZ399001
2026-04-29 14:20:00,15111.963,15123.974,15105.957,15123.809,8825912,17911705608.0,SZ399001
2026-04-29 14:25:00,15124.191,15135.747,15117.364,15134.798,9390552,18695303031.0,SZ399001
2026-04-29 14:30:00,15135.766,15139.711,15129.327,15131.061,9515023,18776499945.0,SZ399001
2026-04-29 14:35:00,15130.423,15134.535,15121.395,15121.395,12362044,23752215153.0,SZ399001
2026-04-29 14:40:00,15120.966,15129.491,15114.103,15127.942,11906199,24199505804.0,SZ399001
2026-04-29 14:45:00,15128.417,15130.909,15122.835,15123.671,12808152,25352548904.0,SZ399001
2026-04-29 14:50:00,15124.007,15126.18,15121.389,15123.421,15168655,29633739459.0,SZ399001
2026-04-29 14:55:00,15122.189,15122.189,15116.575,15117.528,20663701,38482753366.0,SZ399001
2026-04-29 15:00:00,15116.658,15120.923,15115.127,15120.923,19623602,36869248160.0,SZ399001
2026-04-30 09:35:00,15157.0678,15186.120000000004,15153.14,15176.005400000004,92220729,172795219579.625,SZ399001
2026-04-30 09:40:00,15173.2919,15179.570200000006,15145.659899999995,15174.3188,50023748,95706911608.34103,SZ399001
2026-04-30 09:45:00,15176.4747,15181.328600000006,15141.763999999994,15165.852,36629776,73746358754.56702,SZ399001
2026-04-30 09:50:00,15165.286300000002,15165.286300000003,15117.927999999994,15132.192900000004,33712216,67744500071.962006,SZ399001
2026-04-30 09:55:00,15128.501000000004,15149.504200000012,15099.604699999996,15147.215500000017,28201364,56867034969.72801,SZ399001
2026-04-30 10:00:00,15145.583200000005,15167.606000000009,15141.526599999996,15167.60600000002,24503320,47586297386.95099,SZ399001
2026-04-30 10:05:00,15166.364700000002,15173.233700000012,15133.125099999996,15138.363500000023,23354962,44457589815.34801,SZ399001
2026-04-30 10:10:00,15138.114900000002,15138.114900000011,15108.683499999996,15114.228300000024,20761113,38406120747.633,SZ399001
2026-04-30 10:15:00,15112.659000000003,15115.251000000017,15091.974899999996,15111.90060000002,16810827,32907997851.841,SZ399001
2026-04-30 10:20:00,15111.304700000002,15112.276900000012,15071.444599999992,15071.444600000024,16636902,35221600998.196,SZ399001
2026-04-30 10:25:00,15070.751000000002,15089.18780000001,15064.18969999999,15087.357000000016,16507967,31591743973.919006,SZ399001
2026-04-30 10:30:00,15087.025100000004,15092.892200000008,15076.51669999999,15092.892200000017,13481924,28804262537.104004,SZ399001
2026-04-30 10:35:00,15092.353100000002,15092.353100000008,15059.772999999988,15074.129500000015,14546677,29967050030.789997,SZ399001
2026-04-30 10:40:00,15073.2879,15096.69780000001,15072.084999999988,15096.697800000024,11679888,24177473071.84499,SZ399001
2026-04-30 10:45:00,15096.770600000002,15101.227600000013,15071.745299999986,15072.383500000027,11523921,23489276684.15599,SZ399001
2026-04-30 10:50:00,15072.052600000005,15078.985400000012,15064.89109999999,15074.919300000036,10273215,20603469173.09499,SZ399001
2026-04-30 10:55:00,15074.5569,15080.74950000001,15064.530099999994,15068.99480000004,10145632,18783628696.78999,SZ399001
2026-04-30 11:00:00,15069.634500000002,15073.80730000001,15053.51769999999,15063.87950000004,8886533,17795980705.087975,SZ399001
2026-04-30 11:05:00,15063.6041,15065.191600000013,15044.855399999986,15062.15430000004,9395188,18482298361.129974,SZ399001
2026-04-30 11:10:00,15062.2559,15063.193200000012,15046.204299999985,15062.930300000044,7943525,16329658981.57498,SZ399001
2026-04-30 11:15:00,15063.461400000002,15094.559800000012,15063.461399999984,15078.942200000043,7998212,16725189520.617983,SZ399001
2026-04-30 11:20:00,15080.076800000004,15097.076100000017,15079.939899999985,15088.151000000042,7518220,15416903883.202986,SZ399001
2026-04-30 11:25:00,15087.747500000003,15096.499800000016,15070.832199999988,15096.499800000049,7492187,14540470294.03499,SZ399001
2026-04-30 11:30:00,15097.747800000005,15121.334100000016,15097.747799999988,15111.328300000045,6867078,15131243034.86299,SZ399001
2026-04-30 13:05:00,15110.227900000004,15110.227900000016,15078.13579999999,15080.91960000004,17822116,36861422451.925995,SZ399001
2026-04-30 13:10:00,15079.179400000005,15094.561400000017,15071.535199999988,15093.45900000004,10376435,22426554276.793003,SZ399001
2026-04-30 13:15:00,15094.002800000002,15095.917500000014,15077.961399999984,15090.830000000044,8725732,19602191269.82501,SZ399001
2026-04-30 13:20:00,15089.8638,15094.298400000012,15081.687499999984,15088.80230000004,8192387,17845728493.413006,SZ399001
2026-04-30 13:25:00,15088.7544,15106.700700000014,15086.292699999987,15097.92200000004,8863193,18012163253.51101,SZ399001
2026-04-30 13:30:00,15099.1127,15103.458300000017,15081.350099999983,15081.90150000003,9922810,18805280352.916004,SZ399001
2026-04-30 13:35:00,15082.3471,15097.254600000017,15079.874999999984,15097.254600000026,9588992,19495779753.368004,SZ399001
2026-04-30 13:40:00,15098.0043,15106.653700000015,15095.121099999986,15105.81440000002,7617967,17110660854.027002,SZ399001
2026-04-30 13:45:00,15106.3501,15116.053300000018,15101.69169999998,15113.82040000002,8361545,17737793222.293,SZ399001
2026-04-30 13:50:00,15113.9319,15115.489500000018,15098.02139999998,15098.776000000016,7961507,17161816337.251999,SZ399001
2026-04-30 13:55:00,15098.3922,15101.904200000015,15085.10079999998,15101.904200000008,8205394,18009545212.204002,SZ399001
2026-04-30 14:00:00,15102.2714,15103.251400000016,15095.66749999998,15097.709800000006,7708334,15654857985.438,SZ399001
2026-04-30 14:05:00,15097.9255,15112.295200000011,15096.489799999985,15112.29520000001,8505786,16881624408.922998,SZ399001
2026-04-30 14:10:00,15112.6939,15118.42860000001,15110.220599999986,15110.315600000007,8455445,16205893200.313995,SZ399001
2026-04-30 14:15:00,15109.7929,15109.79290000001,15099.93839999999,15104.257500000009,8068479,15875644223.961992,SZ399001
2026-04-30 14:20:00,15105.0674,15107.020000000011,15095.552499999996,15104.797500000011,7614902,15840312758.936996,SZ399001
2026-04-30 14:25:00,15104.347000000002,15111.647700000012,15102.234899999996,15108.553200000017,7851040,16122370211.731998,SZ399001
2026-04-30 14:30:00,15109.0501,15125.369700000008,15107.099799999996,15121.235900000018,8703794,17301534208.310005,SZ399001
2026-04-30 14:35:00,15121.8162,15149.11740000001,15121.816199999992,15148.062700000011,10695147,21674893295.593014,SZ399001
2026-04-30 14:40:00,15148.3452,15153.207500000011,15131.21669999999,15132.112000000014,11433062,22501465535.734005,SZ399001
2026-04-30 14:45:00,15131.8025,15132.49940000001,15121.774199999987,15122.290400000018,12307231,24121670731.975002,SZ399001
2026-04-30 14:50:00,15123.7835,15125.30180000001,15116.80219999999,15116.955500000013,14306534,27652131601.421005,SZ399001
2026-04-30 14:55:00,15118.0557,15120.76250000001,15109.915399999987,15110.573000000011,19433744,36940190960.37802,SZ399001
2026-04-30 15:00:00,15110.279799999998,15112.518600000009,15107.242099999989,15107.5532,19867043,37596927806.92302,SZ399001
2026-05-06 09:35:00,15323.1925,15341.781700000003,15271.265100000008,15273.825000000012,109269643,227348196543.62997,SZ399001
2026-05-06 09:40:00,15274.863700000002,15323.958899999994,15254.987500000008,15323.958900000003,50184831,106428166991.79199,SZ399001
2026-05-06 09:45:00,15326.5924,15387.566099999998,15326.592400000009,15386.823800000007,39250128,87287767436.25398,SZ399001
2026-05-06 09:50:00,15387.3056,15425.924499999996,15386.90400000001,15423.60330000002,34051652,75141774047.18198,SZ399001
2026-05-06 09:55:00,15424.855,15436.273600000004,15412.61530000001,15421.672500000015,27956799,62377928537.65699,SZ399001
2026-05-06 10:00:00,15422.2185,15439.854900000008,15421.172600000004,15429.500200000011,24811523,53602534341.33799,SZ399001
2026-05-06 10:05:00,15432.031200000005,15446.172500000011,15425.8929,15426.274900000024,24923741,53429944423.300995,SZ399001
2026-05-06 10:10:00,15426.616100000005,15437.793300000014,15405.6794,15436.698900000029,22382150,49017230726.405014,SZ399001
2026-05-06 10:15:00,15438.007400000002,15494.484300000013,15437.437899999995,15494.484300000022,18346336,42883339901.68401,SZ399001
2026-05-06 10:20:00,15494.2625,15496.668800000012,15466.881499999994,15474.856500000016,16587345,37724844280.966,SZ399001
2026-05-06 10:25:00,15479.7208,15482.002100000012,15463.9014,15466.059900000011,16543873,34574062333.494,SZ399001
2026-05-06 10:30:00,15466.8322,15467.80700000001,15447.766499999998,15463.878100000022,16136367,31977844401.392994,SZ399001
2026-05-06 10:35:00,15464.860100000002,15482.459800000006,15464.8601,15474.45230000002,14340727,30166356460.704987,SZ399001
2026-05-06 10:40:00,15475.4666,15476.940500000004,15456.231000000003,15457.700500000024,12746831,26603202253.73098,SZ399001
2026-05-06 10:45:00,15458.6806,15473.273900000007,15453.171100000009,15461.856100000026,13670115,27789414653.51898,SZ399001
2026-05-06 10:50:00,15461.9065,15486.600100000003,15452.57310000001,15452.573100000023,11798321,24996603018.24598,SZ399001
2026-05-06 10:55:00,15450.838699999997,15456.769700000004,15438.34690000002,15446.725900000023,12504441,25062425674.318985,SZ399001
2026-05-06 11:00:00,15446.714499999996,15451.077800000005,15436.751600000018,15442.004500000034,10328458,22757254096.75299,SZ399001
2026-05-06 11:05:00,15442.874899999995,15469.04570000001,15442.874900000015,15469.045700000032,11228608,23004062074.09999,SZ399001
2026-05-06 11:10:00,15468.755999999994,15473.081300000007,15456.523600000017,15467.81450000003,10030946,21586347689.01999,SZ399001
2026-05-06 11:15:00,15468.373099999992,15484.416800000008,15464.722200000017,15484.416800000028,9121516,20434476573.241997,SZ399001
2026-05-06 11:20:00,15484.934699999994,15502.773200000009,15484.934700000018,15500.412600000032,8797073,19283017089.503994,SZ399001
2026-05-06 11:25:00,15499.911999999997,15510.353400000007,15495.86200000002,15502.072300000036,8200769,17720639095.304996,SZ399001
2026-05-06 11:30:00,15501.683399999994,15509.020000000008,15495.57700000002,15496.475200000032,8575421,17138189494.387995,SZ399001
2026-05-06 13:05:00,15497.574899999996,15533.341700000012,15497.57490000002,15533.21240000004,18064900,38636055068.584,SZ399001
2026-05-06 13:10:00,15533.802299999998,15534.666100000011,15518.98360000002,15521.682500000044,11411098,25091976406.302998,SZ399001
2026-05-06 13:15:00,15522.763299999997,15528.317400000014,15500.599300000022,15501.764800000052,12396445,26940471846.698997,SZ399001
2026-05-06 13:20:00,15501.741899999995,15501.741900000014,15489.225600000018,15491.979200000043,12113052,28871918290.433994,SZ399001
2026-05-06 13:25:00,15492.308199999998,15497.928900000015,15475.774200000022,15481.063200000046,10757114,25101959471.204,SZ399001
2026-05-06 13:30:00,15480.753199999996,15480.753200000016,15454.75970000002,15470.417100000048,10349275,24505737497.696003,SZ399001
2026-05-06 13:35:00,15470.060299999996,15471.03140000002,15454.127800000017,15466.52580000005,11813851,24569595012.922012,SZ399001
2026-05-06 13:40:00,15467.062599999996,15509.491900000014,15465.570400000011,15508.803600000048,10598541,22258262672.770004,SZ399001
2026-05-06 13:45:00,15507.265399999997,15507.674000000014,15497.260000000011,15501.150500000054,9541789,20200587080.802002,SZ399001
2026-05-06 13:50:00,15500.672199999995,15514.266100000012,15499.589400000012,15501.900500000049,9442318,19338344629.278008,SZ399001
2026-05-06 13:55:00,15501.559899999997,15505.124800000012,15484.70580000001,15485.030200000045,10349558,20038819661.51801,SZ399001
2026-05-06 14:00:00,15484.404699999996,15497.601900000012,15478.68130000001,15496.56230000004,10020754,20421484922.583008,SZ399001
2026-05-06 14:05:00,15494.277999999997,15494.278000000011,15449.895300000002,15449.895300000038,13175024,25734994304.721012,SZ399001
2026-05-06 14:10:00,15449.169999999998,15451.538600000016,15418.7314,15418.731400000035,14823462,32585792956.806015,SZ399001
2026-05-06 14:15:00,15417.768099999998,15429.587400000017,15401.706300000003,15429.54610000004,13334816,29665145295.59202,SZ399001
2026-05-06 14:20:00,15429.914999999995,15447.21840000001,15426.141300000005,15445.692900000033,10236289,22151998373.498013,SZ399001
2026-05-06 14:25:00,15445.972399999995,15452.327700000007,15445.227200000008,15449.92160000003,9183903,19191892832.102013,SZ399001
2026-05-06 14:30:00,15449.524499999998,15455.965900000008,15440.795500000006,15453.284400000031,8768341,18968238607.957016,SZ399001
2026-05-06 14:35:00,15451.950099999998,15454.267800000009,15440.109200000006,15450.21020000003,10558725,22313978957.80602,SZ399001
2026-05-06 14:40:00,15450.885499999997,15463.91310000001,15450.885500000006,15461.802500000023,10453199,22073838471.63002,SZ399001
2026-05-06 14:45:00,15461.937499999996,15461.937500000007,15453.079500000007,15458.209500000026,12398480,25504392194.758022,SZ399001
2026-05-06 14:50:00,15459.118799999997,15466.46550000001,15454.184900000007,15466.46550000002,14833265,30251565841.00002,SZ399001
2026-05-06 14:55:00,15466.727999999996,15466.72800000001,15461.61220000001,15462.363900000024,19769582,38842818726.33502,SZ399001
2026-05-06 15:00:00,15461.881,15464.45430000001,15459.616600000012,15459.616600000025,20067282,39335533739.76402,SZ399001
2026-05-07 09:35:00,15541.2962,15541.2962,15456.969600000002,15487.069500000003,99191763,194072854673.18298,SZ399001
2026-05-07 09:40:00,15487.231599999996,15494.471,15478.495,15494.471000000003,50541503,102861213083.88799,SZ399001
2026-05-07 09:45:00,15494.641699999996,15499.493,15439.484400000005,15454.6663,42177033,86127127065.59398,SZ399001
2026-05-07 09:50:00,15454.977799999995,15484.365200000006,15454.977800000004,15482.703400000006,35488314,70842678342.88899,SZ399001
2026-05-07 09:55:00,15482.102899999996,15493.7671,15464.690700000005,15476.406500000005,30858157,66332508864.60498,SZ399001
2026-05-07 10:00:00,15475.338599999995,15477.7061,15444.516100000006,15456.807000000006,28395753,61103990627.392975,SZ399001
2026-05-07 10:05:00,15455.598199999997,15469.622200000002,15441.738500000003,15466.944200000004,23827099,51335121106.41798,SZ399001
2026-05-07 10:10:00,15467.431499999995,15483.222100000005,15467.362900000006,15482.044600000008,20388211,44270398123.29296,SZ399001
2026-05-07 10:15:00,15482.789699999994,15484.199600000004,15454.112800000006,15456.020600000007,21148334,44688739398.86597,SZ399001
2026-05-07 10:20:00,15455.629399999993,15464.182500000008,15441.779700000005,15461.427100000004,19760831,40855826576.59296,SZ399001
2026-05-07 10:25:00,15457.994799999991,15463.517700000008,15441.863800000005,15463.2488,16770526,35218348206.716965,SZ399001
2026-05-07 10:30:00,15463.436299999994,15476.642900000004,15461.932200000005,15470.535899999992,14787332,33659995332.343967,SZ399001
2026-05-07 10:35:00,15470.071999999996,15488.231600000005,15467.186000000003,15488.231599999992,15461030,32526150657.91597,SZ399001
2026-05-07 10:40:00,15488.166199999996,15518.7008,15484.965800000007,15510.891799999985,13253522,29039391389.24098,SZ399001
2026-05-07 10:45:00,15509.467999999995,15509.468,15482.137000000006,15482.136999999982,13007448,25821977654.94597,SZ399001
2026-05-07 10:50:00,15483.767699999997,15520.499399999995,15483.767700000006,15520.499399999975,12711146,25122122287.03697,SZ399001
2026-05-07 10:55:00,15518.790499999996,15520.396599999998,15503.255100000006,15503.347099999974,11120132,24679264194.43997,SZ399001
2026-05-07 11:00:00,15503.729299999995,15521.355499999998,15503.510100000009,15504.713599999966,9963275,22535753662.379974,SZ399001
2026-05-07 11:05:00,15505.209499999995,15508.214000000004,15488.751100000009,15503.271999999966,10484311,23099367258.558968,SZ399001
2026-05-07 11:10:00,15504.4499,15520.712500000012,15503.889000000006,15510.329899999968,9719501,21216767937.51598,SZ399001
2026-05-07 11:15:00,15510.0457,15512.645700000012,15498.198,15512.645699999965,9374556,19575442813.059975,SZ399001
2026-05-07 11:20:00,15513.307299999997,15554.806400000014,15513.3073,15554.806399999963,8654952,21636294022.099976,SZ399001
2026-05-07 11:25:00,15555.179499999998,15557.816000000012,15540.9694,15551.885099999954,8103367,20144444818.799973,SZ399001
2026-05-07 11:30:00,15551.0613,15574.88550000001,15551.0613,15569.457899999954,8276302,21470725765.802982,SZ399001
2026-05-07 13:05:00,15574.6147,15586.85960000001,15559.6439,15561.592099999963,19123734,45021554899.02699,SZ399001
2026-05-07 13:10:00,15561.198799999998,15574.144300000007,15554.1048,15574.144299999967,14081697,32759486092.52499,SZ399001
2026-05-07 13:15:00,15576.0411,15582.535100000008,15563.948600000002,15582.535099999972,11186045,28370927729.869987,SZ399001
2026-05-07 13:20:00,15581.180599999998,15581.180600000009,15564.738400000004,15571.801199999973,12935923,29229247981.521988,SZ399001
2026-05-07 13:25:00,15569.5933,15577.004700000009,15557.467900000009,15565.757299999972,12805365,28071666631.620995,SZ399001
2026-05-07 13:30:00,15565.742399999996,15572.951900000013,15556.52020000001,15561.60329999998,12796817,26158437713.927998,SZ399001
2026-05-07 13:35:00,15561.439399999996,15597.382600000012,15560.79180000001,15597.112799999986,12315839,25818763213.192,SZ399001
2026-05-07 13:40:00,15596.845199999998,15601.669700000017,15580.22110000001,15580.333199999988,10559928,23106190226.511,SZ399001
2026-05-07 13:45:00,15580.178099999996,15590.033200000013,15574.12690000001,15590.033199999993,9670436,20766011636.030003,SZ399001
2026-05-07 13:50:00,15590.6384,15631.207500000017,15590.63840000001,15630.508899999992,13791882,26914059105.267994,SZ399001
2026-05-07 13:55:00,15630.7938,15634.022100000017,15620.683500000016,15622.0118,11901400,25543967041.428986,SZ399001
2026-05-07 14:00:00,15621.9043,15630.812800000018,15611.762000000015,15612.254100000002,10529526,21852219632.714996,SZ399001
2026-05-07 14:05:00,15612.2739,15640.20650000002,15612.273900000017,15636.78180000001,10438491,22209453206.92,SZ399001
2026-05-07 14:10:00,15636.8463,15645.059000000016,15630.774900000017,15638.019000000006,9836930,21922400153.365005,SZ399001
2026-05-07 14:15:00,15638.8604,15641.905700000014,15629.64010000002,15639.34460000001,9360184,20562200786.477,SZ399001
2026-05-07 14:20:00,15639.718400000002,15642.514300000012,15636.172500000015,15639.141200000013,9255308,20281197738.840996,SZ399001
2026-05-07 14:25:00,15640.1578,15645.373000000014,15634.320600000015,15637.94710000002,9404340,20079055359.46,SZ399001
2026-05-07 14:30:00,15636.5659,15637.318600000011,15631.060700000016,15636.190100000029,9875275,20286167575.480003,SZ399001
2026-05-07 14:35:00,15636.5944,15652.582000000008,15636.594400000016,15649.42840000002,12580889,26556676388.419994,SZ399001
2026-05-07 14:40:00,15649.880100000002,15651.056100000009,15635.456500000018,15635.792900000024,13246638,27733961927.273994,SZ399001
2026-05-07 14:45:00,15636.136200000004,15638.505400000002,15629.98030000002,15637.98880000002,14533806,30579637623.264004,SZ399001
2026-05-07 14:50:00,15638.330600000008,15642.451300000002,15636.88460000002,15641.562500000022,16696049,34633261100.740005,SZ399001
2026-05-07 14:55:00,15641.385800000007,15644.267900000004,15636.006400000022,15641.53340000003,21956583,44170938642.86499,SZ399001
2026-05-07 15:00:00,15641.435800000008,15647.217800000006,15640.657800000025,15641.88550000003,22142401,43992118228.19301,SZ399001
2026-05-08 09:35:00,15520.3808,15595.191100000004,15508.9503,15577.752900000009,99818277,196293466049.1941,SZ399001
2026-05-08 09:40:00,15579.2346,15614.776700000002,15578.655700000005,15599.704100000008,50132211,100183223185.51009,SZ399001
2026-05-08 09:45:00,15596.1246,15633.231200000007,15590.531100000002,15629.51580000001,38163903,78440768951.49306,SZ399001
2026-05-08 09:50:00,15631.4986,15639.387800000008,15609.395400000005,15620.875700000017,34151512,68278937396.89006,SZ399001
2026-05-08 09:55:00,15621.224300000002,15624.646100000004,15609.226700000005,15614.065900000018,28432091,60627101050.14008,SZ399001
2026-05-08 10:00:00,15614.7781,15638.941500000006,15607.854300000005,15630.890500000016,25206282,52834964145.7581,SZ399001
2026-05-08 10:05:00,15631.5731,15631.573100000009,15585.905200000005,15611.209400000018,27409322,57075318253.3091,SZ399001
2026-05-08 10:10:00,15608.5045,15621.409900000011,15601.892700000002,15614.77050000002,22063600,47812748431.9111,SZ399001
2026-05-08 10:15:00,15614.8064,15614.806400000012,15578.6862,15578.814700000008,20630470,45341330181.97511,SZ399001
2026-05-08 10:20:00,15577.2794,15577.27940000001,15557.448499999997,15574.560000000003,19013037,43311726230.2031,SZ399001
2026-05-08 10:25:00,15575.377399999998,15590.5571,15568.936499999996,15588.362000000005,17871700,38305950207.630104,SZ399001
2026-05-08 10:30:00,15583.067299999995,15586.1355,15573.301999999994,15573.7369,17664047,36383070667.042114,SZ399001
2026-05-08 10:35:00,15574.503699999996,15579.462199999998,15548.311099999995,15574.449499999986,15817226,34245528090.35712,SZ399001
2026-05-08 10:40:00,15573.086299999995,15597.931999999995,15564.091699999995,15597.917199999987,13024919,27488021500.82412,SZ399001
2026-05-08 10:45:00,15597.918299999996,15607.220599999995,15582.845199999989,15583.995699999989,12348497,24679306530.437103,SZ399001
2026-05-08 10:50:00,15582.216799999997,15582.216799999998,15550.747999999992,15556.265299999995,13087892,25747359666.978107,SZ399001
2026-05-08 10:55:00,15557.498199999996,15559.298099999996,15539.451199999994,15539.4922,11949037,24752897534.80511,SZ399001
2026-05-08 11:00:00,15538.797399999994,15543.885799999993,15524.447699999992,15528.6822,11550357,23692591987.18511,SZ399001
2026-05-08 11:05:00,15528.243699999994,15528.243699999994,15472.077399999998,15474.3497,16927779,35069614739.144104,SZ399001
2026-05-08 11:10:00,15473.999499999994,15494.371899999993,15466.837699999996,15494.216499999997,10836941,24218923638.301113,SZ399001
2026-05-08 11:15:00,15492.834899999994,15517.292499999998,15491.358399999996,15512.2763,8341376,17701011197.376114,SZ399001
2026-05-08 11:20:00,15513.047199999995,15515.451,15479.967499999995,15487.127499999997,8245559,17368562966.533115,SZ399001
2026-05-08 11:25:00,15488.241999999997,15495.816400000003,15479.945799999996,15491.8914,7349710,15808837150.514114,SZ399001
2026-05-08 11:30:00,15492.186599999995,15495.218700000009,15480.104999999996,15495.218699999992,7463714,15060769817.885109,SZ399001
2026-05-08 13:05:00,15497.029799999997,15525.135100000003,15497.029799999997,15513.311499999989,14941651,31527150502.409107,SZ399001
2026-05-08 13:10:00,15514.156799999995,15532.597100000005,15510.168599999995,15520.130999999992,9806837,21548271487.382114,SZ399001
2026-05-08 13:15:00,15519.870199999996,15543.653800000007,15518.465699999995,15534.571999999998,9741550,21723497111.167103,SZ399001
2026-05-08 13:20:00,15533.950599999996,15559.805500000002,15532.853600000002,15558.211399999993,10058260,24031873923.8351,SZ399001
2026-05-08 13:25:00,15557.953399999997,15571.913200000005,15556.272800000002,15560.92919999999,9892659,23178581394.108105,SZ399001
2026-05-08 13:30:00,15560.785399999995,15591.306000000002,15560.5619,15591.305999999988,9629424,22589624045.6051,SZ399001
2026-05-08 13:35:00,15591.602699999992,15595.642400000004,15565.176699999998,15565.176699999993,10723297,24926138461.864094,SZ399001
2026-05-08 13:40:00,15564.26089999999,15573.538400000003,15555.0457,15561.20119999999,10909381,23451877947.712086,SZ399001
2026-05-08 13:45:00,15562.07479999999,15574.022800000002,15554.0558,15570.1198,9979060,20699795490.75109,SZ399001
2026-05-08 13:50:00,15569.15939999999,15574.603800000008,15563.809,15571.869900000003,11646027,20705608277.41809,SZ399001
2026-05-08 13:55:00,15572.36899999999,15586.2579,15567.242099999994,15583.598700000002,12556964,23141779859.45209,SZ399001
2026-05-08 14:00:00,15582.52849999999,15582.528500000002,15564.3799,15577.652600000005,11418953,24380948971.30509,SZ399001
2026-05-08 14:05:00,15576.396199999988,15587.557899999998,15574.508,15583.095000000014,10898560,24096497558.016087,SZ399001
2026-05-08 14:10:00,15583.112899999993,15594.8545,15563.4245,15563.424500000005,11690084,24111499621.55609,SZ399001
2026-05-08 14:15:00,15564.588299999992,15581.419700000006,15564.5883,15572.50780000001,9252125,19823251884.59009,SZ399001
2026-05-08 14:20:00,15573.108599999992,15580.134500000013,15568.1048,15571.29580000002,8750408,18991844876.802086,SZ399001
2026-05-08 14:25:00,15570.718699999992,15570.828000000012,15558.4386,15558.810200000016,10030063,20316991386.4111,SZ399001
2026-05-08 14:30:00,15558.787599999992,15564.077900000011,15548.070999999998,15562.905100000014,10435554,21567998535.95311,SZ399001
2026-05-08 14:35:00,15564.163199999994,15573.491100000012,15558.3405,15565.599900000008,11659171,23616020585.12011,SZ399001
2026-05-08 14:40:00,15564.699999999992,15567.63260000001,15547.204099999995,15547.204100000008,12399001,25414034961.205112,SZ399001
2026-05-08 14:45:00,15548.494199999992,15555.81310000001,15546.397399999996,15546.789099999996,13359242,28008295134.096104,SZ399001
2026-05-08 14:50:00,15548.331399999994,15555.01090000001,15545.710999999994,15555.010899999996,15885238,32942874722.81809,SZ399001
2026-05-08 14:55:00,15554.763599999997,15559.975400000005,15551.047099999998,15559.757399999991,21407185,43212732352.18809,SZ399001
2026-05-08 15:00:00,15558.397599999997,15564.995500000005,15558.397599999997,15563.7971,21648327,42139645859.94307,SZ399001
2026-05-11 09:35:00,15697.4401,15713.296799999996,15678.0664,15712.084900000003,118327780,250790301172.74207,SZ399001
2026-05-11 09:40:00,15715.2841,15722.423399999998,15677.712699999996,15703.350599999998,58806564,126283870568.24907,SZ399001
2026-05-11 09:45:00,15697.3194,15697.319399999997,15648.669199999991,15664.403499999997,48508445,101826119840.85905,SZ399001
2026-05-11 09:50:00,15668.113100000002,15688.321500000004,15655.115399999991,15688.321500000004,39405807,81230070296.21204,SZ399001
2026-05-11 09:55:00,15686.895100000002,15690.210500000008,15624.070999999996,15641.510200000008,33994884,73387532746.14503,SZ399001
2026-05-11 10:00:00,15638.783200000002,15690.470000000005,15622.331999999997,15690.470000000008,28253771,62126856751.99002,SZ399001
2026-05-11 10:05:00,15692.718900000002,15736.08850000001,15690.860299999997,15736.088500000013,25987880,55978444219.17404,SZ399001
2026-05-11 10:10:00,15734.622600000002,15785.121800000014,15720.053199999998,15785.12180000002,21760518,49370365286.52104,SZ399001
2026-05-11 10:15:00,15785.412400000005,15816.933500000016,15777.848499999996,15813.084600000026,19816627,46217066902.74603,SZ399001
2026-05-11 10:20:00,15814.557800000004,15833.283100000011,15786.115,15787.872200000029,19087452,43342156379.845024,SZ399001
2026-05-11 10:25:00,15784.990600000005,15809.11120000001,15779.7448,15786.50830000003,17857957,38455222304.57001,SZ399001
2026-05-11 10:30:00,15786.508000000003,15810.80080000001,15772.353899999996,15809.220300000034,15686344,34164095864.75301,SZ399001
2026-05-11 10:35:00,15810.757300000005,15829.626600000009,15785.3288,15806.67520000004,15811690,34967561869.05001,SZ399001
2026-05-11 10:40:00,15807.272700000003,15811.482500000007,15787.531199999998,15797.335100000031,13422541,30589411078.792027,SZ399001
2026-05-11 10:45:00,15797.639300000004,15813.209300000006,15795.934099999997,15804.896100000036,12282494,28084123360.60702,SZ399001
2026-05-11 10:50:00,15804.432400000003,15840.019600000009,15799.7088,15817.61570000004,13152812,28926508530.57601,SZ399001
2026-05-11 10:55:00,15818.954000000002,15834.145600000003,15811.7622,15834.14560000004,11451785,24756510550.570007,SZ399001
2026-05-11 11:00:00,15835.065400000003,15853.823100000009,15835.0654,15853.82310000004,10790361,25499179210.626,SZ399001
2026-05-11 11:05:00,15852.9823,15855.888200000009,15830.923300000004,15834.306600000044,11190218,26959583037.988003,SZ399001
2026-05-11 11:10:00,15834.7077,15868.9643,15834.567600000006,15868.72480000004,9736593,23384285600.949993,SZ399001
2026-05-11 11:15:00,15869.1484,15881.205700000011,15862.634600000009,15880.38500000005,9469392,21985848255.98999,SZ399001
2026-05-11 11:20:00,15882.948,15893.74000000001,15877.503300000002,15893.740000000043,8965759,21281107487.188995,SZ399001
2026-05-11 11:25:00,15894.175,15897.477400000012,15882.417400000002,15895.35160000005,8963973,21793075490.472992,SZ399001
2026-05-11 11:30:00,15896.047700000005,15901.020600000013,15881.753600000004,15895.751400000052,9442763,21909657199.908993,SZ399001
2026-05-11 13:05:00,15898.876800000002,15915.151800000009,15835.587600000004,15835.670700000052,24113123,50332469207.99298,SZ399001
2026-05-11 13:10:00,15833.7008,15844.760500000011,15822.027900000005,15841.260900000054,15580709,33618605936.836975,SZ399001
2026-05-11 13:15:00,15839.6717,15839.671700000012,15804.5421,15839.274100000046,16429398,34515374772.426956,SZ399001
2026-05-11 13:20:00,15838.284899999995,15855.84240000001,15826.3557,15854.68510000003,13115586,27240151708.91497,SZ399001
2026-05-11 13:25:00,15854.743,15872.870500000014,15846.0978,15860.312300000029,11837094,27471326829.494976,SZ399001
2026-05-11 13:30:00,15859.6825,15881.238100000011,15837.185900000006,15881.089900000032,15647001,32191500413.37797,SZ399001
2026-05-11 13:35:00,15880.328399999997,15891.51700000001,15872.848000000004,15879.198300000024,11923604,25780704285.738968,SZ399001
2026-05-11 13:40:00,15878.152399999995,15902.275200000013,15874.469400000004,15884.522300000028,11332472,23505868971.83396,SZ399001
2026-05-11 13:45:00,15881.274899999997,15891.290200000014,15870.101800000002,15870.967300000024,11079305,23253504625.07296,SZ399001
2026-05-11 13:50:00,15871.080999999996,15874.334200000014,15855.456500000002,15855.84580000002,10197157,21816802655.15096,SZ399001
2026-05-11 13:55:00,15855.480299999996,15863.323800000013,15845.999000000002,15845.99900000001,10208575,21823904405.727955,SZ399001
2026-05-11 14:00:00,15844.376299999996,15847.96690000001,15835.518100000005,15845.312800000014,10574779,20906556350.73296,SZ399001
2026-05-11 14:05:00,15845.788899999998,15892.390300000015,15845.788900000003,15891.67690000002,12381320,22699080458.59996,SZ399001
2026-05-11 14:10:00,15890.8169,15910.67860000001,15885.932500000004,15907.484700000014,10689679,22252159900.918972,SZ399001
2026-05-11 14:15:00,15908.3213,15919.648700000012,15905.559200000009,15913.306800000022,10891254,23133615690.931973,SZ399001
2026-05-11 14:20:00,15915.0894,15921.652200000017,15891.096200000007,15891.096200000027,10792802,22561419444.15798,SZ399001
2026-05-11 14:25:00,15890.8868,15899.516800000014,15877.639600000008,15883.916700000023,10710765,23719531152.64398,SZ399001
2026-05-11 14:30:00,15883.1037,15895.12270000001,15877.265200000003,15895.12270000003,10789913,21753099975.099995,SZ399001
2026-05-11 14:35:00,15895.1011,15902.826600000011,15866.064100000003,15866.119500000028,13317126,26875355567.519993,SZ399001
2026-05-11 14:40:00,15865.579299999998,15881.82300000001,15865.579300000005,15877.790100000027,13066605,25540697746.465996,SZ399001
2026-05-11 14:45:00,15877.658199999998,15882.476,15876.728,15878.181,12382529,24780925437.031998,SZ399001
2026-05-11 14:50:00,15878.007,15896.775,15875.268,15896.775,16699932,34340980868.0,SZ399001
2026-05-11 14:55:00,15896.127,15901.023,15893.305,15900.68,21986969,44244331899.0,SZ399001
2026-05-11 15:00:00,15899.816,15907.146,15899.302,15899.302,21778230,43128565150.756,SZ399001
2026-05-12 09:35:00,15952.7913,15952.7913,15867.599499999998,15867.5995,92824651,199223840602.11304,SZ399001
2026-05-12 09:40:00,15865.256,15865.256,15809.996899999996,15829.8552,55597540,115179670790.68504,SZ399001
2026-05-12 09:45:00,15827.8601,15832.744000000008,15780.458699999994,15832.744000000008,43017322,90623269475.365,SZ399001
2026-05-12 09:50:00,15831.991,15861.988800000008,15820.837099999992,15861.988800000008,39024765,74685351969.74004,SZ399001
2026-05-12 09:55:00,15859.6735,15874.810000000009,15833.388499999992,15858.396100000004,33078744,67561561562.19103,SZ399001
2026-05-12 10:00:00,15858.6084,15871.98270000001,15851.636299999996,15861.309000000008,28453495,58471131702.38703,SZ399001
2026-05-12 10:05:00,15861.2921,15878.885600000009,15829.354799999996,15846.756200000009,26898327,57646959971.57802,SZ399001
2026-05-12 10:10:00,15846.325899999998,15889.161000000006,15839.92509999999,15839.925100000006,21558337,45940013621.65901,SZ399001
2026-05-12 10:15:00,15838.765,15838.765000000009,15815.30089999999,15830.030500000004,22666992,46219564853.66501,SZ399001
2026-05-12 10:20:00,15830.0376,15855.083800000004,15824.048699999985,15842.984399999994,20317349,40434319599.21503,SZ399001
2026-05-12 10:25:00,15842.844699999998,15861.122900000004,15823.356099999985,15861.122899999998,17322479,34549093960.05301,SZ399001
2026-05-12 10:30:00,15863.0006,15863.000600000005,15829.814599999983,15830.247499999992,16659587,32857432101.490005,SZ399001
2026-05-12 10:35:00,15830.2546,15838.084400000003,15814.600599999983,15822.248,17192314,34424421386.32201,SZ399001
2026-05-12 10:40:00,15824.0003,15856.041300000006,15822.602199999985,15845.593100000002,14841455,29727086551.257015,SZ399001
2026-05-12 10:45:00,15847.118299999998,15896.825000000012,15843.716699999984,15891.105200000007,14444069,30123049252.335003,SZ399001
2026-05-12 10:50:00,15890.887099999998,15893.256400000011,15852.277799999983,15867.060800000005,13753899,27408029887.629997,SZ399001
2026-05-12 10:55:00,15865.7824,15890.724700000002,15858.380599999982,15870.736600000004,11862736,24099596718.229992,SZ399001
2026-05-12 11:00:00,15870.698,15878.116200000006,15853.66989999998,15857.077600000002,11176512,23311969408.326992,SZ399001
2026-05-12 11:05:00,15858.448199999995,15862.281600000008,15842.105699999982,15856.716200000004,11390638,23496828787.984,SZ399001
2026-05-12 11:10:00,15856.823099999998,15868.933000000012,15847.909499999983,15861.666000000008,10556610,21588486610.301994,SZ399001
2026-05-12 11:15:00,15859.7198,15869.358300000007,15837.093099999984,15851.04260000001,9660183,20297839833.800003,SZ399001
2026-05-12 11:20:00,15852.289,15863.219300000008,15811.828099999986,15812.231200000018,11303424,23839644395.354004,SZ399001
2026-05-12 11:25:00,15813.615499999996,15813.615500000004,15764.134399999984,15764.134400000015,16304027,33807703999.883015,SZ399001
2026-05-12 11:30:00,15762.437999999996,15762.628700000005,15744.30109999998,15757.356600000008,13585529,29259761148.17701,SZ399001
2026-05-12 13:05:00,15754.710799999995,15754.710800000008,15715.168499999976,15718.985500000012,21883630,48094377112.243,SZ399001
2026-05-12 13:10:00,15719.587499999998,15745.284700000013,15711.27059999998,15721.710300000015,14158527,31633635580.146988,SZ399001
2026-05-12 13:15:00,15723.093099999996,15778.023300000015,15723.09309999998,15777.916100000022,11207751,25506736165.597984,SZ399001
2026-05-12 13:20:00,15777.445299999998,15787.957800000017,15769.14449999998,15779.798600000007,10396579,22940116925.560993,SZ399001
2026-05-12 13:25:00,15782.2625,15826.994000000015,15782.26249999998,15825.335900000004,9314467,22820307504.490997,SZ399001
2026-05-12 13:30:00,15824.3761,15841.342300000017,15814.003499999984,15838.141200000004,8957785,22333505396.326004,SZ399001
2026-05-12 13:35:00,15839.46,15842.798500000015,15826.863799999985,15827.712300000008,9630480,21926619930.61301,SZ399001
2026-05-12 13:40:00,15827.2739,15833.513800000015,15816.050299999986,15818.14730000001,9270314,20202539318.92301,SZ399001
2026-05-12 13:45:00,15815.9589,15815.958900000018,15783.818499999985,15784.274800000012,10759937,22071998991.04702,SZ399001
2026-05-12 13:50:00,15782.0968,15787.557800000017,15772.95339999998,15787.557800000011,9349856,19994891173.561016,SZ399001
2026-05-12 13:55:00,15789.255399999998,15792.938800000016,15766.888099999976,15767.588500000003,8842152,19424610163.530018,SZ399001
2026-05-12 14:00:00,15767.1859,15800.497500000016,15767.074399999974,15800.4975,9614521,18325449149.82702,SZ399001
2026-05-12 14:05:00,15801.2027,15818.84260000002,15801.202699999976,15809.435200000016,9837030,20909289252.080017,SZ399001
2026-05-12 14:10:00,15808.9172,15818.580500000018,15788.192699999978,15788.192700000016,8254452,17736390059.265022,SZ399001
2026-05-12 14:15:00,15788.1274,15793.682100000016,15779.59049999998,15786.48310000002,8576507,18996964657.167027,SZ399001
2026-05-12 14:20:00,15785.2965,15814.81250000002,15784.28529999998,15814.66420000002,8542515,18640748239.672028,SZ399001
2026-05-12 14:25:00,15815.3942,15816.44990000002,15809.17489999998,15812.512700000018,8466931,18372748572.704033,SZ399001
2026-05-12 14:30:00,15813.5585,15815.008800000029,15800.459499999975,15801.601300000017,8681411,18957272699.606033,SZ399001
2026-05-12 14:35:00,15802.265799999996,15821.701100000028,15801.988099999977,15818.287300000022,10467450,22859330150.720024,SZ399001
2026-05-12 14:40:00,15818.906899999996,15829.253000000028,15818.906899999973,15826.448100000023,10424143,22613437921.028027,SZ399001
2026-05-12 14:45:00,15827.859899999998,15835.54940000003,15826.471299999976,15833.983500000017,12494455,26838092218.40703,SZ399001
2026-05-12 14:50:00,15833.254299999997,15840.974700000032,15823.698799999978,15823.950900000027,15080414,31707641311.814026,SZ399001
2026-05-12 14:55:00,15822.786299999998,15825.706600000034,15820.223499999976,15822.181100000023,19576047,39917564301.05104,SZ399001
2026-05-12 15:00:00,15821.346899999997,15824.92110000004,15820.256499999976,15824.921100000023,20538811,39782858951.977036,SZ399001
2026-05-13 09:35:00,15713.5418,15763.92,15713.5418,15736.636899999998,88524437,175466588926.54703,SZ399001
2026-05-13 09:40:00,15734.390499999998,15832.091199999995,15727.756899999998,15832.091200000004,47516651,95316935954.54,SZ399001
2026-05-13 09:45:00,15832.1743,15842.712999999994,15818.121899999998,15828.4406,36508547,77910264719.42897,SZ399001
2026-05-13 09:50:00,15823.336899999997,15831.927599999994,15792.977399999998,15801.613200000003,33135419,69995425458.33595,SZ399001
2026-05-13 09:55:00,15801.004199999996,15803.139799999995,15789.2499,15792.609500000004,27540891,55936177924.517944,SZ399001
2026-05-13 10:00:00,15793.688499999997,15793.688499999997,15740.451399999993,15759.2821,25158930,55186978817.27993,SZ399001
2026-05-13 10:05:00,15759.016299999996,15780.4466,15728.365199999991,15780.446599999992,24075160,52136043689.28892,SZ399001
2026-05-13 10:10:00,15780.735599999996,15803.357899999995,15769.263899999993,15803.357899999988,18791942,39123097884.95491,SZ399001
2026-05-13 10:15:00,15803.023699999992,15803.487199999996,15786.79129999999,15802.835499999994,18116461,38386059074.9189,SZ399001
2026-05-13 10:20:00,15803.112299999992,15838.836199999989,15803.11229999999,15831.43509999999,17517550,38791964699.1719,SZ399001
2026-05-13 10:25:00,15833.629699999994,15848.895399999985,15833.629699999992,15848.895399999989,15919128,34954531989.2529,SZ399001
2026-05-13 10:30:00,15848.750899999992,15862.685499999972,15845.449299999991,15862.685499999969,14230188,32201087538.5079,SZ399001
2026-05-13 10:35:00,15862.856199999993,15876.621599999971,15848.15819999999,15874.857599999968,14899575,33689334170.265884,SZ399001
2026-05-13 10:40:00,15874.141199999993,15880.126399999968,15865.342999999988,15878.351199999965,14645790,34148727681.391872,SZ399001
2026-05-13 10:45:00,15878.38509999999,15883.145199999964,15851.165799999986,15862.49509999997,14030755,31075671634.479866,SZ399001
2026-05-13 10:50:00,15862.78429999999,15882.548099999964,15858.268499999987,15861.433199999972,12933118,29162111551.175877,SZ399001
2026-05-13 10:55:00,15861.867199999991,15865.764299999964,15838.39709999999,15855.216899999972,13063590,26699740035.62787,SZ399001
2026-05-13 11:00:00,15857.208199999992,15864.375299999963,15829.94139999999,15829.941399999976,11085515,24326264093.991875,SZ399001
2026-05-13 11:05:00,15827.437099999992,15844.676899999966,15814.153399999988,15839.734299999973,11373147,25807935176.447872,SZ399001
2026-05-13 11:10:00,15840.05709999999,15843.991199999966,15820.74589999999,15821.06259999998,11721890,22488476723.433872,SZ399001
2026-05-13 11:15:00,15821.075499999992,15839.466599999969,15816.16989999999,15834.45569999998,10733331,23697050013.847866,SZ399001
2026-05-13 11:20:00,15835.15509999999,15876.253399999963,15835.155099999987,15876.25339999997,11591755,25243361640.617867,SZ399001
2026-05-13 11:25:00,15876.772099999993,15893.96189999997,15875.710399999984,15881.600199999972,10812140,24094834903.444874,SZ399001
2026-05-13 11:30:00,15881.004799999992,15892.997499999969,15869.391099999988,15881.761499999971,9475517,20532722489.407867,SZ399001
2026-05-13 13:05:00,15890.74719999999,15936.660699999962,15890.747199999989,15935.53459999997,21519856,50640078805.00086,SZ399001
2026-05-13 13:10:00,15935.670599999992,15972.802999999964,15935.670599999989,15966.137199999965,13910568,33866887960.246857,SZ399001
2026-05-13 13:15:00,15968.284399999991,15986.489899999964,15968.078699999987,15985.376999999968,13188699,32330268466.461857,SZ399001
2026-05-13 13:20:00,15985.52549999999,15985.525499999963,15966.938599999983,15982.96339999996,12461525,30089401708.80887,SZ399001
2026-05-13 13:25:00,15983.14129999999,15992.294299999969,15976.155899999983,15976.155899999963,12463764,28725689738.877888,SZ399001
2026-05-13 13:30:00,15973.93539999999,15998.297699999976,15971.571799999983,15992.705199999971,11430453,28045907360.387894,SZ399001
2026-05-13 13:35:00,15992.990299999989,15999.226599999974,15976.537299999984,15985.369199999974,12306091,27821953030.9709,SZ399001
2026-05-13 13:40:00,15985.634799999989,16009.860799999977,15982.165999999985,16009.860799999966,10953736,25622057322.192917,SZ399001
2026-05-13 13:45:00,16009.836799999986,16024.20369999998,16007.944099999982,16020.83809999996,10099553,24228233244.789925,SZ399001
2026-05-13 13:50:00,16019.770199999988,16027.53719999998,15989.070899999975,15989.070899999962,11402400,26727020409.31793,SZ399001
2026-05-13 13:55:00,15990.604699999987,16007.112499999985,15979.837799999976,16002.118899999958,9552107,22305265453.16292,SZ399001
2026-05-13 14:00:00,16002.22419999999,16031.145999999975,16002.224199999975,16031.145999999964,8992643,20976771934.521915,SZ399001
2026-05-13 14:05:00,16031.847199999993,16036.657799999975,16025.009399999974,16025.066199999965,10281950,23443215781.478912,SZ399001
2026-05-13 14:10:00,16025.64429999999,16027.051599999982,16007.842599999976,16025.62519999998,10412523,23368188802.7099,SZ399001
2026-05-13 14:15:00,16025.704399999991,16042.000499999978,16024.940199999975,16032.622099999984,9748146,22267775166.656906,SZ399001
2026-05-13 14:20:00,16033.044699999991,16048.381399999982,16032.384199999977,16043.140099999984,10097146,22398806858.148907,SZ399001
2026-05-13 14:25:00,16043.300799999994,16056.44549999999,16041.054999999977,16055.41059999999,11203300,23536857638.474915,SZ399001
2026-05-13 14:30:00,16054.624299999994,16068.247699999987,16052.194999999976,16067.562699999997,10980298,23337827728.17891,SZ399001
2026-05-13 14:35:00,16067.979799999994,16094.922799999991,16067.94909999998,16093.008299999996,13474932,29391257432.201912,SZ399001
2026-05-13 14:40:00,16092.611599999993,16100.455999999993,16085.29919999998,16091.994099999987,13865441,29776360435.13092,SZ399001
2026-05-13 14:45:00,16090.759599999996,16096.545499999993,16085.64349999998,16096.454899999992,14748782,32519250373.410927,SZ399001
2026-05-13 14:50:00,16097.009799999993,16098.076999999994,16087.843599999982,16088.872299999992,17200363,36759719939.58693,SZ399001
2026-05-13 14:55:00,16086.88189999999,16086.881899999997,16078.987399999982,16085.351399999996,21943337,45460308421.447914,SZ399001
2026-05-13 15:00:00,16084.044799999989,16090.658299999996,16083.10639999998,16089.7491,21702389,42539600091.13191,SZ399001
2026-05-14 09:35:00,16202.2151,16207.7519,16117.666899999997,16118.454999999993,104163030,226695991105.257,SZ399001
2026-05-14 09:40:00,16117.8564,16135.358800000002,16090.108099999994,16090.10809999999,59403510,124669731127.96693,SZ399001
2026-05-14 09:45:00,16086.312000000002,16091.388300000002,16039.685899999988,16062.836699999993,47719998,100526709268.88794,SZ399001
2026-05-14 09:50:00,16060.041100000002,16077.8537,16032.87469999999,16073.052299999998,36368757,77142728834.14297,SZ399001
2026-05-14 09:55:00,16075.756400000002,16075.7564,15978.751299999984,15978.907499999996,35227947,77791929627.56494,SZ399001
2026-05-14 10:00:00,15978.534,15978.533999999998,15914.341699999994,15952.115500000007,33090042,73563828600.67389,SZ399001
2026-05-14 10:05:00,15951.581300000003,15994.0267,15941.077799999994,15979.575100000004,25003621,56178316837.9359,SZ399001
2026-05-14 10:10:00,15983.469800000004,15985.446999999998,15942.428499999993,15971.576600000006,21297952,47613348495.732864,SZ399001
2026-05-14 10:15:00,15969.913700000005,15969.9137,15909.716799999986,15939.376100000009,23050241,47207298013.269844,SZ399001
2026-05-14 10:20:00,15939.247400000006,15966.827700000002,15900.257499999983,15901.598100000012,20167986,39617181088.20284,SZ399001
2026-05-14 10:25:00,15900.949300000007,15943.936200000004,15900.949299999986,15924.582200000008,17456987,34762517418.92484,SZ399001
2026-05-14 10:30:00,15924.25120000001,15953.239200000004,15923.93919999998,15923.939200000004,17596613,34666095737.983864,SZ399001
2026-05-14 10:35:00,15923.145600000013,15954.662400000005,15918.604699999978,15943.1766,16557770,34161314728.407867,SZ399001
2026-05-14 10:40:00,15941.341800000013,15941.341800000004,15877.136099999978,15877.13609999999,13565294,30481765558.527874,SZ399001
2026-05-14 10:45:00,15876.084800000011,15876.084800000004,15831.311699999982,15856.372299999992,17746876,40244221117.52988,SZ399001
2026-05-14 10:50:00,15857.060300000014,15926.113899999997,15852.868599999983,15924.442299999992,12079727,25991760375.375877,SZ399001
2026-05-14 10:55:00,15922.404800000017,15928.978699999996,15896.24089999998,15897.445999999996,10686308,22732652451.62588,SZ399001
2026-05-14 11:00:00,15898.876800000018,15928.200899999996,15898.87679999998,15910.01989999999,10735561,21377728554.040874,SZ399001
2026-05-14 11:05:00,15908.08760000002,15908.087599999992,15856.280999999975,15856.337099999984,12256779,23197874558.437862,SZ399001
2026-05-14 11:10:00,15855.801300000016,15855.801299999992,15821.75199999998,15826.28219999999,12493876,24066715721.21586,SZ399001
2026-05-14 11:15:00,15825.805100000018,15825.805099999992,15776.16969999998,15784.561499999993,13783149,29663264062.62186,SZ399001
2026-05-14 11:20:00,15784.599400000016,15799.10529999999,15761.163699999985,15768.691899999998,12820798,27863814168.82487,SZ399001
2026-05-14 11:25:00,15768.994100000018,15803.526099999986,15758.478499999985,15787.673699999988,10478975,22607761344.41587,SZ399001
2026-05-14 11:30:00,15790.759600000018,15834.9081,15790.759599999985,15831.8255,8744890,16923658989.5719,SZ399001
2026-05-14 13:05:00,15836.5326,15853.1533,15791.722000000003,15843.891300000005,17620904,36044336065.725,SZ399001
2026-05-14 13:10:00,15841.767200000002,15891.5956,15829.064300000004,15891.59560000001,10396605,22564273288.384003,SZ399001
2026-05-14 13:15:00,15893.3761,15920.577900000008,15876.545700000008,15917.047100000013,9131282,22404631354.166996,SZ399001
2026-05-14 13:20:00,15919.5484,15919.548400000009,15879.289700000014,15902.57910000002,10507986,22720806638.488987,SZ399001
2026-05-14 13:25:00,15902.414900000002,15935.622800000012,15900.395300000017,15932.253200000026,9350622,20010126840.37599,SZ399001
2026-05-14 13:30:00,15932.788400000003,15933.960000000012,15908.95760000002,15932.956600000038,8744037,19468375847.40199,SZ399001
2026-05-14 13:35:00,15933.670800000004,15934.678700000011,15854.84330000002,15855.031500000036,12430654,26580562165.124,SZ399001
2026-05-14 13:40:00,15854.227000000004,15867.389400000004,15843.04970000002,15858.276600000032,9325730,19774228108.539017,SZ399001
2026-05-14 13:45:00,15858.910700000004,15875.55900000001,15844.855200000022,15875.26960000004,7864635,17340042010.594017,SZ399001
2026-05-14 13:50:00,15874.981000000003,15909.872700000014,15874.981000000023,15898.09430000004,7797282,18150820657.548004,SZ399001
2026-05-14 13:55:00,15898.268200000006,15937.58370000002,15897.591100000029,15936.96490000005,7645125,19528097553.25,SZ399001
2026-05-14 14:00:00,15936.744400000009,15937.99520000002,15898.006500000036,15898.575000000064,8326924,17656983651.704998,SZ399001
2026-05-14 14:05:00,15898.735000000008,15915.362100000024,15894.271100000034,15905.45200000006,7783410,16474039269.339006,SZ399001
2026-05-14 14:10:00,15905.092500000008,15942.437500000022,15905.092500000035,15942.437500000064,8433355,18902847134.940002,SZ399001
2026-05-14 14:15:00,15943.349900000008,15971.28930000002,15930.122700000036,15971.289300000057,9527095,21860130389.12301,SZ399001
2026-05-14 14:20:00,15972.72910000001,15980.487100000018,15967.804100000036,15971.774900000057,9689165,22309247485.340015,SZ399001
2026-05-14 14:25:00,15971.382000000009,15983.14530000002,15930.455000000044,15930.455000000067,9446818,21484687785.59802,SZ399001
2026-05-14 14:30:00,15930.849300000007,15936.636300000016,15922.92910000005,15931.100800000071,7941645,17705106380.845016,SZ399001
2026-05-14 14:35:00,15932.32140000001,15941.251400000016,15900.723800000054,15900.723800000082,10757435,22610809753.14701,SZ399001
2026-05-14 14:40:00,15900.74000000001,15905.710800000012,15885.727600000051,15892.22670000008,12963952,25988504834.35701,SZ399001
2026-05-14 14:45:00,15892.12580000001,15900.840800000013,15853.920600000054,15853.92060000008,14865400,30700239563.631012,SZ399001
2026-05-14 14:50:00,15853.08410000001,15857.521100000007,15810.777400000065,15810.777400000085,19942496,41317235959.964005,SZ399001
2026-05-14 14:55:00,15814.401500000007,15824.987700000012,15774.66990000007,15774.669900000094,26209070,52789459046.32602,SZ399001
2026-05-14 15:00:00,15774.06060000001,15776.464900000014,15745.736000000075,15745.736000000095,24327178,50003079064.61104,SZ399001
2026-05-15 09:35:00,15753.192,15806.0356,15753.192,15767.923699999994,86310771,181440899436.24002,SZ399001
2026-05-15 09:40:00,15766.107999999998,15768.315299999998,15689.215900000005,15753.940800000002,50445615,105710008356.34102,SZ399001
2026-05-15 09:45:00,15756.181799999998,15761.0956,15687.8476,15687.847600000008,41620201,88053252388.90102,SZ399001
2026-05-15 09:50:00,15685.655799999997,15688.313499999997,15579.260800000004,15583.63050000001,35956798,82317969314.29704,SZ399001
2026-05-15 09:55:00,15588.074499999995,15626.997199999998,15536.344800000004,15601.079800000014,34567749,75129447949.44498,SZ399001
2026-05-15 10:00:00,15602.4184,15606.141599999995,15508.4797,15508.4797,27499542,62761323403.30298,SZ399001
2026-05-15 10:05:00,15507.7229,15552.192900000004,15453.766600000004,15551.31130000001,28553771,64208050836.19998,SZ399001
2026-05-15 10:10:00,15551.5492,15581.1092,15533.5801,15576.512300000002,21665472,49197010075.247,SZ399001
2026-05-15 10:15:00,15578.3181,15612.6899,15553.1836,15612.6899,19034419,42844410233.79401,SZ399001
2026-05-15 10:20:00,15614.8557,15635.792700000004,15605.5758,15625.894500000011,17488422,40324308208.64399,SZ399001
2026-05-15 10:25:00,15622.0035,15647.957500000008,15600.7691,15600.76910000001,15821363,33874211582.198997,SZ399001
2026-05-15 10:30:00,15598.5505,15615.035100000012,15588.206299999998,15588.206300000007,13190798,28792876802.084003,SZ399001
2026-05-15 10:35:00,15588.4385,15651.598400000004,15587.3307,15649.126000000002,14169242,31299781253.700016,SZ399001
2026-05-15 10:40:00,15648.7145,15648.714500000007,15576.352899999994,15578.2439,15980915,34393883488.70302,SZ399001
2026-05-15 10:45:00,15577.1004,15637.32150000001,15576.659699999997,15632.379599999997,12681092,26739758714.739,SZ399001
2026-05-15 10:50:00,15632.695300000005,15691.036500000007,15632.695299999994,15677.381099999991,12904493,28347822282.946995,SZ399001
2026-05-15 10:55:00,15675.837300000005,15739.534800000009,15668.512299999997,15738.812899999994,12378922,28686019670.257004,SZ399001
2026-05-15 11:00:00,15740.373500000003,15749.927700000007,15724.166299999995,15726.836699999987,11902460,26582458986.808,SZ399001
2026-05-15 11:05:00,15726.779300000004,15810.521200000008,15724.926399999997,15809.558799999992,12828420,30006684311.162003,SZ399001
2026-05-15 11:10:00,15809.927800000003,15838.247800000008,15806.187499999998,15830.506599999992,11670079,27622888204.295998,SZ399001
2026-05-15 11:15:00,15829.507400000004,15855.55360000001,15809.112599999997,15827.523399999993,12362394,27137877774.136,SZ399001
2026-05-15 11:20:00,15833.246100000004,15851.81230000001,15798.741099999994,15805.212099999992,11314707,24137245892.026997,SZ399001
2026-05-15 11:25:00,15802.382700000006,15802.382700000013,15748.036499999998,15783.930799999993,11007460,24031216527.878006,SZ399001
2026-05-15 11:30:00,15785.370600000007,15797.296600000009,15768.9377,15783.180099999996,9390694,19180648463.255005,SZ399001
2026-05-15 13:05:00,15782.141500000009,15782.141500000003,15643.6988,15655.605799999992,24276937,50501797519.78701,SZ399001
2026-05-15 13:10:00,15660.470700000007,15668.938600000003,15633.292000000009,15633.291999999996,11784478,27616748314.570995,SZ399001
2026-05-15 13:15:00,15632.135800000007,15664.8512,15632.13580000001,15663.67899999999,10685709,23551431608.228,SZ399001
2026-05-15 13:20:00,15664.206900000005,15684.024499999992,15651.815000000006,15679.241999999987,9550427,23365102954.081997,SZ399001
2026-05-15 13:25:00,15678.450900000003,15710.799799999995,15676.607400000006,15706.289699999988,10057841,22627739130.023003,SZ399001
2026-05-15 13:30:00,15709.012600000004,15715.356399999991,15690.588900000008,15702.522699999992,9239101,22744944748.618996,SZ399001
2026-05-15 13:35:00,15700.986900000004,15701.000199999997,15629.330300000012,15630.914400000003,12781982,26511858961.475994,SZ399001
2026-05-15 13:40:00,15632.811000000003,15634.4266,15605.097400000011,15609.783400000004,10750111,21906113070.882988,SZ399001
2026-05-15 13:45:00,15610.180800000006,15610.180800000002,15558.864600000014,15559.291300000004,12632052,25767140890.73599,SZ399001
2026-05-15 13:50:00,15559.637400000003,15562.0238,15532.44360000001,15532.4757,13738317,26972550983.72398,SZ399001
2026-05-15 13:55:00,15531.855800000008,15561.0386,15531.85580000001,15560.3928,10456356,21685329370.38498,SZ399001
2026-05-15 14:00:00,15560.521000000004,15584.599600000003,15513.936800000003,15513.936799999996,12847685,24202158071.92898,SZ399001
2026-05-15 14:05:00,15513.611800000004,15513.611800000004,15480.703500000009,15482.0845,16669235,31132222336.459976,SZ399001
2026-05-15 14:10:00,15481.631800000005,15526.491600000005,15473.332400000008,15526.4916,13733650,27113534747.39698,SZ399001
2026-05-15 14:15:00,15526.487300000004,15560.910000000003,15522.689000000006,15540.499900000008,9644756,20908482642.330982,SZ399001
2026-05-15 14:20:00,15539.449900000003,15580.122800000005,15534.960300000006,15539.44390000001,9558177,19709340349.529984,SZ399001
2026-05-15 14:25:00,15537.388700000003,15543.372100000006,15494.8219,15494.821900000012,8132685,17359053733.86099,SZ399001
2026-05-15 14:30:00,15493.512500000004,15502.128800000006,15487.602799999995,15487.673300000011,9367817,19579381781.143993,SZ399001
2026-05-15 14:35:00,15487.369300000004,15504.221400000006,15447.400399999997,15455.688800000007,16246049,32239518713.815998,SZ399001
2026-05-15 14:40:00,15456.719500000005,15504.254900000007,15456.719499999996,15504.254900000007,12931567,26227727823.759,SZ399001
2026-05-15 14:45:00,15505.624700000006,15543.793000000009,15499.4009,15543.716800000013,12952328,26176091008.02901,SZ399001
2026-05-15 14:50:00,15545.846900000006,15595.624400000008,15545.8469,15557.467600000013,14872059,31757293965.67502,SZ399001
2026-05-15 14:55:00,15558.022700000003,15569.561100000008,15546.9827,15549.25950000001,17677193,35857435561.63702,SZ399001
2026-05-15 15:00:00,15549.700900000003,15561.372,15549.700900000002,15561.372,18363320,36903120332.162,SZ399001
2026-05-18 09:35:00,15465.3016,15505.129799999995,15431.7428,15432.732699999997,92150241,192354217257.42603,SZ399001
2026-05-18 09:40:00,15433.053599999996,15544.7253,15432.5701,15544.600899999996,45759945,100416997096.354,SZ399001
2026-05-18 09:45:00,15550.260499999997,15583.393000000004,15527.428400000004,15532.341000000004,34184820,79156498421.56499,SZ399001
2026-05-18 09:50:00,15534.755499999996,15586.024400000008,15505.235000000004,15585.567500000008,31859127,66945584204.12895,SZ399001
2026-05-18 09:55:00,15586.5894,15628.109800000007,15586.589400000006,15613.486500000008,27113711,57191186961.78896,SZ399001
2026-05-18 10:00:00,15611.378199999996,15636.18960000001,15611.378200000005,15630.485300000006,22156102,50814570373.958984,SZ399001
2026-05-18 10:05:00,15627.9526,15658.1113,15600.854700000004,15642.3078,22566376,48716118174.808975,SZ399001
2026-05-18 10:10:00,15643.9514,15646.2135,15595.991900000005,15617.798700000005,19522505,44396631591.08899,SZ399001
2026-05-18 10:15:00,15617.9028,15620.064699999995,15567.314200000004,15620.0647,21477706,42935465274.04899,SZ399001
2026-05-18 10:20:00,15618.0485,15629.330399999995,15586.543500000003,15611.2619,16534873,36694984273.98499,SZ399001
2026-05-18 10:25:00,15613.3993,15620.427199999993,15599.6236,15620.427200000004,14853712,32697297612.259983,SZ399001
2026-05-18 10:30:00,15624.4766,15641.124599999996,15610.644899999998,15610.666500000005,13360458,30777830524.195972,SZ399001
2026-05-18 10:35:00,15609.0687,15640.082699999995,15608.986399999998,15619.622700000004,13059029,29664813642.980972,SZ399001
2026-05-18 10:40:00,15617.2484,15650.347999999993,15614.134099999994,15629.993299999993,11825417,28001895360.690983,SZ399001
2026-05-18 10:45:00,15627.2563,15633.490899999992,15601.484099999989,15605.864199999984,12523079,27240274058.664986,SZ399001
2026-05-18 10:50:00,15606.297199999995,15633.293499999996,15604.74909999999,15613.605399999986,10952267,23763978441.871986,SZ399001
2026-05-18 10:55:00,15613.491999999997,15622.4362,15564.289599999987,15564.289599999982,11135496,23482808359.745995,SZ399001
2026-05-18 11:00:00,15565.298099999996,15568.229100000002,15543.945599999994,15545.215099999998,10278726,22354995002.12199,SZ399001
2026-05-18 11:05:00,15544.991799999998,15558.990700000002,15523.66779999999,15558.99069999999,10146918,22356681843.045986,SZ399001
2026-05-18 11:10:00,15560.286899999996,15578.442200000009,15555.66129999999,15573.430599999992,8886492,18897793293.442986,SZ399001
2026-05-18 11:15:00,15572.230599999995,15575.094200000009,15503.7225,15507.10479999999,9717892,22128108238.929985,SZ399001
2026-05-18 11:20:00,15507.041099999997,15520.918500000003,15494.756100000002,15507.122699999993,7848240,17815957715.03799,SZ399001
2026-05-18 11:25:00,15507.804199999997,15507.866700000008,15482.7717,15482.771699999994,7900635,17086155896.783995,SZ399001
2026-05-18 11:30:00,15481.736599999997,15513.129400000009,15476.6601,15513.129399999994,8645371,17546780702.832996,SZ399001
2026-05-18 13:05:00,15518.266999999996,15563.858300000004,15518.267000000002,15558.801199999987,17660494,36501083725.40198,SZ399001
2026-05-18 13:10:00,15559.134599999996,15581.0462,15555.433900000002,15559.382399999982,10402579,22730380050.454983,SZ399001
2026-05-18 13:15:00,15560.549099999997,15567.2493,15545.691699999994,15545.691699999985,9109682,20717352038.416992,SZ399001
2026-05-18 13:20:00,15544.566299999997,15549.892500000004,15525.762799999997,15542.750499999993,10172477,22430854919.12599,SZ399001
2026-05-18 13:25:00,15541.928599999996,15541.928600000005,15520.100299999993,15532.939899999988,8698881,18606686088.455,SZ399001
2026-05-18 13:30:00,15532.736899999996,15551.265600000012,15524.395599999996,15551.2656,9391166,17579936066.628998,SZ399001
2026-05-18 13:35:00,15551.857299999996,15573.320000000016,15546.322099999996,15566.032500000005,8824695,18511608953.301003,SZ399001
2026-05-18 13:40:00,15565.617099999996,15588.51380000002,15565.617099999996,15580.045300000009,9402951,18119019295.896004,SZ399001
2026-05-18 13:45:00,15579.954099999995,15580.50360000002,15556.451399999998,15556.742600000003,8599597,16873697534.800007,SZ399001
2026-05-18 13:50:00,15556.514699999996,15556.51470000002,15537.282600000004,15537.282599999997,7711008,15776198109.420021,SZ399001
2026-05-18 13:55:00,15537.548499999995,15538.476200000016,15505.497400000002,15505.497399999991,8064275,17116110304.138023,SZ399001
2026-05-18 14:00:00,15504.889099999997,15504.889100000017,15463.3733,15464.435899999991,11031323,21981516675.00502,SZ399001
2026-05-18 14:05:00,15465.488499999996,15465.488500000016,15437.957699999995,15441.368199999986,12835772,26627721444.542027,SZ399001
2026-05-18 14:10:00,15438.766899999997,15468.320300000016,15419.037999999997,15457.351099999987,10871240,23603183131.66802,SZ399001
2026-05-18 14:15:00,15456.267599999996,15483.78130000001,15452.417599999995,15470.98009999998,7728326,16946855588.107018,SZ399001
2026-05-18 14:20:00,15471.073999999997,15485.847300000005,15468.651499999996,15485.847299999972,6931442,15032615251.892017,SZ399001
2026-05-18 14:25:00,15486.602199999998,15498.380300000004,15472.445899999995,15486.333599999973,7856039,16820188907.665016,SZ399001
2026-05-18 14:30:00,15486.690999999995,15488.194,15464.715199999995,15466.481499999973,7832451,16012657962.743017,SZ399001
2026-05-18 14:35:00,15466.370099999998,15474.889700000003,15450.437599999994,15468.724899999974,10567971,21558095947.445023,SZ399001
2026-05-18 14:40:00,15468.121499999996,15482.4078,15468.121499999992,15476.066399999969,9358080,19803027908.178017,SZ399001
2026-05-18 14:45:00,15475.6087,15475.6087,15446.854999999989,15457.912099999963,11992353,24980501653.768013,SZ399001
2026-05-18 14:50:00,15459.8094,15490.4733,15459.809399999986,15490.473299999963,13773715,27679986555.05302,SZ399001
2026-05-18 14:55:00,15490.8244,15520.959199999992,15490.330199999986,15517.19249999996,17827882,35615728934.03002,SZ399001
2026-05-18 15:00:00,15517.1926,15530.229499999994,15517.19259999999,15530.229499999965,17202067,33833266397.305035,SZ399001
2026-05-19 09:35:00,15469.3597,15469.3597,15384.578899999997,15406.29069999999,76720874,164494254116.54102,SZ399001
2026-05-19 09:40:00,15403.593399999998,15497.573399999996,15403.282499999996,15490.609699999995,44947675,92905679431.02803,SZ399001
2026-05-19 09:45:00,15491.372299999995,15497.901599999996,15450.0319,15450.3712,33770764,70150220644.08301,SZ399001
2026-05-19 09:50:00,15449.184299999995,15464.187199999997,15397.374200000002,15408.268900000005,28272289,62110160997.40704,SZ399001
2026-05-19 09:55:00,15404.523399999996,15404.523399999996,15351.538200000005,15351.538200000005,25570476,56856695434.54902,SZ399001
2026-05-19 10:00:00,15349.504999999994,15372.1709,15327.362100000002,15332.983999999997,24143196,53773209640.12799,SZ399001
2026-05-19 10:05:00,15332.039799999997,15332.0398,15275.806500000002,15278.7799,25577260,57685531154.55899,SZ399001
2026-05-19 10:10:00,15275.914399999994,15286.165700000003,15246.118399999998,15246.438000000004,22393478,51102986000.387985,SZ399001
2026-05-19 10:15:00,15247.062599999994,15275.6193,15223.0495,15223.049499999994,20244390,46560055780.116,SZ399001
2026-05-19 10:20:00,15224.349999999997,15286.899199999998,15221.3497,15278.364999999989,17319784,37265061094.459,SZ399001
2026-05-19 10:25:00,15276.816699999994,15294.871999999996,15269.0395,15284.119699999985,16037340,33298622227.851,SZ399001
2026-05-19 10:30:00,15281.080499999993,15316.049999999994,15247.15329999999,15247.153299999978,15526155,31893572239.158997,SZ399001
2026-05-19 10:35:00,15244.976699999994,15333.94939999999,15242.555599999989,15311.903899999968,13380691,28579506023.998997,SZ399001
2026-05-19 10:40:00,15310.197599999994,15357.487599999991,15304.841299999984,15337.556499999968,11220262,24658883342.67199,SZ399001
2026-05-19 10:45:00,15334.887899999994,15368.287799999993,15325.469099999986,15366.252799999967,10559702,23578847210.867985,SZ399001
2026-05-19 10:50:00,15361.601499999992,15361.601499999992,15307.531699999983,15335.533699999967,9898387,22070644897.198982,SZ399001
2026-05-19 10:55:00,15335.826399999994,15353.532899999993,15318.689899999988,15327.45269999997,8705022,19041747094.061977,SZ399001
2026-05-19 11:00:00,15328.854499999994,15337.17279999999,15288.379799999986,15319.736199999972,8073188,17663274773.44598,SZ399001
2026-05-19 11:05:00,15319.840099999994,15347.535199999988,15317.370899999984,15345.51779999997,9195906,18055121711.443977,SZ399001
2026-05-19 11:10:00,15346.141299999996,15363.245899999984,15345.745799999982,15353.90809999997,8001865,17842066753.792976,SZ399001
2026-05-19 11:15:00,15352.749299999996,15402.05779999999,15349.746099999988,15399.437999999978,8518125,20444504848.058968,SZ399001
2026-05-19 11:20:00,15398.101299999997,15400.700199999988,15380.418099999986,15386.575899999978,7942764,19159046383.879967,SZ399001
2026-05-19 11:25:00,15384.827399999996,15395.994799999991,15361.973899999986,15395.99479999998,7697446,16549783564.831968,SZ399001
2026-05-19 11:30:00,15395.969099999997,15421.916899999993,15395.969099999988,15408.72289999998,6999122,17160929623.309975,SZ399001
2026-05-19 13:05:00,15411.726799999997,15411.726799999991,15331.679399999986,15353.984499999984,16569298,35264860979.63898,SZ399001
2026-05-19 13:10:00,15351.695199999996,15360.784999999996,15335.305899999985,15356.606899999984,10220695,20930618758.01999,SZ399001
2026-05-19 13:15:00,15353.4832,15419.352399999998,15347.387199999988,15419.237599999986,11814141,22342503974.445984,SZ399001
2026-05-19 13:20:00,15419.7988,15429.4911,15403.618999999988,15427.410899999986,9322865,22143229237.522976,SZ399001
2026-05-19 13:25:00,15427.7369,15448.4157,15426.222399999982,15435.856399999986,9675006,23355408096.160984,SZ399001
2026-05-19 13:30:00,15436.1851,15466.149300000006,15428.444499999983,15463.968299999991,8829258,21966603597.38299,SZ399001
2026-05-19 13:35:00,15463.3877,15463.387700000008,15439.824799999982,15453.40449999999,9377421,21450156050.657993,SZ399001
2026-05-19 13:40:00,15453.5773,15492.41200000001,15452.90359999998,15485.595999999994,9011735,21295640951.25499,SZ399001
2026-05-19 13:45:00,15485.3103,15485.31030000001,15462.287599999989,15462.615700000002,8894745,20673596894.515987,SZ399001
2026-05-19 13:50:00,15463.539900000002,15489.095600000011,15452.962899999986,15487.554299999998,10455569,21573365084.93799,SZ399001
2026-05-19 13:55:00,15486.518500000002,15489.366200000011,15465.110999999984,15487.6492,8640559,17929388122.34899,SZ399001
2026-05-19 14:00:00,15488.557500000004,15495.201900000016,15476.33429999999,15492.107199999997,8402520,18117623175.83499,SZ399001
2026-05-19 14:05:00,15492.147400000002,15507.430400000008,15474.14579999999,15505.5637,9841197,20195428878.25299,SZ399001
2026-05-19 14:10:00,15504.3749,15505.215500000006,15460.664799999986,15460.664799999997,9399467,19922409920.391994,SZ399001
2026-05-19 14:15:00,15461.3314,15491.762000000008,15458.853299999986,15483.070499999996,7930575,17096461328.417988,SZ399001
2026-05-19 14:20:00,15483.3581,15502.007500000003,15481.720999999983,15500.420499999997,10036820,19166965361.28099,SZ399001
2026-05-19 14:25:00,15501.0072,15507.427600000008,15498.202399999987,15507.282200000003,8841405,18630403593.801994,SZ399001
2026-05-19 14:30:00,15506.9917,15512.371600000017,15502.788999999988,15504.48,9746973,20583903101.26101,SZ399001
2026-05-19 14:35:00,15504.4197,15532.387500000012,15504.419699999984,15524.854400000004,12809919,24986227488.575,SZ399001
2026-05-19 14:40:00,15524.7797,15541.04810000001,15519.301999999989,15538.2672,11711917,24834371936.330006,SZ399001
2026-05-19 14:45:00,15538.376200000002,15576.833100000018,15538.376199999986,15576.81720000001,13218929,30117764607.045002,SZ399001
2026-05-19 14:50:00,15578.087400000002,15585.03580000002,15573.643799999983,15579.022600000017,15801093,34066947417.448006,SZ399001
2026-05-19 14:55:00,15579.22,15580.872900000018,15569.02379999998,15569.023800000006,20464351,42037551038.72001,SZ399001
2026-05-19 15:00:00,15569.4533,15570.040400000018,15564.723699999982,15569.907200000009,19483910,38454093045.16502,SZ399001
2026-05-20 09:35:00,15487.4267,15521.9706,15475.9241,15491.165099999998,80731856,164493466958.30396,SZ399001
2026-05-20 09:40:00,15489.8157,15504.5235,15441.569800000005,15460.565799999998,53067861,103567210425.3299,SZ399001
2026-05-20 09:45:00,15468.608400000005,15488.1557,15456.833900000003,15474.783999999996,40617193,78713389546.09488,SZ399001
2026-05-20 09:50:00,15474.0622,15541.0042,15465.905900000002,15541.004199999998,28812389,60352114029.95788,SZ399001
2026-05-20 09:55:00,15542.6269,15549.7138,15525.288700000005,15545.928300000003,26740145,57026964049.35888,SZ399001
2026-05-20 10:00:00,15545.3218,15587.365999999996,15545.321800000003,15555.3247,23206950,52145278688.30287,SZ399001
2026-05-20 10:05:00,15552.7787,15552.7787,15498.0708,15516.533699999987,25625074,52190344970.99085,SZ399001
2026-05-20 10:10:00,15516.3182,15532.960599999997,15501.541000000005,15515.540899999984,17938532,40734456272.00883,SZ399001
2026-05-20 10:15:00,15516.5127,15520.116999999997,15466.898700000003,15487.108799999984,20066615,40949772495.43582,SZ399001
2026-05-20 10:20:00,15486.798,15509.490599999996,15479.930200000004,15491.69629999999,15066090,32876146635.109833,SZ399001
2026-05-20 10:25:00,15492.128599999998,15503.745599999997,15479.3384,15503.406999999988,13479624,30309342339.265816,SZ399001
2026-05-20 10:30:00,15503.0155,15524.56939999999,15496.378599999996,15522.619799999991,15031553,32171887079.639824,SZ399001
2026-05-20 10:35:00,15522.9555,15526.376099999989,15470.939299999996,15498.730899999991,14705367,32653862059.26484,SZ399001
2026-05-20 10:40:00,15498.439600000002,15510.057999999985,15481.5389,15497.584099999996,11911376,28750287924.924847,SZ399001
2026-05-20 10:45:00,15501.141500000002,15513.252899999983,15454.480000000003,15466.228899999996,11224155,27942740225.42784,SZ399001
2026-05-20 10:50:00,15466.2645,15466.796599999983,15430.373700000002,15445.584799999991,11354600,26533952394.040833,SZ399001
2026-05-20 10:55:00,15446.8,15456.71989999998,15426.3775,15449.90959999999,10246385,25109778612.127827,SZ399001
2026-05-20 11:00:00,15448.7531,15468.958699999976,15448.6779,15459.971699999987,8733047,20389103964.20482,SZ399001
2026-05-20 11:05:00,15463.1336,15471.176299999976,15440.895600000007,15441.664599999993,9058072,19319125405.065815,SZ399001
2026-05-20 11:10:00,15444.2165,15461.698299999976,15441.141100000006,15453.687899999992,8057073,16926692927.631817,SZ399001
2026-05-20 11:15:00,15453.907899999998,15454.382099999975,15431.927400000004,15444.212499999994,9203969,18889514693.866825,SZ399001
2026-05-20 11:20:00,15444.790299999995,15467.289199999976,15444.790300000004,15464.2576,8034491,17571607202.55683,SZ399001
2026-05-20 11:25:00,15464.897,15478.91349999998,15456.341500000008,15473.999499999994,7469380,17617408456.43183,SZ399001
2026-05-20 11:30:00,15472.7408,15513.184699999974,15471.055900000008,15512.079499999996,9090787,23319874969.874836,SZ399001
2026-05-20 13:05:00,15518.122700000004,15599.415299999971,15517.180300000004,15596.541,18740439,48386736904.346825,SZ399001
2026-05-20 13:10:00,15595.968400000003,15622.213699999971,15588.166600000004,15600.344399999998,13048581,32555684147.075832,SZ399001
2026-05-20 13:15:00,15600.227400000002,15611.275999999973,15583.826099999998,15602.436199999996,10821582,26616895635.016834,SZ399001
2026-05-20 13:20:00,15604.275600000004,15612.602199999974,15584.447399999995,15584.447399999992,9863216,24513771535.296825,SZ399001
2026-05-20 13:25:00,15584.718000000004,15585.911599999974,15537.871199999994,15539.79899999999,10029161,26044668471.072823,SZ399001
2026-05-20 13:30:00,15538.8428,15538.842799999971,15503.759899999995,15508.874299999992,9641842,23998626811.37883,SZ399001
2026-05-20 13:35:00,15509.2707,15536.25639999997,15497.225299999998,15525.649599999992,8810170,21659129686.82383,SZ399001
2026-05-20 13:40:00,15528.3643,15557.156899999967,15526.853499999996,15555.146200000005,7347980,18662400016.532825,SZ399001
2026-05-20 13:45:00,15556.1153,15561.36049999997,15531.814399999988,15535.841899999998,8046971,19102964715.798824,SZ399001
2026-05-20 13:50:00,15536.644099999998,15541.063299999969,15526.555999999986,15539.297899999996,7586238,17869830622.95283,SZ399001
2026-05-20 13:55:00,15539.487899999996,15562.577299999968,15539.487899999987,15561.863599999984,7010265,17591956052.31983,SZ399001
2026-05-20 14:00:00,15562.465199999995,15562.465199999968,15545.249599999988,15545.249599999985,6682594,15819577527.387827,SZ399001
2026-05-20 14:05:00,15545.457999999997,15564.301499999969,15530.689599999989,15563.357499999982,8309983,18519370573.474827,SZ399001
2026-05-20 14:10:00,15562.385899999994,15563.561899999966,15528.164799999982,15528.295399999975,8606230,18171636043.578823,SZ399001
2026-05-20 14:15:00,15527.944399999991,15542.941899999969,15527.029699999985,15542.268399999974,7380227,16462518260.381823,SZ399001
2026-05-20 14:20:00,15543.082899999992,15543.516299999968,15521.346199999982,15538.405899999978,7343294,17361010246.506824,SZ399001
2026-05-20 14:25:00,15539.01029999999,15555.380599999977,15537.49489999998,15554.750699999982,8308554,17918914529.97483,SZ399001
2026-05-20 14:30:00,15551.62119999999,15552.343599999973,15530.066999999985,15539.40279999998,7574255,17495002551.329823,SZ399001
2026-05-20 14:35:00,15540.89769999999,15565.080299999972,15539.491999999982,15565.069899999977,9805523,21029851850.521824,SZ399001
2026-05-20 14:40:00,15566.08219999999,15578.050899999973,15557.295099999985,15558.776099999974,10951493,23234887809.605824,SZ399001
2026-05-20 14:45:00,15558.935799999992,15573.02079999997,15558.935799999985,15562.575699999976,11200544,24817153859.46781,SZ399001
2026-05-20 14:50:00,15561.738799999994,15570.85989999997,15560.234999999984,15561.170299999978,13553765,29956890440.91681,SZ399001
2026-05-20 14:55:00,15561.634699999991,15576.347999999967,15561.634699999984,15575.349299999974,18756239,39173096517.95682,SZ399001
2026-05-20 15:00:00,15575.028299999993,15577.666799999968,15569.978999999985,15569.978999999974,17326228,37270645876.209816,SZ399001
2026-05-21 09:35:00,15707.9553,15791.0824,15707.9553,15767.826399999994,95410971,196787189613.02002,SZ399001
2026-05-21 09:40:00,15766.0572,15766.0572,15708.847999999996,15739.458499999995,51753098,113987504766.66296,SZ399001
2026-05-21 09:45:00,15739.8044,15760.765200000003,15703.035899999995,15741.966999999991,42079149,87427264295.70099,SZ399001
2026-05-21 09:50:00,15744.5351,15818.806300000002,15744.535099999996,15812.1586,30802764,67807357482.48899,SZ399001
2026-05-21 09:55:00,15815.1526,15827.977900000004,15789.209199999994,15824.355700000006,26274484,56963738429.78799,SZ399001
2026-05-21 10:00:00,15822.8384,15869.375100000005,15809.493699999995,15868.079400000017,24667652,52917987634.33499,SZ399001
2026-05-21 10:05:00,15866.6823,15894.303300000003,15847.022099999998,15847.022100000017,22346560,50416492224.91998,SZ399001
2026-05-21 10:10:00,15845.588999999998,15892.453700000004,15840.197199999997,15859.53610000002,20136372,44331350926.70298,SZ399001
2026-05-21 10:15:00,15856.7593,15887.159300000005,15855.2874,15868.623400000028,18938042,41273935929.67299,SZ399001
2026-05-21 10:20:00,15867.686,15878.108800000004,15853.628100000004,15866.964600000028,17486457,37066521899.84399,SZ399001
2026-05-21 10:25:00,15867.7305,15870.761600000007,15820.706,15839.580300000036,15664851,34265007264.93397,SZ399001
2026-05-21 10:30:00,15840.611,15856.026200000008,15838.828700000002,15855.46420000004,13819734,30153308865.376953,SZ399001
2026-05-21 10:35:00,15858.396300000002,15858.396300000008,15819.270000000006,15819.27000000004,13756432,31864968484.647945,SZ399001
2026-05-21 10:40:00,15819.492500000004,15827.622500000009,15780.144100000009,15780.14410000004,14667658,35056178450.07095,SZ399001
2026-05-21 10:45:00,15779.883100000005,15797.936200000007,15760.377200000006,15760.377200000048,14556220,35746523339.79297,SZ399001
2026-05-21 10:50:00,15760.117000000004,15769.092300000004,15742.622300000006,15751.186000000043,13142710,32014622156.16898,SZ399001
2026-05-21 10:55:00,15748.523400000004,15762.2786,15716.256000000008,15716.660800000036,12534661,30974691199.689972,SZ399001
2026-05-21 11:00:00,15716.062300000003,15743.372100000004,15711.734600000009,15741.784900000031,11723216,28249773770.55998,SZ399001
2026-05-21 11:05:00,15739.171900000005,15767.4112,15722.671200000006,15767.189300000036,10262658,22585200656.040977,SZ399001
2026-05-21 11:10:00,15766.7033,15770.157,15739.953500000003,15769.668300000038,9792311,20397681686.19498,SZ399001
2026-05-21 11:15:00,15768.207,15768.207,15725.5384,15726.609500000037,8543845,19804312371.685986,SZ399001
2026-05-21 11:20:00,15726.6468,15745.223599999996,15691.258400000002,15704.55870000003,11118462,24520204353.25697,SZ399001
2026-05-21 11:25:00,15703.4014,15725.467099999993,15701.2637,15718.90720000003,7611892,17412117593.067963,SZ399001
2026-05-21 11:30:00,15718.6262,15718.626199999995,15659.9514,15662.208000000022,11647440,25467040026.224957,SZ399001
2026-05-21 13:05:00,15662.7622,15708.484999999995,15662.7622,15706.495300000024,15343681,33860241218.800957,SZ399001
2026-05-21 13:10:00,15706.5368,15710.15039999999,15653.2069,15653.206900000025,10557652,23335728453.86895,SZ399001
2026-05-21 13:15:00,15653.0112,15660.094599999997,15637.4268,15649.586700000027,10673877,23365500707.22394,SZ399001
2026-05-21 13:20:00,15649.466600000002,15693.1876,15649.466600000002,15692.459500000035,8570428,19338033039.852943,SZ399001
2026-05-21 13:25:00,15693.122600000002,15707.5372,15676.4768,15707.537200000035,9036714,20729941381.235947,SZ399001
2026-05-21 13:30:00,15707.311300000005,15714.621299999992,15693.597199999997,15696.780100000027,8955833,19224873615.43395,SZ399001
2026-05-21 13:35:00,15695.394600000003,15695.394599999994,15628.754999999996,15630.238900000022,12712582,26579904353.01495,SZ399001
2026-05-21 13:40:00,15630.739400000004,15648.268900000005,15630.134699999997,15641.370200000028,9992427,22067265777.735954,SZ399001
2026-05-21 13:45:00,15641.724300000003,15653.984200000004,15627.1292,15652.654800000024,9111639,19973974709.129963,SZ399001
2026-05-21 13:50:00,15652.293100000004,15652.293100000004,15592.313000000007,15592.313000000026,9981213,21297799622.065964,SZ399001
2026-05-21 13:55:00,15593.195000000003,15601.523500000005,15585.28890000001,15589.116500000026,11148247,22472488111.01898,SZ399001
2026-05-21 14:00:00,15589.898900000004,15589.898900000004,15557.376100000009,15557.37610000003,10759882,22658065468.17598,SZ399001
2026-05-21 14:05:00,15556.0124,15564.074300000006,15536.978600000002,15536.97860000004,13635199,27414840153.93698,SZ399001
2026-05-21 14:10:00,15536.8919,15562.909900000008,15513.632700000007,15513.632700000042,11001358,24141067705.03699,SZ399001
2026-05-21 14:15:00,15511.3541,15511.354100000008,15456.786900000005,15491.495100000044,16954439,38211798064.38398,SZ399001
2026-05-21 14:20:00,15488.150399999997,15507.042100000008,15455.9592,15463.513700000049,13193079,28178405231.255974,SZ399001
2026-05-21 14:25:00,15465.676699999998,15465.676700000007,15412.683499999996,15412.683500000034,14809276,31357200443.11396,SZ399001
2026-05-21 14:30:00,15411.394799999996,15417.802800000009,15369.772999999994,15372.057800000031,18323414,36818076602.67196,SZ399001
2026-05-21 14:35:00,15372.132899999997,15389.39200000001,15309.191099999993,15309.19110000003,24053775,47313342047.77695,SZ399001
2026-05-21 14:40:00,15308.657399999996,15422.573600000009,15286.216299999996,15383.546300000033,28118844,54291760056.53995,SZ399001
2026-05-21 14:45:00,15388.468499999995,15404.16550000001,15307.3824,15316.219100000037,19453203,39282385121.367935,SZ399001
2026-05-21 14:50:00,15316.577499999996,15339.715100000012,15283.194399999997,15283.194400000031,22258173,43729834810.83894,SZ399001
2026-05-21 14:55:00,15281.748699999996,15281.74870000001,15232.596299999996,15240.772700000038,29488156,58866097744.66193,SZ399001
2026-05-21 15:00:00,15240.262199999996,15254.20270000001,15240.262199999996,15247.270200000044,21967009,43548129856.62892,SZ399001
2026-05-22 09:35:00,15382.2934,15415.6401,15321.994,15379.072600000009,93853585,187028743079.271,SZ399001
2026-05-22 09:40:00,15378.5546,15402.213200000002,15324.607600000005,15324.607600000008,46596187,93858161680.79796,SZ399001
2026-05-22 09:45:00,15319.5683,15392.3057,15295.566200000008,15361.09690000001,34844605,71922626708.28897,SZ399001
2026-05-22 09:50:00,15363.1184,15420.3208,15346.19270000001,15420.320800000014,26474513,58106850526.721985,SZ399001
2026-05-22 09:55:00,15421.859600000002,15473.535500000004,15404.22020000001,15471.368200000014,25253371,54657445916.741005,SZ399001
2026-05-22 10:00:00,15470.597300000005,15484.854900000004,15426.610500000015,15444.50970000002,22301880,48908980970.347015,SZ399001
2026-05-22 10:05:00,15446.530900000003,15462.881199999998,15404.063600000016,15462.810100000012,20004985,46459589944.73702,SZ399001
2026-05-22 10:10:00,15462.2251,15466.539999999995,15427.81280000001,15427.812800000016,15467763,36619395875.289024,SZ399001
2026-05-22 10:15:00,15426.3511,15439.2231,15392.451500000008,15426.406400000018,15576441,34275793331.345005,SZ399001
2026-05-22 10:20:00,15424.046300000002,15424.046300000002,15330.869800000008,15331.175000000025,16377360,36631637481.588005,SZ399001
2026-05-22 10:25:00,15330.215600000003,15344.095600000002,15319.342300000008,15333.505700000032,16941060,36779267987.41402,SZ399001
2026-05-22 10:30:00,15334.387800000002,15353.959700000005,15316.472000000009,15316.472000000034,14546459,29647482159.490013,SZ399001
2026-05-22 10:35:00,15314.8002,15381.947199999991,15306.122000000008,15381.947200000026,15867987,32097083766.57701,SZ399001
2026-05-22 10:40:00,15382.2769,15401.925299999992,15374.840300000007,15380.730100000024,10423719,23123112466.318024,SZ399001
2026-05-22 10:45:00,15381.7905,15422.008399999988,15377.521400000009,15406.465100000025,9955020,23156095856.229027,SZ399001
2026-05-22 10:50:00,15404.056800000002,15411.924599999988,15397.362500000008,15410.890400000028,8421826,19695475718.994022,SZ399001
2026-05-22 10:55:00,15410.9816,15413.30379999998,15389.204100000012,15411.065200000025,9512771,21501722991.781025,SZ399001
2026-05-22 11:00:00,15410.6424,15428.081799999984,15392.709800000011,15420.82590000003,8817291,20848443630.056026,SZ399001
2026-05-22 11:05:00,15420.945500000002,15420.945499999983,15365.903700000015,15388.808500000034,9496242,20603387988.06302,SZ399001
2026-05-22 11:10:00,15389.272400000002,15393.216599999989,15365.685600000015,15393.216600000043,7704570,17386652874.731018,SZ399001
2026-05-22 11:15:00,15393.0181,15421.301799999988,15377.259600000014,15421.30180000004,9658170,18960518707.803013,SZ399001
2026-05-22 11:20:00,15420.2439,15421.969999999988,15386.34330000002,15407.605900000046,9227433,17766779395.090008,SZ399001
2026-05-22 11:25:00,15410.523600000002,15432.649199999987,15391.782300000015,15431.877400000049,9414833,17977967473.59001,SZ399001
2026-05-22 11:30:00,15431.0357,15459.941499999986,15431.035700000017,15458.88120000004,8476967,19618380500.974014,SZ399001
2026-05-22 13:05:00,15467.6133,15506.646399999989,15467.61330000002,15502.746600000042,19206751,41847855017.94903,SZ399001
2026-05-22 13:10:00,15503.9176,15514.710699999989,15492.600100000029,15502.01230000005,13679308,28083598661.23303,SZ399001
2026-05-22 13:15:00,15502.266400000002,15509.557199999988,15492.819600000028,15502.902800000043,12938548,27516902441.96904,SZ399001
2026-05-22 13:20:00,15503.7992,15504.153299999987,15467.412500000024,15467.41250000004,11149635,24169653871.63904,SZ399001
2026-05-22 13:25:00,15467.2556,15476.91379999999,15455.963900000024,15464.797600000034,10873699,22676986222.363052,SZ399001
2026-05-22 13:30:00,15465.4828,15511.434799999992,15465.482800000023,15511.434800000035,11327022,23028677490.347042,SZ399001
2026-05-22 13:35:00,15511.1218,15548.883999999993,15511.121800000024,15537.986300000044,14158984,26630191854.169037,SZ399001
2026-05-22 13:40:00,15537.918699999998,15571.300099999991,15537.918700000026,15557.280300000046,11670866,24520666669.714046,SZ399001
2026-05-22 13:45:00,15558.246999999998,15570.081899999994,15555.871700000029,15560.024900000057,9723549,22036840119.719055,SZ399001
2026-05-22 13:50:00,15560.995899999998,15579.177800000003,15556.355400000028,15578.600800000057,15200644,23435799782.128056,SZ399001
2026-05-22 13:55:00,15578.827399999998,15595.290900000002,15578.827400000026,15589.435200000056,12773565,23584415208.289055,SZ399001
2026-05-22 14:00:00,15590.015699999998,15591.072700000002,15558.75580000003,15564.15740000006,10138532,21067629537.592056,SZ399001
2026-05-22 14:05:00,15565.948799999998,15596.983800000004,15565.94880000003,15588.087500000052,11826112,24209544750.15306,SZ399001
2026-05-22 14:10:00,15590.110199999996,15624.9708,15590.110200000025,15610.89430000005,9841164,24288080903.26207,SZ399001
2026-05-22 14:15:00,15609.342199999996,15616.935799999996,15590.052000000016,15591.867800000044,9535343,21652696521.880074,SZ399001
2026-05-22 14:20:00,15591.319699999996,15592.640499999994,15552.810200000014,15566.41000000004,10817593,23196470236.021076,SZ399001
2026-05-22 14:25:00,15566.041699999994,15589.046999999991,15566.041700000014,15586.740300000034,8282035,20032639415.61407,SZ399001
2026-05-22 14:30:00,15587.606999999996,15594.643499999993,15582.308000000014,15589.623400000031,8435787,19858009210.48607,SZ399001
2026-05-22 14:35:00,15590.189099999996,15594.329599999994,15575.230000000012,15590.395900000034,11625082,25499424907.21907,SZ399001
2026-05-22 14:40:00,15589.854899999997,15594.33879999999,15576.329700000011,15576.32970000003,11094239,24673601815.381058,SZ399001
2026-05-22 14:45:00,15576.507099999995,15577.642399999992,15569.613700000007,15570.726800000037,11390239,25581559326.20706,SZ399001
2026-05-22 14:50:00,15569.639899999996,15590.89499999999,15567.913400000009,15588.514400000042,14025536,31067859042.158066,SZ399001
2026-05-22 14:55:00,15586.928999999996,15600.23729999999,15584.132400000008,15598.11430000004,19303535,41250204826.399055,SZ399001
2026-05-22 15:00:00,15597.624899999995,15602.326199999994,15596.320300000009,15597.2969,18834472,39931633668.53104,SZ399001
2026-05-25 09:35:00,15716.3889,15721.5361,15644.153000000002,15665.662300000004,99050016,217101857936.829,SZ399001
2026-05-25 09:40:00,15667.955,15694.945599999995,15667.854200000002,15677.972000000003,50181091,110750136926.47702,SZ399001
2026-05-25 09:45:00,15676.7026,15718.407900000002,15660.960299999995,15664.218400000002,41561958,90563621377.73804,SZ399001
2026-05-25 09:50:00,15663.7565,15668.3725,15572.735099999996,15576.439000000006,36615186,80509134047.85606,SZ399001
2026-05-25 09:55:00,15575.7758,15638.304400000005,15570.868999999995,15587.494500000004,33026918,68506338682.70904,SZ399001
2026-05-25 10:00:00,15588.292499999998,15620.385200000004,15547.158999999996,15550.537500000006,30984822,62193829063.28103,SZ399001
2026-05-25 10:05:00,15553.019599999998,15613.767300000009,15551.279799999997,15592.756699999998,22368770,50129004788.52101,SZ399001
2026-05-25 10:10:00,15591.761099999998,15652.439700000012,15584.424099999997,15647.178499999993,18409332,42065916684.85803,SZ399001
2026-05-25 10:15:00,15645.8692,15681.961900000011,15639.785699999991,15678.423699999992,17085309,39493546182.39603,SZ399001
2026-05-25 10:20:00,15674.466899999996,15674.574600000014,15660.04899999999,15674.525499999983,15046623,34469084251.76402,SZ399001
2026-05-25 10:25:00,15675.826199999996,15721.60840000002,15675.82619999999,15715.740699999991,14726803,34776496404.679016,SZ399001
2026-05-25 10:30:00,15713.912699999995,15741.393100000025,15712.17069999999,15728.9582,13623030,34040922524.989025,SZ399001
2026-05-25 10:35:00,15731.395299999996,15747.25100000002,15701.239899999991,15714.513100000004,14703715,33522398826.263023,SZ399001
2026-05-25 10:40:00,15714.773899999997,15742.306200000015,15711.463499999993,15731.552200000004,14145794,29796106668.77502,SZ399001
2026-05-25 10:45:00,15731.538499999995,15736.514100000011,15718.386599999996,15718.687600000008,13977130,27939015325.136017,SZ399001
2026-05-25 10:50:00,15717.465499999997,15752.985200000014,15704.378699999992,15752.985200000014,11025222,25254599572.530006,SZ399001
2026-05-25 10:55:00,15753.234199999995,15767.282100000017,15748.173899999992,15759.006500000012,10108811,24988956750.437004,SZ399001
2026-05-25 11:00:00,15758.576599999997,15790.284600000015,15748.030099999987,15789.640300000014,10765726,23872919193.831993,SZ399001
2026-05-25 11:05:00,15789.859099999994,15794.39440000002,15730.24089999999,15745.60150000001,10765766,25202877211.994984,SZ399001
2026-05-25 11:10:00,15743.960299999995,15745.838200000017,15730.245399999989,15742.25280000001,9535075,20531388399.295982,SZ399001
2026-05-25 11:15:00,15741.229599999995,15762.83550000002,15727.17789999998,15753.308300000004,8254320,19222583808.276985,SZ399001
2026-05-25 11:20:00,15754.284399999997,15757.38340000002,15727.06099999998,15745.3788,8123670,18286004599.070984,SZ399001
2026-05-25 11:25:00,15746.441799999997,15747.150500000018,15729.938399999985,15732.893399999995,7146902,17386450792.317986,SZ399001
2026-05-25 11:30:00,15732.512199999996,15734.591700000025,15704.760999999984,15732.860399999994,9288047,20377040534.93399,SZ399001
2026-05-25 13:05:00,15741.355399999997,15786.508500000024,15741.355399999984,15773.7678,17273096,43524423502.02098,SZ399001
2026-05-25 13:10:00,15771.412699999995,15771.511200000024,15736.681799999988,15753.94950000001,11583550,27644061894.98899,SZ399001
2026-05-25 13:15:00,15754.005899999996,15763.684600000026,15739.343999999986,15758.3458,11125400,27908567793.46999,SZ399001
2026-05-25 13:20:00,15757.527899999995,15776.409100000026,15754.918099999984,15758.786299999998,10794830,25766226107.748985,SZ399001
2026-05-25 13:25:00,15757.833099999996,15759.689600000023,15719.714399999988,15719.876799999998,10202806,24266235363.298985,SZ399001
2026-05-25 13:30:00,15720.035599999996,15735.343800000028,15718.161599999989,15734.579000000002,9960808,23494350459.702995,SZ399001
2026-05-25 13:35:00,15734.295199999997,15735.016900000028,15704.791799999992,15721.486100000007,11418776,26320175510.771004,SZ399001
2026-05-25 13:40:00,15721.199599999994,15721.962100000026,15705.899399999991,15711.85900000001,9311194,22750203485.55601,SZ399001
2026-05-25 13:45:00,15712.458699999996,15722.15430000002,15678.417999999998,15679.692900000016,12864366,28583514600.75702,SZ399001
2026-05-25 13:50:00,15680.822499999997,15711.994100000018,15679.9659,15711.994100000013,9072788,20779754725.52702,SZ399001
2026-05-25 13:55:00,15711.029199999995,15718.67370000002,15694.488899999997,15717.615800000012,8240286,19401531856.531025,SZ399001
2026-05-25 14:00:00,15717.5619,15745.55330000002,15717.561899999995,15744.65020000001,7183339,18534762206.26602,SZ399001
2026-05-25 14:05:00,15744.3233,15778.985100000018,15744.323299999998,15777.2141,8329127,21962284038.204025,SZ399001
2026-05-25 14:10:00,15776.5133,15780.693900000017,15765.135299999993,15780.693899999998,7178294,19182316187.91203,SZ399001
2026-05-25 14:15:00,15783.0797,15797.075300000022,15778.448899999996,15794.328799999996,7724260,19334481655.05103,SZ399001
2026-05-25 14:20:00,15795.6353,15812.281100000026,15794.745999999996,15808.315499999995,7961951,18727286658.705025,SZ399001
2026-05-25 14:25:00,15808.145,15808.830100000028,15794.463799999994,15800.8408,7939044,18644412028.766014,SZ399001
2026-05-25 14:30:00,15800.489999999998,15812.695200000026,15797.264299999992,15801.994299999997,8877674,19630118761.014008,SZ399001
2026-05-25 14:35:00,15801.431099999996,15821.514700000029,15795.563399999988,15818.66989999999,9817483,22564091647.67401,SZ399001
2026-05-25 14:40:00,15815.596399999997,15820.51520000003,15809.661699999988,15817.817199999994,9791426,22664347828.312008,SZ399001
2026-05-25 14:45:00,15817.419199999997,15837.335600000028,15815.232299999989,15831.272099999987,12168509,27711300688.45303,SZ399001
2026-05-25 14:50:00,15831.971299999996,15856.272800000028,15830.684599999984,15855.155299999984,14745094,32026822882.381035,SZ399001
2026-05-25 14:55:00,15855.622499999994,15857.081300000027,15848.179099999985,15851.424999999976,19009943,40471373538.90003,SZ399001
2026-05-25 15:00:00,15851.494799999997,15856.691900000034,15849.050699999983,15856.610199999976,18131793,37201987191.959015,SZ399001
2026-05-26 09:35:00,15786.8178,15812.0372,15753.638499999995,15791.892299999996,90152276,200984925180.70898,SZ399001
2026-05-26 09:40:00,15792.728,15848.555500000004,15790.455599999994,15794.476,53556028,115178271854.98601,SZ399001
2026-05-26 09:45:00,15794.7944,15835.986500000005,15757.20779999999,15757.207800000002,45564052,98533192194.36203,SZ399001
2026-05-26 09:50:00,15753.875499999996,15784.848000000004,15678.06349999999,15707.4189,44104522,95314913759.68506,SZ399001
2026-05-26 09:55:00,15706.096799999998,15734.595,15662.630899999986,15699.811399999991,32991156,72587783731.53305,SZ399001
2026-05-26 10:00:00,15700.114999999998,15777.64770000001,15700.114999999989,15777.647699999989,25679786,56890452385.84704,SZ399001
2026-05-26 10:05:00,15776.315299999997,15789.424300000011,15746.192899999984,15773.260099999983,25625984,60112030204.51703,SZ399001
2026-05-26 10:10:00,15769.884299999998,15846.691200000008,15741.646299999988,15846.691199999985,20937784,48549612031.10503,SZ399001
2026-05-26 10:15:00,15845.391199999998,15848.785900000008,15795.248699999987,15795.913199999988,19615640,43607764860.99804,SZ399001
2026-05-26 10:20:00,15796.132699999998,15848.588900000012,15793.719499999988,15820.13539999999,16352679,35666939128.10202,SZ399001
2026-05-26 10:25:00,15820.815599999998,15851.497000000012,15813.41259999999,15851.496999999994,14712338,32863955431.28402,SZ399001
2026-05-26 10:30:00,15852.168199999996,15883.004600000011,15842.377199999992,15871.142699999988,13777393,32996680581.523014,SZ399001
2026-05-26 10:35:00,15871.196799999998,15883.791600000011,15860.723699999997,15867.667999999989,13348414,31931831182.854023,SZ399001
2026-05-26 10:40:00,15867.9454,15873.564500000017,15810.379299999997,15810.379299999991,12925292,30020985441.397034,SZ399001
2026-05-26 10:45:00,15809.397399999998,15810.031800000015,15765.631399999991,15778.38739999998,13588505,30226909848.272034,SZ399001
2026-05-26 10:50:00,15778.3264,15778.326400000014,15719.019599999989,15725.298599999982,13592734,30282387136.31502,SZ399001
2026-05-26 10:55:00,15726.1338,15755.22780000001,15718.463499999987,15752.828499999976,12541127,25507059954.85501,SZ399001
2026-05-26 11:00:00,15752.6133,15763.36610000001,15746.037399999988,15754.522799999984,11772328,21636699739.444008,SZ399001
2026-05-26 11:05:00,15753.6269,15753.626900000012,15664.02269999999,15664.21229999999,16320741,32918654688.240013,SZ399001
2026-05-26 11:10:00,15663.7484,15736.313100000016,15663.748399999991,15734.545199999997,10615386,22649845551.233017,SZ399001
2026-05-26 11:15:00,15735.089200000002,15736.341700000014,15670.045599999994,15672.40329999999,10029951,21249914643.161007,SZ399001
2026-05-26 11:20:00,15673.321400000004,15739.241200000017,15668.819399999991,15737.236599999993,9821178,20581682662.165,SZ399001
2026-05-26 11:25:00,15737.4204,15756.879900000022,15724.035299999989,15741.850899999996,9174240,16707111129.004002,SZ399001
2026-05-26 11:30:00,15740.8813,15740.88130000002,15707.400599999988,15718.980799999996,7795770,15922230913.420998,SZ399001
2026-05-26 13:05:00,15721.0971,15786.570000000022,15702.709699999985,15776.198999999991,16598033,33369682751.146004,SZ399001
2026-05-26 13:10:00,15775.3072,15788.499100000025,15729.294099999985,15787.910799999992,10220193,22231373942.090996,SZ399001
2026-05-26 13:15:00,15789.2892,15811.955100000028,15787.592399999983,15807.278799999993,11095756,23135845530.693996,SZ399001
2026-05-26 13:20:00,15806.8015,15814.405400000029,15800.611499999986,15804.676399999991,10116559,23728762758.861984,SZ399001
2026-05-26 13:25:00,15805.1218,15827.85450000003,15752.416699999983,15755.228899999993,11390630,25793440019.197975,SZ399001
2026-05-26 13:30:00,15756.850500000002,15776.25690000003,15756.850499999986,15776.256899999991,9188408,19967348190.991962,SZ399001
2026-05-26 13:35:00,15777.197300000002,15834.334300000028,15777.197299999982,15808.351599999993,10638656,22915869757.582962,SZ399001
2026-05-26 13:40:00,15809.2216,15835.91880000003,15801.375399999984,15830.104699999983,8678194,18636791439.211967,SZ399001
2026-05-26 13:45:00,15830.361000000004,15830.39340000003,15776.476099999978,15777.504899999987,10134908,19780287330.87996,SZ399001
2026-05-26 13:50:00,15778.296100000003,15778.296100000032,15729.26039999998,15729.293999999983,12619956,23079791319.712955,SZ399001
2026-05-26 13:55:00,15728.387800000004,15729.412900000034,15704.528599999978,15705.941899999989,11704684,22980355361.871944,SZ399001
2026-05-26 14:00:00,15706.095700000003,15723.42370000003,15698.16759999998,15718.26659999998,9029096,19060004158.290936,SZ399001
2026-05-26 14:05:00,15717.142600000005,15723.74580000003,15662.568499999985,15662.68919999998,11672174,23916207963.50593,SZ399001
2026-05-26 14:10:00,15662.160200000004,15718.722600000025,15662.160199999984,15718.722599999968,10514777,22037556033.921932,SZ399001
2026-05-26 14:15:00,15719.299600000006,15764.647800000024,15719.033699999984,15756.421099999976,9159150,19157366219.255928,SZ399001
2026-05-26 14:20:00,15755.759700000004,15755.759700000024,15727.851999999984,15729.198299999973,7453794,16646787625.117931,SZ399001
2026-05-26 14:25:00,15727.004400000003,15751.60260000002,15719.959399999983,15751.602599999973,8118493,17465824015.884933,SZ399001
2026-05-26 14:30:00,15753.483200000004,15809.939200000024,15753.483199999984,15809.939199999972,10118621,21613086766.43793,SZ399001
2026-05-26 14:35:00,15810.867800000004,15847.411000000026,15810.867799999984,15825.379499999972,12229957,26446218466.538925,SZ399001
2026-05-26 14:40:00,15828.245700000003,15860.63330000002,15828.245699999989,15860.63329999997,11080289,26033345201.276917,SZ399001
2026-05-26 14:45:00,15861.858200000004,15886.835900000022,15861.858199999986,15868.452199999963,13225409,29943868926.599922,SZ399001
2026-05-26 14:50:00,15868.970500000005,15882.27790000002,15868.240599999986,15882.195899999968,15006151,31840597199.792915,SZ399001
2026-05-26 14:55:00,15883.463900000004,15894.546200000015,15883.463899999988,15888.859299999967,19750479,41091602878.50192,SZ399001
2026-05-26 15:00:00,15887.508900000004,15887.508900000015,15874.414899999994,15876.16279999997,18933861,38212868841.04791,SZ399001
2026-05-27 09:35:00,15868.902,15994.479,15868.6406,15990.952899999998,86824782,198738959660.69598,SZ399001
2026-05-27 09:40:00,15988.3034,16011.4637,15929.4646,15976.736399999994,52031411,114775277135.88599,SZ399001
2026-05-27 09:45:00,15983.0395,15989.0194,15916.557600000002,15959.579399999997,43265758,89357174208.32501,SZ399001
2026-05-27 09:50:00,15955.007999999996,15978.894899999994,15913.882999999998,15959.56569999998,34403031,72342240992.47403,SZ399001
2026-05-27 09:55:00,15961.115099999995,15966.116699999991,15924.493600000002,15942.845999999983,26812824,58044320141.018074,SZ399001
2026-05-27 10:00:00,15941.4219,15973.728499999988,15935.1421,15944.798799999986,23911046,48442766338.997086,SZ399001
2026-05-27 10:05:00,15943.8459,16011.300199999983,15943.845900000002,16011.30019999998,25558837,54864296059.34507,SZ399001
2026-05-27 10:10:00,16009.3556,16009.355599999984,15963.434599999997,15995.376499999982,22918242,48624128804.89306,SZ399001
2026-05-27 10:15:00,15993.6365,16006.847799999989,15967.559999999996,15977.94099999998,21663382,43709428400.68405,SZ399001
2026-05-27 10:20:00,15976.8345,16022.669099999996,15967.898099999997,15980.45669999998,17568953,39878129491.889046,SZ399001
2026-05-27 10:25:00,15978.5792,16027.674699999998,15978.579199999996,16023.80779999998,14602290,35095756985.73904,SZ399001
2026-05-27 10:30:00,16023.911300000002,16024.334099999998,15992.856399999991,16017.943899999978,13544529,33385254152.009033,SZ399001
2026-05-27 10:35:00,16019.4526,16047.406699999996,15994.928999999993,16015.338699999978,13947331,31701342337.308044,SZ399001
2026-05-27 10:40:00,16019.4698,16027.197799999996,15947.251699999988,15974.79779999998,13863168,31164805977.967033,SZ399001
2026-05-27 10:45:00,15975.9198,16004.1105,15969.001299999987,15975.609399999985,11499781,25033861434.49604,SZ399001
2026-05-27 10:50:00,15977.3706,15977.6056,15950.403399999992,15950.403399999985,11900113,25873515050.65304,SZ399001
2026-05-27 10:55:00,15947.638399999996,15973.998699999998,15936.96659999999,15948.612399999978,10397742,24310734778.068043,SZ399001
2026-05-27 11:00:00,15949.049399999996,15975.8797,15942.14969999999,15957.16259999998,9216049,20700232929.49404,SZ399001
2026-05-27 11:05:00,15956.268299999996,15969.075299999997,15926.970199999989,15942.537099999969,11670454,22800351060.000053,SZ399001
2026-05-27 11:10:00,15941.924399999996,15953.409599999994,15916.315199999986,15952.543199999973,9245407,19021259314.699062,SZ399001
2026-05-27 11:15:00,15953.290899999996,15954.678299999992,15913.51029999999,15915.265699999973,8842853,17954652305.99806,SZ399001
2026-05-27 11:20:00,15916.455999999996,15916.972099999994,15851.460899999996,15851.460899999973,13921013,24651270063.744057,SZ399001
2026-05-27 11:25:00,15852.516899999997,15862.568399999996,15805.105899999997,15806.741199999971,14228806,29547762406.653053,SZ399001
2026-05-27 11:30:00,15807.049499999996,15809.794899999984,15783.973999999997,15809.794499999964,13702342,27407149399.240047,SZ399001
2026-05-27 13:05:00,15811.521799999997,15852.854999999983,15791.02159999999,15852.854999999969,18156860,37782650428.81205,SZ399001
2026-05-27 13:10:00,15850.200599999996,15874.086899999984,15840.445599999988,15847.844499999965,12283432,25208616107.358047,SZ399001
2026-05-27 13:15:00,15848.170699999995,15864.54289999998,15804.223899999992,15841.484199999968,13096178,27363592585.837055,SZ399001
2026-05-27 13:20:00,15840.258999999996,15840.25899999998,15793.182199999992,15821.808499999968,11038387,23275908363.874065,SZ399001
2026-05-27 13:25:00,15821.446899999995,15836.439799999976,15814.962999999989,15828.69809999996,11088291,21039923900.273064,SZ399001
2026-05-27 13:30:00,15828.233499999997,15852.844199999976,15817.94039999998,15833.609499999964,9213863,18868801779.505062,SZ399001
2026-05-27 13:35:00,15831.039199999996,15831.039199999976,15752.274599999984,15752.692599999966,10569652,25287309412.624073,SZ399001
2026-05-27 13:40:00,15752.196099999996,15802.886099999976,15732.304499999986,15734.715899999968,13211893,30370997614.722076,SZ399001
2026-05-27 13:45:00,15741.574099999996,15751.513499999975,15678.071899999988,15683.021699999968,16066267,38957894867.456085,SZ399001
2026-05-27 13:50:00,15680.440799999997,15735.476899999974,15672.827099999988,15723.842399999963,11467455,26912111846.00811,SZ399001
2026-05-27 13:55:00,15723.313799999996,15729.682499999975,15657.31549999999,15675.58409999997,11340042,25590090267.119106,SZ399001
2026-05-27 14:00:00,15675.864699999996,15735.903599999978,15675.563699999992,15689.531999999974,10503330,21793938116.1441,SZ399001
2026-05-27 14:05:00,15689.274499999996,15701.246599999977,15656.936199999987,15656.936199999973,12278148,22392158407.920097,SZ399001
2026-05-27 14:10:00,15656.771699999996,15742.82139999998,15656.651099999986,15740.225599999976,10529796,21577701169.882095,SZ399001
2026-05-27 14:15:00,15743.230299999996,15754.992199999975,15698.923799999997,15701.252599999969,9091317,19503379890.721092,SZ399001
2026-05-27 14:20:00,15699.007199999996,15780.279599999982,15696.264299999995,15775.465299999976,8601363,19892371196.907093,SZ399001
2026-05-27 14:25:00,15776.721299999996,15803.461099999982,15762.754399999994,15799.767199999971,8151067,19180985352.149086,SZ399001
2026-05-27 14:30:00,15795.780099999996,15819.376499999978,15778.747199999996,15793.445899999972,9286397,21537739337.66008,SZ399001
2026-05-27 14:35:00,15792.666999999996,15801.510599999976,15765.967099999998,15782.09609999998,10034950,22053665621.85708,SZ399001
2026-05-27 14:40:00,15782.278199999992,15826.415399999978,15782.278199999995,15810.170299999983,11462181,24631787307.29407,SZ399001
2026-05-27 14:45:00,15809.408599999992,15815.36549999998,15752.858199999995,15752.890799999985,12250902,26420427840.21807,SZ399001
2026-05-27 14:50:00,15750.596099999992,15753.147699999976,15694.680199999992,15713.714199999984,15983527,35744707546.38007,SZ399001
2026-05-27 14:55:00,15714.588199999993,15737.708199999975,15714.588199999993,15730.045899999988,17480731,36979216043.17607,SZ399001
2026-05-27 15:00:00,15729.801399999991,15736.468799999977,15729.801399999991,15736.468799999988,17144990,35322596144.63507,SZ399001
2026-05-28 09:35:00,15691.1621,15696.684200000002,15602.5968,15606.6715,79536940,160904599945.43195,SZ399001
2026-05-28 09:40:00,15603.6832,15676.170200000002,15590.2954,15664.884499999993,43854541,90582117765.63594,SZ399001
2026-05-28 09:45:00,15658.3746,15675.631600000004,15618.251500000002,15630.866299999996,35465716,69930945402.53294,SZ399001
2026-05-28 09:50:00,15629.119600000002,15652.171700000006,15601.4945,15642.451299999992,30626908,61630915932.90195,SZ399001
2026-05-28 09:55:00,15641.048300000002,15641.048300000004,15575.277399999995,15575.67919999999,24983884,52930605038.52295,SZ399001
2026-05-28 10:00:00,15580.008200000002,15581.918400000002,15511.646499999995,15514.264699999994,25446467,52813055930.75995,SZ399001
2026-05-28 10:05:00,15514.058000000005,15607.924100000004,15514.057999999995,15585.616099999996,22641389,46750518454.660965,SZ399001
2026-05-28 10:10:00,15577.052500000002,15599.6657,15556.578699999998,15566.612499999996,17210367,36786310841.18998,SZ399001
2026-05-28 10:15:00,15570.3453,15588.100899999998,15548.1331,15588.100899999992,17405868,34677795790.727005,SZ399001
2026-05-28 10:20:00,15588.2172,15599.264,15549.6058,15555.872899999991,14887852,31296287173.634026,SZ399001
2026-05-28 10:25:00,15556.249900000004,15563.211599999997,15508.059000000005,15508.058999999996,15833568,33087371797.127018,SZ399001
2026-05-28 10:30:00,15507.6634,15584.502799999991,15504.786700000006,15566.637099999987,12705582,27387534776.150032,SZ399001
2026-05-28 10:35:00,15572.6001,15622.276099999988,15572.600100000009,15622.276099999986,12640301,26979453193.442028,SZ399001
2026-05-28 10:40:00,15624.248500000002,15635.861499999988,15617.595900000008,15634.928599999988,11532004,24398153056.30602,SZ399001
2026-05-28 10:45:00,15634.447499999998,15646.129999999988,15575.257500000012,15575.257499999996,11651979,24299317193.309025,SZ399001
2026-05-28 10:50:00,15575.3669,15593.816299999997,15561.73730000001,15575.709500000006,9900635,20492884736.808025,SZ399001
2026-05-28 10:55:00,15575.997899999998,15578.044999999998,15556.75800000001,15556.758000000003,11008158,22380070734.523026,SZ399001
2026-05-28 11:00:00,15555.6583,15574.9366,15542.800800000014,15542.800800000005,9990948,20338500329.968025,SZ399001
2026-05-28 11:05:00,15541.5056,15569.9721,15526.43740000001,15563.101699999996,9578846,20418943469.96902,SZ399001
2026-05-28 11:10:00,15561.4348,15602.446100000005,15531.256000000008,15602.446099999996,9671926,19937485939.601013,SZ399001
2026-05-28 11:15:00,15602.783200000002,15610.304200000006,15573.76610000001,15610.304199999997,7610569,17479990715.09601,SZ399001
2026-05-28 11:20:00,15610.2908,15632.950200000008,15605.038300000007,15622.8664,9095069,19897709592.122,SZ399001
2026-05-28 11:25:00,15622.7557,15645.707200000008,15603.186000000003,15643.076500000006,9004986,20550220083.744,SZ399001
2026-05-28 11:30:00,15642.318899999998,15695.487300000006,15642.318900000007,15695.481200000007,8023368,21656193495.224003,SZ399001
2026-05-28 13:05:00,15696.582099999998,15696.582100000009,15554.18660000001,15615.63940000001,22603313,48718160633.701,SZ399001
2026-05-28 13:10:00,15608.309099999997,15622.683500000012,15579.419400000006,15596.639000000005,12499614,26283015081.934986,SZ399001
2026-05-28 13:15:00,15590.642299999998,15593.014900000013,15538.925400000007,15584.962,13404353,27078780672.41199,SZ399001
2026-05-28 13:20:00,15583.382899999997,15610.302800000012,15574.312300000009,15609.034799999998,9428217,19597960112.813988,SZ399001
2026-05-28 13:25:00,15610.586999999996,15687.498600000006,15610.587000000009,15687.498599999988,9777543,24290527010.135986,SZ399001
2026-05-28 13:30:00,15689.148999999996,15761.1328,15684.348600000008,15742.52579999998,11254143,29345184751.04998,SZ399001
2026-05-28 13:35:00,15743.249599999996,15779.200800000011,15734.318600000006,15776.675199999983,10204440,26508410031.697983,SZ399001
2026-05-28 13:40:00,15778.567199999996,15821.59080000001,15778.567200000009,15820.789599999978,11830743,28184330158.654976,SZ399001
2026-05-28 13:45:00,15823.600199999995,15840.72930000001,15806.805600000003,15829.753499999975,12829538,27865661291.338985,SZ399001
2026-05-28 13:50:00,15832.252499999997,15872.123900000017,15832.252500000002,15848.834099999982,13245201,28806716901.74399,SZ399001
2026-05-28 13:55:00,15849.120399999996,15853.823300000013,15808.303500000002,15828.368099999976,11897542,25112061400.75899,SZ399001
2026-05-28 14:00:00,15827.461199999996,15828.228300000012,15808.446500000002,15824.137199999968,10235386,22228175088.400997,SZ399001
2026-05-28 14:05:00,15825.243999999995,15860.777800000007,15825.244,15836.187399999968,11605529,24907196706.728,SZ399001
2026-05-28 14:10:00,15836.050199999996,15864.81110000001,15824.9229,15861.190899999972,9405706,22310364325.67399,SZ399001
2026-05-28 14:15:00,15860.346599999995,15860.34660000001,15821.108500000006,15821.10849999997,9619781,20998466425.80798,SZ399001
2026-05-28 14:20:00,15819.789099999996,15878.019700000012,15819.789100000004,15871.391799999968,8616626,22929075388.757973,SZ399001
2026-05-28 14:25:00,15870.121999999996,15872.333700000016,15853.290100000007,15861.232099999972,7789335,20628787397.84997,SZ399001
2026-05-28 14:30:00,15859.378999999995,15877.659100000012,15848.65060000001,15858.796399999974,9309233,22438361859.084965,SZ399001
2026-05-28 14:35:00,15856.903399999994,15882.27330000002,15853.777500000006,15880.617899999968,10208988,23204936749.429955,SZ399001
2026-05-28 14:40:00,15879.229599999991,15889.831900000016,15860.470200000009,15860.470199999963,10372057,24758835857.530945,SZ399001
2026-05-28 14:45:00,15859.166499999994,15878.61790000002,15851.27610000001,15851.276099999966,11418374,26842304392.056942,SZ399001
2026-05-28 14:50:00,15850.498899999997,15867.374700000022,15849.37690000001,15860.001799999976,13921759,31403101795.494934,SZ399001
2026-05-28 14:55:00,15858.942999999996,15859.822800000022,15851.35340000001,15858.209399999974,17973012,37649225442.245926,SZ399001
2026-05-28 15:00:00,15857.030399999996,15863.529400000025,15855.840100000012,15861.89099999998,18091128,37128238781.500885,SZ399001
2026-05-29 09:35:00,15957.1152,15981.929999999998,15937.520599999998,15960.84229999999,89412412,194626141798.53107,SZ399001
2026-05-29 09:40:00,15958.917399999998,15969.003399999998,15882.551299999996,15882.551299999988,48285760,105396615851.23206,SZ399001
2026-05-29 09:45:00,15879.878899999998,15898.6241,15846.485,15868.589099999996,43191214,89420604958.50902,SZ399001
2026-05-29 09:50:00,15867.3227,15904.513400000002,15789.439800000006,15790.69,38344573,78016957954.69603,SZ399001
2026-05-29 09:55:00,15792.0326,15827.543200000006,15773.911000000006,15784.523800000004,36837339,71503593113.67508,SZ399001
2026-05-29 10:00:00,15786.0566,15831.919900000006,15770.381200000009,15797.941900000003,30276689,58375745017.62409,SZ399001
2026-05-29 10:05:00,15795.4766,15817.218100000007,15731.431700000012,15731.431700000005,28747082,56651260002.645096,SZ399001
2026-05-29 10:10:00,15728.350299999998,15737.911600000003,15674.964300000009,15694.407499999998,25162003,54557126049.26306,SZ399001
2026-05-29 10:15:00,15693.550499999998,15731.2094,15653.9805,15731.2094,22196972,49597326297.773,SZ399001
2026-05-29 10:20:00,15719.7506,15725.033399999998,15672.715500000004,15716.319100000002,22863285,43909704983.02598,SZ399001
2026-05-29 10:25:00,15714.0102,15789.448399999994,15701.902500000004,15789.4484,16667333,36717311429.40799,SZ399001
2026-05-29 10:30:00,15789.3058,15797.475399999994,15733.531100000006,15733.531100000006,16149077,33762361128.976982,SZ399001
2026-05-29 10:35:00,15731.2147,15791.147,15703.391300000008,15790.395400000012,15605457,30690900357.23598,SZ399001
2026-05-29 10:40:00,15792.291700000002,15837.4254,15786.433900000013,15826.437400000012,12238107,28036488040.47199,SZ399001
2026-05-29 10:45:00,15829.1927,15849.886600000003,15816.230000000016,15845.05240000002,10583297,23484291300.738987,SZ399001
2026-05-29 10:50:00,15845.6372,15848.402700000002,15759.035700000024,15794.527600000025,11320006,24924855496.358994,SZ399001
2026-05-29 10:55:00,15795.672299999998,15851.467700000005,15784.654400000025,15786.17380000002,10112406,23821859678.244995,SZ399001
2026-05-29 11:00:00,15786.889499999996,15799.023100000004,15733.941200000028,15748.877200000028,11329678,24112299696.846,SZ399001
2026-05-29 11:05:00,15747.856799999998,15749.528800000006,15708.543800000029,15717.712700000033,10480020,22669882986.46099,SZ399001
2026-05-29 11:10:00,15715.789999999995,15715.790000000005,15677.651300000034,15677.889900000037,10462951,24116682331.00399,SZ399001
2026-05-29 11:15:00,15676.771899999998,15714.4508,15667.750600000034,15706.217100000038,9536419,21506174817.241978,SZ399001
2026-05-29 11:20:00,15701.105799999998,15745.997900000004,15669.376500000037,15744.123900000031,10487705,21359037250.259968,SZ399001
2026-05-29 11:25:00,15742.879899999998,15750.168200000004,15684.916200000034,15684.916200000032,9158247,18930241958.438972,SZ399001
2026-05-29 11:30:00,15683.704299999998,15706.033900000004,15680.886100000034,15704.044500000027,8486549,17370611591.157967,SZ399001
2026-05-29 13:05:00,15709.122699999998,15766.057,15697.42560000003,15697.425600000028,18417508,34977467979.945946,SZ399001
2026-05-29 13:10:00,15696.698599999996,15778.605699999993,15693.400800000029,15778.605700000024,9592719,21950754328.009945,SZ399001
2026-05-29 13:15:00,15779.554299999998,15800.010899999994,15753.54100000003,15797.885800000024,9529970,21380317419.62794,SZ399001
2026-05-29 13:20:00,15797.9939,15829.517699999997,15797.993900000032,15829.517700000024,9171939,21652738077.420937,SZ399001
2026-05-29 13:25:00,15830.1875,15849.712299999994,15821.447500000037,15831.709700000029,8898179,20383423962.959923,SZ399001
2026-05-29 13:30:00,15831.101299999998,15831.101299999991,15780.673000000032,15781.294900000024,8583773,19498695154.460915,SZ399001
2026-05-29 13:35:00,15779.9663,15779.966299999993,15744.505200000036,15766.534500000023,9082529,18971152757.203915,SZ399001
2026-05-29 13:40:00,15765.324100000002,15765.32409999999,15729.192400000027,15729.19240000002,8767131,18975201879.56992,SZ399001
2026-05-29 13:45:00,15728.373700000002,15733.790999999985,15712.055200000028,15733.79100000001,9496058,20215500398.822914,SZ399001
2026-05-29 13:50:00,15732.7269,15755.247799999986,15726.29640000003,15754.153400000014,8474050,17688286957.879913,SZ399001
2026-05-29 13:55:00,15753.276900000004,15754.960399999987,15667.742800000033,15667.742800000018,14230762,27132042398.752914,SZ399001
2026-05-29 14:00:00,15667.934400000002,15682.333999999986,15631.648000000036,15635.25400000002,13513588,27112974467.459904,SZ399001
2026-05-29 14:05:00,15636.266000000003,15645.755599999988,15597.30560000004,15604.502500000017,14568592,28956129869.13691,SZ399001
2026-05-29 14:10:00,15603.516100000004,15605.497199999989,15566.09510000004,15594.24500000002,13671241,29010477794.30291,SZ399001
2026-05-29 14:15:00,15594.030800000004,15634.71869999999,15580.01080000004,15580.14720000002,11066149,22390405416.267918,SZ399001
2026-05-29 14:20:00,15580.585900000004,15581.764599999991,15526.360200000045,15538.13850000003,14286062,30209581952.57094,SZ399001
2026-05-29 14:25:00,15544.290000000005,15576.049799999992,15530.76490000004,15558.905800000031,12927478,26828751903.72294,SZ399001
2026-05-29 14:30:00,15561.275700000002,15580.471499999992,15540.05990000004,15559.774300000025,9772015,20138577640.17994,SZ399001
2026-05-29 14:35:00,15564.336400000002,15623.185799999996,15557.377300000036,15617.837800000028,12370110,25401932934.851936,SZ399001
2026-05-29 14:40:00,15617.353800000004,15624.072199999997,15560.06570000004,15584.784400000022,11910080,24612986897.416924,SZ399001
2026-05-29 14:45:00,15586.118500000006,15592.075199999996,15530.30080000004,15530.30080000002,14513499,29618234165.079918,SZ399001
2026-05-29 14:50:00,15529.185700000004,15540.0017,15492.84350000004,15497.674400000027,18081222,39519760367.227905,SZ399001
2026-05-29 14:55:00,15499.460000000006,15569.314299999987,15499.46000000004,15569.31430000002,20275749,41796469552.1499,SZ399001
2026-05-29 15:00:00,15569.685700000007,15582.871099999988,15569.68570000004,15575.1338,19744744,44984856819.92993,SZ399001
2026-06-01 09:35:00,15601.03,15661.173899999998,15551.990100000006,15551.990100000008,100256999,189699009288.40598,SZ399001
2026-06-01 09:40:00,15551.0857,15571.2663,15483.705400000006,15526.726900000003,54721403,109713254170.778,SZ399001
2026-06-01 09:45:00,15528.743,15585.428399999995,15494.449000000006,15583.30020000001,40358056,82325374813.502,SZ399001
2026-06-01 09:50:00,15583.848399999995,15625.100399999998,15541.365800000003,15620.775400000011,35176848,65676709495.88197,SZ399001
2026-06-01 09:55:00,15618.537999999997,15673.5397,15600.930800000006,15669.99420000001,28513986,53978548790.10597,SZ399001
2026-06-01 10:00:00,15670.960899999998,15673.488800000005,15613.785000000013,15631.098400000012,26278485,47182150673.99393,SZ399001
2026-06-01 10:05:00,15629.728199999996,15685.527800000003,15623.242700000012,15681.321000000022,21975823,44615425031.66893,SZ399001
2026-06-01 10:10:00,15684.294299999996,15698.040100000002,15638.85360000001,15638.85360000002,19928181,39943531767.084946,SZ399001
2026-06-01 10:15:00,15637.645999999995,15697.508800000003,15613.771700000008,15683.78060000002,19241994,37021865087.70497,SZ399001
2026-06-01 10:20:00,15682.807999999995,15717.4546,15676.219900000006,15697.419900000024,14840080,29970103055.48196,SZ399001
2026-06-01 10:25:00,15696.647499999995,15706.178800000002,15663.20550000001,15663.205500000024,15466251,31381986558.821953,SZ399001
2026-06-01 10:30:00,15665.984899999996,15665.984899999996,15623.546000000017,15623.546000000028,16040263,31160634532.06896,SZ399001
2026-06-01 10:35:00,15622.120199999998,15622.120199999996,15583.07480000002,15613.542300000028,16868876,33583543044.04296,SZ399001
2026-06-01 10:40:00,15612.602399999998,15621.4823,15552.769500000011,15560.616900000028,14021408,30438183323.176956,SZ399001
2026-06-01 10:45:00,15558.7004,15558.700400000002,15489.154100000012,15489.708600000038,14945207,33738476004.957947,SZ399001
2026-06-01 10:50:00,15488.1433,15511.134800000002,15480.85500000001,15510.75970000004,11950713,27203490719.020947,SZ399001
2026-06-01 10:55:00,15511.0374,15511.037400000005,15438.962000000012,15438.962000000038,12127249,28312944884.18895,SZ399001
2026-06-01 11:00:00,15441.325600000002,15453.854600000004,15423.272100000017,15436.326000000035,10718411,24778324548.20195,SZ399001
2026-06-01 11:05:00,15442.9823,15456.7246,15404.142800000018,15404.14280000003,9970790,22987863764.72995,SZ399001
2026-06-01 11:10:00,15403.788600000003,15410.8219,15387.464500000018,15397.072300000036,8777088,22075827935.206947,SZ399001
2026-06-01 11:15:00,15398.302300000005,15414.1004,15371.225700000015,15371.83050000003,8188668,19152907731.429947,SZ399001
2026-06-01 11:20:00,15370.455000000002,15402.553299999994,15351.895900000018,15401.207300000024,9982216,22358398286.930946,SZ399001
2026-06-01 11:25:00,15404.671800000002,15461.538899999989,15404.67180000002,15457.94290000003,6757322,15538182719.301943,SZ399001
2026-06-01 11:30:00,15457.4649,15481.104799999986,15457.46490000002,15481.104800000025,6106239,16562845350.112944,SZ399001
2026-06-01 13:05:00,15492.0096,15536.367699999988,15492.009600000016,15535.298700000032,14176340,31486912422.896942,SZ399001
2026-06-01 13:10:00,15535.2287,15540.002999999984,15512.563600000016,15534.79380000004,9606846,21895033684.884922,SZ399001
2026-06-01 13:15:00,15541.160700000002,15587.345699999987,15541.160700000017,15567.567700000049,8782209,20909120646.716915,SZ399001
2026-06-01 13:20:00,15567.182900000003,15576.796199999988,15524.59430000002,15528.280400000049,9038255,20246615615.204918,SZ399001
2026-06-01 13:25:00,15529.656100000006,15535.946899999994,15506.158000000016,15510.82180000005,8152158,16694957292.063917,SZ399001
2026-06-01 13:30:00,15510.517600000005,15510.517599999994,15456.21800000002,15460.417500000056,8977949,17951109407.444916,SZ399001
2026-06-01 13:35:00,15459.086100000004,15497.836999999998,15454.729700000016,15455.249800000058,7441232,16304224781.489912,SZ399001
2026-06-01 13:40:00,15457.865000000003,15475.5535,15450.947000000018,15475.55350000006,6780316,13911848819.313915,SZ399001
2026-06-01 13:45:00,15475.257000000003,15475.257,15430.79830000002,15434.554800000058,7638482,15482424637.039915,SZ399001
2026-06-01 13:50:00,15435.010800000004,15457.046200000006,15429.78030000002,15451.79380000006,7399673,14511100297.127913,SZ399001
2026-06-01 13:55:00,15451.102200000005,15455.869900000009,15417.402300000014,15421.98460000006,8849302,15886249961.38191,SZ399001
2026-06-01 14:00:00,15425.861100000004,15464.541400000006,15425.861100000013,15450.418400000064,6589613,12895098930.415909,SZ399001
2026-06-01 14:05:00,15451.165600000004,15454.280600000006,15409.43130000001,15409.431300000062,8362985,15917484287.092915,SZ399001
2026-06-01 14:10:00,15410.195400000004,15427.672600000007,15409.64780000001,15410.683000000065,6449912,14168827612.41092,SZ399001
2026-06-01 14:15:00,15411.253700000005,15411.604700000007,15383.796200000006,15386.611800000068,7506260,16936451210.203915,SZ399001
2026-06-01 14:20:00,15386.652600000005,15386.652600000009,15353.88330000001,15354.735700000076,8806547,19539554657.910908,SZ399001
2026-06-01 14:25:00,15354.438300000003,15372.548700000008,15349.146600000013,15349.146600000076,8582399,19369746978.094906,SZ399001
2026-06-01 14:30:00,15348.048200000005,15382.490500000007,15336.503200000014,15370.267700000071,8381056,18799915001.46991,SZ399001
2026-06-01 14:35:00,15371.250000000004,15385.139700000009,15343.417200000014,15366.44530000008,11292951,22073663850.06891,SZ399001
2026-06-01 14:40:00,15363.927100000004,15363.92710000001,15327.527500000018,15330.389100000088,10939663,24253299152.6799,SZ399001
2026-06-01 14:45:00,15331.067600000004,15331.067600000017,15316.84730000002,15317.23170000008,13339619,29041172855.7369,SZ399001
2026-06-01 14:50:00,15316.022100000004,15360.012400000023,15316.022100000022,15356.240100000085,14184309,29796755172.19689,SZ399001
2026-06-01 14:55:00,15354.505700000003,15354.522900000024,15331.082100000029,15331.08210000008,17781364,35405495267.33789,SZ399001
2026-06-01 15:00:00,15329.747800000005,15340.356200000024,15329.747800000026,15340.356200000084,18121037,34809403423.68489,SZ399001
2026-06-02 09:35:00,15410.7046,15433.486800000002,15387.1312,15431.001899999994,85421564,160645162834.844,SZ399001
2026-06-02 09:40:00,15432.768200000002,15445.971699999998,15372.8293,15416.648999999994,48009447,89407662871.87996,SZ399001
2026-06-02 09:45:00,15419.091600000002,15425.450399999998,15318.936200000004,15318.936200000002,35356284,69693262428.28598,SZ399001
2026-06-02 09:50:00,15318.909900000002,15349.8098,15287.894999999997,15293.186899999992,35009695,66397160699.831,SZ399001
2026-06-02 09:55:00,15295.229399999998,15309.128499999995,15219.237999999994,15253.982499999993,33091143,67048401233.64502,SZ399001
2026-06-02 10:00:00,15253.8059,15265.446599999996,15206.868399999994,15228.52909999999,28102273,54732401443.51301,SZ399001
2026-06-02 10:05:00,15226.0074,15291.823399999996,15214.262599999996,15214.262599999996,27415264,48235491017.70903,SZ399001
2026-06-02 10:10:00,15210.3417,15337.012799999997,15203.796699999995,15337.012799999991,23787691,45616074493.84704,SZ399001
2026-06-02 10:15:00,15338.1868,15353.868799999997,15316.606699999991,15341.549899999996,16897319,35401546891.52903,SZ399001
2026-06-02 10:20:00,15340.7488,15373.3309,15317.090999999997,15367.275099999995,16816086,31758852733.29203,SZ399001
2026-06-02 10:25:00,15367.993800000002,15385.528500000006,15347.567199999998,15382.122000000005,14902167,27353976398.717026,SZ399001
2026-06-02 10:30:00,15381.273300000004,15424.096100000002,15381.2733,15424.0961,13173393,28838207333.146034,SZ399001
2026-06-02 10:35:00,15425.086300000004,15445.4999,15394.648500000008,15400.011000000004,12931690,28651889142.858036,SZ399001
2026-06-02 10:40:00,15399.552600000005,15438.308200000003,15391.624800000009,15424.87380000001,11245282,24407147527.69703,SZ399001
2026-06-02 10:45:00,15426.669000000004,15452.775700000006,15426.669000000007,15451.95410000001,10313508,24990026196.20202,SZ399001
2026-06-02 10:50:00,15448.744800000004,15462.831900000006,15434.752200000004,15450.049100000017,9330846,22060075492.78901,SZ399001
2026-06-02 10:55:00,15449.653400000008,15475.058900000004,15433.2774,15459.84550000001,9553008,21622617218.371014,SZ399001
2026-06-02 11:00:00,15459.935100000006,15496.248800000005,15459.935099999995,15496.248800000008,8816192,22868988123.651012,SZ399001
2026-06-02 11:05:00,15499.077700000003,15529.6931,15481.639799999992,15481.6398,9976823,25468914522.655018,SZ399001
2026-06-02 11:10:00,15485.863400000006,15516.490199999997,15479.638299999997,15479.6383,8077345,19187420865.248024,SZ399001
2026-06-02 11:15:00,15478.981700000004,15479.506699999996,15417.0818,15417.081800000002,9470937,20764580139.08902,SZ399001
2026-06-02 11:20:00,15415.733300000004,15482.025799999998,15411.4434,15482.011800000011,7341465,17218142607.83303,SZ399001
2026-06-02 11:25:00,15482.235000000002,15485.1058,15458.629799999995,15485.105800000008,6795971,16332165796.64803,SZ399001
2026-06-02 11:30:00,15485.961000000005,15489.236899999998,15454.203299999996,15487.626900000008,6786770,15463523740.824026,SZ399001
2026-06-02 13:05:00,15496.994500000004,15542.869999999995,15496.994499999995,15526.9976,13567119,33953337973.335014,SZ399001
2026-06-02 13:10:00,15526.803900000004,15564.270999999995,15526.803899999992,15549.795599999998,10359446,24045750372.133015,SZ399001
2026-06-02 13:15:00,15550.720000000005,15580.522100000002,15532.216799999993,15580.430500000008,9888164,24649253474.018005,SZ399001
2026-06-02 13:20:00,15581.802400000002,15594.268400000004,15576.99329999999,15579.330400000008,10623350,23719441102.016,SZ399001
2026-06-02 13:25:00,15577.500300000003,15613.919400000002,15573.158999999989,15611.188700000004,9236580,21928846422.179005,SZ399001
2026-06-02 13:30:00,15609.260300000002,15631.071000000002,15598.07179999998,15630.441699999996,10031744,21857644919.265007,SZ399001
2026-06-02 13:35:00,15630.106000000003,15664.387800000002,15629.452099999977,15654.621199999996,11711731,26568687053.870003,SZ399001
2026-06-02 13:40:00,15654.139800000004,15654.653400000005,15607.66929999998,15614.343,10620224,22299765277.08301,SZ399001
2026-06-02 13:45:00,15615.555900000005,15649.300500000005,15598.106899999975,15610.5214,8673392,20071536765.949013,SZ399001
2026-06-02 13:50:00,15609.772300000004,15619.357700000008,15583.202699999978,15598.6022,7606878,17094751230.813017,SZ399001
2026-06-02 13:55:00,15599.902900000005,15637.612299999995,15599.902899999975,15635.879699999998,7728861,16944082226.318012,SZ399001
2026-06-02 14:00:00,15635.469200000003,15636.935999999998,15612.76969999998,15622.561299999998,6735973,15361536413.064009,SZ399001
2026-06-02 14:05:00,15623.326400000004,15650.061299999998,15613.874999999976,15625.875699999997,9291319,19497669558.546017,SZ399001
2026-06-02 14:10:00,15625.510800000004,15626.874700000002,15569.38159999998,15570.352800000002,9743269,19504962549.54402,SZ399001
2026-06-02 14:15:00,15569.479700000004,15588.840699999995,15548.405299999977,15550.749699999997,9457336,19584009750.314022,SZ399001
2026-06-02 14:20:00,15551.838800000003,15594.301699999996,15551.838799999976,15593.940399999992,8920394,17483483870.24302,SZ399001
2026-06-02 14:25:00,15593.580500000004,15606.413299999986,15588.236299999977,15594.671399999988,8196066,15095890940.662018,SZ399001
2026-06-02 14:30:00,15593.742400000005,15606.511499999984,15587.05659999998,15605.167799999988,7598046,14631491221.222027,SZ399001
2026-06-02 14:35:00,15604.071100000005,15615.483899999985,15590.480999999989,15596.920599999976,10589127,20202398304.25403,SZ399001
2026-06-02 14:40:00,15594.521300000004,15607.475199999986,15593.866599999988,15604.251299999978,9116165,17957171196.159035,SZ399001
2026-06-02 14:45:00,15603.564700000004,15610.264699999983,15597.432799999991,15597.524199999978,10807814,22206621974.43903,SZ399001
2026-06-02 14:50:00,15597.533900000004,15602.228399999987,15587.32709999999,15593.199999999984,13080314,26331941583.899017,SZ399001
2026-06-02 14:55:00,15591.679000000004,15596.13319999999,15585.42899999999,15590.256099999982,17326341,33835027330.15501,SZ399001
2026-06-02 15:00:00,15589.717800000002,15597.235399999992,15587.613199999989,15591.128199999985,17818491,33036932467.088024,SZ399001
2026-06-03 09:35:00,15646.685,15650.6524,15615.6502,15629.9465,90422691,185021148828.11798,SZ399001
2026-06-03 09:40:00,15631.3998,15689.0732,15627.127,15670.2144,47810052,99159220918.206,SZ399001
2026-06-03 09:45:00,15672.6192,15713.323,15669.4787,15713.323,37897220,75617617093.223,SZ399001
2026-06-03 09:50:00,15716.4645,15811.1882,15712.527,15811.1882,29227950,65508799898.39801,SZ399001
2026-06-03 09:55:00,15812.2361,15824.8436,15789.4981,15789.4981,27381952,58041860322.758,SZ399001
2026-06-03 10:00:00,15785.818,15820.0755,15782.9895,15820.0755,20883742,47603544231.93301,SZ399001
2026-06-03 10:05:00,15821.6447,15836.7053,15800.397,15810.6661,20055199,46289918669.49,SZ399001
2026-06-03 10:10:00,15809.4436,15831.5226,15809.4436,15812.7681,18511091,41499790217.301,SZ399001
2026-06-03 10:15:00,15812.8344,15812.8344,15744.721,15744.721,19458328,41356087032.492,SZ399001
2026-06-03 10:20:00,15745.4496,15803.4694,15741.9026,15782.584,18200020,37217691139.986,SZ399001
2026-06-03 10:25:00,15784.993,15845.5872,15784.993,15845.5872,14280725,31354022613.528,SZ399001
2026-06-03 10:30:00,15845.7784,15850.6404,15826.9091,15842.118,12776855,29369541894.109,SZ399001
2026-06-03 10:35:00,15843.5976,15869.0996,15840.8098,15866.773,14958863,30701853172.054,SZ399001
2026-06-03 10:40:00,15866.3749,15866.3749,15839.3528,15850.5968,12189699,27512567641.816,SZ399001
2026-06-03 10:45:00,15851.069,15888.446,15845.764,15878.9081,11445143,25037842744.025,SZ399001
2026-06-03 10:50:00,15877.6522,15878.0862,15853.9951,15867.1164,10346740,23596283808.97,SZ399001
2026-06-03 10:55:00,15867.6905,15894.477,15867.6905,15893.9663,9569804,21155954102.804,SZ399001
2026-06-03 11:00:00,15890.851,15904.0702,15878.9539,15904.0702,9994710,21390720353.424,SZ399001
2026-06-03 11:05:00,15904.9417,15946.133499999998,15904.172,15941.786799999996,11561801,24889203676.488,SZ399001
2026-06-03 11:10:00,15942.304,15952.788599999998,15941.1657,15946.6278,8464808,20542633682.184998,SZ399001
2026-06-03 11:15:00,15945.2567,15962.364899999997,15927.199700000005,15927.199699999996,10065780,22256764020.803005,SZ399001
2026-06-03 11:20:00,15926.542199999998,15945.043299999994,15904.367600000003,15925.276599999996,9469463,20098323349.325005,SZ399001
2026-06-03 11:25:00,15924.9922,15942.077099999991,15907.420400000005,15941.421299999998,8497590,18773421225.797,SZ399001
2026-06-03 11:30:00,15942.088599999995,15952.946899999995,15925.6792,15951.0752,7765283,17184927905.537,SZ399001
2026-06-03 13:05:00,15955.916599999997,15959.454699999997,15897.963299999998,15911.3369,19380776,44455746854.98398,SZ399001
2026-06-03 13:10:00,15907.738599999995,15926.747499999996,15896.404500000002,15926.7475,10794131,25094370746.454967,SZ399001
2026-06-03 13:15:00,15925.996999999994,15934.183599999991,15907.6922,15909.472600000005,11539591,24877139377.30797,SZ399001
2026-06-03 13:20:00,15908.456199999997,15916.982299999994,15886.4793,15886.479300000005,11442537,24896420164.78598,SZ399001
2026-06-03 13:25:00,15884.339499999996,15895.769499999997,15854.099299999998,15854.099299999996,11097631,25080327486.572987,SZ399001
2026-06-03 13:30:00,15853.261899999998,15862.284899999995,15814.516199999996,15836.231800000003,12875075,30500488870.53398,SZ399001
2026-06-03 13:35:00,15839.7769,15860.606899999995,15816.904199999992,15820.254300000002,12768754,27366137239.89997,SZ399001
2026-06-03 13:40:00,15820.496399999998,15859.704099999995,15820.49639999999,15850.177299999998,9868752,22315202541.884968,SZ399001
2026-06-03 13:45:00,15850.629699999998,15875.201899999998,15846.29719999999,15854.4624,8346341,18419607424.45697,SZ399001
2026-06-03 13:50:00,15850.4593,15856.221999999996,15830.91329999999,15849.984699999992,9156023,18094227247.327976,SZ399001
2026-06-03 13:55:00,15848.5282,15848.528199999995,15808.393699999991,15808.795799999993,9037429,18627373581.928986,SZ399001
2026-06-03 14:00:00,15808.0414,15812.988999999992,15785.797699999994,15797.422099999989,11897683,23746940163.548996,SZ399001
2026-06-03 14:05:00,15797.131200000002,15849.871799999995,15797.131199999994,15826.52899999999,11689467,21583778735.896,SZ399001
2026-06-03 14:10:00,15826.540600000002,15826.540599999997,15742.941999999992,15743.283399999982,12253331,25475486524.964005,SZ399001
2026-06-03 14:15:00,15742.439300000004,15772.558299999995,15742.349399999992,15755.457299999984,9786674,21240026935.947006,SZ399001
2026-06-03 14:20:00,15752.175000000005,15752.175,15702.42769999999,15713.027899999975,12129055,26999262733.306,SZ399001
2026-06-03 14:25:00,15712.803000000004,15715.4126,15655.037899999985,15660.547599999976,12350493,28620272518.639004,SZ399001
2026-06-03 14:30:00,15657.470100000004,15670.105100000006,15635.949299999984,15640.73119999998,14212894,29944566742.463993,SZ399001
2026-06-03 14:35:00,15640.453700000004,15652.974200000006,15542.656099999982,15549.83109999998,21406392,46177895012.259995,SZ399001
2026-06-03 14:40:00,15552.131800000005,15632.612900000013,15550.490499999984,15632.612899999982,17477945,39276693085.11601,SZ399001
2026-06-03 14:45:00,15633.865900000004,15676.727200000008,15625.543499999982,15648.31989999998,14585237,31844705911.327023,SZ399001
2026-06-03 14:50:00,15648.984400000005,15708.846400000004,15647.226599999982,15708.84639999998,13522465,27433264570.908024,SZ399001
2026-06-03 14:55:00,15703.273000000005,15716.490500000007,15698.565299999984,15709.603099999978,16698045,34014287495.80903,SZ399001
2026-06-03 15:00:00,15709.869900000003,15717.744000000006,15704.710799999986,15704.710799999975,17185647,33258774901.18402,SZ399001
2026-06-04 09:35:00,15540.0634,15601.737800000004,15517.935,15595.479000000008,80745418,159132145000.93793,SZ399001
2026-06-04 09:40:00,15593.569100000002,15640.3626,15579.992400000006,15603.077000000008,42203783,84478222649.2279,SZ399001
2026-06-04 09:45:00,15602.531400000003,15642.712199999998,15598.522500000008,15632.422499999995,31995310,67689670379.230896,SZ399001
2026-06-04 09:50:00,15633.087200000002,15675.8691,15633.087200000007,15657.710600000002,28635238,58001431678.91188,SZ399001
2026-06-04 09:55:00,15658.282200000003,15684.667200000004,15631.031600000006,15676.557200000005,27751936,56455861401.939865,SZ399001
2026-06-04 10:00:00,15676.137400000003,15726.517500000004,15659.709700000009,15726.517500000014,22615380,47127585917.841835,SZ399001
2026-06-04 10:05:00,15728.444600000004,15745.187300000009,15698.190200000012,15698.19020000001,23778300,46807003972.28583,SZ399001
2026-06-04 10:10:00,15698.031200000005,15740.60000000001,15698.031200000012,15698.614200000013,18557923,39209951574.15184,SZ399001
2026-06-04 10:15:00,15696.505700000003,15696.50570000001,15653.488400000017,15683.74580000002,18068844,38015978128.81584,SZ399001
2026-06-04 10:20:00,15681.930300000007,15682.329000000014,15644.933900000016,15677.893100000025,16393930,33718526939.572834,SZ399001
2026-06-04 10:25:00,15677.844900000006,15682.704300000014,15620.548200000008,15620.54820000002,15694976,32197989107.243835,SZ399001
2026-06-04 10:30:00,15619.073600000003,15675.067900000016,15613.92640000001,15675.067900000022,15010295,28153585235.74484,SZ399001
2026-06-04 10:35:00,15676.055700000004,15683.895100000016,15639.484400000005,15641.76530000002,13260247,25174508243.728836,SZ399001
2026-06-04 10:40:00,15641.543800000003,15663.08680000002,15635.871800000006,15640.483900000025,12510070,23093835723.67382,SZ399001
2026-06-04 10:45:00,15641.978000000005,15656.378900000022,15641.354000000008,15645.15650000002,11001382,21947977967.667816,SZ399001
2026-06-04 10:50:00,15642.406800000006,15669.93120000002,15636.125400000006,15663.659200000016,9499699,19962873384.76681,SZ399001
2026-06-04 10:55:00,15664.001900000008,15665.10430000002,15606.506900000011,15634.201400000018,12205565,24057019749.733814,SZ399001
2026-06-04 11:00:00,15635.507100000006,15665.149400000018,15630.68000000001,15665.149400000017,9463065,18782574471.591812,SZ399001
2026-06-04 11:05:00,15666.364500000003,15691.919200000017,15662.30890000001,15690.458300000037,9476158,18867752942.031815,SZ399001
2026-06-04 11:10:00,15692.564000000004,15707.046900000014,15675.024900000006,15675.02490000003,10735396,18750949320.306816,SZ399001
2026-06-04 11:15:00,15674.893700000004,15675.716900000016,15639.901500000004,15657.12210000002,8928979,17583783143.88981,SZ399001
2026-06-04 11:20:00,15657.379800000006,15669.885600000016,15643.940700000006,15654.005900000024,7857586,15249513763.271805,SZ399001
2026-06-04 11:25:00,15653.665000000005,15653.906600000017,15629.8924,15630.35580000002,7997143,16523765481.909803,SZ399001
2026-06-04 11:30:00,15630.631100000002,15634.164400000018,15609.896100000004,15632.78920000002,7505918,16447099997.785809,SZ399001
2026-06-04 13:05:00,15635.733700000004,15655.29990000002,15606.212900000002,15608.504700000018,13944377,30153602056.734795,SZ399001
2026-06-04 13:10:00,15607.697000000004,15642.243400000025,15605.551300000005,15616.619900000018,11030193,22625918455.700787,SZ399001
2026-06-04 13:15:00,15618.525300000005,15658.23380000002,15618.525300000005,15658.233800000016,9249188,22150414186.55178,SZ399001
2026-06-04 13:20:00,15657.957000000006,15681.774800000016,15644.660500000004,15679.21280000002,9384161,22409219912.174774,SZ399001
2026-06-04 13:25:00,15678.315100000009,15685.445900000015,15662.097600000005,15663.976300000017,9287198,20032003737.061783,SZ399001
2026-06-04 13:30:00,15662.659300000008,15671.354300000015,15654.300000000008,15659.111400000022,8125451,18110788338.23979,SZ399001
2026-06-04 13:35:00,15657.471200000007,15661.048600000022,15632.464200000006,15632.464200000024,9460975,19987063735.40079,SZ399001
2026-06-04 13:40:00,15630.872500000009,15641.29160000002,15619.126000000007,15640.175200000018,8316199,18192364526.14979,SZ399001
2026-06-04 13:45:00,15639.206600000009,15680.924000000025,15631.161800000007,15680.92400000002,8682977,19221808846.10979,SZ399001
2026-06-04 13:50:00,15681.565700000006,15695.386700000025,15646.433500000005,15656.10300000003,9692269,21176975931.402805,SZ399001
2026-06-04 13:55:00,15655.286600000003,15684.35990000002,15644.732400000004,15684.159000000029,7597835,18242104260.183815,SZ399001
2026-06-04 14:00:00,15685.249100000005,15708.59560000002,15682.886400000005,15704.744100000022,7618228,19979638712.020813,SZ399001
2026-06-04 14:05:00,15702.222300000009,15732.657000000025,15695.793,15720.657700000022,9293609,23492302551.39581,SZ399001
2026-06-04 14:10:00,15722.789200000005,15732.660100000025,15713.397200000005,15724.429300000018,7812141,18992809093.010803,SZ399001
2026-06-04 14:15:00,15725.166200000003,15727.625300000023,15689.061200000002,15691.816900000022,8560149,19229631068.162804,SZ399001
2026-06-04 14:20:00,15692.105000000003,15700.09010000003,15670.8785,15671.334900000027,8432595,18287745135.9878,SZ399001
2026-06-04 14:25:00,15670.636800000004,15670.636800000031,15595.701800000004,15599.962100000024,16834537,32584200718.619804,SZ399001
2026-06-04 14:30:00,15601.649800000005,15642.917500000032,15601.649800000005,15642.917500000023,10798240,21994211168.4218,SZ399001
2026-06-04 14:35:00,15645.256000000005,15667.245200000032,15623.385300000004,15664.499000000023,11684091,22345224008.926792,SZ399001
2026-06-04 14:40:00,15662.699800000006,15664.124900000032,15622.545600000009,15642.569100000032,10774066,23422182488.88779,SZ399001
2026-06-04 14:45:00,15642.474900000008,15645.767500000033,15634.998100000008,15645.671900000036,11257764,23401265250.390785,SZ399001
2026-06-04 14:50:00,15646.852200000008,15655.621700000034,15641.556100000009,15653.142500000042,13514245,27840686035.008778,SZ399001
2026-06-04 14:55:00,15654.709400000003,15670.398600000031,15654.650200000007,15662.536200000031,17819643,36087043699.80378,SZ399001
2026-06-04 15:00:00,15661.517800000003,15668.05310000003,15661.517800000009,15661.574000000031,17876749,35627888039.42379,SZ399001
2026-06-05 09:35:00,15595.6953,15605.834800000002,15474.970300000004,15516.424300000008,98148211,178958575498.704,SZ399001
2026-06-05 09:40:00,15518.2833,15556.7602,15480.703,15501.673300000011,52252314,99935537836.53201,SZ399001
2026-06-05 09:45:00,15495.129,15527.341900000005,15459.276500000002,15524.333400000014,41267488,78236959593.43605,SZ399001
2026-06-05 09:50:00,15524.356099999995,15526.341700000008,15474.688400000005,15526.341700000015,32730428,63451860648.85807,SZ399001
2026-06-05 09:55:00,15528.684399999996,15598.841500000008,15520.179200000002,15590.844100000011,28060964,55116289759.734055,SZ399001
2026-06-05 10:00:00,15590.515299999995,15599.76530000001,15566.7914,15593.67100000002,23979646,47460425126.779045,SZ399001
2026-06-05 10:05:00,15591.507899999997,15632.63570000001,15567.4708,15615.54190000002,21434945,44929439394.91205,SZ399001
2026-06-05 10:10:00,15616.420799999996,15643.599200000008,15616.4208,15633.267600000012,19560696,40469808742.82506,SZ399001
2026-06-05 10:15:00,15632.969599999997,15683.259800000003,15606.930899999996,15681.875600000008,18786395,39537672701.39406,SZ399001
2026-06-05 10:20:00,15681.992899999996,15681.992900000005,15659.407800000004,15665.482399999995,16514229,35046645434.86106,SZ399001
2026-06-05 10:25:00,15666.017499999996,15674.138600000006,15639.539300000004,15656.9588,14367338,32940345202.25106,SZ399001
2026-06-05 10:30:00,15656.189099999996,15663.585100000004,15633.635300000004,15642.812099999996,13388581,29927678314.688065,SZ399001
2026-06-05 10:35:00,15642.622099999997,15667.683300000004,15610.331600000003,15660.603999999996,15203489,34619889453.05807,SZ399001
2026-06-05 10:40:00,15658.673299999997,15658.673300000004,15602.228700000009,15605.5688,13597854,30801160427.83607,SZ399001
2026-06-05 10:45:00,15604.098599999992,15616.185000000003,15577.333500000002,15616.184999999996,14392491,30670544060.135063,SZ399001
2026-06-05 10:50:00,15617.798699999992,15696.54700000001,15607.764600000002,15688.935199999993,16482306,31047162090.96506,SZ399001
2026-06-05 10:55:00,15690.72119999999,15710.143500000013,15650.507699999996,15650.507699999993,14273452,26278566828.170063,SZ399001
2026-06-05 11:00:00,15647.204899999992,15665.626700000008,15633.2616,15665.626699999995,10988257,21604813354.774067,SZ399001
2026-06-05 11:05:00,15668.133499999993,15687.044000000007,15640.005399999998,15647.075599999996,10939625,22120165697.33406,SZ399001
2026-06-05 11:10:00,15648.619199999994,15680.504500000005,15641.969999999998,15680.504499999994,10403752,20663768715.48406,SZ399001
2026-06-05 11:15:00,15681.447099999992,15681.447100000005,15657.850200000004,15679.903599999992,11530074,19577851975.140045,SZ399001
2026-06-05 11:20:00,15678.473299999994,15702.443200000003,15664.341700000004,15665.150799999992,12788752,22059782521.075047,SZ399001
2026-06-05 11:25:00,15662.549199999996,15662.549200000003,15589.4799,15589.479899999988,8873105,21717261808.779057,SZ399001
2026-06-05 11:30:00,15589.101699999996,15624.30100000001,15582.367899999996,15623.567799999992,9604480,19895729519.46806,SZ399001
2026-06-05 13:05:00,15630.7211,15643.256500000009,15606.4135,15635.436199999987,16753210,37620624176.792076,SZ399001
2026-06-05 13:10:00,15636.311699999997,15655.41040000001,15584.308499999996,15585.225399999988,12864297,27980292986.96007,SZ399001
2026-06-05 13:15:00,15584.164499999995,15591.338500000007,15565.879099999998,15567.945099999984,12762077,30637429619.84208,SZ399001
2026-06-05 13:20:00,15567.919099999996,15600.84100000001,15566.261,15599.839899999986,14637244,32506440426.01408,SZ399001
2026-06-05 13:25:00,15597.783399999997,15598.72950000001,15550.857799999998,15552.926999999983,12914024,29362996799.34509,SZ399001
2026-06-05 13:30:00,15553.594499999996,15553.59450000001,15480.5868,15482.676499999983,12652040,33073654608.234085,SZ399001
2026-06-05 13:35:00,15480.7385,15517.752900000009,15453.2666,15504.96719999998,11927486,31363876332.41909,SZ399001
2026-06-05 13:40:00,15506.9832,15518.954500000003,15483.9857,15507.63079999998,8465847,21107440101.66909,SZ399001
2026-06-05 13:45:00,15506.9873,15528.433700000009,15495.6362,15518.056099999976,7549812,18331022653.048096,SZ399001
2026-06-05 13:50:00,15516.6099,15552.237900000006,15511.3989,15546.37719999997,7328191,17144115960.510098,SZ399001
2026-06-05 13:55:00,15545.249100000005,15545.249100000005,15518.478799999992,15530.32439999997,7025659,16153759415.285103,SZ399001
2026-06-05 14:00:00,15529.530100000004,15539.670700000004,15456.288299999993,15456.288299999977,8945107,19468885166.809113,SZ399001
2026-06-05 14:05:00,15454.503000000004,15454.503000000006,15409.9679,15414.70379999998,13358747,27684842757.508102,SZ399001
2026-06-05 14:10:00,15415.018000000004,15447.054600000003,15415.018,15437.454099999975,7858303,18226719156.9721,SZ399001
2026-06-05 14:15:00,15437.189000000002,15437.189000000002,15395.2334,15415.52679999998,9529028,20791982622.3031,SZ399001
2026-06-05 14:20:00,15414.227600000004,15414.227600000006,15391.859800000004,15395.38689999999,7612282,18613411158.897087,SZ399001
2026-06-05 14:25:00,15395.691700000005,15395.691700000012,15323.589800000009,15325.24229999999,13732817,30342786070.33908,SZ399001
2026-06-05 14:30:00,15325.279200000004,15341.479000000012,15303.339000000004,15312.00439999999,10968030,27399517299.94707,SZ399001
2026-06-05 14:35:00,15311.307500000004,15331.126000000011,15279.943600000004,15282.9178,14054803,31376698629.854057,SZ399001
2026-06-05 14:40:00,15281.979300000005,15342.540200000012,15265.944700000002,15265.944699999998,15087474,32792186655.285057,SZ399001
2026-06-05 14:45:00,15265.199000000002,15282.400100000012,15243.506199999998,15269.438999999997,13672214,32654933066.204056,SZ399001
2026-06-05 14:50:00,15272.078400000002,15335.024500000003,15272.0784,15319.096699999996,14102064,31633274952.57904,SZ399001
2026-06-05 14:55:00,15320.7342,15344.352300000004,15310.112999999998,15310.113,17151364,36281589408.370026,SZ399001
2026-06-05 15:00:00,15310.2174,15318.661100000008,15310.217399999998,15314.7002,17730194,35687639469.78003,SZ399001
2026-06-08 09:35:00,14835.3692,15009.444,14835.3692,14966.688199999997,113239757,213208817123.45508,SZ399001
2026-06-08 09:40:00,14967.9774,15074.117299999998,14967.9774,15063.993999999988,48585822,94350554824.40712,SZ399001
2026-06-08 09:45:00,15059.6434,15068.458699999996,15033.513,15064.357899999995,33702519,67585192838.04815,SZ399001
2026-06-08 09:50:00,15066.194599999995,15066.194599999995,15002.854999999998,15022.693,29256297,58437019488.38714,SZ399001
2026-06-08 09:55:00,15020.329399999997,15083.526399999995,15006.9327,15082.5009,24285059,46662818617.223145,SZ399001
2026-06-08 10:00:00,15082.069499999996,15101.789700000008,15072.2618,15099.2422,19702550,40893344956.29316,SZ399001
2026-06-08 10:05:00,15098.123699999996,15115.347100000006,15050.069400000002,15050.0694,20537026,41600283984.38813,SZ399001
2026-06-08 10:10:00,15049.127199999995,15098.20250000001,15034.912300000004,15073.873500000003,18188761,37067856573.13513,SZ399001
2026-06-08 10:15:00,15075.007199999996,15107.716200000004,15041.220100000002,15102.490000000009,13914389,30450045192.84113,SZ399001
2026-06-08 10:20:00,15103.942999999996,15116.344800000008,15056.886299999998,15056.886300000006,14092723,28211843571.979122,SZ399001
2026-06-08 10:25:00,15055.091899999994,15055.091900000009,14969.574900000003,14992.951900000007,15864889,34952466134.995125,SZ399001
2026-06-08 10:30:00,14993.365899999992,15070.127600000013,14990.325500000004,15068.664000000015,12109411,24827104412.59613,SZ399001
2026-06-08 10:35:00,15067.802799999994,15101.209200000016,15059.919500000004,15080.141900000028,13487049,27079073061.474133,SZ399001
2026-06-08 10:40:00,15078.385799999993,15134.314300000013,15078.385800000007,15132.176300000028,10470816,24185733054.925117,SZ399001
2026-06-08 10:45:00,15133.413199999994,15137.752300000013,15107.827100000011,15128.432500000034,10027332,22728648817.877117,SZ399001
2026-06-08 10:50:00,15129.049199999994,15130.159500000016,15035.852100000013,15051.429200000037,13063221,26787161527.007122,SZ399001
2026-06-08 10:55:00,15052.620799999995,15073.157600000017,15023.835600000011,15069.996900000033,10620808,21890483091.33712,SZ399001
2026-06-08 11:00:00,15069.123999999994,15081.40480000001,15042.027500000006,15043.301800000028,9196010,17013313153.187119,SZ399001
2026-06-08 11:05:00,15042.289399999994,15042.289400000014,15015.9564,15038.499500000024,10039344,19365438262.430115,SZ399001
2026-06-08 11:10:00,15038.092099999994,15038.092100000016,14991.553899999995,15001.690700000025,10382431,19049933377.10911,SZ399001
2026-06-08 11:15:00,15002.160399999995,15002.160400000012,14957.107699999988,14959.083600000024,9935884,20019904337.976116,SZ399001
2026-06-08 11:20:00,14958.917199999994,14983.048700000016,14940.215999999984,14982.760800000024,9788285,21497853289.89712,SZ399001
2026-06-08 11:25:00,14982.194499999996,14998.082000000017,14957.406299999982,14972.949500000026,8640888,16737966649.76212,SZ399001
2026-06-08 11:30:00,14972.862799999995,14972.862800000014,14933.33249999998,14933.81890000003,9216946,17073111959.626122,SZ399001
2026-06-08 13:05:00,14930.110799999997,14930.110800000011,14895.16469999998,14917.16630000002,16530482,31820059850.266113,SZ399001
2026-06-08 13:10:00,14916.833899999996,14947.733800000004,14904.412299999978,14924.79120000002,11020700,21101040132.89411,SZ399001
2026-06-08 13:15:00,14927.112499999996,14951.209300000008,14907.59539999998,14918.65420000002,11821608,20345980800.954113,SZ399001
2026-06-08 13:20:00,14918.063899999996,14925.15670000001,14878.670999999977,14881.502800000024,12767018,20969199278.12912,SZ399001
2026-06-08 13:25:00,14880.897099999996,14884.118200000008,14851.050799999975,14852.003000000024,13728920,23409307289.95911,SZ399001
2026-06-08 13:30:00,14852.544799999994,14863.201100000006,14825.152999999978,14825.153000000024,11598594,21765455304.25412,SZ399001
2026-06-08 13:35:00,14824.632299999994,14829.618500000006,14792.83169999998,14794.61640000002,15214984,27393604777.626106,SZ399001
2026-06-08 13:40:00,14795.115999999993,14795.116000000004,14750.545799999984,14753.84820000002,15494894,28266049760.549095,SZ399001
2026-06-08 13:45:00,14752.948999999991,14754.843400000002,14703.73569999998,14704.75470000002,15100575,28549483041.50311,SZ399001
2026-06-08 13:50:00,14703.57179999999,14773.0637,14681.641999999983,14770.840000000022,18358702,33405706292.735115,SZ399001
2026-06-08 13:55:00,14772.524399999991,14800.912800000002,14741.495399999983,14741.495400000029,11384033,21853101388.532112,SZ399001
2026-06-08 14:00:00,14740.250699999991,14835.271500000006,14739.894199999986,14823.72350000003,10058029,19612852479.14512,SZ399001
2026-06-08 14:05:00,14821.97609999999,14861.091400000008,14791.973999999984,14861.091400000025,11972347,20181499251.94013,SZ399001
2026-06-08 14:10:00,14859.815299999991,14871.708500000008,14813.47289999998,14836.05020000002,9577694,17005319872.834127,SZ399001
2026-06-08 14:15:00,14837.071699999991,14837.071700000004,14779.788299999986,14786.949000000028,8435127,15132620993.45813,SZ399001
2026-06-08 14:20:00,14785.426599999992,14861.131400000002,14784.863699999984,14841.697700000022,9345521,16030771325.92313,SZ399001
2026-06-08 14:25:00,14841.837299999992,14900.584,14841.837299999985,14900.584000000026,9922784,17853198796.407124,SZ399001
2026-06-08 14:30:00,14903.012499999992,14924.5703,14900.182599999982,14919.940700000026,9217582,18379505005.49912,SZ399001
2026-06-08 14:35:00,14920.926899999991,14923.9207,14853.04899999998,14853.10120000002,10347859,19460081557.669113,SZ399001
2026-06-08 14:40:00,14852.552399999991,14858.183599999997,14802.204499999983,14814.756200000023,10573571,20018610280.038116,SZ399001
2026-06-08 14:45:00,14815.434199999989,14849.579099999995,14813.354099999986,14843.67110000002,11476368,21382875305.20011,SZ399001
2026-06-08 14:50:00,14844.189899999988,14868.442899999993,14813.02349999998,14815.753300000018,13366206,25853097216.437107,SZ399001
2026-06-08 14:55:00,14815.032599999986,14815.032599999991,14799.81459999998,14802.116500000022,16737014,33329119667.202095,SZ399001
2026-06-08 15:00:00,14800.437899999986,14821.186099999995,14800.43789999998,14821.186100000024,16242034,30666367153.283096,SZ399001
2026-06-09 09:35:00,14992.5473,14998.76,14917.056699999996,14929.3555,86451994,164588678974.469,SZ399001
2026-06-09 09:40:00,14929.8213,14978.9933,14929.5816,14950.2748,44130361,82062820072.043,SZ399001
2026-06-09 09:45:00,14953.514,14989.1483,14938.154699999996,14988.3091,36093720,67787717158.69,SZ399001
2026-06-09 09:50:00,14985.299999999996,15003.161199999997,14975.698399999996,14991.362499999996,27525772,55943814146.285,SZ399001
2026-06-09 09:55:00,14990.773299999995,14994.822999999997,14891.593599999998,14891.593600000006,25343368,51373538680.129005,SZ399001
2026-06-09 10:00:00,14890.8981,14976.794599999996,14890.0056,14973.2389,25359236,47452975312.492004,SZ399001
2026-06-09 10:05:00,14975.6977,15006.522499999995,14951.788999999992,14952.557199999996,21088078,40537085183.78301,SZ399001
2026-06-09 10:10:00,14952.275700000002,14997.806100000002,14942.901599999992,14991.491300000002,18511139,34976577355.07602,SZ399001
2026-06-09 10:15:00,14990.6074,14997.7877,14956.273899999997,14956.906699999996,14476592,29378044859.564026,SZ399001
2026-06-09 10:20:00,14957.1635,14957.1635,14888.434299999995,14889.267299999996,14262791,29585970563.881027,SZ399001
2026-06-09 10:25:00,14890.5126,14895.002300000002,14846.553499999987,14869.499999999987,14303682,32142621378.754017,SZ399001
2026-06-09 10:30:00,14867.0997,14920.473400000004,14860.95719999999,14912.990499999993,12393807,25423492886.762012,SZ399001
2026-06-09 10:35:00,14914.698800000002,14929.6465,14898.936799999992,14926.681199999994,12521833,23392406649.83102,SZ399001
2026-06-09 10:40:00,14924.8792,14925.7257,14884.457399999994,14899.62769999999,10865944,20082880533.510017,SZ399001
2026-06-09 10:45:00,14898.298000000004,14932.260500000004,14890.437799999989,14930.285499999987,9322437,20383762148.50202,SZ399001
2026-06-09 10:50:00,14931.2267,14945.641500000003,14920.244799999988,14938.298599999987,9359842,20327450265.871017,SZ399001
2026-06-09 10:55:00,14939.8756,14944.430600000003,14912.160199999988,14926.08669999998,9507175,18683351141.34602,SZ399001
2026-06-09 11:00:00,14925.884200000002,14934.365900000004,14914.168199999986,14915.876799999982,8771154,18521119919.722015,SZ399001
2026-06-09 11:05:00,14913.780300000002,14946.3911,14908.707099999983,14929.804599999978,8137967,18741936702.31701,SZ399001
2026-06-09 11:10:00,14929.922,14970.262700000005,14923.627099999982,14970.26269999998,8525399,17596794960.664005,SZ399001
2026-06-09 11:15:00,14970.9638,14983.583800000006,14968.37699999998,14970.96719999998,8395279,19003609448.981003,SZ399001
2026-06-09 11:20:00,14969.6887,14984.638900000004,14960.435999999982,14960.755199999983,8251435,17367177096.209,SZ399001
2026-06-09 11:25:00,14962.8308,14963.905300000004,14933.12969999998,14958.338999999978,8263276,16010644669.743004,SZ399001
2026-06-09 11:30:00,14960.8641,15011.548700000008,14960.86409999998,15007.109099999989,7039052,15788071529.429003,SZ399001
2026-06-09 13:05:00,15024.0372,15108.184600000006,15024.037199999982,15075.358099999983,18944909,46128748663.042984,SZ399001
2026-06-09 13:10:00,15074.288299999998,15075.527400000006,15049.116899999974,15053.45709999998,12336962,27418179425.28399,SZ399001
2026-06-09 13:15:00,15053.108799999998,15089.089100000012,15045.697099999976,15080.228099999986,10378032,25318475360.847992,SZ399001
2026-06-09 13:20:00,15080.636599999998,15093.485700000012,15062.297799999971,15080.595599999984,10457518,23777563759.471992,SZ399001
2026-06-09 13:25:00,15078.9348,15098.557100000016,15075.969199999974,15082.833499999982,9137226,20915285919.966,SZ399001
2026-06-09 13:30:00,15082.7957,15084.220000000018,15060.68609999997,15065.041199999989,8429188,19314029633.122993,SZ399001
2026-06-09 13:35:00,15064.641100000004,15105.687800000023,15064.641099999972,15098.177199999993,10124892,20323053514.88799,SZ399001
2026-06-09 13:40:00,15099.895700000005,15110.852400000023,15079.263299999968,15110.523199999994,8965314,19911456822.156006,SZ399001
2026-06-09 13:45:00,15112.057800000002,15129.664100000024,15097.642199999966,15127.52789999999,7873968,19300362421.194008,SZ399001
2026-06-09 13:50:00,15127.395300000002,15160.65180000002,15125.670899999965,15159.186499999989,8039500,19692431070.37801,SZ399001
2026-06-09 13:55:00,15158.958700000005,15176.299200000018,15148.294699999964,15164.255899999987,8360196,20233708533.93702,SZ399001
2026-06-09 14:00:00,15163.893000000002,15166.137600000016,15135.569999999963,15135.569999999983,8507027,18487917795.680027,SZ399001
2026-06-09 14:05:00,15135.9283,15184.05650000002,15135.927899999964,15173.040099999982,10402298,19798820577.455025,SZ399001
2026-06-09 14:10:00,15173.960900000002,15192.687800000022,15173.599099999965,15183.710299999982,9454986,18277326423.379025,SZ399001
2026-06-09 14:15:00,15184.226300000002,15190.866100000025,15160.187699999962,15170.760799999978,8634707,18032952519.11002,SZ399001
2026-06-09 14:20:00,15172.286200000002,15200.955600000025,15164.169099999956,15195.497399999984,8390622,18350034381.782013,SZ399001
2026-06-09 14:25:00,15193.2447,15208.704700000026,15185.960099999958,15200.26099999998,9625120,18619381993.947018,SZ399001
2026-06-09 14:30:00,15200.7056,15233.491300000014,15200.642399999955,15231.818499999972,11876518,23879990893.117023,SZ399001
2026-06-09 14:35:00,15233.2044,15256.799300000015,15233.204399999957,15245.540099999973,12151664,26228977836.30702,SZ399001
2026-06-09 14:40:00,15245.185199999998,15246.170400000015,15232.11119999995,15241.025799999978,12137454,25759376463.540016,SZ399001
2026-06-09 14:45:00,15240.944999999998,15261.896300000011,15240.75689999995,15261.896299999984,12408373,26444585670.408005,SZ399001
2026-06-09 14:50:00,15262.1128,15274.71640000001,15260.865099999952,15268.347599999986,14582814,30744877242.68801,SZ399001
2026-06-09 14:55:00,15265.067,15268.149900000008,15258.26909999995,15265.33899999999,18783501,37309681435.679016,SZ399001
2026-06-09 15:00:00,15263.6596,15268.714700000008,15259.914999999948,15268.71469999999,19146557,35787369025.22303,SZ399001
2026-06-10 09:35:00,15062.5077,15092.783600000002,15031.223400000004,15075.9349,82275178,168236333084.87894,SZ399001
2026-06-10 09:40:00,15077.5411,15084.983800000004,15048.284800000005,15065.7121,48189146,90403457273.54694,SZ399001
2026-06-10 09:45:00,15061.266399999997,15120.0304,15048.907900000002,15108.684499999988,37806459,71135594414.89595,SZ399001
2026-06-10 09:50:00,15112.339999999997,15149.3693,15106.1711,15143.140599999992,29140210,57898460259.058945,SZ399001
2026-06-10 09:55:00,15141.824499999995,15145.166,15106.1193,15121.606899999995,24806853,49935047419.11597,SZ399001
2026-06-10 10:00:00,15120.507299999994,15122.6638,15054.9991,15084.752099999994,22850104,47599395537.84497,SZ399001
2026-06-10 10:05:00,15080.371699999992,15091.650900000004,15031.198500000004,15031.7605,20984361,43344779756.02295,SZ399001
2026-06-10 10:10:00,15032.625899999992,15048.032900000004,15008.971300000005,15018.60410000001,19213231,38383384165.133965,SZ399001
2026-06-10 10:15:00,15019.86459999999,15038.169900000004,15001.9583,15005.612100000002,17178965,33211288360.876976,SZ399001
2026-06-10 10:20:00,15006.075999999992,15045.1264,15006.076000000005,15008.805600000002,18949679,33478140461.050976,SZ399001
2026-06-10 10:25:00,15004.59389999999,15031.312000000004,14985.51720000001,14985.517200000006,15394956,29828354857.26397,SZ399001
2026-06-10 10:30:00,14982.935799999992,14991.252900000009,14941.402300000009,14941.402300000002,12882804,28147829308.71197,SZ399001
2026-06-10 10:35:00,14941.041399999993,14962.228800000004,14934.997100000008,14947.869600000007,14140425,27460915088.082973,SZ399001
2026-06-10 10:40:00,14948.521199999992,14950.578400000006,14902.817600000008,14903.54280000001,13614673,24790756163.258965,SZ399001
2026-06-10 10:45:00,14903.203199999993,14965.617800000004,14903.203200000007,14942.396100000013,12125611,22319202533.32397,SZ399001
2026-06-10 10:50:00,14948.428399999992,14984.382700000007,14943.512800000011,14969.217600000018,10660251,20578162692.688976,SZ399001
2026-06-10 10:55:00,14970.582799999996,14992.667700000007,14930.38620000002,14930.386200000024,9309440,18660744777.27097,SZ399001
2026-06-10 11:00:00,14930.125499999996,14930.125500000007,14901.703500000016,14927.480500000018,9368107,18283345483.95097,SZ399001
2026-06-10 11:05:00,14924.160699999997,14976.570900000012,14916.675100000017,14949.429400000025,9627184,18549861726.498978,SZ399001
2026-06-10 11:10:00,14952.105499999998,14957.613300000014,14936.901700000017,14945.53420000002,8601450,15457566304.868973,SZ399001
2026-06-10 11:15:00,14942.770799999997,14976.957800000013,14918.609600000013,14976.957800000018,10918518,19112264758.792973,SZ399001
2026-06-10 11:20:00,14976.8339,14999.676700000013,14972.64450000001,14972.644500000024,7857352,16320938448.256977,SZ399001
2026-06-10 11:25:00,14971.4315,14971.431500000012,14923.76080000001,14935.71510000003,7738851,15836209726.231983,SZ399001
2026-06-10 11:30:00,14941.2755,14982.394000000017,14941.275500000009,14972.75230000003,7002471,14212761753.454987,SZ399001
2026-06-10 13:05:00,14953.315,14953.315000000017,14879.001600000009,14907.660600000034,18405177,37308033815.19697,SZ399001
2026-06-10 13:10:00,14909.2053,14940.775100000012,14899.400800000009,14900.505000000025,8817199,18095409344.417965,SZ399001
2026-06-10 13:15:00,14901.0707,14901.918500000013,14861.828000000009,14882.048400000022,9998975,20523521920.841965,SZ399001
2026-06-10 13:20:00,14882.553700000002,14900.736700000014,14876.470600000004,14897.712800000012,7862804,16233600016.021957,SZ399001
2026-06-10 13:25:00,14899.6293,14910.89190000001,14869.96110000001,14897.664300000022,9972027,18750217553.648964,SZ399001
2026-06-10 13:30:00,14894.6668,14912.625700000008,14880.927300000014,14909.679500000022,7254502,14218449726.532969,SZ399001
2026-06-10 13:35:00,14908.2493,14911.083500000008,14868.828800000008,14868.82880000001,8904830,18403862268.327972,SZ399001
2026-06-10 13:40:00,14866.4688,14889.528100000012,14860.850200000008,14869.837800000014,8756911,18766802955.476967,SZ399001
2026-06-10 13:45:00,14872.3744,14915.807300000011,14872.374400000012,14880.91130000001,7710399,15993967666.956963,SZ399001
2026-06-10 13:50:00,14880.1145,14891.07450000001,14831.003600000016,14831.407700000014,8665176,17555123717.53696,SZ399001
2026-06-10 13:55:00,14831.6408,14873.5976,14817.11130000002,14870.256100000011,10119239,18793286669.885963,SZ399001
2026-06-10 14:00:00,14871.1041,14953.349900000005,14871.10410000002,14953.349900000014,9433972,17235251944.57196,SZ399001
2026-06-10 14:05:00,14952.9802,14969.007600000004,14916.89130000002,14916.89130000002,8949988,17546954809.89196,SZ399001
2026-06-10 14:10:00,14915.5294,14948.336400000004,14895.484400000025,14923.82740000002,6976957,13729762394.052963,SZ399001
2026-06-10 14:15:00,14922.799,14952.303300000003,14914.269300000022,14915.380700000016,6525101,13230308912.348959,SZ399001
2026-06-10 14:20:00,14913.9528,14956.725900000009,14908.241100000016,14956.72590000002,6878137,13382815679.287962,SZ399001
2026-06-10 14:25:00,14960.553900000004,14998.161100000008,14951.433300000015,14953.246800000015,9513502,18077930410.308952,SZ399001
2026-06-10 14:30:00,14955.695700000004,14969.53030000001,14953.252800000011,14959.370500000012,6852479,13946791845.24995,SZ399001
2026-06-10 14:35:00,14960.728700000003,15001.269700000012,14960.72870000001,14975.523200000009,9631819,19478080309.897953,SZ399001
2026-06-10 14:40:00,14975.337100000002,14975.337100000012,14945.217000000004,14945.217000000011,9051980,18278230804.38395,SZ399001
2026-06-10 14:45:00,14943.8486,14948.210700000003,14927.305600000009,14945.352000000014,11656227,21964073979.198956,SZ399001
2026-06-10 14:50:00,14943.432699999998,14956.224200000002,14940.697200000006,14955.788800000017,13284099,24546112477.13895,SZ399001
2026-06-10 14:55:00,14956.133899999995,14973.6311,14956.133900000006,14958.285000000014,17872547,32535577204.839954,SZ399001
2026-06-10 15:00:00,14958.608599999998,14959.9951,14954.100800000002,14954.10080000001,16732003,30393849015.774937,SZ399001
2026-06-11 09:35:00,14889.5674,14945.488199999998,14880.341000000002,14909.630699999989,76876251,146196686935.46408,SZ399001
2026-06-11 09:40:00,14917.1818,14953.390399999997,14908.482000000004,14926.77579999999,45822832,84487218547.8101,SZ399001
2026-06-11 09:45:00,14932.587299999996,15006.883699999991,14932.587300000005,14997.134599999985,32296166,65582278643.46309,SZ399001
2026-06-11 09:50:00,14999.133999999998,15062.747599999986,14998.035300000003,15042.138599999971,25479638,54652636416.9361,SZ399001
2026-06-11 09:55:00,15039.426899999997,15044.671299999984,14965.833300000004,14972.16049999997,22988291,45867914645.5831,SZ399001
2026-06-11 10:00:00,14972.354799999996,15013.02639999998,14927.442200000009,14957.700999999972,20134609,40589253089.4711,SZ399001
2026-06-11 10:05:00,14954.923999999995,14954.92399999998,14888.332500000004,14894.86889999996,20468181,39137244321.7811,SZ399001
2026-06-11 10:10:00,14893.556699999996,14905.013299999982,14882.519400000006,14896.044199999957,17196889,33771183041.24112,SZ399001
2026-06-11 10:15:00,14894.428299999994,14912.46739999998,14882.806600000007,14907.009399999955,14446906,27915137965.700115,SZ399001
2026-06-11 10:20:00,14906.197599999994,14910.33689999998,14846.466300000006,14862.169599999956,16503492,30345312457.031116,SZ399001
2026-06-11 10:25:00,14868.172599999994,14880.64279999998,14836.630400000002,14860.53349999996,13145610,27266414500.583126,SZ399001
2026-06-11 10:30:00,14860.733999999991,14876.74929999998,14818.269600000009,14826.329499999973,11505331,24514837423.21413,SZ399001
2026-06-11 10:35:00,14827.726999999992,14853.354899999978,14802.090800000004,14804.077799999965,12500688,26689361800.88414,SZ399001
2026-06-11 10:40:00,14807.249899999992,14833.536199999977,14803.596900000011,14803.59689999997,10079262,20730812812.875137,SZ399001
2026-06-11 10:45:00,14804.874199999991,14825.739299999976,14785.387100000007,14785.387099999973,10390773,20644087674.818134,SZ399001
2026-06-11 10:50:00,14784.375999999997,14827.315299999977,14765.325700000009,14827.315299999977,10442016,21224713587.33815,SZ399001
2026-06-11 10:55:00,14829.212099999992,14848.97879999998,14787.354,14787.353999999974,9577499,18668790724.714153,SZ399001
2026-06-11 11:00:00,14786.303699999991,14854.208799999971,14786.3037,14852.571299999969,7596414,16409051520.164154,SZ399001
2026-06-11 11:05:00,14850.65159999999,14850.651599999974,14809.412899999998,14833.590799999976,8271424,17812654833.76515,SZ399001
2026-06-11 11:10:00,14833.284299999992,14834.574099999976,14778.266599999994,14784.755199999969,8766616,18527298001.55314,SZ399001
2026-06-11 11:15:00,14782.189199999992,14782.189199999975,14738.802199999993,14768.304899999965,9815350,20820666246.058136,SZ399001
2026-06-11 11:20:00,14766.957899999994,14776.947099999978,14738.64859999999,14742.86259999996,8047508,16702032099.68114,SZ399001
2026-06-11 11:25:00,14743.277999999997,14763.909599999975,14734.942699999989,14750.872299999955,7730618,16201084084.814144,SZ399001
2026-06-11 11:30:00,14752.577899999997,14777.712499999972,14742.86029999999,14756.974799999953,7084526,14763170403.107145,SZ399001
2026-06-11 13:05:00,14776.520999999995,14856.925799999974,14776.52099999999,14801.910799999954,17541508,37848443364.56013,SZ399001
2026-06-11 13:10:00,14811.879899999993,14840.961399999973,14793.970999999992,14840.961399999953,10544908,23474427693.54013,SZ399001
2026-06-11 13:15:00,14840.711099999991,14882.373099999966,14833.564399999996,14870.977899999954,9547223,22341604516.406136,SZ399001
2026-06-11 13:20:00,14870.787299999996,14896.373699999966,14867.341199999992,14896.373699999953,9083776,20183982403.60014,SZ399001
2026-06-11 13:25:00,14897.425699999994,14911.784299999968,14868.613699999987,14868.61369999995,9619035,20874333183.830128,SZ399001
2026-06-11 13:30:00,14864.178399999995,14873.890299999972,14835.241299999989,14835.241299999952,8542236,17877116485.79913,SZ399001
2026-06-11 13:35:00,14832.221899999991,14844.26069999997,14810.859499999991,14829.951799999955,9402264,18984068306.509132,SZ399001
2026-06-11 13:40:00,14832.683099999991,14878.224599999974,14824.061399999991,14824.061399999951,11532883,22005684122.58714,SZ399001
2026-06-11 13:45:00,14823.941099999993,14842.638999999974,14799.480399999988,14799.480399999951,7457338,16644907753.22514,SZ399001
2026-06-11 13:50:00,14799.19039999999,14861.865599999976,14793.845199999989,14861.865599999952,7364583,15973715814.512142,SZ399001
2026-06-11 13:55:00,14862.74279999999,14870.364599999974,14844.172499999984,14844.17249999996,8991255,17941653916.974148,SZ399001
2026-06-11 14:00:00,14844.33389999999,14846.111699999974,14804.96689999999,14813.876799999964,7882006,18195334175.680145,SZ399001
2026-06-11 14:05:00,14814.26569999999,14821.220499999969,14795.850499999997,14797.586999999963,7943336,18112253091.13015,SZ399001
2026-06-11 14:10:00,14795.71779999999,14795.717799999966,14731.941199999996,14732.335199999969,9623705,21712201849.39315,SZ399001
2026-06-11 14:15:00,14730.70689999999,14730.706899999966,14706.0861,14725.869999999964,8898764,23214946085.649155,SZ399001
2026-06-11 14:20:00,14726.725799999993,14742.534599999964,14714.351,14714.35099999996,7548051,17734664056.10615,SZ399001
2026-06-11 14:25:00,14713.35359999999,14769.34469999996,14711.3838,14765.448699999966,7417234,16484101145.795149,SZ399001
2026-06-11 14:30:00,14766.08299999999,14788.06859999996,14745.5901,14745.59009999996,7989360,16463333042.072151,SZ399001
2026-06-11 14:35:00,14748.175399999993,14799.88619999996,14748.175400000002,14772.819399999957,9881268,19786274310.091156,SZ399001
2026-06-11 14:40:00,14774.25829999999,14788.35929999996,14758.936100000004,14777.779799999962,8803890,19039815075.744167,SZ399001
2026-06-11 14:45:00,14780.750199999991,14804.59989999996,14780.750200000002,14801.657499999965,11161628,22426345319.12117,SZ399001
2026-06-11 14:50:00,14801.902799999993,14818.161199999964,14800.2115,14811.996499999968,12815841,25480654668.576168,SZ399001
2026-06-11 14:55:00,14811.942899999993,14841.724599999974,14810.753799999997,14840.607299999963,16912102,32896244837.939163,SZ399001
2026-06-11 15:00:00,14840.91889999999,14853.412199999972,14840.918899999995,14851.975099999969,16146602,31250991782.107162,SZ399001
2026-06-12 09:35:00,15149.5195,15151.531,15050.5724,15053.8111,86330409,198448016358.78198,SZ399001
2026-06-12 09:40:00,15054.2175,15101.9117,15045.6232,15081.9304,42674006,95454752203.562,SZ399001
2026-06-12 09:45:00,15088.7161,15091.1257,15012.8702,15014.6547,35758341,78839264946.84099,SZ399001
2026-06-12 09:50:00,15017.8969,15078.7707,15017.8969,15058.3837,32369241,63920587378.45901,SZ399001
2026-06-12 09:55:00,15056.1891,15070.397,15034.1063,15041.8226,27622364,55700082726.268005,SZ399001
2026-06-12 10:00:00,15042.946,15090.4322,15030.9217,15089.4932,22813540,49372487946.141,SZ399001
2026-06-12 10:05:00,15088.0071,15088.0071,15042.2091,15070.3161,27041382,52107134416.064,SZ399001
2026-06-12 10:10:00,15070.3739,15104.4275,15070.3739,15104.4275,23694567,43193376082.879,SZ399001
2026-06-12 10:15:00,15105.5961,15119.6689,15104.3574,15107.5066,18585957,37038308058.785,SZ399001
2026-06-12 10:20:00,15108.9908,15108.9908,15059.5441,15082.3071,17445497,36630620860.681,SZ399001
2026-06-12 10:25:00,15085.302,15090.4973,15056.2873,15079.1504,14753103,31219103352.464,SZ399001
2026-06-12 10:30:00,15078.3291,15081.0645,15052.4904,15052.4904,15365877,30588767511.076,SZ399001
2026-06-12 10:35:00,15050.2387,15105.757,15043.2071,15105.757,15123680,31162175177.646,SZ399001
2026-06-12 10:40:00,15103.7532,15123.1611,15097.9066,15119.0131,12845494,29172757835.564,SZ399001
2026-06-12 10:45:00,15120.3836,15134.8104,15105.5696,15134.8104,12760770,25456447876.32,SZ399001
2026-06-12 10:50:00,15135.1905,15170.1551,15135.1905,15164.172,12059644,26026339886.677002,SZ399001
2026-06-12 10:55:00,15164.4471,15164.4471,15139.4558,15142.1836,12842661,25242719959.119003,SZ399001
2026-06-12 11:00:00,15141.3716,15145.4563,15122.8355,15135.3296,12769520,26205830376.755,SZ399001
2026-06-12 11:05:00,15135.2054,15171.2236,15134.9839,15162.434,13823678,26264930466.487,SZ399001
2026-06-12 11:10:00,15162.1032,15162.1032,15131.2751,15131.3411,12077484,25940932362.438,SZ399001
2026-06-12 11:15:00,15131.973,15149.8715,15112.2465,15123.2737,10806243,25954779576.5,SZ399001
2026-06-12 11:20:00,15126.4884,15136.6676,15109.4708,15118.4634,10242250,22004828973.71,SZ399001
2026-06-12 11:25:00,15115.6331,15125.5169,15098.3856,15114.5114,9682839,22389825945.232002,SZ399001
2026-06-12 11:30:00,15113.4261,15124.3144,15102.8608,15103.1363,9328097,21481479585.271,SZ399001
2026-06-12 13:05:00,15108.6443,15132.6431,15096.4452,15096.69,18823396,41984970886.969,SZ399001
2026-06-12 13:10:00,15095.1321,15119.4778,15050.8624,15050.8624,13221189,29228827579.184,SZ399001
2026-06-12 13:15:00,15053.2962,15106.5023,15049.6101,15089.6558,11482675,25654229507.275,SZ399001
2026-06-12 13:20:00,15090.0065,15093.8164,15073.5713,15076.3353,11585262,23364721450.328,SZ399001
2026-06-12 13:25:00,15075.9847,15126.9708,15075.6551,15109.5482,9684686,21984461554.975998,SZ399001
2026-06-12 13:30:00,15110.3782,15130.9141,15103.9632,15103.9632,8674501,19950285290.612,SZ399001
2026-06-12 13:35:00,15103.1739,15103.1739,15054.1196,15054.6059,11307162,23423310496.774002,SZ399001
2026-06-12 13:40:00,15056.6971,15082.0897,15052.1793,15052.1793,9825562,20767500744.064003,SZ399001
2026-06-12 13:45:00,15051.2747,15083.1365,15037.8503,15078.288,9536368,19271415408.468,SZ399001
2026-06-12 13:50:00,15077.8508,15078.4511,15066.6684,15071.1746,7129647,15658639956.973999,SZ399001
2026-06-12 13:55:00,15071.3589,15072.2414,15038.3118,15038.3118,9224961,18073452425.238,SZ399001
2026-06-12 14:00:00,15037.1276,15037.1276,14997.7768,15015.9009,12621762,24061832450.792,SZ399001
2026-06-12 14:05:00,15014.2419,15035.7746,15003.1307,15028.1974,9459923,19560792566.21,SZ399001
2026-06-12 14:10:00,15028.1359,15036.996,15010.5232,15014.6954,8284378,17854269763.062,SZ399001
2026-06-12 14:15:00,15014.6074,15036.7989,15013.1331,15036.7989,8849649,18950437562.789,SZ399001
2026-06-12 14:20:00,15037.4062,15040.8091,15015.7054,15021.5444,8033208,17287924162.041,SZ399001
2026-06-12 14:25:00,15022.9326,15050.4894,15022.9326,15030.5685,8668437,18302219569.856,SZ399001
2026-06-12 14:30:00,15029.7716,15030.117,15010.636,15011.2199,9292652,19077445350.711998,SZ399001
2026-06-12 14:35:00,15011.0739,15017.4866,14988.923,14993.0534,11750519,24445087155.565998,SZ399001
2026-06-12 14:40:00,14993.1746,14993.4985,14976.9216,14988.5117,13094623,27231660374.161,SZ399001
2026-06-12 14:45:00,14987.8245,14987.8245,14955.929,14959.2144,14440315,30976063161.039,SZ399001
2026-06-12 14:50:00,14958.8662,14968.3194,14943.4331,14968.0025,17374027,35707812160.279,SZ399001
2026-06-12 14:55:00,14969.35,14982.2731,14969.35,14972.3877,18514953,37447912230.55,SZ399001
2026-06-12 15:00:00,14972.1633,14973.1411,14963.4073,14963.4073,22639924,47467404230.291,SZ399001
2026-06-15 09:35:00,15153.182400000002,15161.461100000002,15103.460000000006,15103.460000000006,97368960,198408632518.506,SZ399001
2026-06-15 09:40:00,15099.878700000005,15162.967100000007,15055.949200000008,15162.967100000014,55329992,107827767525.70502,SZ399001
2026-06-15 09:45:00,15167.256600000002,15217.268800000014,15167.256600000008,15208.322200000017,39723858,81590624082.489,SZ399001
2026-06-15 09:50:00,15208.979700000002,15264.004000000012,15208.979700000004,15264.004000000012,30868500,69634126951.53998,SZ399001
2026-06-15 09:55:00,15268.959900000002,15275.434800000012,15249.371600000006,15266.685700000007,26427675,60790107586.91394,SZ399001
2026-06-15 10:00:00,15265.757200000002,15265.757200000013,15222.850800000002,15230.35760000001,25220911,53300459503.83891,SZ399001
2026-06-15 10:05:00,15234.2524,15287.03960000001,15231.345600000004,15287.039600000002,21788691,48241511214.63492,SZ399001
2026-06-15 10:10:00,15288.3997,15288.399700000007,15258.729200000003,15280.531500000005,19814328,42777264627.1159,SZ399001
2026-06-15 10:15:00,15281.2264,15311.794800000016,15272.448100000009,15307.93740000001,19310998,40532851550.1879,SZ399001
2026-06-15 10:20:00,15306.5616,15309.457800000017,15262.154,15269.757500000003,19561313,39540431409.43288,SZ399001
2026-06-15 10:25:00,15272.1705,15311.92600000002,15272.1705,15286.043600000015,16876463,37368668376.90788,SZ399001
2026-06-15 10:30:00,15287.253000000002,15329.154000000017,15287.252999999995,15328.577300000014,13957562,33681061029.104877,SZ399001
2026-06-15 10:35:00,15327.896200000005,15331.803100000016,15311.343399999998,15323.875800000014,12812188,29728132079.924873,SZ399001
2026-06-15 10:40:00,15323.291900000004,15359.786400000014,15314.252999999995,15353.813300000018,11721951,29052247019.844868,SZ399001
2026-06-15 10:45:00,15352.405900000003,15352.405900000014,15293.023899999998,15295.497700000022,11844107,29195120525.31186,SZ399001
2026-06-15 10:50:00,15295.162200000002,15328.404300000017,15290.0086,15291.683700000029,11257009,24482662328.857857,SZ399001
2026-06-15 10:55:00,15290.817500000005,15292.374300000016,15256.226,15258.55200000003,10247696,22937184850.440857,SZ399001
2026-06-15 11:00:00,15258.381300000006,15310.086900000011,15258.2867,15304.63840000002,9322688,20088037784.74285,SZ399001
2026-06-15 11:05:00,15303.369200000006,15304.091600000009,15283.737499999996,15299.959700000009,10238397,22023874827.150852,SZ399001
2026-06-15 11:10:00,15300.814600000003,15328.575200000008,15287.757399999997,15327.203900000017,8566175,20307254194.850857,SZ399001
2026-06-15 11:15:00,15326.789500000004,15335.575800000008,15314.403799999998,15331.457600000023,7567187,18694024493.976852,SZ399001
2026-06-15 11:20:00,15330.404800000004,15357.70730000001,15329.722699999998,15347.872800000025,7346075,18557088565.932854,SZ399001
2026-06-15 11:25:00,15346.290100000002,15351.622100000006,15332.520999999995,15347.965200000024,9497803,19452316121.58886,SZ399001
2026-06-15 11:30:00,15349.4817,15355.023900000004,15340.957499999997,15342.465700000024,7138173,18758472898.920868,SZ399001
2026-06-15 13:05:00,15350.02,15370.327800000005,15350.019999999991,15366.699600000018,14634362,35505361601.10188,SZ399001
2026-06-15 13:10:00,15366.7104,15374.942000000005,15362.50689999999,15367.59640000002,9985825,22948329661.58987,SZ399001
2026-06-15 13:15:00,15368.224,15368.224000000006,15317.482599999994,15343.219300000015,12888834,26344900350.425873,SZ399001
2026-06-15 13:20:00,15344.3288,15377.29530000001,15344.328799999994,15369.072000000016,9255261,21596855369.29288,SZ399001
2026-06-15 13:25:00,15370.364699999998,15386.261400000009,15368.499199999997,15379.324600000002,9165039,21162706406.686882,SZ399001
2026-06-15 13:30:00,15378.684799999995,15400.451700000003,15368.144799999998,15400.451699999996,9914091,22646009560.294884,SZ399001
2026-06-15 13:35:00,15400.725599999998,15424.51960000001,15399.0058,15424.519600000003,9880485,22718199627.39289,SZ399001
2026-06-15 13:40:00,15425.963499999998,15426.37500000001,15413.251700000004,15424.036800000016,8366061,19861306189.568882,SZ399001
2026-06-15 13:45:00,15420.209099999998,15442.83660000001,15418.605900000006,15442.212400000017,8371195,18692631389.06388,SZ399001
2026-06-15 13:50:00,15442.343399999998,15457.782800000012,15438.635100000009,15442.446400000008,8756308,19262222477.10888,SZ399001
2026-06-15 13:55:00,15441.267499999998,15451.46870000001,15426.983200000004,15429.201,7653312,16343030540.491879,SZ399001
2026-06-15 14:00:00,15428.869399999998,15435.212900000011,15423.589600000005,15435.2129,6929277,14697118606.731876,SZ399001
2026-06-15 14:05:00,15435.720399999997,15449.53400000001,15423.978300000006,15427.242200000006,11279177,20219453901.118874,SZ399001
2026-06-15 14:10:00,15427.086799999994,15427.987500000014,15414.011800000006,15426.96870000001,7344746,15213104753.492867,SZ399001
2026-06-15 14:15:00,15428.664699999994,15440.117200000015,15428.664700000005,15432.323500000004,8241052,15899782134.024864,SZ399001
2026-06-15 14:20:00,15432.244999999994,15444.726000000015,15431.889300000004,15444.609600000009,7174317,14810249815.239864,SZ399001
2026-06-15 14:25:00,15445.044599999994,15452.55110000002,15443.879000000004,15445.84440000002,7698667,15938262983.824867,SZ399001
2026-06-15 14:30:00,15445.447199999991,15447.06090000002,15444.3462,15446.55360000002,8281883,16502914488.107864,SZ399001
2026-06-15 14:35:00,15446.416299999992,15462.663700000025,15439.490400000002,15460.575700000029,11130208,22072914443.35786,SZ399001
2026-06-15 14:40:00,15460.821899999992,15477.75220000002,15460.7766,15477.745200000016,9592353,21318167312.011856,SZ399001
2026-06-15 14:45:00,15477.948299999993,15491.69720000002,15476.528300000004,15490.500000000022,12001854,26344657968.58587,SZ399001
2026-06-15 14:50:00,15490.295599999992,15509.427700000024,15487.805700000004,15509.427700000017,14524692,30159656009.49286,SZ399001
2026-06-15 14:55:00,15508.216399999992,15525.750600000028,15505.9557,15525.750600000016,20548746,41721620598.98184,SZ399001
2026-06-15 15:00:00,15524.308399999993,15531.109500000026,15523.0111,15531.109500000008,19628238,38663068911.30084,SZ399001
2026-06-16 09:35:00,15584.3702,15594.492,15544.130799999995,15556.27449999999,83211427,194726632956.44302,SZ399001
2026-06-16 09:40:00,15559.5677,15586.689699999995,15537.502699999995,15586.689699999988,47508026,104133871113.327,SZ399001
2026-06-16 09:45:00,15588.8032,15594.891999999998,15573.190099999993,15579.830499999987,35303842,80006525743.24498,SZ399001
2026-06-16 09:50:00,15580.263599999998,15647.5165,15578.343199999994,15647.516499999989,31931473,71855136463.92097,SZ399001
2026-06-16 09:55:00,15648.587199999998,15651.683,15617.969299999995,15617.96929999999,26064452,59676427885.53495,SZ399001
2026-06-16 10:00:00,15614.582499999997,15636.713700000002,15608.649599999995,15609.3525,22643045,50692568500.32395,SZ399001
2026-06-16 10:05:00,15606.9932,15607.004300000002,15562.9175,15562.917500000009,22361902,51961272582.96499,SZ399001
2026-06-16 10:10:00,15563.327399999998,15613.0436,15554.085600000002,15610.724400000012,20944049,46111323465.15699,SZ399001
2026-06-16 10:15:00,15610.1895,15641.077400000002,15609.337700000004,15641.077400000013,17910009,41020614950.804,SZ399001
2026-06-16 10:20:00,15639.355700000002,15639.355700000002,15603.378700000008,15623.657100000011,14883318,35490389472.88901,SZ399001
2026-06-16 10:25:00,15624.933700000003,15644.404600000003,15619.887300000011,15621.57710000002,13129218,30263455083.37302,SZ399001
2026-06-16 10:30:00,15621.618800000002,15645.269800000004,15621.254600000011,15641.179500000022,12859822,28623026306.421013,SZ399001
2026-06-16 10:35:00,15638.2269,15662.213900000006,15632.847300000014,15661.220200000023,13973809,30957927335.772026,SZ399001
2026-06-16 10:40:00,15662.111100000002,15692.754600000004,15660.213700000017,15690.15520000002,13341755,28357245901.06903,SZ399001
2026-06-16 10:45:00,15690.088600000005,15714.782500000005,15685.641300000016,15712.60180000003,14429881,28583808335.67104,SZ399001
2026-06-16 10:50:00,15712.568600000002,15723.106300000009,15695.901000000013,15695.901000000027,12818204,27775282835.892036,SZ399001
2026-06-16 10:55:00,15693.265000000005,15693.695100000006,15669.359600000013,15678.468900000023,11621713,25035794546.056038,SZ399001
2026-06-16 11:00:00,15679.164500000004,15685.187800000009,15660.574200000008,15662.872300000015,10984845,22102132243.083046,SZ399001
2026-06-16 11:05:00,15663.233400000006,15686.229000000008,15661.516300000008,15673.226100000024,9222401,20913355513.305054,SZ399001
2026-06-16 11:10:00,15673.311800000009,15679.189000000008,15659.5673,15674.487800000015,9438933,21640134160.01106,SZ399001
2026-06-16 11:15:00,15675.847300000005,15701.94380000001,15675.5964,15701.943800000015,8112842,17698695545.996048,SZ399001
2026-06-16 11:20:00,15701.960000000006,15717.511100000014,15696.664599999996,15714.53600000002,9240762,20186678496.880043,SZ399001
2026-06-16 11:25:00,15712.561800000009,15716.173800000011,15687.695199999993,15706.31050000002,7844591,17726665605.034035,SZ399001
2026-06-16 11:30:00,15706.857400000006,15721.61990000001,15706.85739999999,15712.64390000001,7603892,17453936243.66103,SZ399001
2026-06-16 13:05:00,15718.539600000007,15725.11510000001,15699.865499999987,15724.416400000016,17389681,38108723429.71904,SZ399001
2026-06-16 13:10:00,15724.308900000007,15761.00350000001,15724.308899999987,15735.672100000016,11462516,29656475659.56105,SZ399001
2026-06-16 13:15:00,15734.396700000008,15734.99680000001,15710.655999999992,15720.799100000017,11815790,25732107226.412056,SZ399001
2026-06-16 13:20:00,15720.983800000007,15721.890100000008,15663.790099999993,15680.613000000016,14674893,31410127121.41005,SZ399001
2026-06-16 13:25:00,15682.531800000006,15686.008600000008,15654.107899999992,15674.670200000022,10428861,24825034934.811047,SZ399001
2026-06-16 13:30:00,15673.309300000006,15691.16520000001,15655.698799999986,15688.510000000024,10456582,24008787301.79905,SZ399001
2026-06-16 13:35:00,15686.739000000009,15691.164100000007,15654.79609999998,15686.286000000013,12503070,27990329435.132053,SZ399001
2026-06-16 13:40:00,15687.518000000007,15689.570300000009,15639.68529999998,15641.501600000014,10459462,24111278721.059048,SZ399001
2026-06-16 13:45:00,15641.02080000001,15642.567500000006,15604.46549999998,15636.663200000015,11680802,28347585763.104057,SZ399001
2026-06-16 13:50:00,15636.300700000009,15668.181700000012,15636.300699999982,15667.538500000015,8489367,19917810490.225056,SZ399001
2026-06-16 13:55:00,15669.754100000007,15683.987200000003,15659.225599999983,15674.19650000001,8567417,20828017830.542057,SZ399001
2026-06-16 14:00:00,15675.347800000009,15699.030700000005,15675.223699999982,15684.519700000008,8301668,19689389387.261055,SZ399001
2026-06-16 14:05:00,15683.975700000006,15683.975700000006,15667.509099999976,15675.817600000008,9195713,20659541905.914055,SZ399001
2026-06-16 14:10:00,15676.087200000007,15703.3816,15676.087199999978,15700.288800000006,8040005,19464047873.420063,SZ399001
2026-06-16 14:15:00,15699.308700000009,15715.3572,15699.244599999976,15710.818400000013,9474271,18672617447.03607,SZ399001
2026-06-16 14:20:00,15710.157500000008,15722.3798,15706.67479999998,15722.37980000001,8944454,19655107527.479073,SZ399001
2026-06-16 14:25:00,15722.075500000006,15730.0623,15714.77229999998,15714.772300000008,10921117,21024330890.79807,SZ399001
2026-06-16 14:30:00,15712.173200000008,15712.1732,15693.161199999986,15700.198100000016,9135466,19943333938.13607,SZ399001
2026-06-16 14:35:00,15702.641500000003,15707.9065,15673.76029999999,15673.76030000001,10928741,24048111239.39508,SZ399001
2026-06-16 14:40:00,15674.404500000006,15678.838,15664.585399999993,15664.585400000004,10977061,24656993371.134087,SZ399001
2026-06-16 14:45:00,15662.701600000004,15662.701599999991,15641.964799999994,15646.476099999996,12521952,29453841927.430096,SZ399001
2026-06-16 14:50:00,15647.567600000006,15664.784599999992,15644.811299999994,15664.28089999999,14107624,30998977331.927097,SZ399001
2026-06-16 14:55:00,15662.978700000009,15673.450999999988,15661.697399999994,15672.228899999987,18427068,39568973172.89509,SZ399001
2026-06-16 15:00:00,15671.89080000001,15677.26709999999,15671.473599999998,15675.245699999989,18541010,39318412570.322075,SZ399001
2026-06-17 09:35:00,15569.9231,15640.413099999998,15569.9231,15610.60959999999,83704861,179684786973.01797,SZ399001
2026-06-17 09:40:00,15609.3809,15687.587799999992,15607.394599999996,15687.092399999989,44536857,92112789840.26901,SZ399001
2026-06-17 09:45:00,15686.987400000002,15700.349599999992,15666.768699999997,15692.350899999989,39462653,80964788748.189,SZ399001
2026-06-17 09:50:00,15694.3885,15746.616999999986,15694.388499999995,15729.96349999998,32668625,67285470009.11201,SZ399001
2026-06-17 09:55:00,15732.653300000002,15768.226899999983,15732.653299999996,15735.34989999998,24449777,55306399928.203,SZ399001
2026-06-17 10:00:00,15737.081800000004,15745.574099999983,15722.687899999995,15741.393999999982,21998410,52564978162.193,SZ399001
2026-06-17 10:05:00,15740.997100000004,15784.640199999983,15740.559099999997,15779.237999999988,21292847,50814989210.20001,SZ399001
2026-06-17 10:10:00,15778.888500000005,15808.621699999989,15778.888499999995,15804.904699999986,18832814,42897714598.209,SZ399001
2026-06-17 10:15:00,15804.971900000002,15812.149399999986,15788.193399999996,15810.976299999978,17305830,41231685084.02998,SZ399001
2026-06-17 10:20:00,15811.468600000002,15811.770799999986,15795.331399999994,15798.263599999977,16048218,38001038981.73199,SZ399001
2026-06-17 10:25:00,15797.174500000005,15805.186399999984,15782.302799999989,15782.302799999974,16207760,35800740812.178986,SZ399001
2026-06-17 10:30:00,15780.615400000002,15808.68889999999,15777.242899999988,15805.76239999997,14920475,31866481073.017994,SZ399001
2026-06-17 10:35:00,15806.260000000002,15827.204099999988,15800.798299999986,15822.16159999996,12848831,30233527847.19,SZ399001
2026-06-17 10:40:00,15821.4301,15824.906899999993,15771.078699999984,15790.09599999996,14583976,30979968321.69699,SZ399001
2026-06-17 10:45:00,15792.548300000002,15809.680899999992,15773.108899999985,15797.35359999996,13627765,28843522969.72999,SZ399001
2026-06-17 10:50:00,15796.134300000003,15805.252299999993,15783.127799999986,15798.179799999964,12276066,28215004609.911987,SZ399001
2026-06-17 10:55:00,15799.587300000005,15803.864599999994,15767.342799999986,15775.96459999997,11034478,26517763102.069984,SZ399001
2026-06-17 11:00:00,15776.901800000003,15806.855399999997,15769.879399999983,15799.483999999968,9970612,22739130243.44897,SZ399001
2026-06-17 11:05:00,15799.765200000002,15822.610399999996,15798.49509999998,15815.314599999954,10984207,22885126507.161976,SZ399001
2026-06-17 11:10:00,15814.7887,15814.788699999996,15785.74029999998,15786.73519999995,10030077,22265344781.07896,SZ399001
2026-06-17 11:15:00,15786.368800000002,15800.082000000002,15775.506899999978,15775.506899999957,9524588,21722733983.235962,SZ399001
2026-06-17 11:20:00,15774.740100000005,15778.010000000004,15718.160099999972,15731.81489999995,11836385,30740916780.497967,SZ399001
2026-06-17 11:25:00,15731.9811,15770.247900000002,15710.598999999973,15741.484099999952,10228248,27405691766.523975,SZ399001
2026-06-17 11:30:00,15739.816100000002,15760.968900000003,15735.23939999998,15735.598899999952,7290165,19337507015.025978,SZ399001
2026-06-17 13:05:00,15741.211400000002,15750.132200000004,15697.26199999998,15697.26199999996,16660404,42017669918.57601,SZ399001
2026-06-17 13:10:00,15696.476,15704.2155,15669.92859999998,15693.767399999972,12182968,32104884826.634003,SZ399001
2026-06-17 13:15:00,15697.4006,15738.253000000006,15691.462699999978,15735.617099999974,10233935,26860735425.102005,SZ399001
2026-06-17 13:20:00,15736.0099,15760.36290000001,15727.048099999982,15757.75809999997,10614594,22430753722.857006,SZ399001
2026-06-17 13:25:00,15758.071500000002,15770.352700000009,15754.673799999986,15764.390799999965,9150657,22123860117.338013,SZ399001
2026-06-17 13:30:00,15767.384500000004,15769.70880000001,15751.072499999991,15759.307199999965,8904488,22382190961.03101,SZ399001
2026-06-17 13:35:00,15760.285300000003,15798.305300000007,15758.700799999991,15798.305299999964,8956836,23706261264.940998,SZ399001
2026-06-17 13:40:00,15799.497500000003,15813.910400000008,15792.954699999998,15807.47859999996,8647049,22730282880.313995,SZ399001
2026-06-17 13:45:00,15806.974600000003,15818.239900000011,15782.381499999992,15793.593999999948,9112212,22132851559.514008,SZ399001
2026-06-17 13:50:00,15792.623400000002,15805.661900000008,15775.596299999994,15802.97849999995,9512223,22527930052.57801,SZ399001
2026-06-17 13:55:00,15803.9359,15808.83460000001,15767.290199999998,15767.29019999996,8064117,19160462459.748005,SZ399001
2026-06-17 14:00:00,15767.9414,15788.210300000012,15763.529399999998,15786.91839999996,8324003,19116172847.266003,SZ399001
2026-06-17 14:05:00,15787.703999999998,15798.411300000012,15780.4181,15789.494499999962,8749027,19035816179.812004,SZ399001
2026-06-17 14:10:00,15789.577299999995,15790.458200000012,15770.921099999992,15784.886699999955,9181667,19247274009.532005,SZ399001
2026-06-17 14:15:00,15781.834699999998,15781.834700000009,15752.261199999994,15766.787099999963,10135854,21224300277.291996,SZ399001
2026-06-17 14:20:00,15766.8883,15784.548800000008,15766.888299999997,15770.654099999958,7520511,17322251649.569,SZ399001
2026-06-17 14:25:00,15770.0227,15779.42590000001,15769.60939999999,15776.768099999956,7654125,17564827763.49,SZ399001
2026-06-17 14:30:00,15775.318400000002,15784.734300000013,15772.05049999999,15782.08539999995,8024422,18534250050.937,SZ399001
2026-06-17 14:35:00,15781.8612,15820.928200000011,15781.861199999992,15806.21869999995,12077767,25759273343.527,SZ399001
2026-06-17 14:40:00,15807.5728,15825.501400000016,15807.572799999987,15821.858799999956,10838971,24113803124.636,SZ399001
2026-06-17 14:45:00,15821.155100000002,15856.91840000002,15821.155099999987,15856.918399999951,12836008,29054279022.969006,SZ399001
2026-06-17 14:50:00,15857.921300000002,15878.391500000023,15857.36649999999,15876.900399999962,14485360,34432331445.457016,SZ399001
2026-06-17 14:55:00,15876.520100000002,15881.139800000024,15872.547499999988,15881.060199999962,19565136,43145196830.745026,SZ399001
2026-06-17 15:00:00,15879.978700000003,15885.49160000002,15878.841899999989,15880.95069999996,18819373,41472503370.18703,SZ399001
2026-06-18 09:35:00,15826.7944,15949.5749,15825.3165,15917.5277,87893302,189789187871.594,SZ399001
2026-06-18 09:40:00,15917.8112,15970.2143,15917.8112,15958.0668,49507292,107465284973.22601,SZ399001
2026-06-18 09:45:00,15959.1302,15981.1368,15952.1283,15963.8827,35012776,83014858925.487,SZ399001
2026-06-18 09:50:00,15968.8238,15982.614,15927.7825,15961.3809,30120620,69000798471.849,SZ399001
2026-06-18 09:55:00,15959.2691,16000.9217,15958.2259,16000.9217,25640645,57033522894.744,SZ399001
2026-06-18 10:00:00,16002.5484,16026.1224,15990.5691,16025.5005,22871647,53441441489.325005,SZ399001
2026-06-18 10:05:00,16024.4079,16075.6002,16022.7426,16074.0906,25053911,56598296215.866,SZ399001
2026-06-18 10:10:00,16074.3386,16074.3386,16032.6911,16035.2084,20881538,48912435878.295,SZ399001
2026-06-18 10:15:00,16033.8275,16047.6571,16000.1923,16046.3383,20224394,48364611238.386,SZ399001
2026-06-18 10:20:00,16045.664,16045.664,15998.0737,16005.5598,18464724,40222047389.731,SZ399001
2026-06-18 10:25:00,16006.6904,16028.9505,15998.5419,16011.7528,17634877,37129487944.954,SZ399001
2026-06-18 10:30:00,16013.453,16064.6263,16013.453,16050.3912,14359542,34314979716.551994,SZ399001
2026-06-18 10:35:00,16049.5359,16049.5359,16023.5156,16035.9469,14759774,32538953344.350002,SZ399001
2026-06-18 10:40:00,16035.2266,16045.6361,16004.1864,16008.7603,14153987,30425031111.371002,SZ399001
2026-06-18 10:45:00,16007.5377,16028.8876,16007.5377,16024.7758,13078459,28285831305.613003,SZ399001
2026-06-18 10:50:00,16024.7391,16034.0712,15989.5548,15989.5548,13366066,27909014021.489002,SZ399001
2026-06-18 10:55:00,15988.1648,16023.1601,15988.1648,16014.0408,11768637,26429275758.009,SZ399001
2026-06-18 11:00:00,16011.7547,16011.7547,15962.4942,15964.1354,12063499,26947308820.785,SZ399001
2026-06-18 11:05:00,15962.6014,15992.9318,15947.586,15973.9453,12205953,27354996641.629,SZ399001
2026-06-18 11:10:00,15976.2792,15995.9186,15973.4684,15984.0355,8979517,21101251659.724,SZ399001
2026-06-18 11:15:00,15983.0266,15983.0266,15905.5688,15915.6003,12240161,27874542402.931,SZ399001
2026-06-18 11:20:00,15915.9909,15961.543,15915.9909,15955.1131,9451367,21541568921.906998,SZ399001
2026-06-18 11:25:00,15956.1539,15988.3478,15953.801,15988.2434,8010109,19163549703.481,SZ399001
2026-06-18 11:30:00,15988.5959,15993.0706,15960.238,15970.8594,7128023,17879548325.116,SZ399001
2026-06-18 13:05:00,15975.1739,15983.4014,15940.3216,15981.5833,15730904,41541319307.793,SZ399001
2026-06-18 13:10:00,15981.2082,16016.1793,15973.0281,16016.1793,10859219,26892690886.600998,SZ399001
2026-06-18 13:15:00,16015.7558,16015.7558,15986.4072,15992.513,10375931,26101686431.934998,SZ399001
2026-06-18 13:20:00,15992.2147,16037.0519,15991.4912,16036.2449,9986894,25085824246.725,SZ399001
2026-06-18 13:25:00,16035.4531,16040.9187,16020.4831,16039.5289,8648232,22796679538.238,SZ399001
2026-06-18 13:30:00,16039.8658,16069.1703,16033.3663,16066.1581,8808577,21940864203.299,SZ399001
2026-06-18 13:35:00,16067.1649,16087.545,16067.1649,16068.7347,9144229,23327141007.116,SZ399001
2026-06-18 13:40:00,16067.8139,16067.867,16028.4331,16028.4331,9603190,20897862455.794003,SZ399001
2026-06-18 13:45:00,16028.4217,16056.9057,16019.4418,16019.4418,8779001,19985112340.353,SZ399001
2026-06-18 13:50:00,16019.4164,16024.4696,16005.5,16007.9565,9779642,20272475231.253998,SZ399001
2026-06-18 13:55:00,16007.9901,16032.3262,15999.7058,16026.7909,9301676,20884309635.408,SZ399001
2026-06-18 14:00:00,16026.304,16064.6048,16023.3158,16059.0094,7846199,19789531513.899002,SZ399001
2026-06-18 14:05:00,16057.3496,16077.5977,16045.4696,16051.1286,8773383,21599136174.708,SZ399001
2026-06-18 14:10:00,16049.1125,16063.7898,16020.0878,16049.7102,9263656,21318442184.399,SZ399001
2026-06-18 14:15:00,16048.6719,16073.5365,16044.766,16073.4528,7925023,18770385051.283,SZ399001
2026-06-18 14:20:00,16072.3133,16084.8587,16069.6629,16075.6821,8589511,19913253623.699,SZ399001
2026-06-18 14:25:00,16075.2683,16091.0815,16074.3333,16085.8256,8692125,21059474774.432,SZ399001
2026-06-18 14:30:00,16085.8993,16085.8993,16071.811,16073.6368,8529505,20134890536.441,SZ399001
2026-06-18 14:35:00,16075.6266,16104.7674,16072.1484,16081.6939,10410111,24173517407.416,SZ399001
2026-06-18 14:40:00,16080.3067,16080.3067,15988.3856,15989.657,13214533,31333490445.533,SZ399001
2026-06-18 14:45:00,15988.3508,16057.5141,15988.2493,16055.5993,13999498,31739493273.729004,SZ399001
2026-06-18 14:50:00,16055.5744,16056.0213,16028.6161,16036.1886,12855296,30021532614.487,SZ399001
2026-06-18 14:55:00,16036.541,16054.6413,16035.2915,16040.1156,18869601,41810486900.369,SZ399001
2026-06-18 15:00:00,16039.0284,16042.069,16030.7024,16030.7024,20120164,45505514956.47099,SZ399001
2026-06-22 09:35:00,16095.6286,16099.6176,16003.6318,16025.480099999992,100218289,234124608897.51807,SZ399001
2026-06-22 09:40:00,16031.586399999998,16146.954999999998,16031.5864,16146.137899999989,54610417,123061475691.16911,SZ399001
2026-06-22 09:45:00,16141.3009,16148.6303,16113.3802,16137.709699999996,44783772,98564360957.72812,SZ399001
2026-06-22 09:50:00,16142.214700000002,16166.4085,16112.9985,16166.408499999996,35031187,80395405773.32413,SZ399001
2026-06-22 09:55:00,16167.475200000004,16204.7901,16163.037299999998,16188.41559999999,30841030,72014624202.96713,SZ399001
2026-06-22 10:00:00,16189.450500000004,16204.2956,16146.268299999996,16146.268299999989,30206816,64684377124.40115,SZ399001
2026-06-22 10:05:00,16143.0485,16161.4211,16115.936599999995,16137.248299999996,30420395,65272419923.694145,SZ399001
2026-06-22 10:10:00,16135.6969,16144.326300000004,16091.934,16099.286700000002,23655986,63668140643.4121,SZ399001
2026-06-22 10:15:00,16101.1289,16134.085400000007,16090.079499999998,16104.055199999995,22675466,53433093534.52609,SZ399001
2026-06-22 10:20:00,16106.369800000002,16106.369800000008,16038.537099999998,16101.61689999999,20964935,51225277813.43211,SZ399001
2026-06-22 10:25:00,16100.948300000002,16120.601700000012,16097.763000000004,16099.4793,16867162,41806236432.05713,SZ399001
2026-06-22 10:30:00,16097.8604,16097.860400000012,15990.521500000008,15990.52150000001,17759849,50023146306.64415,SZ399001
2026-06-22 10:35:00,15987.5179,16039.18420000001,15977.385400000006,15990.187100000005,18030552,49247347939.69418,SZ399001
2026-06-22 10:40:00,15992.520799999998,16072.793800000003,15992.520800000006,16061.380300000004,12744684,32984807754.329193,SZ399001
2026-06-22 10:45:00,16059.5809,16068.088700000006,16026.928900000004,16051.64040000001,12677593,31260927101.787197,SZ399001
2026-06-22 10:50:00,16049.1807,16049.180700000006,15954.0747,15954.074700000006,16330383,42478990311.298195,SZ399001
2026-06-22 10:55:00,15953.1734,15986.115500000013,15920.4578,15923.820500000009,15365761,41756516049.59319,SZ399001
2026-06-22 11:00:00,15925.1198,15984.278000000011,15922.4117,15975.494400000003,12947184,31257696494.042187,SZ399001
2026-06-22 11:05:00,15976.0548,16002.445100000015,15976.054799999998,15994.520400000005,10679502,25824959017.711174,SZ399001
2026-06-22 11:10:00,15995.6872,16025.842100000014,15914.051600000004,15914.40840000001,11449463,28253188762.58117,SZ399001
2026-06-22 11:15:00,15915.8522,15976.842200000014,15915.852200000005,15970.755200000009,9799454,23105314216.17216,SZ399001
2026-06-22 11:20:00,15969.0186,16003.754700000018,15965.898100000004,15982.893000000002,9715753,22651479721.391167,SZ399001
2026-06-22 11:25:00,15980.3888,16020.253000000015,15958.01570000001,16020.252999999995,8088813,20505652703.20816,SZ399001
2026-06-22 11:30:00,16022.3643,16077.484300000018,16022.364300000008,16077.195499999998,10454816,24216390606.25116,SZ399001
2026-06-22 13:05:00,16083.817500000005,16112.065600000018,16074.32520000001,16083.424000000005,17645353,41253661486.20416,SZ399001
2026-06-22 13:10:00,16082.555800000002,16120.438400000015,16082.555800000013,16102.888100000004,11220005,27213940253.638145,SZ399001
2026-06-22 13:15:00,16104.028600000003,16153.040900000016,16090.86630000001,16153.028200000004,13081035,27743633490.835144,SZ399001
2026-06-22 13:20:00,16151.407900000004,16173.915200000018,16144.786200000011,16167.637900000009,12559580,27873484902.612137,SZ399001
2026-06-22 13:25:00,16165.522300000002,16186.615200000011,16140.903700000015,16167.246000000012,11236435,26291032801.850124,SZ399001
2026-06-22 13:30:00,16165.911000000004,16185.653700000012,16131.12440000002,16155.068800000012,14319403,30281514035.05612,SZ399001
2026-06-22 13:35:00,16153.940900000003,16153.940900000012,16106.245500000015,16128.102200000018,11366621,23843320070.098106,SZ399001
2026-06-22 13:40:00,16128.377600000003,16161.509700000011,16128.377600000018,16160.404900000012,8661532,19191725968.171104,SZ399001
2026-06-22 13:45:00,16160.370900000004,16162.202900000011,16139.671300000016,16140.765300000008,8059613,18934515915.7001,SZ399001
2026-06-22 13:50:00,16142.222100000006,16195.132600000015,16141.846700000016,16194.12260000001,9017438,21599383885.971096,SZ399001
2026-06-22 13:55:00,16193.704500000007,16223.92860000002,16193.704500000014,16214.314300000013,12071307,24445429792.240097,SZ399001
2026-06-22 14:00:00,16214.526500000004,16220.121800000015,16203.43650000002,16210.222900000008,9978620,20819918451.20009,SZ399001
2026-06-22 14:05:00,16211.773500000005,16277.518000000013,16211.77350000002,16275.812000000007,13064638,25944969517.53609,SZ399001
2026-06-22 14:10:00,16273.675100000002,16304.110100000013,16264.20110000002,16304.110100000004,12198528,25348613424.514088,SZ399001
2026-06-22 14:15:00,16305.154600000003,16314.530000000012,16277.327900000017,16314.489500000003,12056258,24775388018.887096,SZ399001
2026-06-22 14:20:00,16310.232900000006,16324.272800000012,16299.49540000002,16306.697800000004,10315307,22523496379.471096,SZ399001
2026-06-22 14:25:00,16306.209900000003,16319.699300000017,16292.88090000002,16319.683900000007,8995375,21276850259.614105,SZ399001
2026-06-22 14:30:00,16320.155600000006,16321.262700000012,16308.91460000002,16321.262700000008,9793023,22446406416.149094,SZ399001
2026-06-22 14:35:00,16321.903300000004,16339.676000000012,16321.903300000018,16336.635200000004,11524500,26514093426.773094,SZ399001
2026-06-22 14:40:00,16335.915000000005,16345.83560000001,16330.942100000011,16344.467200000005,12901162,28355623566.37709,SZ399001
2026-06-22 14:45:00,16344.384500000004,16362.248600000006,16342.851500000012,16353.244000000004,14384639,33056436954.243088,SZ399001
2026-06-22 14:50:00,16351.540400000004,16358.964500000007,16344.823500000017,16358.96449999999,15801201,35228016196.309105,SZ399001
2026-06-22 14:55:00,16358.389100000006,16369.03980000001,16356.263200000014,16368.430399999985,20619943,44418341424.83711,SZ399001
2026-06-22 15:00:00,16368.353100000006,16374.019900000008,16366.226200000012,16372.498699999978,19577838,42002235087.49712,SZ399001
2026-06-23 09:35:00,16324.2424,16355.951699999996,16272.7508,16342.9871,102398146,218803869504.55704,SZ399001
2026-06-23 09:40:00,16340.175000000005,16341.031299999995,16235.474400000006,16247.846899999991,56038882,124948066345.37302,SZ399001
2026-06-23 09:45:00,16252.551500000003,16289.062499999993,16185.90060000001,16187.47109999999,46391614,99169368426.93407,SZ399001
2026-06-23 09:50:00,16183.284300000005,16183.284299999992,16069.285900000008,16076.899999999996,47967632,109313332974.42409,SZ399001
2026-06-23 09:55:00,16076.193700000009,16160.558099999998,16049.607400000008,16160.558100000006,33748133,77516986281.0191,SZ399001
2026-06-23 10:00:00,16159.639200000009,16160.005600000002,16115.687200000011,16126.831800000004,24728282,54814087556.87013,SZ399001
2026-06-23 10:05:00,16124.57200000001,16196.10090000001,16120.95040000001,16183.802200000004,25765089,56161314610.50513,SZ399001
2026-06-23 10:10:00,16180.371300000008,16180.37130000001,16103.458900000009,16138.990400000002,22570046,49646664912.74814,SZ399001
2026-06-23 10:15:00,16140.034500000009,16163.812400000006,16117.47440000001,16149.9214,18821401,41224626308.76312,SZ399001
2026-06-23 10:20:00,16149.47640000001,16177.502200000008,16133.892500000013,16177.502199999995,17587197,39670408689.11712,SZ399001
2026-06-23 10:25:00,16177.859200000012,16229.148800000004,16177.475000000011,16229.148799999995,15901955,38436802396.410126,SZ399001
2026-06-23 10:30:00,16229.323300000013,16257.05600000001,16227.190300000011,16245.5968,13935626,34393573754.80712,SZ399001
2026-06-23 10:35:00,16246.86790000001,16269.336000000008,16234.774400000017,16234.774400000008,13352532,32873253719.78411,SZ399001
2026-06-23 10:40:00,16230.86450000001,16249.88460000001,16205.341800000017,16225.54440000001,11651977,29885631968.048107,SZ399001
2026-06-23 10:45:00,16223.19970000001,16225.84270000001,16178.170800000022,16208.557000000015,11164341,28394631155.667107,SZ399001
2026-06-23 10:50:00,16208.820500000009,16216.365500000013,16188.620700000023,16188.620700000023,10707282,26456091778.422096,SZ399001
2026-06-23 10:55:00,16186.45880000001,16208.048800000011,16160.88980000003,16207.564600000032,12059584,27129061750.6791,SZ399001
2026-06-23 11:00:00,16204.33120000001,16226.133100000014,16154.52110000003,16162.396900000034,9739180,23477019408.140102,SZ399001
2026-06-23 11:05:00,16164.00990000001,16168.629800000012,16113.278400000034,16143.965100000038,10621911,25344296373.584106,SZ399001
2026-06-23 11:10:00,16142.42880000001,16142.428800000009,16099.390699999998,16103.601899999998,9179839,21922785243.093025,SZ399001
2026-06-23 11:15:00,16103.1838,16109.4504,16071.8805,16071.8805,8499274,21395004787.395996,SZ399001
2026-06-23 11:20:00,16070.2011,16094.321399999995,16030.2949,16030.294899999995,10159845,27288519413.263012,SZ399001
2026-06-23 11:25:00,16031.0985,16050.4855,16026.006,16028.721200000002,8596437,21907922430.198013,SZ399001
2026-06-23 11:30:00,16026.7994,16074.994400000003,16014.0619,16072.105500000003,8281025,19803873227.137012,SZ399001
2026-06-23 13:05:00,16070.946800000002,16070.946800000003,15996.723800000003,16008.781900000004,14295958,35292387155.93201,SZ399001
2026-06-23 13:10:00,16008.0521,16034.757000000003,15980.430300000004,15985.926,10349471,23843101596.705,SZ399001
2026-06-23 13:15:00,15986.621400000002,15999.811800000009,15967.698300000004,15997.6851,8707398,21767486321.707996,SZ399001
2026-06-23 13:20:00,15996.9309,16000.997900000006,15952.173,15952.446300000009,9200015,21223929940.458996,SZ399001
2026-06-23 13:25:00,15951.8796,16008.503600000004,15951.2032,15999.820400000004,7991605,19507876373.05599,SZ399001
2026-06-23 13:30:00,15994.3103,15994.310300000005,15951.726600000004,15955.022100000002,7604140,18216235610.769985,SZ399001
2026-06-23 13:35:00,15955.324100000002,16000.417800000008,15952.819000000003,15999.827300000004,8026062,18589962978.293987,SZ399001
2026-06-23 13:40:00,15999.9644,16001.519500000006,15954.313999999997,15978.426499999998,8632707,20116165417.868988,SZ399001
2026-06-23 13:45:00,15978.4335,16009.578700000004,15978.433499999996,16009.578699999998,7102386,17223632179.496994,SZ399001
2026-06-23 13:50:00,16009.7007,16024.924700000003,15983.420399999995,15993.2633,7337679,17483296933.179,SZ399001
2026-06-23 13:55:00,15992.793,15999.100400000005,15961.83499999999,15961.834999999994,4724870,10547399551.615002,SZ399001
2026-06-23 14:00:00,15935.9316,15940.2011,15916.6673,15916.6673,8878804,20186104516.232002,SZ399001
2026-06-23 14:05:00,15915.9062,15925.5916,15897.205299999998,15897.205299999996,9456253,21035870924.075005,SZ399001
2026-06-23 14:10:00,15896.9326,15896.9326,15843.120799999995,15858.685499999998,10862035,26550723180.657997,SZ399001
2026-06-23 14:15:00,15858.7615,15889.039799999997,15848.250899999995,15889.0398,9111104,20718306506.15999,SZ399001
2026-06-23 14:20:00,15888.940099999996,15888.940099999996,15820.337899999991,15820.337899999997,10126299,22941851528.95099,SZ399001
2026-06-23 14:25:00,15819.632199999996,15841.537199999992,15809.764099999988,15810.54769999999,11094311,24332706903.866993,SZ399001
2026-06-23 14:30:00,15811.210499999996,15811.210499999992,15756.410999999993,15757.486999999996,14087000,33358174409.31099,SZ399001
2026-06-23 14:35:00,15759.359799999997,15825.608199999991,15759.359799999993,15801.5547,15008856,32231779591.59199,SZ399001
2026-06-23 14:40:00,15800.518399999995,15824.39019999999,15779.66829999999,15797.1979,11193078,25149785432.826996,SZ399001
2026-06-23 14:45:00,15797.409299999998,15803.329599999994,15764.667299999988,15801.303500000004,12751637,28917107717.289,SZ399001
2026-06-23 14:50:00,15800.775,15822.830599999994,15798.25049999999,15816.625200000006,13924008,31517831507.049,SZ399001
2026-06-23 14:55:00,15818.788599999998,15876.07679999999,15818.78859999999,15870.523500000005,17332415,39344762317.68601,SZ399001
2026-06-23 15:00:00,15870.757399999997,15870.85179999999,15854.1963,15854.1963,16507468,36721362762.86401,SZ399001
2026-06-24 09:35:00,15782.3995,15853.919299999998,15782.3995,15851.051799999996,79028708,170700843439.88596,SZ399001
2026-06-24 09:40:00,15850.7566,15852.778099999998,15815.669700000002,15848.296999999997,48182486,99038055458.54291,SZ399001
2026-06-24 09:45:00,15853.8429,15864.284299999998,15730.163300000004,15750.332299999993,45279304,91412737454.3339,SZ399001
2026-06-24 09:50:00,15755.859700000005,15805.082699999995,15737.315200000005,15794.910199999988,36538987,70605491656.72289,SZ399001
2026-06-24 09:55:00,15794.908900000002,15869.796499999991,15790.634300000003,15869.796499999986,28069966,58764257726.92186,SZ399001
2026-06-24 10:00:00,15872.219700000003,15941.81689999999,15872.219700000009,15924.23069999998,21898731,52295621954.437836,SZ399001
2026-06-24 10:05:00,15923.737100000006,15937.72109999999,15887.122300000006,15887.122299999988,24623773,53702407360.82681,SZ399001
2026-06-24 10:10:00,15886.443100000008,15910.298599999996,15883.305200000004,15886.119399999992,21924194,44806644525.802795,SZ399001
2026-06-24 10:15:00,15886.588400000006,15896.061699999997,15845.254100000006,15893.484099999992,18497144,40073308267.94581,SZ399001
2026-06-24 10:20:00,15892.995900000004,15906.823999999991,15872.1408,15899.27119999999,16533715,37457759591.116806,SZ399001
2026-06-24 10:25:00,15900.779800000006,15916.018099999992,15883.7108,15901.363,15573663,35854370513.8878,SZ399001
2026-06-24 10:30:00,15901.976300000008,15943.663699999988,15901.9763,15937.208099999994,15979952,35020596837.869804,SZ399001
2026-06-24 10:35:00,15934.782800000008,15936.374499999987,15891.531800000006,15902.677099999994,17329265,34897403549.6568,SZ399001
2026-06-24 10:40:00,15903.972000000009,15918.350199999988,15885.161100000005,15899.683599999997,14321577,33418756495.05478,SZ399001
2026-06-24 10:45:00,15900.468000000008,15925.816699999985,15858.682000000006,15858.681999999992,14226438,35972367212.440765,SZ399001
2026-06-24 10:50:00,15856.73220000001,15859.583499999986,15795.542800000014,15795.5428,15465267,35679208795.23076,SZ399001
2026-06-24 10:55:00,15791.55630000001,15817.787199999986,15773.83290000001,15773.832899999996,12609772,30285871952.363758,SZ399001
2026-06-24 11:00:00,15773.867100000009,15793.162299999984,15755.364100000012,15786.832000000008,12034081,30060808920.54576,SZ399001
2026-06-24 11:05:00,15788.643600000009,15828.561399999982,15756.473900000008,15760.3338,12142669,26792418109.01476,SZ399001
2026-06-24 11:10:00,15760.259900000006,15810.475099999983,15749.091800000007,15809.363999999996,9333855,21404431353.22775,SZ399001
2026-06-24 11:15:00,15809.768300000009,15816.488799999986,15787.264100000006,15788.068799999994,8428188,18473509870.24774,SZ399001
2026-06-24 11:20:00,15788.549800000008,15807.633099999988,15777.900100000006,15790.677699999997,8042349,17549707976.82274,SZ399001
2026-06-24 11:25:00,15793.82530000001,15842.896799999986,15793.825300000006,15830.536599999989,7831587,17642237619.56174,SZ399001
2026-06-24 11:30:00,15829.558000000006,15906.614299999985,15829.558000000006,15906.566399999989,8494190,20940841277.88274,SZ399001
2026-06-24 13:05:00,15918.140400000004,15940.824099999982,15909.444100000002,15915.916699999989,17976229,48442313245.48877,SZ399001
2026-06-24 13:10:00,15915.092300000006,15945.795999999986,15914.987000000005,15945.795999999998,11805357,30214800999.58678,SZ399001
2026-06-24 13:15:00,15943.515100000006,15965.899599999984,15937.169400000008,15949.264,11617845,29220412888.17478,SZ399001
2026-06-24 13:20:00,15950.968500000006,16016.210599999982,15950.841200000008,16015.672800000004,12919274,30759607743.29478,SZ399001
2026-06-24 13:25:00,16014.173700000008,16045.180799999984,16014.173700000008,16042.250600000008,12458196,31674922163.52777,SZ399001
2026-06-24 13:30:00,16043.736700000003,16068.406699999983,16041.856300000009,16057.273200000009,10694665,30100922176.54078,SZ399001
2026-06-24 13:35:00,16057.198100000003,16058.883899999984,16025.2205,16049.263700000003,11485247,27866889208.692787,SZ399001
2026-06-24 13:40:00,16049.287200000006,16062.061799999983,16044.094600000002,16046.131199999998,9982725,26469272078.565804,SZ399001
2026-06-24 13:45:00,16044.314200000004,16049.842499999984,16022.7788,16037.644699999995,10567983,25045934529.95181,SZ399001
2026-06-24 13:50:00,16037.882800000005,16058.792399999982,16008.8368,16008.836799999995,10177967,25481628910.23182,SZ399001
2026-06-24 13:55:00,16009.639900000006,16030.798899999982,15984.873300000005,16020.8358,9138205,22518773837.17782,SZ399001
2026-06-24 14:00:00,16020.745700000003,16021.89129999998,16000.127000000002,16000.127,7787660,18553898041.812813,SZ399001
2026-06-24 14:05:00,16000.899000000005,16018.016999999983,15980.140900000004,16009.798500000004,9617988,21549217130.48182,SZ399001
2026-06-24 14:10:00,16010.753000000004,16044.476599999987,16010.753000000004,16021.186000000016,8918779,20096634569.373817,SZ399001
2026-06-24 14:15:00,16020.096900000006,16044.798699999992,16019.048900000013,16031.30540000002,8358704,18696304112.761818,SZ399001
2026-06-24 14:20:00,16031.610600000004,16048.78989999999,16031.539100000016,16038.426600000015,8447370,19654224795.236816,SZ399001
2026-06-24 14:25:00,16037.754100000006,16045.50499999999,16022.708800000006,16022.7656,8642988,20069304472.34381,SZ399001
2026-06-24 14:30:00,16023.675400000007,16045.034399999988,16023.675400000006,16037.690699999992,8873975,19446765332.382812,SZ399001
2026-06-24 14:35:00,16037.399700000007,16053.61559999999,16017.45190000001,16017.451899999996,12921570,26367766582.540813,SZ399001
2026-06-24 14:40:00,16017.059100000008,16032.52799999999,16011.246600000011,16022.686899999992,11509708,24732110651.928806,SZ399001
2026-06-24 14:45:00,16021.047000000008,16021.04699999999,16002.677500000016,16017.249199999998,12776355,27346630618.51082,SZ399001
2026-06-24 14:50:00,16017.429200000006,16025.634999999991,16012.118500000017,16023.2988,14757906,31051554382.02984,SZ399001
2026-06-24 14:55:00,16022.840300000007,16039.846399999991,16020.654400000018,16037.320699999987,18654538,40685871130.19384,SZ399001
2026-06-24 15:00:00,16037.161100000008,16056.700699999992,16037.026600000016,16051.319299999988,18276957,41239597838.62384,SZ399001
2026-06-25 09:35:00,16099.7627,16148.4234,16058.8501,16145.4623,99408342,226793287696.538,SZ399001
2026-06-25 09:40:00,16138.878899999998,16205.8743,16138.5493,16199.240000000002,53776260,126383119205.15993,SZ399001
2026-06-25 09:45:00,16198.232999999998,16259.707099999998,16197.237900000002,16247.729900000008,40519985,95800546905.89891,SZ399001
2026-06-25 09:50:00,16250.468899999996,16296.631499999996,16250.468900000002,16267.2161,37741493,84865301560.4259,SZ399001
2026-06-25 09:55:00,16267.984899999996,16274.280899999994,16173.3228,16173.322799999998,34708828,76083161336.77492,SZ399001
2026-06-25 10:00:00,16176.933799999995,16238.725999999991,16176.9338,16207.6184,28751143,66334923403.00192,SZ399001
2026-06-25 10:05:00,16210.825399999996,16246.61869999999,16203.320800000009,16224.618999999995,27589567,58486107395.69989,SZ399001
2026-06-25 10:10:00,16226.289999999995,16232.56169999999,16155.8139,16180.459199999998,25337274,57603967243.94888,SZ399001
2026-06-25 10:15:00,16181.583699999996,16193.41619999999,16147.109799999997,16180.307499999992,21182759,45709167475.52084,SZ399001
2026-06-25 10:20:00,16181.992999999997,16224.359699999995,16177.792799999992,16224.359699999994,18249943,40736393752.89786,SZ399001
2026-06-25 10:25:00,16224.857899999994,16227.480299999996,16141.394599999989,16143.969799999984,20211721,48718932676.033875,SZ399001
2026-06-25 10:30:00,16145.237499999992,16174.60189999999,16102.459999999988,16174.057899999983,17128312,42967797739.34286,SZ399001
2026-06-25 10:35:00,16177.189199999992,16177.18919999999,16146.832299999993,16148.711599999988,14566409,34903220633.46386,SZ399001
2026-06-25 10:40:00,16149.225299999993,16160.318199999992,16125.636999999992,16153.700399999989,17479703,39440235000.886856,SZ399001
2026-06-25 10:45:00,16153.122999999992,16153.12299999999,16078.370699999994,16112.198299999987,17751587,44592300452.3569,SZ399001
2026-06-25 10:50:00,16110.516299999994,16151.68609999999,16102.553599999994,16138.383999999982,11994776,31686558879.194912,SZ399001
2026-06-25 10:55:00,16131.897099999993,16138.295399999988,16102.609299999996,16138.29539999998,11627420,29516418373.990913,SZ399001
2026-06-25 11:00:00,16134.400899999991,16166.993099999983,16121.949399999996,16160.999699999977,11963013,28389037242.937912,SZ399001
2026-06-25 11:05:00,16160.961199999992,16199.89399999998,16152.561599999992,16165.086599999971,11967619,26894678824.801914,SZ399001
2026-06-25 11:10:00,16167.38689999999,16206.88179999998,16167.38689999999,16181.717399999978,10062061,23027013523.329933,SZ399001
2026-06-25 11:15:00,16181.598199999991,16203.148099999982,16169.016799999994,16192.26019999998,8949413,20605141311.093937,SZ399001
2026-06-25 11:20:00,16195.199699999994,16251.90419999998,16195.199699999994,16249.726799999982,8688571,21750874371.773933,SZ399001
2026-06-25 11:25:00,16249.891099999992,16292.902899999986,16245.478499999994,16284.029599999983,8593213,26318809681.850945,SZ399001
2026-06-25 11:30:00,16283.301099999991,16303.38759999999,16267.244499999995,16285.830799999994,9006493,25551238446.425945,SZ399001
2026-06-25 13:05:00,16298.236599999993,16327.664799999988,16285.508099999994,16285.508099999994,17819255,45460587285.29494,SZ399001
2026-06-25 13:10:00,16284.531699999992,16297.428099999986,16256.796499999988,16263.179899999985,10951026,29531083810.644943,SZ399001
2026-06-25 13:15:00,16263.409699999993,16263.409699999987,16228.576799999988,16228.576799999988,12878316,29136955973.325954,SZ399001
2026-06-25 13:20:00,16227.045899999992,16264.078899999984,16227.045899999988,16250.973399999986,12409352,27143438513.17095,SZ399001
2026-06-25 13:25:00,16251.57819999999,16254.677199999984,16229.782699999989,16231.850199999988,9346352,22961559607.819946,SZ399001
2026-06-25 13:30:00,16231.834099999993,16281.70849999999,16225.986499999988,16275.632299999988,8998793,25045069862.920944,SZ399001
2026-06-25 13:35:00,16276.177199999993,16303.754299999991,16271.846399999984,16273.303999999984,9407072,25595464021.43594,SZ399001
2026-06-25 13:40:00,16274.657099999991,16300.548499999988,16274.657099999984,16282.92319999998,8678424,24526553234.028927,SZ399001
2026-06-25 13:45:00,16282.36789999999,16301.763999999985,16274.948199999984,16281.796399999976,8688303,23664671914.56492,SZ399001
2026-06-25 13:50:00,16280.683799999992,16289.273999999985,16256.713599999985,16285.169599999985,9094637,23517094943.717915,SZ399001
2026-06-25 13:55:00,16283.692099999991,16311.27229999998,16281.799399999984,16282.059399999973,7963848,22678062338.396927,SZ399001
2026-06-25 14:00:00,16281.057399999994,16281.05739999998,16221.28509999998,16223.363499999972,10674948,26619236719.63294,SZ399001
2026-06-25 14:05:00,16224.193999999996,16263.517399999984,16224.19399999998,16263.517399999972,9291269,21053978573.83493,SZ399001
2026-06-25 14:10:00,16263.763899999996,16312.98809999998,16263.763899999982,16312.612399999962,9248727,20816292296.56593,SZ399001
2026-06-25 14:15:00,16313.338999999994,16324.063399999985,16311.778799999982,16323.898599999971,7962137,20850234044.620926,SZ399001
2026-06-25 14:20:00,16323.805299999996,16339.952199999983,16315.978999999985,16317.850899999974,8067177,21709108663.176918,SZ399001
2026-06-25 14:25:00,16317.350599999996,16331.436399999986,16308.553399999984,16308.553399999972,8750422,20561700963.517914,SZ399001
2026-06-25 14:30:00,16310.135599999996,16344.337299999985,16308.799299999984,16335.369999999972,8154422,21014549037.397907,SZ399001
2026-06-25 14:35:00,16334.531399999998,16340.780999999984,16320.540299999988,16326.507299999976,10164892,24234779060.76191,SZ399001
2026-06-25 14:40:00,16327.771099999996,16341.800099999982,16312.700699999985,16312.700699999978,11259988,26374736167.014893,SZ399001
2026-06-25 14:45:00,16312.512199999996,16326.989599999984,16303.483599999983,16322.242199999975,12525237,29748167967.33589,SZ399001
2026-06-25 14:50:00,16321.485599999998,16345.784899999982,16320.742199999984,16345.784899999975,14436295,33810213641.087902,SZ399001
2026-06-25 14:55:00,16347.2118,16359.455499999982,16347.211799999986,16358.073599999989,19020410,44699868884.97991,SZ399001
2026-06-25 15:00:00,16358.3924,16359.620299999982,16344.082899999989,16344.082899999989,17914562,41379826936.55789,SZ399001
2026-06-26 09:35:00,16211.4062,16211.4062,16154.4991,16154.4991,96270011,218838346823.86005,SZ399001
2026-06-26 09:40:00,16150.765399999998,16215.448600000002,16147.8427,16197.859399999998,52031250,114510175846.58504,SZ399001
2026-06-26 09:45:00,16198.998299999996,16211.627100000002,16158.744199999996,16207.1174,43899145,95770987661.535,SZ399001
2026-06-26 09:50:00,16205.7548,16205.7548,16061.4367,16062.942900000007,36794500,88852370132.30801,SZ399001
2026-06-26 09:55:00,16065.744599999998,16091.5198,16016.756699999998,16041.301900000002,32977622,82635031457.97304,SZ399001
2026-06-26 10:00:00,16043.6989,16093.2318,16030.443199999998,16093.231800000003,26678352,58601800572.70402,SZ399001
2026-06-26 10:05:00,16093.7525,16124.1833,16089.786199999997,16096.204300000009,26111598,57810204533.80302,SZ399001
2026-06-26 10:10:00,16099.537,16113.6373,16064.925299999995,16085.56330000001,21835134,48878952845.848,SZ399001
2026-06-26 10:15:00,16085.076900000002,16085.974599999996,16042.811999999994,16067.173200000005,22951286,45549570941.969986,SZ399001
2026-06-26 10:20:00,16070.072300000002,16082.934699999998,16049.792399999991,16050.265000000005,21027148,42095770938.006966,SZ399001
2026-06-26 10:25:00,16050.3784,16065.1251,16039.11249999999,16054.710699999998,20987997,41848349916.30896,SZ399001
2026-06-26 10:30:00,16053.3761,16053.3761,15965.67439999999,15965.674400000002,16999024,41157962486.44194,SZ399001
2026-06-26 10:35:00,15965.214800000002,15973.782699999998,15930.943199999992,15944.799300000006,15580081,41100839045.14393,SZ399001
2026-06-26 10:40:00,15948.7786,15964.6853,15922.32429999999,15951.02030000001,14119081,33678478784.995934,SZ399001
2026-06-26 10:45:00,15949.4031,15951.826299999995,15921.357099999988,15949.388999999992,12036390,27643172636.832928,SZ399001
2026-06-26 10:50:00,15945.449900000003,15945.967499999995,15872.256799999986,15872.256799999994,13389856,31163266603.310936,SZ399001
2026-06-26 10:55:00,15871.4397,15871.439699999995,15812.360499999988,15812.360500000004,16176965,39897622838.55894,SZ399001
2026-06-26 11:00:00,15810.9312,15822.447899999996,15728.839099999992,15813.344300000006,20502228,52678292476.94397,SZ399001
2026-06-26 11:05:00,15812.0647,15855.8287,15802.685099999995,15828.301200000007,14504019,34768613467.794975,SZ399001
2026-06-26 11:10:00,15827.0243,15855.45739999999,15804.671299999996,15830.052900000004,12551425,29178345134.43698,SZ399001
2026-06-26 11:15:00,15828.9769,15836.109899999992,15764.578599999992,15793.975000000006,13854259,31468345202.322987,SZ399001
2026-06-26 11:20:00,15794.025699999998,15857.18209999999,15783.779199999994,15853.381500000003,9599903,22850944784.896984,SZ399001
2026-06-26 11:25:00,15853.9407,15859.18429999999,15757.968599999997,15757.968600000006,10519115,23922520422.682987,SZ399001
2026-06-26 11:30:00,15756.4973,15853.123799999992,15752.092599999996,15846.980900000004,8191484,19615966617.38699,SZ399001
2026-06-26 13:05:00,15853.2792,15860.258499999993,15786.8822,15847.87720000001,14987866,35244466479.784996,SZ399001
2026-06-26 13:10:00,15848.275,15848.275,15800.2258,15830.761200000004,10040601,23455881786.38601,SZ399001
2026-06-26 13:15:00,15832.155200000005,15875.9113,15832.1552,15874.674199999992,9478014,22986702137.487015,SZ399001
2026-06-26 13:20:00,15874.523500000005,15911.1338,15869.078399999997,15893.157599999991,10200428,24634901895.83201,SZ399001
2026-06-26 13:25:00,15894.270100000003,15951.621,15894.270099999996,15916.378999999995,8378708,23186750369.604008,SZ399001
2026-06-26 13:30:00,15912.7902,15942.86,15873.006299999995,15875.820299999998,9764103,24746721031.488014,SZ399001
2026-06-26 13:35:00,15877.6624,15932.3438,15875.864999999996,15929.7013,9345067,21412905975.28301,SZ399001
2026-06-26 13:40:00,15928.6974,15954.0729,15912.4626,15935.014900000004,8879963,22151661726.604004,SZ399001
2026-06-26 13:45:00,15933.1638,15955.4215,15916.1161,15955.421500000006,8192771,20878546465.954,SZ399001
2026-06-26 13:50:00,15954.4413,15954.4413,15913.460600000002,15953.41560000001,7780915,20845450909.980007,SZ399001
2026-06-26 13:55:00,15954.4088,15992.0338,15954.4088,15990.666200000016,8485308,21905913245.990005,SZ399001
2026-06-26 14:00:00,15992.1899,16003.5493,15955.5135,15955.513500000015,7704113,20187517381.716007,SZ399001
2026-06-26 14:05:00,15950.5475,15950.5475,15912.746200000003,15922.291400000016,8982966,21326786258.142006,SZ399001
2026-06-26 14:10:00,15920.431799999998,15920.431799999997,15854.4677,15862.352000000014,10798350,22824628836.533997,SZ399001
2026-06-26 14:15:00,15863.3785,15865.258000000002,15818.7406,15821.336900000017,9598071,21150110188.96099,SZ399001
2026-06-26 14:20:00,15825.4795,15841.6025,15817.6048,15825.671500000017,8870226,20679977054.810993,SZ399001
2026-06-26 14:25:00,15824.709400000002,15858.776699999997,15824.120600000002,15841.757500000016,8437181,19088488634.735996,SZ399001
2026-06-26 14:30:00,15843.530200000005,15865.014199999998,15831.3324,15835.31800000001,8171179,19190426974.076992,SZ399001
2026-06-26 14:35:00,15835.574600000004,15838.703599999995,15801.9602,15801.9602,11576723,25801789989.98699,SZ399001
2026-06-26 14:40:00,15800.198900000005,15877.16549999999,15798.9266,15871.723999999998,11708345,25453272066.37199,SZ399001
2026-06-26 14:45:00,15870.937600000005,15877.64579999999,15838.892999999998,15864.37020000001,11377220,26884850350.09498,SZ399001
2026-06-26 14:50:00,15864.723100000008,15864.723099999992,15844.548000000004,15845.652700000004,13763676,32765180119.857964,SZ399001
2026-06-26 14:55:00,15845.999100000005,15850.492499999991,15785.986200000005,15786.55210000001,20951646,46697332213.44997,SZ399001
2026-06-26 15:00:00,15785.071100000005,15789.109099999992,15781.264400000002,15782.2229,19973342,43198564008.112976,SZ399001
2026-06-29 09:35:00,15781.7861,15795.580500000002,15738.0268,15791.343600000006,93611011,211069101233.02203,SZ399001
2026-06-29 09:40:00,15794.4932,15865.514200000009,15794.4932,15852.754200000018,49877817,110983973231.22903,SZ399001
2026-06-29 09:45:00,15852.7591,15938.231800000014,15852.7591,15919.948800000013,39083453,86937014216.412,SZ399001
2026-06-29 09:50:00,15922.1191,15929.971500000014,15840.083899999996,15840.08390000001,41379479,81764088468.76399,SZ399001
2026-06-29 09:55:00,15838.1181,15843.444300000012,15760.153299999994,15789.475700000008,37146402,77051245710.924,SZ399001
2026-06-29 10:00:00,15790.488299999995,15790.488300000012,15727.572599999989,15758.448300000004,33216427,73717068677.532,SZ399001
2026-06-29 10:05:00,15760.677799999998,15811.589500000006,15711.540799999984,15716.030200000005,34587453,74516482824.01997,SZ399001
2026-06-29 10:10:00,15712.0519,15764.880000000008,15624.752099999983,15626.052800000009,28555242,68593290959.82599,SZ399001
2026-06-29 10:15:00,15624.502799999997,15650.982100000008,15537.311299999985,15540.4009,27273660,73455717284.75197,SZ399001
2026-06-29 10:20:00,15538.7417,15628.262500000006,15531.102099999982,15548.8069,25651200,64822942249.683975,SZ399001
2026-06-29 10:25:00,15547.6516,15655.364700000016,15541.321899999984,15655.364700000016,22658311,51110214581.60698,SZ399001
2026-06-29 10:30:00,15656.8582,15703.975200000015,15656.858199999982,15697.841000000017,18444013,43450815290.60999,SZ399001
2026-06-29 10:35:00,15697.5477,15698.582000000017,15528.955699999982,15528.955700000017,18314205,45116238174.78602,SZ399001
2026-06-29 10:40:00,15527.4276,15560.395300000017,15489.194599999984,15560.395300000013,17214481,46666114814.70004,SZ399001
2026-06-29 10:45:00,15559.092999999995,15595.558700000012,15527.156199999985,15595.55870000001,12187752,31943413342.878075,SZ399001
2026-06-29 10:50:00,15598.921799999998,15627.039200000014,15585.71259999998,15618.5311,11070348,28019557437.093086,SZ399001
2026-06-29 10:55:00,15623.924199999998,15645.18460000001,15600.327099999977,15624.336399999997,9964683,23678442132.797085,SZ399001
2026-06-29 11:00:00,15622.147399999996,15668.320500000002,15618.870399999976,15639.266299999996,9345735,21402054457.98608,SZ399001
2026-06-29 11:05:00,15640.900599999995,15677.662,15629.061299999976,15633.672299999993,9708199,22323970328.467087,SZ399001
2026-06-29 11:10:00,15634.647699999996,15696.269899999994,15634.647699999974,15695.970099999988,7791467,19269036173.49809,SZ399001
2026-06-29 11:15:00,15691.756699999994,15691.756699999994,15608.58879999997,15676.229599999995,8243160,19660077487.14509,SZ399001
2026-06-29 11:20:00,15674.956599999992,15690.004799999992,15656.47529999997,15668.210399999998,6288049,15371496898.067085,SZ399001
2026-06-29 11:25:00,15669.119999999992,15671.147399999994,15593.444699999973,15600.6265,6828326,15816745548.220087,SZ399001
2026-06-29 11:30:00,15601.163199999992,15602.138899999993,15563.998499999972,15591.3682,6928906,16127998306.58109,SZ399001
2026-06-29 13:05:00,15597.513199999992,15597.513199999989,15544.53189999997,15544.5319,14361691,29170147507.050102,SZ399001
2026-06-29 13:10:00,15543.773999999992,15544.353699999989,15516.390499999969,15519.457500000004,8886188,19631243002.395103,SZ399001
2026-06-29 13:15:00,15517.45249999999,15518.528299999993,15487.924399999967,15508.954000000003,8975243,19541268375.789097,SZ399001
2026-06-29 13:20:00,15508.878299999991,15550.341599999989,15502.132399999968,15525.311800000009,8221273,17628632314.824097,SZ399001
2026-06-29 13:25:00,15526.86969999999,15587.064199999992,15526.86969999997,15586.530000000002,8012008,16832030969.6711,SZ399001
2026-06-29 13:30:00,15587.143899999992,15625.586499999994,15586.461899999971,15621.760000000011,7835834,17871435219.3831,SZ399001
2026-06-29 13:35:00,15621.615899999992,15648.066799999988,15598.661899999976,15648.066800000008,10767159,20985006953.961094,SZ399001
2026-06-29 13:40:00,15648.559799999994,15666.620599999987,15619.248299999974,15654.209800000004,8874336,20246704731.8341,SZ399001
2026-06-29 13:45:00,15655.881499999994,15710.743999999992,15655.881499999974,15710.744000000012,8717326,21285068783.125107,SZ399001
2026-06-29 13:50:00,15711.469799999995,15711.868999999992,15685.93199999998,15695.860600000016,7628029,18781292800.6681,SZ399001
2026-06-29 13:55:00,15695.907599999997,15788.946999999993,15693.30539999998,15788.94700000002,8719011,22198200075.95109,SZ399001
2026-06-29 14:00:00,15786.721199999996,15815.966699999994,15770.889499999972,15771.37250000002,8524561,23133800394.542084,SZ399001
2026-06-29 14:05:00,15772.056099999996,15804.917999999992,15746.059699999973,15746.059700000022,8817854,20859317066.31309,SZ399001
2026-06-29 14:10:00,15745.321999999996,15745.321999999993,15697.95689999997,15725.88790000002,7752835,18077009495.9601,SZ399001
2026-06-29 14:15:00,15727.050599999997,15734.985799999988,15694.308599999971,15702.456100000029,6881278,16624243034.799095,SZ399001
2026-06-29 14:20:00,15706.622999999998,15744.57769999999,15706.62299999997,15725.29030000003,7224063,16933064094.651102,SZ399001
2026-06-29 14:25:00,15725.5233,15738.946699999988,15700.525799999974,15700.525800000034,6857833,16302952910.59311,SZ399001
2026-06-29 14:30:00,15700.0531,15714.314999999986,15690.161299999972,15714.315000000042,7902569,17517377818.25712,SZ399001
2026-06-29 14:35:00,15715.147999999996,15769.147899999987,15715.147999999972,15746.979400000042,9401230,20341652443.73812,SZ399001
2026-06-29 14:40:00,15746.923899999998,15786.646899999989,15746.923899999972,15785.17420000004,9246176,23062127380.866123,SZ399001
2026-06-29 14:45:00,15785.5228,15786.45409999999,15753.675899999973,15762.846300000034,11035350,26422141235.446125,SZ399001
2026-06-29 14:50:00,15763.955500000002,15802.564299999993,15763.955499999973,15799.841600000038,13192077,30305570712.209126,SZ399001
2026-06-29 14:55:00,15800.046500000002,15822.90469999999,15798.996499999976,15821.94490000004,17846291,38469496282.17814,SZ399001
2026-06-29 15:00:00,15820.176700000002,15820.374799999992,15812.870699999976,15812.870700000038,17407865,36446515940.76115,SZ399001
2026-06-30 09:35:00,15811.6684,15882.578799999996,15809.651,15854.5429,88912312,193600786439.518,SZ399001
2026-06-30 09:40:00,15850.6533,15919.200999999992,15846.357499999998,15900.892899999992,51388850,111015169264.92105,SZ399001
2026-06-30 09:45:00,15900.1137,15930.557099999987,15818.5594,15930.557099999996,43917296,92551125934.19502,SZ399001
2026-06-30 09:50:00,15932.4575,15963.29249999999,15919.155299999997,15929.113899999997,33627316,76268419829.23402,SZ399001
2026-06-30 09:55:00,15929.3119,15974.59469999999,15929.311899999995,15956.694799999988,26418139,61605348487.12207,SZ399001
2026-06-30 10:00:00,15956.1224,15978.683799999986,15947.6561,15978.683799999988,23555538,54454726481.75306,SZ399001
2026-06-30 10:05:00,15978.9154,15983.823699999984,15957.389399999996,15970.473199999986,22681471,50052297394.37509,SZ399001
2026-06-30 10:10:00,15973.2318,16000.066699999985,15973.231799999996,15996.160699999984,18545677,42081452027.73312,SZ399001
2026-06-30 10:15:00,15997.512,16012.155899999982,15961.504399999996,15989.906899999987,15349059,37173884505.15314,SZ399001
2026-06-30 10:20:00,15991.324399999998,15998.007899999982,15949.106599999996,15972.301999999992,13799714,35236535030.69914,SZ399001
2026-06-30 10:25:00,15970.142899999995,15995.196999999986,15965.552699999997,15984.989799999988,14838921,36172839231.59814,SZ399001
2026-06-30 10:30:00,15983.860499999995,16033.850999999986,15968.236899999996,16029.48109999999,12954019,31706818442.870144,SZ399001
2026-06-30 10:35:00,16027.214399999992,16054.855099999986,16016.697399999995,16051.356099999992,15470894,34649241959.33314,SZ399001
2026-06-30 10:40:00,16051.855899999991,16065.244799999986,16041.580999999996,16057.172599999993,13098465,30508772341.864136,SZ399001
2026-06-30 10:45:00,16057.190399999992,16085.262899999989,16057.190399999994,16084.30709999999,10307679,26761381320.08614,SZ399001
2026-06-30 10:50:00,16081.066799999991,16099.79429999999,16064.73489999999,16096.417199999994,9996767,25827306114.46813,SZ399001
2026-06-30 10:55:00,16096.828299999992,16106.242399999988,16096.275799999994,16100.811299999985,10067703,24773588822.569122,SZ399001
2026-06-30 11:00:00,16100.206399999994,16104.28249999999,16051.418399999997,16051.418399999986,9141102,22611793126.807125,SZ399001
2026-06-30 11:05:00,16051.104799999994,16085.134199999991,16051.104799999996,16066.76179999999,8677898,21559799637.88613,SZ399001
2026-06-30 11:10:00,16066.071899999995,16097.030899999994,16064.6103,16096.202299999995,8387872,20543226991.890137,SZ399001
2026-06-30 11:15:00,16095.526799999996,16123.134399999988,16088.272900000004,16122.669999999987,7494899,20399978821.894146,SZ399001
2026-06-30 11:20:00,16122.583199999995,16163.244599999987,16117.870700000009,16162.253899999983,8383851,23099145360.299137,SZ399001
2026-06-30 11:25:00,16162.731599999996,16197.73729999999,16162.731600000008,16193.523399999987,8682760,25140727010.062138,SZ399001
2026-06-30 11:30:00,16192.764899999996,16208.974799999987,16186.428200000006,16202.902599999989,7962719,22456306067.903133,SZ399001
2026-06-30 13:05:00,16211.287499999997,16223.60279999999,16182.8769,16189.483899999994,17526683,48354005243.15114,SZ399001
2026-06-30 13:10:00,16188.480099999995,16196.634599999988,16159.591699999995,16163.575999999985,13298952,31181013246.864143,SZ399001
2026-06-30 13:15:00,16161.855899999997,16169.240299999989,16134.513399999998,16153.02939999999,10976012,27975271083.55314,SZ399001
2026-06-30 13:20:00,16152.864499999996,16170.965399999986,16140.291000000005,16140.290999999988,10033492,23955301021.278133,SZ399001
2026-06-30 13:25:00,16138.8482,16159.904799999988,16137.0838,16159.077199999982,9882578,22793890652.83613,SZ399001
2026-06-30 13:30:00,16158.922499999995,16160.33589999999,16136.2691,16150.149799999986,10154476,23688314860.698135,SZ399001
2026-06-30 13:35:00,16149.427299999998,16180.304999999988,16144.8484,16145.120599999991,9899713,23920861677.199135,SZ399001
2026-06-30 13:40:00,16144.588699999997,16149.724799999984,16114.858500000002,16115.687199999988,9497083,23873761942.54812,SZ399001
2026-06-30 13:45:00,16119.321099999996,16146.641899999986,16105.191700000005,16111.274299999995,11544985,26488591594.225113,SZ399001
2026-06-30 13:50:00,16112.365499999996,16154.862299999992,16112.365500000004,16153.773500000005,7632507,20544723556.203117,SZ399001
2026-06-30 13:55:00,16153.747299999995,16167.599999999997,16149.249700000002,16163.096000000009,7661835,19540898052.63212,SZ399001
2026-06-30 14:00:00,16163.677899999995,16165.447099999996,16144.666400000006,16156.154000000006,8261175,18977315002.064114,SZ399001
2026-06-30 14:05:00,16157.471499999994,16187.059399999996,16155.087400000004,16161.12680000001,8003350,19704136467.995106,SZ399001
2026-06-30 14:10:00,16160.327799999994,16173.652299999989,16160.327800000005,16171.366000000007,7205469,17920783259.380104,SZ399001
2026-06-30 14:15:00,16170.900599999995,16170.900599999988,16144.267200000004,16161.753000000012,7684073,19563000832.886105,SZ399001
2026-06-30 14:20:00,16159.512099999998,16162.510299999984,16144.704200000007,16157.009500000016,7989858,18432109533.666107,SZ399001
2026-06-30 14:25:00,16157.703699999998,16161.752899999983,16143.319100000004,16146.348900000012,8155660,19055824868.08511,SZ399001
2026-06-30 14:30:00,16145.237899999998,16163.441699999988,16139.356800000003,16162.900800000005,10156824,21598978478.911114,SZ399001
2026-06-30 14:35:00,16162.5493,16201.830499999998,16162.549300000002,16201.830500000024,11247089,25634870713.556114,SZ399001
2026-06-30 14:40:00,16203.4292,16204.022299999997,16174.402800000007,16184.143200000026,10598168,24881971347.024117,SZ399001
2026-06-30 14:45:00,16182.270999999995,16202.746099999991,16181.551800000008,16198.689400000028,12755580,28837554268.883133,SZ399001
2026-06-30 14:50:00,16198.893099999996,16213.4958,16192.894500000006,16213.495800000035,14347242,32213696180.107132,SZ399001
2026-06-30 14:55:00,16211.920799999994,16232.232599999996,16211.320700000004,16226.374200000037,18189176,41952942542.72114,SZ399001
2026-06-30 15:00:00,16225.457599999992,16226.086899999997,16205.556500000008,16205.556500000035,18786937,42091223228.60414,SZ399001
2026-07-01 09:35:00,16226.9742,16280.2805,16219.8578,16272.059899999991,92775651,208576221704.07104,SZ399001
2026-07-01 09:40:00,16270.1054,16280.663599999998,16218.851999999992,16218.851999999988,52972710,116065955991.867,SZ399001
2026-07-01 09:45:00,16219.1115,16303.343800000004,16190.296099999992,16298.528300000004,41631899,91873029809.95305,SZ399001
2026-07-01 09:50:00,16298.8062,16315.369400000009,16266.68449999999,16282.694300000005,33138624,76359455520.26906,SZ399001
2026-07-01 09:55:00,16282.9041,16311.670100000012,16253.644699999992,16272.7447,29966871,66238294536.05908,SZ399001
2026-07-01 10:00:00,16269.983299999998,16271.348500000013,16207.441499999995,16219.790100000017,28966722,64728671398.7221,SZ399001
2026-07-01 10:05:00,16219.701099999998,16292.762600000013,16217.911999999997,16251.06820000001,25235127,56289602787.59312,SZ399001
2026-07-01 10:10:00,16250.602199999998,16251.635300000007,16201.199199999988,16217.028700000004,23895796,54983223494.21511,SZ399001
2026-07-01 10:15:00,16214.269399999996,16252.594200000003,16180.077899999984,16182.6293,23667800,54356695450.974106,SZ399001
2026-07-01 10:20:00,16184.0128,16267.058300000008,16182.788399999985,16267.0583,24011262,53647035619.0631,SZ399001
2026-07-01 10:25:00,16268.6344,16286.429900000008,16256.707999999986,16275.530199999996,18161269,39833580220.624084,SZ399001
2026-07-01 10:30:00,16275.390600000002,16275.390600000012,16214.273399999987,16261.1578,17960997,41775847784.69008,SZ399001
2026-07-01 10:35:00,16260.443800000005,16260.62120000001,16222.674499999985,16228.823500000002,20522735,46579377394.55109,SZ399001
2026-07-01 10:40:00,16232.166900000004,16239.99600000001,16189.851599999987,16226.712299999996,21971697,50646742114.30209,SZ399001
2026-07-01 10:45:00,16226.206600000003,16240.246900000004,16183.38499999999,16240.246899999996,22397702,50186157378.8511,SZ399001
2026-07-01 10:50:00,16241.946900000004,16297.131500000003,16225.381599999988,16297.131499999992,16836967,35057535131.68709,SZ399001
2026-07-01 10:55:00,16298.137900000003,16332.480100000004,16287.433999999985,16292.292999999992,13261655,28082153586.981094,SZ399001
2026-07-01 11:00:00,16292.761300000006,16329.211400000004,16284.210899999982,16284.21089999999,11312260,25238565108.90208,SZ399001
2026-07-01 11:05:00,16284.809400000006,16314.851800000002,16280.000299999982,16284.992699999992,11630531,24339168639.88008,SZ399001
2026-07-01 11:10:00,16283.934300000004,16305.54020000001,16264.204499999983,16301.724600000003,11868946,24547697748.969078,SZ399001
2026-07-01 11:15:00,16300.269700000004,16300.26970000001,16269.166799999986,16284.706300000003,13538401,26521030239.97108,SZ399001
2026-07-01 11:20:00,16284.158300000005,16303.350600000009,16269.967199999986,16270.7291,11921085,25162365127.440086,SZ399001
2026-07-01 11:25:00,16268.993600000003,16268.993600000009,16210.127699999988,16244.065599999996,11625155,25958519746.5501,SZ399001
2026-07-01 11:30:00,16244.509400000004,16273.150000000009,16244.509399999988,16271.322299999998,8863740,20880183307.044113,SZ399001
2026-07-01 13:05:00,16275.315000000004,16279.173800000008,16233.229899999991,16233.229899999998,21061531,46106604104.53213,SZ399001
2026-07-01 13:10:00,16230.805400000005,16259.008000000013,16203.698799999996,16203.698800000016,13137562,31331596531.035137,SZ399001
2026-07-01 13:15:00,16202.181000000006,16217.813300000014,16163.54099999999,16163.541000000005,13446275,32626614874.223145,SZ399001
2026-07-01 13:20:00,16162.925300000006,16248.077800000008,16153.593199999988,16246.533,12816046,30541192276.999146,SZ399001
2026-07-01 13:25:00,16247.816600000006,16278.311200000007,16240.510299999987,16253.8291,10380043,24672543635.05215,SZ399001
2026-07-01 13:30:00,16252.476500000006,16252.476500000008,16192.370099999986,16192.665199999994,10695247,24995734716.14115,SZ399001
2026-07-01 13:35:00,16192.389300000008,16217.315400000009,16182.286799999987,16186.447199999997,9702328,23387374199.047153,SZ399001
2026-07-01 13:40:00,16185.832600000009,16196.275800000009,16161.35049999999,16169.364200000002,9501058,21772106901.01716,SZ399001
2026-07-01 13:45:00,16168.250700000008,16168.250700000008,16103.817999999992,16104.012500000008,10789282,26845326771.798164,SZ399001
2026-07-01 13:50:00,16104.555700000008,16130.509200000008,16096.438099999992,16096.438100000005,10594276,24377807393.725166,SZ399001
2026-07-01 13:55:00,16095.906900000007,16095.906900000007,16026.32389999999,16026.3239,14921688,33045792693.45716,SZ399001
2026-07-01 14:00:00,16026.29810000001,16100.760000000011,16017.564899999994,16098.875300000003,12190488,26382348195.333164,SZ399001
2026-07-01 14:05:00,16096.390200000007,16137.787900000014,16087.21709999999,16135.386000000004,10269441,22751605875.273163,SZ399001
2026-07-01 14:10:00,16131.38380000001,16157.963900000012,16125.827499999992,16125.827500000005,9063436,20285869712.787155,SZ399001
2026-07-01 14:15:00,16123.33320000001,16131.267100000015,16104.733499999988,16104.733499999998,8178431,19018178745.34815,SZ399001
2026-07-01 14:20:00,16105.55670000001,16106.157100000017,16056.202399999993,16056.3644,8039259,19404996231.62315,SZ399001
2026-07-01 14:25:00,16055.584900000007,16095.467400000018,16055.58489999999,16057.225499999997,8623899,19158816498.92315,SZ399001
2026-07-01 14:30:00,16057.551400000008,16057.551400000017,16036.384699999984,16049.296299999987,7819852,19630779657.169147,SZ399001
2026-07-01 14:35:00,16050.525200000007,16071.573200000012,16035.423199999985,16035.423199999988,9884115,23336661750.118153,SZ399001
2026-07-01 14:40:00,16034.607800000009,16035.577600000011,15988.417099999988,15997.616699999984,13861364,32087141327.96714,SZ399001
2026-07-01 14:45:00,15999.28750000001,16057.890600000015,15999.287499999988,16057.111699999989,11791327,26782494607.154144,SZ399001
2026-07-01 14:50:00,16058.047500000008,16084.402200000017,16058.04749999999,16081.73749999999,12528351,28902240333.800144,SZ399001
2026-07-01 14:55:00,16081.49240000001,16120.79610000002,16078.02719999999,16120.6416,18225926,39112051703.42314,SZ399001
2026-07-01 15:00:00,16120.185800000012,16120.24150000002,16114.04609999999,16119.1683,17958040,37033099598.62514,SZ399001
2026-07-02 09:35:00,15729.9232,15743.5952,15578.829199999998,15638.797499999991,120285077,259220649150.38586,SZ399001
2026-07-02 09:40:00,15636.259399999995,15711.9435,15618.215699999995,15707.48579999999,54334108,117269623853.40291,SZ399001
2026-07-02 09:45:00,15708.627399999996,15726.833099999996,15617.961699999998,15617.961699999996,44270827,95485705925.81693,SZ399001
2026-07-02 09:50:00,15616.152799999996,15708.296499999991,15575.372699999996,15666.967599999987,38377344,84792519653.91193,SZ399001
2026-07-02 09:55:00,15673.734899999996,15751.965499999997,15672.301499999994,15751.965499999997,28044601,60036214248.48993,SZ399001
2026-07-02 10:00:00,15750.627199999994,15776.3495,15705.102699999996,15724.433400000004,23477693,53484136678.37492,SZ399001
2026-07-02 10:05:00,15723.538199999995,15795.8154,15721.126599999994,15791.202100000002,23460008,51499440198.405914,SZ399001
2026-07-02 10:10:00,15790.555699999995,15808.292100000002,15754.8838,15802.82000000001,21074003,45897045364.83092,SZ399001
2026-07-02 10:15:00,15802.805999999997,15802.806000000002,15754.623699999998,15788.577000000012,18301335,42192717742.750916,SZ399001
2026-07-02 10:20:00,15787.292599999995,15790.677500000003,15725.5641,15750.011700000008,18121509,41837941244.895905,SZ399001
2026-07-02 10:25:00,15749.434199999998,15780.0172,15727.9619,15769.186000000009,16106887,35619399054.91791,SZ399001
2026-07-02 10:30:00,15769.774799999996,15800.289300000002,15762.278799999998,15783.296100000009,14542202,32902291145.200897,SZ399001
2026-07-02 10:35:00,15779.384699999997,15848.0135,15776.4521,15848.0135,14910070,31957420450.402897,SZ399001
2026-07-02 10:40:00,15848.983899999996,15886.698500000004,15841.137399999998,15876.462000000009,15488845,33020767265.722897,SZ399001
2026-07-02 10:45:00,15875.851699999996,15879.462800000005,15853.109599999998,15861.041400000007,13932898,31077796651.89489,SZ399001
2026-07-02 10:50:00,15859.2963,15869.119900000009,15841.4412,15841.533500000003,13435248,30242000051.224884,SZ399001
2026-07-02 10:55:00,15840.133000000002,15843.028800000006,15789.513199999996,15802.889300000004,12757980,29306528185.46287,SZ399001
2026-07-02 11:00:00,15802.2516,15803.831200000004,15769.382199999996,15769.382199999996,9717842,23249944442.09887,SZ399001
2026-07-02 11:05:00,15767.6474,15767.647400000003,15742.122199999996,15757.034299999988,10409602,24210495503.789867,SZ399001
2026-07-02 11:10:00,15754.304700000002,15785.4196,15735.612399999998,15785.419599999996,8765146,20302268629.465878,SZ399001
2026-07-02 11:15:00,15784.6308,15836.3808,15772.485399999996,15836.380799999992,9761145,19896545818.17188,SZ399001
2026-07-02 11:20:00,15835.206400000005,15860.556,15820.453200000002,15820.72879999999,12056285,23156982387.05188,SZ399001
2026-07-02 11:25:00,15819.826900000004,15833.441099999998,15775.582200000004,15797.019399999996,9968627,18664831615.254887,SZ399001
2026-07-02 11:30:00,15792.311800000003,15792.3118,15767.547900000009,15782.3504,9742018,18191705666.581886,SZ399001
2026-07-02 13:05:00,15787.903400000005,15793.144800000002,15753.397000000006,15793.144799999996,17788416,37269383721.73388,SZ399001
2026-07-02 13:10:00,15794.157300000006,15805.1876,15770.701600000004,15770.701599999991,11828963,23491679061.274883,SZ399001
2026-07-02 13:15:00,15769.731500000007,15769.731500000004,15745.012600000007,15759.439699999988,11247991,24347631076.586884,SZ399001
2026-07-02 13:20:00,15758.615700000008,15759.0137,15693.828100000006,15693.828099999988,10259132,23828657503.07887,SZ399001
2026-07-02 13:25:00,15694.222200000007,15708.097799999996,15677.928800000009,15691.228099999988,10998795,26155615686.578865,SZ399001
2026-07-02 13:30:00,15690.326500000006,15708.793999999998,15664.573400000008,15664.573399999996,9376879,23150166191.73987,SZ399001
2026-07-02 13:35:00,15663.228100000006,15668.990799999998,15622.8437,15622.843699999996,11703991,25750894142.37888,SZ399001
2026-07-02 13:40:00,15621.911800000003,15637.346899999997,15605.065700000005,15624.054499999997,10518706,24961299971.530876,SZ399001
2026-07-02 13:45:00,15624.358200000006,15633.172699999996,15597.333900000009,15597.3339,10500871,24713188716.888863,SZ399001
2026-07-02 13:50:00,15597.741200000008,15604.931499999995,15564.803300000003,15576.664499999992,12357128,28580997193.69385,SZ399001
2026-07-02 13:55:00,15582.438600000009,15610.738600000006,15573.5042,15603.367599999992,10520438,24240296723.04985,SZ399001
2026-07-02 14:00:00,15605.55580000001,15639.397800000012,15598.539099999996,15598.539099999998,9409365,20871876117.148857,SZ399001
2026-07-02 14:05:00,15598.574900000009,15624.691200000012,15580.34389999999,15580.343899999994,10278656,21497890313.93985,SZ399001
2026-07-02 14:10:00,15579.450900000007,15650.289400000012,15573.966799999993,15650.289399999996,10402226,22880870619.301846,SZ399001
2026-07-02 14:15:00,15650.82870000001,15673.22690000001,15625.475099999989,15629.757399999991,8749946,19844491416.33485,SZ399001
2026-07-02 14:20:00,15628.464600000008,15628.46460000001,15590.604699999987,15590.604699999987,8981294,19669231412.932854,SZ399001
2026-07-02 14:25:00,15589.700200000008,15596.581300000007,15575.414299999982,15575.414299999991,8907538,20370194358.957855,SZ399001
2026-07-02 14:30:00,15573.747800000006,15575.5353,15553.215799999984,15556.116499999996,10342895,23243886986.20085,SZ399001
2026-07-02 14:35:00,15554.160900000006,15587.3046,15545.873199999984,15545.873199999987,12389187,25982814871.165848,SZ399001
2026-07-02 14:40:00,15545.767800000003,15563.7799,15529.731699999984,15529.731699999997,11236671,26345884094.047844,SZ399001
2026-07-02 14:45:00,15527.292700000004,15527.292699999998,15491.208599999982,15501.849299999987,18278176,39307040262.95284,SZ399001
2026-07-02 14:50:00,15501.180000000006,15501.179999999997,15471.867299999987,15474.6942,18534633,38146346156.793846,SZ399001
2026-07-02 14:55:00,15473.567700000003,15481.599499999997,15453.520099999983,15480.753399999994,22616781,47042447294.06786,SZ399001
2026-07-02 15:00:00,15481.968100000006,15498.810099999995,15481.968099999984,15498.810099999995,18699782,38159875379.54588,SZ399001
2026-07-03 09:35:00,15480.1174,15543.5029,15432.892699999997,15472.165999999994,96293465,201954934299.80698,SZ399001
2026-07-03 09:40:00,15480.550999999998,15593.496799999992,15480.550999999996,15593.450699999992,48442957,103668374657.71199,SZ399001
2026-07-03 09:45:00,15593.361799999995,15612.595299999992,15554.285799999992,15580.185999999992,38345202,84378578461.05406,SZ399001
2026-07-03 09:50:00,15580.422999999995,15585.926899999991,15477.270899999983,15477.270899999992,36231733,73529479221.83905,SZ399001
2026-07-03 09:55:00,15480.878499999995,15512.491099999994,15444.479899999984,15509.806299999991,33407774,71704522142.14209,SZ399001
2026-07-03 10:00:00,15514.954199999996,15558.784999999994,15500.326199999983,15558.784999999987,23782458,49623735847.13809,SZ399001
2026-07-03 10:05:00,15560.950899999993,15617.219699999992,15553.906999999985,15591.634599999996,23719023,49955784522.35709,SZ399001
2026-07-03 10:10:00,15586.506099999991,15641.520299999996,15585.266399999982,15629.438399999994,18029058,43457469868.55908,SZ399001
2026-07-03 10:15:00,15629.77369999999,15630.413399999996,15554.784399999977,15554.784399999982,17570508,39891977162.42608,SZ399001
2026-07-03 10:20:00,15555.271299999991,15622.487399999998,15550.493799999977,15565.398299999975,16187812,34145691000.33808,SZ399001
2026-07-03 10:25:00,15563.501899999992,15591.535599999996,15523.15079999997,15576.10779999997,15506421,32540981842.507095,SZ399001
2026-07-03 10:30:00,15577.75129999999,15609.143799999998,15577.447199999968,15599.05929999997,13668606,27534224537.762093,SZ399001
2026-07-03 10:35:00,15601.993999999992,15649.660700000002,15590.97059999997,15649.66069999997,12296644,27896694536.45809,SZ399001
2026-07-03 10:40:00,15650.152199999991,15664.676100000002,15626.576999999968,15664.67609999997,13253604,29479045042.34909,SZ399001
2026-07-03 10:45:00,15665.665999999992,15694.743500000002,15650.655699999968,15694.743499999977,12995465,30716631497.732098,SZ399001
2026-07-03 10:50:00,15695.04939999999,15739.46600000001,15695.049399999967,15738.689399999985,13009259,32079572377.744114,SZ399001
2026-07-03 10:55:00,15741.69359999999,15777.232800000013,15711.820499999963,15749.154699999986,13445446,33979654672.17213,SZ399001
2026-07-03 11:00:00,15749.721799999988,15769.822800000014,15741.105799999965,15755.974099999985,10312609,26792701840.032127,SZ399001
2026-07-03 11:05:00,15759.078499999989,15774.572700000012,15732.080299999963,15756.56529999998,10125178,25005945409.573128,SZ399001
2026-07-03 11:10:00,15756.363999999989,15758.264300000012,15722.548899999969,15735.441899999983,9995994,23334803452.429123,SZ399001
2026-07-03 11:15:00,15732.610599999987,15732.61060000001,15689.00889999996,15719.77279999998,9294396,23237145362.795128,SZ399001
2026-07-03 11:20:00,15721.94129999999,15738.422500000011,15700.345399999956,15700.345399999967,7807559,18548144395.84713,SZ399001
2026-07-03 11:25:00,15699.183099999991,15701.074800000017,15668.042199999956,15668.042199999967,8081181,18922299440.997124,SZ399001
2026-07-03 11:30:00,15670.069699999993,15714.99040000001,15670.069699999956,15714.22489999996,8094010,18085635521.756126,SZ399001
2026-07-03 13:05:00,15737.51199999999,15823.05380000001,15737.511999999955,15811.169499999962,15878210,42196635197.02814,SZ399001
2026-07-03 13:10:00,15810.22979999999,15816.485400000012,15777.529299999958,15777.529299999962,12274920,29171999568.82513,SZ399001
2026-07-03 13:15:00,15776.95289999999,15788.106700000011,15739.261499999962,15740.953699999962,12128195,28236785175.17114,SZ399001
2026-07-03 13:20:00,15739.52299999999,15765.91930000001,15721.194399999962,15729.563999999957,13751793,29510389905.493126,SZ399001
2026-07-03 13:25:00,15728.52589999999,15728.52590000001,15673.65389999996,15684.530299999957,11701635,26478735035.726128,SZ399001
2026-07-03 13:30:00,15685.020799999991,15704.746900000007,15670.097499999958,15687.944399999957,9671207,22233728334.518127,SZ399001
2026-07-03 13:35:00,15687.52839999999,15735.423600000007,15684.039799999957,15730.411899999952,8741031,19614223775.061134,SZ399001
2026-07-03 13:40:00,15727.69799999999,15732.330400000008,15709.52579999996,15709.675099999957,7353218,17156794610.795137,SZ399001
2026-07-03 13:45:00,15710.111699999989,15750.103800000008,15710.11169999996,15744.954799999952,7631393,17130502260.21614,SZ399001
2026-07-03 13:50:00,15744.107899999988,15750.118200000006,15713.249599999952,15721.435699999944,8472936,17878581926.51414,SZ399001
2026-07-03 13:55:00,15722.52919999999,15754.410500000004,15720.055899999952,15751.503399999943,9069988,16379844141.279144,SZ399001
2026-07-03 14:00:00,15750.181799999988,15758.703000000009,15741.98209999995,15750.62819999995,8417471,16605939719.704138,SZ399001
2026-07-03 14:05:00,15746.042199999987,15751.510000000017,15735.396899999952,15749.63599999996,9349070,19020209980.163128,SZ399001
2026-07-03 14:10:00,15750.865299999989,15775.503500000015,15740.859499999948,15744.139999999956,10632082,20214517074.999126,SZ399001
2026-07-03 14:15:00,15742.631699999987,15742.631700000013,15703.058299999951,15703.058299999955,9111046,20445107911.372124,SZ399001
2026-07-03 14:20:00,15702.19599999999,15714.083700000016,15695.316499999954,15709.189299999958,8449881,18647523639.315113,SZ399001
2026-07-03 14:25:00,15709.307399999992,15709.307400000016,15663.553499999947,15665.673599999958,11024784,21996493892.18412,SZ399001
2026-07-03 14:30:00,15665.836399999993,15665.836400000017,15644.439499999951,15653.38019999996,9800334,22036845986.19112,SZ399001
2026-07-03 14:35:00,15653.11149999999,15670.72190000001,15602.13369999995,15602.133699999958,12961825,28533529642.61912,SZ399001
2026-07-03 14:40:00,15599.60399999999,15643.81400000001,15596.432599999953,15643.474099999958,11702552,26868213801.930115,SZ399001
2026-07-03 14:45:00,15643.33139999999,15644.630800000008,15629.727199999945,15641.07639999996,12126228,24922967089.285107,SZ399001
2026-07-03 14:50:00,15640.81099999999,15649.56980000001,15625.975899999945,15625.975899999965,14525457,29899305782.98811,SZ399001
2026-07-03 14:55:00,15624.51439999999,15625.469200000009,15591.550799999946,15592.038999999955,21465512,42699547979.546104,SZ399001
2026-07-03 15:00:00,15592.54499999999,15598.626100000009,15592.544999999946,15597.5116,19757899,38547966621.218094,SZ399001
2026-07-06 09:35:00,15677.933,15690.1827,15601.076899999998,15601.076899999993,94653654,201593176465.128,SZ399001
2026-07-06 09:40:00,15598.4769,15629.886400000005,15538.971199999998,15617.6567,53350631,109774332427.09198,SZ399001
2026-07-06 09:45:00,15617.6752,15673.84900000001,15581.568899999997,15673.849,37594253,83086235892.01399,SZ399001
2026-07-06 09:50:00,15676.0771,15747.77400000001,15670.390999999998,15736.896200000005,30384146,71272251349.81703,SZ399001
2026-07-06 09:55:00,15736.3862,15749.356000000009,15694.2365,15744.989500000009,26765116,59979139791.05406,SZ399001
2026-07-06 10:00:00,15746.499199999998,15746.49920000001,15657.4242,15657.854900000018,23766939,53612964971.003044,SZ399001
2026-07-06 10:05:00,15656.814499999997,15656.81450000001,15590.003,15610.61940000002,27365881,58614374313.08805,SZ399001
2026-07-06 10:10:00,15609.412199999995,15660.718300000004,15598.964300000003,15659.150300000014,18891086,41593735348.018074,SZ399001
2026-07-06 10:15:00,15659.062699999997,15660.565800000004,15575.485400000009,15576.628300000017,18788034,40008651479.619064,SZ399001
2026-07-06 10:20:00,15576.157999999996,15581.837700000004,15500.605800000012,15500.605800000018,20371299,44992919452.063065,SZ399001
2026-07-06 10:25:00,15501.998599999995,15514.622800000005,15462.405200000012,15467.841800000017,19163083,45679309727.908035,SZ399001
2026-07-06 10:30:00,15466.659699999998,15491.799000000005,15422.229700000007,15423.349200000011,19542765,42923823782.34004,SZ399001
2026-07-06 10:35:00,15423.478999999998,15438.8041,15368.370700000009,15368.370700000012,19612612,43782029812.166046,SZ399001
2026-07-06 10:40:00,15367.0003,15443.0543,15348.581100000009,15432.51210000001,18655491,41855287308.82807,SZ399001
2026-07-06 10:45:00,15433.7659,15434.4591,15346.380100000002,15346.380100000008,16007299,33682738141.388065,SZ399001
2026-07-06 10:50:00,15344.4876,15360.391699999998,15291.792299999996,15302.290599999998,15906070,33188549430.91706,SZ399001
2026-07-06 10:55:00,15298.9246,15343.592800000002,15288.493099999998,15320.057100000002,14693518,31446923505.00706,SZ399001
2026-07-06 11:00:00,15318.0784,15383.168000000003,15289.428599999996,15382.087400000006,12066549,26175919607.106056,SZ399001
2026-07-06 11:05:00,15379.6191,15412.928800000002,15367.5499,15404.453800000012,10256163,23312558501.634056,SZ399001
2026-07-06 11:10:00,15406.1236,15451.126600000003,15404.565599999998,15451.126600000018,11128144,24250738042.768055,SZ399001
2026-07-06 11:15:00,15453.436,15498.44720000001,15452.377199999995,15492.44740000002,9580983,23083107098.71005,SZ399001
2026-07-06 11:20:00,15493.9355,15496.67580000001,15444.7277,15490.938000000013,7634010,18047039442.697037,SZ399001
2026-07-06 11:25:00,15491.304599999998,15516.064000000006,15491.3046,15513.28260000002,7951898,18312023761.463028,SZ399001
2026-07-06 11:30:00,15512.511999999995,15543.4616,15483.096100000004,15541.619100000007,7151740,17495344669.243034,SZ399001
2026-07-06 13:05:00,15554.323599999994,15567.844299999992,15526.997400000004,15562.217000000008,12903515,31967578329.20403,SZ399001
2026-07-06 13:10:00,15562.217999999995,15574.081599999992,15501.731700000004,15501.731700000008,8991109,22315036795.40203,SZ399001
2026-07-06 13:15:00,15499.118699999995,15547.088999999994,15483.894300000004,15495.497900000011,8382134,19180720486.153023,SZ399001
2026-07-06 13:20:00,15495.519799999998,15523.157299999995,15474.4698,15474.469800000012,7316950,16253467234.27802,SZ399001
2026-07-06 13:25:00,15472.622699999998,15487.017999999993,15450.957600000002,15456.09260000001,8106136,16610760042.620028,SZ399001
2026-07-06 13:30:00,15459.3206,15528.951599999991,15459.3206,15503.7472,6839877,16086202172.147038,SZ399001
2026-07-06 13:35:00,15495.8807,15495.880699999992,15438.827299999992,15440.991199999991,8398460,16403693562.217037,SZ399001
2026-07-06 13:40:00,15442.3257,15491.849699999992,15442.325699999994,15490.797499999995,6748828,13830231839.487051,SZ399001
2026-07-06 13:45:00,15491.9266,15544.6187,15491.926599999992,15544.6187,7222398,15763929119.847055,SZ399001
2026-07-06 13:50:00,15546.2616,15548.3636,15517.011199999995,15534.260299999996,6940113,15878074775.506056,SZ399001
2026-07-06 13:55:00,15536.8032,15553.573699999995,15536.803199999997,15542.422299999997,6407569,14449997328.287062,SZ399001
2026-07-06 14:00:00,15542.387300000002,15557.5391,15531.6509,15534.6818,6800802,14995019423.39906,SZ399001
2026-07-06 14:05:00,15531.681500000002,15531.6815,15485.563599999996,15487.9656,8817338,16483719806.870068,SZ399001
2026-07-06 14:10:00,15495.1651,15515.3128,15468.8365,15469.341900000009,8042721,15819380822.997076,SZ399001
2026-07-06 14:15:00,15470.3172,15488.0988,15459.772700000003,15461.82560000001,8164764,16422175406.420073,SZ399001
2026-07-06 14:20:00,15461.9873,15461.9873,15441.241800000009,15450.763400000003,8473723,16469771541.729073,SZ399001
2026-07-06 14:25:00,15449.3351,15456.749200000002,15422.072100000018,15428.626700000006,9793028,19002375185.330067,SZ399001
2026-07-06 14:30:00,15428.986900000002,15432.780999999995,15409.335400000018,15432.661500000004,9134498,18583375299.568066,SZ399001
2026-07-06 14:35:00,15432.8994,15462.561499999994,15426.15750000002,15441.394500000006,11068827,20310825642.09006,SZ399001
2026-07-06 14:40:00,15441.3908,15462.945999999993,15412.301900000017,15412.601599999998,9742965,20237276784.68506,SZ399001
2026-07-06 14:45:00,15412.146099999998,15412.14609999999,15391.189200000012,15393.176,11736941,24175291333.274055,SZ399001
2026-07-06 14:50:00,15394.031699999996,15415.376299999993,15394.031700000009,15405.620199999998,13019290,26095411359.873062,SZ399001
2026-07-06 14:55:00,15406.607599999996,15416.056599999996,15406.607600000008,15407.779199999992,16889787,32494076171.424076,SZ399001
2026-07-06 15:00:00,15406.265899999997,15416.803999999996,15405.762700000008,15416.803999999993,16919182,31420076522.18008,SZ399001
2026-07-07 09:35:00,15345.393,15391.8671,15304.2236,15364.566300000008,80144523,149155020058.12,SZ399001
2026-07-07 09:40:00,15361.5048,15434.9033,15336.008599999996,15434.903300000013,41710979,79925894051.63303,SZ399001
2026-07-07 09:45:00,15438.9436,15460.384700000004,15423.419399999992,15443.655700000014,30419457,64742760628.465004,SZ399001
2026-07-07 09:50:00,15443.8803,15461.366600000008,15402.47559999999,15404.018800000016,29763359,57284037729.10398,SZ399001
2026-07-07 09:55:00,15404.3779,15408.970000000008,15367.444799999988,15392.294000000024,27418355,52906446754.157974,SZ399001
2026-07-07 10:00:00,15395.906,15399.924600000008,15350.748799999985,15371.07940000002,22597455,42800808625.89598,SZ399001
2026-07-07 10:05:00,15368.9602,15402.15710000001,15348.227999999985,15376.54460000002,23118359,43249193891.134964,SZ399001
2026-07-07 10:10:00,15376.197100000005,15408.038300000013,15354.376699999984,15358.91360000002,18489027,34725297784.91896,SZ399001
2026-07-07 10:15:00,15358.274300000005,15376.791300000014,15318.765199999982,15355.085400000022,16350569,34563077185.68296,SZ399001
2026-07-07 10:20:00,15352.5407,15363.511400000014,15329.88329999998,15334.742800000016,13965786,27922262716.497963,SZ399001
2026-07-07 10:25:00,15326.535,15333.193900000017,15291.41299999998,15291.413000000011,13859163,26947578455.13997,SZ399001
2026-07-07 10:30:00,15289.999,15309.798800000017,15259.29279999998,15297.93890000002,15110829,30393412565.92496,SZ399001
2026-07-07 10:35:00,15287.9807,15318.999100000015,15268.39049999998,15318.99910000002,14053086,27957407240.17994,SZ399001
2026-07-07 10:40:00,15319.9242,15356.674600000022,15319.92419999998,15355.241300000023,11800792,25336839331.15694,SZ399001
2026-07-07 10:45:00,15354.359599999998,15365.662900000025,15337.444599999984,15355.722800000023,10066491,22525109651.40095,SZ399001
2026-07-07 10:50:00,15353.5593,15353.559300000024,15299.611999999985,15314.473400000026,10239097,21143166021.66096,SZ399001
2026-07-07 10:55:00,15313.634299999998,15330.254700000023,15284.691799999984,15326.165400000033,8864812,18380509836.78996,SZ399001
2026-07-07 11:00:00,15327.241499999996,15327.928600000025,15273.954299999985,15273.954300000029,9694204,17287107092.66395,SZ399001
2026-07-07 11:05:00,15274.094199999998,15308.70200000002,15263.123799999985,15296.139700000029,9587838,18896431255.72896,SZ399001
2026-07-07 11:10:00,15301.494399999998,15323.332200000015,15287.00999999998,15309.03770000002,7982078,16876670262.802956,SZ399001
2026-07-07 11:15:00,15314.537899999998,15322.301000000016,15257.09869999998,15269.81060000002,7620866,16651956081.474953,SZ399001
2026-07-07 11:20:00,15269.535499999998,15272.146000000012,15237.23939999998,15254.326100000018,7131385,16473998954.395952,SZ399001
2026-07-07 11:25:00,15253.812599999996,15253.812600000012,15228.472699999984,15229.362100000018,6799037,15229595901.741959,SZ399001
2026-07-07 11:30:00,15227.975299999998,15268.767800000016,15221.453199999984,15259.19510000002,7183918,15777969174.296963,SZ399001
2026-07-07 13:05:00,15251.185,15251.185000000014,15165.401799999989,15172.347900000015,14512116,32374582792.729965,SZ399001
2026-07-07 13:10:00,15175.1949,15181.631100000017,15113.542399999986,15119.518200000017,11467321,26008425450.363968,SZ399001
2026-07-07 13:15:00,15119.0156,15144.796700000015,15096.319999999983,15096.992000000004,11168165,25273284355.82496,SZ399001
2026-07-07 13:20:00,15095.7002,15131.03770000002,15081.923099999984,15120.9741,10469712,23431206367.928955,SZ399001
2026-07-07 13:25:00,15121.313499999998,15136.125300000012,15100.218199999988,15136.125300000002,10054950,22477020147.068954,SZ399001
2026-07-07 13:30:00,15137.659799999998,15232.159800000009,15137.659799999989,15226.511899999996,8886493,22134349035.143963,SZ399001
2026-07-07 13:35:00,15228.465399999995,15275.171600000009,15228.465399999985,15264.553099999994,9088182,23825403349.463966,SZ399001
2026-07-07 13:40:00,15262.067799999995,15293.761400000009,15243.679699999984,15268.6871,8634065,21347106536.682964,SZ399001
2026-07-07 13:45:00,15266.276399999995,15299.560600000006,15263.762499999986,15298.861399999998,7098129,17624668122.630966,SZ399001
2026-07-07 13:50:00,15300.614599999995,15317.9205,15266.05789999998,15273.10719999998,9489977,23167122323.95396,SZ399001
2026-07-07 13:55:00,15273.826099999998,15297.779900000003,15263.205099999985,15293.648899999997,7207722,16740534960.232964,SZ399001
2026-07-07 14:00:00,15295.920299999998,15303.328100000008,15253.994299999982,15253.994299999988,6693021,15435410343.681969,SZ399001
2026-07-07 14:05:00,15252.7465,15268.732100000008,15224.904399999985,15225.216799999993,8252448,16393573492.94696,SZ399001
2026-07-07 14:10:00,15224.346699999998,15224.346700000007,15177.569199999984,15177.602799999991,8947969,17350872791.276955,SZ399001
2026-07-07 14:15:00,15177.0613,15187.961800000008,15156.610599999984,15179.426599999995,8627872,17364415004.33395,SZ399001
2026-07-07 14:20:00,15178.3008,15198.707700000006,15161.950299999984,15183.045299999992,7859793,15883040574.005947,SZ399001
2026-07-07 14:25:00,15184.1176,15185.657100000008,15160.972999999984,15162.498499999994,6943192,14046950443.784948,SZ399001
2026-07-07 14:30:00,15162.786099999998,15191.512600000004,15153.403999999988,15191.512599999996,7972617,15511932476.441952,SZ399001
2026-07-07 14:35:00,15191.430499999997,15224.075000000004,15180.589899999986,15201.110799999988,9893209,18809896247.946953,SZ399001
2026-07-07 14:40:00,15199.624799999998,15261.578300000006,15199.624799999989,15258.470899999991,8841655,18028725607.725956,SZ399001
2026-07-07 14:45:00,15259.088199999998,15261.178200000006,15230.581299999987,15237.6827,9721483,19665296909.57596,SZ399001
2026-07-07 14:50:00,15236.0453,15236.045300000009,15203.71029999999,15235.148799999995,12136240,24437055814.95195,SZ399001
2026-07-07 14:55:00,15234.0134,15237.123800000008,15210.016399999982,15214.455799999983,15184075,30562271532.174942,SZ399001
2026-07-07 15:00:00,15213.4727,15225.113600000006,15213.472699999982,15225.113599999984,15354583,29740528690.140945,SZ399001
2026-07-08 09:35:00,15269.8211,15292.122400000002,15170.490499999998,15170.490500000004,68926573,140107564961.88696,SZ399001
2026-07-08 09:40:00,15172.7067,15173.116500000002,15105.9309,15111.70960000001,41226596,80896631280.20598,SZ399001
2026-07-08 09:45:00,15112.0866,15124.6809,15021.0065,15026.525700000017,40177933,74921645605.14798,SZ399001
2026-07-08 09:50:00,15028.457999999997,15120.006999999998,15019.768500000002,15058.554100000012,34784698,66523436171.037964,SZ399001
2026-07-08 09:55:00,15059.571199999997,15063.5122,14970.001099999996,15048.880100000011,32245861,64263524475.87097,SZ399001
2026-07-08 10:00:00,15050.801599999995,15050.801600000004,14960.577999999998,14991.808900000004,25711482,53145477380.583954,SZ399001
2026-07-08 10:05:00,14985.425999999996,14993.0855,14911.196499999993,14911.196499999996,23415198,53119225600.28396,SZ399001
2026-07-08 10:10:00,14907.624499999994,15002.856199999998,14907.624499999993,15001.676599999992,17894492,38120386577.76496,SZ399001
2026-07-08 10:15:00,14999.908599999992,14999.908599999995,14936.309099999991,14961.150699999987,16002344,32627867874.928947,SZ399001
2026-07-08 10:20:00,14963.404699999992,15074.413999999986,14963.404699999994,15074.413999999982,13584492,30919499791.72895,SZ399001
2026-07-08 10:25:00,15077.122199999993,15086.64779999998,15036.54789999999,15036.547899999969,12051681,27169441032.220947,SZ399001
2026-07-08 10:30:00,15035.833499999992,15113.928999999976,15017.05759999999,15113.928999999964,9891772,20872242329.06195,SZ399001
2026-07-08 10:35:00,15115.62529999999,15150.977199999978,15102.910899999986,15141.143399999968,11160367,26318025670.07995,SZ399001
2026-07-08 10:40:00,15144.394399999988,15169.04959999998,15138.616599999985,15169.049599999971,9500450,22444792426.382942,SZ399001
2026-07-08 10:45:00,15169.110699999988,15171.28749999998,15144.102099999986,15162.174999999974,10305766,21508795814.113945,SZ399001
2026-07-08 10:50:00,15160.131199999989,15170.90949999998,15099.399299999985,15104.840999999971,10294424,21840507833.206936,SZ399001
2026-07-08 10:55:00,15105.717499999986,15139.914599999987,15091.730899999982,15109.89349999998,7316547,16672139924.032936,SZ399001
2026-07-08 11:00:00,15109.768799999983,15109.768799999987,15066.769699999984,15070.954699999984,6143435,14260735903.185936,SZ399001
2026-07-08 11:05:00,15071.102099999986,15116.233799999987,15069.944199999987,15086.823499999988,7049729,15575475784.353935,SZ399001
2026-07-08 11:10:00,15090.127999999986,15140.408299999985,15074.50639999999,15140.408299999985,6357066,14366549253.766941,SZ399001
2026-07-08 11:15:00,15138.466699999986,15196.671299999984,15138.466699999988,15191.50069999998,7130848,17995944166.056942,SZ399001
2026-07-08 11:20:00,15189.734399999988,15199.606599999985,15174.871399999987,15198.365499999984,7040514,17343023459.436943,SZ399001
2026-07-08 11:25:00,15198.565099999983,15241.235999999986,15195.167099999991,15241.235999999995,8008490,18812772518.882942,SZ399001
2026-07-08 11:30:00,15242.420399999985,15274.531099999987,15236.874699999991,15237.447100000009,9500559,23493745210.088955,SZ399001
2026-07-08 13:05:00,15186.300099999984,15186.30009999999,15071.15729999999,15155.670199999991,17609884,42437053391.17195,SZ399001
2026-07-08 13:10:00,15156.028299999984,15193.161699999982,15134.033199999987,15144.10639999999,7986519,19489342310.837948,SZ399001
2026-07-08 13:15:00,15146.002599999983,15156.978199999983,15128.490799999989,15151.146399999983,7150607,15845346551.196947,SZ399001
2026-07-08 13:20:00,15151.041999999983,15151.04199999998,15131.163099999989,15146.543799999978,7723056,16080636045.23895,SZ399001
2026-07-08 13:25:00,15143.505999999985,15144.69569999998,15117.773199999983,15121.570099999974,6837574,14973605020.866953,SZ399001
2026-07-08 13:30:00,15121.981799999983,15122.619599999982,15077.964599999988,15081.715199999971,8023368,15995754458.505955,SZ399001
2026-07-08 13:35:00,15082.013399999989,15082.192499999985,15038.005899999996,15065.397999999974,9768788,18917621332.273952,SZ399001
2026-07-08 13:40:00,15065.534799999989,15073.53199999998,15042.5196,15056.77939999997,6962814,14579776164.86295,SZ399001
2026-07-08 13:45:00,15056.702799999988,15056.70279999998,15026.273999999994,15030.047799999964,6933091,14650681449.116957,SZ399001
2026-07-08 13:50:00,15031.455299999989,15038.792899999977,15002.412999999991,15004.940599999956,7304392,15372193916.090958,SZ399001
2026-07-08 13:55:00,15005.520999999984,15080.806499999971,15004.982399999994,15080.806499999955,7576910,14511365141.39896,SZ399001
2026-07-08 14:00:00,15081.287299999984,15112.442699999969,15079.778799999996,15095.832099999952,7121620,13450414965.537962,SZ399001
2026-07-08 14:05:00,15093.291799999985,15101.710699999969,15061.279499999991,15084.12419999995,6601835,13885929649.234959,SZ399001
2026-07-08 14:10:00,15081.523399999984,15083.48089999997,15059.488199999989,15061.32389999994,5900763,12698640808.907957,SZ399001
2026-07-08 14:15:00,15060.954099999986,15060.95409999997,15025.38709999998,15041.38099999993,6991033,15374486634.39195,SZ399001
2026-07-08 14:20:00,15042.376399999986,15067.563799999973,15038.196099999976,15067.563799999933,7998293,14374140895.725952,SZ399001
2026-07-08 14:25:00,15067.446599999988,15072.822599999976,15046.82619999998,15068.231599999932,7382547,14297568458.641953,SZ399001
2026-07-08 14:30:00,15066.976999999988,15066.976999999975,15018.915399999983,15027.526199999931,7069557,15073281102.895952,SZ399001
2026-07-08 14:35:00,15033.327199999989,15046.846799999974,15009.314899999992,15013.197199999937,8475510,17951052596.497955,SZ399001
2026-07-08 14:40:00,15012.73889999999,15034.680999999968,15012.0303,15012.030299999942,8509904,17325924114.210964,SZ399001
2026-07-08 14:45:00,15011.197699999992,15011.982599999968,14983.496700000009,14985.360899999943,11081997,24256506613.26796,SZ399001
2026-07-08 14:50:00,14985.217799999991,14991.400699999967,14942.88120000001,14949.013199999945,14395686,29362543822.62497,SZ399001
2026-07-08 14:55:00,14949.908699999994,14960.85929999997,14940.348900000012,14940.348899999944,17242306,34433575619.05296,SZ399001
2026-07-08 15:00:00,14938.831499999991,14939.726799999971,14932.29780000001,14939.726799999942,16421020,32510440639.439957,SZ399001
2026-07-09 09:35:00,15038.4698,15070.6919,15038.4698,15050.754300000004,73397832,154272048311.28802,SZ399001
2026-07-09 09:40:00,15047.646399999998,15130.5904,15038.7718,15121.143900000005,36073911,77220423579.49004,SZ399001
2026-07-09 09:45:00,15120.505,15129.7403,15061.145000000004,15063.332800000006,30492808,61427208608.44702,SZ399001
2026-07-09 09:50:00,15067.026400000004,15067.026400000004,14980.939600000003,14980.939600000009,27467995,60970416694.49398,SZ399001
2026-07-09 09:55:00,14976.551600000006,15013.511700000005,14954.484000000006,14999.268600000009,26134246,55838806107.52895,SZ399001
2026-07-09 10:00:00,14999.505500000005,14999.505500000005,14940.990600000008,14940.999000000013,24631404,52963052936.97296,SZ399001
2026-07-09 10:05:00,14939.042000000003,14956.488,14904.915100000007,14942.715100000018,21306838,44374157030.22497,SZ399001
2026-07-09 10:10:00,14941.412900000005,14984.555199999995,14920.902100000008,14980.410000000014,16953323,35457050227.838974,SZ399001
2026-07-09 10:15:00,14977.338900000004,15010.255399999996,14970.717500000006,14992.696000000004,14131926,30563082797.705975,SZ399001
2026-07-09 10:20:00,14988.091000000004,15016.669999999998,14980.770500000002,15013.56010000001,12929171,26850646428.58098,SZ399001
2026-07-09 10:25:00,15012.396700000005,15030.217399999996,14977.610800000008,14990.432800000017,12724217,25323184367.416985,SZ399001
2026-07-09 10:30:00,14990.619300000004,14995.963899999995,14943.50590000001,14948.593800000015,13297736,23904462081.418983,SZ399001
2026-07-09 10:35:00,14949.635700000004,14956.250699999997,14911.938900000012,14912.17510000002,15988691,26678016874.30398,SZ399001
2026-07-09 10:40:00,14911.234600000002,14911.234599999998,14883.975200000006,14899.343000000008,14358032,27637411114.733982,SZ399001
2026-07-09 10:45:00,14901.195200000002,14927.055899999996,14879.232300000003,14902.608199999995,13306711,24032134747.03698,SZ399001
2026-07-09 10:50:00,14902.074800000004,14902.074799999997,14843.253900000003,14843.253899999998,12999532,23539172266.507965,SZ399001
2026-07-09 10:55:00,14841.934100000004,14879.7211,14833.725500000006,14879.721100000004,12062356,24475755157.867977,SZ399001
2026-07-09 11:00:00,14878.990200000004,14887.7383,14834.685100000008,14836.694300000016,10726507,18160229804.135975,SZ399001
2026-07-09 11:05:00,14836.837400000006,14851.796699999995,14817.921900000008,14838.6737,11227115,20010555225.718975,SZ399001
2026-07-09 11:10:00,14838.782300000006,14859.042899999991,14805.403900000008,14859.0429,9823966,19196907163.01497,SZ399001
2026-07-09 11:15:00,14860.924700000009,14865.262899999992,14788.460399999998,14799.8535,9674066,18906363261.15997,SZ399001
2026-07-09 11:20:00,14802.812100000008,14824.764999999994,14783.300699999998,14792.1313,9408869,18626604425.839966,SZ399001
2026-07-09 11:25:00,14791.225200000006,14857.591399999994,14781.2431,14857.5914,9076327,18177339666.10896,SZ399001
2026-07-09 11:30:00,14856.959700000009,14906.597399999991,14856.505399999998,14887.993099999998,6974753,17671470307.20196,SZ399001
2026-07-09 13:05:00,14894.327900000008,14935.290099999997,14894.327899999997,14927.262499999995,11721983,29179636926.466976,SZ399001
2026-07-09 13:10:00,14924.424100000007,15014.0584,14921.895899999996,15013.975800000013,9104421,25452692975.298977,SZ399001
2026-07-09 13:15:00,15015.648300000008,15054.151500000002,15015.648299999995,15054.090700000012,10440748,28685568517.80497,SZ399001
2026-07-09 13:20:00,15052.602900000004,15052.7396,14995.00449999999,15004.079100000004,9905299,25371594867.095978,SZ399001
2026-07-09 13:25:00,15004.635100000003,15006.1922,14982.58259999999,15002.464800000012,7936691,19495753814.434982,SZ399001
2026-07-09 13:30:00,15003.014500000005,15076.364500000009,14999.084999999992,15057.20920000001,8664414,23990761630.054985,SZ399001
2026-07-09 13:35:00,15057.209100000004,15057.640200000007,14998.89279999999,15034.481700000004,7619403,20706414329.861988,SZ399001
2026-07-09 13:40:00,15039.502900000003,15105.842600000007,15039.50289999999,15105.842600000002,8434769,22700933735.22499,SZ399001
2026-07-09 13:45:00,15107.393800000002,15153.247400000004,15107.393799999987,15153.2474,9758125,28570870661.639996,SZ399001
2026-07-09 13:50:00,15155.4992,15204.6245,15155.499199999987,15204.624499999993,10416309,29602483819.360985,SZ399001
2026-07-09 13:55:00,15207.1915,15254.371100000006,15207.19149999999,15238.348999999998,10985141,31164892251.286983,SZ399001
2026-07-09 14:00:00,15235.184400000004,15290.490900000006,15234.69859999999,15290.4909,10742110,26962947896.01799,SZ399001
2026-07-09 14:05:00,15291.739600000004,15305.768700000006,15260.91499999999,15286.7408,12766121,28105002179.485985,SZ399001
2026-07-09 14:10:00,15288.505300000004,15310.82210000001,15275.81279999999,15310.822100000012,10313557,24950115401.25599,SZ399001
2026-07-09 14:15:00,15312.450300000004,15335.060500000003,15300.46889999999,15335.060500000003,11480995,26201513538.61398,SZ399001
2026-07-09 14:20:00,15335.996000000005,15350.036500000006,15272.398799999992,15272.39880000002,12101128,28093826495.606987,SZ399001
2026-07-09 14:25:00,15273.965600000003,15304.724700000008,15273.965599999992,15303.660600000025,9297270,21613621801.690998,SZ399001
2026-07-09 14:30:00,15303.329000000003,15336.837500000016,15303.328999999996,15335.566800000026,9178611,19407406163.384003,SZ399001
2026-07-09 14:35:00,15338.601400000009,15343.511300000016,15331.333299999997,15342.646500000015,12022831,23002425812.866,SZ399001
2026-07-09 14:40:00,15344.437900000006,15370.220600000008,15344.4379,15370.220600000011,11841186,24733969700.803993,SZ399001
2026-07-09 14:45:00,15370.265100000006,15405.4017,15368.1273,15405.4017,13640625,29442257685.90899,SZ399001
2026-07-09 14:50:00,15406.926000000009,15419.116199999991,15405.1781,15418.986900000004,15892591,32039733767.103985,SZ399001
2026-07-09 14:55:00,15416.396300000008,15416.396299999991,15389.429500000004,15397.602500000008,19854917,39570066899.78997,SZ399001
2026-07-09 15:00:00,15396.803000000007,15406.152699999995,15395.374800000003,15398.72810000001,17253581,34231452392.93896,SZ399001
2026-07-10 09:35:00,15480.4066,15497.785,15446.458400000003,15455.1055,80254691,200296585674.54007,SZ399001
2026-07-10 09:40:00,15453.4135,15511.1503,15425.280200000005,15508.7445,40391233,100594552243.09206,SZ399001
2026-07-10 09:45:00,15512.2547,15537.036599999998,15487.516599999994,15514.532699999998,34988131,85867812652.63406,SZ399001
2026-07-10 09:50:00,15512.791900000002,15538.0296,15476.65729999999,15530.6769,32083398,72772117534.63205,SZ399001
2026-07-10 09:55:00,15532.219400000002,15580.311300000005,15529.315599999987,15580.311300000008,27320740,62338412254.27403,SZ399001
2026-07-10 10:00:00,15581.9435,15581.943500000005,15492.705699999997,15492.705700000017,30353084,64499493487.94803,SZ399001
2026-07-10 10:05:00,15497.511100000002,15519.789900000002,15463.417199999994,15468.993900000016,35471084,72424430948.15604,SZ399001
2026-07-10 10:10:00,15467.928800000002,15513.6293,15467.928799999996,15499.376800000016,31875322,60434884973.61302,SZ399001
2026-07-10 10:15:00,15501.5272,15505.4978,15437.311099999992,15499.99280000001,27179241,55275143881.610016,SZ399001
2026-07-10 10:20:00,15500.836800000005,15535.445899999992,15500.495099999993,15526.893500000017,22596178,43172716447.277016,SZ399001
2026-07-10 10:25:00,15529.9926,15529.992599999992,15501.373299999994,15511.728000000012,18402409,34035720034.16703,SZ399001
2026-07-10 10:30:00,15512.0623,15549.71629999999,15502.278999999991,15525.052800000003,15795870,33363478708.46705,SZ399001
2026-07-10 10:35:00,15523.471599999995,15534.439899999988,15457.444299999994,15477.567300000004,17475496,36175044333.17304,SZ399001
2026-07-10 10:40:00,15477.601599999998,15481.218599999987,15437.225799999997,15474.586200000003,14988407,32520908234.67104,SZ399001
2026-07-10 10:45:00,15476.260599999996,15496.059199999992,15463.834199999994,15475.1637,13044007,27961960545.78106,SZ399001
2026-07-10 10:50:00,15474.862499999996,15475.955199999988,15448.499199999991,15475.9552,12176882,27777046588.656075,SZ399001
2026-07-10 10:55:00,15476.187299999996,15505.809999999989,15471.464699999991,15479.443700000003,10767976,21892397314.414093,SZ399001
2026-07-10 11:00:00,15480.243099999994,15528.282499999985,15461.822499999991,15510.354299999995,11435376,22674482007.123108,SZ399001
2026-07-10 11:05:00,15510.380299999992,15510.380299999986,15464.984599999989,15465.855999999992,9922402,18779873650.80711,SZ399001
2026-07-10 11:10:00,15467.882999999993,15504.342799999984,15461.254499999985,15500.124099999986,9829784,18417819127.321106,SZ399001
2026-07-10 11:15:00,15500.435599999992,15514.787799999986,15484.076899999987,15484.486699999989,8694384,17500977550.3131,SZ399001
2026-07-10 11:20:00,15484.987599999991,15506.131099999984,15484.987599999988,15492.776199999982,7155006,14680318735.156101,SZ399001
2026-07-10 11:25:00,15492.768899999992,15504.30869999998,15472.875599999988,15472.87559999998,9529756,17142550369.936096,SZ399001
2026-07-10 11:30:00,15470.85169999999,15493.279799999977,15450.357899999988,15493.279799999971,8402951,19068713481.2841,SZ399001
2026-07-10 13:05:00,15498.13479999999,15498.134799999974,15432.769299999987,15433.03309999997,24029896,53086838935.31614,SZ399001
2026-07-10 13:10:00,15432.648699999989,15472.075899999973,15420.203899999988,15471.432599999964,12834977,28681471275.669136,SZ399001
2026-07-10 13:15:00,15471.86199999999,15497.130399999976,15471.337499999989,15483.860999999972,11653807,24340057594.468124,SZ399001
2026-07-10 13:20:00,15481.73619999999,15504.427099999972,15475.40139999999,15485.893999999971,10690002,22556829427.323112,SZ399001
2026-07-10 13:25:00,15486.61779999999,15492.122999999972,15466.647699999992,15478.02439999997,10871318,21737845814.67211,SZ399001
2026-07-10 13:30:00,15478.040599999991,15478.848299999972,15457.664799999991,15469.383899999975,10215427,22328067077.0601,SZ399001
2026-07-10 13:35:00,15469.139799999994,15474.024599999972,15426.510999999997,15426.51099999998,10645041,21663904006.275093,SZ399001
2026-07-10 13:40:00,15425.100099999994,15425.84519999997,15358.479199999989,15358.479199999969,14239850,28341883383.188087,SZ399001
2026-07-10 13:45:00,15355.789899999994,15376.433099999966,15336.734199999988,15338.123499999963,13427203,27284388814.80508,SZ399001
2026-07-10 13:50:00,15337.529999999992,15337.529999999964,15298.105799999992,15320.972099999966,13551860,29429293285.647076,SZ399001
2026-07-10 13:55:00,15321.34209999999,15348.10929999996,15315.279099999992,15343.651799999969,9454184,20208682175.35607,SZ399001
2026-07-10 14:00:00,15344.22949999999,15344.22949999996,15275.710499999996,15275.710499999974,9905878,20959797738.204075,SZ399001
2026-07-10 14:05:00,15274.163699999992,15276.35909999996,15236.211999999998,15268.974099999972,12367942,27897096593.968086,SZ399001
2026-07-10 14:10:00,15270.23459999999,15270.234599999958,15188.81679999999,15195.729899999971,10824044,27079902893.27809,SZ399001
2026-07-10 14:15:00,15194.394299999987,15233.263399999963,15188.756999999994,15201.557199999974,10176723,25289839638.912098,SZ399001
2026-07-10 14:20:00,15203.67789999999,15276.115699999957,15203.677899999991,15276.115699999977,8622489,20186793446.73109,SZ399001
2026-07-10 14:25:00,15276.63619999999,15276.636199999955,15217.775699999998,15222.623499999983,6978097,17831247279.245094,SZ399001
2026-07-10 14:30:00,15222.33479999999,15222.334799999957,15179.093900000003,15179.093899999982,7974164,20024387082.92109,SZ399001
2026-07-10 14:35:00,15176.115999999987,15186.746799999955,15135.555300000004,15159.453699999982,11885121,27940626554.24108,SZ399001
2026-07-10 14:40:00,15160.876299999987,15166.166199999952,15129.21030000001,15137.824499999984,9948405,24134281163.283077,SZ399001
2026-07-10 14:45:00,15135.44639999999,15135.446399999952,15088.400700000013,15089.21999999998,14083790,34111088585.002075,SZ399001
2026-07-10 14:50:00,15088.623299999992,15134.08759999995,15081.863800000014,15083.364999999976,14839609,34006149172.11407,SZ399001
2026-07-10 14:55:00,15082.292799999992,15090.65339999995,15057.461900000011,15057.573699999972,19598886,44570552851.74808,SZ399001
2026-07-10 15:00:00,15055.592499999992,15055.59249999995,15046.6695,15046.6695,19858653,42083096335.73605,SZ399001
2026-07-13 09:35:00,14908.9846,14997.0721,14908.9846,14994.123000000003,89624546,183360512013.36905,SZ399001
2026-07-13 09:40:00,14989.9844,14989.9844,14888.743899999996,14897.443200000002,50948603,102649577185.995,SZ399001
2026-07-13 09:45:00,14895.1067,14944.846799999994,14851.821299999996,14944.846799999996,39613968,76161266533.88799,SZ399001
2026-07-13 09:50:00,14947.943199999998,14956.172999999995,14838.476599999998,14840.780299999997,31696843,65476479286.77501,SZ399001
2026-07-13 09:55:00,14838.948,14860.456499999997,14806.410400000002,14816.7514,30141726,58196069753.97203,SZ399001
2026-07-13 10:00:00,14817.392199999998,14817.392199999997,14763.670799999998,14763.670799999998,27623556,52113368839.42502,SZ399001
2026-07-13 10:05:00,14761.1967,14814.705099999996,14721.315699999996,14806.367399999996,26734572,52548758953.242035,SZ399001
2026-07-13 10:10:00,14806.5699,14823.721499999992,14759.707499999997,14805.288799999986,18412397,36156056406.148056,SZ399001
2026-07-13 10:15:00,14802.6152,14869.284099999986,14793.040699999996,14865.603699999989,14909071,31911327875.211067,SZ399001
2026-07-13 10:20:00,14866.2279,14872.294599999985,14814.903199999992,14815.561699999986,14675750,30104260567.25507,SZ399001
2026-07-13 10:25:00,14813.8106,14860.25019999998,14804.933799999988,14860.25019999998,13238102,26729591508.96307,SZ399001
2026-07-13 10:30:00,14862.416399999998,14896.923299999988,14834.588299999989,14890.621499999985,11327672,23459106188.24207,SZ399001
2026-07-13 10:35:00,14889.8098,14907.067899999987,14848.181899999983,14851.95479999998,13363725,24278318023.35907,SZ399001
2026-07-13 10:40:00,14854.1896,14875.43229999999,14786.439599999982,14786.439599999982,12809852,25106746836.35608,SZ399001
2026-07-13 10:45:00,14786.7187,14789.693099999991,14749.287099999978,14750.528199999988,11358297,22959465872.30709,SZ399001
2026-07-13 10:50:00,14748.9232,14782.914799999986,14744.518299999974,14750.259899999985,9799003,20099356980.6121,SZ399001
2026-07-13 10:55:00,14747.8474,14767.488799999985,14732.857599999972,14761.09439999997,8550236,18157490177.576096,SZ399001
2026-07-13 11:00:00,14763.02,14770.39589999998,14726.151999999967,14735.32839999996,8109234,15830150337.215096,SZ399001
2026-07-13 11:05:00,14735.947099999998,14739.84999999998,14688.378699999972,14689.304999999964,9424252,18954047749.3741,SZ399001
2026-07-13 11:10:00,14688.735999999995,14692.414199999976,14662.059199999969,14666.796999999962,9787117,22622425048.17511,SZ399001
2026-07-13 11:15:00,14667.686299999996,14670.273099999977,14629.76129999997,14640.27399999996,10406504,24708651057.2441,SZ399001
2026-07-13 11:20:00,14637.848299999996,14705.045299999982,14637.848299999969,14678.54559999996,8663061,18773838165.70511,SZ399001
2026-07-13 11:25:00,14675.224399999996,14685.221299999985,14643.125099999968,14668.038099999962,7840989,17040786063.754108,SZ399001
2026-07-13 11:30:00,14670.263599999997,14675.205799999983,14646.748299999965,14654.493699999955,7184191,15907640657.956108,SZ399001
2026-07-13 13:05:00,14647.624799999996,14653.032899999987,14582.534399999962,14653.032899999956,14521670,32663284515.04708,SZ399001
2026-07-13 13:10:00,14648.481099999995,14663.368599999989,14600.98969999996,14617.469099999958,8410793,18394627386.88407,SZ399001
2026-07-13 13:15:00,14617.351899999996,14643.791699999989,14591.909199999962,14592.52289999996,7761415,16643058244.02708,SZ399001
2026-07-13 13:20:00,14591.789599999996,14596.715899999988,14539.686899999962,14556.75239999996,13832895,25472865377.40709,SZ399001
2026-07-13 13:25:00,14557.394299999996,14558.045299999989,14500.551299999965,14505.770199999955,10382718,23520217386.839096,SZ399001
2026-07-13 13:30:00,14506.030399999998,14538.328399999988,14496.198599999963,14522.56929999996,9969476,20765300033.330093,SZ399001
2026-07-13 13:35:00,14526.740699999998,14686.243599999993,14526.740699999966,14684.745899999967,11892216,23742706764.64009,SZ399001
2026-07-13 13:40:00,14686.0686,14725.925099999997,14653.48949999996,14711.27359999996,10038273,22503044982.377087,SZ399001
2026-07-13 13:45:00,14707.3039,14724.639799999994,14649.79119999996,14661.439099999963,8690382,18256000377.285076,SZ399001
2026-07-13 13:50:00,14660.6684,14661.057499999994,14580.72079999996,14588.39309999996,9194072,16159639950.034071,SZ399001
2026-07-13 13:55:00,14592.1369,14680.31509999999,14592.13689999996,14636.435699999956,6934478,14313895405.415071,SZ399001
2026-07-13 14:00:00,14636.8813,14644.75079999999,14597.62319999996,14619.038499999955,6989884,14265810365.769066,SZ399001
2026-07-13 14:05:00,14616.7165,14617.704799999989,14594.01029999996,14601.706499999958,7200901,13905685219.022066,SZ399001
2026-07-13 14:10:00,14602.7963,14604.71259999999,14531.12339999997,14537.089499999964,9530915,17756340282.075066,SZ399001
2026-07-13 14:15:00,14536.789499999995,14554.51439999999,14515.069899999971,14515.79359999997,8313623,16822805420.444069,SZ399001
2026-07-13 14:20:00,14515.569699999998,14546.843399999994,14509.97069999997,14521.580099999968,8699903,16869501394.08207,SZ399001
2026-07-13 14:25:00,14519.7402,14525.025999999998,14483.570299999968,14486.354299999972,7340489,15966215527.205065,SZ399001
2026-07-13 14:30:00,14487.0195,14513.7442,14481.713099999966,14503.050199999974,8573070,18044370376.75207,SZ399001
2026-07-13 14:35:00,14500.074099999998,14500.0741,14437.071399999964,14467.611899999967,12581971,24889180534.18206,SZ399001
2026-07-13 14:40:00,14468.6465,14530.351200000005,14468.646499999964,14490.68409999997,10671030,20730178204.249065,SZ399001
2026-07-13 14:45:00,14490.6121,14503.536800000003,14460.201299999966,14498.577899999967,11543136,22772140189.09307,SZ399001
2026-07-13 14:50:00,14498.9666,14579.268800000003,14498.966599999963,14562.414699999965,14282940,27168188693.61906,SZ399001
2026-07-13 14:55:00,14560.5915,14560.591500000006,14494.37329999996,14494.37329999996,15414170,29633647241.771057,SZ399001
2026-07-13 15:00:00,14493.9755,14522.854700000004,14493.97549999996,14522.854699999967,14831111,28325154478.18505,SZ399001
2026-07-14 09:35:00,14532.3647,14579.0189,14444.101699999996,14444.101699999996,70013355,134242425856.26607,SZ399001
2026-07-14 09:40:00,14447.820999999998,14543.589199999997,14447.820999999998,14449.554799999987,41056436,78629818189.1471,SZ399001
2026-07-14 09:45:00,14440.413699999996,14465.5561,14393.496199999994,14465.556099999993,37038345,70171522640.3231,SZ399001
2026-07-14 09:50:00,14467.915999999996,14473.5765,14413.454199999993,14467.371199999989,26844490,51166541808.6731,SZ399001
2026-07-14 09:55:00,14468.7628,14592.130300000006,14460.534099999992,14582.879099999993,23007769,49331076849.93413,SZ399001
2026-07-14 10:00:00,14584.987099999998,14587.323400000005,14544.166499999992,14553.39319999999,17297287,37466804927.65912,SZ399001
2026-07-14 10:05:00,14549.1427,14571.811600000006,14530.61239999999,14569.471399999991,16141783,34663868220.859116,SZ399001
2026-07-14 10:10:00,14569.2629,14578.706800000004,14525.559899999991,14534.280599999984,15231991,31808600736.022125,SZ399001
2026-07-14 10:15:00,14532.369600000002,14605.446100000006,14516.445499999989,14605.44609999998,14721064,31188134895.73412,SZ399001
2026-07-14 10:20:00,14608.298700000005,14676.174600000004,14598.46899999999,14676.06359999998,13647994,30167753090.96611,SZ399001
2026-07-14 10:25:00,14677.531400000003,14696.62930000001,14636.300999999994,14640.288299999993,13614403,32661269955.418118,SZ399001
2026-07-14 10:30:00,14639.609800000004,14639.969900000013,14587.356299999996,14612.308699999989,10944166,25804796758.83311,SZ399001
2026-07-14 10:35:00,14612.619700000005,14659.463000000003,14594.035499999998,14594.035499999984,9899446,21776567172.452106,SZ399001
2026-07-14 10:40:00,14591.0079,14591.007900000002,14546.717299999991,14574.06639999998,10672818,23622906270.836105,SZ399001
2026-07-14 10:45:00,14575.736400000002,14596.716800000006,14549.632499999989,14551.365599999965,8752294,18891473740.778103,SZ399001
2026-07-14 10:50:00,14553.050700000002,14559.557000000006,14484.770399999985,14486.27439999996,11772538,26270738140.920105,SZ399001
2026-07-14 10:55:00,14484.776500000002,14537.422500000008,14470.177599999986,14508.33889999996,11209682,24099879002.701115,SZ399001
2026-07-14 11:00:00,14505.173200000005,14524.396300000008,14463.61249999998,14469.506499999954,9154470,21801023906.54711,SZ399001
2026-07-14 11:05:00,14471.863900000002,14503.37170000001,14466.31069999998,14468.170399999954,8808068,18442941272.9971,SZ399001
2026-07-14 11:10:00,14467.919600000005,14483.426000000014,14414.79749999998,14421.003999999952,9625912,23070521317.641087,SZ399001
2026-07-14 11:15:00,14422.038600000003,14423.333100000014,14351.29339999998,14391.799599999951,12366543,26151507119.58309,SZ399001
2026-07-14 11:20:00,14392.688700000006,14438.446500000016,14378.80449999998,14395.925999999956,8319994,18670258243.54709,SZ399001
2026-07-14 11:25:00,14395.336000000008,14395.336000000018,14338.356999999984,14364.124599999954,8392682,17681777281.21409,SZ399001
2026-07-14 11:30:00,14364.211200000009,14461.89180000002,14361.34409999998,14461.20139999995,7302598,15468405612.792088,SZ399001
2026-07-14 13:05:00,14523.498900000006,14728.25590000003,14523.49889999998,14725.86609999996,20554590,53081057093.56609,SZ399001
2026-07-14 13:10:00,14726.533500000009,14796.640800000028,14726.378399999983,14796.640799999965,15086395,37394715383.3601,SZ399001
2026-07-14 13:15:00,14798.143900000006,14829.165800000028,14757.660899999986,14773.723799999969,14933895,36157587739.17711,SZ399001
2026-07-14 13:20:00,14773.896100000007,14798.81830000003,14708.680399999988,14715.438299999969,10183748,24913261664.71511,SZ399001
2026-07-14 13:25:00,14720.54500000001,14803.42480000003,14720.544999999987,14800.367899999965,8394106,22039944176.84411,SZ399001
2026-07-14 13:30:00,14801.318000000008,14836.037700000035,14775.517599999986,14835.068099999971,11528439,26370811981.46911,SZ399001
2026-07-14 13:35:00,14834.47160000001,14893.660900000035,14834.471599999986,14844.197599999974,14533727,33373699262.966103,SZ399001
2026-07-14 13:40:00,14845.138800000012,14862.19910000004,14823.57459999999,14830.045699999975,9232285,22374509256.816113,SZ399001
2026-07-14 13:45:00,14829.249300000012,14829.249300000038,14776.435799999992,14817.610299999977,8421962,20677080717.370106,SZ399001
2026-07-14 13:50:00,14812.945300000012,14812.945300000038,14752.940299999997,14777.000299999978,7742423,17652998046.7121,SZ399001
2026-07-14 13:55:00,14773.976500000012,14774.77670000004,14707.420899999992,14739.785299999974,8077163,18073804051.1191,SZ399001
2026-07-14 14:00:00,14737.18910000001,14782.265800000036,14735.237599999991,14759.87469999997,7066712,16040252051.431095,SZ399001
2026-07-14 14:05:00,14759.49140000001,14791.632400000037,14755.26429999999,14791.63239999997,8075158,14818008351.56009,SZ399001
2026-07-14 14:10:00,14793.361900000007,14827.29210000004,14791.40709999999,14796.322699999975,7408915,14998234591.44008,SZ399001
2026-07-14 14:15:00,14794.808700000009,14844.11100000004,14794.808699999992,14844.110999999984,7447737,14335935376.728079,SZ399001
2026-07-14 14:20:00,14842.023700000009,14842.023700000042,14815.245699999989,14815.245699999989,8003488,14853903525.823082,SZ399001
2026-07-14 14:25:00,14811.480200000007,14811.480200000042,14782.01599999999,14799.665199999985,7632609,14807991829.980083,SZ399001
2026-07-14 14:30:00,14800.621700000009,14823.649900000042,14797.82809999999,14822.931599999994,8065836,14090327223.468082,SZ399001
2026-07-14 14:35:00,14822.720200000003,14884.856300000043,14820.54909999999,14879.251199999988,10094244,19982049785.891087,SZ399001
2026-07-14 14:40:00,14877.756700000004,14900.65400000005,14872.857399999988,14900.653999999984,9074770,19764900250.995087,SZ399001
2026-07-14 14:45:00,14902.280500000004,14902.28050000005,14871.218099999984,14881.410299999989,11885700,23601673731.931076,SZ399001
2026-07-14 14:50:00,14882.827200000003,14907.581200000055,14879.501599999983,14905.969999999985,12211893,25231775171.764084,SZ399001
2026-07-14 14:55:00,14903.581300000003,14907.02260000005,14892.841599999989,14906.896799999986,16313126,31994998036.373093,SZ399001
2026-07-14 15:00:00,14907.283700000004,14924.867800000044,14905.957499999984,14924.867799999987,17035543,32291477008.28208,SZ399001
2026-07-15 09:35:00,14970.7702,14970.7702,14904.121899999996,14904.5271,82066472,175387991780.82,SZ399001
2026-07-15 09:40:00,14906.4858,14906.485800000002,14839.996299999992,14862.771699999994,50925504,97173881910.27104,SZ399001
2026-07-15 09:45:00,14861.743100000002,14919.951799999995,14801.666599999991,14917.491199999986,38396779,75370958666.63504,SZ399001
2026-07-15 09:50:00,14913.0816,15002.164599999996,14908.116299999989,14972.444199999974,32126912,63469856078.83104,SZ399001
2026-07-15 09:55:00,14977.290200000003,14988.613899999997,14912.94379999999,14929.194699999967,27800914,49721871939.66405,SZ399001
2026-07-15 10:00:00,14931.0124,14975.367199999988,14915.39069999999,14957.014199999963,21261758,38343970947.01406,SZ399001
2026-07-15 10:05:00,14955.4417,15011.205999999986,14948.00469999999,14988.83899999996,20775878,37311926438.792046,SZ399001
2026-07-15 10:10:00,14986.1184,14986.118399999985,14913.29299999999,14913.29299999996,17333797,33425071389.217056,SZ399001
2026-07-15 10:15:00,14912.917900000002,14928.232599999988,14877.58949999999,14927.394499999962,17754001,32920147064.58506,SZ399001
2026-07-15 10:20:00,14928.453400000004,14965.132799999988,14926.37349999999,14938.469999999958,13352350,26963457784.264084,SZ399001
2026-07-15 10:25:00,14940.669700000004,15010.121699999989,14940.669699999991,15009.38269999996,12415315,26406841890.210075,SZ399001
2026-07-15 10:30:00,15010.285200000006,15023.663499999991,14974.45689999999,15014.71539999997,10914667,23986379665.95608,SZ399001
2026-07-15 10:35:00,15015.634400000006,15041.32969999999,14977.308299999984,14998.887699999965,12264157,26002184165.97609,SZ399001
2026-07-15 10:40:00,14997.124800000003,14997.124799999983,14956.027899999992,14956.192899999964,11261064,22929648440.239082,SZ399001
2026-07-15 10:45:00,14956.345700000003,14974.842599999982,14927.44889999999,14944.368899999958,10691937,21097509069.175083,SZ399001
2026-07-15 10:50:00,14946.878700000005,14977.134699999986,14924.866699999991,14924.866699999948,10232181,19611277309.124077,SZ399001
2026-07-15 10:55:00,14924.343600000006,14924.343599999986,14887.295399999992,14894.838899999946,10315757,21120989566.256073,SZ399001
2026-07-15 11:00:00,14895.117800000004,14910.713999999982,14881.757299999988,14883.148299999952,8709865,15661949839.196085,SZ399001
2026-07-15 11:05:00,14881.530100000004,14881.530099999982,14852.639599999988,14858.077299999952,10250298,18818574419.596092,SZ399001
2026-07-15 11:10:00,14859.027200000006,14885.801199999978,14842.775199999993,14885.801199999953,8715874,16769559376.02409,SZ399001
2026-07-15 11:15:00,14884.628900000003,14910.669399999975,14865.534799999989,14907.954799999943,7656304,14488508713.555086,SZ399001
2026-07-15 11:20:00,14909.056900000003,14911.563399999975,14834.223399999988,14837.56859999995,8254873,16177541387.460087,SZ399001
2026-07-15 11:25:00,14835.923500000004,14835.92349999998,14806.440099999983,14809.75999999995,8650941,17797878110.993088,SZ399001
2026-07-15 11:30:00,14811.088400000004,14868.353499999976,14811.088399999986,14868.233899999945,7966137,15138988645.522083,SZ399001
2026-07-15 13:05:00,14875.369100000004,14883.266699999978,14828.159599999984,14828.70469999994,15092199,28800019263.247074,SZ399001
2026-07-15 13:10:00,14826.628300000002,14832.49299999998,14787.893799999983,14808.448099999943,10898799,20892877276.498074,SZ399001
2026-07-15 13:15:00,14807.436900000002,14813.952999999978,14770.856599999988,14788.61689999994,11962899,21792935574.285076,SZ399001
2026-07-15 13:20:00,14788.351400000003,14887.534399999984,14788.351399999989,14883.056799999944,9314810,18047832661.346077,SZ399001
2026-07-15 13:25:00,14881.774700000004,14896.443299999984,14843.350499999984,14888.470099999942,7375082,15465833637.342072,SZ399001
2026-07-15 13:30:00,14890.415500000005,14943.618899999983,14890.415499999985,14928.460799999946,8534425,18676355740.680073,SZ399001
2026-07-15 13:35:00,14929.288300000006,14944.408699999984,14893.061699999987,14893.061699999953,7572935,16196877165.50608,SZ399001
2026-07-15 13:40:00,14892.534600000005,14916.016999999987,14871.316899999989,14897.399799999945,7830697,14920455814.620075,SZ399001
2026-07-15 13:45:00,14902.045300000003,14952.263799999992,14902.045299999983,14932.629499999946,7565671,15845687945.515072,SZ399001
2026-07-15 13:50:00,14933.6956,14933.695599999992,14860.549899999984,14862.76269999995,8586192,16631917062.143082,SZ399001
2026-07-15 13:55:00,14862.5932,14886.988399999993,14860.581999999986,14884.61109999994,7014582,12719682360.648087,SZ399001
2026-07-15 14:00:00,14880.7166,14880.71659999999,14834.538299999986,14840.69329999994,6429177,12223005009.26909,SZ399001
2026-07-15 14:05:00,14840.628,14840.62799999999,14811.878399999992,14816.909799999945,8180252,14605416332.869087,SZ399001
2026-07-15 14:10:00,14819.265299999995,14819.41749999999,14796.104099999986,14796.10409999994,6583703,12604000782.64308,SZ399001
2026-07-15 14:15:00,14795.406399999996,14822.23999999999,14784.906299999984,14813.535999999938,7461458,14184356035.417076,SZ399001
2026-07-15 14:20:00,14811.207299999996,14827.84599999999,14790.393299999983,14790.393299999934,6664225,12562824074.97208,SZ399001
2026-07-15 14:25:00,14790.266899999997,14790.266899999988,14767.220399999978,14772.864599999932,7859260,15815946849.390081,SZ399001
2026-07-15 14:30:00,14773.980799999996,14814.099999999986,14773.980799999978,14787.714099999928,9819183,16055790557.310085,SZ399001
2026-07-15 14:35:00,14787.119599999996,14790.627699999985,14741.800599999977,14751.295599999932,10506509,21007707055.24209,SZ399001
2026-07-15 14:40:00,14750.767799999994,14772.426899999984,14742.800299999975,14756.470599999937,9085883,19248629249.179092,SZ399001
2026-07-15 14:45:00,14753.355099999995,14796.86109999999,14748.363599999975,14796.861099999942,11220598,21385225627.17108,SZ399001
2026-07-15 14:50:00,14796.962799999996,14811.000499999986,14757.56469999998,14765.81669999994,12302644,23408683713.824074,SZ399001
2026-07-15 14:55:00,14765.445899999995,14794.79049999998,14762.62899999998,14776.920599999936,15605082,28566965911.61707,SZ399001
2026-07-15 15:00:00,14776.194799999994,14780.15889999998,14773.886599999982,14779.396499999935,15424096,27099619478.965073,SZ399001
2026-07-16 09:35:00,14497.429,14523.0479,14392.9129,14397.823799999996,80014706,154835267082.05603,SZ399001
2026-07-16 09:40:00,14404.943500000005,14560.068900000011,14404.9435,14537.622400000006,43768704,82000574827.82101,SZ399001
2026-07-16 09:45:00,14534.743000000002,14601.140100000006,14528.602499999995,14598.683400000004,33110060,63589846350.079,SZ399001
2026-07-16 09:50:00,14598.196200000002,14657.825100000004,14597.870899999996,14652.556500000012,23835985,47196709046.84301,SZ399001
2026-07-16 09:55:00,14650.851700000005,14659.907800000004,14604.207399999994,14629.135900000008,20523105,38142147928.58802,SZ399001
2026-07-16 10:00:00,14632.619700000005,14732.5488,14632.619699999994,14714.691200000008,19992552,38144635598.64902,SZ399001
2026-07-16 10:05:00,14714.827400000007,14714.8537,14677.3746,14683.75190000001,17175972,32666470797.853012,SZ399001
2026-07-16 10:10:00,14682.763600000006,14768.9734,14673.658799999996,14768.973400000008,14224086,28329248170.964005,SZ399001
2026-07-16 10:15:00,14769.256600000008,14771.5314,14720.963499999998,14727.766300000008,14113452,28554070514.058006,SZ399001
2026-07-16 10:20:00,14732.09990000001,14780.459900000002,14732.099899999996,14750.496500000005,13095657,25857556823.321014,SZ399001
2026-07-16 10:25:00,14747.53920000001,14767.669800000003,14710.325299999997,14718.952600000004,13842616,24295980842.451015,SZ399001
2026-07-16 10:30:00,14721.291800000008,14743.260800000004,14704.362199999996,14729.465599999998,15091142,25661107413.28602,SZ399001
2026-07-16 10:35:00,14728.372800000006,14732.938800000004,14688.985599999993,14713.969100000002,15057471,27832036898.70303,SZ399001
2026-07-16 10:40:00,14715.509700000008,14716.014100000004,14672.122699999994,14672.122700000007,13074059,24614383096.489037,SZ399001
2026-07-16 10:45:00,14671.60210000001,14753.741500000006,14657.128099999993,14753.7415,12558391,24754807038.80504,SZ399001
2026-07-16 10:50:00,14756.848700000008,14773.173600000006,14735.876299999994,14758.3583,11188143,20491893077.39904,SZ399001
2026-07-16 10:55:00,14761.001600000009,14778.591500000006,14739.503499999992,14748.042000000003,8539595,17160091370.419046,SZ399001
2026-07-16 11:00:00,14745.626700000008,14753.0982,14729.111099999996,14733.353800000008,6986325,13462070557.117043,SZ399001
2026-07-16 11:05:00,14731.349100000009,14744.551200000002,14694.522500000005,14694.668600000008,6951746,13217408576.100033,SZ399001
2026-07-16 11:10:00,14695.119000000008,14721.599599999998,14685.172900000003,14699.292500000012,7608778,13599426610.980034,SZ399001
2026-07-16 11:15:00,14702.053100000006,14706.120699999998,14660.652600000005,14660.886900000009,6505400,13167520909.59104,SZ399001
2026-07-16 11:20:00,14660.507200000007,14675.139100000002,14617.366600000008,14617.623200000013,7521959,14938391857.456045,SZ399001
2026-07-16 11:25:00,14618.587400000006,14624.958500000004,14584.96330000001,14585.449100000018,7296466,17193566264.797054,SZ399001
2026-07-16 11:30:00,14590.777500000006,14658.705900000004,14590.777500000013,14657.065900000018,6178790,12266746688.560051,SZ399001
2026-07-16 13:05:00,14667.809600000006,14667.809600000004,14620.580300000009,14665.50250000002,11249995,21547419201.20504,SZ399001
2026-07-16 13:10:00,14667.820600000005,14676.893700000004,14623.26360000001,14623.263600000018,7991823,15040295256.13804,SZ399001
2026-07-16 13:15:00,14622.363100000004,14660.858700000004,14602.91250000001,14659.835100000011,9104185,16772652529.04104,SZ399001
2026-07-16 13:20:00,14659.615000000003,14696.685300000005,14635.451700000009,14693.325300000022,7634349,15402966551.961035,SZ399001
2026-07-16 13:25:00,14692.172400000009,14712.211900000004,14642.07390000001,14642.07390000002,7269356,14270819233.510036,SZ399001
2026-07-16 13:30:00,14641.547500000008,14641.547500000004,14607.733100000014,14607.73310000002,8659208,16766889820.955044,SZ399001
2026-07-16 13:35:00,14605.286700000006,14605.286700000002,14572.824900000012,14598.226600000018,10134680,19569727981.32605,SZ399001
2026-07-16 13:40:00,14594.989300000008,14594.989300000005,14548.403700000012,14561.798000000015,10355274,19273115499.77505,SZ399001
2026-07-16 13:45:00,14561.830800000009,14578.991400000004,14545.83450000001,14569.309800000015,9034857,16997318534.127052,SZ399001
2026-07-16 13:50:00,14571.038400000009,14572.400700000002,14530.349500000002,14531.794500000016,9602818,19479387080.301056,SZ399001
2026-07-16 13:55:00,14531.423300000008,14576.050100000006,14528.767500000004,14530.697400000014,9315278,18157793007.681057,SZ399001
2026-07-16 14:00:00,14529.707600000009,14541.042400000002,14526.231600000005,14536.440400000009,7135350,14190427299.134062,SZ399001
2026-07-16 14:05:00,14536.130700000009,14556.3278,14514.694400000002,14534.1203,9772871,17539199014.680065,SZ399001
2026-07-16 14:10:00,14537.544500000007,14586.633899999992,14530.392300000009,14530.8283,8056125,16454824186.657064,SZ399001
2026-07-16 14:15:00,14529.85690000001,14539.869699999994,14504.44690000001,14504.4469,8049249,15547490906.697073,SZ399001
2026-07-16 14:20:00,14503.916800000008,14503.916799999995,14486.970600000011,14486.970599999995,8109509,16659430084.740067,SZ399001
2026-07-16 14:25:00,14487.059700000009,14510.565799999997,14476.505800000014,14490.792499999998,9420764,18928734563.093063,SZ399001
2026-07-16 14:30:00,14490.289200000008,14502.318999999996,14476.098700000017,14481.818699999994,8367097,16520214660.042068,SZ399001
2026-07-16 14:35:00,14478.307500000006,14484.736399999994,14439.321500000018,14439.32149999999,12455453,22198433954.372055,SZ399001
2026-07-16 14:40:00,14437.715200000006,14443.637999999992,14406.623900000024,14427.536999999997,13496987,26859180676.402054,SZ399001
2026-07-16 14:45:00,14430.135100000003,14457.585699999992,14422.079000000023,14426.457399999988,13105244,25768362565.806053,SZ399001
2026-07-16 14:50:00,14425.501000000006,14429.563699999986,14386.546200000024,14387.14849999999,14745125,29722789077.291054,SZ399001
2026-07-16 14:55:00,14386.806700000006,14450.25089999998,14386.414000000022,14449.84219999998,18398268,35111405550.709045,SZ399001
2026-07-16 15:00:00,14451.337600000004,14488.654099999982,14451.25000000002,14488.654099999982,16249428,28606126829.291046,SZ399001
2026-07-17 09:35:00,14348.2151,14350.4678,14046.7574,14063.2848,76632344,155707999693.483,SZ399001
2026-07-17 09:40:00,14070.7949,14185.1854,14058.3067,14175.1142,48219297,96629179509.51599,SZ399001
2026-07-17 09:45:00,14167.3465,14193.299,14131.642,14131.642,36138080,63204646594.309006,SZ399001
2026-07-17 09:50:00,14127.5544,14135.3281,14055.4074,14134.235,34772920,60043689965.759,SZ399001
2026-07-17 09:55:00,14128.5972,14198.6363,14104.0837,14179.8945,26876089,46706304364.573,SZ399001
2026-07-17 10:00:00,14171.3184,14203.8866,14154.9152,14157.6711,20595777,38226165593.417,SZ399001
2026-07-17 10:05:00,14157.3322,14178.1997,14097.2614,14178.1997,21177251,35681955370.093994,SZ399001
2026-07-17 10:10:00,14178.7175,14178.7175,14093.8701,14094.2023,16572805,27982352595.600002,SZ399001
2026-07-17 10:15:00,14093.0269,14109.6768,14053.2584,14091.5127,16278799,27671752802.263,SZ399001
2026-07-17 10:20:00,14088.2717,14134.7679,14064.9637,14082.1757,12276633,21662077241.849003,SZ399001
2026-07-17 10:25:00,14081.234,14081.234,14037.2859,14071.8297,12557468,21479470404.967003,SZ399001
2026-07-17 10:30:00,14070.969,14070.969,14010.8106,14023.1323,11696204,21176362782.169,SZ399001
2026-07-17 10:35:00,14021.738,14021.738,13990.0727,13991.7825,14806627,25754760550.071,SZ399001
2026-07-17 10:40:00,13991.5305,13994.1955,13952.4979,13986.7168,14776923,28064735068.037,SZ399001
2026-07-17 10:45:00,13985.2985,14005.2277,13924.3163,13924.3163,12516418,24054971554.788002,SZ399001
2026-07-17 10:50:00,13922.7563,13960.1059,13871.71,13877.9018,14519773,28036972651.403,SZ399001
2026-07-17 10:55:00,13883.9212,13913.3421,13872.5702,13882.8561,10387698,21025241635.209,SZ399001
2026-07-17 11:00:00,13891.1728,13985.1931,13891.1728,13965.7141,9445909,18801221582.132,SZ399001
2026-07-17 11:05:00,13968.3813,14074.9236,13967.6211,14063.5349,10836432,21197080006.329002,SZ399001
2026-07-17 11:10:00,14064.08,14074.7911,14014.2585,14016.3003,9436920,18236763426.972,SZ399001
2026-07-17 11:15:00,14015.3257,14015.3257,13958.992,14001.0199,7957759,14788430329.657001,SZ399001
2026-07-17 11:20:00,14001.0384,14025.3674,13952.5865,13956.0036,7939947,15055886624.183998,SZ399001
2026-07-17 11:25:00,13958.225,13969.0135,13943.4838,13947.3745,7433698,13675470335.223999,SZ399001
2026-07-17 11:30:00,13948.7368,13974.5207,13942.3425,13953.2559,7218171,13210857021.732998,SZ399001
2026-07-17 13:05:00,13940.7026,13940.7026,13872.8709,13876.2185,15962202,27745730422.039,SZ399001
2026-07-17 13:10:00,13878.135,13880.8797,13834.7357,13862.6985,11696327,21638625116.505,SZ399001
2026-07-17 13:15:00,13866.2698,13891.6383,13821.8535,13827.1789,11721255,22494919904.011997,SZ399001
2026-07-17 13:20:00,13827.5475,13841.1532,13793.6062,13793.6062,11274998,21906980537.233,SZ399001
2026-07-17 13:25:00,13793.4004,13793.4004,13760.3641,13763.546,13375406,24021136977.128,SZ399001
2026-07-17 13:30:00,13761.9596,13838.9122,13745.7601,13797.34,13555219,21662037469.088,SZ399001
2026-07-17 13:35:00,13798.0307,13811.268,13731.569,13733.3343,10544469,19317760333.177,SZ399001
2026-07-17 13:40:00,13731.809,13732.4447,13655.3148,13655.3148,16018515,27164064194.274998,SZ399001
2026-07-17 13:45:00,13655.5564,13674.7663,13607.1024,13607.3585,16766275,29497648120.631,SZ399001
2026-07-17 13:50:00,13606.76,13704.5514,13586.4888,13704.5514,17141844,30253188772.587997,SZ399001
2026-07-17 13:55:00,13706.8656,13729.1249,13662.0654,13685.8935,11334880,20068015653.85,SZ399001
2026-07-17 14:00:00,13684.9958,13814.9948,13668.717,13814.9948,11315153,21130572915.238,SZ399001
2026-07-17 14:05:00,13815.2505,13939.5398,13815.2505,13891.6413,15104444,29949503213.395996,SZ399001
2026-07-17 14:10:00,13890.2505,13929.4997,13846.7911,13926.1756,10448651,19680395287.201,SZ399001
2026-07-17 14:15:00,13926.8957,14025.7693,13926.8957,14017.0396,12138431,25402270999.224,SZ399001
2026-07-17 14:20:00,14016.926,14020.3597,13921.1575,13921.1575,9189968,19503222623.612,SZ399001
2026-07-17 14:25:00,13919.3565,13983.861,13911.7204,13950.7387,8008813,15750287514.203,SZ399001
2026-07-17 14:30:00,13952.5587,13985.075,13920.3514,13920.3514,8557382,15075478683.995,SZ399001
2026-07-17 14:35:00,13923.3081,13944.7466,13907.8728,13940.45,8407172,15688907507.343,SZ399001
2026-07-17 14:40:00,13938.7986,13938.7986,13849.0016,13852.3692,9848576,17751285859.921,SZ399001
2026-07-17 14:45:00,13850.8456,13855.1627,13808.4733,13810.8049,11722064,21171251644.376,SZ399001
2026-07-17 14:50:00,13809.6622,13809.6622,13768.6541,13768.7802,13923040,24386960924.887,SZ399001
2026-07-17 14:55:00,13765.286,13766.6681,13699.7226,13702.276,18068211,31430110281.301,SZ399001
2026-07-17 15:00:00,13701.5978,13724.8115,13701.5978,13706.8841,16577158,27748603398.406,SZ399001
2026-07-20 09:35:00,13869.0557,13951.060699999998,13842.7479,13951.060700000002,84022287,170645126507.915,SZ399001
2026-07-20 09:40:00,13950.1391,13972.9922,13923.0408,13923.040800000002,41212420,77067260447.621,SZ399001
2026-07-20 09:45:00,13919.440899999996,13947.3032,13854.709499999995,13898.6708,35139326,65673987807.120026,SZ399001
2026-07-20 09:50:00,13899.462399999997,13899.462400000002,13814.6878,13815.990900000004,27629618,51222511021.387054,SZ399001
2026-07-20 09:55:00,13815.378799999991,13815.3788,13717.1853,13717.185300000005,26974856,58224087664.95706,SZ399001
2026-07-20 10:00:00,13723.636899999996,13872.7566,13723.6369,13861.269800000013,24965759,46209996142.003044,SZ399001
2026-07-20 10:05:00,13861.823099999994,13925.139700000009,13831.411300000003,13918.66810000002,19635375,33903478217.430046,SZ399001
2026-07-20 10:10:00,13915.605599999995,13915.605600000006,13819.487400000002,13827.897400000013,17054083,32012846134.48604,SZ399001
2026-07-20 10:15:00,13828.904499999995,13828.904500000004,13757.396500000004,13763.530000000012,16824495,35797139979.349045,SZ399001
2026-07-20 10:20:00,13762.953099999992,13763.024000000005,13685.548600000007,13725.963800000016,17608061,35257123376.06906,SZ399001
2026-07-20 10:25:00,13728.852699999992,13734.323700000004,13653.962800000014,13678.45440000002,15987729,31876107368.331062,SZ399001
2026-07-20 10:30:00,13680.651999999993,13706.379,13636.381900000017,13636.38190000002,13009672,24283171163.031055,SZ399001
2026-07-20 10:35:00,13630.820099999994,13653.7084,13593.564500000017,13594.803500000013,19097573,34600666722.87506,SZ399001
2026-07-20 10:40:00,13595.065399999992,13659.0308,13574.088400000008,13645.064400000016,15744494,29955057026.722054,SZ399001
2026-07-20 10:45:00,13644.82419999999,13706.255699999998,13637.729200000003,13706.255700000014,9469586,19774761682.100044,SZ399001
2026-07-20 10:50:00,13707.508499999987,13785.080200000002,13706.513900000004,13785.016700000022,11628972,22571358978.054028,SZ399001
2026-07-20 10:55:00,13785.402899999988,13787.874900000004,13741.2112,13741.211200000018,8409795,16394396621.524025,SZ399001
2026-07-20 11:00:00,13740.000999999987,13831.298700000008,13740.001,13830.62790000001,7433096,14771217851.589027,SZ399001
2026-07-20 11:05:00,13834.513299999988,13877.970600000011,13833.531199999998,13877.970600000011,9540495,20429483683.58003,SZ399001
2026-07-20 11:10:00,13879.306799999988,13879.80200000001,13825.1436,13839.521200000014,7073515,15544538977.939022,SZ399001
2026-07-20 11:15:00,13840.619999999986,13861.999900000015,13810.2162,13811.93270000002,5728947,12200678682.755024,SZ399001
2026-07-20 11:20:00,13812.487899999987,13826.625800000016,13763.119199999996,13763.119200000012,6077598,11244894386.802025,SZ399001
2026-07-20 11:25:00,13760.929199999988,13761.198000000017,13720.8895,13755.126000000011,6076891,11257788396.504028,SZ399001
2026-07-20 11:30:00,13756.750999999986,13774.884400000014,13731.9253,13735.814100000014,5894737,11000897690.201027,SZ399001
2026-07-20 13:05:00,13739.225599999983,13765.67060000001,13693.5882,13732.207400000008,14356505,24662141434.585022,SZ399001
2026-07-20 13:10:00,13732.585499999986,13732.585500000008,13685.909100000004,13708.702000000008,9439120,16343273605.936028,SZ399001
2026-07-20 13:15:00,13711.031199999985,13721.745100000006,13667.966400000005,13667.966400000012,10633701,17656795441.000023,SZ399001
2026-07-20 13:20:00,13667.181599999984,13675.707200000008,13622.466600000003,13666.28030000001,11921617,20398498712.345024,SZ399001
2026-07-20 13:25:00,13661.597099999984,13662.433700000009,13615.632300000008,13615.632300000008,10324469,17063126534.56302,SZ399001
2026-07-20 13:30:00,13615.605499999983,13629.042000000009,13586.344000000005,13586.5866,11586626,19921760596.797024,SZ399001
2026-07-20 13:35:00,13586.227999999985,13602.216600000009,13551.864300000005,13557.596400000004,15066224,25003573726.97402,SZ399001
2026-07-20 13:40:00,13559.159799999985,13580.294300000009,13489.4805,13489.480499999996,17958924,26419843633.56202,SZ399001
2026-07-20 13:45:00,13489.629399999983,13545.519300000007,13459.6216,13459.6216,16311763,25042711480.856014,SZ399001
2026-07-20 13:50:00,13457.390299999986,13533.839300000009,13420.885500000008,13501.6884,20287109,29337988663.213017,SZ399001
2026-07-20 13:55:00,13504.198299999984,13541.658100000008,13433.248500000002,13434.464999999997,10825382,17609101095.91002,SZ399001
2026-07-20 14:00:00,13434.250299999983,13448.93220000001,13411.743200000006,13439.822300000003,13419424,20077477586.577023,SZ399001
2026-07-20 14:05:00,13442.264599999984,13570.26300000001,13433.667700000004,13569.548800000006,12530715,20501587635.98102,SZ399001
2026-07-20 14:10:00,13566.623599999984,13580.00280000001,13474.720500000009,13474.720500000005,9871472,16485259989.711023,SZ399001
2026-07-20 14:15:00,13471.767299999983,13493.50690000001,13454.438100000008,13477.250300000009,9832308,16030011017.212029,SZ399001
2026-07-20 14:20:00,13474.719499999985,13489.316400000009,13458.05600000001,13475.057999999992,8479345,13648406392.136026,SZ399001
2026-07-20 14:25:00,13477.248899999982,13496.028600000009,13399.540500000012,13399.540499999996,11082513,16901601771.141022,SZ399001
2026-07-20 14:30:00,13397.336199999982,13468.154400000005,13395.783400000011,13420.907,12139829,20108790165.102036,SZ399001
2026-07-20 14:35:00,13420.411299999982,13427.304900000006,13342.932900000013,13368.2161,15745178,26730806603.79804,SZ399001
2026-07-20 14:40:00,13367.73559999998,13392.554500000004,13349.352600000018,13371.80580000001,14800898,25236410828.157047,SZ399001
2026-07-20 14:45:00,13370.15819999998,13531.772700000003,13370.158200000018,13518.670100000016,15849300,27784594118.73905,SZ399001
2026-07-20 14:50:00,13522.00999999998,13557.404600000003,13516.30690000002,13557.404600000013,14326477,25683171101.604057,SZ399001
2026-07-20 14:55:00,13558.65069999998,13615.031300000006,13558.65070000002,13597.566400000012,16896212,30887222724.965065,SZ399001
2026-07-20 15:00:00,13600.67379999998,13610.231500000004,13597.304600000023,13610.231500000014,14986757,22819066410.809074,SZ399001
2026-07-21 09:35:00,13656.0848,13688.419100000005,13599.7544,13670.986700000009,78122120,138938931535.19507,SZ399001
2026-07-21 09:40:00,13677.780000000002,13761.868800000011,13655.205,13720.13290000002,44968777,78132104697.04004,SZ399001
2026-07-21 09:45:00,13718.6117,13740.14920000001,13689.484900000003,13691.045000000018,37928062,64605068703.26305,SZ399001
2026-07-21 09:50:00,13689.089800000002,13722.192300000012,13651.743,13652.156600000026,32780823,56542229142.27005,SZ399001
2026-07-21 09:55:00,13650.258200000004,13650.299200000014,13582.975399999994,13584.26060000002,31391226,57115238880.322044,SZ399001
2026-07-21 10:00:00,13582.624700000006,13590.928200000011,13493.637999999986,13527.56440000001,33380012,55865271290.10002,SZ399001
2026-07-21 10:05:00,13526.574300000007,13530.061800000014,13435.556999999986,13435.69470000001,33088227,55506223455.694,SZ399001
2026-07-21 10:10:00,13433.995000000008,13493.026600000016,13370.766399999986,13370.766400000011,30544613,49053792853.33298,SZ399001
2026-07-21 10:15:00,13368.945000000009,13459.11710000002,13364.407699999989,13459.117100000012,27486542,45708088993.80697,SZ399001
2026-07-21 10:20:00,13462.511400000009,13510.04970000002,13430.833699999988,13434.691600000007,16500735,29296826488.95597,SZ399001
2026-07-21 10:25:00,13433.685800000008,13607.746500000016,13433.153699999988,13607.746500000005,18741201,33644354212.075962,SZ399001
2026-07-21 10:30:00,13609.965200000008,13637.505200000018,13573.326399999987,13631.866700000002,14938470,28506901821.185978,SZ399001
2026-07-21 10:35:00,13634.978900000007,13712.424600000018,13634.35799999999,13684.59710000001,17439205,32719600349.47399,SZ399001
2026-07-21 10:40:00,13682.435200000007,13751.70250000002,13675.18869999999,13751.702500000009,17165689,35123922196.22899,SZ399001
2026-07-21 10:45:00,13755.331400000008,13755.33140000002,13666.0408,13671.812200000011,13992182,27297006041.723995,SZ399001
2026-07-21 10:50:00,13674.15920000001,13818.05010000002,13673.6596,13815.900400000011,15105214,28391743255.834007,SZ399001
2026-07-21 10:55:00,13812.84710000001,13840.242600000023,13773.201100000002,13840.242600000014,14742380,31037114844.821003,SZ399001
2026-07-21 11:00:00,13841.93310000001,13898.349800000024,13841.933100000002,13883.266600000015,15648821,33790374761.667995,SZ399001
2026-07-21 11:05:00,13883.28880000001,13960.789500000024,13881.190800000002,13958.80920000001,18553771,38064699227.61999,SZ399001
2026-07-21 11:10:00,13959.319300000008,14022.81310000002,13949.8271,13999.866800000009,19907065,44872277012.41898,SZ399001
2026-07-21 11:15:00,13997.473900000008,14001.61970000002,13938.657899999998,13955.46700000001,14586944,31917227728.318993,SZ399001
2026-07-21 11:20:00,13957.789800000006,14009.435700000022,13957.7898,13963.496900000016,10378426,22318767941.477,SZ399001
2026-07-21 11:25:00,13965.623500000009,14013.69030000002,13947.378000000004,14013.690300000022,9239856,19205458338.332993,SZ399001
2026-07-21 11:30:00,14011.507500000003,14075.211000000028,14011.188000000004,14074.216300000036,10575553,24390819725.085,SZ399001
2026-07-21 13:05:00,14086.307600000006,14171.161900000032,14086.307600000006,14155.22100000004,23661833,52831724947.89898,SZ399001
2026-07-21 13:10:00,14159.082000000004,14173.807800000031,14101.697600000009,14119.968800000044,14832166,30344318575.220974,SZ399001
2026-07-21 13:15:00,14124.085,14144.118000000031,14097.444000000009,14100.975400000045,11260223,23098925912.44397,SZ399001
2026-07-21 13:20:00,14101.763800000002,14101.763800000032,14044.678900000006,14056.07790000004,13229357,26527377037.87598,SZ399001
2026-07-21 13:25:00,14053.941700000005,14053.941700000032,14009.7025,14049.492200000032,9617022,20025020279.924976,SZ399001
2026-07-21 13:30:00,14047.008100000005,14094.662700000032,14043.5965,14086.052600000035,7473708,15232770689.344976,SZ399001
2026-07-21 13:35:00,14086.310200000004,14114.352700000034,14048.868799999991,14049.793800000036,9558670,17036978569.194973,SZ399001
2026-07-21 13:40:00,14048.5186,14087.454500000027,14048.51859999999,14086.225500000037,7128492,13602781024.128973,SZ399001
2026-07-21 13:45:00,14087.522800000002,14110.014700000023,14085.773399999998,14103.414400000034,6359680,12927631358.514969,SZ399001
2026-07-21 13:50:00,14103.876900000005,14134.059800000028,14097.3263,14134.05980000004,7031963,14062555057.782963,SZ399001
2026-07-21 13:55:00,14136.911900000005,14168.168100000032,14129.493899999998,14168.16810000004,7380212,15822137245.28597,SZ399001
2026-07-21 14:00:00,14167.680600000003,14178.743600000033,14118.187799999996,14119.882600000035,7971296,16049624387.664967,SZ399001
2026-07-21 14:05:00,14120.485800000004,14181.074200000035,14120.485799999997,14180.448900000032,8357949,15128362161.963966,SZ399001
2026-07-21 14:10:00,14180.584000000004,14203.388100000038,14173.133399999995,14199.086700000027,7686615,16098826128.225958,SZ399001
2026-07-21 14:15:00,14199.081600000003,14208.79510000004,14172.6949,14201.55650000003,8331066,16469032830.71296,SZ399001
2026-07-21 14:20:00,14201.314000000006,14224.24300000004,14201.270300000002,14216.536300000032,8138763,17182020575.845966,SZ399001
2026-07-21 14:25:00,14217.420800000007,14217.94130000004,14202.880900000007,14213.091700000035,8499686,16423448979.149967,SZ399001
2026-07-21 14:30:00,14212.873200000007,14217.62250000004,14170.335900000007,14186.335800000032,9981868,17569703067.973957,SZ399001
2026-07-21 14:35:00,14186.499700000008,14221.499100000048,14186.499700000008,14221.285600000034,10765314,18439210719.579952,SZ399001
2026-07-21 14:40:00,14222.764700000009,14232.729100000046,14221.250600000008,14232.55730000003,11859017,20136917942.50096,SZ399001
2026-07-21 14:45:00,14233.28650000001,14262.111700000049,14231.898200000003,14262.11170000003,12119124,22054640622.781967,SZ399001
2026-07-21 14:50:00,14261.516200000007,14261.519200000048,14232.242600000009,14242.198000000031,13585538,24573251213.340965,SZ399001
2026-07-21 14:55:00,14242.104000000008,14257.528400000048,14241.149800000008,14257.38780000003,16650202,28553874426.237965,SZ399001
2026-07-21 15:00:00,14256.840900000008,14264.796600000049,14256.840900000008,14264.291500000028,17225657,28339880283.534958,SZ399001
2026-07-22 09:35:00,14169.9711,14300.148900000002,14159.9053,14299.454900000012,77710762,172259171104.044,SZ399001
2026-07-22 09:40:00,14298.712899999997,14331.554000000002,14272.1688,14275.816900000009,44327957,94181997069.64008,SZ399001
2026-07-22 09:45:00,14276.7735,14285.3799,14226.652500000002,14285.379900000004,37928224,76654175458.56808,SZ399001
2026-07-22 09:50:00,14288.514199999998,14332.210899999998,14288.5142,14296.994300000008,26503793,57071383724.01109,SZ399001
2026-07-22 09:55:00,14300.2953,14338.5636,14251.324600000004,14251.324600000004,27312686,55222069735.01811,SZ399001
2026-07-22 10:00:00,14252.071999999998,14324.642899999995,14240.998100000006,14324.642900000012,22709876,47370597253.69812,SZ399001
2026-07-22 10:05:00,14325.889499999996,14331.506399999997,14278.55730000001,14313.637600000018,18769450,37025034860.13312,SZ399001
2026-07-22 10:10:00,14308.254199999998,14322.288599999994,14284.206600000009,14300.779100000012,16877312,34075709768.971123,SZ399001
2026-07-22 10:15:00,14300.5299,14321.482399999992,14290.280700000008,14290.280700000008,16823137,30391154687.27913,SZ399001
2026-07-22 10:20:00,14293.1186,14344.612599999991,14293.118600000009,14336.973500000004,15815291,31279449889.34614,SZ399001
2026-07-22 10:25:00,14337.155,14360.365799999992,14317.83610000001,14328.276000000003,14978714,31683829094.902134,SZ399001
2026-07-22 10:30:00,14329.3274,14356.842899999996,14325.159500000009,14353.491000000004,11673444,22900680781.641144,SZ399001
2026-07-22 10:35:00,14355.1719,14355.171899999996,14298.550700000003,14300.8496,14356916,30037941390.68814,SZ399001
2026-07-22 10:40:00,14302.084399999998,14310.820799999996,14256.981500000004,14274.333799999997,12989453,28056057082.21515,SZ399001
2026-07-22 10:45:00,14273.0388,14282.17729999999,14215.933000000005,14253.02689999999,15575555,31609002226.326157,SZ399001
2026-07-22 10:50:00,14253.2357,14276.38119999999,14241.093900000003,14276.381199999989,10089599,20563136841.869156,SZ399001
2026-07-22 10:55:00,14276.7098,14316.43359999999,14269.937800000003,14312.133899999992,9167852,17512271659.776157,SZ399001
2026-07-22 11:00:00,14310.2424,14310.24239999999,14268.555999999997,14275.58359999999,7896936,14929933943.984154,SZ399001
2026-07-22 11:05:00,14273.8841,14274.14909999999,14217.043199999993,14219.834099999982,12872050,20688943907.510147,SZ399001
2026-07-22 11:10:00,14219.3096,14230.124999999987,14193.168699999993,14227.396199999985,10278473,19240543110.223145,SZ399001
2026-07-22 11:15:00,14228.2363,14271.213299999989,14228.236299999991,14264.147799999975,8040537,15497115540.265137,SZ399001
2026-07-22 11:20:00,14265.475,14288.459399999989,14257.74329999999,14282.822499999971,7051744,14679498585.960136,SZ399001
2026-07-22 11:25:00,14284.8769,14319.783299999992,14284.701699999989,14317.222899999975,7957422,16564473296.195143,SZ399001
2026-07-22 11:30:00,14317.184699999998,14355.188699999992,14316.375899999992,14351.913599999974,7281281,15803424473.897148,SZ399001
2026-07-22 13:05:00,14349.982299999996,14349.982299999992,14265.970399999998,14265.970399999978,13750668,28380147827.68616,SZ399001
2026-07-22 13:10:00,14263.840499999997,14288.978099999997,14251.459199999996,14255.53689999998,7679318,15357234311.085167,SZ399001
2026-07-22 13:15:00,14254.060599999995,14255.620099999998,14227.233599999998,14244.82939999998,6943120,15552255799.372175,SZ399001
2026-07-22 13:20:00,14245.743099999998,14245.743099999998,14182.704099999994,14220.59109999998,8824115,19411980410.32018,SZ399001
2026-07-22 13:25:00,14218.167299999996,14218.167300000005,14174.33549999999,14179.594799999975,8624904,18697935542.21218,SZ399001
2026-07-22 13:30:00,14182.103699999996,14186.368100000003,14139.349499999986,14152.700699999972,10960812,25331095157.84318,SZ399001
2026-07-22 13:35:00,14149.443199999996,14162.695699999997,14117.525899999984,14162.695699999967,10487043,24181801289.165184,SZ399001
2026-07-22 13:40:00,14164.518899999995,14196.6109,14144.200299999984,14149.39409999997,8959188,17412116107.18118,SZ399001
2026-07-22 13:45:00,14147.026999999996,14175.648000000005,14135.663599999982,14164.805399999972,7322582,14034521920.380178,SZ399001
2026-07-22 13:50:00,14164.410599999992,14186.675600000006,14156.33259999998,14164.981999999967,6091308,12653609976.692177,SZ399001
2026-07-22 13:55:00,14163.10939999999,14164.711500000005,14124.768699999984,14124.768699999966,6855615,13955290047.563175,SZ399001
2026-07-22 14:00:00,14124.06349999999,14124.063500000006,14073.924399999984,14088.128499999966,9147165,20701683248.169178,SZ399001
2026-07-22 14:05:00,14089.746899999993,14115.461000000008,14062.993199999984,14062.993199999975,9275607,19043600842.607174,SZ399001
2026-07-22 14:10:00,14061.49449999999,14061.494500000008,14020.583799999986,14025.88049999998,11293124,23106465612.584167,SZ399001
2026-07-22 14:15:00,14023.70149999999,14023.70150000001,13988.5055,14013.2096,9616991,21550326982.54607,SZ399001
2026-07-22 14:20:00,14013.3785,14088.096300000005,14007.4677,14065.486300000002,7768476,17344818251.781,SZ399001
2026-07-22 14:25:00,14066.9168,14132.0024,14066.9168,14120.041400000007,7662865,16026078352.316998,SZ399001
2026-07-22 14:30:00,14118.949299999998,14118.949300000002,14054.930499999997,14054.930500000008,6796817,12556297826.096004,SZ399001
2026-07-22 14:35:00,14051.781399999998,14107.959200000005,14041.852499999995,14075.80670000001,10119124,16793959345.742012,SZ399001
2026-07-22 14:40:00,14078.482399999995,14080.530200000005,14045.931999999995,14057.737000000016,7413774,14378942401.327015,SZ399001
2026-07-22 14:45:00,14057.874499999998,14093.125700000006,14050.978999999998,14073.153900000014,9522425,17644043823.515015,SZ399001
2026-07-22 14:50:00,14071.7216,14074.240200000006,14049.794499999998,14050.604800000016,11290969,21359480887.172016,SZ399001
2026-07-22 14:55:00,14050.423599999998,14070.059200000009,14048.6522,14058.56440000002,14642922,26922516452.34202,SZ399001
2026-07-22 15:00:00,14058.333899999998,14061.435300000008,14053.055199999995,14061.43530000002,15328938,27503157519.319016,SZ399001
2026-07-23 09:35:00,14116.021,14130.861399999998,14031.385099999998,14111.547899999989,61672005,127394935868.80101,SZ399001
2026-07-23 09:40:00,14116.553599999996,14167.262099999993,14098.181999999995,14118.53959999998,37226941,73039163436.09302,SZ399001
2026-07-23 09:45:00,14112.934999999998,14137.565499999992,14062.966899999996,14132.410099999976,26798474,56940266835.46402,SZ399001
2026-07-23 09:50:00,14136.958699999996,14148.310599999995,14106.264199999992,14143.706099999976,24745981,47417842261.26305,SZ399001
2026-07-23 09:55:00,14144.936999999994,14203.578999999996,14119.499299999992,14197.542499999974,21910925,42741145654.97405,SZ399001
2026-07-23 10:00:00,14194.188699999992,14203.635199999992,14133.83199999999,14136.21539999998,19348730,36285476138.729065,SZ399001
2026-07-23 10:05:00,14133.220299999994,14133.220299999994,14077.905799999988,14107.72439999998,23204507,41108680108.030075,SZ399001
2026-07-23 10:10:00,14111.161199999997,14137.900299999998,14093.994199999986,14127.223099999976,18254087,33657740343.60906,SZ399001
2026-07-23 10:15:00,14126.581499999997,14154.401999999998,14120.984099999983,14122.656099999977,14239975,27817861146.418053,SZ399001
2026-07-23 10:20:00,14122.748099999995,14128.435399999998,14088.474499999982,14106.966099999976,15144446,28589988662.801056,SZ399001
2026-07-23 10:25:00,14107.130999999998,14145.04379999999,14089.54789999998,14090.966299999978,13670483,25958861823.890053,SZ399001
2026-07-23 10:30:00,14090.4063,14090.406299999991,14039.94299999998,14064.527099999985,14434585,30059349503.89904,SZ399001
2026-07-23 10:35:00,14065.604899999998,14101.309299999992,14061.61409999998,14066.166599999977,9613833,19095989270.85505,SZ399001
2026-07-23 10:40:00,14064.518999999998,14110.414299999997,14063.16349999998,14082.860599999976,9109481,16741714709.216055,SZ399001
2026-07-23 10:45:00,14082.5645,14122.288899999989,14081.28459999997,14081.284599999966,9216915,18155280509.73806,SZ399001
2026-07-23 10:50:00,14080.750499999998,14101.895999999986,14061.55249999997,14073.09349999996,9886678,21501921489.80206,SZ399001
2026-07-23 10:55:00,14072.942599999997,14105.203699999987,14070.777599999965,14084.279599999958,9182208,18754579126.92506,SZ399001
2026-07-23 11:00:00,14083.739999999994,14092.376799999987,14064.594699999969,14084.405999999955,7915448,18222547160.521065,SZ399001
2026-07-23 11:05:00,14082.758799999994,14090.253799999988,14027.71419999997,14031.215099999954,10637759,19242784817.32306,SZ399001
2026-07-23 11:10:00,14030.893799999994,14034.138699999994,13995.44779999997,14008.016399999957,9604227,19943024271.56605,SZ399001
2026-07-23 11:15:00,14008.275499999994,14080.575500000004,13991.830299999969,14080.575499999955,8008260,16175881579.059048,SZ399001
2026-07-23 11:20:00,14082.014599999997,14085.194,14042.681499999975,14052.988099999957,6363463,12867332785.022047,SZ399001
2026-07-23 11:25:00,14051.202299999995,14068.0436,14019.579799999976,14020.348699999948,5887038,11447513354.750042,SZ399001
2026-07-23 11:30:00,14021.394899999998,14035.5927,13998.818699999974,14035.010999999946,5921994,11529069524.665043,SZ399001
2026-07-23 13:05:00,14046.318899999998,14096.9415,14046.318899999971,14054.475399999948,12367575,23249428682.41704,SZ399001
2026-07-23 13:10:00,14053.3196,14138.302899999995,14046.37359999998,14138.302899999948,10339736,18314658839.931034,SZ399001
2026-07-23 13:15:00,14134.7579,14134.757899999997,14082.856999999978,14088.270999999944,9970205,17059557588.04104,SZ399001
2026-07-23 13:20:00,14084.7097,14096.384799999994,14047.48609999997,14050.061099999944,8185678,15249281237.221039,SZ399001
2026-07-23 13:25:00,14051.6139,14091.036499999998,14051.61389999997,14071.019099999949,6157219,11617280351.786041,SZ399001
2026-07-23 13:30:00,14071.7091,14137.570699999991,14071.709099999964,14116.682299999931,10303815,15693962150.680042,SZ399001
2026-07-23 13:35:00,14114.507200000002,14165.238999999994,14102.939999999966,14164.67269999992,13377210,19185087234.861046,SZ399001
2026-07-23 13:40:00,14165.272300000002,14182.183999999992,14140.752099999958,14165.402499999924,11215805,19404286372.67804,SZ399001
2026-07-23 13:45:00,14164.1353,14164.49179999999,14120.265199999954,14129.19859999992,8682317,15530603884.34503,SZ399001
2026-07-23 13:50:00,14127.6683,14134.252599999989,14099.528999999957,14103.36989999992,7006589,12371013035.632023,SZ399001
2026-07-23 13:55:00,14102.653299999996,14112.305899999988,14090.36809999996,14092.29719999993,6401745,11221794954.014025,SZ399001
2026-07-23 14:00:00,14091.867699999995,14103.368099999989,14085.14869999996,14086.680699999932,6957792,11417135457.225023,SZ399001
2026-07-23 14:05:00,14085.671499999991,14090.978899999986,14069.074299999958,14081.254999999932,8842457,14200356534.362026,SZ399001
2026-07-23 14:10:00,14081.525699999993,14095.404099999983,14074.852799999955,14084.65199999993,6258378,10430922643.10803,SZ399001
2026-07-23 14:15:00,14084.715499999991,14088.154699999985,14068.298299999957,14069.73929999993,6297845,10946990809.43103,SZ399001
2026-07-23 14:20:00,14070.751099999994,14085.54419999999,14062.70649999995,14067.989699999933,7027285,12420208990.355034,SZ399001
2026-07-23 14:25:00,14069.377699999994,14069.377699999988,14058.696399999955,14060.043699999933,5786916,12083330150.086037,SZ399001
2026-07-23 14:30:00,14059.245399999993,14078.605199999987,14048.383299999956,14078.605199999933,7087758,13817034220.072033,SZ399001
2026-07-23 14:35:00,14079.707099999992,14106.30219999999,14069.224099999956,14076.080299999936,12895874,18760581514.50304,SZ399001
2026-07-23 14:40:00,14078.400099999992,14109.944299999988,14078.400099999955,14109.944299999932,9637744,16078375089.920038,SZ399001
2026-07-23 14:45:00,14110.35629999999,14127.042299999996,14103.757099999952,14122.25579999993,11566411,19124838222.84604,SZ399001
2026-07-23 14:50:00,14120.56539999999,14120.565399999996,14098.94769999995,14109.079499999938,12821712,21751458077.224033,SZ399001
2026-07-23 14:55:00,14107.513399999989,14117.377299999998,14107.513399999949,14114.448799999936,16632661,26921339329.76203,SZ399001
2026-07-23 15:00:00,14113.826999999988,14123.306999999995,14113.824499999948,14123.306999999935,17454461,27380028300.567017,SZ399001
2026-07-24 09:35:00,13915.0375,13974.716,13872.374900000004,13974.597800000003,72882165,125466384360.56702,SZ399001
2026-07-24 09:40:00,13977.613500000003,13997.3758,13947.9541,13968.4549,34420242,61242772051.007,SZ399001
2026-07-24 09:45:00,13978.420900000005,14055.614199999996,13961.096999999996,14051.708,25713176,47469031395.11698,SZ399001
2026-07-24 09:50:00,14054.879300000004,14061.027199999997,14004.0158,14011.619200000005,20913107,38482174377.834015,SZ399001
2026-07-24 09:55:00,14014.572900000005,14041.782599999991,14004.699299999998,14041.0952,21414574,36655154473.51002,SZ399001
2026-07-24 10:00:00,14040.547900000003,14042.318899999991,13999.9894,14023.452300000006,17888809,30413283030.83202,SZ399001
2026-07-24 10:05:00,14023.032900000004,14029.662099999992,13982.868000000004,13982.868000000004,16358489,28408337933.079014,SZ399001
2026-07-24 10:10:00,13983.191700000005,14049.114099999992,13973.613700000004,14037.253300000006,13627919,27754709161.906013,SZ399001
2026-07-24 10:15:00,14042.085500000005,14044.604799999994,14000.195100000004,14003.519400000016,12502060,23049652990.486015,SZ399001
2026-07-24 10:20:00,13998.063400000005,14010.37929999999,13959.699500000004,13975.921100000009,13626095,24247525646.20202,SZ399001
2026-07-24 10:25:00,13973.611900000002,13980.84749999999,13940.630600000004,13975.734000000008,12488192,21356564443.46902,SZ399001
2026-07-24 10:30:00,13975.1017,14007.223399999992,13975.101700000005,13981.307500000004,9524275,16444101882.111017,SZ399001
2026-07-24 10:35:00,13982.7022,13982.702199999994,13923.553999999993,13943.1221,14789447,21819763305.266018,SZ399001
2026-07-24 10:40:00,13942.9623,13946.8889,13891.153399999988,13891.153400000008,10600080,19295864185.63401,SZ399001
2026-07-24 10:45:00,13890.8065,13907.804799999994,13884.362599999988,13903.245900000004,8811042,16409107977.60101,SZ399001
2026-07-24 10:50:00,13902.593599999998,13924.750599999992,13895.347399999986,13908.593500000008,8766634,15022355739.614008,SZ399001
2026-07-24 10:55:00,13905.8355,13939.784399999988,13891.050699999989,13936.7936,8817967,14470940010.270006,SZ399001
2026-07-24 11:00:00,13937.593,13942.238999999989,13875.459999999985,13879.927599999995,7627040,13269334680.31701,SZ399001
2026-07-24 11:05:00,13878.389600000002,13886.213599999986,13850.64269999999,13881.174699999998,9185377,15684929169.407011,SZ399001
2026-07-24 11:10:00,13871.783700000004,13888.787699999984,13854.46959999999,13854.4696,5136555,9470110610.767014,SZ399001
2026-07-24 11:15:00,13852.905100000004,13868.61109999999,13844.74029999999,13852.013699999996,5118366,9770713264.777016,SZ399001
2026-07-24 11:20:00,13851.458300000002,13852.55209999999,13828.94359999999,13828.943599999997,7139605,13391792217.530012,SZ399001
2026-07-24 11:25:00,13827.6466,13831.897399999987,13800.133799999989,13812.635799999993,8027901,14511570290.25002,SZ399001
2026-07-24 11:30:00,13812.8357,13877.19869999999,13804.349799999982,13873.500399999995,6115908,11865409807.073019,SZ399001
2026-07-24 13:05:00,13876.767900000004,13918.222899999986,13876.767899999984,13894.4029,9556265,19666450663.818016,SZ399001
2026-07-24 13:10:00,13893.7192,13985.75109999998,13883.022799999984,13957.72609999999,8934269,17958479098.828022,SZ399001
2026-07-24 13:15:00,13959.8032,14006.72319999998,13951.774299999986,13951.774299999995,9867644,20950238349.214027,SZ399001
2026-07-24 13:20:00,13951.708399999998,13961.748299999976,13924.042399999991,13954.601199999996,6360698,14478220316.237036,SZ399001
2026-07-24 13:25:00,13954.458599999996,13955.999699999977,13909.93849999999,13909.938499999991,5891932,12115155086.435041,SZ399001
2026-07-24 13:30:00,13909.175099999997,13971.74389999997,13908.41919999999,13943.83749999999,6906743,14072583568.85004,SZ399001
2026-07-24 13:35:00,13943.295899999996,13943.29589999997,13904.586099999986,13908.2277,6778574,12555569475.61504,SZ399001
2026-07-24 13:40:00,13905.364999999996,13905.364999999972,13866.739499999989,13866.739499999996,6248086,11614950583.991043,SZ399001
2026-07-24 13:45:00,13866.392199999997,13880.458299999971,13856.332899999992,13857.913599999998,6759266,11039216309.842041,SZ399001
2026-07-24 13:50:00,13856.689199999995,13876.239799999974,13848.601199999992,13861.603699999994,6517159,11034569850.701042,SZ399001
2026-07-24 13:55:00,13861.380999999998,13861.380999999974,13831.869099999994,13834.800999999996,5494174,9987157235.594038,SZ399001
2026-07-24 14:00:00,13835.761299999996,13844.678299999972,13828.037599999996,13836.3769,6246134,10222873438.35704,SZ399001
2026-07-24 14:05:00,13835.909999999996,13839.07749999997,13825.370599999997,13825.370599999997,6917397,11618544809.18904,SZ399001
2026-07-24 14:10:00,13822.199999999995,13839.951499999974,13801.074,13839.951500000005,6940018,12809620111.053036,SZ399001
2026-07-24 14:15:00,13840.426399999998,13867.78739999997,13821.909500000002,13867.616300000009,5547516,10206717947.762037,SZ399001
2026-07-24 14:20:00,13868.097799999996,13878.48679999997,13842.257300000005,13847.635700000006,5930502,10459289198.663038,SZ399001
2026-07-24 14:25:00,13850.767099999995,13895.635299999967,13850.767100000005,13868.344400000002,5988666,11739097603.077038,SZ399001
2026-07-24 14:30:00,13866.761299999996,13885.831299999969,13861.0424,13879.9679,5195611,9737260567.58804,SZ399001
2026-07-24 14:35:00,13881.180199999992,13897.047499999971,13827.738,13854.186200000006,9933517,16441240787.432037,SZ399001
2026-07-24 14:40:00,13855.648399999993,13857.939399999972,13829.124600000005,13832.278700000006,7751915,13446121110.418032,SZ399001
2026-07-24 14:45:00,13831.101299999991,13832.615799999972,13813.237499999996,13813.768600000012,10934049,18202716424.47703,SZ399001
2026-07-24 14:50:00,13812.460399999994,13812.460399999973,13786.175599999991,13797.7036,14523333,24992506649.54603,SZ399001
2026-07-24 14:55:00,13799.255499999992,13813.168499999969,13788.598499999993,13789.564099999994,16091984,26689189599.727016,SZ399001
2026-07-24 15:00:00,13787.935399999991,13788.03419999997,13774.6755,13774.6755,15605534,27125925148.863007,SZ399001
2026-07-27 09:35:00,13768.603,13852.032699999996,13768.518199999997,13781.259399999995,60922910,109647680005.85101,SZ399001
2026-07-27 09:40:00,13778.242199999995,13780.914999999995,13689.014299999995,13775.6738,38945729,73074126332.05304,SZ399001
2026-07-27 09:45:00,13775.056799999997,13887.142199999997,13772.100199999995,13837.255099999998,29576449,54340900653.65906,SZ399001
2026-07-27 09:50:00,13832.179499999997,13877.172399999996,13821.697299999996,13848.9849,23168911,39900888248.46905,SZ399001
2026-07-27 09:55:00,13838.124299999998,13941.910999999996,13830.878999999995,13939.4939,20263459,38992267640.02405,SZ399001
2026-07-27 10:00:00,13941.171699999995,14023.611899999993,13941.171699999994,13999.008199999998,22222291,48069977049.31306,SZ399001
2026-07-27 10:05:00,13996.608199999995,14014.131399999991,13972.212399999997,13983.775099999995,19282351,37492803730.06104,SZ399001
2026-07-27 10:10:00,13983.119899999996,14024.345499999994,13974.412699999992,14024.345499999994,13543095,25943290703.777042,SZ399001
2026-07-27 10:15:00,14022.571299999996,14022.571299999994,13978.215799999987,13980.435399999991,12134082,23148862449.024048,SZ399001
2026-07-27 10:20:00,13977.162799999996,13982.765399999997,13945.879399999989,13968.11099999999,12448759,22546014257.066063,SZ399001
2026-07-27 10:25:00,13956.876299999994,13995.777499999997,13951.097499999983,13959.955299999989,12252886,21243034983.73907,SZ399001
2026-07-27 10:30:00,13960.723399999992,14012.242999999997,13959.546399999985,14007.54999999999,10707768,19099518353.67407,SZ399001
2026-07-27 10:35:00,14004.188299999994,14004.188299999994,13949.586299999986,13953.38439999999,11567516,20389961111.617065,SZ399001
2026-07-27 10:40:00,13952.209399999994,13952.209399999994,13915.263799999988,13925.211599999991,10957841,22265720378.88807,SZ399001
2026-07-27 10:45:00,13926.744699999992,13955.564199999992,13922.722799999989,13947.722399999991,8373305,15047746879.143066,SZ399001
2026-07-27 10:50:00,13947.35649999999,13976.761199999988,13942.863399999987,13947.33659999999,8400011,14061807851.361065,SZ399001
2026-07-27 10:55:00,13945.371999999988,13959.662099999989,13937.480399999991,13951.975999999991,6513422,12040964936.364067,SZ399001
2026-07-27 11:00:00,13950.556699999988,13959.899299999988,13941.043599999992,13941.043599999994,6292032,10505520372.912067,SZ399001
2026-07-27 11:05:00,13941.02939999999,13956.162999999982,13932.772099999993,13956.162999999988,6231419,10218253209.66307,SZ399001
2026-07-27 11:10:00,13956.32769999999,13988.818699999989,13950.221099999992,13972.039999999994,6027685,10415230065.479073,SZ399001
2026-07-27 11:15:00,13972.256399999991,14004.817299999992,13969.283899999991,13986.378,5872656,10758811238.936073,SZ399001
2026-07-27 11:20:00,13986.347899999992,13987.170499999993,13949.242299999984,13965.8481,4719974,8914131567.320078,SZ399001
2026-07-27 11:25:00,13965.266599999994,13990.202499999992,13960.021499999988,13984.194799999992,4409778,7754274359.131077,SZ399001
2026-07-27 11:30:00,13984.926899999991,13989.782499999992,13967.965899999985,13969.368599999989,4996109,7873065852.729078,SZ399001
2026-07-27 13:05:00,13974.754199999994,13997.097099999994,13956.38559999999,13961.19919999999,10046263,19062864374.165077,SZ399001
2026-07-27 13:10:00,13960.210499999992,13962.206099999994,13935.264699999983,13945.359299999984,8036099,13478473656.388073,SZ399001
2026-07-27 13:15:00,13945.872699999993,13950.116799999994,13901.480599999984,13914.794799999983,9716696,16321396164.923082,SZ399001
2026-07-27 13:20:00,13912.790599999991,13921.482799999994,13893.293099999984,13901.81519999998,6546267,12378151543.123083,SZ399001
2026-07-27 13:25:00,13901.913499999995,13906.023399999993,13885.57709999998,13891.29479999998,5938659,10468246896.06708,SZ399001
2026-07-27 13:30:00,13890.685899999997,13890.685899999991,13864.482999999978,13880.032999999985,7671175,13624305010.377075,SZ399001
2026-07-27 13:35:00,13878.501499999997,13878.501499999997,13822.95699999998,13851.210599999988,8694308,15866853398.540073,SZ399001
2026-07-27 13:40:00,13847.486499999994,13867.303399999988,13839.753599999978,13854.217499999988,5403894,9994450437.881075,SZ399001
2026-07-27 13:45:00,13854.033899999991,13889.65309999999,13854.03389999998,13881.567299999995,5776960,9730825504.556074,SZ399001
2026-07-27 13:50:00,13881.426599999995,13923.071399999995,13865.41329999998,13923.071399999995,7017344,11007908335.648071,SZ399001
2026-07-27 13:55:00,13921.498299999996,13929.963599999995,13899.396799999982,13903.179699999995,5429428,10531359822.143072,SZ399001
2026-07-27 14:00:00,13904.178899999995,13917.749499999996,13903.232799999983,13910.269999999991,4788290,8482300379.16707,SZ399001
2026-07-27 14:05:00,13908.791499999996,13925.270199999994,13902.39809999998,13922.307599999993,7728580,11008246737.766068,SZ399001
2026-07-27 14:10:00,13922.526899999992,13954.879999999992,13922.52689999998,13950.96569999999,8705918,12384989946.322067,SZ399001
2026-07-27 14:15:00,13950.475299999993,13959.722599999992,13932.711799999975,13940.59509999999,6517113,10577886632.06807,SZ399001
2026-07-27 14:20:00,13940.541199999992,13968.833599999994,13929.423699999972,13968.83359999999,6888754,11292093487.59907,SZ399001
2026-07-27 14:25:00,13967.595899999991,14004.119599999998,13966.010499999971,13992.280499999995,8297709,15391705894.611073,SZ399001
2026-07-27 14:30:00,13992.546399999992,14011.898399999998,13982.431699999974,14011.898399999998,6561453,12360803416.921074,SZ399001
2026-07-27 14:35:00,14012.995099999993,14075.2389,14012.995099999973,14071.748500000002,12351406,23024053042.471066,SZ399001
2026-07-27 14:40:00,14073.665999999994,14102.039500000004,14057.556799999968,14100.501899999996,11015424,23142059384.944065,SZ399001
2026-07-27 14:45:00,14100.738999999996,14126.251499999998,14100.738999999969,14119.155099999996,12191307,25886410205.006058,SZ399001
2026-07-27 14:50:00,14118.154199999995,14129.9969,14109.185199999976,14129.996899999996,12387503,25244035586.51607,SZ399001
2026-07-27 14:55:00,14127.587799999996,14140.909,14118.099899999976,14138.720799999994,17283411,31068123834.61208,SZ399001
2026-07-27 15:00:00,14138.808199999996,14148.730699999998,14138.513999999976,14148.730699999996,16130253,28395728257.161087,SZ399001
2026-07-28 09:35:00,13830.3499,13927.518299999996,13815.129,13927.5183,72583273,131957245889.87102,SZ399001
2026-07-28 09:40:00,13927.7135,13940.991899999995,13875.296099999994,13875.296099999998,36852295,65397025994.08702,SZ399001
2026-07-28 09:45:00,13873.870099999998,13909.8533,13861.500599999998,13872.989899999997,28626372,49988883931.32804,SZ399001
2026-07-28 09:50:00,13873.897599999998,13878.590799999998,13827.052499999994,13838.210199999989,27891880,50010854563.52206,SZ399001
2026-07-28 09:55:00,13837.150199999998,13868.897699999998,13807.73439999999,13866.313799999982,23481566,43612342209.48505,SZ399001
2026-07-28 10:00:00,13867.7891,13878.0606,13820.247799999996,13832.28099999998,15543460,30274917976.87304,SZ399001
2026-07-28 10:05:00,13829.7915,13878.6354,13821.434199999996,13834.57409999999,15076580,28311988468.75202,SZ399001
2026-07-28 10:10:00,13840.7237,13845.2116,13809.1619,13810.970599999991,13791571,23437060085.69103,SZ399001
2026-07-28 10:15:00,13807.490700000002,13807.490699999998,13769.676599999995,13782.37809999999,15529100,26401818557.56403,SZ399001
2026-07-28 10:20:00,13780.365000000002,13793.333,13762.6212,13772.201900000004,11583414,21637813640.373024,SZ399001
2026-07-28 10:25:00,13772.2648,13793.761800000004,13747.579800000003,13751.327800000005,10213701,19800742711.647026,SZ399001
2026-07-28 10:30:00,13750.2254,13750.225400000005,13714.230800000008,13726.454500000002,10373989,22227668809.628017,SZ399001
2026-07-28 10:35:00,13726.6974,13726.697400000005,13697.468900000013,13704.766299999996,11760221,21782847023.86802,SZ399001
2026-07-28 10:40:00,13704.197300000002,13704.197300000003,13657.23760000002,13661.1438,11404192,23596301430.113007,SZ399001
2026-07-28 10:45:00,13664.1828,13670.7782,13643.149200000014,13643.6907,8862309,18961564480.16401,SZ399001
2026-07-28 10:50:00,13643.0047,13654.606200000002,13614.014000000016,13633.703300000005,11144048,22854240084.918015,SZ399001
2026-07-28 10:55:00,13633.5035,13693.894199999992,13623.862500000016,13670.799399999994,8542672,17891565652.152008,SZ399001
2026-07-28 11:00:00,13671.4282,13686.837399999997,13628.051300000014,13629.037499999997,6635530,12832128712.336008,SZ399001
2026-07-28 11:05:00,13628.970400000002,13630.720299999995,13603.397400000014,13604.867200000002,7408016,14899237847.218002,SZ399001
2026-07-28 11:10:00,13604.680600000002,13608.795000000002,13586.814600000018,13594.5359,7463130,15159518824.248009,SZ399001
2026-07-28 11:15:00,13592.3908,13647.745999999996,13583.12720000002,13645.296,7392394,14895374656.064009,SZ399001
2026-07-28 11:20:00,13643.633400000002,13684.7697,13623.18690000002,13653.6698,7389129,14161922386.28401,SZ399001
2026-07-28 11:25:00,13649.780600000004,13695.511300000002,13635.862800000024,13683.080500000002,6448211,12270542228.319012,SZ399001
2026-07-28 11:30:00,13684.147600000002,13713.5287,13654.213300000025,13664.801300000008,5892202,11201697647.200008,SZ399001
2026-07-28 13:05:00,13659.930000000002,13659.929999999998,13605.552100000028,13605.552100000014,11393719,20578970037.141014,SZ399001
2026-07-28 13:10:00,13603.443900000002,13619.5111,13584.547000000024,13618.601500000015,7718627,13931265241.292017,SZ399001
2026-07-28 13:15:00,13620.675400000004,13658.943100000006,13605.618400000028,13642.70970000003,7050462,13293430377.191017,SZ399001
2026-07-28 13:20:00,13642.714000000004,13653.627900000009,13609.871600000026,13609.871600000031,6781340,13743036942.776022,SZ399001
2026-07-28 13:25:00,13608.452200000002,13615.792000000009,13593.450500000026,13594.814500000026,5780931,12935014068.656021,SZ399001
2026-07-28 13:30:00,13594.5817,13596.044100000006,13578.348900000032,13582.189400000032,5838618,12324843589.951023,SZ399001
2026-07-28 13:35:00,13581.2059,13583.740900000008,13549.474800000027,13549.503900000032,7239120,15045634519.828026,SZ399001
2026-07-28 13:40:00,13549.9988,13607.297200000008,13549.998800000028,13606.629500000034,7534126,15148334253.422026,SZ399001
2026-07-28 13:45:00,13607.1202,13652.878800000008,13604.261600000023,13625.084600000033,7077928,13720609148.302023,SZ399001
2026-07-28 13:50:00,13625.381799999996,13636.376800000004,13567.547600000027,13569.65570000004,5619247,11326748971.110018,SZ399001
2026-07-28 13:55:00,13568.793899999995,13575.925100000008,13559.376600000023,13559.376600000036,4885704,10891234310.549011,SZ399001
2026-07-28 14:00:00,13558.797199999995,13577.850300000007,13558.797200000025,13571.11620000003,4910469,9799932663.69901,SZ399001
2026-07-28 14:05:00,13570.648999999998,13593.413400000009,13567.166700000022,13582.44520000003,7407847,11989990601.85301,SZ399001
2026-07-28 14:10:00,13581.623999999996,13581.644800000004,13562.46800000002,13562.468000000032,5728510,11377287525.175009,SZ399001
2026-07-28 14:15:00,13562.124099999995,13567.541200000009,13540.159400000024,13542.478400000038,6673408,13165126503.313011,SZ399001
2026-07-28 14:20:00,13541.999299999998,13542.952700000007,13516.780900000029,13542.124600000045,8987696,16878906612.60601,SZ399001
2026-07-28 14:25:00,13540.4938,13559.002500000008,13532.973500000026,13540.96790000004,6201943,12193063482.314009,SZ399001
2026-07-28 14:30:00,13542.2169,13544.892500000007,13528.021900000023,13544.674200000032,5163332,10262862448.81801,SZ399001
2026-07-28 14:35:00,13544.3575,13544.902400000008,13510.62230000003,13513.50710000003,8080710,15416289919.679005,SZ399001
2026-07-28 14:40:00,13514.413400000003,13515.788000000008,13477.743400000028,13505.666500000028,11130025,21508232187.809,SZ399001
2026-07-28 14:45:00,13506.520800000002,13517.92180000001,13470.113900000022,13470.324600000027,10110835,18725292887.79399,SZ399001
2026-07-28 14:50:00,13471.037700000004,13494.696200000004,13471.037700000024,13494.696200000017,12416086,21411563398.57499,SZ399001
2026-07-28 14:55:00,13496.579400000004,13535.094600000008,13496.579400000022,13511.833000000022,14343323,24029780225.837982,SZ399001
2026-07-28 15:00:00,13511.125900000005,13516.616000000007,13509.67870000003,13509.678700000024,13315538,22014721035.686966,SZ399001
2026-07-29 09:35:00,13498.7528,13537.271,13450.781600000002,13506.866600000005,68649045,117899200818.19904,SZ399001
2026-07-29 09:40:00,13502.2666,13596.480099999992,13502.266600000004,13574.53339999999,37373618,64400865955.535,SZ399001
2026-07-29 09:45:00,13573.5394,13573.539399999994,13419.0166,13422.288099999983,34026476,62659334391.675,SZ399001
2026-07-29 09:50:00,13428.067900000002,13432.080399999995,13354.271599999998,13354.271599999984,31144002,62850120582.046036,SZ399001
2026-07-29 09:55:00,13349.066400000003,13389.333399999998,13331.418,13368.35639999999,25720675,49961264532.04906,SZ399001
2026-07-29 10:00:00,13360.985200000005,13382.397800000002,13311.3249,13339.80679999999,21510658,37931661653.69705,SZ399001
2026-07-29 10:05:00,13334.282,13338.011300000002,13288.434200000003,13298.820499999993,22043794,39284097052.71004,SZ399001
2026-07-29 10:10:00,13298.705800000002,13327.708200000005,13267.640200000003,13325.9933,19803907,39348047978.77404,SZ399001
2026-07-29 10:15:00,13325.505,13440.122499999998,13325.505000000005,13403.924499999996,17627355,32854504587.917027,SZ399001
2026-07-29 10:20:00,13401.2712,13420.805699999995,13370.637,13376.791399999987,12805160,22805211783.347027,SZ399001
2026-07-29 10:25:00,13373.362300000004,13430.509699999991,13348.0254,13430.509699999988,13264288,22794617249.37803,SZ399001
2026-07-29 10:30:00,13435.839100000005,13575.61369999999,13435.839099999996,13559.605499999989,19887641,37108719334.432045,SZ399001
2026-07-29 10:35:00,13559.625400000004,13598.386999999992,13539.644199999995,13539.644199999986,19206824,33441304445.679043,SZ399001
2026-07-29 10:40:00,13537.546400000005,13559.06399999999,13506.5249,13519.98839999999,12091832,21350905087.260036,SZ399001
2026-07-29 10:45:00,13525.883300000003,13562.28649999999,13513.860199999996,13513.860199999985,9355363,17453799145.758034,SZ399001
2026-07-29 10:50:00,13513.374000000003,13519.730799999988,13464.559699999994,13464.55969999999,9493439,17303161346.025036,SZ399001
2026-07-29 10:55:00,13464.186200000007,13464.20029999999,13437.782799999992,13437.782799999994,9152365,15894184015.41304,SZ399001
2026-07-29 11:00:00,13437.62330000001,13454.92979999999,13432.735499999992,13445.0717,8397836,15198251590.440037,SZ399001
2026-07-29 11:05:00,13445.11480000001,13474.962399999988,13434.65299999999,13465.352400000002,8778523,14320398678.757038,SZ399001
2026-07-29 11:10:00,13464.668700000013,13506.112299999984,13417.846599999992,13506.1123,10834755,18115702149.80104,SZ399001
2026-07-29 11:15:00,13508.206800000007,13544.101799999986,13485.95629999999,13485.956300000007,9183777,17257980581.630047,SZ399001
2026-07-29 11:20:00,13485.423000000008,13508.355699999986,13461.850599999992,13463.419800000003,5291351,9889650739.84505,SZ399001
2026-07-29 11:25:00,13463.594600000008,13471.950999999986,13440.2102,13445.747300000015,5005159,9995684153.38805,SZ399001
2026-07-29 11:30:00,13446.19440000001,13459.250699999986,13434.528700000004,13452.051500000016,5336725,10146989976.804045,SZ399001
2026-07-29 13:05:00,13428.230000000009,13532.131599999988,13386.444100000004,13531.00140000003,14540403,26646766815.36204,SZ399001
2026-07-29 13:10:00,13528.085500000008,13587.207499999988,13503.680700000004,13587.207500000026,9871183,18725591110.347042,SZ399001
2026-07-29 13:15:00,13588.31750000001,13653.067499999994,13574.449900000009,13649.28630000003,14003209,27974646228.56806,SZ399001
2026-07-29 13:20:00,13645.514300000012,13647.973799999994,13565.713100000004,13574.375400000028,10608252,20506226555.51307,SZ399001
2026-07-29 13:25:00,13573.041100000011,13629.348299999998,13561.506100000004,13605.241700000028,8727210,15686408788.897057,SZ399001
2026-07-29 13:30:00,13607.86540000001,13649.631799999996,13607.865400000002,13643.821600000028,9038336,17627987917.26205,SZ399001
2026-07-29 13:35:00,13643.470600000011,13692.693799999995,13607.445600000006,13692.69380000003,11651108,19729180962.881054,SZ399001
2026-07-29 13:40:00,13695.06020000001,13728.38829999999,13686.466800000006,13727.783600000028,12106245,23440171285.748047,SZ399001
2026-07-29 13:45:00,13727.878700000012,13756.710199999992,13725.071100000005,13725.071100000036,12785496,24965762049.133053,SZ399001
2026-07-29 13:50:00,13724.025400000011,13736.923899999989,13657.7527,13657.752700000032,9077943,16503592252.80906,SZ399001
2026-07-29 13:55:00,13657.71360000001,13668.813499999987,13622.466700000004,13624.163000000037,7666343,13604586898.817059,SZ399001
2026-07-29 14:00:00,13623.42730000001,13653.74309999999,13623.427300000005,13647.444900000042,6384876,11152225761.89106,SZ399001
2026-07-29 14:05:00,13646.265900000008,13677.384999999987,13623.307800000004,13623.307800000042,8333291,12903793824.286058,SZ399001
2026-07-29 14:10:00,13617.48040000001,13617.480399999988,13588.734100000003,13601.83840000004,6880106,12044198698.109058,SZ399001
2026-07-29 14:15:00,13603.40580000001,13625.707799999986,13589.495800000008,13625.707800000037,6848786,10880848589.442055,SZ399001
2026-07-29 14:20:00,13626.32300000001,13663.85859999998,13618.781900000007,13655.285200000031,6480832,11270288836.329052,SZ399001
2026-07-29 14:25:00,13655.16400000001,13658.15209999998,13615.366500000013,13619.251800000033,5839083,10187001544.053047,SZ399001
2026-07-29 14:30:00,13619.07300000001,13649.77669999998,13613.969800000012,13639.914100000033,6006597,10372612791.202047,SZ399001
2026-07-29 14:35:00,13639.146400000009,13658.586099999984,13634.329900000006,13636.050300000044,8752280,13352126762.114044,SZ399001
2026-07-29 14:40:00,13635.645800000008,13637.360799999982,13612.478000000005,13613.207800000038,8580354,13431393221.381046,SZ399001
2026-07-29 14:45:00,13613.177700000007,13637.726999999984,13613.177700000004,13637.141000000036,8985130,14942003367.98204,SZ399001
2026-07-29 14:50:00,13636.639100000008,13677.364199999982,13636.461100000002,13677.364200000038,13178202,20919695545.455036,SZ399001
2026-07-29 14:55:00,13676.416500000008,13676.41649999998,13656.319100000004,13658.473100000048,15919247,25822845881.980034,SZ399001
2026-07-29 15:00:00,13657.611900000007,13664.71049999998,13657.596000000009,13658.443800000046,15768555,24469978950.650017,SZ399001
2026-07-30 09:35:00,13531.0698,13614.7995,13531.0698,13606.973899999995,68574193,117584733343.61002,SZ399001
2026-07-30 09:40:00,13604.119699999996,13619.032300000004,13548.509199999997,13586.601999999995,41059174,69949127384.15201,SZ399001
2026-07-30 09:45:00,13587.222299999994,13587.222300000005,13516.805499999991,13543.389799999994,33610112,57675518579.52901,SZ399001
2026-07-30 09:50:00,13542.491499999996,13542.491500000004,13444.54309999999,13470.7382,31445204,58402223950.00001,SZ399001
2026-07-30 09:55:00,13470.049699999996,13541.721000000009,13466.41339999999,13541.720999999998,22536093,39760196006.379,SZ399001
2026-07-30 10:00:00,13546.114399999997,13553.868200000008,13483.844399999987,13493.714999999997,20102422,36299683970.63999,SZ399001
2026-07-30 10:05:00,13489.698799999996,13504.518800000003,13456.104799999985,13463.540799999995,22796815,39021076748.42299,SZ399001
2026-07-30 10:10:00,13462.551699999996,13462.551700000004,13397.071599999985,13409.538399999998,20124149,38107285389.700005,SZ399001
2026-07-30 10:15:00,13409.696399999995,13413.186300000005,13342.881999999989,13343.510100000009,17391527,33695912169.92,SZ399001
2026-07-30 10:20:00,13342.038999999995,13387.255100000011,13341.497999999989,13378.955600000016,15875228,30452615117.345005,SZ399001
2026-07-30 10:25:00,13378.701099999997,13382.825900000013,13325.37819999999,13329.411900000012,13900549,24162961113.794006,SZ399001
2026-07-30 10:30:00,13330.066099999996,13357.99180000001,13320.507599999992,13326.627800000011,11977706,22546059639.533005,SZ399001
2026-07-30 10:35:00,13329.783199999998,13349.117800000013,13286.38069999999,13286.380700000003,14699912,23863705035.34501,SZ399001
2026-07-30 10:40:00,13286.002499999997,13292.23440000001,13265.057799999991,13267.887900000002,12229787,23871489478.760002,SZ399001
2026-07-30 10:45:00,13269.004999999996,13305.46050000001,13256.49719999999,13265.666799999995,11417151,20203440929.824993,SZ399001
2026-07-30 10:50:00,13266.717999999992,13296.949800000008,13258.17789999999,13272.601599999993,9386921,16356052605.748999,SZ399001
2026-07-30 10:55:00,13270.152499999993,13270.152500000007,13231.13289999999,13231.132899999997,8212721,14655317152.117994,SZ399001
2026-07-30 11:00:00,13231.823699999994,13232.253100000007,13206.606799999989,13222.373699999996,8492085,17064600876.28199,SZ399001
2026-07-30 11:05:00,13219.391699999996,13225.028900000008,13192.864699999987,13220.245299999997,9442372,17102300529.889992,SZ399001
2026-07-30 11:10:00,13220.937399999992,13267.275000000009,13210.951599999986,13211.040199999992,9411675,16612464073.457993,SZ399001
2026-07-30 11:15:00,13211.226599999996,13217.70490000001,13175.460799999988,13175.460799999995,10094059,17008120624.372995,SZ399001
2026-07-30 11:20:00,13175.561199999996,13188.090200000008,13150.41829999999,13155.7806,8896566,15632788780.451,SZ399001
2026-07-30 11:25:00,13156.928799999994,13184.992900000008,13140.48029999999,13166.706499999998,10003127,16759005182.272005,SZ399001
2026-07-30 11:30:00,13168.750499999996,13170.311800000009,13130.116599999988,13141.218700000005,7928666,14013363090.790005,SZ399001
2026-07-30 13:05:00,13135.014599999997,13135.01460000001,13068.557499999984,13090.288000000008,17179579,30531595771.983025,SZ399001
2026-07-30 13:10:00,13089.517399999992,13241.21890000001,13089.517399999982,13226.858900000016,12807745,25487751508.914032,SZ399001
2026-07-30 13:15:00,13224.998599999994,13224.99860000001,13161.319899999986,13205.682900000013,10313066,18491713751.349037,SZ399001
2026-07-30 13:20:00,13205.653899999992,13218.228900000004,13150.996699999982,13197.263700000009,12824116,18673875148.314037,SZ399001
2026-07-30 13:25:00,13194.941999999994,13328.848000000002,13188.494599999982,13323.60120000001,11292764,24351910584.957027,SZ399001
2026-07-30 13:30:00,13325.889199999992,13357.285699999997,13313.10759999998,13348.583000000008,11952574,26634881002.028027,SZ399001
2026-07-30 13:35:00,13344.353699999992,13344.353699999994,13281.01199999998,13302.468600000013,8843602,16892715861.082027,SZ399001
2026-07-30 13:40:00,13300.607999999993,13308.258899999992,13224.468299999984,13235.233100000009,9284333,15446139659.63203,SZ399001
2026-07-30 13:45:00,13237.836499999994,13298.887999999992,13237.595699999983,13288.432600000007,6966531,13359444702.301037,SZ399001
2026-07-30 13:50:00,13295.453999999994,13367.332199999986,13295.45399999998,13319.56110000001,7755552,15881342202.328037,SZ399001
2026-07-30 13:55:00,13318.958399999994,13353.87199999999,13285.29019999998,13347.699200000015,6426638,11931936607.551037,SZ399001
2026-07-30 14:00:00,13349.053499999993,13380.674199999992,13325.142999999978,13348.897400000003,6161107,13186952122.25103,SZ399001
2026-07-30 14:05:00,13345.135599999994,13378.620199999998,13322.782499999978,13378.620200000012,7384156,13919207355.294037,SZ399001
2026-07-30 14:10:00,13381.299799999995,13412.2008,13381.299799999975,13394.0885,7289848,16181331237.155027,SZ399001
2026-07-30 14:15:00,13393.0605,13408.6491,13365.3094,13381.8829,6696625,14019627778.173,SZ399001
2026-07-30 14:20:00,13380.3499,13464.083800000004,13380.3499,13464.08380000001,8281923,16208963361.454,SZ399001
2026-07-30 14:25:00,13465.771,13510.323200000004,13464.026700000004,13480.603200000012,11687842,23810605732.772003,SZ399001
2026-07-30 14:30:00,13480.7368,13480.736800000006,13423.432500000004,13451.1686,7785389,14513729544.673,SZ399001
2026-07-30 14:35:00,13451.5806,13471.181399999998,13388.5544,13412.356499999998,11149499,18492371122.39401,SZ399001
2026-07-30 14:40:00,13408.7535,13408.7535,13348.979,13351.4214,10236938,17163068235.14902,SZ399001
2026-07-30 14:45:00,13351.3006,13356.6393,13333.807,13343.710700000012,11289836,18971232395.404022,SZ399001
2026-07-30 14:50:00,13343.4498,13348.7442,13301.605299999996,13301.605300000008,13055457,22397761393.862015,SZ399001
2026-07-30 14:55:00,13300.838499999998,13330.486399999996,13299.226100000002,13299.226100000007,15539491,25039520016.857006,SZ399001
2026-07-30 15:00:00,13300.029899999996,13300.915799999992,13285.800599999997,13285.800600000006,14677762,22936294590.192,SZ399001
2026-07-31 09:35:00,13689.995,13715.2005,13680.0281,13689.372300000005,101764239,221523670714.80185,SZ399001
2026-07-31 09:40:00,13688.4389,13741.1786,13647.533700000004,13740.940900000012,45536510,90298204942.75586,SZ399001
2026-07-31 09:45:00,13741.498700000002,13768.883200000004,13740.391100000004,13759.430000000017,37301303,70527042175.12683,SZ399001
2026-07-31 09:50:00,13759.5404,13819.258000000003,13759.540400000007,13817.05930000002,29641766,60550590896.27784,SZ399001
2026-07-31 09:55:00,13817.6987,13835.841200000008,13816.323400000008,13822.695500000022,26095319,48255756830.91384,SZ399001
2026-07-31 10:00:00,13825.571199999998,13841.95680000001,13824.009700000006,13834.184800000032,23472673,42050441881.99181,SZ399001
2026-07-31 10:05:00,13835.0362,13838.635800000013,13788.589800000009,13790.249300000038,26582855,44763918586.14384,SZ399001
2026-07-31 10:10:00,13789.1841,13815.69630000001,13786.22980000001,13793.765400000038,20342663,37639200612.65385,SZ399001
2026-07-31 10:15:00,13795.992299999998,13815.779700000008,13762.588800000018,13762.588800000043,17619913,32091288250.31685,SZ399001
2026-07-31 10:20:00,13759.224999999997,13759.225000000008,13714.482500000018,13749.545000000044,18547656,35993111816.01385,SZ399001
2026-07-31 10:25:00,13747.497699999998,13767.068800000006,13703.419400000024,13703.419400000048,15378460,34678476981.989845,SZ399001
2026-07-31 10:30:00,13703.7422,13733.576200000009,13703.742200000022,13715.162700000055,14139775,27504236597.550835,SZ399001
2026-07-31 10:35:00,13713.7039,13716.961500000009,13698.683300000024,13708.859800000057,12822665,23941549857.987843,SZ399001
2026-07-31 10:40:00,13707.7556,13730.889900000006,13675.292400000028,13677.44390000006,11254340,21436857390.174843,SZ399001
2026-07-31 10:45:00,13677.335999999998,13741.2954,13677.336000000028,13732.249700000051,10828910,19482262790.06283,SZ399001
2026-07-31 10:50:00,13731.733299999998,13744.256,13692.74850000003,13693.382400000057,10208728,17694134824.43383,SZ399001
2026-07-31 10:55:00,13692.803499999996,13719.775999999998,13681.534200000033,13717.076500000045,9136253,16109745844.264833,SZ399001
2026-07-31 11:00:00,13717.242899999996,13746.2574,13717.242900000032,13721.52760000004,9758038,16736125857.856833,SZ399001
2026-07-31 11:05:00,13722.675999999998,13723.0431,13683.165300000024,13683.165300000035,13307591,21209984085.86882,SZ399001
2026-07-31 11:10:00,13683.1545,13693.881100000002,13656.31980000002,13656.319800000025,10002200,17666207665.021816,SZ399001
2026-07-31 11:15:00,13656.038099999998,13664.4181,13623.518600000025,13630.323700000034,10687591,19495173232.17282,SZ399001
2026-07-31 11:20:00,13630.574999999995,13686.171,13630.485600000022,13685.157300000028,7473975,15111150606.189823,SZ399001
2026-07-31 11:25:00,13686.8038,13711.893899999995,13658.320300000029,13658.320300000029,6742198,13211202515.219826,SZ399001
2026-07-31 11:30:00,13655.625799999998,13709.3203,13655.625800000029,13705.421400000028,5992084,11087924099.784826,SZ399001
2026-07-31 13:05:00,13720.591099999998,13755.808600000002,13698.858600000029,13721.669000000024,13062559,24514844699.12381,SZ399001
2026-07-31 13:10:00,13724.958999999995,13736.3464,13694.275000000029,13694.74700000002,7374655,14346845244.738811,SZ399001
2026-07-31 13:15:00,13695.119299999998,13718.408399999997,13686.404300000027,13718.21740000003,7346189,13444312780.474815,SZ399001
2026-07-31 13:20:00,13717.583699999996,13761.107799999994,13715.05530000003,13755.750600000036,8549636,16730064033.716808,SZ399001
2026-07-31 13:25:00,13757.719999999998,13776.919400000002,13743.158800000034,13743.158800000045,9143395,16997489187.169807,SZ399001
2026-07-31 13:30:00,13740.8571,13741.213200000004,13716.892400000032,13729.439500000046,6903225,12639409070.49081,SZ399001
2026-07-31 13:35:00,13726.3015,13726.301500000009,13704.822600000032,13710.878000000042,7146406,13069073042.192814,SZ399001
2026-07-31 13:40:00,13709.5748,13712.916100000006,13694.56270000003,13706.65540000004,7245617,12941027595.804813,SZ399001
2026-07-31 13:45:00,13705.2385,13711.723700000008,13699.655900000029,13701.607400000044,6327904,11292046814.839813,SZ399001
2026-07-31 13:50:00,13702.285500000002,13707.810900000011,13690.080700000028,13707.774400000042,6597262,11601152683.925817,SZ399001
2026-07-31 13:55:00,13707.5428,13708.62740000001,13685.438200000026,13689.22230000004,5728770,10473447955.174822,SZ399001
2026-07-31 14:00:00,13688.438500000002,13697.672200000012,13673.473500000027,13693.88220000004,6861312,12131932064.95082,SZ399001
2026-07-31 14:05:00,13693.2444,13708.137300000011,13682.918100000026,13685.41160000004,7823454,12432411992.986828,SZ399001
2026-07-31 14:10:00,13685.1202,13685.753400000014,13666.315200000028,13666.315200000048,6226516,11161765369.323833,SZ399001
2026-07-31 14:15:00,13666.6568,13666.656800000012,13653.40200000003,13661.415500000052,7884932,13886620400.409838,SZ399001
2026-07-31 14:20:00,13660.492300000002,13660.806500000012,13644.911100000032,13653.769200000048,7709729,13046699295.999836,SZ399001
2026-07-31 14:25:00,13653.819200000002,13695.63910000001,13649.929300000029,13695.639100000044,8536903,14477884697.008839,SZ399001
2026-07-31 14:30:00,13695.574500000002,13711.882300000012,13685.155500000028,13707.52290000004,8129792,14086314088.232841,SZ399001
2026-07-31 14:35:00,13705.956200000004,13705.956200000011,13662.136200000034,13669.304700000032,9886344,15511998689.34484,SZ399001
2026-07-31 14:40:00,13669.574600000004,13678.603300000015,13662.57660000004,13663.499300000032,9014335,15665200278.423841,SZ399001
2026-07-31 14:45:00,13662.894100000009,13662.894100000018,13616.351000000035,13618.058200000038,14569559,25813296881.138847,SZ399001
2026-07-31 14:50:00,13617.493200000008,13617.493200000015,13588.52950000004,13591.96560000004,15378647,27247915918.03483,SZ399001
2026-07-31 14:55:00,13590.917200000007,13591.964200000017,13584.38020000004,13587.77690000004,18024266,30357122893.438828,SZ399001
2026-07-31 15:00:00,13586.448700000008,13591.812600000014,13578.93010000004,13578.930100000043,19286832,31339496670.999825,SZ399001
2026-08-03 09:35:00,13497.1043,13559.052200000004,13463.395799999998,13542.125800000003,81887135,135269633552.47702,SZ399001
2026-08-03 09:40:00,13543.546500000002,13570.511300000006,13483.682800000002,13483.682800000008,41890907,72297120122.41501,SZ399001
2026-08-03 09:45:00,13482.290500000005,13497.930400000008,13435.649000000005,13436.839900000008,34477097,61493901178.770996,SZ399001
2026-08-03 09:50:00,13433.517400000004,13505.565000000011,13419.960400000004,13505.565000000011,29548368,52127675990.351974,SZ399001
2026-08-03 09:55:00,13504.171600000003,13526.70020000001,13472.6093,13503.174600000008,23494005,39899945108.41997,SZ399001
2026-08-03 10:00:00,13501.433100000004,13529.605500000012,13491.8307,13521.857200000011,19532726,32746783067.142956,SZ399001
2026-08-03 10:05:00,13522.178600000005,13549.362000000014,13509.3786,13529.926999999998,18696078,32330880401.579952,SZ399001
2026-08-03 10:10:00,13531.9204,13551.171500000011,13512.986599999998,13518.186999999993,18076155,28827419662.621956,SZ399001
2026-08-03 10:15:00,13518.7763,13543.301600000015,13510.119799999997,13540.300399999998,17563779,29188469665.73996,SZ399001
2026-08-03 10:20:00,13540.4748,13540.474800000016,13491.026500000002,13494.083899999996,14967479,24412258541.950962,SZ399001
2026-08-03 10:25:00,13493.881899999998,13540.367700000012,13488.615500000004,13490.157099999997,13085133,23457893698.294968,SZ399001
2026-08-03 10:30:00,13489.069999999998,13492.568800000012,13450.82270000001,13450.822700000002,10872567,19426334460.690968,SZ399001
2026-08-03 10:35:00,13450.087499999998,13489.768400000014,13443.542100000008,13489.117400000005,11524717,19229634227.008972,SZ399001
2026-08-03 10:40:00,13488.908099999995,13521.562300000014,13480.749300000009,13491.7566,10641960,19238710262.969967,SZ399001
2026-08-03 10:45:00,13491.898899999998,13536.297400000016,13482.736600000011,13514.110400000009,8945571,14779994157.027964,SZ399001
2026-08-03 10:50:00,13510.352,13521.224900000016,13469.54570000001,13472.3385,8747976,14781368966.475967,SZ399001
2026-08-03 10:55:00,13473.176699999998,13495.417800000016,13463.246800000006,13486.6127,7824391,13249790904.851967,SZ399001
2026-08-03 11:00:00,13486.9955,13535.407900000018,13469.182700000005,13526.151900000004,7824317,14434662588.703964,SZ399001
2026-08-03 11:05:00,13527.7584,13560.040000000015,13520.67100000001,13520.671000000011,8625124,17280066129.11896,SZ399001
2026-08-03 11:10:00,13520.1625,13520.162500000017,13477.412200000012,13480.22920000001,6707220,12821175568.299957,SZ399001
2026-08-03 11:15:00,13480.1,13495.601400000016,13471.556100000009,13479.06250000001,6403423,11002757374.085958,SZ399001
2026-08-03 11:20:00,13479.3034,13503.52790000002,13473.23600000001,13503.527900000014,6307678,10708588901.73396,SZ399001
2026-08-03 11:25:00,13506.438300000002,13518.112400000022,13473.567000000008,13513.40250000001,6227291,10988315155.13296,SZ399001
2026-08-03 11:30:00,13512.728400000002,13529.111700000023,13494.460100000011,13517.618200000014,5868553,10562337821.341965,SZ399001
2026-08-03 13:05:00,13523.355700000002,13548.669800000029,13520.906800000012,13527.656200000012,10035385,19060859577.888966,SZ399001
2026-08-03 13:10:00,13527.8268,13528.799900000027,13489.888400000013,13500.799400000004,7141545,13650583624.109962,SZ399001
2026-08-03 13:15:00,13499.1538,13513.502000000031,13486.59680000001,13494.496000000014,5602446,10074211729.245964,SZ399001
2026-08-03 13:20:00,13494.6437,13505.138800000032,13479.096200000016,13479.09620000001,6083492,10120099053.748962,SZ399001
2026-08-03 13:25:00,13479.256399999998,13489.817000000035,13469.313500000011,13482.686000000014,5870130,10124844768.348957,SZ399001
2026-08-03 13:30:00,13482.3002,13489.008600000036,13470.18000000001,13475.551000000018,5542069,9512268926.583954,SZ399001
2026-08-03 13:35:00,13475.5173,13479.99390000004,13458.528400000005,13468.145900000012,6610907,10940717827.671955,SZ399001
2026-08-03 13:40:00,13468.537599999998,13475.02100000004,13454.298100000004,13457.917100000011,6050386,10121158574.033955,SZ399001
2026-08-03 13:45:00,13456.898099999997,13477.503500000044,13450.954999999998,13466.095500000009,6126557,9791435537.268957,SZ399001
2026-08-03 13:50:00,13465.525399999997,13468.953400000044,13457.3661,13457.960200000009,6384306,9394213148.42296,SZ399001
2026-08-03 13:55:00,13457.744299999998,13472.708300000046,13454.821799999998,13459.2002,7071275,10117808412.229958,SZ399001
2026-08-03 14:00:00,13459.6058,13461.269000000044,13438.310199999993,13438.310199999987,6326743,11508622361.985958,SZ399001
2026-08-03 14:05:00,13437.940999999995,13438.696000000044,13424.456799999993,13424.45679999999,7847520,12997659514.254963,SZ399001
2026-08-03 14:10:00,13424.401999999998,13431.037000000042,13407.98969999999,13411.395499999984,7469839,14080311486.155964,SZ399001
2026-08-03 14:15:00,13414.7739,13464.61900000004,13414.77389999999,13464.61899999998,7994928,12899387380.007965,SZ399001
2026-08-03 14:20:00,13468.108,13468.108000000038,13438.971499999989,13442.217499999982,6214835,10299108061.887966,SZ399001
2026-08-03 14:25:00,13443.2763,13486.851700000048,13439.07709999999,13484.924899999996,7866896,12174675178.097967,SZ399001
2026-08-03 14:30:00,13486.338099999995,13492.535100000045,13462.643599999989,13462.643599999994,7344734,12074602243.447968,SZ399001
2026-08-03 14:35:00,13462.300199999998,13467.742800000044,13437.729299999985,13443.544799999989,8899110,13354739315.289968,SZ399001
2026-08-03 14:40:00,13447.1581,13451.305500000046,13430.630599999982,13430.63059999999,8516442,13961403660.381968,SZ399001
2026-08-03 14:45:00,13432.29,13438.895100000043,13429.084399999983,13437.302399999991,10238085,16192006029.194973,SZ399001
2026-08-03 14:50:00,13436.8394,13447.333800000044,13435.571899999984,13443.97209999999,12864001,20142391423.615967,SZ399001
2026-08-03 14:55:00,13442.910599999996,13451.883400000046,13438.896799999986,13440.021099999994,17534623,26455114786.31296,SZ399001
2026-08-03 15:00:00,13441.005099999997,13448.2888,13439.335699999983,13448.2888,17452792,25525025424.63998,SZ399001
2026-08-04 09:35:00,13572.9509,13583.711399999998,13537.763199999998,13560.906299999991,73689728,127794902755.09598,SZ399001
2026-08-04 09:40:00,13562.7119,13639.212399999997,13562.711899999998,13635.205699999988,38331008,69429158987.86497,SZ399001
2026-08-04 09:45:00,13638.9052,13647.807799999991,13601.918999999993,13634.624599999976,34478858,60717133597.711975,SZ399001
2026-08-04 09:50:00,13638.582,13686.297199999985,13629.046299999998,13684.443999999983,26048253,51094812920.54497,SZ399001
2026-08-04 09:55:00,13685.8759,13715.455199999984,13685.8759,13714.21979999999,23548481,46142658498.999954,SZ399001
2026-08-04 10:00:00,13714.5586,13725.085399999982,13688.346600000006,13688.346599999988,27019784,45597543204.931946,SZ399001
2026-08-04 10:05:00,13687.0415,13687.04149999998,13654.232800000003,13662.959999999994,22002142,42144020478.880936,SZ399001
2026-08-04 10:10:00,13663.6459,13710.278799999987,13654.290100000006,13697.9952,16847810,32220667394.70292,SZ399001
2026-08-04 10:15:00,13695.3296,13695.329599999988,13665.274000000009,13689.395499999997,18376748,30427360623.351925,SZ399001
2026-08-04 10:20:00,13688.3892,13716.157099999997,13680.001400000005,13716.157099999997,14537983,23154302838.189922,SZ399001
2026-08-04 10:25:00,13716.4375,13720.648499999994,13682.299100000007,13682.537900000005,11361613,20203099151.48593,SZ399001
2026-08-04 10:30:00,13680.8823,13715.179099999994,13676.412000000008,13710.224999999997,10170247,18809749930.30693,SZ399001
2026-08-04 10:35:00,13710.152400000004,13727.22619999999,13703.918100000008,13711.490499999996,11555810,19671158941.150932,SZ399001
2026-08-04 10:40:00,13711.324300000002,13744.65929999999,13711.324300000007,13741.256799999994,9540847,18562242909.98393,SZ399001
2026-08-04 10:45:00,13741.279000000002,13756.020999999986,13718.35450000001,13739.465499999982,8894586,17890454190.259933,SZ399001
2026-08-04 10:50:00,13740.2802,13757.635099999978,13738.209900000007,13743.595099999977,8296379,16072411267.270931,SZ399001
2026-08-04 10:55:00,13741.9546,13741.954599999975,13719.10340000001,13719.103399999967,7404516,13536587157.87893,SZ399001
2026-08-04 11:00:00,13720.6747,13743.91669999998,13715.685000000009,13715.684999999972,6860833,12447371087.483927,SZ399001
2026-08-04 11:05:00,13714.174,13715.670799999978,13693.997200000009,13704.80309999998,7583767,13088697954.438923,SZ399001
2026-08-04 11:10:00,13705.573700000004,13750.718199999978,13702.55470000001,13750.71819999998,6718107,11579924294.255917,SZ399001
2026-08-04 11:15:00,13750.366000000004,13761.784499999976,13742.643300000009,13761.784499999982,6661600,12984749509.691916,SZ399001
2026-08-04 11:20:00,13761.956400000005,13770.687999999982,13749.181300000006,13770.687999999978,6333319,12790885267.207916,SZ399001
2026-08-04 11:25:00,13770.399400000002,13777.56949999998,13766.617100000003,13773.34159999997,6748986,14699590851.112917,SZ399001
2026-08-04 11:30:00,13774.5325,13819.52359999999,13774.532500000005,13817.387199999976,8053581,18623860075.07292,SZ399001
2026-08-04 13:05:00,13822.444900000002,13858.909899999988,13817.726400000009,13850.955799999978,15095464,34854232977.387924,SZ399001
2026-08-04 13:10:00,13850.722200000004,13850.79489999999,13826.905700000008,13826.90569999998,10122576,20437243668.05692,SZ399001
2026-08-04 13:15:00,13826.310300000005,13835.028899999992,13809.70900000001,13825.880199999989,8934577,16997596330.457918,SZ399001
2026-08-04 13:20:00,13827.598100000005,13832.122199999993,13800.036200000011,13804.933699999989,8902684,16062572795.08691,SZ399001
2026-08-04 13:25:00,13805.104900000004,13841.723599999996,13802.283700000016,13836.5783,7938738,15593794023.43491,SZ399001
2026-08-04 13:30:00,13837.516000000003,13867.2731,13837.516000000018,13867.2731,8547973,17353726927.833904,SZ399001
2026-08-04 13:35:00,13867.667000000003,13884.426699999993,13867.37780000002,13875.716899999996,10055102,19736707701.86591,SZ399001
2026-08-04 13:40:00,13876.298400000003,13899.169299999994,13873.01020000002,13892.6407,9382610,18711776712.445915,SZ399001
2026-08-04 13:45:00,13893.447600000003,13901.000199999991,13883.976400000018,13893.387300000004,9004244,16612718200.798916,SZ399001
2026-08-04 13:50:00,13893.485100000004,13913.911799999993,13893.485100000018,13902.782800000006,10176296,17287055934.996925,SZ399001
2026-08-04 13:55:00,13902.688000000002,13904.30729999999,13888.804800000016,13899.041500000005,8688941,14794564266.123924,SZ399001
2026-08-04 14:00:00,13898.0226,13909.350299999987,13893.543300000016,13909.350300000016,7276727,13452110593.245922,SZ399001
2026-08-04 14:05:00,13909.3998,13924.322999999986,13909.300100000017,13921.063900000016,9880682,17471107787.085915,SZ399001
2026-08-04 14:10:00,13921.1823,13929.952599999991,13911.716800000017,13929.016900000017,8361655,13984910250.365908,SZ399001
2026-08-04 14:15:00,13929.046799999996,13936.51729999999,13902.744900000016,13902.744900000018,9699554,16868314408.7709,SZ399001
2026-08-04 14:20:00,13899.383999999998,13899.383999999993,13868.226600000018,13874.870300000006,13368440,22491266464.611904,SZ399001
2026-08-04 14:25:00,13875.3978,13884.558999999985,13868.684600000017,13880.68670000001,8215659,14779208768.57491,SZ399001
2026-08-04 14:30:00,13881.107399999995,13897.83379999999,13881.107400000015,13895.596100000006,7435493,13208580926.696907,SZ399001
2026-08-04 14:35:00,13895.049799999995,13899.28839999999,13854.18230000002,13854.182300000008,11744925,19423623330.78891,SZ399001
2026-08-04 14:40:00,13854.866899999995,13868.982199999991,13850.877400000025,13858.928700000008,9695591,16907535625.691906,SZ399001
2026-08-04 14:45:00,13858.468399999996,13859.106899999988,13847.416000000016,13848.884600000018,11181284,18392218746.465904,SZ399001
2026-08-04 14:50:00,13849.328599999995,13861.302999999984,13849.328600000015,13859.051300000016,13032288,21550735357.7699,SZ399001
2026-08-04 14:55:00,13859.503699999996,13876.40699999998,13858.442200000016,13876.40700000001,18239504,28872181604.317886,SZ399001
2026-08-04 15:00:00,13876.290199999996,13888.697299999976,13876.290200000014,13885.711300000006,18790584,29682164440.33589,SZ399001
2026-08-05 09:35:00,13644.8347,13824.684899999998,13644.8347,13801.552500000003,74911089,169116644803.83707,SZ399001
2026-08-05 09:40:00,13807.221,13875.735,13807.221000000003,13865.9406,39747413,84494137027.8891,SZ399001
2026-08-05 09:45:00,13871.3714,13928.1994,13871.371400000002,13921.017799999996,34115534,67593089075.13911,SZ399001
2026-08-05 09:50:00,13920.6366,13980.890600000002,13919.748600000004,13949.176899999997,29855197,59893963988.50413,SZ399001
2026-08-05 09:55:00,13948.2677,13983.432899999998,13928.584899999998,13963.036899999996,27546578,49850538420.49812,SZ399001
2026-08-05 10:00:00,13964.9677,13993.161999999997,13943.7449,13953.6751,23748873,44866222045.848114,SZ399001
2026-08-05 10:05:00,13956.646900000002,13962.709699999998,13941.1475,13944.3396,20292124,39874306860.89413,SZ399001
2026-08-05 10:10:00,13943.449,13952.9766,13902.637699999996,13918.7484,18685107,38358723585.648125,SZ399001
2026-08-05 10:15:00,13920.0627,13920.232899999995,13849.5159,13880.604000000005,25259381,47965989844.152115,SZ399001
2026-08-05 10:20:00,13880.0444,13890.663500000002,13838.6557,13890.663500000006,19429141,40036117083.6761,SZ399001
2026-08-05 10:25:00,13892.315799999998,13935.956000000002,13874.501199999995,13928.537799999996,15344449,29878716504.5981,SZ399001
2026-08-05 10:30:00,13928.8255,13933.480999999998,13908.72069999999,13922.554099999992,12680567,23175677046.042107,SZ399001
2026-08-05 10:35:00,13922.5848,13930.618699999995,13895.70109999999,13930.618699999994,13203889,24585903477.430107,SZ399001
2026-08-05 10:40:00,13928.757999999998,13964.920200000002,13922.582099999989,13946.857299999996,10024620,20219247187.469097,SZ399001
2026-08-05 10:45:00,13947.7619,13978.081700000008,13946.217399999989,13974.7366,9259866,18928180035.094097,SZ399001
2026-08-05 10:50:00,13974.3957,14008.053900000004,13971.63899999999,14007.9245,9962845,20686634697.238106,SZ399001
2026-08-05 10:55:00,14007.252000000002,14007.252000000004,13985.985199999985,14005.269499999988,9595471,19589828887.012108,SZ399001
2026-08-05 11:00:00,14004.945200000002,14013.349500000008,13992.360199999985,13995.070799999983,7827728,16238564443.987106,SZ399001
2026-08-05 11:05:00,13996.3729,14021.535400000004,13996.372899999982,14016.76829999998,8437672,18328934529.790104,SZ399001
2026-08-05 11:10:00,14015.833600000002,14031.89320000001,14002.44039999998,14031.64349999999,8065371,16397087120.875107,SZ399001
2026-08-05 11:15:00,14032.8233,14062.504400000014,14032.17779999998,14062.504400000002,8525648,17528532717.190117,SZ399001
2026-08-05 11:20:00,14063.7228,14098.738900000011,14063.722799999983,14074.753399999994,9834518,22479395542.72311,SZ399001
2026-08-05 11:25:00,14074.1022,14107.433700000009,14066.505699999982,14106.375699999997,7433832,16693593354.351103,SZ399001
2026-08-05 11:30:00,14105.5739,14115.343400000003,14097.42529999998,14101.896,8555786,17774219235.9471,SZ399001
2026-08-05 13:05:00,14111.1048,14154.545799999998,14111.104799999985,14154.063199999997,16922675,37416125591.64511,SZ399001
2026-08-05 13:10:00,14154.284,14154.851299999998,14106.628099999987,14129.162399999994,11719800,24697062694.188103,SZ399001
2026-08-05 13:15:00,14124.891199999998,14186.279699999986,14121.459399999989,14171.0017,10317445,23587633376.7911,SZ399001
2026-08-05 13:20:00,14168.797599999998,14200.21989999999,14160.097999999984,14193.496700000002,10097124,21884686045.3961,SZ399001
2026-08-05 13:25:00,14194.6888,14227.812699999986,14192.663799999986,14227.8127,9852245,22500061207.037098,SZ399001
2026-08-05 13:30:00,14227.451,14246.383299999989,14205.256699999993,14206.15730000001,10844649,22788650331.826096,SZ399001
2026-08-05 13:35:00,14205.3193,14225.071999999987,14203.712199999994,14217.264400000004,8957867,18102083129.94209,SZ399001
2026-08-05 13:40:00,14217.271099999998,14217.271099999984,14165.474499999997,14182.281100000004,12545928,22889519272.482098,SZ399001
2026-08-05 13:45:00,14184.452399999996,14216.121099999988,14173.088399999991,14216.0106,9651366,19255577503.11009,SZ399001
2026-08-05 13:50:00,14217.315699999996,14237.75039999999,14207.970399999998,14213.843700000009,9048894,17202037188.177086,SZ399001
2026-08-05 13:55:00,14215.842699999996,14236.793999999993,14210.436300000005,14217.68990000001,7391772,14172415093.503086,SZ399001
2026-08-05 14:00:00,14216.838199999997,14218.015599999992,14190.0863,14200.692600000006,7564483,14580560274.353085,SZ399001
2026-08-05 14:05:00,14200.084899999996,14200.08489999999,14153.180400000008,14159.916000000012,14225646,22274162497.788086,SZ399001
2026-08-05 14:10:00,14160.259899999995,14160.259899999992,14110.979100000011,14143.712200000014,14753974,25486066169.820103,SZ399001
2026-08-05 14:15:00,14144.327099999997,14149.65889999999,14103.342600000004,14107.030000000006,8757035,16522094076.817114,SZ399001
2026-08-05 14:20:00,14107.5105,14110.607299999989,14058.334400000009,14065.57330000001,11768149,23719744972.220123,SZ399001
2026-08-05 14:25:00,14066.254299999997,14087.59279999999,14059.36440000001,14086.769900000008,10304072,19804153753.72212,SZ399001
2026-08-05 14:30:00,14088.546199999995,14120.58039999999,14088.54620000001,14120.580400000006,9538393,15819346989.106129,SZ399001
2026-08-05 14:35:00,14119.884599999998,14122.03859999999,14106.05620000001,14121.242200000015,11172649,17140481064.474125,SZ399001
2026-08-05 14:40:00,14121.526399999995,14125.950099999996,14104.410300000016,14106.147800000028,10897646,18474238863.791126,SZ399001
2026-08-05 14:45:00,14105.560299999996,14115.94419999999,14102.87020000002,14115.21390000003,11496680,19496679225.982117,SZ399001
2026-08-05 14:50:00,14115.623199999998,14131.826699999989,14115.564200000024,14131.790000000032,13269385,22937119250.128105,SZ399001
2026-08-05 14:55:00,14130.5732,14138.24119999999,14127.741700000024,14137.94450000003,18658516,31967254383.99109,SZ399001
2026-08-05 15:00:00,14137.568799999995,14147.558799999986,14137.568800000025,14144.204500000027,20310105,33639483315.737103,SZ399001
