datetime,开盘,最高,最低,收盘,成交量,成交额,代码
2026-06-09 09:35:00,3865.6931,3881.5506,3855.410600000001,3872.806200000002,24227440,80717913095.11002,SZ399006
2026-06-09 09:40:00,3872.4076,3889.749999999999,3870.416799999999,3879.975,11963932,39344286092.899994,SZ399006
2026-06-09 09:45:00,3881.6889,3894.1582000000008,3874.140299999998,3893.77,9969908,32819884738.729984,SZ399006
2026-06-09 09:50:00,3892.085700000001,3896.176500000001,3885.6308999999983,3890.3155000000006,7419063,26544968128.289986,SZ399006
2026-06-09 09:55:00,3889.486600000001,3889.4866,3854.476399999999,3854.4764000000014,7359946,25485504146.059982,SZ399006
2026-06-09 10:00:00,3854.0576000000015,3881.7915000000025,3853.9096999999992,3880.2290000000025,7937251,23819590239.869984,SZ399006
2026-06-09 10:05:00,3880.6406000000015,3886.952200000002,3863.399600000001,3863.399600000002,5997910,19892390815.58998,SZ399006
2026-06-09 10:10:00,3862.779700000002,3881.293500000002,3862.080800000001,3876.2740000000017,5031667,16308546583.55999,SZ399006
2026-06-09 10:15:00,3875.818200000002,3877.246300000003,3864.3361,3864.3361000000023,4344295,14029884351.069988,SZ399006
2026-06-09 10:20:00,3864.3428000000017,3864.3428000000026,3836.8623000000007,3837.258600000003,4572524,14923296969.939987,SZ399006
2026-06-09 10:25:00,3837.4777000000017,3841.625400000002,3823.760400000001,3831.924700000003,4329339,15842138521.179989,SZ399006
2026-06-09 10:30:00,3831.0875000000015,3850.949900000002,3829.6601,3848.8730000000014,3927563,12514086509.959988,SZ399006
2026-06-09 10:35:00,3849.7175000000016,3857.885200000002,3847.1385,3856.265100000002,3924700,11696845382.279987,SZ399006
2026-06-09 10:40:00,3855.139200000002,3855.974900000002,3842.5301,3843.363000000003,3264493,9718533079.169987,SZ399006
2026-06-09 10:45:00,3842.7223000000017,3857.171500000003,3840.408499999999,3856.472100000003,2941529,10270326969.199982,SZ399006
2026-06-09 10:50:00,3856.6638000000025,3863.518000000003,3854.719199999999,3860.228200000004,2997109,9759383135.809984,SZ399006
2026-06-09 10:55:00,3860.7706000000026,3862.434000000003,3851.1279999999983,3852.1224000000025,3165781,9115238572.899984,SZ399006
2026-06-09 11:00:00,3852.0598000000023,3855.5502000000006,3847.8960999999977,3849.0601000000024,2893764,9162791061.71998,SZ399006
2026-06-09 11:05:00,3847.9318000000026,3856.4476,3846.0275999999976,3851.076700000002,2765186,9467007500.90998,SZ399006
2026-06-09 11:10:00,3851.2818000000025,3862.793899999999,3849.561799999998,3862.7939000000033,2728266,8310950908.059981,SZ399006
2026-06-09 11:15:00,3863.026000000002,3868.7950999999994,3862.3261999999977,3863.3407000000034,2590710,8816223514.18998,SZ399006
2026-06-09 11:20:00,3862.977000000002,3873.313,3862.9769999999976,3863.9761000000017,2480914,8314465333.139979,SZ399006
2026-06-09 11:25:00,3864.686300000002,3867.8309,3856.758699999998,3864.8912000000023,2595409,7606654474.839979,SZ399006
2026-06-09 11:30:00,3866.379800000002,3886.3819,3865.9833999999983,3884.540900000002,2176661,8091473181.85998,SZ399006
2026-06-09 13:05:00,3892.295800000002,3920.174199999999,3892.295799999999,3907.446500000001,6381965,24484086881.09998,SZ399006
2026-06-09 13:10:00,3907.4449000000022,3911.6019999999994,3900.349900000001,3904.206200000002,4057150,14618244963.70998,SZ399006
2026-06-09 13:15:00,3904.443600000003,3918.4059000000007,3898.876900000001,3913.388900000002,3354366,12399042032.66998,SZ399006
2026-06-09 13:20:00,3913.631300000003,3915.255900000001,3904.8808,3911.1162000000018,3474414,12008805176.539978,SZ399006
2026-06-09 13:25:00,3910.3699000000033,3919.0453,3909.6641,3912.578000000002,3202509,11066276796.819973,SZ399006
2026-06-09 13:30:00,3912.301300000004,3912.5329,3904.243100000002,3905.4870000000014,2844900,9966664626.599976,SZ399006
2026-06-09 13:35:00,3905.212500000004,3917.7921000000006,3905.212500000002,3916.228200000002,3189367,10231518835.339973,SZ399006
2026-06-09 13:40:00,3916.596700000004,3924.504699999999,3911.349600000002,3924.504700000002,2949477,10501118675.859974,SZ399006
2026-06-09 13:45:00,3925.0419000000034,3934.0758,3917.986200000002,3933.514600000002,2542633,10242416276.469976,SZ399006
2026-06-09 13:50:00,3933.461000000004,3946.6638000000016,3932.0212000000024,3946.3944000000006,2481903,10668713392.269972,SZ399006
2026-06-09 13:55:00,3946.431300000004,3953.475200000001,3940.6178000000023,3948.152700000001,2522775,11187886075.639973,SZ399006
2026-06-09 14:00:00,3947.664800000004,3948.4151000000015,3932.9850000000024,3933.062500000002,2447705,9294418342.44997,SZ399006
2026-06-09 14:05:00,3933.289200000004,3951.3585000000007,3932.946000000002,3946.360300000001,2706220,9313496822.079971,SZ399006
2026-06-09 14:10:00,3946.839700000003,3952.213900000001,3945.8062000000023,3946.9374000000016,2620982,8836065835.489973,SZ399006
2026-06-09 14:15:00,3947.151100000004,3948.489900000001,3936.507400000002,3939.453700000002,2670243,8760438424.619968,SZ399006
2026-06-09 14:20:00,3939.686900000004,3947.804900000001,3936.2769000000017,3945.4228000000026,2566241,8892048009.009966,SZ399006
2026-06-09 14:25:00,3944.852300000004,3949.3954,3942.5285000000017,3944.3843000000024,2993742,8872131957.659971,SZ399006
2026-06-09 14:30:00,3944.461100000004,3951.8473,3944.3004000000024,3950.9847,3681373,11631427198.38997,SZ399006
2026-06-09 14:35:00,3951.893100000004,3960.8601,3951.524700000002,3956.230499999999,4017929,12406922873.229967,SZ399006
2026-06-09 14:40:00,3955.9337000000046,3955.9337,3950.350500000002,3951.943,3769569,12345989828.919966,SZ399006
2026-06-09 14:45:00,3951.836800000005,3958.962,3951.703700000002,3958.961999999999,3975791,12714902589.649971,SZ399006
2026-06-09 14:50:00,3958.733200000005,3962.8976,3957.8642000000023,3961.243699999999,4593272,14784276547.989975,SZ399006
2026-06-09 14:55:00,3959.944700000005,3961.6886,3957.2805000000026,3960.7289,6080265,18430835880.309982,SZ399006
2026-06-09 15:00:00,3960.453900000005,3962.0769,3958.844500000003,3961.7492999999986,5935624,17957898939.20999,SZ399006
2026-06-10 09:35:00,3897.73,3903.7517,3873.613300000001,3890.5898,21633552,76909473111.04,SZ399006
2026-06-10 09:40:00,3890.5363,3900.4670999999985,3885.814200000001,3898.2529,13530191,41612518705.96,SZ399006
2026-06-10 09:45:00,3896.4957,3928.359599999996,3894.5226000000016,3924.7566,10564135,33396766325.499996,SZ399006
2026-06-10 09:50:00,3925.2091,3927.053299999996,3918.180300000002,3923.9024,8879889,26870041740.509995,SZ399006
2026-06-10 09:55:00,3923.3924,3925.290099999995,3911.8268000000007,3915.929799999999,7297379,23507547178.299976,SZ399006
2026-06-10 10:00:00,3915.5689,3915.5799999999954,3884.7539000000024,3896.2854,6723816,22471021371.52998,SZ399006
2026-06-10 10:05:00,3893.7564,3903.305799999994,3880.553100000002,3882.0188999999978,6203148,20601511259.749992,SZ399006
2026-06-10 10:10:00,3882.2673,3888.9471999999937,3877.730500000002,3881.229299999997,5635515,17176070257.85001,SZ399006
2026-06-10 10:15:00,3881.8668,3887.9588999999937,3876.492300000002,3879.039299999999,4955572,14588560260.370016,SZ399006
2026-06-10 10:20:00,3878.9301,3893.891899999994,3878.930100000003,3886.930699999999,5396579,15081197055.590017,SZ399006
2026-06-10 10:25:00,3884.9511,3890.886299999994,3873.523000000002,3873.522999999998,4719145,13825549448.58002,SZ399006
2026-06-10 10:30:00,3872.0913,3875.5105999999946,3855.1279000000022,3855.127899999999,4305285,13901165218.39002,SZ399006
2026-06-10 10:35:00,3854.882200000001,3862.671799999995,3852.5318000000025,3856.3321,4661524,13418435306.860023,SZ399006
2026-06-10 10:40:00,3856.5186,3860.422699999995,3844.590800000002,3845.1649999999986,4165527,11337210540.880022,SZ399006
2026-06-10 10:45:00,3845.1375,3864.744999999996,3845.1375000000025,3859.373499999998,3563059,10402926249.740017,SZ399006
2026-06-10 10:50:00,3863.1775000000007,3873.507899999997,3860.8410000000017,3869.3682999999983,3364661,9800886362.88001,SZ399006
2026-06-10 10:55:00,3869.5757,3875.454499999996,3856.0408000000016,3856.0407999999993,2952002,8952371191.030012,SZ399006
2026-06-10 11:00:00,3856.0161000000007,3856.016099999996,3846.645000000002,3854.6708999999983,2902712,8623657307.290014,SZ399006
2026-06-10 11:05:00,3852.9987000000015,3871.4271999999983,3851.0331000000015,3864.589300000001,2980020,8870711985.130014,SZ399006
2026-06-10 11:10:00,3865.313900000002,3867.3413999999984,3859.1267000000016,3862.878299999999,2597375,7233968522.0500145,SZ399006
2026-06-10 11:15:00,3861.7857000000017,3875.6324,3854.8873000000017,3875.6324,3172728,8826837609.300014,SZ399006
2026-06-10 11:20:00,3876.007500000002,3881.7334,3873.115800000001,3873.115799999999,2390637,8323874515.070014,SZ399006
2026-06-10 11:25:00,3873.050200000002,3873.0502,3858.4631000000018,3862.2153,2501607,7721615981.44001,SZ399006
2026-06-10 11:30:00,3865.1351000000022,3878.087399999999,3865.135100000002,3870.833699999999,2059169,6887076081.720012,SZ399006
2026-06-10 13:05:00,3859.8953000000024,3859.8953,3841.1779,3850.0506999999975,5440076,17986077397.45002,SZ399006
2026-06-10 13:10:00,3850.1531000000023,3862.3180000000007,3850.0051000000008,3850.247799999998,2820098,9058287843.100023,SZ399006
2026-06-10 13:15:00,3850.9348000000023,3851.753900000001,3836.337,3844.557599999996,3068541,9629690032.600023,SZ399006
2026-06-10 13:20:00,3844.8933000000025,3850.753700000002,3840.693,3849.163799999995,2284275,7378891300.740022,SZ399006
2026-06-10 13:25:00,3849.8161000000023,3850.749000000003,3838.872,3845.960599999996,2919151,8426634073.090023,SZ399006
2026-06-10 13:30:00,3845.4450000000024,3852.875400000005,3841.8514,3851.294499999997,2341961,6516027454.5700245,SZ399006
2026-06-10 13:35:00,3851.1360000000022,3852.076800000005,3836.9769,3836.9768999999974,2752400,8369106989.280024,SZ399006
2026-06-10 13:40:00,3835.873100000002,3842.859800000004,3833.386,3836.3156999999974,2765790,8494037421.640026,SZ399006
2026-06-10 13:45:00,3837.048700000002,3848.559300000006,3837.0487,3839.1004000000007,2385664,7488385220.840026,SZ399006
2026-06-10 13:50:00,3838.800500000002,3842.9079000000056,3822.0143000000007,3822.1077,2740411,8542945669.180024,SZ399006
2026-06-10 13:55:00,3822.329700000002,3833.853300000006,3818.3123,3833.167400000001,2833040,8543900975.760023,SZ399006
2026-06-10 14:00:00,3833.290400000002,3857.194800000005,3833.2904,3857.0631000000017,2631541,7740097240.910027,SZ399006
2026-06-10 14:05:00,3857.0577000000026,3861.546200000005,3846.682300000001,3846.6823,2829818,8295109380.330027,SZ399006
2026-06-10 14:10:00,3846.3468000000025,3855.938600000005,3839.713900000001,3848.038000000002,2259598,6551058324.210027,SZ399006
2026-06-10 14:15:00,3847.960000000002,3858.158000000003,3845.623900000001,3846.3841,2176574,6309051096.630025,SZ399006
2026-06-10 14:20:00,3845.9320000000016,3860.7527000000023,3845.3426,3860.7527,2169437,6294067647.060024,SZ399006
2026-06-10 14:25:00,3862.017800000002,3871.837000000003,3858.112100000002,3859.0337000000018,2961677,8524307616.790022,SZ399006
2026-06-10 14:30:00,3859.961300000002,3864.543300000003,3858.117400000002,3859.5096000000017,2198327,6578084397.350021,SZ399006
2026-06-10 14:35:00,3859.990800000002,3871.361500000004,3859.990800000002,3863.5923000000025,3107435,9461387736.130026,SZ399006
2026-06-10 14:40:00,3863.6609000000017,3863.660900000004,3852.6799000000024,3852.8333000000025,2983498,8826941516.630028,SZ399006
2026-06-10 14:45:00,3852.490900000001,3854.6356000000033,3847.001500000003,3853.6731000000023,3749827,10683258109.000029,SZ399006
2026-06-10 14:50:00,3853.216500000001,3857.1731000000023,3851.800200000004,3857.173100000002,4317881,11935138394.890026,SZ399006
2026-06-10 14:55:00,3857.306300000001,3861.415500000003,3855.880300000003,3856.2751000000017,5939161,16279676156.46003,SZ399006
2026-06-10 15:00:00,3856.7168000000015,3857.1505000000025,3854.4086000000025,3854.7935000000016,5371451,15000161886.910027,SZ399006
2026-06-11 09:35:00,3839.1872,3864.0392,3839.1872,3857.9989,21956911,65032495208.16998,SZ399006
2026-06-11 09:40:00,3859.974600000001,3877.0603,3859.9746,3872.956399999998,14284496,39921810704.10997,SZ399006
2026-06-11 09:45:00,3875.3079000000007,3898.597199999999,3875.3078999999993,3893.969399999998,9835288,30371081293.97996,SZ399006
2026-06-11 09:50:00,3894.671300000001,3910.2779999999984,3894.344599999999,3900.4500999999977,7678716,24718937547.219955,SZ399006
2026-06-11 09:55:00,3899.4318000000017,3903.552699999999,3874.2834000000007,3876.048999999999,6471865,20596654856.249966,SZ399006
2026-06-11 10:00:00,3876.186200000002,3887.714499999999,3858.878499999999,3867.555399999998,5827422,18722896922.44996,SZ399006
2026-06-11 10:05:00,3865.4694000000018,3865.469399999999,3844.910999999998,3847.682599999994,5998888,18326449718.909958,SZ399006
2026-06-11 10:10:00,3847.492600000002,3850.4487999999983,3842.2978999999978,3846.747399999993,5649081,16848285255.319954,SZ399006
2026-06-11 10:15:00,3846.6825000000017,3856.598599999999,3843.8274999999976,3853.509899999993,4391190,13428295212.489956,SZ399006
2026-06-11 10:20:00,3853.147700000002,3854.171199999999,3834.7232999999983,3835.7691999999943,5192330,14676716206.109959,SZ399006
2026-06-11 10:25:00,3837.6886000000018,3840.7152999999985,3824.761799999999,3832.3827999999953,4150969,13617613171.07996,SZ399006
2026-06-11 10:30:00,3832.354900000002,3838.894999999999,3818.765699999998,3820.636499999995,3834642,12557034867.79996,SZ399006
2026-06-11 10:35:00,3820.5987000000023,3827.7469,3810.359799999998,3811.495999999996,4126473,13312765693.889954,SZ399006
2026-06-11 10:40:00,3811.6358000000023,3821.2068,3810.744399999998,3810.952199999997,3406221,10554148856.939953,SZ399006
2026-06-11 10:45:00,3811.0947000000024,3819.0307,3803.6153999999983,3803.615399999997,3436143,10167893058.519947,SZ399006
2026-06-11 10:50:00,3803.5419000000024,3820.7570999999994,3799.0592999999985,3820.7570999999984,3442012,10381835080.23995,SZ399006
2026-06-11 10:55:00,3821.4674000000023,3827.904799999999,3807.6871999999994,3807.6871999999976,2929428,8912304701.039953,SZ399006
2026-06-11 11:00:00,3807.4902000000025,3828.9012999999977,3807.4901999999993,3827.5426999999954,2388677,8022090257.929953,SZ399006
2026-06-11 11:05:00,3826.2767000000026,3826.276699999997,3810.255599999999,3816.908399999996,2599162,8152550997.919951,SZ399006
2026-06-11 11:10:00,3816.4187000000024,3817.0080999999977,3796.653899999998,3798.090899999997,2946529,9307115957.039951,SZ399006
2026-06-11 11:15:00,3797.0601000000024,3797.0600999999974,3784.058999999998,3795.892099999995,3320663,10721630956.529951,SZ399006
2026-06-11 11:20:00,3795.1104000000023,3796.093599999996,3783.5166999999983,3784.4292999999975,2783468,8208139456.4599495,SZ399006
2026-06-11 11:25:00,3784.417900000002,3792.090199999995,3782.076299999999,3787.831699999998,2580453,8034960977.099949,SZ399006
2026-06-11 11:30:00,3788.447500000003,3793.744799999996,3782.0030999999985,3785.625899999998,2221590,6874071213.279944,SZ399006
2026-06-11 13:05:00,3794.929500000003,3819.3616999999967,3792.620599999998,3797.786999999999,5378819,17634679216.86995,SZ399006
2026-06-11 13:10:00,3801.6555000000026,3811.567699999998,3795.0234999999984,3811.567700000001,3131675,10682667455.259945,SZ399006
2026-06-11 13:15:00,3810.7016000000026,3827.106399999997,3809.182299999998,3822.0733000000023,3085984,10877335423.399942,SZ399006
2026-06-11 13:20:00,3822.232700000003,3835.0501999999974,3820.8826999999983,3835.050200000001,2732569,9336835553.539948,SZ399006
2026-06-11 13:25:00,3835.4212000000025,3839.989599999997,3817.390399999999,3817.3903999999993,2896539,9907290529.699945,SZ399006
2026-06-11 13:30:00,3815.476600000002,3819.421399999997,3803.9003,3803.9003000000007,2337987,8059841658.489946,SZ399006
2026-06-11 13:35:00,3803.103500000002,3805.164199999997,3794.4515,3798.4131000000007,2429531,9093417046.829943,SZ399006
2026-06-11 13:40:00,3799.511400000002,3808.3998999999967,3791.9786,3791.978600000003,2965336,10510630967.249939,SZ399006
2026-06-11 13:45:00,3792.654500000002,3802.848499999996,3787.1546,3787.1546000000008,2131019,8119747119.179937,SZ399006
2026-06-11 13:50:00,3787.0500000000015,3808.6257999999975,3786.3639,3808.6258000000007,2193658,7716521700.549935,SZ399006
2026-06-11 13:55:00,3808.9374000000016,3811.7439999999983,3801.5557999999983,3801.555800000001,2665284,8198725483.099933,SZ399006
2026-06-11 14:00:00,3801.5646000000015,3802.3239999999983,3788.692299999999,3791.8691999999983,2549982,9427011042.929932,SZ399006
2026-06-11 14:05:00,3792.4349000000016,3795.3538999999982,3784.552799999998,3787.3164999999985,2432064,9322979473.299932,SZ399006
2026-06-11 14:10:00,3786.108900000002,3786.108899999999,3767.273199999999,3767.291999999999,2861089,10978380679.039936,SZ399006
2026-06-11 14:15:00,3766.577500000002,3766.577499999999,3755.6132,3764.952299999999,2893061,12172753838.409937,SZ399006
2026-06-11 14:20:00,3765.351100000002,3772.980999999998,3761.829800000001,3761.829799999998,2403939,9036195695.879938,SZ399006
2026-06-11 14:25:00,3761.890800000002,3784.3069,3761.420100000001,3782.220199999998,2494997,8342982077.389937,SZ399006
2026-06-11 14:30:00,3782.6892000000016,3790.8869999999993,3775.6035,3776.168099999997,2625928,8133813986.289938,SZ399006
2026-06-11 14:35:00,3777.558900000002,3795.7884999999983,3777.5589,3785.889899999998,3218227,9756306388.979937,SZ399006
2026-06-11 14:40:00,3786.3085000000015,3791.0973,3779.6741000000015,3786.8317,2976364,9437699582.149937,SZ399006
2026-06-11 14:45:00,3788.204900000002,3796.8198,3788.204900000002,3796.397900000001,3600768,11179803350.659935,SZ399006
2026-06-11 14:50:00,3796.5669000000025,3799.922600000001,3793.6016000000022,3795.505400000001,4236913,12680707949.819937,SZ399006
2026-06-11 14:55:00,3795.766100000002,3807.3989,3794.9929000000034,3806.3736,5596373,16723518820.689938,SZ399006
2026-06-11 15:00:00,3806.713200000003,3811.7281,3806.713200000003,3811.245999999999,5260410,15483710059.679943,SZ399006
2026-06-12 09:35:00,3921.0888,3921.5348,3872.6694,3872.7668,26913210,97429209342.59,SZ399006
2026-06-12 09:40:00,3872.013,3892.2454,3868.0136,3882.002,13213015,46574801925.799995,SZ399006
2026-06-12 09:45:00,3885.1469,3887.1945,3860.9521,3863.6387,11615178,39519921633.29,SZ399006
2026-06-12 09:50:00,3865.6409,3892.76,3865.6409,3882.0347,9965233,31965259954.01,SZ399006
2026-06-12 09:55:00,3881.0346,3885.252,3868.2055,3869.5074,8358437,26830036910.44,SZ399006
2026-06-12 10:00:00,3869.812,3885.5695,3865.1276,3885.0826,7049703,23854040405.22,SZ399006
2026-06-12 10:05:00,3884.0976,3884.1226,3869.0022,3876.245,8437738,25097376452.66,SZ399006
2026-06-12 10:10:00,3875.7225,3888.6278,3875.7225,3888.6278,7177071,21119449587.2,SZ399006
2026-06-12 10:15:00,3888.6259,3894.7175,3888.6259,3889.2974,5632777,18770953485.02,SZ399006
2026-06-12 10:20:00,3890.2652,3890.2652,3869.9502,3875.5952,5399436,18584477391.28,SZ399006
2026-06-12 10:25:00,3876.8113,3879.3045,3866.3782,3872.3807,4504161,15474087629.17,SZ399006
2026-06-12 10:30:00,3872.1832,3872.1832,3860.599,3860.9495,4026205,14020038350.779999,SZ399006
2026-06-12 10:35:00,3860.3287,3881.5824,3858.5951,3881.4516,4041014,13667253840.96,SZ399006
2026-06-12 10:40:00,3880.9895,3887.1574,3877.046,3881.8518,3434836,12518146585.050001,SZ399006
2026-06-12 10:45:00,3882.3611,3885.0834,3873.0906,3884.5616,3107431,10721083789.160002,SZ399006
2026-06-12 10:50:00,3885.1753,3898.8007,3884.709,3893.6374,3354616,11516768703.580002,SZ399006
2026-06-12 10:55:00,3893.6561,3893.6561,3883.2738,3884.2071,4012092,12520203107.179998,SZ399006
2026-06-12 11:00:00,3883.4985,3883.4985,3874.4927,3877.7372,3710093,12605080085.260002,SZ399006
2026-06-12 11:05:00,3877.8857,3889.2906,3877.8633,3887.0949,3903118,11890316668.119999,SZ399006
2026-06-12 11:10:00,3886.7298,3886.7298,3875.6713,3875.6713,3788483,12834445831.650002,SZ399006
2026-06-12 11:15:00,3875.8659,3880.365,3865.4301,3869.3465,3261462,12752304892.35,SZ399006
2026-06-12 11:20:00,3871.125,3871.9591,3863.7811,3865.4081,2971178,10273770877.310001,SZ399006
2026-06-12 11:25:00,3864.2502,3866.2098,3857.9607,3861.9594,2932063,10664173580.99,SZ399006
2026-06-12 11:30:00,3861.6582,3867.0542,3859.534,3859.7453,2745021,9560231945.39,SZ399006
2026-06-12 13:05:00,3861.9798,3879.1992,3861.9798,3869.869,5594333,20298800113.3,SZ399006
2026-06-12 13:10:00,3869.5937,3880.5857,3852.5395,3852.5395,4021189,14059224766.310001,SZ399006
2026-06-12 13:15:00,3852.8726,3871.6027,3850.9106,3865.9311,3511167,12785512707.890001,SZ399006
2026-06-12 13:20:00,3866.4196,3869.6519,3861.4253,3861.8575,3393914,11483544860.48,SZ399006
2026-06-12 13:25:00,3861.8008,3883.1376,3861.0005,3873.6926,2803854,11171218977.46,SZ399006
2026-06-12 13:30:00,3873.4722,3883.8978,3871.7829,3871.7829,2583036,10151127003.619999,SZ399006
2026-06-12 13:35:00,3871.4909,3873.0373,3855.8066,3855.9467,3345103,11673811818.47,SZ399006
2026-06-12 13:40:00,3857.2196,3863.7752,3853.52,3853.52,2951903,10282092069.94,SZ399006
2026-06-12 13:45:00,3853.3613,3866.3087,3849.3497,3861.5137,2774305,9530475366.130001,SZ399006
2026-06-12 13:50:00,3861.577,3861.7116,3858.1937,3858.1937,2159336,7614279771.39,SZ399006
2026-06-12 13:55:00,3858.2768,3858.5929,3848.9681,3848.9681,2737447,8881951981.24,SZ399006
2026-06-12 14:00:00,3848.5195,3848.5195,3837.2779,3842.6589,3646965,11815197397.880001,SZ399006
2026-06-12 14:05:00,3841.8991,3847.5542,3838.5814,3844.8153,2780384,9401301772.91,SZ399006
2026-06-12 14:10:00,3844.4495,3847.3201,3838.3836,3839.35,2428609,8734893151.85,SZ399006
2026-06-12 14:15:00,3839.2707,3847.2264,3838.0521,3847.2264,2610523,9076437506.84,SZ399006
2026-06-12 14:20:00,3847.6599,3848.814,3838.5454,3840.6471,2485453,8495274561.22,SZ399006
2026-06-12 14:25:00,3841.108,3850.3292,3841.0241,3843.2436,2588470,8955476325.0,SZ399006
2026-06-12 14:30:00,3843.2001,3845.4041,3840.3195,3840.5778,2669996,8949167542.52,SZ399006
2026-06-12 14:35:00,3840.5622,3843.3115,3834.1453,3835.3679,3292991,11231684046.34,SZ399006
2026-06-12 14:40:00,3835.3954,3835.3954,3830.9879,3833.1053,3803275,12737951269.510002,SZ399006
2026-06-12 14:45:00,3833.1146,3833.1146,3822.831,3824.3212,4380397,15037265802.81,SZ399006
2026-06-12 14:50:00,3824.3897,3832.1135,3822.4219,3832.1135,5223778,17186198716.61,SZ399006
2026-06-12 14:55:00,3832.6191,3835.2649,3832.0743,3832.0743,5810518,18040928720.21,SZ399006
2026-06-12 15:00:00,3832.3172,3832.977,3830.353,3830.353,6721010,22643392369.8,SZ399006
2026-06-15 09:35:00,3896.167,3896.4747,3860.742600000001,3860.7426000000014,26419796,91648271927.97002,SZ399006
2026-06-15 09:40:00,3859.2087,3876.781199999999,3844.080200000001,3876.3824,16142681,51545279955.80004,SZ399006
2026-06-15 09:45:00,3876.72,3896.4346999999993,3876.7200000000007,3893.2763,11696464,38937060452.59004,SZ399006
2026-06-15 09:50:00,3892.7711,3915.753600000001,3892.734200000001,3915.6445,9149623,33199861945.110046,SZ399006
2026-06-15 09:55:00,3917.2338,3921.507399999999,3909.2056000000007,3917.8696999999984,8019163,28768970166.830055,SZ399006
2026-06-15 10:00:00,3917.7396,3918.229899999999,3901.8722,3906.436099999998,7621315,25510973721.800064,SZ399006
2026-06-15 10:05:00,3908.322800000001,3926.455899999997,3907.9926,3925.456899999998,6729213,23055183783.980057,SZ399006
2026-06-15 10:10:00,3926.3214000000007,3926.6112999999978,3916.841699999999,3926.600599999997,6261292,20693002854.13004,SZ399006
2026-06-15 10:15:00,3926.689800000001,3943.501399999997,3923.0761,3940.7098999999967,5548346,19676677148.070045,SZ399006
2026-06-15 10:20:00,3940.3047000000006,3942.554199999997,3930.212999999999,3932.629599999996,5972452,19898831128.63005,SZ399006
2026-06-15 10:25:00,3933.187300000001,3952.411899999998,3933.1872999999982,3946.159199999994,4892665,19588199806.07006,SZ399006
2026-06-15 10:30:00,3947.2069000000006,3958.694399999997,3947.2068999999983,3958.6943999999944,4187160,16576199034.130066,SZ399006
2026-06-15 10:35:00,3958.1289000000006,3958.128899999997,3949.888499999998,3952.7002999999927,3942846,14068448052.17007,SZ399006
2026-06-15 10:40:00,3952.346400000001,3968.450499999997,3949.5235999999986,3966.718399999993,3462368,14153131859.140068,SZ399006
2026-06-15 10:45:00,3966.464,3966.463999999997,3947.202599999998,3948.0931999999902,3681944,14507706942.300072,SZ399006
2026-06-15 10:50:00,3947.7243,3960.0508999999975,3944.5423999999975,3944.5423999999903,3572093,12413585639.070076,SZ399006
2026-06-15 10:55:00,3943.9713000000006,3944.0973999999974,3934.639599999996,3935.13169999999,3326829,11574054037.010075,SZ399006
2026-06-15 11:00:00,3935.158300000001,3951.7799999999984,3935.145599999996,3948.5102999999904,2950617,10043345867.00008,SZ399006
2026-06-15 11:05:00,3948.1879000000017,3953.174699999999,3943.029099999997,3952.9468999999904,3191785,10760145527.560081,SZ399006
2026-06-15 11:10:00,3953.2602000000015,3963.2162,3947.2016999999983,3963.0062999999914,2722948,10277768281.070084,SZ399006
2026-06-15 11:15:00,3962.8763000000017,3969.1647,3957.2265999999977,3967.584699999992,2333179,9246982805.600084,SZ399006
2026-06-15 11:20:00,3967.386900000002,3976.317199999999,3966.038699999998,3971.3546999999903,2434986,9483862253.200083,SZ399006
2026-06-15 11:25:00,3970.876900000002,3977.6434999999983,3967.360799999997,3977.64349999999,2914150,9833077529.390085,SZ399006
2026-06-15 11:30:00,3978.0429000000017,3979.3668999999986,3970.673899999996,3970.6738999999898,2260109,8860583855.07009,SZ399006
2026-06-15 13:05:00,3973.464200000002,3984.8066999999983,3973.464199999996,3980.4649999999897,4625184,17868100374.790085,SZ399006
2026-06-15 13:10:00,3980.5046000000025,3982.5501999999983,3976.418699999996,3979.073299999988,3121254,11001800779.120085,SZ399006
2026-06-15 13:15:00,3979.105500000003,3979.165099999999,3962.958199999995,3975.170899999988,4023747,13214179757.490088,SZ399006
2026-06-15 13:20:00,3976.4301000000023,3986.949799999997,3975.007899999995,3982.6451999999863,3069236,11481068068.94009,SZ399006
2026-06-15 13:25:00,3983.158000000002,3985.0827999999974,3980.139699999995,3981.722499999986,2803223,10791551660.600096,SZ399006
2026-06-15 13:30:00,3981.3140000000026,3986.762199999998,3976.954899999995,3986.7621999999856,3152603,10839831318.570093,SZ399006
2026-06-15 13:35:00,3986.9320000000025,3996.808799999997,3986.306799999995,3996.808799999986,2909579,10899811931.280094,SZ399006
2026-06-15 13:40:00,3997.4151000000024,3997.422299999997,3992.0978999999943,3993.0871999999854,2642547,9424869754.390099,SZ399006
2026-06-15 13:45:00,3992.1588000000024,4000.082699999996,3991.3427999999944,4000.082699999985,2670494,9393469962.030096,SZ399006
2026-06-15 13:50:00,4000.1528000000026,4006.830399999996,3998.924399999993,4001.463399999984,2797075,9383606527.040098,SZ399006
2026-06-15 13:55:00,4001.6321000000025,4006.618899999996,3999.5096999999937,3999.861699999984,2344457,8065337977.650099,SZ399006
2026-06-15 14:00:00,3999.9407000000024,4000.478199999996,3996.6957999999936,3999.9307999999855,2125026,7368699296.250099,SZ399006
2026-06-15 14:05:00,4000.018300000002,4001.630799999996,3992.689599999994,3992.9266999999822,3235814,9979581196.7401,SZ399006
2026-06-15 14:10:00,3992.573600000002,3994.484999999995,3987.688699999993,3994.0081999999825,2195080,7640504503.600099,SZ399006
2026-06-15 14:15:00,3994.524300000002,4000.445499999995,3994.5242999999928,3997.392499999981,2430242,7931134836.440099,SZ399006
2026-06-15 14:20:00,3997.270500000002,4002.430499999994,3997.070899999992,4001.8608999999806,2230242,7611229628.970095,SZ399006
2026-06-15 14:25:00,4001.9515000000015,4005.068499999994,4001.088499999992,4001.839699999981,2380535,7973863350.030091,SZ399006
2026-06-15 14:30:00,4001.6769000000018,4004.159899999992,4001.676899999992,4004.130699999979,2630007,8258020162.98009,SZ399006
2026-06-15 14:35:00,4004.088000000001,4010.2018999999937,4002.1948999999904,4009.054899999979,3395435,11186912969.15009,SZ399006
2026-06-15 14:40:00,4009.1832000000018,4015.024599999995,4009.127099999991,4014.721199999979,3169664,11297305224.120087,SZ399006
2026-06-15 14:45:00,4014.931000000001,4021.229299999997,4014.2271999999903,4020.217199999981,3916214,13942343190.48008,SZ399006
2026-06-15 14:50:00,4020.437800000001,4027.900199999997,4018.51899999999,4027.9001999999778,4658951,15342992235.880081,SZ399006
2026-06-15 14:55:00,4027.229900000001,4032.629999999996,4026.3461999999895,4032.6299999999783,6533328,21356073147.630074,SZ399006
2026-06-15 15:00:00,4032.3456000000015,4033.534899999997,4030.54859999999,4033.5348999999783,6157273,19634000333.050068,SZ399006
2026-06-16 09:35:00,4065.2708,4082.882,4054.0012,4061.876600000001,24306154,95214055205.47003,SZ399006
2026-06-16 09:40:00,4062.1767,4072.039100000001,4053.8783999999982,4072.0391,14059152,50070125251.97002,SZ399006
2026-06-16 09:45:00,4073.4656,4079.4970000000008,4068.8273999999983,4073.531400000002,10486934,39017699851.13003,SZ399006
2026-06-16 09:50:00,4073.445400000001,4098.6864000000005,4071.731799999998,4098.686400000001,9318522,34527003367.78002,SZ399006
2026-06-16 09:55:00,4099.138200000001,4102.6666,4088.623699999999,4088.623700000005,8023572,30056003768.37003,SZ399006
2026-06-16 10:00:00,4087.568400000001,4091.2977,4078.380599999999,4078.380600000005,7114549,24369468665.89003,SZ399006
2026-06-16 10:05:00,4077.082400000001,4077.0824,4061.5137999999993,4061.5138000000047,6623522,25198052755.030025,SZ399006
2026-06-16 10:10:00,4061.685200000001,4079.2873,4057.8427,4079.2873000000054,6436598,22702747540.970013,SZ399006
2026-06-16 10:15:00,4079.0457,4094.6819,4078.625200000001,4094.535300000005,5787054,20375028074.830017,SZ399006
2026-06-16 10:20:00,4093.5821,4093.5821,4074.528600000001,4082.0082000000034,4858384,18179882772.410015,SZ399006
2026-06-16 10:25:00,4082.818800000001,4090.774899999999,4080.3209000000006,4081.202300000003,4272057,14768011142.50002,SZ399006
2026-06-16 10:30:00,4081.263300000001,4090.462799999999,4080.4592000000007,4089.246600000004,4196013,14063521987.160023,SZ399006
2026-06-16 10:35:00,4088.0648,4095.8916999999983,4084.6033000000016,4093.795100000005,4369216,14605456862.59002,SZ399006
2026-06-16 10:40:00,4094.0462,4109.572799999999,4093.513800000002,4108.232900000004,4253979,13773254859.530014,SZ399006
2026-06-16 10:45:00,4108.330499999999,4118.327799999997,4106.8924,4115.030000000004,5268411,14886692129.380009,SZ399006
2026-06-16 10:50:00,4115.131399999999,4121.215499999998,4110.713099999997,4110.713100000005,4731058,14434435495.93001,SZ399006
2026-06-16 10:55:00,4109.5003,4111.907300000001,4101.303099999996,4105.4567000000025,4150738,12881017860.160011,SZ399006
2026-06-16 11:00:00,4105.7033,4106.0027,4096.144499999998,4097.162200000005,3744726,11381321390.100006,SZ399006
2026-06-16 11:05:00,4097.444700000001,4107.704100000002,4096.5706999999975,4102.952000000009,3249331,10978428979.830008,SZ399006
2026-06-16 11:10:00,4102.861900000001,4104.7243000000035,4097.868299999997,4102.984300000012,3161073,10592756018.960012,SZ399006
2026-06-16 11:15:00,4102.650600000002,4112.232200000009,4102.650599999997,4112.232200000017,2604785,8480177761.300014,SZ399006
2026-06-16 11:20:00,4112.466900000001,4118.4445000000105,4109.579899999996,4118.153800000017,3179780,10265375811.100014,SZ399006
2026-06-16 11:25:00,4117.559400000001,4118.828700000011,4106.826799999995,4113.84670000002,2650058,9014801731.070013,SZ399006
2026-06-16 11:30:00,4114.1554000000015,4119.893300000013,4113.862499999995,4116.35970000002,2566143,9060507425.320017,SZ399006
2026-06-16 13:05:00,4117.788900000001,4127.248500000012,4112.784899999997,4126.847900000019,5701733,20328904555.24002,SZ399006
2026-06-16 13:10:00,4127.189300000002,4142.432600000013,4127.189299999997,4129.794500000019,3881409,16234374780.72002,SZ399006
2026-06-16 13:15:00,4129.256700000002,4129.261600000013,4121.791699999999,4122.918300000018,3943344,13385397702.880013,SZ399006
2026-06-16 13:20:00,4123.275600000002,4124.103800000012,4108.476999999997,4115.3876000000155,4380984,15401011787.700008,SZ399006
2026-06-16 13:25:00,4116.191900000002,4117.461300000013,4103.542499999998,4110.980000000017,3296898,11699014176.890017,SZ399006
2026-06-16 13:30:00,4109.764000000001,4116.229000000014,4103.995799999998,4114.398000000019,3388937,12025518709.030012,SZ399006
2026-06-16 13:35:00,4114.131500000001,4117.527900000014,4103.8156999999965,4113.7955000000175,3992801,13523416726.950014,SZ399006
2026-06-16 13:40:00,4114.271900000001,4115.385000000013,4097.293799999996,4098.194800000017,3446960,12608143821.85001,SZ399006
2026-06-16 13:45:00,4098.3207,4099.253300000013,4086.153399999996,4096.890100000016,3653434,13622124124.120005,SZ399006
2026-06-16 13:50:00,4096.8921,4107.509200000013,4096.892099999995,4102.996800000014,2488406,9048483205.260002,SZ399006
2026-06-16 13:55:00,4103.5748,4109.175800000011,4100.3614999999945,4105.3750000000155,2453725,9547190885.860004,SZ399006
2026-06-16 14:00:00,4105.785599999999,4114.18320000001,4105.716499999995,4109.483900000009,2392525,8964477466.480005,SZ399006
2026-06-16 14:05:00,4109.264499999999,4109.264500000011,4104.8919999999935,4108.836400000013,2558304,9798992133.529999,SZ399006
2026-06-16 14:10:00,4108.825099999999,4117.280000000017,4108.825099999994,4115.7323000000115,2601133,10090366424.329998,SZ399006
2026-06-16 14:15:00,4114.9998,4120.092100000018,4114.726499999993,4118.311600000013,2523825,8984046140.749996,SZ399006
2026-06-16 14:20:00,4118.0611,4121.880100000018,4116.974199999992,4121.880100000009,2804745,9349091697.309998,SZ399006
2026-06-16 14:25:00,4121.7392,4123.692600000019,4118.323799999992,4118.32380000001,3280759,10164217864.629992,SZ399006
2026-06-16 14:30:00,4117.383600000001,4117.383600000019,4110.337399999991,4114.141500000011,2782906,9802785135.399992,SZ399006
2026-06-16 14:35:00,4115.5331000000015,4117.064400000023,4106.176199999993,4106.176200000013,3612591,12054207805.639992,SZ399006
2026-06-16 14:40:00,4106.103400000001,4108.052600000025,4102.2993999999935,4103.076400000015,3314107,11858562479.799994,SZ399006
2026-06-16 14:45:00,4102.168200000002,4102.168200000026,4094.2325999999975,4095.557100000019,4040009,14674034328.929989,SZ399006
2026-06-16 14:50:00,4096.062800000002,4102.835200000027,4095.7714999999976,4100.93120000002,4531423,14938975475.18999,SZ399006
2026-06-16 14:55:00,4100.595000000003,4104.326600000027,4100.143999999997,4103.008800000016,6036238,19887714140.54999,SZ399006
2026-06-16 15:00:00,4102.9567000000025,4103.745400000026,4102.205499999995,4102.9421000000175,5843087,19500624764.65,SZ399006
2026-06-17 09:35:00,4061.2973,4074.7430000000018,4058.6137,4066.7251000000015,24618816,81847219283.88002,SZ399006
2026-06-17 09:40:00,4066.1796,4091.905000000002,4065.247300000001,4091.9050000000007,12789033,41913757139.750015,SZ399006
2026-06-17 09:45:00,4092.0390000000007,4096.067200000002,4081.714300000001,4086.8882999999983,10900758,36707578816.58002,SZ399006
2026-06-17 09:50:00,4087.5649000000008,4097.904600000001,4086.2462000000014,4092.0587999999984,9484394,30024621725.690025,SZ399006
2026-06-17 09:55:00,4093.1162,4108.290000000002,4092.181900000002,4096.083,7717841,26259321867.61004,SZ399006
2026-06-17 10:00:00,4096.5128,4100.702500000002,4090.9576,4096.673900000001,7207630,25958715422.880047,SZ399006
2026-06-17 10:05:00,4096.3956,4116.259100000001,4096.211700000001,4113.336900000002,6908059,25635609963.810047,SZ399006
2026-06-17 10:10:00,4113.3194,4125.287700000003,4113.319400000001,4119.864300000009,5673707,21546234782.020042,SZ399006
2026-06-17 10:15:00,4119.8138,4122.161900000003,4111.902000000001,4116.708500000011,5799613,20676863306.990036,SZ399006
2026-06-17 10:20:00,4116.4184000000005,4120.066199999999,4112.747200000001,4113.209100000009,5153081,18532409397.270035,SZ399006
2026-06-17 10:25:00,4112.507799999999,4118.7833,4109.395700000001,4109.395700000013,5040549,17309985662.16003,SZ399006
2026-06-17 10:30:00,4108.851999999999,4124.336100000003,4108.674200000001,4124.336100000019,4749545,16108853631.880028,SZ399006
2026-06-17 10:35:00,4124.437899999999,4131.657500000005,4120.391400000002,4129.109700000023,4174880,15675998858.280025,SZ399006
2026-06-17 10:40:00,4129.1930999999995,4131.141600000005,4110.017000000003,4117.249200000023,4796968,15768370810.24003,SZ399006
2026-06-17 10:45:00,4117.8742999999995,4126.657500000005,4111.615100000003,4122.101000000024,4281568,14371758758.65003,SZ399006
2026-06-17 10:50:00,4122.035199999999,4126.192800000006,4117.102700000002,4122.532600000023,3713275,13783148738.820034,SZ399006
2026-06-17 10:55:00,4123.7321999999995,4126.747600000006,4110.960900000003,4113.443200000022,3358730,12953566632.20003,SZ399006
2026-06-17 11:00:00,4113.6276,4120.899900000003,4108.046200000003,4118.012300000025,3122594,10989125549.560034,SZ399006
2026-06-17 11:05:00,4118.0774,4127.843700000003,4117.976000000003,4124.52110000002,3249483,11253184526.920036,SZ399006
2026-06-17 11:10:00,4124.2999,4124.299900000003,4117.0622,4117.669600000018,3133514,11366997825.310034,SZ399006
2026-06-17 11:15:00,4117.4362,4124.130999999999,4115.604799999999,4115.604800000018,3111136,11348300745.510035,SZ399006
2026-06-17 11:20:00,4115.227,4116.2121,4095.2207,4101.091400000021,4015187,15364602847.470036,SZ399006
2026-06-17 11:25:00,4101.1084,4118.125100000001,4094.083799999999,4107.726900000018,3355887,14274375564.83004,SZ399006
2026-06-17 11:30:00,4107.2727,4116.016900000001,4102.813499999997,4103.011900000017,2447466,9987853270.730047,SZ399006
2026-06-17 13:05:00,4106.2496,4108.622600000001,4096.207499999996,4096.207500000018,5383630,21822187612.69005,SZ399006
2026-06-17 13:10:00,4095.4352,4098.7053000000005,4086.089799999996,4093.040200000016,3945671,16218838900.73004,SZ399006
2026-06-17 13:15:00,4094.5276,4111.962200000001,4091.2276999999967,4110.283300000014,3254351,13786815666.030039,SZ399006
2026-06-17 13:20:00,4110.052700000001,4122.339300000003,4108.333499999996,4121.005100000014,2717104,11259506660.16004,SZ399006
2026-06-17 13:25:00,4121.528900000002,4125.897900000002,4119.424699999997,4122.8730000000105,2890241,11669889771.140041,SZ399006
2026-06-17 13:30:00,4124.498500000002,4125.270600000001,4116.6448999999975,4120.413800000014,2762549,11404735513.80004,SZ399006
2026-06-17 13:35:00,4121.437700000002,4132.396700000001,4120.839799999998,4132.302000000014,2851109,12720857619.690042,SZ399006
2026-06-17 13:40:00,4132.783600000002,4139.211600000001,4131.872899999999,4136.045500000017,2842466,12245411717.860043,SZ399006
2026-06-17 13:45:00,4136.037900000001,4141.252700000002,4126.281699999999,4128.679700000013,2874926,11593795486.400043,SZ399006
2026-06-17 13:50:00,4128.252800000001,4135.6674,4121.4345,4135.127100000013,2974629,11178368223.850044,SZ399006
2026-06-17 13:55:00,4135.7755000000025,4137.4484,4123.992500000002,4123.992500000018,2653519,9702816462.730042,SZ399006
2026-06-17 14:00:00,4124.410300000003,4132.995200000001,4122.893900000003,4132.773200000013,2380577,9398989578.300041,SZ399006
2026-06-17 14:05:00,4133.034200000003,4136.605800000001,4130.1595000000025,4132.407200000015,2534867,9283262670.960035,SZ399006
2026-06-17 14:10:00,4132.534300000002,4133.051900000005,4123.970400000003,4129.32160000001,2656081,9588562630.920033,SZ399006
2026-06-17 14:15:00,4128.372300000003,4128.372300000005,4119.083700000003,4124.37630000001,3127721,10531820470.590034,SZ399006
2026-06-17 14:20:00,4124.749400000002,4131.3382000000065,4124.254200000005,4124.830600000008,2357652,8634214339.21004,SZ399006
2026-06-17 14:25:00,4124.498200000003,4128.077500000008,4124.4982000000045,4127.783900000009,2497141,9025777196.450037,SZ399006
2026-06-17 14:30:00,4126.740700000004,4130.9498000000085,4126.313600000007,4129.93070000001,2562456,9401021093.790035,SZ399006
2026-06-17 14:35:00,4129.503500000003,4142.866000000006,4129.4057000000075,4138.180600000007,3764895,13117832795.400032,SZ399006
2026-06-17 14:40:00,4138.7778000000035,4145.796300000006,4138.777800000008,4145.207500000007,3657071,12110289437.610035,SZ399006
2026-06-17 14:45:00,4144.760900000003,4158.658900000007,4144.754500000007,4158.65890000001,4161710,14717650470.260033,SZ399006
2026-06-17 14:50:00,4158.952800000003,4165.995300000007,4158.370000000008,4165.388100000011,4821361,18214838456.740036,SZ399006
2026-06-17 14:55:00,4165.241200000002,4166.083700000007,4163.661600000009,4165.44000000001,6410144,22139753267.780037,SZ399006
2026-06-17 15:00:00,4165.2166000000025,4168.164400000009,4164.797200000008,4167.0478000000085,6010969,21006102804.500046,SZ399006
2026-06-18 09:35:00,4153.6209,4238.5359,4153.6209,4226.6005,25287702,94005400094.67,SZ399006
2026-06-18 09:40:00,4225.523,4241.2028,4223.6821,4224.2459,14606724,54030371378.52,SZ399006
2026-06-18 09:45:00,4224.3848,4237.2478,4223.7182,4229.7183,10970830,40619921074.020004,SZ399006
2026-06-18 09:50:00,4230.5515,4230.5515,4210.8792,4217.2452,9420894,34193419862.22,SZ399006
2026-06-18 09:55:00,4216.638,4231.2378,4216.1829,4231.2378,7435208,26931318023.3,SZ399006
2026-06-18 10:00:00,4231.1145,4241.9603,4224.6562,4240.6013,6980205,26275512096.3,SZ399006
2026-06-18 10:05:00,4240.2763,4259.3278,4240.1201,4259.1832,8084915,28755033061.47,SZ399006
2026-06-18 10:10:00,4259.0437,4259.0437,4237.1611,4239.1842,6934504,24222853440.579998,SZ399006
2026-06-18 10:15:00,4238.4019,4244.5172,4226.7164,4244.0169,6558857,24686909714.11,SZ399006
2026-06-18 10:20:00,4243.9625,4243.9625,4220.6792,4225.2958,5739046,19665321115.780003,SZ399006
2026-06-18 10:25:00,4226.0701,4233.7862,4225.9823,4233.5613,5107652,17113447570.709997,SZ399006
2026-06-18 10:30:00,4234.7808,4249.6994,4234.7808,4242.5799,4750005,17086320914.26,SZ399006
2026-06-18 10:35:00,4241.9436,4246.7045,4236.9465,4242.5077,4772576,16183342040.480001,SZ399006
2026-06-18 10:40:00,4242.2902,4245.9789,4232.2785,4234.1483,4312772,15039134205.64,SZ399006
2026-06-18 10:45:00,4234.0032,4243.8638,4234.0032,4243.8101,3858229,13587492450.05,SZ399006
2026-06-18 10:50:00,4243.8404,4246.275,4233.4893,4233.4893,4105337,14062524174.289999,SZ399006
2026-06-18 10:55:00,4233.1577,4243.1848,4233.1577,4239.97,3544522,12220079581.909998,SZ399006
2026-06-18 11:00:00,4239.237,4239.237,4223.5801,4224.4612,3756504,12950905679.679998,SZ399006
2026-06-18 11:05:00,4223.7684,4234.6342,4218.0378,4227.8519,3943577,13555795602.03,SZ399006
2026-06-18 11:10:00,4229.2123,4235.6052,4226.5163,4230.3633,2812708,10413018785.130001,SZ399006
2026-06-18 11:15:00,4230.2555,4230.2555,4207.3611,4210.5575,3667458,13388797851.380001,SZ399006
2026-06-18 11:20:00,4210.7885,4226.6756,4210.7885,4223.1446,2787365,10408476261.85,SZ399006
2026-06-18 11:25:00,4223.337,4232.2902,4222.043,4230.9652,2523585,9774368223.82,SZ399006
2026-06-18 11:30:00,4231.2405,4232.966,4220.8237,4224.9568,2241045,9169161159.99,SZ399006
2026-06-18 13:05:00,4226.6144,4228.1357,4211.6208,4224.9824,5000265,21187150470.010002,SZ399006
2026-06-18 13:10:00,4224.6171,4237.5504,4221.78,4236.6682,3293724,12346210007.48,SZ399006
2026-06-18 13:15:00,4236.1881,4236.1881,4222.9774,4225.721,3351057,12572929306.560001,SZ399006
2026-06-18 13:20:00,4225.3477,4241.6346,4224.9054,4241.6346,3060035,12159315701.48,SZ399006
2026-06-18 13:25:00,4241.3393,4246.2399,4235.4804,4245.0977,2702007,11281155525.96,SZ399006
2026-06-18 13:30:00,4244.9288,4254.385,4242.5276,4252.9564,2833374,10935015879.13,SZ399006
2026-06-18 13:35:00,4253.4367,4262.5096,4253.4367,4255.0707,2842520,11573875914.09,SZ399006
2026-06-18 13:40:00,4254.697,4255.7283,4242.2416,4242.3128,2830255,9906881506.78,SZ399006
2026-06-18 13:45:00,4242.3134,4253.5438,4241.8533,4242.5304,2582769,9728042535.31,SZ399006
2026-06-18 13:50:00,4242.161,4246.5907,4238.3414,4238.4203,2784453,10061146544.189999,SZ399006
2026-06-18 13:55:00,4238.4207,4244.523,4233.7078,4242.2799,2726270,10049714918.08,SZ399006
2026-06-18 14:00:00,4241.8031,4255.3168,4240.2671,4253.3893,2307365,9931029371.26,SZ399006
2026-06-18 14:05:00,4252.9418,4259.3762,4250.3923,4253.0916,2732794,11049279680.43,SZ399006
2026-06-18 14:10:00,4252.1941,4258.973,4243.024,4255.1693,2743791,10959285231.52,SZ399006
2026-06-18 14:15:00,4254.5807,4262.9287,4252.1498,4262.9287,2427450,9704747224.689999,SZ399006
2026-06-18 14:20:00,4262.2921,4265.87,4259.6093,4261.5232,2723107,10292979640.519999,SZ399006
2026-06-18 14:25:00,4261.3212,4267.7676,4260.7799,4266.5559,2575489,10862159468.880001,SZ399006
2026-06-18 14:30:00,4266.3412,4266.3412,4260.3928,4261.1352,2624255,10026212314.6,SZ399006
2026-06-18 14:35:00,4262.3162,4272.0078,4261.1351,4264.7978,3301381,12142587527.65,SZ399006
2026-06-18 14:40:00,4264.1267,4264.1267,4232.8027,4233.2189,4174661,15913343487.67,SZ399006
2026-06-18 14:45:00,4232.4602,4258.1338,4232.4602,4257.3428,4529830,16326147532.26,SZ399006
2026-06-18 14:50:00,4257.5731,4257.6242,4248.4427,4252.6796,4194909,15375110934.519999,SZ399006
2026-06-18 14:55:00,4252.6551,4260.9216,4252.1315,4255.8446,6061080,21406406199.03,SZ399006
2026-06-18 15:00:00,4255.589,4257.0086,4252.3903,4252.3903,6104752,22453421402.69,SZ399006
2026-06-22 09:35:00,4272.9877,4278.593999999999,4242.280199999997,4250.963799999999,30543751,112876289859.70001,SZ399006
2026-06-22 09:40:00,4252.256999999999,4297.994099999997,4252.256999999998,4297.988600000001,17111119,61346779422.05998,SZ399006
2026-06-22 09:45:00,4294.174599999998,4298.4929999999995,4284.111399999999,4287.217000000003,13693928,49275512923.91996,SZ399006
2026-06-22 09:50:00,4289.306499999998,4306.622899999998,4282.084999999999,4304.900700000004,11631484,41553818814.999985,SZ399006
2026-06-22 09:55:00,4305.392899999998,4325.2878999999975,4302.748099999999,4321.295600000002,10018081,36685515693.91998,SZ399006
2026-06-22 10:00:00,4321.354199999996,4326.913099999997,4305.741599999999,4305.741600000007,9573784,32379647055.75998,SZ399006
2026-06-22 10:05:00,4304.420399999997,4316.184399999998,4299.648099999999,4305.164300000009,9613410,32601070344.509987,SZ399006
2026-06-22 10:10:00,4304.736999999997,4310.024099999997,4293.2609,4299.00590000001,7998520,33058570701.049984,SZ399006
2026-06-22 10:15:00,4299.970599999997,4316.560499999997,4299.831999999999,4306.740600000012,7521320,27052204260.549988,SZ399006
2026-06-22 10:20:00,4307.157299999996,4307.157299999997,4282.269399999997,4300.603000000014,6650799,25737021968.710003,SZ399006
2026-06-22 10:25:00,4300.422899999996,4307.930999999998,4299.220199999998,4300.045500000016,5526948,22631584900.800003,SZ399006
2026-06-22 10:30:00,4299.4334999999965,4299.433499999998,4261.6898999999985,4261.689900000013,5630125,26039314657.65001,SZ399006
2026-06-22 10:35:00,4260.742499999997,4277.4056,4255.717099999999,4260.709700000015,5910530,26118426223.680008,SZ399006
2026-06-22 10:40:00,4261.108699999996,4292.015400000002,4260.920599999999,4286.559700000014,4320544,17159727103.600018,SZ399006
2026-06-22 10:45:00,4285.066399999995,4289.438800000003,4272.838099999998,4282.064000000014,4272145,16777408026.600016,SZ399006
2026-06-22 10:50:00,4281.282899999996,4281.282900000003,4249.8439999999955,4249.844000000008,5535701,22133902752.56002,SZ399006
2026-06-22 10:55:00,4249.537999999996,4260.042400000004,4236.747299999995,4238.2993000000115,5228858,21518477987.37002,SZ399006
2026-06-22 11:00:00,4238.834799999996,4259.3979000000045,4238.336899999995,4253.660800000016,4467240,16595870406.680025,SZ399006
2026-06-22 11:05:00,4253.970999999998,4263.495100000004,4253.970999999998,4260.202600000012,3553242,13416900917.380024,SZ399006
2026-06-22 11:10:00,4261.005899999997,4272.116400000003,4229.314899999994,4230.144200000008,3774379,14455878270.33003,SZ399006
2026-06-22 11:15:00,4230.557399999997,4248.384200000002,4229.706499999995,4245.488900000007,2966349,11493358761.210035,SZ399006
2026-06-22 11:20:00,4244.617799999997,4257.712900000003,4242.772699999997,4249.15920000001,2861859,10422395311.250034,SZ399006
2026-06-22 11:25:00,4247.954799999998,4264.799699999998,4240.994499999997,4264.779600000008,2573386,10129141548.090033,SZ399006
2026-06-22 11:30:00,4265.595899999998,4284.081999999996,4265.595899999997,4284.030300000007,3401326,12568901641.490032,SZ399006
2026-06-22 13:05:00,4285.674499999998,4296.139199999997,4280.349099999998,4284.521300000011,5758366,20920110459.170033,SZ399006
2026-06-22 13:10:00,4284.501799999999,4297.998499999996,4284.501799999997,4291.329500000007,3806660,14060976808.570034,SZ399006
2026-06-22 13:15:00,4291.978099999998,4305.180999999997,4284.990499999997,4305.181000000012,4401817,14504296736.370035,SZ399006
2026-06-22 13:20:00,4304.473399999998,4312.665299999995,4302.039199999997,4309.986000000013,4080430,14566090366.56003,SZ399006
2026-06-22 13:25:00,4309.4852999999985,4318.952799999991,4302.510200000002,4310.8480000000145,4101672,14049652257.590027,SZ399006
2026-06-22 13:30:00,4310.280799999998,4315.716099999992,4297.734600000006,4305.509700000015,4998952,15887425687.830029,SZ399006
2026-06-22 13:35:00,4304.853899999997,4304.853899999994,4289.813000000004,4296.896600000016,3886448,12358468016.480034,SZ399006
2026-06-22 13:40:00,4297.138899999997,4304.711599999994,4297.138900000004,4301.386100000014,2851686,9443588830.200031,SZ399006
2026-06-22 13:45:00,4301.149399999997,4301.424399999994,4293.730000000003,4294.312600000015,2760117,9447153196.540035,SZ399006
2026-06-22 13:50:00,4294.986099999997,4309.753899999994,4294.725200000003,4309.296700000013,3038644,10982474880.240038,SZ399006
2026-06-22 13:55:00,4308.972799999997,4318.877599999994,4308.972800000001,4311.753900000014,3932935,12172201361.050035,SZ399006
2026-06-22 14:00:00,4311.266099999997,4314.269099999995,4307.298100000001,4309.902300000017,3310412,10219784539.97003,SZ399006
2026-06-22 14:05:00,4310.714799999997,4331.733099999997,4310.714800000001,4331.0859000000155,4089721,12253869377.92003,SZ399006
2026-06-22 14:10:00,4330.766599999996,4343.939299999995,4328.3247,4343.939300000012,4136308,12963394270.200039,SZ399006
2026-06-22 14:15:00,4344.007699999996,4348.142999999996,4335.3864,4348.1430000000155,3992146,12476305182.600044,SZ399006
2026-06-22 14:20:00,4346.464299999995,4350.451799999995,4342.627,4343.734000000015,3288654,10893677759.290043,SZ399006
2026-06-22 14:25:00,4343.500399999994,4348.0143999999955,4338.5388,4347.812100000014,3052197,10829800912.140045,SZ399006
2026-06-22 14:30:00,4347.8218999999945,4348.082599999995,4343.1944,4347.510700000012,3037091,11195841491.660053,SZ399006
2026-06-22 14:35:00,4347.887799999993,4353.618299999994,4347.8878,4352.54460000001,3722884,12899674184.040052,SZ399006
2026-06-22 14:40:00,4352.463699999994,4353.515099999991,4350.1818,4351.155600000014,4104613,13219161027.770054,SZ399006
2026-06-22 14:45:00,4351.176399999994,4356.492499999992,4350.5519,4352.535000000015,4716209,16188901146.930054,SZ399006
2026-06-22 14:50:00,4351.966999999994,4355.4494999999915,4349.4284,4355.449500000016,5391994,18135683878.000053,SZ399006
2026-06-22 14:55:00,4355.504499999994,4356.872599999991,4354.390899999999,4356.652700000018,7056509,22826321181.780045,SZ399006
2026-06-22 15:00:00,4356.788799999994,4359.39199999999,4355.985999999998,4359.392000000018,6605754,21613827526.01004,SZ399006
2026-06-23 09:35:00,4343.8755,4350.063299999998,4326.142500000002,4343.619999999998,30459525,105562946018.69,SZ399006
2026-06-23 09:40:00,4342.6523,4343.234899999998,4308.646600000003,4314.546099999997,17682087,58902957731.77002,SZ399006
2026-06-23 09:45:00,4316.537599999999,4326.659499999997,4300.645500000001,4300.7270999999955,14327653,45519056131.97003,SZ399006
2026-06-23 09:50:00,4299.186199999997,4299.186199999997,4260.5828,4263.162999999997,15597402,53856675511.92003,SZ399006
2026-06-23 09:55:00,4262.2698999999975,4287.853299999996,4252.483,4284.845199999992,11428452,38534492009.61,SZ399006
2026-06-23 10:00:00,4284.815299999997,4285.699799999996,4269.821800000001,4275.378699999995,7945158,27183103397.84999,SZ399006
2026-06-23 10:05:00,4274.022199999997,4298.521799999995,4273.293000000001,4293.804299999994,8236045,27571272566.19998,SZ399006
2026-06-23 10:10:00,4292.765799999996,4292.765799999995,4265.593999999999,4277.461599999993,7098020,23870615045.22999,SZ399006
2026-06-23 10:15:00,4277.975999999996,4289.579699999996,4271.832899999999,4281.927399999987,5616524,19640458874.559994,SZ399006
2026-06-23 10:20:00,4281.875999999996,4294.962299999995,4277.402199999997,4294.7268999999815,5396696,19008068436.93,SZ399006
2026-06-23 10:25:00,4294.916599999996,4309.822699999992,4294.536099999996,4309.287599999978,5163583,18856651744.81,SZ399006
2026-06-23 10:30:00,4309.142299999996,4319.689399999993,4308.096099999995,4314.23909999998,4320487,16629123531.8,SZ399006
2026-06-23 10:35:00,4315.130999999996,4326.23029999999,4313.24069999999,4313.240699999976,4237151,16254674893.93,SZ399006
2026-06-23 10:40:00,4311.662499999997,4320.2780999999895,4305.290499999989,4310.460699999973,3916429,15513072891.850002,SZ399006
2026-06-23 10:45:00,4309.653099999996,4310.300499999988,4291.381899999988,4301.629599999972,3812546,14911168921.720001,SZ399006
2026-06-23 10:50:00,4301.4608999999955,4306.02799999999,4298.0355999999865,4298.098599999972,3367783,13418445493.490002,SZ399006
2026-06-23 10:55:00,4296.715699999996,4304.0227999999925,4286.3858999999875,4303.634799999974,3578274,13538585020.070005,SZ399006
2026-06-23 11:00:00,4301.875799999996,4309.986399999992,4284.884699999987,4288.229099999973,3103769,12017819098.650007,SZ399006
2026-06-23 11:05:00,4288.443599999996,4289.905999999992,4271.271999999989,4282.0491999999795,3554134,12754392565.610004,SZ399006
2026-06-23 11:10:00,4280.951799999995,4284.0276,4268.2965,4269.844099999998,2966094,11476854449.180002,SZ399006
2026-06-23 11:15:00,4268.767099999999,4271.2753,4259.3298,4259.3298,2822898,10543034545.14,SZ399006
2026-06-23 11:20:00,4258.8216,4267.3009999999995,4245.278499999999,4245.278499999999,3533677,13906522067.509998,SZ399006
2026-06-23 11:25:00,4246.005099999999,4253.1311,4245.6066,4247.4378000000015,2769690,10894411576.340002,SZ399006
2026-06-23 11:30:00,4246.5701,4262.931400000002,4241.543399999999,4260.4905,2646288,10036826175.980001,SZ399006
2026-06-23 13:05:00,4259.5029,4259.502900000001,4231.311399999998,4236.0812000000005,4552633,17946139395.21001,SZ399006
2026-06-23 13:10:00,4235.7420999999995,4244.445600000001,4226.0212999999985,4226.749800000003,3345324,12211996217.780006,SZ399006
2026-06-23 13:15:00,4227.182699999999,4232.135300000002,4221.640099999997,4230.782800000001,2792704,10970738595.470005,SZ399006
2026-06-23 13:20:00,4230.679099999999,4232.150000000002,4216.755299999998,4216.7553,2956122,10419206633.370003,SZ399006
2026-06-23 13:25:00,4216.909599999999,4237.895400000005,4216.812499999998,4232.7592,2635388,9832789229.960003,SZ399006
2026-06-23 13:30:00,4230.500599999999,4230.500600000005,4218.1529,4219.453400000001,2488876,9047016232.840004,SZ399006
2026-06-23 13:35:00,4219.6759999999995,4234.931200000005,4218.875800000001,4233.661900000001,2507706,8979254884.030006,SZ399006
2026-06-23 13:40:00,4233.5010999999995,4234.0940000000055,4220.9388,4228.363500000003,2816208,10366470958.620005,SZ399006
2026-06-23 13:45:00,4228.164,4239.711900000005,4228.164000000001,4239.432700000003,2299918,8384058603.440007,SZ399006
2026-06-23 13:50:00,4239.1687999999995,4243.6560000000045,4231.335100000003,4235.920700000004,2439911,8771506545.000008,SZ399006
2026-06-23 13:55:00,4235.5463,4239.130000000006,4226.380500000005,4226.487900000004,1458585,5176175066.8200035,SZ399006
2026-06-23 14:00:00,4219.0148,4223.7817,4215.3117,4215.8982000000005,2636786,9581635821.09,SZ399006
2026-06-23 14:05:00,4215.810100000001,4217.608899999999,4207.007299999998,4207.007300000002,3021780,10315304063.79,SZ399006
2026-06-23 14:10:00,4206.914100000001,4207.0781,4187.673199999999,4193.7812,3375921,13312465257.919998,SZ399006
2026-06-23 14:15:00,4193.641400000001,4204.752499999999,4190.738699999999,4204.752500000001,2775223,10125525089.529995,SZ399006
2026-06-23 14:20:00,4204.829800000002,4204.829799999999,4181.240399999999,4181.240400000001,3209858,11711661563.359993,SZ399006
2026-06-23 14:25:00,4181.195600000002,4189.495599999998,4178.711399999999,4178.751700000002,3462970,12236918798.439999,SZ399006
2026-06-23 14:30:00,4178.668900000002,4178.668899999998,4159.4762,4160.095000000005,4040851,16637707961.070004,SZ399006
2026-06-23 14:35:00,4161.305300000003,4184.045199999999,4161.3053,4176.573900000007,4640807,16031893432.940006,SZ399006
2026-06-23 14:40:00,4176.009700000003,4183.7406999999985,4170.066300000001,4175.783400000005,3550280,12583084529.920006,SZ399006
2026-06-23 14:45:00,4175.543200000004,4176.4423,4164.269400000003,4175.325300000004,4090445,14399197870.870007,SZ399006
2026-06-23 14:50:00,4175.451900000004,4183.777,4173.918400000003,4182.012000000008,4387911,15719775542.470009,SZ399006
2026-06-23 14:55:00,4181.983900000005,4201.2486999999965,4181.983900000003,4198.660100000003,5783585,20164742828.350014,SZ399006
2026-06-23 15:00:00,4199.003600000005,4199.767899999995,4192.1945,4192.1945,5394897,18682492552.52001,SZ399006
2026-06-24 09:35:00,4181.9056,4218.585299999999,4181.9056,4217.267100000001,22862142,80212650380.14001,SZ399006
2026-06-24 09:40:00,4217.3386,4218.183999999999,4196.3019,4208.083800000003,14266717,47089833844.56002,SZ399006
2026-06-24 09:45:00,4209.3862,4211.213599999995,4164.524300000001,4169.411400000003,12928321,42752630891.47002,SZ399006
2026-06-24 09:50:00,4171.217,4193.279499999995,4170.555200000001,4189.402500000007,11214091,33824078686.860016,SZ399006
2026-06-24 09:55:00,4188.495500000001,4213.2122999999965,4187.873200000003,4212.97290000001,8390157,27247977385.860023,SZ399006
2026-06-24 10:00:00,4213.672200000001,4233.703399999994,4213.672200000004,4228.006400000009,6709982,24488229914.85002,SZ399006
2026-06-24 10:05:00,4227.576,4231.739799999994,4213.408700000003,4213.408700000011,7809865,25878326530.010025,SZ399006
2026-06-24 10:10:00,4213.085599999999,4219.468899999993,4209.919200000006,4209.919200000014,6715456,20842248839.220024,SZ399006
2026-06-24 10:15:00,4209.8218,4214.36739999999,4193.934300000006,4212.565600000012,5686714,19049703558.930027,SZ399006
2026-06-24 10:20:00,4212.285000000001,4212.5914999999895,4202.308500000007,4209.994500000013,5192762,17076068730.230026,SZ399006
2026-06-24 10:25:00,4210.371400000001,4216.576499999989,4205.033700000007,4208.826400000014,5034051,17858467994.660023,SZ399006
2026-06-24 10:30:00,4209.6492,4231.680299999986,4209.649200000007,4228.951600000013,5049849,16922324530.21002,SZ399006
2026-06-24 10:35:00,4228.412799999999,4228.786199999986,4216.209700000008,4219.497900000012,5295089,17074602271.89002,SZ399006
2026-06-24 10:40:00,4219.701999999999,4221.883399999988,4211.438700000006,4215.619100000007,4480898,15810117601.210024,SZ399006
2026-06-24 10:45:00,4216.020399999999,4223.693899999988,4202.697300000007,4202.697300000007,4741082,17647273962.880016,SZ399006
2026-06-24 10:50:00,4202.095299999999,4203.5728999999865,4182.68020000001,4183.076200000008,4972670,17293622987.52002,SZ399006
2026-06-24 10:55:00,4180.892999999999,4189.521699999986,4172.871300000011,4172.87130000001,4006760,14753921826.050022,SZ399006
2026-06-24 11:00:00,4172.217899999999,4179.472599999986,4165.4586000000145,4175.361000000015,3897999,14788459160.760021,SZ399006
2026-06-24 11:05:00,4175.284399999999,4191.006799999986,4164.565600000014,4165.32770000002,3780016,12971790152.920023,SZ399006
2026-06-24 11:10:00,4165.536699999999,4181.743199999987,4161.580600000015,4181.743200000023,2882439,9947113650.63003,SZ399006
2026-06-24 11:15:00,4181.597999999998,4183.549299999987,4174.107500000015,4175.685800000021,2639490,8494553035.13003,SZ399006
2026-06-24 11:20:00,4175.784899999998,4180.102499999987,4170.962200000015,4175.34420000002,2574853,8071567499.0800295,SZ399006
2026-06-24 11:25:00,4176.561599999997,4193.49549999999,4176.561600000016,4185.899000000022,2488395,8348105260.470027,SZ399006
2026-06-24 11:30:00,4185.8404999999975,4209.932199999988,4185.840500000017,4209.901400000021,2445066,9041206043.960026,SZ399006
2026-06-24 13:05:00,4214.074399999998,4218.415399999988,4193.947100000015,4198.702700000014,5357172,22788090577.26003,SZ399006
2026-06-24 13:10:00,4198.036599999997,4209.9633999999905,4196.366400000014,4209.932700000011,3764098,14180028001.27003,SZ399006
2026-06-24 13:15:00,4208.996799999996,4215.725899999991,4203.9570000000185,4207.7728000000125,3597498,13814983774.490032,SZ399006
2026-06-24 13:20:00,4208.442299999997,4232.902399999992,4208.442300000019,4232.1082000000115,3837018,14516202821.140032,SZ399006
2026-06-24 13:25:00,4231.818199999997,4244.357999999989,4231.818200000019,4243.722000000011,3841874,15686388526.250027,SZ399006
2026-06-24 13:30:00,4244.290399999997,4257.2496999999885,4243.554100000019,4252.867900000011,3466520,14839043077.520025,SZ399006
2026-06-24 13:35:00,4252.477199999997,4252.500799999989,4236.865600000021,4246.028400000014,3555883,14203282818.750025,SZ399006
2026-06-24 13:40:00,4246.384599999996,4251.611599999988,4245.15860000002,4246.380000000014,3370995,13945625959.890018,SZ399006
2026-06-24 13:45:00,4245.598599999997,4248.264699999988,4241.073900000019,4244.516100000013,3398381,13038357377.010017,SZ399006
2026-06-24 13:50:00,4244.690599999996,4252.492799999988,4235.84400000002,4235.844000000015,3306155,13161231005.850014,SZ399006
2026-06-24 13:55:00,4235.751899999997,4243.527799999988,4228.794400000021,4239.841100000015,2869575,11033849319.090015,SZ399006
2026-06-24 14:00:00,4239.728199999997,4240.116199999989,4229.87910000002,4229.87910000002,2361488,9009355584.42001,SZ399006
2026-06-24 14:05:00,4229.853699999997,4238.312899999991,4224.24700000002,4235.501900000023,2848196,10659988283.910011,SZ399006
2026-06-24 14:10:00,4235.888299999997,4246.071099999988,4235.88830000002,4236.689500000024,2818471,9887924419.360016,SZ399006
2026-06-24 14:15:00,4236.5701999999965,4244.399699999987,4236.54460000002,4239.355800000018,2490964,8803544707.440018,SZ399006
2026-06-24 14:20:00,4239.561399999997,4248.113499999987,4239.355800000019,4244.874700000017,2664319,10005526437.560017,SZ399006
2026-06-24 14:25:00,4245.162899999997,4245.834699999987,4236.848100000017,4237.463100000015,2786497,10029146234.670017,SZ399006
2026-06-24 14:30:00,4237.455199999997,4244.225699999982,4237.455200000018,4242.286800000015,2605500,9662530592.51002,SZ399006
2026-06-24 14:35:00,4242.198199999997,4247.3046999999815,4235.991000000018,4235.991000000017,3754204,12852643523.970028,SZ399006
2026-06-24 14:40:00,4235.708299999996,4240.914599999981,4233.503500000018,4238.664400000016,3496362,11883029003.740028,SZ399006
2026-06-24 14:45:00,4237.754099999996,4237.754099999981,4232.553900000017,4236.89730000001,4041422,13455603402.850033,SZ399006
2026-06-24 14:50:00,4236.871899999995,4238.035699999979,4234.238600000017,4237.273600000009,4730818,15753793160.280031,SZ399006
2026-06-24 14:55:00,4237.138099999995,4244.2277999999815,4236.288200000016,4243.5692000000145,6076115,20777327157.18003,SZ399006
2026-06-24 15:00:00,4244.061499999994,4252.886099999983,4244.061500000015,4251.4244000000135,5845587,22367294416.450035,SZ399006
2026-06-25 09:35:00,4278.3393,4289.329199999999,4251.515299999999,4288.789299999995,27163751,102483857066.62999,SZ399006
2026-06-25 09:40:00,4285.382199999999,4308.457399999999,4283.451599999998,4303.597199999991,15491998,60056123532.67996,SZ399006
2026-06-25 09:45:00,4303.579399999999,4320.355100000003,4303.579399999997,4317.050099999994,11211235,44742587202.92996,SZ399006
2026-06-25 09:50:00,4317.885299999998,4337.023300000005,4317.885299999998,4330.307299999996,10575697,40427745274.20996,SZ399006
2026-06-25 09:55:00,4330.0607999999975,4331.798500000005,4297.845899999999,4297.8880999999965,10642884,36670702412.51996,SZ399006
2026-06-25 10:00:00,4298.634899999997,4320.9307000000035,4297.832999999999,4311.604499999994,9035938,32714982893.53996,SZ399006
2026-06-25 10:05:00,4313.3723999999975,4314.993100000004,4306.029599999996,4306.238299999991,8624493,28015787091.879963,SZ399006
2026-06-25 10:10:00,4307.348399999998,4311.389900000005,4282.4510999999975,4293.925499999991,8699327,29585237622.789978,SZ399006
2026-06-25 10:15:00,4294.516599999998,4300.136500000009,4283.739499999998,4294.035299999992,7074461,23439879709.119976,SZ399006
2026-06-25 10:20:00,4294.010699999998,4307.333100000012,4293.340899999999,4307.333099999992,5936909,19961505868.829975,SZ399006
2026-06-25 10:25:00,4307.239399999999,4308.259800000011,4275.304299999997,4275.79899999999,7098411,25512064224.279976,SZ399006
2026-06-25 10:30:00,4277.172399999999,4282.418600000012,4260.753499999997,4282.107199999989,5545155,21801720134.949974,SZ399006
2026-06-25 10:35:00,4283.062499999998,4283.195300000011,4272.198499999997,4272.198499999986,5000916,17677211297.469963,SZ399006
2026-06-25 10:40:00,4272.433699999999,4273.048600000011,4256.9554999999955,4265.248799999981,5120189,19361112423.479965,SZ399006
2026-06-25 10:45:00,4264.987799999999,4264.987800000011,4242.863299999997,4253.072799999981,5528656,21622736955.059967,SZ399006
2026-06-25 10:50:00,4252.696399999999,4266.86480000001,4249.244199999998,4260.599199999985,3917583,15885969199.619972,SZ399006
2026-06-25 10:55:00,4258.331799999998,4259.424700000008,4248.677100000001,4259.4246999999905,3698396,14940837433.499977,SZ399006
2026-06-25 11:00:00,4258.104299999999,4272.660400000006,4255.1258000000025,4269.62589999999,4016695,14984777603.229979,SZ399006
2026-06-25 11:05:00,4269.808899999999,4286.054700000006,4267.097700000001,4275.450199999993,3917102,13473102817.529984,SZ399006
2026-06-25 11:10:00,4276.202099999999,4290.929200000005,4276.202100000005,4283.067699999989,3163263,11176529916.779982,SZ399006
2026-06-25 11:15:00,4283.346099999999,4292.107100000006,4278.303800000004,4286.952299999989,2870084,10235750429.559977,SZ399006
2026-06-25 11:20:00,4288.270699999999,4311.840100000005,4288.270700000005,4311.102899999986,2763134,10860216005.339975,SZ399006
2026-06-25 11:25:00,4311.6282999999985,4332.982800000006,4310.445500000004,4328.985199999988,2672056,14492079081.719969,SZ399006
2026-06-25 11:30:00,4328.977099999999,4338.708900000005,4323.294100000004,4336.74009999999,2705834,13817612727.719969,SZ399006
2026-06-25 13:05:00,4342.1071999999995,4353.486900000005,4333.597900000004,4333.597899999993,5201534,23297281716.939983,SZ399006
2026-06-25 13:10:00,4333.009899999999,4339.4087000000045,4321.788500000004,4324.872299999997,3532655,16170455773.859978,SZ399006
2026-06-25 13:15:00,4324.984299999999,4324.984300000004,4309.778100000002,4309.778099999992,3725886,15009771935.609978,SZ399006
2026-06-25 13:20:00,4309.787299999998,4321.948500000003,4309.505500000003,4319.431299999989,3624885,13930813252.09998,SZ399006
2026-06-25 13:25:00,4319.6255999999985,4321.046200000003,4314.089200000001,4315.620199999994,3056897,11919396044.059982,SZ399006
2026-06-25 13:30:00,4315.526199999998,4338.507200000006,4313.3806,4335.507899999993,2984155,12430997116.569977,SZ399006
2026-06-25 13:35:00,4336.064599999998,4346.359700000007,4335.771000000001,4337.064199999995,3156258,13646280456.12998,SZ399006
2026-06-25 13:40:00,4338.037499999997,4349.150100000008,4338.037500000001,4341.704099999993,2916969,12829577886.519985,SZ399006
2026-06-25 13:45:00,4341.150199999997,4349.058000000008,4340.162900000001,4341.874199999992,2931426,12028786430.789988,SZ399006
2026-06-25 13:50:00,4341.818899999997,4351.906400000006,4334.326100000002,4350.20849999999,2991287,12038972809.299992,SZ399006
2026-06-25 13:55:00,4349.376199999997,4363.438000000005,4348.705000000002,4351.368299999987,2644330,12789783471.729992,SZ399006
2026-06-25 14:00:00,4351.093499999996,4351.0935000000045,4329.558100000001,4330.302399999984,3497503,12895922774.32999,SZ399006
2026-06-25 14:05:00,4330.758999999997,4345.839600000004,4330.759000000001,4345.839599999985,2954867,10556694502.959988,SZ399006
2026-06-25 14:10:00,4345.724899999998,4364.495200000005,4345.724900000002,4364.226099999986,2984900,11110015081.099989,SZ399006
2026-06-25 14:15:00,4364.394699999999,4370.541400000006,4363.635500000003,4369.792399999986,2707593,11786867491.409988,SZ399006
2026-06-25 14:20:00,4369.809499999999,4377.998800000004,4369.8025000000025,4370.820499999986,2728779,11974160528.809986,SZ399006
2026-06-25 14:25:00,4370.520599999999,4374.816800000002,4362.326000000002,4362.325999999984,2872952,10895088945.929987,SZ399006
2026-06-25 14:30:00,4363.018899999999,4377.758900000002,4362.1527000000015,4373.880699999984,2719826,11265113948.429985,SZ399006
2026-06-25 14:35:00,4373.764899999999,4375.067100000002,4365.957200000002,4367.906699999983,3295614,12639054208.589985,SZ399006
2026-06-25 14:40:00,4368.320899999999,4373.476900000005,4362.743699999999,4362.89069999998,3635780,13229545615.419985,SZ399006
2026-06-25 14:45:00,4362.6579999999985,4367.998600000007,4361.093999999999,4367.231099999981,4143243,15087211714.059982,SZ399006
2026-06-25 14:50:00,4366.786899999998,4374.035700000008,4366.786899999999,4374.010699999978,4663161,17386531503.649982,SZ399006
2026-06-25 14:55:00,4374.270999999999,4380.412500000004,4374.271,4379.418099999977,6419388,22965037900.239983,SZ399006
2026-06-25 15:00:00,4379.4513,4379.905800000004,4371.989100000002,4371.989099999977,5975040,21285976847.779984,SZ399006
2026-06-26 09:35:00,4319.4094,4319.4094,4303.7832,4311.306400000004,26416237,98458098351.44002,SZ399006
2026-06-26 09:40:00,4309.8287,4328.6995,4309.0183,4315.527200000002,15495992,54685722532.060036,SZ399006
2026-06-26 09:45:00,4315.590999999999,4321.657799999999,4304.420099999999,4320.209000000001,13026056,46806690183.000046,SZ399006
2026-06-26 09:50:00,4319.796799999998,4322.4814,4273.326799999998,4274.1379,11239764,44728075726.02004,SZ399006
2026-06-26 09:55:00,4275.749299999997,4286.415099999998,4260.038699999997,4270.026899999996,9828103,39692373321.040054,SZ399006
2026-06-26 10:00:00,4271.498999999997,4296.073699999996,4268.307599999998,4296.0736999999945,7620630,26543479485.35006,SZ399006
2026-06-26 10:05:00,4296.196399999997,4306.094199999995,4287.500299999998,4287.500299999994,8248351,27949662881.020058,SZ399006
2026-06-26 10:10:00,4289.237399999997,4292.9575999999915,4277.326199999999,4285.953499999992,6436389,23337949980.800056,SZ399006
2026-06-26 10:15:00,4287.110599999998,4287.110599999992,4267.934700000001,4275.179299999992,6068599,20706584063.280052,SZ399006
2026-06-26 10:20:00,4275.666199999998,4279.958599999991,4264.121099999999,4265.4466999999895,6598649,20758284498.180054,SZ399006
2026-06-26 10:25:00,4265.706199999999,4270.637599999992,4260.4862,4267.55059999999,6792885,20857231112.33006,SZ399006
2026-06-26 10:30:00,4267.563199999999,4267.563199999991,4237.092899999996,4237.147099999985,5014839,19770654775.940056,SZ399006
2026-06-26 10:35:00,4237.080699999999,4241.378199999994,4227.531399999997,4233.232399999986,4858354,20419368678.730057,SZ399006
2026-06-26 10:40:00,4234.597599999998,4241.525699999991,4225.920699999998,4236.957799999985,4412117,16599547093.280054,SZ399006
2026-06-26 10:45:00,4235.916499999998,4242.374399999991,4228.546399999997,4241.88949999998,3679702,13548475264.610052,SZ399006
2026-06-26 10:50:00,4239.5819999999985,4242.24099999999,4219.8005,4219.905199999985,3817586,14487138459.700048,SZ399006
2026-06-26 10:55:00,4219.761099999999,4219.76109999999,4202.096700000003,4202.339299999985,4469463,18187273940.610046,SZ399006
2026-06-26 11:00:00,4202.1219999999985,4205.244499999988,4175.377100000003,4202.2328999999845,5752692,24544491805.850044,SZ399006
2026-06-26 11:05:00,4201.661599999999,4214.2388999999885,4193.412900000002,4201.958999999988,4005367,16614058403.170044,SZ399006
2026-06-26 11:10:00,4201.351699999999,4205.776999999989,4190.427100000002,4195.350399999987,3531056,14761319091.520046,SZ399006
2026-06-26 11:15:00,4195.023499999998,4199.11769999999,4178.347100000003,4190.4624999999905,4197792,15886341518.170055,SZ399006
2026-06-26 11:20:00,4190.355299999999,4212.504499999991,4186.477200000002,4210.766599999988,2789741,11544994856.490057,SZ399006
2026-06-26 11:25:00,4211.1239000000005,4212.6737999999905,4180.567400000007,4181.009199999993,2973943,11910283820.070053,SZ399006
2026-06-26 11:30:00,4180.1969,4213.074699999992,4178.801000000007,4209.293699999993,2485204,9724687098.920052,SZ399006
2026-06-26 13:05:00,4211.7857,4213.045299999993,4189.49170000001,4212.106499999995,4375205,17390318366.540054,SZ399006
2026-06-26 13:10:00,4212.029600000001,4212.0295999999935,4195.81240000001,4204.520699999997,3053097,11682100144.740057,SZ399006
2026-06-26 13:15:00,4204.747300000001,4216.612899999991,4203.246500000011,4214.606899999997,2853570,11306868862.160055,SZ399006
2026-06-26 13:20:00,4214.1936000000005,4226.730099999992,4213.9669000000085,4222.285699999995,3045539,12183565329.330051,SZ399006
2026-06-26 13:25:00,4222.421400000001,4241.269999999992,4222.421400000009,4228.653099999994,2819269,12335843522.090048,SZ399006
2026-06-26 13:30:00,4227.499800000001,4240.467399999993,4217.878800000008,4219.353199999995,3148288,12839936787.960049,SZ399006
2026-06-26 13:35:00,4220.353000000001,4240.730199999992,4219.896300000008,4240.549699999995,2824698,11069821510.640049,SZ399006
2026-06-26 13:40:00,4240.183800000001,4249.6508999999905,4234.440200000007,4244.0906999999925,2920597,11680517873.150053,SZ399006
2026-06-26 13:45:00,4243.344200000001,4245.2020999999895,4234.590600000005,4245.089699999992,2793694,10995434784.940054,SZ399006
2026-06-26 13:50:00,4245.026700000001,4245.550399999987,4231.421000000005,4245.550399999992,2668594,11101068999.330051,SZ399006
2026-06-26 13:55:00,4245.781200000001,4258.732199999986,4245.639100000004,4258.449399999994,2676133,11218032308.350054,SZ399006
2026-06-26 14:00:00,4259.121400000002,4262.408999999988,4249.260400000003,4249.260399999994,2468268,10428588648.480053,SZ399006
2026-06-26 14:05:00,4247.487900000002,4247.487899999988,4233.173600000003,4235.8510999999935,3034434,11056154930.710058,SZ399006
2026-06-26 14:10:00,4235.260800000001,4235.260799999988,4216.514500000002,4220.6957999999895,3269218,11176884191.290058,SZ399006
2026-06-26 14:15:00,4220.5152,4220.515199999985,4205.163100000001,4206.386099999989,3008682,10430075920.160057,SZ399006
2026-06-26 14:20:00,4207.818299999998,4214.744899999985,4205.377,4208.060699999989,2926242,10379973869.72005,SZ399006
2026-06-26 14:25:00,4207.854799999998,4217.827599999982,4207.8548,4211.411699999985,2614694,9376541359.55005,SZ399006
2026-06-26 14:30:00,4212.3211999999985,4220.963099999982,4209.067999999997,4210.590699999984,2528906,9541265006.72005,SZ399006
2026-06-26 14:35:00,4210.7361999999985,4211.645299999982,4199.622099999996,4199.622099999982,3500447,12459231771.610052,SZ399006
2026-06-26 14:40:00,4199.020899999999,4224.573499999987,4198.9500999999955,4222.784299999984,3651346,12761977814.980057,SZ399006
2026-06-26 14:45:00,4222.161399999998,4223.762599999987,4209.984499999998,4219.790699999984,3593147,13707419020.840057,SZ399006
2026-06-26 14:50:00,4219.485899999998,4221.323199999988,4215.394499999999,4215.572099999987,4362338,16154230650.750055,SZ399006
2026-06-26 14:55:00,4215.754099999998,4218.015399999989,4196.528899999996,4196.658199999985,6686901,23092156812.25005,SZ399006
2026-06-26 15:00:00,4196.544399999998,4198.22549999999,4194.2089,4194.2089,6261725,21226754821.060036,SZ399006
2026-06-29 09:35:00,4200.674,4209.024900000003,4175.612800000002,4209.024900000007,25641496,97473830995.60002,SZ399006
2026-06-29 09:40:00,4209.048400000001,4236.2247000000025,4209.048400000002,4229.898700000009,14842482,54294430122.95999,SZ399006
2026-06-29 09:45:00,4229.724700000001,4261.177100000003,4229.724700000002,4256.0243000000055,11335138,42569370148.83999,SZ399006
2026-06-29 09:50:00,4257.6945000000005,4265.463400000003,4238.318500000001,4238.318500000004,12303288,41638060925.01997,SZ399006
2026-06-29 09:55:00,4237.8418,4237.841800000004,4211.576800000001,4219.256400000006,11351625,37787951114.36997,SZ399006
2026-06-29 10:00:00,4219.718099999999,4219.856000000003,4198.3598,4210.488300000004,10284775,35953453720.91999,SZ399006
2026-06-29 10:05:00,4211.006599999999,4218.233100000004,4180.7137,4181.272800000001,10751975,36490105131.76999,SZ399006
2026-06-29 10:10:00,4179.649299999999,4196.584100000003,4150.200099999999,4150.200099999997,8817075,33028284933.070004,SZ399006
2026-06-29 10:15:00,4149.993599999999,4159.1505000000025,4121.771099999998,4124.265099999998,8341207,34333703989.729996,SZ399006
2026-06-29 10:20:00,4123.603899999998,4147.225400000002,4116.315799999997,4116.547299999997,8121839,31817934399.200012,SZ399006
2026-06-29 10:25:00,4116.810399999997,4152.8470000000025,4114.440499999997,4152.847000000003,6809674,24232989783.210022,SZ399006
2026-06-29 10:30:00,4153.753599999996,4166.177500000003,4153.753599999999,4165.338900000003,5999881,21850960407.34003,SZ399006
2026-06-29 10:35:00,4165.245599999996,4165.245600000004,4112.662400000001,4112.662400000005,6071856,23160268898.39003,SZ399006
2026-06-29 10:40:00,4112.537999999996,4129.125300000005,4103.632800000001,4129.125300000005,5774764,23908089122.74003,SZ399006
2026-06-29 10:45:00,4129.067299999996,4138.890800000007,4112.5336000000025,4138.89080000001,4192470,16990931380.810024,SZ399006
2026-06-29 10:50:00,4139.7697999999955,4151.689800000006,4135.2277,4151.68980000001,3827618,14885136576.800026,SZ399006
2026-06-29 10:55:00,4153.348799999995,4161.653600000007,4142.628599999998,4152.57970000001,3491405,12411905908.420023,SZ399006
2026-06-29 11:00:00,4151.317899999996,4169.291100000006,4149.667999999998,4158.11540000001,3020848,11465303637.300026,SZ399006
2026-06-29 11:05:00,4158.987699999996,4171.305200000005,4155.668099999999,4157.94300000001,3198570,11714127119.280024,SZ399006
2026-06-29 11:10:00,4158.182099999995,4179.571600000004,4158.182099999998,4179.120300000011,2461617,10050891580.48002,SZ399006
2026-06-29 11:15:00,4177.068599999995,4177.068600000004,4148.963099999996,4172.917900000007,2908871,10533994922.820017,SZ399006
2026-06-29 11:20:00,4172.519499999995,4176.588200000004,4163.923699999994,4168.800200000006,2092611,8039808459.130017,SZ399006
2026-06-29 11:25:00,4169.102899999996,4170.033900000005,4141.251399999997,4143.447500000008,2309600,8199624080.000015,SZ399006
2026-06-29 11:30:00,4143.300999999997,4143.774500000006,4131.009999999998,4140.645500000005,2394479,8434234862.250015,SZ399006
2026-06-29 13:05:00,4142.233799999996,4142.233800000006,4125.330499999997,4126.538500000006,4519918,14458837797.73002,SZ399006
2026-06-29 13:10:00,4126.3799999999965,4126.816500000007,4117.873399999995,4121.1586000000025,2839132,9697016067.40002,SZ399006
2026-06-29 13:15:00,4120.361499999996,4120.635500000007,4109.751299999994,4115.823200000007,2864629,9874685627.040022,SZ399006
2026-06-29 13:20:00,4115.791599999997,4128.050400000007,4113.752799999995,4120.674100000004,2682283,9170692222.070024,SZ399006
2026-06-29 13:25:00,4121.024199999997,4142.095500000006,4121.024199999994,4141.912200000001,2520792,8505371102.210024,SZ399006
2026-06-29 13:30:00,4142.090899999997,4155.931900000007,4141.766399999994,4153.736199999997,2611803,9317148614.610023,SZ399006
2026-06-29 13:35:00,4153.4025999999985,4160.744300000006,4143.797799999993,4160.716099999996,3419158,10878012164.710026,SZ399006
2026-06-29 13:40:00,4161.222699999998,4168.187600000006,4154.551899999994,4166.676399999995,2861210,10200622366.030025,SZ399006
2026-06-29 13:45:00,4166.887399999999,4181.821300000007,4166.887399999994,4181.564399999999,2834774,10582667869.070024,SZ399006
2026-06-29 13:50:00,4181.590199999999,4181.590200000007,4172.848899999995,4177.817199999999,2456387,9590515430.380024,SZ399006
2026-06-29 13:55:00,4178.0189999999975,4209.278700000005,4176.403799999996,4209.278699999999,2545995,10997677614.52002,SZ399006
2026-06-29 14:00:00,4208.018099999999,4218.782500000007,4202.8428,4202.842800000004,2768446,11639278336.780018,SZ399006
2026-06-29 14:05:00,4202.314299999999,4214.198100000007,4193.5858,4193.5858000000035,2938274,10951867129.96002,SZ399006
2026-06-29 14:10:00,4193.3598,4193.409800000008,4177.102699999999,4185.054500000006,2669651,9357374556.020021,SZ399006
2026-06-29 14:15:00,4186.018899999999,4190.075400000008,4176.878600000001,4180.183900000013,2477735,8730365614.660023,SZ399006
2026-06-29 14:20:00,4181.122299999999,4194.763900000007,4181.122300000001,4188.815700000012,2420549,8752920752.21002,SZ399006
2026-06-29 14:25:00,4189.2006999999985,4195.033400000009,4181.016400000001,4181.016400000018,2278535,8347378850.290015,SZ399006
2026-06-29 14:30:00,4180.888099999999,4185.027200000012,4176.7915,4185.027200000019,2637891,8973562782.160015,SZ399006
2026-06-29 14:35:00,4185.5806999999995,4204.432700000015,4185.5807,4196.145800000021,3154593,10622063082.430012,SZ399006
2026-06-29 14:40:00,4196.0344,4212.564200000012,4196.0344000000005,4212.049400000017,3104101,11653756288.360014,SZ399006
2026-06-29 14:45:00,4211.9354,4212.1716000000115,4201.902300000003,4205.615100000021,3682571,13905818599.330013,SZ399006
2026-06-29 14:50:00,4205.8532,4217.951400000014,4205.853200000003,4216.140200000025,4235563,15629910707.520012,SZ399006
2026-06-29 14:55:00,4216.167299999999,4220.6798000000135,4214.2625000000035,4220.515000000023,5797684,19688196462.580017,SZ399006
2026-06-29 15:00:00,4220.306899999999,4220.306900000013,4216.698500000004,4216.698500000024,5532933,18420703593.000015,SZ399006
2026-06-30 09:35:00,4217.6332,4231.166800000002,4217.6332,4220.015800000003,24577878,88675469152.58998,SZ399006
2026-06-30 09:40:00,4219.122000000001,4244.091999999999,4218.5534000000025,4235.2872,14979360,54917792018.78999,SZ399006
2026-06-30 09:45:00,4234.8879000000015,4245.207100000001,4205.7421,4245.207100000001,12582431,44040932378.93,SZ399006
2026-06-30 09:50:00,4245.896800000002,4262.421300000001,4242.144899999999,4250.687400000001,9533549,35857232594.95,SZ399006
2026-06-30 09:55:00,4250.832200000003,4264.612999999999,4250.8322,4259.424400000001,7832223,29684602434.210007,SZ399006
2026-06-30 10:00:00,4258.762200000003,4264.381699999999,4250.624999999998,4264.381700000002,6943690,25693007519.800014,SZ399006
2026-06-30 10:05:00,4264.264100000002,4266.819900000001,4255.841299999996,4265.452100000001,6858327,23206297220.350014,SZ399006
2026-06-30 10:10:00,4267.101000000002,4276.639300000001,4267.100999999998,4274.1528,5846014,20544593626.859997,SZ399006
2026-06-30 10:15:00,4274.700100000002,4281.709,4263.661400000001,4273.297300000001,4957042,18645013808.010002,SZ399006
2026-06-30 10:20:00,4273.885500000002,4275.2851,4255.823800000001,4261.733299999995,4627655,17294642860.570004,SZ399006
2026-06-30 10:25:00,4260.480300000002,4270.5650000000005,4259.8731,4263.886299999991,4471853,16318448101.200005,SZ399006
2026-06-30 10:30:00,4263.460000000002,4278.5061000000005,4258.570499999999,4277.812399999993,3953246,14637195295.460003,SZ399006
2026-06-30 10:35:00,4277.049400000002,4289.783800000003,4276.387999999998,4289.340399999993,4854636,17068719426.23001,SZ399006
2026-06-30 10:40:00,4289.442400000003,4294.276300000003,4286.035199999996,4290.879199999994,3983687,14858714455.610008,SZ399006
2026-06-30 10:45:00,4291.005000000002,4301.504700000005,4291.004799999996,4300.887599999994,3369253,13822924933.550007,SZ399006
2026-06-30 10:50:00,4299.530400000002,4309.321800000006,4293.408299999997,4306.2036999999955,3330287,13786723196.53001,SZ399006
2026-06-30 10:55:00,4306.325500000002,4309.792700000007,4303.618199999996,4304.199599999997,3153229,12011912011.240011,SZ399006
2026-06-30 11:00:00,4303.625100000001,4304.516600000008,4286.696799999996,4286.696799999997,2890961,11325488836.660011,SZ399006
2026-06-30 11:05:00,4286.390200000002,4298.915300000006,4286.390199999996,4293.332599999996,2826774,10487064202.24001,SZ399006
2026-06-30 11:10:00,4293.100200000001,4304.711800000006,4292.538799999996,4304.215299999998,2651005,10261739926.31001,SZ399006
2026-06-30 11:15:00,4304.137200000001,4314.365500000006,4301.664099999996,4314.1217,2464690,10875835243.98001,SZ399006
2026-06-30 11:20:00,4313.7944,4328.728100000006,4311.723599999996,4327.877199999997,2609371,12257920716.930006,SZ399006
2026-06-30 11:25:00,4328.0010999999995,4344.3134000000055,4327.912099999997,4343.929699999999,2838850,14036798549.530006,SZ399006
2026-06-30 11:30:00,4343.3598999999995,4350.413600000006,4341.502199999994,4345.837499999997,2649646,11904083743.29,SZ399006
2026-06-30 13:05:00,4348.6126,4350.431300000007,4338.530499999996,4341.694599999995,6180907,25375071932.20999,SZ399006
2026-06-30 13:10:00,4341.650100000001,4342.384200000006,4327.6608999999935,4329.802899999994,4026821,16007579709.29,SZ399006
2026-06-30 13:15:00,4329.443500000002,4332.024700000007,4320.298399999992,4326.82179999999,4047576,15011436262.29,SZ399006
2026-06-30 13:20:00,4326.592600000003,4335.947500000007,4323.600299999992,4323.600299999987,3238962,11934116368.41,SZ399006
2026-06-30 13:25:00,4323.175600000003,4332.148800000008,4322.204099999992,4332.148799999987,3277836,11256653342.399998,SZ399006
2026-06-30 13:30:00,4332.031300000003,4332.666100000008,4324.59459999999,4331.548999999988,2949635,11828326941.379997,SZ399006
2026-06-30 13:35:00,4331.236200000004,4343.476300000007,4330.3158999999905,4332.475299999989,3148982,12921296976.659996,SZ399006
2026-06-30 13:40:00,4332.147800000004,4333.577000000007,4319.024699999988,4319.326799999984,3054380,12288136254.759998,SZ399006
2026-06-30 13:45:00,4320.618100000004,4330.565300000007,4314.75039999999,4317.862199999988,3734466,14166186384.44,SZ399006
2026-06-30 13:50:00,4318.4595000000045,4336.2546000000075,4318.45949999999,4336.173799999985,2747672,11594115299.670002,SZ399006
2026-06-30 13:55:00,4335.936200000005,4341.362700000008,4334.048699999989,4338.9704999999785,2740844,10911333547.14,SZ399006
2026-06-30 14:00:00,4339.095200000004,4339.932100000008,4333.058899999987,4335.893899999979,2842711,10080244551.129993,SZ399006
2026-06-30 14:05:00,4336.864000000005,4345.012100000007,4334.905699999985,4336.913399999985,2749421,10213465156.889994,SZ399006
2026-06-30 14:10:00,4336.528200000006,4340.177200000006,4336.528199999985,4339.442699999982,2514308,9185852266.659996,SZ399006
2026-06-30 14:15:00,4339.345200000005,4339.345200000006,4329.435399999985,4335.003999999985,2792796,10246225714.539995,SZ399006
2026-06-30 14:20:00,4335.0063000000055,4335.724800000007,4328.679999999983,4334.506899999985,2870433,9674220054.63,SZ399006
2026-06-30 14:25:00,4334.424100000006,4335.623300000007,4329.246699999982,4329.486699999985,2725122,9665658486.379997,SZ399006
2026-06-30 14:30:00,4328.965900000006,4332.727400000007,4326.559399999982,4331.918199999988,3148610,10841640784.519993,SZ399006
2026-06-30 14:35:00,4331.724400000007,4344.885400000008,4331.724399999983,4344.885399999989,3631504,12714323369.399998,SZ399006
2026-06-30 14:40:00,4345.1975000000075,4345.374600000008,4334.643199999981,4338.851599999983,3579986,12833645609.159994,SZ399006
2026-06-30 14:45:00,4337.824800000008,4343.93580000001,4337.667099999982,4342.2053999999835,3951916,14349700091.34999,SZ399006
2026-06-30 14:50:00,4342.102800000008,4346.929400000011,4341.200099999983,4346.929399999985,4676025,16316342546.48999,SZ399006
2026-06-30 14:55:00,4346.506400000008,4353.1051000000125,4346.423599999982,4351.344899999986,6219318,21624516323.53999,SZ399006
2026-06-30 15:00:00,4351.089400000008,4351.259200000011,4342.712299999984,4342.712299999986,6064828,21175744129.90998,SZ399006
2026-07-01 09:35:00,4336.1611,4352.560600000002,4333.0733,4349.374699999998,25608634,97382400637.15997,SZ399006
2026-07-01 09:40:00,4348.3556,4350.850400000002,4324.784199999999,4324.784199999996,15446153,57427446848.819954,SZ399006
2026-07-01 09:45:00,4324.146,4351.651500000003,4310.632899999998,4349.076400000001,12470763,45326550123.89993,SZ399006
2026-07-01 09:50:00,4349.2049,4359.365200000002,4340.221699999997,4347.119999999997,10318597,40257750969.29994,SZ399006
2026-07-01 09:55:00,4346.8169,4357.6349,4332.913199999995,4339.583799999995,8705831,33238107724.809937,SZ399006
2026-07-01 10:00:00,4338.5789,4339.324100000001,4313.562099999996,4318.788399999995,8628006,33603013989.87994,SZ399006
2026-07-01 10:05:00,4318.9357,4346.252100000004,4317.459299999996,4329.622699999998,7852963,28727655753.569946,SZ399006
2026-07-01 10:10:00,4330.1002,4330.100200000005,4307.6623999999965,4313.687099999995,7978323,28556409254.689938,SZ399006
2026-07-01 10:15:00,4312.5979,4328.947100000006,4299.094999999997,4299.339999999996,7999011,27916030671.97994,SZ399006
2026-07-01 10:20:00,4299.251599999999,4330.648800000006,4298.2639999999965,4330.648799999999,7987740,27373604587.249947,SZ399006
2026-07-01 10:25:00,4330.704799999999,4342.601600000005,4324.7144999999955,4339.3768,5617948,20616403078.549942,SZ399006
2026-07-01 10:30:00,4339.341699999997,4339.398800000005,4318.0969999999925,4336.060400000001,5855913,21360978012.32995,SZ399006
2026-07-01 10:35:00,4334.894699999998,4340.023400000006,4326.473199999991,4326.7976000000035,6787743,23229221001.56995,SZ399006
2026-07-01 10:40:00,4328.487299999998,4331.155200000006,4311.651099999988,4323.9238,7197038,25732710118.989956,SZ399006
2026-07-01 10:45:00,4323.705799999997,4328.615600000004,4310.544999999991,4328.097899999998,7113270,25130988460.19995,SZ399006
2026-07-01 10:50:00,4328.543499999997,4346.601900000005,4320.784099999991,4346.6019,5455447,17713573472.689938,SZ399006
2026-07-01 10:55:00,4346.813699999997,4361.714100000005,4343.162399999989,4345.357399999999,4396182,14438680816.809937,SZ399006
2026-07-01 11:00:00,4345.772399999997,4361.825000000003,4342.540699999989,4342.587099999998,3874397,13474954873.819933,SZ399006
2026-07-01 11:05:00,4342.382699999997,4354.547100000004,4335.01869999999,4336.804500000001,3938746,12977515125.26993,SZ399006
2026-07-01 11:10:00,4335.763899999996,4344.4982000000045,4330.1485999999895,4342.667900000003,3913701,12374066663.749933,SZ399006
2026-07-01 11:15:00,4341.591699999996,4341.5917000000045,4328.66369999999,4335.706900000006,4710458,13451813583.279938,SZ399006
2026-07-01 11:20:00,4335.139999999997,4340.107800000004,4327.857699999992,4328.105200000011,4019895,12553792290.429937,SZ399006
2026-07-01 11:25:00,4327.9779999999955,4327.978000000004,4308.692599999997,4320.249600000015,3777774,13298017219.969936,SZ399006
2026-07-01 11:30:00,4320.839599999996,4326.903900000001,4319.446399999996,4325.6739000000125,2921377,10772280449.609936,SZ399006
2026-07-01 13:05:00,4326.043599999996,4326.4426,4309.173199999994,4309.173200000008,7527632,23943492051.499924,SZ399006
2026-07-01 13:10:00,4308.360599999996,4314.928200000002,4297.861599999994,4297.861600000011,4767577,16537788636.629921,SZ399006
2026-07-01 13:15:00,4298.095099999998,4303.678800000002,4287.065299999994,4287.065300000015,4604842,16610723904.839924,SZ399006
2026-07-01 13:20:00,4286.877099999998,4315.2905000000055,4283.4657999999945,4314.8111000000135,4270323,15423709101.139923,SZ399006
2026-07-01 13:25:00,4314.990299999998,4325.592800000006,4311.224599999996,4316.670500000012,3532108,12859038312.419922,SZ399006
2026-07-01 13:30:00,4315.935599999997,4315.935600000005,4294.743299999997,4294.743300000007,3794538,12901898850.89993,SZ399006
2026-07-01 13:35:00,4294.733699999997,4304.803600000007,4291.559199999996,4295.311100000007,3388626,11973420398.769928,SZ399006
2026-07-01 13:40:00,4295.410699999997,4298.448900000007,4286.154399999997,4289.279500000014,3235075,11009340467.58993,SZ399006
2026-07-01 13:45:00,4288.943199999997,4288.943200000008,4264.839099999998,4265.014500000016,3552643,13569348572.669933,SZ399006
2026-07-01 13:50:00,4265.2176999999965,4275.601200000004,4264.202699999999,4264.202700000015,3245702,11771636347.869932,SZ399006
2026-07-01 13:55:00,4264.0710999999965,4264.071100000004,4244.271599999999,4245.076300000013,4720235,16112328289.649937,SZ399006
2026-07-01 14:00:00,4245.514899999997,4267.476000000006,4243.542400000001,4266.831500000014,3658898,12540808862.919931,SZ399006
2026-07-01 14:05:00,4265.6021999999975,4278.2298000000055,4261.097000000002,4276.923600000014,3062340,11244915546.759926,SZ399006
2026-07-01 14:10:00,4275.912299999998,4282.269700000005,4269.239200000001,4269.23920000001,2803595,10097053259.719925,SZ399006
2026-07-01 14:15:00,4267.8723999999975,4272.471100000005,4263.1766000000025,4263.1766000000125,2620833,9878753227.559927,SZ399006
2026-07-01 14:20:00,4263.195799999997,4263.413800000005,4243.005500000003,4243.199800000014,2601612,10179441785.849926,SZ399006
2026-07-01 14:25:00,4243.059299999995,4258.1703000000025,4243.059300000003,4243.968100000017,2771128,9499534848.049927,SZ399006
2026-07-01 14:30:00,4243.965299999996,4244.725800000003,4237.930400000005,4242.224900000017,2588040,10092827275.159927,SZ399006
2026-07-01 14:35:00,4242.693599999996,4251.301600000003,4233.554900000006,4233.554900000022,3212406,11746689297.15993,SZ399006
2026-07-01 14:40:00,4233.025599999996,4234.562100000004,4222.222600000007,4225.340700000024,4480151,16371883355.079926,SZ399006
2026-07-01 14:45:00,4226.316899999996,4244.158100000006,4226.316900000008,4243.786400000025,3864741,13893611851.379921,SZ399006
2026-07-01 14:50:00,4243.885799999996,4253.605500000007,4243.885800000009,4252.50880000003,4166121,15158674900.249926,SZ399006
2026-07-01 14:55:00,4252.055399999997,4263.343200000006,4250.511700000009,4263.091100000028,5869553,19786305692.48993,SZ399006
2026-07-01 15:00:00,4262.756999999996,4262.757000000006,4259.191000000007,4260.72080000003,5737915,18391463707.37993,SZ399006
2026-07-02 09:35:00,4135.3424,4136.1621000000005,4083.4975,4100.221599999999,34299546,120599494853.40002,SZ399006
2026-07-02 09:40:00,4100.3730000000005,4120.970600000001,4092.535600000001,4119.321199999997,16827300,55736671411.33003,SZ399006
2026-07-02 09:45:00,4119.553000000002,4122.2929,4084.644500000001,4084.6444999999935,13326928,43693418272.49004,SZ399006
2026-07-02 09:50:00,4084.0517000000023,4119.2999,4070.958000000001,4098.603899999992,11967283,40666820848.930046,SZ399006
2026-07-02 09:55:00,4100.667100000002,4132.1196999999975,4100.1251999999995,4132.11969999999,9009004,29129419982.980045,SZ399006
2026-07-02 10:00:00,4131.173200000003,4141.107999999999,4114.833100000003,4122.696599999992,7646990,25928279254.38005,SZ399006
2026-07-02 10:05:00,4122.809900000004,4154.3463999999985,4121.809300000002,4151.731299999994,7580018,25427262755.230057,SZ399006
2026-07-02 10:10:00,4151.063800000003,4155.5274,4135.2167999999965,4154.126499999993,6416127,21427346786.89006,SZ399006
2026-07-02 10:15:00,4154.051900000003,4154.051900000001,4137.322599999995,4149.80629999999,5771337,19751743631.35006,SZ399006
2026-07-02 10:20:00,4149.326200000002,4150.581800000001,4125.208199999993,4131.844299999987,5899993,19950477280.550056,SZ399006
2026-07-02 10:25:00,4132.190900000002,4143.701600000002,4125.960699999993,4139.288699999986,5282083,16585171841.03006,SZ399006
2026-07-02 10:30:00,4139.355900000002,4147.794900000005,4134.791599999996,4140.687299999988,4541390,14769830913.16006,SZ399006
2026-07-02 10:35:00,4139.727800000003,4157.795300000006,4139.422599999995,4157.795299999986,4294919,14341878941.890064,SZ399006
2026-07-02 10:40:00,4157.8848000000025,4168.872800000005,4153.9671999999955,4166.535599999983,4627316,15236811836.890055,SZ399006
2026-07-02 10:45:00,4166.459500000002,4166.4595000000045,4155.884499999994,4156.34769999998,4599820,14758428349.710052,SZ399006
2026-07-02 10:50:00,4156.102600000001,4159.836400000003,4149.024899999993,4149.024899999983,4336361,14029418197.00005,SZ399006
2026-07-02 10:55:00,4149.331500000001,4149.809200000003,4128.5889999999945,4132.6523999999845,4057278,13674404038.410051,SZ399006
2026-07-02 11:00:00,4132.500500000002,4132.926300000004,4120.009699999994,4120.0096999999805,2985774,10578047015.310055,SZ399006
2026-07-02 11:05:00,4119.255400000003,4120.337900000004,4109.674099999996,4115.180099999979,3139971,11313372660.91005,SZ399006
2026-07-02 11:10:00,4114.463600000003,4125.855700000002,4109.567699999995,4125.8556999999755,2617599,9384578822.140045,SZ399006
2026-07-02 11:15:00,4125.690300000003,4140.2569,4118.929899999994,4140.256899999972,2589853,8799743431.550045,SZ399006
2026-07-02 11:20:00,4139.594900000004,4148.8751,4127.925499999996,4127.925499999972,3009819,9797361200.070045,SZ399006
2026-07-02 11:25:00,4127.889900000004,4132.842099999999,4114.771799999996,4119.10679999997,2396763,8079753200.5600395,SZ399006
2026-07-02 11:30:00,4117.115400000003,4117.182999999999,4107.744499999995,4112.972299999969,2236335,7902463607.090039,SZ399006
2026-07-02 13:05:00,4115.133200000004,4115.133200000001,4102.0678999999955,4113.269599999966,4539700,16533853025.270027,SZ399006
2026-07-02 13:10:00,4113.452600000003,4117.5501,4104.006099999995,4104.051799999969,3296144,10773236269.800026,SZ399006
2026-07-02 13:15:00,4103.799100000003,4103.7991,4092.578399999996,4097.422699999971,3081533,11691734010.410027,SZ399006
2026-07-02 13:20:00,4097.181200000004,4097.7088,4074.753699999997,4074.753699999971,2993112,11761381535.300026,SZ399006
2026-07-02 13:25:00,4075.247700000003,4081.266200000001,4069.1964999999977,4072.358999999975,3146255,12759596916.750027,SZ399006
2026-07-02 13:30:00,4071.745300000003,4080.5544,4063.166299999998,4063.8578999999754,2935543,11958750502.140024,SZ399006
2026-07-02 13:35:00,4063.4625000000033,4066.057000000001,4052.255399999997,4052.3348999999753,3282693,12622049074.140026,SZ399006
2026-07-02 13:40:00,4052.595500000002,4055.8246000000017,4045.608399999995,4054.205599999973,3120256,12559868517.590027,SZ399006
2026-07-02 13:45:00,4054.080000000003,4056.845100000002,4043.863799999996,4043.8637999999746,3130016,12062160345.890022,SZ399006
2026-07-02 13:50:00,4044.331100000003,4046.9863000000014,4031.861499999995,4037.835799999973,3734906,14398882503.310017,SZ399006
2026-07-02 13:55:00,4039.723300000003,4048.748200000001,4035.235399999995,4046.6834999999737,3523757,12682516741.10002,SZ399006
2026-07-02 14:00:00,4047.5937000000026,4061.2736,4045.736099999997,4045.736099999975,3201092,10820206686.700022,SZ399006
2026-07-02 14:05:00,4045.674200000002,4054.7852000000007,4038.3517999999954,4038.351799999976,3390171,11026085466.55002,SZ399006
2026-07-02 14:10:00,4038.048300000003,4065.923000000002,4036.7912999999953,4065.9229999999766,3490718,11885142332.750017,SZ399006
2026-07-02 14:15:00,4065.559800000003,4072.806500000002,4053.918699999995,4056.611599999976,2950841,10414468390.580017,SZ399006
2026-07-02 14:20:00,4056.214800000003,4056.259600000002,4041.758599999997,4041.758599999978,3155535,10465198134.68002,SZ399006
2026-07-02 14:25:00,4041.3476000000032,4046.250000000003,4038.747599999997,4038.747599999979,2958134,10389140566.320015,SZ399006
2026-07-02 14:30:00,4037.953900000003,4040.251200000004,4031.7274999999954,4032.09239999998,3150381,10970004325.700012,SZ399006
2026-07-02 14:35:00,4031.4167000000034,4043.529000000004,4029.047099999995,4029.0470999999784,4024656,13244265555.740013,SZ399006
2026-07-02 14:40:00,4029.004000000003,4035.503100000004,4023.006499999996,4023.006499999979,3535184,13098861155.320004,SZ399006
2026-07-02 14:45:00,4022.238800000004,4022.238800000004,4011.249699999996,4015.5013999999783,5726486,20044686431.190006,SZ399006
2026-07-02 14:50:00,4015.401200000003,4016.310000000005,4006.324099999996,4006.8946999999766,5790491,19706445110.400017,SZ399006
2026-07-02 14:55:00,4006.605000000004,4009.7499000000057,3999.567399999996,4009.565299999976,7138707,24036285695.380028,SZ399006
2026-07-02 15:00:00,4010.210800000004,4017.2735000000057,4010.210799999996,4017.2734999999766,5885352,19324596268.02003,SZ399006
2026-07-03 09:35:00,4010.8191,4029.6222,3985.363,3992.697400000001,24507430,87404712579.89995,SZ399006
2026-07-03 09:40:00,3997.146,4047.021200000002,3997.146,4046.1036000000017,13787355,47499191489.15994,SZ399006
2026-07-03 09:45:00,4045.6954,4053.272000000002,4036.085000000001,4036.0850000000014,11057339,38428771379.149956,SZ399006
2026-07-03 09:50:00,4036.5353,4039.765800000003,4009.8628000000017,4009.8699000000024,10486169,33139880588.349968,SZ399006
2026-07-03 09:55:00,4010.6227,4024.6818000000026,4002.0452000000023,4023.737800000003,10165126,34304066467.439972,SZ399006
2026-07-03 10:00:00,4025.1888,4034.392500000005,4015.523500000002,4034.392500000004,6744696,22574794914.859962,SZ399006
2026-07-03 10:05:00,4035.8526000000006,4054.594000000005,4032.996900000002,4048.337900000006,6881626,23003773942.659966,SZ399006
2026-07-03 10:10:00,4045.886,4069.296100000004,4045.8860000000022,4063.8934000000054,5780451,21619486406.919964,SZ399006
2026-07-03 10:15:00,4064.285100000001,4064.822700000004,4033.533700000002,4033.533700000005,5750719,19604140405.399967,SZ399006
2026-07-03 10:20:00,4033.265300000001,4059.678000000006,4031.746100000002,4040.056400000003,5161218,17348460712.989967,SZ399006
2026-07-03 10:25:00,4039.5762,4052.808800000005,4028.0660000000007,4046.789400000003,5003153,16548582871.939972,SZ399006
2026-07-03 10:30:00,4047.3856,4056.617300000006,4047.385600000001,4053.6817000000015,4338438,13182096089.969978,SZ399006
2026-07-03 10:35:00,4054.2601,4070.542200000005,4050.5383,4070.4741000000017,4067561,13754920522.499973,SZ399006
2026-07-03 10:40:00,4070.7305,4072.984600000004,4061.514199999999,4070.703300000004,4208681,13543480950.739977,SZ399006
2026-07-03 10:45:00,4071.141000000001,4080.5990000000033,4064.810700000001,4080.5990000000024,4140960,14138212124.83998,SZ399006
2026-07-03 10:50:00,4080.441100000001,4100.417600000005,4080.441100000001,4100.417600000004,3991552,15464400529.519987,SZ399006
2026-07-03 10:55:00,4100.899200000001,4114.848300000005,4089.850500000002,4102.278100000002,4021052,15862763231.09999,SZ399006
2026-07-03 11:00:00,4102.605900000001,4109.8732000000045,4098.737800000001,4103.595800000003,3221837,13162092370.799984,SZ399006
2026-07-03 11:05:00,4104.820100000003,4110.132200000004,4094.1271,4101.278799999999,3167187,11844119810.439981,SZ399006
2026-07-03 11:10:00,4101.270800000003,4104.855700000004,4092.9264,4097.390799999999,2981161,11354987258.799982,SZ399006
2026-07-03 11:15:00,4095.828700000003,4095.8287000000046,4078.5674999999983,4088.055499999999,3111656,11236414347.78998,SZ399006
2026-07-03 11:20:00,4088.550100000003,4095.185400000005,4080.0899,4080.089900000001,2501956,8953327975.429981,SZ399006
2026-07-03 11:25:00,4079.324500000004,4079.762500000006,4066.4051000000018,4066.405100000002,2798702,9743037251.849981,SZ399006
2026-07-03 11:30:00,4066.700800000004,4081.3442000000064,4066.3683000000015,4080.5710000000017,2751330,8717327231.859983,SZ399006
2026-07-03 13:05:00,4091.569100000004,4115.628600000008,4091.5691000000006,4113.749500000003,5182059,20158105738.089993,SZ399006
2026-07-03 13:10:00,4113.2275000000045,4113.716600000009,4097.0745000000015,4097.0745000000015,4060154,14327521562.129997,SZ399006
2026-07-03 13:15:00,4096.814400000005,4101.481200000008,4083.1485000000007,4084.718400000002,4278146,14251948669.049994,SZ399006
2026-07-03 13:20:00,4083.722800000005,4093.789400000008,4077.022700000002,4078.338100000002,4728364,14474126001.159994,SZ399006
2026-07-03 13:25:00,4077.863000000005,4077.863000000008,4060.523500000001,4064.8526,4033574,13461540415.419996,SZ399006
2026-07-03 13:30:00,4065.246700000004,4070.833200000007,4060.322600000002,4065.882699999999,3197526,11057578352.699999,SZ399006
2026-07-03 13:35:00,4065.019900000004,4081.983200000006,4063.420800000002,4079.9502999999986,2845517,9792903543.32,SZ399006
2026-07-03 13:40:00,4078.825700000003,4081.2993000000065,4070.078400000002,4070.0783999999967,2345995,8319698081.259999,SZ399006
2026-07-03 13:45:00,4070.432900000003,4084.4186000000063,4070.432900000002,4081.4263999999985,2293502,7885976244.039998,SZ399006
2026-07-03 13:50:00,4080.899300000003,4082.542700000008,4066.0639000000015,4069.8105000000014,2519666,8171956558.059998,SZ399006
2026-07-03 13:55:00,4070.502800000003,4081.0399000000098,4069.8375000000015,4078.6702000000023,2388561,7382028811.219997,SZ399006
2026-07-03 14:00:00,4078.155100000003,4079.221500000011,4074.654500000001,4075.6693000000055,2729708,7939324782.459999,SZ399006
2026-07-03 14:05:00,4073.6079000000022,4076.249800000009,4069.7984000000006,4075.7687000000046,2996380,9101713383.92,SZ399006
2026-07-03 14:10:00,4076.089400000003,4084.0637000000097,4068.2049,4069.336200000003,3206685,9267774295.360003,SZ399006
2026-07-03 14:15:00,4068.841200000003,4068.84120000001,4053.6494,4053.649400000004,2829899,9735093393.720003,SZ399006
2026-07-03 14:20:00,4053.548800000003,4059.5057000000097,4052.774900000001,4058.029500000004,2513167,8484748831.630003,SZ399006
2026-07-03 14:25:00,4057.550700000002,4058.10170000001,4043.465300000002,4043.844000000006,3408725,10445745291.500008,SZ399006
2026-07-03 14:30:00,4043.7804000000024,4044.0385000000106,4036.627500000003,4039.7138000000054,3099569,10896215360.900007,SZ399006
2026-07-03 14:35:00,4039.8559000000023,4044.529400000009,4020.557200000002,4020.557200000007,3994912,13668108147.750015,SZ399006
2026-07-03 14:40:00,4020.0156000000025,4036.305200000011,4019.6700000000023,4036.118000000009,3691543,13216925383.400019,SZ399006
2026-07-03 14:45:00,4035.9575000000023,4037.519500000012,4032.175300000002,4036.4486000000097,3667088,11789144861.180021,SZ399006
2026-07-03 14:50:00,4036.6878000000024,4038.786800000012,4028.661500000002,4028.6831000000097,4661555,14406816636.650017,SZ399006
2026-07-03 14:55:00,4028.443300000002,4028.787200000012,4018.8468000000016,4018.8468000000103,6346611,20285172896.70001,SZ399006
2026-07-03 15:00:00,4019.2312000000024,4021.573300000012,4019.2312000000015,4019.9341,6074107,18297182735.04,SZ399006
2026-07-06 09:35:00,4050.876,4050.9105,4002.8244000000022,4002.824400000002,24997405,91973109395.13998,SZ399006
2026-07-06 09:40:00,4000.9575,4012.571700000001,3986.7251000000024,4009.563400000001,15209311,51281587547.96998,SZ399006
2026-07-06 09:45:00,4009.9264,4032.6196,3996.807600000003,4032.2402000000006,11184592,38382351192.91999,SZ399006
2026-07-06 09:50:00,4032.452999999999,4063.282499999999,4030.9530000000022,4058.535800000001,9458958,33460078834.109985,SZ399006
2026-07-06 09:55:00,4058.6777,4063.6308999999983,4041.949600000003,4061.684400000004,8137778,27913848897.86999,SZ399006
2026-07-06 10:00:00,4061.762799999999,4061.7627999999986,4026.331100000003,4027.145500000004,7286561,24917066067.32,SZ399006
2026-07-06 10:05:00,4027.3328999999994,4027.3328999999985,4000.6917000000026,4009.6779000000033,7994093,26539533908.12001,SZ399006
2026-07-06 10:10:00,4008.7569,4024.5163999999986,4004.626100000002,4023.444600000003,5784067,18846915282.34001,SZ399006
2026-07-06 10:15:00,4023.3186,4024.0033999999982,3995.7911000000017,3996.4002000000046,5747097,18174161739.59001,SZ399006
2026-07-06 10:20:00,3996.3067,3998.8553999999986,3974.7417000000023,3974.7417000000055,6291226,20798047025.080013,SZ399006
2026-07-06 10:25:00,3975.5201,3978.744799999998,3958.065100000004,3960.752400000006,5893836,21704569003.600014,SZ399006
2026-07-06 10:30:00,3959.7694,3969.765799999999,3945.800400000004,3945.807400000006,6075794,20335039778.990013,SZ399006
2026-07-06 10:35:00,3945.1768,3950.1998999999983,3923.959900000003,3923.9599000000057,5944879,21723062512.74002,SZ399006
2026-07-06 10:40:00,3923.8543,3954.163199999999,3921.7597000000032,3948.765300000006,5625207,20007552961.20003,SZ399006
2026-07-06 10:45:00,3948.9131,3949.1915999999983,3918.652000000004,3918.6520000000064,4815371,15752345927.590038,SZ399006
2026-07-06 10:50:00,3918.3447,3924.9903999999983,3903.4780000000046,3907.099900000005,4380924,15261107271.600044,SZ399006
2026-07-06 10:55:00,3906.431399999999,3924.591499999997,3904.538400000005,3915.3989000000056,4313082,14863153212.200043,SZ399006
2026-07-06 11:00:00,3914.688999999999,3937.8164999999967,3903.789500000004,3937.249300000002,3582671,12412058641.020042,SZ399006
2026-07-06 11:05:00,3936.628299999999,3949.321899999996,3931.171300000005,3946.908400000001,3225397,11405250110.130045,SZ399006
2026-07-06 11:10:00,3947.719399999999,3967.164899999996,3947.719400000005,3967.1649000000034,3318115,11438167256.290045,SZ399006
2026-07-06 11:15:00,3968.2601999999993,3981.1466999999966,3966.0334000000066,3979.895100000004,2833593,10523335473.06005,SZ399006
2026-07-06 11:20:00,3980.493399999999,3982.1199999999967,3965.204500000006,3978.067200000003,2324623,8813532939.88005,SZ399006
2026-07-06 11:25:00,3978.0557999999983,3990.514599999996,3978.0558000000065,3989.716900000005,2425156,8825869678.470053,SZ399006
2026-07-06 11:30:00,3989.377599999999,4001.058499999997,3977.573400000007,3999.2773000000057,2162414,8483194074.240053,SZ399006
2026-07-06 13:05:00,4002.957699999999,4006.453399999997,3991.9098000000063,4002.065100000008,3662732,14275314949.330053,SZ399006
2026-07-06 13:10:00,4001.956299999999,4005.107299999998,3980.847200000009,3980.8472000000097,2645336,9897692695.940058,SZ399006
2026-07-06 13:15:00,3979.692399999999,3995.792899999998,3975.003400000009,3977.69010000001,2372250,8327109969.78006,SZ399006
2026-07-06 13:20:00,3978.0415,3987.9910999999993,3970.357100000011,3970.357100000009,2186679,7369550633.960059,SZ399006
2026-07-06 13:25:00,3969.7908,3975.4549999999986,3965.3007000000102,3968.052700000007,2301506,7318304487.360059,SZ399006
2026-07-06 13:30:00,3969.2413000000006,3992.2112,3969.2413000000106,3983.714000000007,1988644,7066015202.000056,SZ399006
2026-07-06 13:35:00,3981.0233000000007,3981.0233,3961.404200000012,3963.276900000008,2383787,7246964265.940058,SZ399006
2026-07-06 13:40:00,3963.5368000000008,3975.691,3963.458700000011,3975.30700000001,2036508,6355923636.860056,SZ399006
2026-07-06 13:45:00,3975.739200000001,3993.6677,3975.739200000012,3993.6677000000086,1987718,6665266858.440056,SZ399006
2026-07-06 13:50:00,3994.1682000000014,3995.3997,3983.5267000000104,3988.881200000008,2143858,7064431234.5900545,SZ399006
2026-07-06 13:55:00,3989.805000000001,3994.652199999999,3988.2303000000097,3990.393000000009,1943194,6475739339.330053,SZ399006
2026-07-06 14:00:00,3990.417500000001,3996.1773,3988.362200000011,3989.144500000012,2083669,7185945350.620055,SZ399006
2026-07-06 14:05:00,3988.3207000000007,3988.3207,3972.637300000011,3973.036000000012,2673467,7696640563.270056,SZ399006
2026-07-06 14:10:00,3975.288700000001,3982.2893000000017,3963.753100000011,3963.976200000012,2315933,7345014531.490054,SZ399006
2026-07-06 14:15:00,3964.3036,3971.784300000002,3961.362400000011,3963.1399000000106,2283659,7328413464.150053,SZ399006
2026-07-06 14:20:00,3963.0386,3963.0386000000017,3955.0389000000114,3959.398000000014,2328161,7357211178.100053,SZ399006
2026-07-06 14:25:00,3959.2295,3962.668,3951.059200000011,3952.9609000000137,2809227,8393062958.330054,SZ399006
2026-07-06 14:30:00,3953.822900000001,3953.8229,3946.454400000011,3953.3662000000145,2707199,8553662167.310054,SZ399006
2026-07-06 14:35:00,3953.5030000000006,3964.1274000000008,3950.134400000012,3953.844500000013,3133785,9387658902.610054,SZ399006
2026-07-06 14:40:00,3953.749700000001,3960.729100000001,3943.6926000000126,3943.6926000000135,2878569,9454445737.55005,SZ399006
2026-07-06 14:45:00,3943.635400000001,3944.0727000000006,3937.206500000012,3937.985200000013,3402313,11378442517.620056,SZ399006
2026-07-06 14:50:00,3938.424700000001,3946.8272,3938.424700000012,3944.539500000011,3932062,12556096395.78006,SZ399006
2026-07-06 14:55:00,3944.784800000001,3947.3617,3944.525600000013,3944.525600000013,5174375,15604844002.920057,SZ399006
2026-07-06 15:00:00,3944.372100000001,3948.86,3944.0889000000134,3948.8600000000138,5049760,14837000264.230057,SZ399006
2026-07-07 09:35:00,3931.4388,3948.4753999999994,3915.8317,3935.178000000001,19993052,63090009947.770004,SZ399006
2026-07-07 09:40:00,3933.5391,3961.057899999999,3925.854100000001,3961.057900000001,11681614,35679145717.369995,SZ399006
2026-07-07 09:45:00,3962.9064,3976.114,3961.4630000000006,3967.919100000001,8676215,29866116742.059986,SZ399006
2026-07-07 09:50:00,3967.5743,3974.8544,3955.731,3955.731,8153344,25119174547.79998,SZ399006
2026-07-07 09:55:00,3955.9797,3960.7732999999994,3944.0617,3954.127600000001,7891821,23140412945.489975,SZ399006
2026-07-07 10:00:00,3954.856,3954.856,3937.7922000000017,3947.337700000003,6128104,17863804125.799973,SZ399006
2026-07-07 10:05:00,3946.5216,3956.238,3939.864200000001,3945.988500000003,6319193,18597852890.289974,SZ399006
2026-07-07 10:10:00,3946.258799999999,3955.7895000000008,3936.111100000001,3938.5516000000025,5269523,15731745756.669975,SZ399006
2026-07-07 10:15:00,3937.924699999999,3946.2907,3925.360600000002,3938.6420000000016,5057772,16157766860.10997,SZ399006
2026-07-07 10:20:00,3937.949699999999,3943.2631,3930.317900000002,3933.2898000000014,4261282,12594650579.039972,SZ399006
2026-07-07 10:25:00,3930.617799999999,3934.366400000001,3917.725700000002,3917.7257000000022,3944384,11583601051.429974,SZ399006
2026-07-07 10:30:00,3917.2994,3927.1382,3907.2098000000024,3922.0951000000023,3972706,13175001387.999964,SZ399006
2026-07-07 10:35:00,3918.4826,3927.536599999999,3911.580100000002,3927.536599999999,3942239,11621049682.139963,SZ399006
2026-07-07 10:40:00,3927.588099999999,3940.2467999999985,3927.5881000000018,3939.8258999999985,3401118,11506617419.219961,SZ399006
2026-07-07 10:45:00,3939.4807,3946.427899999999,3934.8673000000017,3943.1964999999977,3078995,10695396807.93996,SZ399006
2026-07-07 10:50:00,3943.0445999999993,3943.0446,3922.1123000000007,3929.493399999997,2699137,8942046076.349958,SZ399006
2026-07-07 10:55:00,3928.6045,3934.2777000000024,3919.8297000000007,3933.560599999998,2435548,7929490910.699961,SZ399006
2026-07-07 11:00:00,3933.9539,3935.397700000002,3921.2920999999983,3921.292099999997,2743715,7747624762.30996,SZ399006
2026-07-07 11:05:00,3921.4596,3931.373200000002,3917.427599999999,3927.294399999996,2947100,9002118131.67996,SZ399006
2026-07-07 11:10:00,3930.0504,3936.0509000000006,3923.6019999999976,3931.1730999999945,2441456,8320745983.329962,SZ399006
2026-07-07 11:15:00,3934.0384,3936.6004000000016,3917.131899999996,3921.234099999992,2303641,7873244044.549961,SZ399006
2026-07-07 11:20:00,3921.1735,3923.3385,3911.702599999996,3917.729199999992,2151140,7396336505.189964,SZ399006
2026-07-07 11:25:00,3917.2493,3917.2493,3908.240099999995,3908.9219999999914,2042985,7319338421.009966,SZ399006
2026-07-07 11:30:00,3908.4599,3921.6636,3906.671199999995,3918.22199999999,2170270,7406306281.689965,SZ399006
2026-07-07 13:05:00,3913.9146,3913.9146,3886.079199999995,3888.677299999991,4253398,15395701386.789963,SZ399006
2026-07-07 13:10:00,3889.5364999999993,3892.5232,3867.8215999999966,3870.102199999994,3299304,11984304305.889967,SZ399006
2026-07-07 13:15:00,3870.206899999999,3881.188199999999,3863.416499999996,3863.663299999994,3365910,11918621621.909973,SZ399006
2026-07-07 13:20:00,3862.689999999999,3877.126699999999,3859.4261999999953,3872.769399999991,3200450,11387741043.329973,SZ399006
2026-07-07 13:25:00,3873.0870999999993,3875.720499999999,3861.8696999999943,3875.7204999999913,3066546,10572126197.429974,SZ399006
2026-07-07 13:30:00,3876.013899999999,3911.427999999999,3876.013899999995,3909.539899999992,2467691,9907181692.819971,SZ399006
2026-07-07 13:35:00,3910.2786,3925.216899999999,3910.278599999995,3921.02509999999,2686638,11549932171.089966,SZ399006
2026-07-07 13:40:00,3919.2903,3929.9359,3912.390899999995,3919.191699999988,2348970,9576249308.469967,SZ399006
2026-07-07 13:45:00,3918.318799999999,3933.073899999998,3917.663999999995,3933.073899999986,1988259,8200440140.969965,SZ399006
2026-07-07 13:50:00,3933.541499999999,3940.150699999998,3924.0327999999954,3927.180099999986,2815143,11145526058.899963,SZ399006
2026-07-07 13:55:00,3927.209499999999,3936.313199999998,3921.483199999996,3930.5101999999856,2068932,7885924084.039965,SZ399006
2026-07-07 14:00:00,3930.944499999999,3933.4465999999975,3916.4475999999954,3916.470899999984,1953810,7032960730.009964,SZ399006
2026-07-07 14:05:00,3916.2527999999993,3923.791699999996,3909.4231999999943,3909.507299999986,2368380,7550096058.709967,SZ399006
2026-07-07 14:10:00,3909.420399999999,3909.420399999996,3895.744199999995,3895.932299999989,2549593,7729671808.509967,SZ399006
2026-07-07 14:15:00,3895.63,3898.9047999999966,3887.870299999995,3895.073499999989,2591279,7988279825.669967,SZ399006
2026-07-07 14:20:00,3894.9146,3903.033299999997,3889.189999999995,3896.619099999988,2399806,7538229191.899963,SZ399006
2026-07-07 14:25:00,3896.9119,3897.232899999997,3888.8285999999966,3889.3014999999905,2054666,6618327152.429968,SZ399006
2026-07-07 14:30:00,3889.762,3899.978499999997,3886.942599999996,3899.978499999991,2462266,7398208463.849966,SZ399006
2026-07-07 14:35:00,3899.9791,3908.582599999996,3895.589599999996,3901.05549999999,2936427,8871721273.699968,SZ399006
2026-07-07 14:40:00,3900.6763,3921.201199999996,3900.676299999996,3919.960899999988,2580709,8491893380.909973,SZ399006
2026-07-07 14:45:00,3920.1869,3920.692199999996,3911.864199999995,3913.967999999987,2913902,9230250274.829971,SZ399006
2026-07-07 14:50:00,3913.0831,3916.5114999999983,3904.841199999996,3916.1732999999895,3784241,11600130406.649971,SZ399006
2026-07-07 14:55:00,3916.0735,3916.6423999999984,3906.943999999996,3908.749999999991,4801043,14285026545.18997,SZ399006
2026-07-07 15:00:00,3908.736300000001,3912.0689999999986,3908.736299999997,3911.907499999992,4699747,13831985261.709965,SZ399006
2026-07-08 09:35:00,3932.4198,3942.4431,3909.5969,3910.8502,18617788,60395271654.85002,SZ399006
2026-07-08 09:40:00,3912.3328,3912.3328000000006,3893.9511000000007,3898.3006999999984,12343790,35742673707.66002,SZ399006
2026-07-08 09:45:00,3898.210399999999,3902.698700000001,3878.0246,3880.5007,12071636,34183560874.760014,SZ399006
2026-07-08 09:50:00,3881.1572,3911.574400000001,3878.2006,3886.5472,10178174,31465549092.110004,SZ399006
2026-07-08 09:55:00,3887.1544,3888.499200000001,3855.9488,3879.614200000002,10076614,31094431396.77001,SZ399006
2026-07-08 10:00:00,3879.4884,3879.4884000000025,3845.070099999998,3855.7530000000015,8332256,26425111245.89002,SZ399006
2026-07-08 10:05:00,3853.7286,3855.1061000000022,3824.773099999999,3824.7731000000017,8062308,27418326050.590004,SZ399006
2026-07-08 10:10:00,3824.3295,3860.055900000003,3824.329499999999,3859.6133000000023,6244691,19591497083.320015,SZ399006
2026-07-08 10:15:00,3858.4486,3858.5259000000024,3837.444899999999,3847.999300000002,5166367,15833067659.950027,SZ399006
2026-07-08 10:20:00,3848.3432,3888.092800000002,3848.3431999999993,3888.0928000000017,4476839,15254244392.980026,SZ399006
2026-07-08 10:25:00,3889.1212,3894.659700000002,3876.2192999999993,3878.073800000003,3649982,13947756755.730026,SZ399006
2026-07-08 10:30:00,3878.2464999999993,3906.716,3870.561099999999,3906.716000000004,3322110,10838034100.430027,SZ399006
2026-07-08 10:35:00,3907.366399999999,3920.6104999999993,3902.011699999998,3915.240300000002,3604474,13605872076.690031,SZ399006
2026-07-08 10:40:00,3917.204399999999,3924.2903999999994,3914.9809999999984,3924.2904000000017,2804471,11467883892.36003,SZ399006
2026-07-08 10:45:00,3923.9951999999994,3927.4611,3914.807299999999,3924.8239000000026,2712262,10192227550.150028,SZ399006
2026-07-08 10:50:00,3923.8096,3928.164000000001,3904.648599999999,3907.108200000003,2837144,10498456128.350025,SZ399006
2026-07-08 10:55:00,3907.458799999999,3917.7235000000014,3900.0806999999986,3906.102300000002,2178508,8343924096.390028,SZ399006
2026-07-08 11:00:00,3906.175399999999,3906.175400000001,3892.032699999998,3895.3517000000006,1847539,7181920937.870029,SZ399006
2026-07-08 11:05:00,3895.1610999999994,3910.6036,3895.0999999999985,3903.1462000000015,2127419,7599415161.860028,SZ399006
2026-07-08 11:10:00,3904.0771999999993,3920.8376000000026,3896.7098999999985,3920.8376000000026,1953315,7178265493.920027,SZ399006
2026-07-08 11:15:00,3919.5586,3937.5769000000023,3919.5585999999985,3935.6059000000023,2097103,8851168584.100023,SZ399006
2026-07-08 11:20:00,3934.9301,3938.5346000000022,3928.619199999999,3938.1668000000022,2014615,8221961868.460018,SZ399006
2026-07-08 11:25:00,3938.3269,3953.7169000000017,3937.6826999999994,3953.7169000000026,2228652,9262393686.83002,SZ399006
2026-07-08 11:30:00,3953.8152999999993,3965.387900000001,3947.751099999999,3949.043800000001,2725389,10989947092.580025,SZ399006
2026-07-08 13:05:00,3925.5007999999993,3925.5008000000007,3890.9516999999983,3921.574600000001,5514028,21386585964.18003,SZ399006
2026-07-08 13:10:00,3922.2599999999993,3933.1283,3912.549799999999,3916.613599999999,2631458,9974888737.150034,SZ399006
2026-07-08 13:15:00,3916.604699999999,3920.8508,3910.2895999999982,3917.908300000001,2544329,8116770137.460035,SZ399006
2026-07-08 13:20:00,3917.435199999999,3917.4352,3910.8707999999992,3915.34,2412238,7543240412.9700365,SZ399006
2026-07-08 13:25:00,3914.449199999999,3914.8116,3905.780899999999,3907.4043,2026415,6803139151.440037,SZ399006
2026-07-08 13:30:00,3907.4107999999983,3907.4108,3895.5637999999976,3897.0433,2245795,7394349907.940039,SZ399006
2026-07-08 13:35:00,3896.9540999999986,3897.1765,3882.9996999999985,3893.4246000000026,2704005,8520472702.500042,SZ399006
2026-07-08 13:40:00,3893.431599999998,3895.5827,3884.4458999999974,3889.6361000000015,2091816,6901841538.47004,SZ399006
2026-07-08 13:45:00,3889.5605999999984,3889.560600000001,3880.119799999998,3882.742800000001,2195688,7126732277.770038,SZ399006
2026-07-08 13:50:00,3882.985299999999,3885.6857999999993,3873.918699999997,3874.192599999999,2194997,7159926870.620035,SZ399006
2026-07-08 13:55:00,3874.347999999999,3897.2080999999985,3874.347999999997,3897.208099999999,2205272,6859755790.540035,SZ399006
2026-07-08 14:00:00,3897.2544,3904.665999999998,3896.214199999996,3897.3317999999967,2119101,6200145417.680034,SZ399006
2026-07-08 14:05:00,3896.2965,3898.4245999999976,3886.862899999996,3892.845499999998,2149398,6513963350.880031,SZ399006
2026-07-08 14:10:00,3892.2464,3893.0690999999974,3885.783999999997,3885.7839999999974,1776198,5489856753.940031,SZ399006
2026-07-08 14:15:00,3885.4759,3885.4758999999967,3873.6708999999983,3877.906699999999,2139153,7225684030.480028,SZ399006
2026-07-08 14:20:00,3878.241200000001,3883.948299999995,3876.916699999998,3883.948299999998,2336148,6689256249.200028,SZ399006
2026-07-08 14:25:00,3884.0456,3886.586599999995,3878.038699999998,3885.2924999999977,2274423,6675197334.520026,SZ399006
2026-07-08 14:30:00,3884.931700000001,3884.931699999995,3869.821699999998,3872.2611999999986,2137288,7179916439.780027,SZ399006
2026-07-08 14:35:00,3874.8896,3879.625199999995,3867.4969999999985,3869.037799999999,2471243,8350582660.940026,SZ399006
2026-07-08 14:40:00,3868.8536,3876.007099999996,3868.437799999998,3868.437799999998,2645464,8229936972.870027,SZ399006
2026-07-08 14:45:00,3867.9381000000008,3867.968599999996,3859.978399999997,3860.735699999998,3487184,12028558735.730026,SZ399006
2026-07-08 14:50:00,3861.0653000000007,3863.253199999997,3847.535299999998,3849.6693999999984,4522200,14468004728.430027,SZ399006
2026-07-08 14:55:00,3849.881300000001,3854.145699999997,3845.6882999999984,3845.6882999999966,5436498,16897988899.820034,SZ399006
2026-07-08 15:00:00,3845.4475,3846.036499999998,3844.1976999999983,3845.351299999996,5258484,15832744457.330036,SZ399006
2026-07-09 09:35:00,3892.1234,3902.9615,3888.845,3890.5728999999983,21091190,67660109921.31002,SZ399006
2026-07-09 09:40:00,3889.2395,3915.756299999998,3885.812199999999,3910.876399999995,10572782,34092929260.050037,SZ399006
2026-07-09 09:45:00,3910.6101,3913.5979999999986,3891.3229999999976,3891.706499999993,9129487,28204353059.220043,SZ399006
2026-07-09 09:50:00,3892.719000000001,3895.505599999999,3866.659699999998,3866.659699999994,8517910,27881886500.230034,SZ399006
2026-07-09 09:55:00,3865.127,3881.243499999998,3860.9857999999967,3874.9432999999913,8566584,26049907309.300037,SZ399006
2026-07-09 10:00:00,3874.6793,3874.679299999999,3853.574899999997,3856.09159999999,7985577,23521765788.140034,SZ399006
2026-07-09 10:05:00,3855.392300000001,3860.8757999999984,3843.3042999999952,3856.7272999999886,6692622,19878714984.310036,SZ399006
2026-07-09 10:10:00,3855.6955000000007,3873.200699999998,3848.176499999995,3870.634999999989,5023796,15075006450.430033,SZ399006
2026-07-09 10:15:00,3869.8374000000017,3880.704599999998,3867.939799999996,3872.652299999988,4091846,13544119493.950033,SZ399006
2026-07-09 10:20:00,3869.147400000001,3877.551199999998,3864.389199999995,3876.526499999988,3801495,11528669979.50003,SZ399006
2026-07-09 10:25:00,3876.2034000000017,3882.727399999999,3862.187499999997,3865.717099999989,3727119,11292610942.930027,SZ399006
2026-07-09 10:30:00,3866.2037000000014,3869.6109,3853.904299999997,3855.878899999992,4002970,10657305620.250027,SZ399006
2026-07-09 10:35:00,3856.117000000001,3857.871399999999,3844.822899999998,3845.6876999999904,4602306,11401217913.310024,SZ399006
2026-07-09 10:40:00,3845.424900000002,3845.424899999999,3835.198499999997,3840.986599999991,4270958,12709460136.67002,SZ399006
2026-07-09 10:45:00,3841.1099000000017,3851.826999999999,3834.860599999997,3843.1903999999913,3951842,10912887074.550018,SZ399006
2026-07-09 10:50:00,3843.101100000002,3843.101099999999,3827.005699999997,3827.005699999991,3818829,10914955795.910013,SZ399006
2026-07-09 10:55:00,3826.6349000000023,3839.1729000000014,3822.682999999996,3839.172899999991,3675484,11357340882.870012,SZ399006
2026-07-09 11:00:00,3838.234000000002,3841.883300000002,3826.0686999999966,3827.166099999992,3330507,8298818662.280013,SZ399006
2026-07-09 11:05:00,3827.139200000003,3833.844800000002,3822.696199999996,3828.518199999992,3502869,9361466358.810015,SZ399006
2026-07-09 11:10:00,3828.805700000003,3836.9655000000025,3818.009099999996,3836.965499999991,3056117,9275491918.030018,SZ399006
2026-07-09 11:15:00,3837.440600000003,3838.3774000000026,3814.5052999999975,3818.8304999999937,3027702,8949064923.520016,SZ399006
2026-07-09 11:20:00,3820.3344000000034,3825.7043000000026,3812.655199999998,3816.2626999999943,2803288,8429559752.610013,SZ399006
2026-07-09 11:25:00,3815.625900000003,3840.9978000000033,3812.938099999998,3840.648199999995,2601215,8178500097.560015,SZ399006
2026-07-09 11:30:00,3840.662800000004,3856.859300000004,3840.1316999999976,3850.208099999995,2116894,8514946515.370015,SZ399006
2026-07-09 13:05:00,3853.104100000004,3869.7308000000057,3853.1040999999977,3867.012899999997,3454347,13887227242.820017,SZ399006
2026-07-09 13:10:00,3865.413000000003,3892.901400000006,3864.050799999996,3892.838799999997,2664645,11877228670.450016,SZ399006
2026-07-09 13:15:00,3893.637500000004,3907.3169000000066,3893.6374999999966,3903.734099999997,3038634,13813265199.90002,SZ399006
2026-07-09 13:20:00,3902.689800000004,3903.446200000008,3885.3389999999954,3890.760299999997,2916493,12008545421.40003,SZ399006
2026-07-09 13:25:00,3891.265000000004,3896.5348000000095,3886.9481999999953,3896.5115999999944,2305190,9624521735.860031,SZ399006
2026-07-09 13:30:00,3896.638700000004,3918.2986000000096,3894.6912999999954,3910.414199999996,2755160,12588807970.210026,SZ399006
2026-07-09 13:35:00,3910.506400000004,3911.0005000000097,3891.895299999996,3904.344199999993,2403256,10985718250.690025,SZ399006
2026-07-09 13:40:00,3906.371700000004,3927.901200000007,3906.231699999996,3927.901199999993,2605469,10876423663.000023,SZ399006
2026-07-09 13:45:00,3928.014600000004,3947.043500000008,3928.014599999996,3947.043499999994,3163383,14908695691.520023,SZ399006
2026-07-09 13:50:00,3947.435700000004,3961.844000000007,3947.435699999997,3961.3392999999937,3373432,14837531275.420021,SZ399006
2026-07-09 13:55:00,3961.793200000004,3979.836100000008,3961.715199999995,3975.5944999999942,3622279,15756281585.050028,SZ399006
2026-07-09 14:00:00,3973.984900000003,3990.352600000007,3973.984899999996,3990.3525999999943,3374561,13439618280.730034,SZ399006
2026-07-09 14:05:00,3990.908700000003,3994.569700000008,3978.580599999997,3987.413699999994,3976771,14284928727.29004,SZ399006
2026-07-09 14:10:00,3987.796000000003,3999.011800000007,3985.884999999997,3999.011799999992,3174958,12193621318.640034,SZ399006
2026-07-09 14:15:00,3999.457300000004,4005.853800000007,3995.508799999997,4005.8537999999926,3441926,12784753463.01004,SZ399006
2026-07-09 14:20:00,4005.975100000004,4008.897800000007,3983.8737999999967,3983.9356999999936,3662948,14009730040.960041,SZ399006
2026-07-09 14:25:00,3984.916300000003,3994.795500000008,3984.874699999996,3993.554899999994,2816672,11112927522.890043,SZ399006
2026-07-09 14:30:00,3993.602000000003,4002.702100000008,3993.601999999996,4001.8986999999943,2599132,9529864018.03004,SZ399006
2026-07-09 14:35:00,4003.4506000000033,4004.482100000008,4000.0659999999953,4004.381299999995,3239327,10910661665.90004,SZ399006
2026-07-09 14:40:00,4004.625900000003,4013.749500000009,4004.625899999995,4013.749499999994,3533628,12062746784.090042,SZ399006
2026-07-09 14:45:00,4013.793300000003,4022.741300000008,4012.274799999995,4022.7412999999938,4189560,13966483896.240038,SZ399006
2026-07-09 14:50:00,4023.010000000004,4025.316000000008,4022.104199999995,4024.8876999999966,4912481,16082039368.580036,SZ399006
2026-07-09 14:55:00,4024.629700000004,4024.6297000000086,4014.6707999999953,4018.1529999999975,6436558,20087546025.510033,SZ399006
2026-07-09 15:00:00,4018.449700000004,4020.851800000009,4017.838999999996,4018.174399999999,5372074,17231309815.04003,SZ399006
2026-07-10 09:35:00,4041.8593,4048.4052,4026.656700000001,4027.841500000002,23140067,88213447266.73997,SZ399006
2026-07-10 09:40:00,4026.5208,4046.6455,4016.3792,4045.948599999999,12550154,47186937931.719986,SZ399006
2026-07-10 09:45:00,4047.2488,4055.4385,4036.2989000000007,4048.323399999999,10666130,41691669691.239975,SZ399006
2026-07-10 09:50:00,4047.8049,4053.604100000001,4029.620499999999,4046.9249999999984,10016095,34932756637.45998,SZ399006
2026-07-10 09:55:00,4046.7474,4060.5332000000008,4044.4065,4054.989099999999,8412440,30057750909.349983,SZ399006
2026-07-10 10:00:00,4055.1637,4055.163700000001,4016.9209999999994,4017.0151999999994,9058274,31464072188.499992,SZ399006
2026-07-10 10:05:00,4018.5534000000007,4026.780000000001,4005.803500000001,4008.1028999999994,11125362,35178593361.35999,SZ399006
2026-07-10 10:10:00,4008.1019,4024.8119000000006,4008.1019,4017.765299999998,10491954,28792329824.079983,SZ399006
2026-07-10 10:15:00,4018.8869,4020.1262,3998.375499999999,4016.084799999997,9909592,27376243596.929977,SZ399006
2026-07-10 10:20:00,4016.5477,4027.237200000001,4015.8573999999985,4022.130499999995,7793868,20140767412.569984,SZ399006
2026-07-10 10:25:00,4023.1347,4023.134700000001,4011.0768999999977,4013.541399999994,5768406,15947457606.69998,SZ399006
2026-07-10 10:30:00,4013.5244,4028.723600000002,4010.7060999999985,4018.233299999994,4943028,15154858849.829975,SZ399006
2026-07-10 10:35:00,4017.1023999999993,4020.247400000002,3987.9917999999993,3995.499199999993,5335915,17603289894.89998,SZ399006
2026-07-10 10:40:00,3995.986699999999,3996.874500000002,3983.313799999999,3994.795599999993,4556603,14494289306.949976,SZ399006
2026-07-10 10:45:00,3995.320299999999,4001.0949000000014,3990.8127999999992,3991.8260999999943,4098033,12933223771.609974,SZ399006
2026-07-10 10:50:00,3991.586299999999,3991.5863000000018,3980.691400000001,3989.459599999994,3876875,13101176550.839981,SZ399006
2026-07-10 10:55:00,3989.8732,3999.8139999999994,3988.2245000000007,3992.4787999999953,3270298,9775476955.859982,SZ399006
2026-07-10 11:00:00,3992.5943,4011.8631,3985.363900000001,4003.890799999997,3167561,10290233847.349983,SZ399006
2026-07-10 11:05:00,4004.775599999999,4004.7756,3986.524700000001,3986.706899999995,2862974,8955042391.199984,SZ399006
2026-07-10 11:10:00,3987.4636999999993,3999.0174,3985.097700000001,3998.8483999999953,2561428,8173631183.029989,SZ399006
2026-07-10 11:15:00,3998.764699999999,4004.2633,3991.7604000000015,3992.067499999995,2767145,8125789610.169991,SZ399006
2026-07-10 11:20:00,3992.606499999999,4000.9121,3992.6065000000017,3996.5119999999943,2143544,6729626784.709986,SZ399006
2026-07-10 11:25:00,3995.974999999999,3998.6091999999994,3985.839800000002,3985.8397999999943,2624850,7642329624.7899885,SZ399006
2026-07-10 11:30:00,3985.389099999999,3991.981299999999,3978.0285000000017,3991.976099999996,2633273,9526794571.339987,SZ399006
2026-07-10 13:05:00,3991.8284999999983,3991.828499999999,3967.578000000002,3967.577999999996,8112168,26466929314.969994,SZ399006
2026-07-10 13:10:00,3967.652999999999,3979.9930999999983,3965.623400000002,3978.8070999999936,4077292,13863961279.779995,SZ399006
2026-07-10 13:15:00,3979.025999999999,3991.9269999999983,3979.0260000000017,3985.064999999993,3691390,11205908681.249998,SZ399006
2026-07-10 13:20:00,3984.390599999999,3994.2630999999983,3982.641100000001,3990.819799999992,3631064,11274003176.539995,SZ399006
2026-07-10 13:25:00,3990.859699999999,3992.0737999999983,3983.2616000000007,3987.507599999992,3904548,11770825356.959995,SZ399006
2026-07-10 13:30:00,3987.0713999999994,3987.344,3980.1665,3986.646099999992,3634173,11965469484.279993,SZ399006
2026-07-10 13:35:00,3986.2986,3986.5702,3969.6393,3969.639299999992,3563629,11119323006.789995,SZ399006
2026-07-10 13:40:00,3969.193800000001,3970.315000000001,3953.157599999998,3953.157599999993,4199402,12850308198.289997,SZ399006
2026-07-10 13:45:00,3952.047600000001,3959.2547,3944.6462999999967,3945.146999999992,3710332,11525100034.969995,SZ399006
2026-07-10 13:50:00,3944.829800000001,3944.8298,3933.6806999999976,3937.251299999993,4058985,13416527785.729994,SZ399006
2026-07-10 13:55:00,3937.352400000001,3946.5543000000007,3934.860999999997,3942.997199999993,2685519,9289645516.999992,SZ399006
2026-07-10 14:00:00,3943.277200000001,3943.2772,3921.128499999998,3921.128499999992,2893290,10010315282.579992,SZ399006
2026-07-10 14:05:00,3920.623900000001,3921.8752,3909.107999999997,3919.0550999999937,3572743,12621501202.599995,SZ399006
2026-07-10 14:10:00,3919.379100000001,3919.379100000001,3892.166399999999,3894.4754999999946,3372933,12914869272.409988,SZ399006
2026-07-10 14:15:00,3893.9732,3906.2716999999993,3891.2979999999984,3894.7070999999937,2919297,11209938078.82999,SZ399006
2026-07-10 14:20:00,3895.6196,3915.554399999999,3895.6195999999986,3915.554399999993,2601781,9582155339.959988,SZ399006
2026-07-10 14:25:00,3915.4244,3915.424399999999,3896.4557999999975,3898.675299999994,2253318,8643522854.219988,SZ399006
2026-07-10 14:30:00,3898.3055,3898.305499999999,3882.763799999997,3882.763799999993,2492725,9938124697.239983,SZ399006
2026-07-10 14:35:00,3881.8927,3886.3802,3870.908699999998,3879.657899999995,3716518,13668753041.889988,SZ399006
2026-07-10 14:40:00,3880.3668,3881.2345,3868.5290999999984,3872.4054999999967,3050948,11609654245.269989,SZ399006
2026-07-10 14:45:00,3871.233,3871.2329999999993,3855.3639999999978,3855.827599999996,4388287,15882306157.069992,SZ399006
2026-07-10 14:50:00,3855.6536,3870.618,3851.1639999999984,3851.532299999997,4695734,16002334754.799994,SZ399006
2026-07-10 14:55:00,3851.561,3854.097399999999,3846.567799999997,3846.5677999999953,5888278,19681789524.159992,SZ399006
2026-07-10 15:00:00,3846.236100000001,3846.236099999999,3842.3474999999976,3842.7314,5817529,18395651261.80999,SZ399006
2026-07-13 09:35:00,3809.8585,3855.7535,3809.7806,3854.9435,26530237,82826421368.46,SZ399006
2026-07-13 09:40:00,3853.5953,3853.9227,3821.928300000001,3826.7677000000017,15326064,47525578846.71002,SZ399006
2026-07-13 09:45:00,3825.451700000001,3842.5863,3811.5365,3842.5863000000018,11962670,34448014240.19002,SZ399006
2026-07-13 09:50:00,3843.1626,3846.0532,3803.490700000001,3805.759500000002,9513238,28751472590.680023,SZ399006
2026-07-13 09:55:00,3805.61,3814.1412,3793.2784000000015,3795.8611000000055,8861780,26582964327.770027,SZ399006
2026-07-13 10:00:00,3795.9349,3796.9866000000006,3777.361200000003,3777.361200000006,7926228,23443639808.810017,SZ399006
2026-07-13 10:05:00,3776.3464,3797.1788000000006,3764.204900000004,3793.268100000006,8586338,25071770018.91001,SZ399006
2026-07-13 10:10:00,3793.47,3801.171300000002,3776.468300000005,3792.869800000008,5885985,17253317145.120014,SZ399006
2026-07-13 10:15:00,3791.8193,3817.3825000000006,3791.726800000005,3816.5863000000063,4719501,14704291719.890017,SZ399006
2026-07-13 10:20:00,3816.9121,3818.8793,3799.213600000004,3799.322000000006,4634972,13464397287.480015,SZ399006
2026-07-13 10:25:00,3798.8475,3816.055,3795.0317000000023,3816.0550000000057,4256397,12710446054.500013,SZ399006
2026-07-13 10:30:00,3816.5161,3826.271199999999,3804.8585000000026,3824.648500000006,3595508,10882621950.08001,SZ399006
2026-07-13 10:35:00,3823.9207,3832.561199999999,3814.2686000000017,3815.223400000006,4122121,11415461580.980007,SZ399006
2026-07-13 10:40:00,3816.1219999999994,3823.3008999999993,3794.320800000002,3794.320800000005,4273676,11823049003.600006,SZ399006
2026-07-13 10:45:00,3793.8937,3798.2647,3783.9107000000017,3784.7776000000063,3684549,11102983912.160006,SZ399006
2026-07-13 10:50:00,3783.8054,3796.2434,3783.4985000000006,3785.5283000000054,3147027,9463534456.010008,SZ399006
2026-07-13 10:55:00,3785.1829,3792.309799999999,3780.9016000000006,3789.6736000000064,2675533,7989798021.410009,SZ399006
2026-07-13 11:00:00,3790.8877,3793.5605,3780.005500000002,3783.0376000000074,2467804,7143217845.320009,SZ399006
2026-07-13 11:05:00,3783.257200000001,3783.8788,3764.4057000000025,3764.6757000000066,2889720,8942083859.540009,SZ399006
2026-07-13 11:10:00,3764.2398,3766.0475000000006,3754.932000000002,3755.9070000000056,3053589,11172989331.470009,SZ399006
2026-07-13 11:15:00,3756.0289,3757.461800000001,3743.624500000002,3748.4444000000058,3139341,11839412170.470013,SZ399006
2026-07-13 11:20:00,3746.9997000000008,3767.966800000001,3746.999700000002,3759.849300000006,2650458,8738166554.140017,SZ399006
2026-07-13 11:25:00,3759.0988,3763.9791,3748.366200000001,3757.483500000005,2406163,7999572792.490014,SZ399006
2026-07-13 11:30:00,3758.2324,3760.2821,3748.7857,3751.3286000000057,2133508,7273215087.400014,SZ399006
2026-07-13 13:05:00,3747.6609,3750.2311999999993,3726.3694,3749.447600000007,4314791,15770668616.000017,SZ399006
2026-07-13 13:10:00,3748.397,3757.2699,3737.9792,3745.277800000007,2721888,9205065302.04002,SZ399006
2026-07-13 13:15:00,3744.8699000000006,3754.129900000001,3737.248199999999,3737.410300000006,2527789,8192177957.990018,SZ399006
2026-07-13 13:20:00,3737.344,3740.3802000000014,3722.563199999999,3728.511200000006,3951382,11814747423.940018,SZ399006
2026-07-13 13:25:00,3728.6528,3729.3720000000017,3708.9387,3710.532100000006,3340321,11565679412.620022,SZ399006
2026-07-13 13:30:00,3710.5543000000007,3722.784800000002,3709.9574,3717.948400000007,3234468,10388944960.310024,SZ399006
2026-07-13 13:35:00,3719.2449000000015,3769.992100000002,3719.2449000000006,3769.490400000008,3629748,11590823019.41003,SZ399006
2026-07-13 13:40:00,3769.7594000000017,3780.9027000000033,3756.9424,3774.8448000000094,3203048,11065124450.800035,SZ399006
2026-07-13 13:45:00,3773.180900000001,3781.349800000003,3758.7075,3763.6044000000097,2635044,8326874262.370032,SZ399006
2026-07-13 13:50:00,3763.470500000001,3764.336000000003,3740.4767000000006,3743.6449000000102,2641970,7316000773.710032,SZ399006
2026-07-13 13:55:00,3745.076600000001,3772.298400000001,3745.076600000001,3759.0297000000087,2157544,7197395624.190033,SZ399006
2026-07-13 14:00:00,3759.1548000000007,3761.2857,3745.890800000001,3752.541400000008,2241165,6760820485.910032,SZ399006
2026-07-13 14:05:00,3751.702,3753.601,3745.1400000000017,3750.852000000009,2218683,6537574178.220033,SZ399006
2026-07-13 14:10:00,3750.956,3751.437499999999,3727.105900000001,3728.569800000006,2889211,8210205390.650031,SZ399006
2026-07-13 14:15:00,3728.9598,3734.4378,3720.155500000002,3720.667500000008,2579138,8035164721.070031,SZ399006
2026-07-13 14:20:00,3720.3618,3729.6577,3719.936700000002,3721.8758000000057,2675382,8273322649.210031,SZ399006
2026-07-13 14:25:00,3721.3736,3722.590800000001,3708.501,3709.5176000000056,2478519,8054919358.90003,SZ399006
2026-07-13 14:30:00,3709.7449,3718.7827000000016,3708.2889999999993,3713.480300000004,2765150,8908472920.070028,SZ399006
2026-07-13 14:35:00,3712.4442,3712.4442000000017,3691.232499999997,3702.158900000003,4160822,12693374470.840027,SZ399006
2026-07-13 14:40:00,3702.4064000000008,3723.783,3702.4063999999967,3710.376800000005,3377838,10368031247.560024,SZ399006
2026-07-13 14:45:00,3709.5170000000007,3716.375800000001,3698.930999999995,3715.414300000003,3754095,11397179576.260021,SZ399006
2026-07-13 14:50:00,3715.1366000000007,3740.8552000000022,3715.1365999999953,3736.9121000000064,4356583,13390744396.890022,SZ399006
2026-07-13 14:55:00,3736.405300000001,3736.405300000002,3714.030599999996,3714.047200000007,5197068,14652563040.960018,SZ399006
2026-07-13 15:00:00,3714.0256,3723.516600000002,3714.025599999996,3723.5166000000063,5038254,14056948296.050014,SZ399006
2026-07-14 09:35:00,3729.6129,3751.9418,3704.9356000000007,3704.9356,19233676,55953244132.61001,SZ399006
2026-07-14 09:40:00,3707.891399999999,3738.5603999999985,3707.891400000001,3708.7802,12094112,32483311959.180016,SZ399006
2026-07-14 09:45:00,3704.9486,3719.3813999999984,3690.9546000000014,3716.971500000001,11437459,29874976464.670017,SZ399006
2026-07-14 09:50:00,3717.6765,3719.6257999999984,3696.1407000000017,3716.6857,8401243,23401791552.680016,SZ399006
2026-07-14 09:55:00,3717.110599999999,3761.9322999999977,3716.3515000000016,3759.978200000002,7370378,23227474258.60002,SZ399006
2026-07-14 10:00:00,3760.2763999999993,3760.776799999998,3741.436400000002,3746.390500000004,5153354,17313104884.380028,SZ399006
2026-07-14 10:05:00,3744.9303999999993,3756.967399999998,3740.466800000002,3756.541000000004,4547443,15124016245.220036,SZ399006
2026-07-14 10:10:00,3756.1528,3759.0070999999984,3743.189600000001,3744.7601000000022,4654904,14898485567.570038,SZ399006
2026-07-14 10:15:00,3743.8638,3762.9778,3738.8420000000015,3762.977800000003,4281243,14303360894.340038,SZ399006
2026-07-14 10:20:00,3763.7381999999993,3784.8387,3759.2607000000007,3784.772100000003,4009024,14544840668.210037,SZ399006
2026-07-14 10:25:00,3785.6509999999994,3796.4543,3771.320400000002,3774.2542000000058,4044266,15437327965.830038,SZ399006
2026-07-14 10:30:00,3774.3833999999993,3774.3834000000006,3756.6815000000006,3764.646600000006,3461900,12092254598.510046,SZ399006
2026-07-14 10:35:00,3764.586999999999,3780.6496000000016,3755.7384,3755.7384000000056,2776845,9776353273.810047,SZ399006
2026-07-14 10:40:00,3754.709099999999,3754.709100000002,3739.903399999999,3748.795200000005,3088812,10630340849.130047,SZ399006
2026-07-14 10:45:00,3749.0126,3757.6013000000016,3742.059499999999,3742.334000000005,2658652,8374651401.130046,SZ399006
2026-07-14 10:50:00,3743.5329,3746.5896000000016,3719.634999999997,3719.6626000000015,3771718,12014832845.980043,SZ399006
2026-07-14 10:55:00,3719.126999999999,3736.579000000002,3715.910899999998,3725.961200000002,3377670,10838337157.540043,SZ399006
2026-07-14 11:00:00,3724.965099999999,3731.5874000000017,3710.4267999999984,3712.596700000004,2623264,9463783484.450043,SZ399006
2026-07-14 11:05:00,3713.323299999999,3724.3373000000015,3710.5868999999975,3712.094500000001,2523326,8039442294.28004,SZ399006
2026-07-14 11:10:00,3712.329199999999,3716.2522000000017,3694.971199999998,3698.1724000000017,2772118,10250531616.040037,SZ399006
2026-07-14 11:15:00,3698.8561999999993,3699.0502000000015,3678.4448999999986,3691.6851000000033,3596697,11690130457.460037,SZ399006
2026-07-14 11:20:00,3691.5875999999994,3704.652500000002,3686.370499999999,3690.768800000005,2559133,8647265323.25004,SZ399006
2026-07-14 11:25:00,3690.763099999999,3690.763100000002,3673.9586,3681.4864000000034,2652647,8518744617.490039,SZ399006
2026-07-14 11:30:00,3681.2450999999983,3713.2871000000023,3680.119599999999,3712.7423000000026,2304706,7414432405.590036,SZ399006
2026-07-14 13:05:00,3737.954199999999,3800.428700000003,3737.954199999999,3800.032800000005,6358378,25988354717.18003,SZ399006
2026-07-14 13:10:00,3800.542899999999,3824.132900000003,3799.417199999999,3823.6221000000046,5013470,18818539696.720028,SZ399006
2026-07-14 13:15:00,3824.268899999998,3838.2365000000023,3814.658399999998,3821.731200000004,4483883,17985048358.10003,SZ399006
2026-07-14 13:20:00,3821.9393999999984,3830.144900000003,3798.179599999999,3799.203900000005,3233763,12591269564.330029,SZ399006
2026-07-14 13:25:00,3801.2361999999985,3828.150200000004,3801.236199999999,3826.556800000006,2721925,10745812666.760027,SZ399006
2026-07-14 13:30:00,3826.772599999999,3835.288300000004,3817.676699999998,3835.032200000006,3389920,12445733485.680025,SZ399006
2026-07-14 13:35:00,3834.9448999999986,3855.0347000000047,3834.944899999998,3840.3948000000064,4312074,16311562625.670021,SZ399006
2026-07-14 13:40:00,3840.491599999999,3847.214400000005,3834.6412999999984,3840.694900000004,2858158,11582343191.610016,SZ399006
2026-07-14 13:45:00,3839.9272999999994,3840.049200000004,3817.977399999998,3833.150500000004,2604915,10117715235.630014,SZ399006
2026-07-14 13:50:00,3831.7008999999994,3831.700900000004,3808.094199999999,3815.518400000005,2372882,8639133323.710018,SZ399006
2026-07-14 13:55:00,3814.8887999999993,3815.222000000004,3793.3395000000014,3805.4126000000065,2502023,8417442248.85002,SZ399006
2026-07-14 14:00:00,3804.8143999999993,3818.047800000005,3804.2594000000017,3809.660900000006,1997803,7154545224.36002,SZ399006
2026-07-14 14:05:00,3809.5567999999994,3819.678300000004,3808.5501,3817.894100000005,2208593,6746131684.210019,SZ399006
2026-07-14 14:10:00,3818.422499999999,3828.865300000005,3816.4132,3817.9195000000022,2003245,6530304538.62002,SZ399006
2026-07-14 14:15:00,3817.418599999999,3832.428000000006,3817.4185999999986,3832.4280000000026,2045649,6020720373.920021,SZ399006
2026-07-14 14:20:00,3830.9476999999993,3830.947700000005,3819.7572999999993,3819.7573000000025,2210828,6746668104.490021,SZ399006
2026-07-14 14:25:00,3818.1794999999993,3818.179500000004,3808.524099999999,3812.995200000003,2309167,6669773273.250019,SZ399006
2026-07-14 14:30:00,3813.3523999999993,3820.6588000000033,3812.5245999999993,3820.658800000004,2389266,6552178738.000019,SZ399006
2026-07-14 14:35:00,3820.576,3841.910800000001,3820.1117,3839.9975000000018,3102800,9503650986.250021,SZ399006
2026-07-14 14:40:00,3839.5207,3847.710200000001,3837.680299999999,3847.4399,2863457,9568465100.580017,SZ399006
2026-07-14 14:45:00,3848.117799999999,3848.4215000000017,3839.1624000000006,3841.9331,3483064,10922196173.680014,SZ399006
2026-07-14 14:50:00,3842.067399999999,3849.645000000003,3841.8952,3848.896200000001,3768060,12009415928.900015,SZ399006
2026-07-14 14:55:00,3848.3375999999994,3848.337600000003,3844.1005000000014,3847.226200000001,4938589,14718602108.260021,SZ399006
2026-07-14 15:00:00,3847.2967,3851.1372000000033,3847.062600000001,3851.1372000000015,5097612,14917338049.790024,SZ399006
2026-07-15 09:35:00,3879.7659,3879.7659,3851.6916999999994,3852.3675,21555496,71637673121.04994,SZ399006
2026-07-15 09:40:00,3853.1022,3854.089300000001,3837.6805,3843.105599999999,13888200,42363451368.83996,SZ399006
2026-07-15 09:45:00,3841.956200000001,3860.570100000001,3815.9363000000008,3859.209,11216849,34211396724.079952,SZ399006
2026-07-15 09:50:00,3856.6943,3882.908300000001,3855.8212,3873.260299999999,9298175,26731218720.469955,SZ399006
2026-07-15 09:55:00,3875.1353,3878.879200000001,3851.6285000000007,3855.2443999999978,7914197,21269640766.849957,SZ399006
2026-07-15 10:00:00,3854.9349000000007,3871.168100000002,3848.0584000000017,3864.216799999996,6530955,17444573027.83996,SZ399006
2026-07-15 10:05:00,3862.619200000001,3882.700700000002,3860.7340000000017,3877.129899999996,6159536,16361120762.299953,SZ399006
2026-07-15 10:10:00,3875.4296,3875.429600000002,3853.2051000000015,3853.205099999997,5284679,15105725244.559954,SZ399006
2026-07-15 10:15:00,3852.6887,3858.7598000000016,3842.5349,3858.7597999999953,5398535,14318760786.429953,SZ399006
2026-07-15 10:20:00,3858.2049,3874.7181000000014,3857.992,3865.8291999999974,3968450,11673441212.559952,SZ399006
2026-07-15 10:25:00,3866.4077,3890.6824000000024,3866.407700000001,3890.6824,3834742,12225029966.65995,SZ399006
2026-07-15 10:30:00,3890.9099999999994,3897.5929000000033,3878.0520000000006,3896.170200000001,3306443,10928767146.539951,SZ399006
2026-07-15 10:35:00,3896.0962,3905.311500000003,3878.545700000002,3887.369900000002,3618682,11871672316.99995,SZ399006
2026-07-15 10:40:00,3886.532,3886.615500000004,3870.4999000000016,3871.492300000003,3611524,10525575164.40995,SZ399006
2026-07-15 10:45:00,3871.4936,3877.244000000004,3861.4833000000026,3866.738300000003,3317083,9514438623.13995,SZ399006
2026-07-15 10:50:00,3867.6012,3877.708700000003,3860.4673000000025,3860.467300000003,2913698,8364700908.129948,SZ399006
2026-07-15 10:55:00,3860.0254,3860.025400000003,3845.6402000000026,3847.5659000000032,3129841,9649793352.98995,SZ399006
2026-07-15 11:00:00,3847.8483,3854.561600000003,3845.577000000002,3846.888600000003,2532630,6990786757.49995,SZ399006
2026-07-15 11:05:00,3846.440199999999,3846.4402000000023,3837.9576000000006,3839.9478,2933607,8304412646.7599535,SZ399006
2026-07-15 11:10:00,3840.2660999999994,3848.9806000000017,3833.804400000002,3848.980600000002,2703127,7791652873.759951,SZ399006
2026-07-15 11:15:00,3848.1084999999994,3855.8012000000017,3841.6575000000016,3855.385500000003,2353238,6437994575.679952,SZ399006
2026-07-15 11:20:00,3855.421499999999,3857.0892000000017,3830.3046000000018,3831.4868000000033,2348586,7044460263.449952,SZ399006
2026-07-15 11:25:00,3830.896099999999,3830.9950000000017,3821.383300000001,3823.0129000000024,2408158,7954039761.029954,SZ399006
2026-07-15 11:30:00,3823.4158,3837.534500000002,3821.453000000001,3837.233700000002,2313573,6568823226.129952,SZ399006
2026-07-15 13:05:00,3839.0113,3841.970700000002,3823.8589000000024,3824.2703000000024,4535751,12439878399.469948,SZ399006
2026-07-15 13:10:00,3823.5663,3825.2735000000016,3810.0706000000023,3816.5730000000017,3326424,9443301436.149946,SZ399006
2026-07-15 13:15:00,3816.0434,3817.993700000002,3804.4007000000024,3812.1255000000024,3479984,9863292643.939945,SZ399006
2026-07-15 13:20:00,3812.2062,3842.055600000002,3812.2062000000024,3840.638100000004,2772875,8193368739.469945,SZ399006
2026-07-15 13:25:00,3840.3245000000006,3844.6226000000015,3826.8969000000034,3841.698900000004,2240827,6776005532.279943,SZ399006
2026-07-15 13:30:00,3842.286300000001,3862.007100000002,3842.2863000000034,3855.8683000000033,2649044,8462776484.05994,SZ399006
2026-07-15 13:35:00,3856.043200000001,3862.4771000000023,3844.193300000002,3844.193300000002,2331928,7247789899.189941,SZ399006
2026-07-15 13:40:00,3844.674600000001,3851.7361000000033,3837.365500000002,3845.7804000000015,2551294,6736066434.529938,SZ399006
2026-07-15 13:45:00,3847.344700000001,3862.390100000001,3847.3447000000015,3856.573100000002,2646667,7594798480.819937,SZ399006
2026-07-15 13:50:00,3857.160900000001,3857.1609000000008,3831.927100000001,3832.894000000002,2952662,8123369742.889931,SZ399006
2026-07-15 13:55:00,3832.9262000000017,3842.202100000002,3832.334300000001,3840.564900000003,2363298,6202783422.729933,SZ399006
2026-07-15 14:00:00,3839.192700000001,3839.1927000000014,3824.114800000003,3826.633100000005,2035798,5668316486.979935,SZ399006
2026-07-15 14:05:00,3826.8374,3827.0811000000017,3817.8021000000026,3820.4681000000046,2511030,6845072255.019937,SZ399006
2026-07-15 14:10:00,3821.0714,3821.458700000002,3814.929300000002,3814.929300000007,2112710,5763183552.599939,SZ399006
2026-07-15 14:15:00,3814.9275,3822.938100000003,3810.3605000000016,3820.056100000007,2208101,6390457227.969942,SZ399006
2026-07-15 14:20:00,3818.5072,3825.282700000004,3813.8072,3813.883400000008,1990473,5593182852.889941,SZ399006
2026-07-15 14:25:00,3814.0715999999993,3814.101600000004,3806.5366,3807.763400000009,2317893,7031375319.33994,SZ399006
2026-07-15 14:30:00,3808.440199999999,3818.417500000004,3808.4402,3809.733000000008,2527688,6992312926.469939,SZ399006
2026-07-15 14:35:00,3809.468099999999,3810.996600000005,3795.732900000002,3797.3013000000096,3091653,9802841994.559942,SZ399006
2026-07-15 14:40:00,3796.863999999999,3804.266900000006,3794.3444,3798.4836000000087,2676075,8894456586.309938,SZ399006
2026-07-15 14:45:00,3797.295299999999,3811.8000000000056,3795.595099999999,3811.8000000000097,3384962,10016114537.629936,SZ399006
2026-07-15 14:50:00,3812.129599999999,3816.7607000000057,3798.9416,3801.866700000009,3895513,10916316839.949938,SZ399006
2026-07-15 14:55:00,3802.058099999999,3811.638400000006,3800.918999999999,3804.8529000000112,4978831,13268482434.489943,SZ399006
2026-07-15 15:00:00,3804.686599999998,3806.3229000000056,3803.012999999999,3804.703800000011,4923446,12450044660.869946,SZ399006
2026-07-16 09:35:00,3710.5069,3717.6661,3671.637600000001,3674.609799999999,23398816,70243639220.83,SZ399006
2026-07-16 09:40:00,3677.0230000000006,3728.2403999999983,3677.0230000000006,3721.8755999999985,13251656,37511961024.64,SZ399006
2026-07-16 09:45:00,3719.615800000001,3740.128499999998,3718.864900000001,3738.8859999999986,10308435,27543366719.409992,SZ399006
2026-07-16 09:50:00,3738.2419,3763.7674999999977,3738.2419,3760.951699999998,7229444,20138278606.429996,SZ399006
2026-07-16 09:55:00,3759.8733000000007,3763.8206999999984,3742.1880999999985,3754.016299999997,6146374,16424625528.059988,SZ399006
2026-07-16 10:00:00,3754.7508000000007,3785.839299999998,3754.750799999998,3777.925699999998,5964518,16435190721.53999,SZ399006
2026-07-16 10:05:00,3777.332400000001,3777.332399999998,3759.427699999999,3759.868799999998,5291759,14412725161.389992,SZ399006
2026-07-16 10:10:00,3759.4930000000018,3789.501999999998,3758.3610999999983,3789.501999999998,4530450,12314285680.149992,SZ399006
2026-07-16 10:15:00,3788.9433000000017,3790.773699999998,3773.4191999999975,3776.033099999998,4192230,11022978940.48,SZ399006
2026-07-16 10:20:00,3778.454100000001,3796.3455999999983,3778.4540999999977,3785.971199999998,3741186,10943076698.209997,SZ399006
2026-07-16 10:25:00,3785.171600000001,3788.707899999999,3766.834699999998,3771.7977,4167958,10932742832.149994,SZ399006
2026-07-16 10:30:00,3772.571500000001,3780.0888999999993,3764.537999999998,3774.859200000001,4925721,11764432398.889992,SZ399006
2026-07-16 10:35:00,3774.3094000000015,3774.4056,3758.826099999999,3766.656500000001,4503244,12336576117.689997,SZ399006
2026-07-16 10:40:00,3767.4460000000017,3768.593100000001,3754.6333999999993,3754.633400000002,3988101,10946148885.409998,SZ399006
2026-07-16 10:45:00,3754.600400000001,3781.113,3750.5708999999993,3780.805400000002,3829056,10586454081.16,SZ399006
2026-07-16 10:50:00,3781.693700000001,3785.1157000000007,3770.7385,3778.7986000000024,3211638,8709523438.590006,SZ399006
2026-07-16 10:55:00,3779.8345000000018,3786.824400000001,3771.9996,3774.268000000001,2626422,7355684229.500006,SZ399006
2026-07-16 11:00:00,3773.5291000000016,3777.312800000001,3767.1808,3770.4827,2103222,5644499142.510006,SZ399006
2026-07-16 11:05:00,3769.809700000001,3774.4777000000017,3755.7622,3755.822400000001,2109718,6010490818.210005,SZ399006
2026-07-16 11:10:00,3755.666800000002,3765.719700000001,3752.581200000001,3757.7321,2108621,6220350994.000006,SZ399006
2026-07-16 11:15:00,3758.8595000000014,3759.843500000001,3741.9935999999975,3742.0568999999978,1939551,6276803461.490004,SZ399006
2026-07-16 11:20:00,3741.650100000002,3746.3953000000015,3726.718399999997,3727.1040999999977,2196627,7134814307.080002,SZ399006
2026-07-16 11:25:00,3727.009200000002,3729.3961000000018,3713.780399999997,3713.906999999995,2127785,8470980105.250002,SZ399006
2026-07-16 11:30:00,3716.473800000002,3739.993400000001,3716.473799999997,3738.958499999994,1771491,5773666720.630004,SZ399006
2026-07-16 13:05:00,3744.8531000000025,3746.976900000001,3730.010099999996,3746.976899999995,3523608,9809742369.450003,SZ399006
2026-07-16 13:10:00,3746.849200000003,3750.101800000001,3732.507599999997,3732.507599999997,2622607,6854978316.07,SZ399006
2026-07-16 13:15:00,3731.8582000000024,3743.813900000001,3726.0669999999977,3743.025199999996,2695861,7369275251.509998,SZ399006
2026-07-16 13:20:00,3743.085600000002,3757.3778,3735.050499999997,3755.6532999999954,2483547,7287280157.299997,SZ399006
2026-07-16 13:25:00,3755.440100000002,3764.0025,3737.579599999996,3737.5795999999937,2434115,6524917074.2199955,SZ399006
2026-07-16 13:30:00,3736.9162000000024,3736.9162,3723.395199999995,3723.3951999999936,2908438,7801116212.459999,SZ399006
2026-07-16 13:35:00,3722.3986000000023,3725.4606000000017,3714.184899999994,3724.537499999995,3325652,9548196900.55,SZ399006
2026-07-16 13:40:00,3722.9381000000026,3722.938100000001,3706.438399999994,3715.494599999997,3354872,9240125665.539999,SZ399006
2026-07-16 13:45:00,3714.683900000002,3719.3567,3708.6087999999936,3716.501599999998,3095443,8335218311.589995,SZ399006
2026-07-16 13:50:00,3716.302400000002,3716.9469,3702.6718999999935,3703.565999999997,3197145,8953239353.659994,SZ399006
2026-07-16 13:55:00,3703.329100000002,3718.340899999999,3703.3228999999938,3704.669199999996,3135419,8669848173.569996,SZ399006
2026-07-16 14:00:00,3704.5708000000022,3708.071299999999,3702.339799999992,3705.400399999994,2346869,6935031708.49,SZ399006
2026-07-16 14:05:00,3705.464900000002,3713.0567999999985,3701.0518999999913,3706.924999999997,2970967,7888036010.360001,SZ399006
2026-07-16 14:10:00,3708.087700000002,3723.587299999997,3704.8967999999913,3704.896799999994,2377831,7223496717.59,SZ399006
2026-07-16 14:15:00,3704.6309000000024,3708.8014999999978,3696.0482999999927,3696.048299999995,2403892,7177714377.239999,SZ399006
2026-07-16 14:20:00,3696.177400000002,3696.332799999997,3689.780799999993,3689.867899999994,2488895,8135115805.18,SZ399006
2026-07-16 14:25:00,3689.623100000002,3698.294999999998,3686.108599999993,3690.906199999993,2924850,9402849333.310001,SZ399006
2026-07-16 14:30:00,3690.867300000002,3694.951199999997,3685.266799999994,3688.187099999994,2542665,7881946573.520001,SZ399006
2026-07-16 14:35:00,3686.866400000002,3691.3446999999974,3678.3203999999937,3678.336899999995,3927016,10386840750.460001,SZ399006
2026-07-16 14:40:00,3677.4484000000025,3680.1332999999977,3665.7942999999927,3673.904299999994,4072534,12824913315.07,SZ399006
2026-07-16 14:45:00,3674.4413000000022,3681.793899999997,3669.360399999993,3672.007999999992,4225015,12513013790.740002,SZ399006
2026-07-16 14:50:00,3671.6955000000025,3672.8847999999975,3659.1317999999937,3659.131799999992,4668210,14229205082.380001,SZ399006
2026-07-16 14:55:00,3658.744600000002,3679.8049999999976,3658.0683999999937,3679.6557999999936,5964531,17166433841.1,SZ399006
2026-07-16 15:00:00,3680.3156000000017,3692.457299999998,3680.3155999999935,3692.457299999994,5236226,13402732533.049995,SZ399006
2026-07-17 09:35:00,3642.0568,3642.0568,3532.0492,3539.8665,22903741,72319742885.26001,SZ399006
2026-07-17 09:40:00,3541.373,3590.9724,3540.8804,3585.1186,15000638,46515473339.25001,SZ399006
2026-07-17 09:45:00,3581.8563,3593.712,3572.587,3572.587,11162104,29308040490.839996,SZ399006
2026-07-17 09:50:00,3570.3829,3581.3596,3546.8906,3581.0286,11004296,28272050856.559998,SZ399006
2026-07-17 09:55:00,3578.2317,3599.8922,3568.3564,3595.2933,7976475,21501302851.44,SZ399006
2026-07-17 10:00:00,3591.5068,3602.9695,3583.9975,3585.9361,6254740,16805262345.17,SZ399006
2026-07-17 10:05:00,3585.8244,3592.3205,3566.1865,3591.4826,6475484,16386862634.21,SZ399006
2026-07-17 10:10:00,3590.9004,3590.9004,3562.4844,3562.4844,5060389,12278659576.199999,SZ399006
2026-07-17 10:15:00,3562.2927,3565.6696,3548.8301,3560.2002,5166654,12747274197.86,SZ399006
2026-07-17 10:20:00,3559.0805,3572.7761,3551.8195,3557.2885,3737199,9805789589.91,SZ399006
2026-07-17 10:25:00,3556.992,3556.992,3543.1832,3554.9633,3611352,9649130889.58,SZ399006
2026-07-17 10:30:00,3554.0104,3554.0952,3531.6687,3536.4838,3687515,10246394756.669998,SZ399006
2026-07-17 10:35:00,3536.1341,3537.1319,3528.7361,3532.564,5010066,12489043929.32,SZ399006
2026-07-17 10:40:00,3532.365,3532.4363,3517.0005,3528.7905,4805045,14011674534.630001,SZ399006
2026-07-17 10:45:00,3528.7123,3535.0396,3505.2742,3505.2742,3937680,11844776587.62,SZ399006
2026-07-17 10:50:00,3505.1633,3517.6069,3488.74,3491.4622,4608104,13502507354.98,SZ399006
2026-07-17 10:55:00,3494.6748,3502.7263,3487.9913,3492.7075,3393513,10988144156.449999,SZ399006
2026-07-17 11:00:00,3496.8413,3531.6739,3496.8413,3526.8963,2851244,9240912416.56,SZ399006
2026-07-17 11:05:00,3527.5926,3558.224,3526.9392,3558.224,3229114,10324100687.789999,SZ399006
2026-07-17 11:10:00,3558.2373,3559.5347,3536.6427,3537.0318,2738982,8481514564.450001,SZ399006
2026-07-17 11:15:00,3536.4175,3537.5764,3520.4886,3535.6595,2419178,7125263091.17,SZ399006
2026-07-17 11:20:00,3535.8813,3542.1396,3517.8614,3519.2127,2469813,7701206273.779999,SZ399006
2026-07-17 11:25:00,3519.4945,3523.6215,3513.1111,3517.0062,2324518,6900515736.05,SZ399006
2026-07-17 11:30:00,3518.2938,3527.6345,3516.175,3518.6451,2163675,6659417546.69,SZ399006
2026-07-17 13:05:00,3512.5709,3512.5709,3491.9596,3493.4048,4681084,13507753526.74,SZ399006
2026-07-17 13:10:00,3494.3559,3495.5582,3477.302,3489.1166,3650583,11347944803.529999,SZ399006
2026-07-17 13:15:00,3491.0537,3499.8571,3471.1025,3472.6441,3792087,11631671705.439999,SZ399006
2026-07-17 13:20:00,3473.2519,3477.7227,3460.273,3460.273,3535737,11178898518.7,SZ399006
2026-07-17 13:25:00,3460.3515,3462.0608,3451.8731,3454.1824,4273005,12486783874.27,SZ399006
2026-07-17 13:30:00,3453.9902,3485.5784,3449.5483,3469.5645,3920252,10950561646.21,SZ399006
2026-07-17 13:35:00,3469.8103,3472.2973,3439.3033,3439.6139,3411361,10674151716.58,SZ399006
2026-07-17 13:40:00,3438.4667,3438.4667,3412.2832,3412.4726,5184085,14599679412.649998,SZ399006
2026-07-17 13:45:00,3412.3515,3420.5931,3392.82,3392.8269,5247934,15648886010.859999,SZ399006
2026-07-17 13:50:00,3392.7615,3436.8665,3387.2594,3436.8665,5468937,16413820951.21,SZ399006
2026-07-17 13:55:00,3436.9058,3443.5715,3420.0885,3429.822,3751065,10518790861.849998,SZ399006
2026-07-17 14:00:00,3428.8055,3480.0012,3424.849,3480.0012,3651157,10441794116.550001,SZ399006
2026-07-17 14:05:00,3480.3037,3523.5377,3480.3037,3506.8149,4875537,14500566440.42,SZ399006
2026-07-17 14:10:00,3505.7417,3520.673,3489.6962,3517.6929,3290547,9762857136.15,SZ399006
2026-07-17 14:15:00,3517.7215,3551.6805,3517.548,3548.347,3476325,11360967508.509998,SZ399006
2026-07-17 14:20:00,3547.5085,3548.1958,3511.7605,3511.7605,2803179,8813105701.060001,SZ399006
2026-07-17 14:25:00,3510.9424,3532.0219,3506.7175,3520.4102,2335895,7370385998.900001,SZ399006
2026-07-17 14:30:00,3521.3665,3534.254,3511.054,3511.054,2254918,7045104007.14,SZ399006
2026-07-17 14:35:00,3512.1009,3518.1844,3506.3873,3516.8219,2563091,7950597808.61,SZ399006
2026-07-17 14:40:00,3515.8525,3515.8525,3480.55,3481.1913,3023267,9026316399.33,SZ399006
2026-07-17 14:45:00,3480.8102,3482.5256,3468.3433,3470.3576,3680492,10759965388.77,SZ399006
2026-07-17 14:50:00,3469.7115,3469.7115,3452.6651,3453.4536,4559966,12773232271.630001,SZ399006
2026-07-17 14:55:00,3451.4282,3452.3616,3426.6984,3428.084,6189967,17190891759.44,SZ399006
2026-07-17 15:00:00,3428.1085,3440.2551,3428.1085,3428.6298,5540359,15274089016.85,SZ399006
2026-07-20 09:35:00,3504.1162000000004,3534.6497999999997,3496.1924000000013,3534.6497999999992,26539151,80025396915.61995,SZ399006
2026-07-20 09:40:00,3534.2417,3550.5940999999993,3531.5017000000016,3539.3339999999994,13053928,37872079167.86993,SZ399006
2026-07-20 09:45:00,3538.4888,3547.5596999999993,3513.656400000001,3523.9878999999987,10962033,31751461570.859917,SZ399006
2026-07-20 09:50:00,3523.4336,3523.4336,3489.5606000000007,3490.478199999998,8289299,23695658127.659912,SZ399006
2026-07-20 09:55:00,3489.6639,3490.4652999999994,3463.175600000002,3463.1755999999978,8316715,25223846115.159927,SZ399006
2026-07-20 10:00:00,3464.2351000000003,3510.413099999997,3464.2351000000017,3503.9440999999983,6927790,19547887349.68993,SZ399006
2026-07-20 10:05:00,3503.9225,3527.497399999997,3496.1745000000005,3526.8551999999972,5849963,15492387962.299934,SZ399006
2026-07-20 10:10:00,3524.4903,3524.490299999997,3491.566400000001,3493.8319999999953,4924609,14303074461.509935,SZ399006
2026-07-20 10:15:00,3494.6057,3494.6056999999973,3470.1812000000023,3470.8975999999966,4935438,16280434958.73994,SZ399006
2026-07-20 10:20:00,3470.6296,3470.823899999997,3450.314800000002,3466.7210999999957,5470331,16813548191.829933,SZ399006
2026-07-20 10:25:00,3467.9395000000004,3469.6487999999963,3441.2876000000024,3449.0344999999975,5159088,14583431558.84993,SZ399006
2026-07-20 10:30:00,3449.7301,3458.811899999996,3433.135800000005,3433.1358000000014,4002536,11184011764.319921,SZ399006
2026-07-20 10:35:00,3431.2981,3442.6171999999974,3421.0395000000044,3424.264700000003,5745471,16047696732.469923,SZ399006
2026-07-20 10:40:00,3423.9040999999997,3446.9753999999975,3414.8741000000045,3442.387800000005,4834565,13973923019.10992,SZ399006
2026-07-20 10:45:00,3441.9518999999996,3462.096199999998,3440.7267000000047,3461.8690000000065,2959246,8937327471.609915,SZ399006
2026-07-20 10:50:00,3462.7268999999997,3483.6718999999975,3462.406700000005,3483.430300000007,3473290,9817722913.959917,SZ399006
2026-07-20 10:55:00,3483.5776999999994,3485.1590999999976,3468.9175000000027,3468.9175000000037,2656382,7402364874.079915,SZ399006
2026-07-20 11:00:00,3468.8322999999996,3498.814199999996,3468.8323000000028,3498.6096000000052,2144956,6671500108.059915,SZ399006
2026-07-20 11:05:00,3499.1328,3518.7317999999964,3498.792900000004,3518.7318000000055,2888056,9324386372.719915,SZ399006
2026-07-20 11:10:00,3519.6749999999993,3519.6749999999965,3500.7814000000044,3503.383700000006,2221361,7716138664.599914,SZ399006
2026-07-20 11:15:00,3503.7074999999986,3513.1756999999966,3496.376500000003,3496.9144000000056,1764770,6005332586.089911,SZ399006
2026-07-20 11:20:00,3497.0440999999987,3501.6342999999974,3478.3263000000034,3478.326300000008,1941410,5278807403.629911,SZ399006
2026-07-20 11:25:00,3477.677999999999,3479.1367999999975,3464.567800000003,3473.8044000000086,1837520,5268192364.789911,SZ399006
2026-07-20 11:30:00,3474.113399999999,3478.903199999998,3465.9759000000035,3467.3226000000086,1813384,4939461312.579912,SZ399006
2026-07-20 13:05:00,3470.744699999999,3477.5071999999977,3450.1736000000037,3462.99570000001,4312201,10657334809.919912,SZ399006
2026-07-20 13:10:00,3462.893099999999,3462.8930999999984,3450.795700000005,3457.472500000011,2965730,7325652727.039913,SZ399006
2026-07-20 13:15:00,3458.603999999999,3461.4309999999973,3443.5051000000044,3443.5078000000103,3201591,7863871350.569914,SZ399006
2026-07-20 13:20:00,3442.7194999999983,3448.2754999999984,3430.4801000000066,3444.685800000011,3823222,9188886313.619913,SZ399006
2026-07-20 13:25:00,3442.5604999999982,3443.4002999999984,3429.3259000000076,3429.473300000011,3307986,7774240807.419918,SZ399006
2026-07-20 13:30:00,3429.241399999998,3433.0888,3418.439400000008,3418.5577000000103,3759072,9913070187.529919,SZ399006
2026-07-20 13:35:00,3418.484399999998,3424.8599,3408.0312000000076,3409.892700000009,4822227,12715007578.729916,SZ399006
2026-07-20 13:40:00,3410.570899999998,3418.024899999999,3392.9134000000063,3392.913400000009,5569189,12955784268.82991,SZ399006
2026-07-20 13:45:00,3393.0023999999976,3414.770699999999,3388.756300000007,3388.8619000000094,5308901,12338129349.299908,SZ399006
2026-07-20 13:50:00,3388.2500999999975,3412.373199999998,3378.1263000000067,3402.406200000009,6216747,14488672611.469904,SZ399006
2026-07-20 13:55:00,3403.8170999999975,3415.8566999999985,3379.0182000000073,3380.0607000000086,3538965,9059586555.989902,SZ399006
2026-07-20 14:00:00,3379.5841999999975,3388.6032999999993,3375.5970000000075,3385.81440000001,4305399,10064035538.159904,SZ399006
2026-07-20 14:05:00,3386.215699999998,3430.868100000001,3382.252200000007,3430.3693000000108,4209443,10950003540.299904,SZ399006
2026-07-20 14:10:00,3429.108999999998,3433.793200000001,3395.5942000000073,3395.594200000013,3325933,8600111051.889904,SZ399006
2026-07-20 14:15:00,3394.923599999998,3407.278100000002,3389.324700000008,3395.0643000000155,2968479,8122747066.019903,SZ399006
2026-07-20 14:20:00,3393.9924999999976,3397.1422000000016,3383.5930000000094,3387.7548000000156,2732690,6936273571.209906,SZ399006
2026-07-20 14:25:00,3388.4964999999975,3396.5431000000017,3367.0380000000087,3367.0380000000146,3530963,8573259524.419906,SZ399006
2026-07-20 14:30:00,3366.623399999997,3389.247300000002,3366.3048000000085,3368.6805000000163,4100984,10765790223.189907,SZ399006
2026-07-20 14:35:00,3368.1729999999966,3370.710700000001,3338.2134000000065,3348.665100000013,5660332,15182996387.799906,SZ399006
2026-07-20 14:40:00,3348.7136999999966,3358.798300000001,3343.071700000006,3354.776900000014,5348304,14287479099.799898,SZ399006
2026-07-20 14:45:00,3353.648699999996,3418.1791000000003,3353.3954000000062,3409.323900000015,5596311,15477375703.769894,SZ399006
2026-07-20 14:50:00,3411.6556999999957,3428.5701000000004,3408.7694000000056,3428.5701000000154,5047701,13706871115.689892,SZ399006
2026-07-20 14:55:00,3429.1632999999956,3454.1967000000004,3429.1633000000056,3445.0082000000157,6088288,16384290277.239882,SZ399006
2026-07-20 15:00:00,3446.2507999999957,3447.1721,3440.786300000006,3443.1015000000157,5008427,11518797163.559877,SZ399006
2026-07-21 09:35:00,3469.2229,3478.7589000000007,3451.4310000000005,3473.0570000000007,23749545,60543059310.05001,SZ399006
2026-07-21 09:40:00,3475.1746,3507.9821999999995,3466.301200000001,3497.0002,14317018,35917149345.97999,SZ399006
2026-07-21 09:45:00,3495.9611999999993,3503.3301999999994,3484.8925,3486.0326999999993,12288268,29865589363.44999,SZ399006
2026-07-21 09:50:00,3485.3906999999995,3492.0200999999993,3467.8562999999986,3469.1717999999973,10627405,25789006227.859993,SZ399006
2026-07-21 09:55:00,3467.8561999999997,3467.8562,3442.8158999999987,3444.7486,10316155,26041510626.869984,SZ399006
2026-07-21 10:00:00,3445.072,3451.3644000000018,3421.959599999999,3431.0283000000018,11123689,25760488940.559975,SZ399006
2026-07-21 10:05:00,3430.1842,3430.1842000000024,3398.3768999999993,3399.541900000004,11214517,26941630209.92997,SZ399006
2026-07-21 10:10:00,3399.3006,3417.6666000000027,3376.2102999999997,3376.2103000000043,10111474,24100046322.929962,SZ399006
2026-07-21 10:15:00,3375.2455999999993,3407.1196000000023,3373.0395999999996,3407.1196000000054,9265648,23137057686.679955,SZ399006
2026-07-21 10:20:00,3408.369199999999,3418.793200000002,3393.9213,3396.9217000000062,5320828,13702056641.309954,SZ399006
2026-07-21 10:25:00,3396.834599999999,3453.720700000004,3396.8346,3451.744000000007,5821097,15634754320.059956,SZ399006
2026-07-21 10:30:00,3452.6555999999996,3464.305400000004,3442.4296,3459.648700000008,4725472,13286137864.259956,SZ399006
2026-07-21 10:35:00,3460.197499999999,3486.113000000005,3460.1975,3477.9011000000073,5300904,15053070558.319952,SZ399006
2026-07-21 10:40:00,3476.898699999999,3501.7138000000036,3473.598299999999,3501.713800000005,5024685,15646573239.42995,SZ399006
2026-07-21 10:45:00,3502.765399999999,3502.7654000000034,3473.9545000000003,3478.121700000005,4221110,12301703789.559952,SZ399006
2026-07-21 10:50:00,3479.5942999999993,3526.750300000004,3479.5943,3526.380200000006,4350809,13184993798.87995,SZ399006
2026-07-21 10:55:00,3526.1259999999997,3535.9387000000047,3513.1500000000005,3535.938700000006,4126734,14871788755.29995,SZ399006
2026-07-21 11:00:00,3536.5871,3553.758600000005,3535.7141000000006,3547.903500000005,4710878,15739654480.739954,SZ399006
2026-07-21 11:05:00,3547.5118000000007,3581.7515000000053,3545.4595000000004,3580.686800000004,5525795,17623234313.469963,SZ399006
2026-07-21 11:10:00,3581.1141000000007,3608.5407000000064,3580.0753000000004,3595.8335000000025,6684498,22159054702.00997,SZ399006
2026-07-21 11:15:00,3595.449800000001,3595.5701000000063,3569.4150999999993,3575.014100000002,4825985,15662115354.69997,SZ399006
2026-07-21 11:20:00,3576.605600000001,3595.918100000006,3574.1629,3577.196900000002,3490186,10635907645.84997,SZ399006
2026-07-21 11:25:00,3577.631800000001,3599.955700000007,3570.1921,3599.8036000000034,2904440,8815184616.71997,SZ399006
2026-07-21 11:30:00,3598.172200000001,3623.4179000000063,3597.8649,3622.268400000003,3283083,12139032352.229965,SZ399006
2026-07-21 13:05:00,3626.814400000001,3655.785600000008,3626.8144,3647.1813000000066,7400907,26074730635.84997,SZ399006
2026-07-21 13:10:00,3649.7494000000006,3651.431700000008,3624.9077,3631.7732000000055,5082580,15449267337.339964,SZ399006
2026-07-21 13:15:00,3632.9577,3642.1603000000086,3620.630099999999,3621.271300000006,3852115,12252163351.42996,SZ399006
2026-07-21 13:20:00,3621.584500000001,3621.5845000000095,3601.7355999999986,3604.7885000000056,4361923,13133362047.079964,SZ399006
2026-07-21 13:25:00,3603.595600000001,3604.454300000009,3588.980399999998,3601.8461000000057,3198518,9961636282.489964,SZ399006
2026-07-21 13:30:00,3600.9537000000005,3620.852100000008,3600.1712999999977,3618.373000000008,2347156,7666824399.549963,SZ399006
2026-07-21 13:35:00,3618.0011,3630.4751000000088,3605.369099999996,3606.1773000000057,2952856,8175270666.469959,SZ399006
2026-07-21 13:40:00,3605.4324000000006,3622.526800000009,3605.369999999996,3622.5268000000065,2283363,6782161894.289966,SZ399006
2026-07-21 13:45:00,3622.6395000000007,3630.9569000000097,3620.734199999996,3627.5683000000063,2043112,6682782790.789965,SZ399006
2026-07-21 13:50:00,3627.420200000001,3638.700600000008,3624.563599999996,3638.700600000006,2158193,6865030810.309966,SZ399006
2026-07-21 13:55:00,3640.127800000001,3651.7127000000073,3636.871099999995,3651.7127000000064,2284551,8418386886.619965,SZ399006
2026-07-21 14:00:00,3651.2412000000018,3656.374800000007,3631.576699999997,3631.907700000008,2497312,8210213890.559967,SZ399006
2026-07-21 14:05:00,3632.398700000001,3657.701500000008,3632.398699999997,3657.51090000001,2624452,8008256840.659972,SZ399006
2026-07-21 14:10:00,3657.534400000002,3663.964400000008,3653.289099999997,3661.9174000000103,2538417,8457965592.269972,SZ399006
2026-07-21 14:15:00,3662.1031000000007,3665.362200000008,3650.8395999999966,3664.509300000014,2580763,8154222994.699973,SZ399006
2026-07-21 14:20:00,3664.435200000001,3673.832200000009,3664.239199999997,3670.7378000000144,2541349,8690999127.859976,SZ399006
2026-07-21 14:25:00,3670.8555000000015,3670.8595000000087,3663.891699999997,3667.631800000012,2719273,8307250365.269978,SZ399006
2026-07-21 14:30:00,3667.664500000001,3669.253000000008,3650.0579999999977,3657.4524000000138,3117452,8765878870.289982,SZ399006
2026-07-21 14:35:00,3657.3175000000015,3669.555600000006,3657.3174999999974,3669.483500000013,3376511,9262593244.86998,SZ399006
2026-07-21 14:40:00,3670.0001000000016,3673.4865000000063,3669.4252999999976,3673.486500000012,3387073,9723523856.84998,SZ399006
2026-07-21 14:45:00,3673.6251000000016,3684.881400000007,3673.344899999998,3684.7724000000144,3827713,10970007057.339977,SZ399006
2026-07-21 14:50:00,3684.459300000002,3684.5610000000074,3674.241699999998,3677.850100000014,4419179,12170102840.299978,SZ399006
2026-07-21 14:55:00,3677.8774000000008,3684.501300000008,3677.795699999998,3684.3315000000143,5469843,14228274189.439976,SZ399006
2026-07-21 15:00:00,3684.311200000001,3687.146700000009,3684.311199999998,3685.9684000000143,5645481,14130278464.789978,SZ399006
2026-07-22 09:35:00,3644.9764,3685.504400000001,3643.5126,3685.504400000001,23543453,76640775417.73999,SZ399006
2026-07-22 09:40:00,3684.7441,3694.8996,3664.3265999999985,3667.584099999998,13779498,43326687284.609985,SZ399006
2026-07-22 09:45:00,3667.3746,3673.6418,3651.1731999999984,3672.990999999999,12222641,35954065999.06998,SZ399006
2026-07-22 09:50:00,3673.934999999999,3684.2152,3668.9421999999986,3668.942200000001,7942102,25077032722.499966,SZ399006
2026-07-22 09:55:00,3670.063799999999,3680.9129,3643.669899999998,3643.6698999999994,8445515,25636653533.959965,SZ399006
2026-07-22 10:00:00,3643.6508999999983,3675.362000000001,3641.5425999999984,3675.362000000003,7013824,22015284673.199966,SZ399006
2026-07-22 10:05:00,3675.965999999999,3676.8026,3654.5882999999985,3667.102800000002,5763313,16764311620.23997,SZ399006
2026-07-22 10:10:00,3665.1651999999985,3670.8829000000014,3654.291799999999,3663.2080000000033,5405166,15979743182.049967,SZ399006
2026-07-22 10:15:00,3663.2585999999983,3670.668000000001,3659.1216,3659.121600000006,5384085,14260733233.039967,SZ399006
2026-07-22 10:20:00,3659.472199999999,3676.995000000002,3659.4722000000006,3675.608200000006,5005923,14986217179.23997,SZ399006
2026-07-22 10:25:00,3675.766399999999,3682.0729000000024,3664.8876,3670.163400000006,4631181,15171440177.189972,SZ399006
2026-07-22 10:30:00,3670.803899999999,3679.840800000003,3669.0021,3678.5527000000034,3405996,10779140246.959972,SZ399006
2026-07-22 10:35:00,3679.166799999999,3679.166800000003,3655.4876,3655.851800000002,4189260,15008623518.779972,SZ399006
2026-07-22 10:40:00,3656.2686999999983,3658.068200000003,3641.0105,3648.413400000004,3891361,13309445341.849977,SZ399006
2026-07-22 10:45:00,3648.2999999999993,3651.727500000003,3632.3382,3644.850300000004,4906816,13778203597.589977,SZ399006
2026-07-22 10:50:00,3645.588999999999,3653.663600000005,3638.854700000001,3653.6636000000017,2988881,9319091994.279978,SZ399006
2026-07-22 10:55:00,3653.611299999999,3671.9573000000055,3651.200700000001,3670.0715000000023,2604733,8493174281.939981,SZ399006
2026-07-22 11:00:00,3669.317899999999,3669.3179000000055,3652.5347000000006,3657.509099999999,2449423,7134483924.389987,SZ399006
2026-07-22 11:05:00,3657.141099999999,3657.141100000005,3639.2374,3642.3613999999984,4129714,9407644666.069988,SZ399006
2026-07-22 11:10:00,3642.146699999999,3648.9279000000047,3634.8472,3648.1347999999994,3258947,8712733631.429989,SZ399006
2026-07-22 11:15:00,3647.9538999999986,3659.746800000005,3646.71,3656.630399999998,2562696,7313230677.309991,SZ399006
2026-07-22 11:20:00,3657.221799999999,3664.623400000005,3651.5304,3660.3745999999983,2375570,6998869754.379991,SZ399006
2026-07-22 11:25:00,3660.628799999999,3671.660600000004,3659.4507,3667.8977999999984,2562274,7232518422.409989,SZ399006
2026-07-22 11:30:00,3667.901999999999,3682.448300000005,3667.6095,3681.195000000002,2365480,7641123937.639989,SZ399006
2026-07-22 13:05:00,3679.119399999999,3679.119400000005,3646.0893999999985,3646.0893999999985,4498938,13679808776.279987,SZ399006
2026-07-22 13:10:00,3645.138999999999,3654.606300000005,3642.440899999999,3644.885199999998,2457069,7241635629.689983,SZ399006
2026-07-22 13:15:00,3644.3157999999994,3644.647100000005,3632.7551999999982,3640.2261,2226390,7351986075.989982,SZ399006
2026-07-22 13:20:00,3639.9728999999993,3639.972900000005,3620.705099999997,3633.7222999999967,2742788,9068797674.489977,SZ399006
2026-07-22 13:25:00,3632.328299999999,3632.3283000000047,3616.380999999996,3618.806599999994,2709155,9012547645.269974,SZ399006
2026-07-22 13:30:00,3619.602499999999,3620.321900000005,3605.3463999999967,3608.177899999995,3112767,11205670714.849972,SZ399006
2026-07-22 13:35:00,3607.098199999999,3612.630100000005,3597.1695999999965,3612.450499999996,3207313,10707746280.249968,SZ399006
2026-07-22 13:40:00,3613.2292,3623.4454000000046,3605.4007999999976,3607.6678999999986,2677730,8046223038.829967,SZ399006
2026-07-22 13:45:00,3607.0736,3617.723900000005,3604.9146999999966,3616.0528999999974,2089636,6362485893.089967,SZ399006
2026-07-22 13:50:00,3615.64,3623.950400000004,3613.1221999999975,3615.326199999999,1831863,5694929889.849965,SZ399006
2026-07-22 13:55:00,3614.483999999999,3614.484000000003,3600.2095999999988,3600.2096000000006,2040656,5908841947.109967,SZ399006
2026-07-22 14:00:00,3599.884399999999,3599.884400000002,3583.8280999999965,3587.7134999999985,2827075,9102677554.579966,SZ399006
2026-07-22 14:05:00,3588.3126999999995,3595.2614000000017,3578.3880999999956,3578.3880999999965,2695774,8524438790.269965,SZ399006
2026-07-22 14:10:00,3577.7409999999995,3577.741000000002,3566.767999999995,3567.511499999998,3517570,10255720622.789963,SZ399006
2026-07-22 14:15:00,3566.4822999999997,3566.482300000001,3553.3675,3561.4752999999996,2859141,10592004497.839987,SZ399006
2026-07-22 14:20:00,3561.7572,3586.3887999999993,3559.6483999999996,3578.7870999999996,2411194,8231638415.129999,SZ399006
2026-07-22 14:25:00,3579.113799999999,3598.640299999999,3578.6405999999993,3593.3999999999987,2441010,7379143270.9,SZ399006
2026-07-22 14:30:00,3593.183599999999,3593.183599999999,3572.1394999999966,3572.139499999996,2161460,5749632703.910003,SZ399006
2026-07-22 14:35:00,3571.1526999999987,3589.2057999999993,3568.770799999996,3577.208099999994,3097852,7695194290.380006,SZ399006
2026-07-22 14:40:00,3577.940199999998,3578.032399999999,3564.568699999993,3568.2570999999944,2386226,6777382026.930004,SZ399006
2026-07-22 14:45:00,3568.294399999999,3577.327199999999,3564.922099999993,3570.840599999992,2940329,8166051043.570002,SZ399006
2026-07-22 14:50:00,3570.2465999999995,3570.285699999999,3562.744199999992,3562.7801999999924,3463608,9816378293.990004,SZ399006
2026-07-22 14:55:00,3562.4439999999995,3571.214399999999,3562.443999999992,3566.01119999999,4756615,12569394535.060003,SZ399006
2026-07-22 15:00:00,3565.7264999999993,3567.007599999999,3564.556499999991,3566.73229999999,4658941,12190500699.759995,SZ399006
2026-07-23 09:35:00,3596.7348,3607.2409,3572.3087,3595.6798000000003,17969172,55852611570.8,SZ399006
2026-07-23 09:40:00,3596.8828,3611.2383999999993,3587.0712,3587.0712000000003,11043726,32477288830.100006,SZ399006
2026-07-23 09:45:00,3584.2212000000004,3593.6419,3562.8672,3591.5131000000015,8004151,25215021002.01,SZ399006
2026-07-23 09:50:00,3593.3007000000007,3599.7574,3584.4715,3597.7087,7841981,21358020089.499996,SZ399006
2026-07-23 09:55:00,3597.319500000001,3619.41,3588.8238999999994,3619.4064,6914524,20487707347.98,SZ399006
2026-07-23 10:00:00,3617.981600000001,3621.727500000002,3594.0383999999995,3594.0384000000017,5701787,17090339423.269989,SZ399006
2026-07-23 10:05:00,3592.5564000000004,3592.9344000000015,3569.1346999999987,3579.1576,6341722,18030958478.119987,SZ399006
2026-07-23 10:10:00,3580.653300000001,3589.4587000000015,3573.2018999999987,3583.292499999999,5227955,14374551562.72999,SZ399006
2026-07-23 10:15:00,3582.7955000000006,3593.1396000000022,3579.5204999999987,3580.461000000001,3760474,11620342400.819992,SZ399006
2026-07-23 10:20:00,3580.420800000001,3583.7473000000023,3568.0417,3574.5563000000025,4406832,12346041258.829994,SZ399006
2026-07-23 10:25:00,3574.5904000000005,3588.355600000002,3567.6953999999987,3569.7756000000018,3947839,11100128749.84999,SZ399006
2026-07-23 10:30:00,3569.2924000000007,3569.292400000002,3553.137499999999,3562.842900000001,4109577,12728463061.589983,SZ399006
2026-07-23 10:35:00,3563.103200000001,3575.8627000000033,3561.616899999999,3562.5707000000016,2781114,8274257113.719986,SZ399006
2026-07-23 10:40:00,3562.0591000000013,3577.5254000000045,3561.0971999999992,3565.7083000000025,2550029,7583196121.2399845,SZ399006
2026-07-23 10:45:00,3566.006000000001,3580.665200000005,3565.768199999999,3567.648900000004,2631124,7683732954.239983,SZ399006
2026-07-23 10:50:00,3566.864900000001,3573.4867000000045,3559.1126999999997,3561.795400000003,2848381,9266708725.389982,SZ399006
2026-07-23 10:55:00,3561.537800000001,3574.635800000004,3560.5091999999995,3562.8566000000046,2649118,7978661855.549985,SZ399006
2026-07-23 11:00:00,3562.5239000000015,3567.646400000005,3556.024099999999,3563.945400000006,2366452,8073441918.2799835,SZ399006
2026-07-23 11:05:00,3563.1858000000016,3567.1855000000046,3548.249599999999,3549.822100000005,2993166,8321933384.649981,SZ399006
2026-07-23 11:10:00,3549.782000000002,3550.214000000005,3538.106199999999,3542.645500000003,2883154,8538052535.419981,SZ399006
2026-07-23 11:15:00,3543.020400000002,3571.194900000003,3538.403099999998,3571.1949000000022,2486875,7119543259.029979,SZ399006
2026-07-23 11:20:00,3572.2643000000025,3572.264300000003,3557.801299999998,3562.2453000000014,1844468,5740471908.649977,SZ399006
2026-07-23 11:25:00,3560.961800000002,3566.4020000000028,3548.161499999999,3549.264700000004,1672733,4809955325.129978,SZ399006
2026-07-23 11:30:00,3550.026300000002,3555.187900000002,3540.8599999999988,3555.0882000000033,1910769,5328790471.249978,SZ399006
2026-07-23 13:05:00,3559.5934000000007,3576.002800000002,3559.5933999999984,3561.1360000000036,3669118,10278954824.60998,SZ399006
2026-07-23 13:10:00,3560.524900000001,3589.127700000001,3557.896899999999,3589.127700000002,3269509,8387592478.559979,SZ399006
2026-07-23 13:15:00,3586.9570000000003,3586.957000000001,3566.7888999999996,3568.510500000002,3029772,7708723661.909983,SZ399006
2026-07-23 13:20:00,3566.6686,3572.225900000001,3555.6581999999985,3556.699900000002,2763643,7221417959.519984,SZ399006
2026-07-23 13:25:00,3557.5317000000005,3572.085300000001,3557.531699999998,3564.5982000000013,1930228,5196021674.469983,SZ399006
2026-07-23 13:30:00,3564.7078,3585.5668,3564.7077999999988,3577.8232000000003,3275770,6891983259.149982,SZ399006
2026-07-23 13:35:00,3576.7848,3594.398500000001,3573.4352999999987,3594.201199999999,4014111,8407533969.66998,SZ399006
2026-07-23 13:40:00,3594.4096,3598.9770000000003,3584.559299999998,3592.161999999997,3693557,8823365282.999983,SZ399006
2026-07-23 13:45:00,3591.6490999999996,3592.8629000000005,3577.9914999999983,3580.873999999997,2899835,7373245633.469979,SZ399006
2026-07-23 13:50:00,3580.1437,3583.3711000000008,3571.4716999999996,3572.6673999999975,2120875,5656507710.679979,SZ399006
2026-07-23 13:55:00,3572.5144000000005,3575.8919,3568.3466,3568.3998999999985,1788631,4960064322.739977,SZ399006
2026-07-23 14:00:00,3568.2292000000007,3574.0601999999985,3566.3656,3567.7006999999985,1894072,4920867315.159976,SZ399006
2026-07-23 14:05:00,3567.6108000000004,3569.7261,3562.5598999999993,3566.673499999999,2387133,6115382772.369978,SZ399006
2026-07-23 14:10:00,3566.5371000000005,3570.448,3563.934499999999,3566.5019000000007,1745777,4450446067.819977,SZ399006
2026-07-23 14:15:00,3566.3896,3567.4991999999993,3559.253,3560.0694999999987,1896805,4801869610.789976,SZ399006
2026-07-23 14:20:00,3560.0627000000004,3565.4111999999996,3557.5214000000014,3559.1292999999987,2095366,5551692381.909973,SZ399006
2026-07-23 14:25:00,3559.225100000001,3559.422699999999,3556.159400000002,3556.2237,1750896,5014449522.399973,SZ399006
2026-07-23 14:30:00,3555.9071000000004,3564.4896999999987,3552.884900000001,3564.4897000000005,2208271,6425444374.929972,SZ399006
2026-07-23 14:35:00,3564.4605,3572.379499999998,3560.5745000000015,3562.834699999999,3899432,8449074864.139971,SZ399006
2026-07-23 14:40:00,3563.8247,3576.642499999999,3563.8247000000015,3576.6425000000013,3193483,7775978216.179971,SZ399006
2026-07-23 14:45:00,3577.0741,3580.225799999999,3572.158200000002,3577.3161999999993,3623844,8868330682.359974,SZ399006
2026-07-23 14:50:00,3577.158299999999,3577.1582999999987,3568.7534000000005,3572.4952999999978,4045617,9835354193.999973,SZ399006
2026-07-23 14:55:00,3572.281299999999,3575.2736999999984,3572.281300000001,3573.5122999999976,5358230,12015417440.10998,SZ399006
2026-07-23 15:00:00,3573.341899999999,3575.520199999998,3573.0166000000004,3575.5202,5202098,12026684173.759981,SZ399006
2026-07-24 09:35:00,3515.5037,3534.743799999999,3499.912600000001,3534.0748000000003,21061717,54167378196.0,SZ399006
2026-07-24 09:40:00,3535.1196999999997,3540.547599999999,3521.1371000000017,3528.865899999999,10412412,26357547070.620003,SZ399006
2026-07-24 09:45:00,3532.4866,3556.4222999999984,3525.2486000000013,3556.125699999999,8132531,20961649337.89,SZ399006
2026-07-24 09:50:00,3557.2203,3558.5782999999983,3536.501400000001,3540.6396999999997,6477939,16937252350.119999,SZ399006
2026-07-24 09:55:00,3541.5478000000003,3549.702699999997,3537.1423000000013,3549.7027,6702226,16172802071.939997,SZ399006
2026-07-24 10:00:00,3549.3167000000003,3551.844199999997,3536.223600000001,3546.4275000000007,5332639,12638219419.549995,SZ399006
2026-07-24 10:05:00,3546.5711,3549.685799999997,3536.4046000000003,3537.3714999999997,5352340,12784406315.909996,SZ399006
2026-07-24 10:10:00,3537.5962,3560.525099999998,3534.3667000000005,3555.9658000000004,4034814,11222028571.179995,SZ399006
2026-07-24 10:15:00,3557.5058999999997,3561.349899999997,3547.3859,3547.4386999999992,3521760,9792328041.389992,SZ399006
2026-07-24 10:20:00,3546.0757999999996,3551.3898999999965,3532.9293999999995,3540.238499999999,4270278,10740279940.09999,SZ399006
2026-07-24 10:25:00,3539.6278,3544.8407999999968,3529.7149,3542.428999999998,3960904,9394080300.94999,SZ399006
2026-07-24 10:30:00,3541.3871999999997,3554.0095999999985,3541.3871999999997,3544.3954999999987,2979885,7509778474.649986,SZ399006
2026-07-24 10:35:00,3545.7382,3545.9150999999983,3526.4209,3534.1216,4585048,9991801423.74999,SZ399006
2026-07-24 10:40:00,3533.9761,3535.0877999999984,3515.0881000000004,3515.0880999999977,3349323,8885143440.389992,SZ399006
2026-07-24 10:45:00,3515.1639,3522.2676999999985,3512.671300000001,3519.8795999999984,2668057,7308765524.189989,SZ399006
2026-07-24 10:50:00,3519.8077,3527.858099999999,3516.874000000001,3521.289799999998,2452280,6391836081.159989,SZ399006
2026-07-24 10:55:00,3520.7334,3531.5760999999993,3515.6615000000015,3529.9661999999994,2808124,6865414533.519993,SZ399006
2026-07-24 11:00:00,3530.1492000000003,3532.344899999999,3508.8956000000003,3510.7018999999973,2389914,6364371148.489994,SZ399006
2026-07-24 11:05:00,3510.4560000000006,3514.4689999999996,3502.3224999999993,3512.428399999997,2800035,7055064169.119996,SZ399006
2026-07-24 11:10:00,3508.7591000000007,3514.562499999999,3502.8251000000005,3502.9826999999996,1555101,4289518067.699997,SZ399006
2026-07-24 11:15:00,3502.2116000000005,3507.8439000000003,3498.7287,3502.2656999999995,1623266,4519193407.999997,SZ399006
2026-07-24 11:20:00,3501.9889000000007,3502.5398,3495.634799999999,3497.6744000000003,2269010,5871273283.469996,SZ399006
2026-07-24 11:25:00,3497.095200000001,3498.7881,3488.092799999999,3491.3963000000003,2495099,6418798525.889996,SZ399006
2026-07-24 11:30:00,3491.257000000001,3513.3405000000007,3489.1599999999994,3511.7531000000035,1819632,5475065719.499994,SZ399006
2026-07-24 13:05:00,3513.207800000001,3527.294800000001,3513.2077999999997,3518.851500000004,2993384,9142513164.049994,SZ399006
2026-07-24 13:10:00,3518.770300000001,3548.4278000000013,3515.728,3538.100900000005,2851491,8576438458.889994,SZ399006
2026-07-24 13:15:00,3539.227900000001,3553.163700000001,3535.537699999998,3535.5377000000017,3124078,9501286907.499992,SZ399006
2026-07-24 13:20:00,3535.882600000001,3539.291600000001,3525.9417999999982,3536.0314000000003,2029868,6462372105.749993,SZ399006
2026-07-24 13:25:00,3536.259500000001,3537.0367,3521.8669999999984,3521.867,1893775,5454135603.489992,SZ399006
2026-07-24 13:30:00,3521.434500000001,3542.6211000000008,3521.4041999999986,3533.244800000001,2124533,5912866620.659994,SZ399006
2026-07-24 13:35:00,3533.5909000000015,3533.5909000000006,3520.0296999999996,3520.4877000000024,1976917,5292062010.639994,SZ399006
2026-07-24 13:40:00,3519.6810000000014,3520.302800000001,3509.2642,3509.264200000002,1808150,4796901013.189994,SZ399006
2026-07-24 13:45:00,3509.067000000002,3514.4627000000005,3509.0224000000003,3509.0443000000023,1928697,4774941488.509992,SZ399006
2026-07-24 13:50:00,3508.7322000000013,3517.7367,3508.1169999999993,3510.8174000000013,1863339,4764219875.139991,SZ399006
2026-07-24 13:55:00,3511.007700000001,3511.0076999999997,3502.001399999999,3502.571100000002,1598530,4447886862.76999,SZ399006
2026-07-24 14:00:00,3502.985000000001,3506.7613999999994,3501.6634,3504.7559000000037,1891658,4417087417.11999,SZ399006
2026-07-24 14:05:00,3504.364800000001,3506.1082999999994,3500.1328000000008,3500.132800000003,1937075,5085278002.14999,SZ399006
2026-07-24 14:10:00,3499.3695000000016,3504.3271999999984,3491.8732999999997,3504.252700000002,2004717,5582981738.659988,SZ399006
2026-07-24 14:15:00,3504.6216000000018,3512.101599999997,3498.2938,3512.1016000000013,1653722,4492398875.409989,SZ399006
2026-07-24 14:20:00,3512.405200000002,3514.965799999997,3504.770300000001,3506.630000000003,1804365,4470832841.17999,SZ399006
2026-07-24 14:25:00,3507.0685000000026,3520.953499999998,3507.068500000001,3511.077200000002,1845725,5239486286.89999,SZ399006
2026-07-24 14:30:00,3510.643600000003,3517.6241999999984,3508.970000000001,3516.8158000000017,1644323,4591724737.399992,SZ399006
2026-07-24 14:35:00,3517.451600000003,3522.026199999998,3499.3293,3508.2169,3176909,7387144911.199989,SZ399006
2026-07-24 14:40:00,3508.461100000003,3509.4645999999966,3498.930300000001,3501.1710000000016,2479976,6145107407.969988,SZ399006
2026-07-24 14:45:00,3500.4375000000027,3501.0459999999966,3496.0615000000007,3496.254299999999,3438968,8205384509.089991,SZ399006
2026-07-24 14:50:00,3495.5565000000033,3495.5564999999956,3487.7245000000007,3491.0201,4624469,11467944514.779991,SZ399006
2026-07-24 14:55:00,3491.5560000000037,3496.482599999996,3485.8561,3486.296499999999,5060344,12312276935.319992,SZ399006
2026-07-24 15:00:00,3485.766800000004,3485.8191999999967,3480.8702,3480.8702,5011957,12378688910.35999,SZ399006
2026-07-27 09:35:00,3482.0447,3508.5700999999995,3476.7502999999997,3476.750299999998,18406174,49609121242.88003,SZ399006
2026-07-27 09:40:00,3476.2309000000005,3482.4274,3449.204999999999,3481.693799999997,11684998,33245723772.240044,SZ399006
2026-07-27 09:45:00,3481.639100000001,3517.0759,3481.5847999999996,3499.839099999996,9329912,25445118718.340046,SZ399006
2026-07-27 09:50:00,3497.5956,3509.9416,3495.0232999999985,3500.3211999999944,6998676,18631771222.420048,SZ399006
2026-07-27 09:55:00,3496.4164,3535.1158,3494.875299999997,3533.094899999996,6810167,18688329401.670044,SZ399006
2026-07-27 10:00:00,3533.1211,3563.7917,3532.786799999997,3553.7640999999953,7489196,22725992328.150043,SZ399006
2026-07-27 10:05:00,3552.8121,3554.984900000001,3538.490699999997,3542.330299999995,6335325,17578256096.720047,SZ399006
2026-07-27 10:10:00,3542.4119,3556.5514000000003,3538.347299999997,3556.025099999993,4378682,12020368617.360048,SZ399006
2026-07-27 10:15:00,3554.8037,3554.8037000000004,3536.9416999999967,3538.726399999992,3882465,10791669794.880049,SZ399006
2026-07-27 10:20:00,3537.6346,3539.9159999999993,3529.1288999999965,3536.135199999993,4066609,10594343486.65005,SZ399006
2026-07-27 10:25:00,3531.6988,3545.8412999999982,3527.981399999996,3531.442699999993,4037175,9678599935.420048,SZ399006
2026-07-27 10:30:00,3532.6273,3550.1986999999995,3531.745699999996,3548.3496999999957,3388134,8571974089.7000475,SZ399006
2026-07-27 10:35:00,3547.1114,3547.1113999999993,3529.559499999997,3531.5193999999956,3838103,9267843956.380049,SZ399006
2026-07-27 10:40:00,3531.7195,3531.719499999999,3520.421899999997,3524.020399999996,3598496,10472041677.91005,SZ399006
2026-07-27 10:45:00,3524.3434,3532.6591999999987,3522.8910999999966,3529.288699999996,2641016,6923935914.180056,SZ399006
2026-07-27 10:50:00,3528.9863,3539.4621999999995,3526.6090999999965,3529.708999999996,2718740,6322047922.930057,SZ399006
2026-07-27 10:55:00,3528.649,3535.4898999999987,3526.345699999997,3532.696199999997,2149511,5839580522.060055,SZ399006
2026-07-27 11:00:00,3531.9511,3536.4220999999993,3527.6607999999965,3527.660799999995,1974394,4839121163.830053,SZ399006
2026-07-27 11:05:00,3527.2758000000003,3533.1420000000007,3524.5902999999953,3533.141999999996,1842172,4771977610.990053,SZ399006
2026-07-27 11:10:00,3533.4058999999997,3544.1525,3530.878999999996,3538.285499999997,1747672,4688574744.840054,SZ399006
2026-07-27 11:15:00,3537.9953,3547.9304,3536.087999999996,3541.541399999996,1659687,4580212491.620054,SZ399006
2026-07-27 11:20:00,3541.5355999999997,3541.6508,3529.736499999997,3535.626699999996,1449591,3873922133.520053,SZ399006
2026-07-27 11:25:00,3535.3012999999996,3544.3718999999996,3533.511699999997,3541.446099999998,1340267,3657188344.3700523,SZ399006
2026-07-27 11:30:00,3541.4703999999997,3543.2299999999996,3534.8126999999963,3534.829399999999,1321549,3352169120.9400535,SZ399006
2026-07-27 13:05:00,3536.7299,3542.9118999999996,3528.897899999997,3531.479799999999,3256853,9265423615.010056,SZ399006
2026-07-27 13:10:00,3531.2043,3534.4033000000004,3522.966099999996,3526.1047,2524293,6137927803.520058,SZ399006
2026-07-27 13:15:00,3525.9995000000004,3527.1353000000013,3513.890099999997,3518.1416000000004,3095594,7310300304.140056,SZ399006
2026-07-27 13:20:00,3517.7749000000003,3519.726900000001,3510.173199999997,3514.199,2192221,5576078338.420058,SZ399006
2026-07-27 13:25:00,3514.3351,3515.796100000001,3507.857499999997,3510.675900000002,1835305,4825541849.3900585,SZ399006
2026-07-27 13:30:00,3510.5165999999995,3510.5166000000013,3503.0354999999954,3508.1402999999978,2466753,6002304382.730059,SZ399006
2026-07-27 13:35:00,3507.2052999999996,3507.2053000000014,3488.421599999995,3498.4281999999967,2917980,7509377631.940058,SZ399006
2026-07-27 13:40:00,3496.7312999999995,3503.680800000002,3494.0257999999953,3497.925399999998,1722455,4567650082.040057,SZ399006
2026-07-27 13:45:00,3497.873699999999,3508.8842000000022,3497.8736999999965,3503.8116999999975,1847387,4479155999.880055,SZ399006
2026-07-27 13:50:00,3503.819899999999,3517.269700000004,3497.2964999999976,3517.0754,2167150,5043379564.660058,SZ399006
2026-07-27 13:55:00,3516.935799999999,3518.922100000004,3508.9698999999964,3510.629599999999,1682394,4778282565.11006,SZ399006
2026-07-27 14:00:00,3511.482399999999,3516.3837000000044,3510.0820999999964,3513.808200000001,1599469,3795032817.4800615,SZ399006
2026-07-27 14:05:00,3513.242099999999,3517.330000000004,3509.839199999996,3516.714399999999,2270282,4981034186.670063,SZ399006
2026-07-27 14:10:00,3516.692899999999,3524.3651000000045,3516.692899999996,3523.1306999999997,2467099,5205986449.230063,SZ399006
2026-07-27 14:15:00,3523.095099999998,3525.9639000000043,3517.0282999999968,3520.4007,1943310,4522179804.830062,SZ399006
2026-07-27 14:20:00,3520.6420999999987,3531.268200000006,3516.607099999997,3531.2682000000013,2176910,5370748982.430063,SZ399006
2026-07-27 14:25:00,3531.025299999999,3542.6432000000063,3530.132799999997,3538.802900000002,2532523,7037063679.660063,SZ399006
2026-07-27 14:30:00,3538.5845999999988,3545.6579000000056,3533.8560999999977,3545.657900000003,2145424,5709828518.250064,SZ399006
2026-07-27 14:35:00,3546.066799999999,3566.646700000004,3546.066799999998,3565.952800000001,3867971,10942132477.030066,SZ399006
2026-07-27 14:40:00,3566.421199999999,3578.0078000000044,3561.283199999997,3576.5864000000015,3521979,10978561628.850063,SZ399006
2026-07-27 14:45:00,3576.6335999999988,3585.987200000003,3576.6335999999965,3584.2865,4003765,12518654978.370062,SZ399006
2026-07-27 14:50:00,3583.576899999998,3588.485900000002,3580.676299999995,3587.229599999999,4251985,12386084761.760063,SZ399006
2026-07-27 14:55:00,3586.8130999999976,3592.100000000002,3582.5090999999948,3590.4449,5641414,14850587837.550068,SZ399006
2026-07-27 15:00:00,3590.393699999998,3590.7872000000025,3588.573599999995,3590.7872000000025,5067515,12755594194.170067,SZ399006
2026-07-28 09:35:00,3478.8636,3509.0883000000013,3472.4552,3509.088300000001,22088125,61155022849.97,SZ399006
2026-07-28 09:40:00,3508.4782,3511.700200000001,3483.0203,3483.020300000002,11097565,30213380033.88999,SZ399006
2026-07-28 09:45:00,3482.3389000000006,3493.5438000000017,3475.954800000001,3481.1162000000018,9062899,23952329604.669987,SZ399006
2026-07-28 09:50:00,3481.1957000000007,3483.171300000002,3462.3450000000003,3464.819900000002,9081360,24365731658.309975,SZ399006
2026-07-28 09:55:00,3464.4737000000005,3477.5133000000014,3452.025599999999,3475.8716,7645805,21650347817.94997,SZ399006
2026-07-28 10:00:00,3477.4159999999997,3479.575900000001,3453.3705999999997,3456.838800000001,4971212,14201799137.53997,SZ399006
2026-07-28 10:05:00,3454.8478,3473.1832000000004,3452.9149999999995,3455.398400000001,4824678,13166617105.429977,SZ399006
2026-07-28 10:10:00,3458.8157999999994,3463.6615000000006,3450.8884999999996,3451.3818000000024,4198559,10712217780.139978,SZ399006
2026-07-28 10:15:00,3450.7618,3450.8784000000005,3439.6917,3443.7103000000016,4671486,12823746956.70998,SZ399006
2026-07-28 10:20:00,3442.7173999999995,3448.6773000000003,3437.2041,3440.6700000000005,3509624,9718029115.489979,SZ399006
2026-07-28 10:25:00,3440.6936,3447.9187000000006,3428.7434999999987,3430.0289,3212803,9672450584.41998,SZ399006
2026-07-28 10:30:00,3429.437899999999,3430.537600000001,3417.9805999999976,3423.1397999999976,3351690,10877521061.739983,SZ399006
2026-07-28 10:35:00,3423.118499999999,3424.377200000001,3414.4557999999984,3417.035699999999,3838095,10367470923.05998,SZ399006
2026-07-28 10:40:00,3416.6475999999993,3416.7436000000007,3398.5169999999985,3401.048799999998,3504206,11177216491.959978,SZ399006
2026-07-28 10:45:00,3401.7899999999995,3402.821100000001,3395.100599999998,3395.2383999999984,2852619,9250777279.019978,SZ399006
2026-07-28 10:50:00,3395.1419999999994,3400.0246,3383.3775999999984,3391.6319999999964,3644489,11524429149.45998,SZ399006
2026-07-28 10:55:00,3391.161699999999,3413.5822000000003,3385.3802999999975,3407.641199999997,2811602,9229380904.879982,SZ399006
2026-07-28 11:00:00,3408.0282999999995,3413.1722000000004,3390.2181,3390.2879999999977,2069364,6100653130.849981,SZ399006
2026-07-28 11:05:00,3390.3991,3391.2524000000008,3380.427199999999,3381.247899999996,2430237,7385154079.95998,SZ399006
2026-07-28 11:10:00,3380.9923,3382.7425999999996,3374.9683999999984,3378.209099999996,2479089,6955030212.17998,SZ399006
2026-07-28 11:15:00,3377.3421000000003,3397.3236,3372.777399999999,3395.3175999999976,2273433,6941360307.059982,SZ399006
2026-07-28 11:20:00,3394.1311,3408.9549000000006,3387.0781999999995,3395.3444999999997,2227893,6519167347.749984,SZ399006
2026-07-28 11:25:00,3393.032100000001,3410.372800000002,3389.356799999999,3405.177999999998,2030122,5833980109.899985,SZ399006
2026-07-28 11:30:00,3405.652600000001,3417.3332000000023,3393.4450999999995,3397.9667999999992,1818451,5208159732.699984,SZ399006
2026-07-28 13:05:00,3394.9336000000008,3394.933600000002,3379.645999999999,3379.646,3544106,9910254335.129982,SZ399006
2026-07-28 13:10:00,3379.0466000000006,3384.859200000001,3372.109599999999,3384.4728,2610925,6989336031.179979,SZ399006
2026-07-28 13:15:00,3385.3690000000006,3396.3212000000008,3378.4400999999984,3387.5396000000005,2426681,6160836436.139981,SZ399006
2026-07-28 13:20:00,3387.5009000000005,3390.941200000001,3373.570299999997,3373.5703,1975874,5698280190.329984,SZ399006
2026-07-28 13:25:00,3373.3605000000007,3377.144800000002,3367.934499999996,3368.516,1819593,6176014375.959983,SZ399006
2026-07-28 13:30:00,3368.2566000000006,3369.9098000000013,3364.414099999996,3364.6254999999987,1879635,5779058195.929985,SZ399006
2026-07-28 13:35:00,3364.5289,3366.192100000001,3353.557699999996,3353.557699999997,2376031,7617799411.0699835,SZ399006
2026-07-28 13:40:00,3354.092900000001,3371.4153,3353.920799999996,3370.416699999996,2533638,7705331188.049983,SZ399006
2026-07-28 13:45:00,3370.8390000000004,3388.9703000000013,3369.653199999996,3377.983399999998,2237534,6240742563.309986,SZ399006
2026-07-28 13:50:00,3378.4242,3382.569500000001,3355.489899999997,3356.613699999998,1793569,5573618263.499986,SZ399006
2026-07-28 13:55:00,3356.0311,3359.583500000001,3352.4140999999972,3352.414099999998,1782416,5920073819.979984,SZ399006
2026-07-28 14:00:00,3352.1376,3361.4112000000005,3352.1375999999973,3357.746499999999,1726853,5105119485.059983,SZ399006
2026-07-28 14:05:00,3357.6041,3362.9645000000005,3356.261499999997,3360.7207999999982,2164705,5733704663.979982,SZ399006
2026-07-28 14:10:00,3359.9798000000005,3360.1628000000005,3352.4652999999985,3352.4652999999985,1781285,5508413747.679981,SZ399006
2026-07-28 14:15:00,3352.1498000000006,3355.2547000000004,3344.8552999999993,3346.066499999997,2153396,6539921191.149979,SZ399006
2026-07-28 14:20:00,3345.9702000000007,3347.479600000001,3336.2216999999996,3346.1687999999986,2771919,9021442464.539974,SZ399006
2026-07-28 14:25:00,3345.5229000000004,3352.393200000001,3339.4253999999996,3343.5530999999983,2036639,6276080320.609976,SZ399006
2026-07-28 14:30:00,3343.6107000000006,3344.118800000001,3337.3486000000007,3344.1187999999984,1615194,5200665782.549975,SZ399006
2026-07-28 14:35:00,3343.9695000000006,3344.0465000000013,3328.6844,3329.688899999999,2618784,8237476434.399975,SZ399006
2026-07-28 14:40:00,3329.9287000000004,3330.1780000000017,3316.8894000000005,3329.0937999999983,3510541,11883818213.119976,SZ399006
2026-07-28 14:45:00,3329.3629,3334.2513000000013,3312.3048999999996,3312.589099999997,3355931,10380299675.499975,SZ399006
2026-07-28 14:50:00,3312.8307,3322.9548000000023,3312.8306999999995,3320.121899999998,4129494,11798499349.219978,SZ399006
2026-07-28 14:55:00,3320.8964000000005,3339.3810000000017,3320.8964,3325.138999999998,4684947,12754937709.609978,SZ399006
2026-07-28 15:00:00,3324.949400000001,3328.8808000000017,3324.9494000000004,3327.0297999999984,4261316,11439184685.15998,SZ399006
2026-07-29 09:35:00,3333.4806999999996,3347.5156999999995,3319.8246000000004,3337.5081000000014,20343949,53590923523.37001,SZ399006
2026-07-29 09:40:00,3334.9285,3363.0876000000017,3334.9285000000004,3355.8254000000034,11104851,30731027439.65002,SZ399006
2026-07-29 09:45:00,3355.526,3355.747000000002,3304.0914000000007,3305.177200000005,10222916,29060984700.74003,SZ399006
2026-07-29 09:50:00,3307.353,3309.061400000003,3283.604799999999,3283.6048000000046,9589104,28197928140.300034,SZ399006
2026-07-29 09:55:00,3282.2377000000006,3295.044000000002,3277.1709999999994,3287.0150000000035,8075238,23369728270.30005,SZ399006
2026-07-29 10:00:00,3284.672800000001,3292.296000000002,3266.4103,3277.0794000000037,6379083,18003268837.35005,SZ399006
2026-07-29 10:05:00,3275.017900000001,3275.017900000002,3257.7506999999982,3262.550900000004,6254158,18426496215.400055,SZ399006
2026-07-29 10:10:00,3262.5482000000015,3271.3263000000015,3249.6468999999984,3270.3976000000043,5874429,18584688608.440056,SZ399006
2026-07-29 10:15:00,3270.491100000001,3309.7473000000005,3270.491099999998,3297.596100000001,5109234,15045623127.940054,SZ399006
2026-07-29 10:20:00,3296.5420000000017,3304.7211,3285.885599999999,3288.0548000000003,3970761,10554574688.600054,SZ399006
2026-07-29 10:25:00,3286.505700000002,3306.8624999999997,3276.484399999999,3306.8624999999997,4098346,10761436845.830057,SZ399006
2026-07-29 10:30:00,3309.6242000000016,3357.0235999999995,3309.624199999999,3351.220099999998,6108833,17652606227.42006,SZ399006
2026-07-29 10:35:00,3351.1311000000014,3359.6816,3337.344799999999,3337.3447999999976,6039326,16084446230.60006,SZ399006
2026-07-29 10:40:00,3336.859400000002,3347.0728000000004,3329.7695000000003,3332.322599999999,4105847,10345091217.550056,SZ399006
2026-07-29 10:45:00,3334.788500000002,3350.3444000000004,3332.9648,3332.965599999999,3156940,8487363284.05006,SZ399006
2026-07-29 10:50:00,3332.8267000000014,3335.7093000000004,3313.936000000001,3313.936,3196446,8171730296.810058,SZ399006
2026-07-29 10:55:00,3313.6254000000013,3316.151,3305.8961999999997,3305.8962000000024,3084174,7433546622.660055,SZ399006
2026-07-29 11:00:00,3305.5638000000013,3312.432799999998,3303.5126,3309.4936000000007,2763984,7412268181.620056,SZ399006
2026-07-29 11:05:00,3309.6190000000015,3320.3534999999983,3305.673300000001,3318.2254999999996,2843704,7041269296.980053,SZ399006
2026-07-29 11:10:00,3318.2184000000016,3330.5252999999984,3301.1512,3330.525299999998,3469917,9120020680.620054,SZ399006
2026-07-29 11:15:00,3330.973900000002,3345.9861999999985,3324.0213,3324.4315999999976,2945363,8588554001.690057,SZ399006
2026-07-29 11:20:00,3324.4352000000017,3332.237499999999,3313.7666000000004,3314.476999999998,1741017,4905892149.600058,SZ399006
2026-07-29 11:25:00,3314.6229000000017,3317.915199999999,3307.406900000001,3310.174399999999,1508616,4557473129.410057,SZ399006
2026-07-29 11:30:00,3310.633800000002,3315.0070999999984,3306.495200000001,3311.3190999999993,1637615,4848624316.330057,SZ399006
2026-07-29 13:05:00,3300.554100000002,3340.5575,3288.088900000001,3340.1844,4348829,12633248279.650055,SZ399006
2026-07-29 13:10:00,3338.888400000002,3358.097299999999,3331.3156000000004,3358.097299999999,3250370,9256736472.34006,SZ399006
2026-07-29 13:15:00,3358.2405000000017,3381.3389999999995,3352.6448,3379.638599999998,4757433,14128540026.800056,SZ399006
2026-07-29 13:20:00,3378.278900000002,3379.4486999999995,3350.2691000000004,3352.9636,3335123,9981362990.910055,SZ399006
2026-07-29 13:25:00,3352.211100000002,3372.1111999999994,3347.7424000000005,3362.9042000000004,2879245,7480219985.990051,SZ399006
2026-07-29 13:30:00,3363.9395000000018,3377.9381999999996,3363.6082999999994,3375.3930000000014,3041618,8800298785.070051,SZ399006
2026-07-29 13:35:00,3375.196500000002,3391.2728000000006,3361.754299999999,3391.2728000000006,3442999,9257929752.15005,SZ399006
2026-07-29 13:40:00,3391.986600000002,3401.481300000001,3388.5335999999993,3401.0236000000027,3517209,10861558675.490053,SZ399006
2026-07-29 13:45:00,3400.957000000002,3411.0318000000016,3398.5635999999995,3398.5636000000036,3868113,11419171899.070053,SZ399006
2026-07-29 13:50:00,3398.4316000000017,3403.385500000002,3375.6537999999996,3375.692300000004,2921348,7825722827.740052,SZ399006
2026-07-29 13:55:00,3375.8561000000013,3380.1050000000014,3363.5915999999997,3364.7175000000025,2401143,6392114014.520052,SZ399006
2026-07-29 14:00:00,3364.688100000001,3375.474400000001,3364.6881,3372.801000000003,2015614,5243594164.570051,SZ399006
2026-07-29 14:05:00,3372.2658000000015,3384.689800000001,3365.655,3365.655000000004,2529742,5958235678.590052,SZ399006
2026-07-29 14:10:00,3364.1931000000013,3364.193100000001,3353.7864000000013,3358.5401000000047,2135724,5505254365.160047,SZ399006
2026-07-29 14:15:00,3359.5691000000015,3368.9259000000015,3356.8660000000013,3368.3323000000055,2086168,5067696563.640046,SZ399006
2026-07-29 14:20:00,3369.0164000000013,3382.0472000000022,3365.562100000002,3378.9359000000063,1959406,5315335850.89005,SZ399006
2026-07-29 14:25:00,3378.8864000000017,3380.391200000002,3363.315400000002,3364.617600000006,1773001,4879148065.950051,SZ399006
2026-07-29 14:30:00,3364.3532000000014,3377.0479000000028,3363.0568000000017,3371.9367000000066,1871871,4964600829.960049,SZ399006
2026-07-29 14:35:00,3371.856700000002,3379.453100000003,3370.0006000000003,3371.9525000000053,2711167,6139119865.840049,SZ399006
2026-07-29 14:40:00,3371.8053000000023,3372.0703000000026,3363.294900000001,3363.434600000006,2608788,6157302971.200048,SZ399006
2026-07-29 14:45:00,3363.820600000002,3374.1801000000023,3363.820600000001,3373.877900000006,2788367,7026518585.030051,SZ399006
2026-07-29 14:50:00,3373.702900000002,3388.5067000000017,3373.4095000000016,3388.506700000005,3995961,9578676871.100052,SZ399006
2026-07-29 14:55:00,3388.0290000000023,3388.029000000002,3379.1438000000026,3379.612200000005,5184500,12018756783.150053,SZ399006
2026-07-29 15:00:00,3379.6680000000024,3382.171900000001,3378.6964000000025,3378.696400000005,4940608,11489733218.550056,SZ399006
2026-07-30 09:35:00,3331.3212,3353.8096,3331.3212,3349.5437,20935535,54791304832.060005,SZ399006
2026-07-30 09:40:00,3347.475,3353.0688000000005,3323.643300000001,3335.760599999999,12492128,31299725537.690002,SZ399006
2026-07-30 09:45:00,3335.3001999999997,3335.3002,3311.271300000001,3319.883299999998,10189151,27112012227.339993,SZ399006
2026-07-30 09:50:00,3319.0160999999994,3319.0161000000003,3282.1592,3298.888399999997,9088227,26684965423.009995,SZ399006
2026-07-30 09:55:00,3298.4035999999996,3321.54,3296.9149,3321.5399999999954,6844100,17938285436.54,SZ399006
2026-07-30 10:00:00,3323.0877,3324.6724,3296.3825000000015,3301.994599999998,6007739,16760659595.969997,SZ399006
2026-07-30 10:05:00,3300.0256,3306.370800000001,3290.011100000001,3291.674799999999,6361876,17465943029.28,SZ399006
2026-07-30 10:10:00,3291.2830000000004,3291.2830000000013,3266.829600000001,3273.320899999999,5857295,18435170451.059994,SZ399006
2026-07-30 10:15:00,3272.9577000000004,3273.2338000000013,3246.785400000001,3247.360299999998,5107683,16393048548.509995,SZ399006
2026-07-30 10:20:00,3246.5762000000004,3269.6317000000013,3246.2312000000015,3267.6219999999967,4579932,14694073191.310005,SZ399006
2026-07-30 10:25:00,3267.616000000001,3267.6160000000013,3244.6818000000026,3245.9059999999986,4205864,11349434341.420013,SZ399006
2026-07-30 10:30:00,3245.705000000001,3259.3763000000013,3241.7586000000024,3246.994699999999,3937523,11148952281.730015,SZ399006
2026-07-30 10:35:00,3248.182000000001,3256.6175000000017,3229.121500000003,3229.1214999999984,4674146,11578260963.080015,SZ399006
2026-07-30 10:40:00,3229.094000000002,3231.106100000002,3217.434300000003,3218.0532999999996,3882264,12083910745.500011,SZ399006
2026-07-30 10:45:00,3218.4974000000025,3233.3679000000025,3214.8194000000026,3217.909799999999,3316698,9902738721.840012,SZ399006
2026-07-30 10:50:00,3218.4504000000024,3232.913800000002,3215.6128000000017,3224.4968000000013,2880797,8279334951.45001,SZ399006
2026-07-30 10:55:00,3223.406600000002,3223.5814000000023,3208.2049000000025,3208.2049000000015,2447218,7117177087.850012,SZ399006
2026-07-30 11:00:00,3208.3315000000016,3208.6107000000025,3198.105300000002,3204.7331,2705120,8939983211.440014,SZ399006
2026-07-30 11:05:00,3202.8118000000013,3205.8550000000023,3193.4781000000025,3203.787999999999,2928602,8624230139.750013,SZ399006
2026-07-30 11:10:00,3204.2508000000016,3223.150800000002,3201.3049000000024,3201.9801999999995,2973429,8444209053.270014,SZ399006
2026-07-30 11:15:00,3202.3086000000017,3204.470100000002,3190.567100000003,3190.6750999999995,3149393,8367800133.730014,SZ399006
2026-07-30 11:20:00,3190.739000000002,3198.6111000000024,3183.6650000000027,3186.9771000000023,2721759,7636463907.12001,SZ399006
2026-07-30 11:25:00,3187.879800000002,3198.6334000000015,3180.7907000000027,3191.091800000002,3168303,8536595144.130007,SZ399006
2026-07-30 11:30:00,3191.824100000002,3192.4373000000014,3175.7802000000033,3179.5804000000003,2496916,7334388017.470005,SZ399006
2026-07-30 13:05:00,3176.6913000000027,3178.7435000000014,3158.139300000003,3168.3919,5066128,15322707851.560005,SZ399006
2026-07-30 13:10:00,3168.220900000003,3230.998700000003,3168.220900000003,3224.475100000002,4075522,13022349919.64,SZ399006
2026-07-30 13:15:00,3223.488300000003,3223.4883000000027,3199.9236000000024,3217.436000000002,3445506,9638900959.81,SZ399006
2026-07-30 13:20:00,3217.211100000003,3223.029000000003,3196.460800000002,3213.995000000002,4154647,9602138986.980003,SZ399006
2026-07-30 13:25:00,3212.5797000000034,3261.8551000000043,3209.907100000002,3259.703900000003,3653016,12494458007.140001,SZ399006
2026-07-30 13:30:00,3260.4276000000036,3271.3273000000045,3254.3707000000027,3265.9043000000047,3660985,13075376484.640003,SZ399006
2026-07-30 13:35:00,3263.476400000003,3263.476400000005,3237.2535000000003,3244.8531000000044,2707467,8434570117.260002,SZ399006
2026-07-30 13:40:00,3244.274400000003,3248.6484000000046,3220.344700000001,3223.6035000000047,2836818,7156492569.370004,SZ399006
2026-07-30 13:45:00,3224.9913000000024,3248.347700000003,3224.558200000001,3244.5286000000056,2162373,6561467323.290003,SZ399006
2026-07-30 13:50:00,3247.6324000000022,3272.907700000002,3247.6324000000013,3255.4969000000037,2478340,7934927820.29,SZ399006
2026-07-30 13:55:00,3254.441200000002,3268.659500000004,3243.3966,3266.6587000000045,1989204,6096583913.73,SZ399006
2026-07-30 14:00:00,3267.279600000002,3282.452400000004,3257.9465,3270.748000000004,2073605,7235497584.2300005,SZ399006
2026-07-30 14:05:00,3269.0430000000015,3283.676,3260.4407,3283.676,2406894,7259063644.84,SZ399006
2026-07-30 14:10:00,3285.0301,3296.8893,3285.0301,3293.6868,2319656,8722993861.23,SZ399006
2026-07-30 14:15:00,3293.1091,3299.5474,3281.0221,3286.9613,2024046,7398800963.469999,SZ399006
2026-07-30 14:20:00,3286.3021,3322.283600000001,3286.3021,3322.2836000000016,2580284,8668863119.18,SZ399006
2026-07-30 14:25:00,3323.0902,3333.775600000001,3316.117300000001,3323.6069000000016,3523023,12005356936.769997,SZ399006
2026-07-30 14:30:00,3323.8649,3323.8649000000005,3298.7825000000003,3310.6320000000005,2293355,7242954229.279995,SZ399006
2026-07-30 14:35:00,3311.2861,3318.7518,3284.5968,3293.6831000000006,3476223,8995762894.05,SZ399006
2026-07-30 14:40:00,3292.5887,3292.7173000000003,3268.227399999999,3270.4159999999997,3286128,8430594670.600001,SZ399006
2026-07-30 14:45:00,3270.6844,3272.4729,3262.624199999999,3265.6867,3513096,9391280107.470003,SZ399006
2026-07-30 14:50:00,3265.6147,3267.115,3252.4435999999996,3252.4435999999987,4179921,11096583235.290003,SZ399006
2026-07-30 14:55:00,3252.4267,3267.3701000000005,3251.3748,3251.5214999999994,5014099,12685167531.280008,SZ399006
2026-07-30 15:00:00,3252.1795,3252.8870000000006,3244.6179,3244.6178999999993,4886459,11957151187.720005,SZ399006
2026-07-31 09:35:00,3411.6115,3428.8022000000005,3405.7096,3406.1277000000027,32499241,115305380527.83,SZ399006
2026-07-31 09:40:00,3405.8912000000005,3424.3740000000003,3385.8819000000008,3424.2727000000027,15088801,46722937624.229996,SZ399006
2026-07-31 09:45:00,3425.3862,3437.098,3424.9810000000007,3426.422200000002,12621339,37194331190.44001,SZ399006
2026-07-31 09:50:00,3426.2704,3456.1278,3426.270400000001,3454.2102,10103487,31071982443.740005,SZ399006
2026-07-31 09:55:00,3454.6021,3463.3079000000016,3453.712200000001,3457.0822000000007,8337027,24826760256.610004,SZ399006
2026-07-31 10:00:00,3458.5973000000004,3464.897400000001,3456.545200000001,3458.5452000000005,7568782,20915119790.1,SZ399006
2026-07-31 10:05:00,3458.3313000000007,3459.345100000001,3432.4845,3433.7065999999986,8391741,22669639858.559998,SZ399006
2026-07-31 10:10:00,3433.738700000001,3445.6638,3431.791700000001,3435.1601999999984,6875353,18995028409.750004,SZ399006
2026-07-31 10:15:00,3436.397300000001,3444.733999999999,3425.9185000000007,3425.918499999998,6456122,16591407597.640013,SZ399006
2026-07-31 10:20:00,3424.903600000001,3424.903599999999,3409.1022999999996,3422.292299999996,6617941,17974793152.05001,SZ399006
2026-07-31 10:25:00,3420.9181000000012,3429.4093999999996,3405.298699999999,3405.338099999997,5698198,15407745596.080013,SZ399006
2026-07-31 10:30:00,3405.6330000000016,3421.384600000001,3405.632999999999,3412.741899999999,5549569,13749883601.770014,SZ399006
2026-07-31 10:35:00,3411.811200000002,3412.2712000000006,3402.7527999999993,3408.1034999999965,5145506,12486216551.370014,SZ399006
2026-07-31 10:40:00,3407.543100000002,3417.6254,3392.424599999997,3392.856299999995,4832047,11410054145.330015,SZ399006
2026-07-31 10:45:00,3392.529300000002,3417.0933999999993,3392.529299999997,3413.623999999995,4501493,10064382157.800016,SZ399006
2026-07-31 10:50:00,3413.378000000002,3418.8912,3400.1943999999976,3400.6860999999944,4035667,8946811281.720018,SZ399006
2026-07-31 10:55:00,3400.4323000000018,3410.5922999999993,3397.432899999998,3409.8397999999956,3540353,8179567275.690015,SZ399006
2026-07-31 11:00:00,3409.8203000000017,3422.0462999999986,3409.4403999999977,3409.6844999999953,3914735,9233399561.570015,SZ399006
2026-07-31 11:05:00,3410.190200000002,3410.190199999998,3394.9082999999973,3394.9082999999955,4695046,10512624219.790018,SZ399006
2026-07-31 11:10:00,3394.7011000000025,3399.093399999999,3386.3094999999976,3386.640099999997,3481207,8289960658.440018,SZ399006
2026-07-31 11:15:00,3386.5397000000025,3389.390999999999,3376.6155999999964,3379.3815999999965,3501266,8706899232.440022,SZ399006
2026-07-31 11:20:00,3379.5284000000024,3399.5308999999984,3379.1047999999964,3399.530899999997,2511144,6989093380.740025,SZ399006
2026-07-31 11:25:00,3400.434200000003,3409.8435999999983,3389.788999999997,3390.0353999999957,2333221,6539393291.350022,SZ399006
2026-07-31 11:30:00,3389.500500000003,3409.6322999999984,3389.500499999997,3408.148599999995,2077067,5477542712.160021,SZ399006
2026-07-31 13:05:00,3414.485900000003,3423.9872999999984,3398.922299999997,3408.4462999999937,4665560,12275643270.770027,SZ399006
2026-07-31 13:10:00,3409.427300000003,3414.2374999999993,3396.5500999999954,3396.8935999999926,2815912,7547003035.23003,SZ399006
2026-07-31 13:15:00,3396.9791000000027,3405.827199999998,3392.354699999996,3405.827199999994,2530539,6506185149.060031,SZ399006
2026-07-31 13:20:00,3405.7868000000026,3422.7648999999983,3404.913699999997,3420.816499999993,2887906,8284433116.640027,SZ399006
2026-07-31 13:25:00,3421.650800000003,3428.5250999999985,3414.4960999999967,3414.496099999994,2923830,8252634355.780027,SZ399006
2026-07-31 13:30:00,3414.289600000003,3414.2895999999982,3403.7821999999974,3408.2649999999953,2159005,5720805649.080027,SZ399006
2026-07-31 13:35:00,3406.973500000003,3406.9734999999987,3400.003499999998,3401.039599999996,2265474,5892838335.550027,SZ399006
2026-07-31 13:40:00,3400.2145000000028,3402.5157999999983,3396.0376999999967,3398.518199999994,2508185,6096791553.030024,SZ399006
2026-07-31 13:45:00,3398.1128000000026,3400.788699999997,3395.765399999997,3395.9187999999936,1887269,5036001904.850021,SZ399006
2026-07-31 13:50:00,3395.9727000000025,3396.8627999999967,3391.591899999997,3396.862799999994,2108831,5541351838.400021,SZ399006
2026-07-31 13:55:00,3396.303200000003,3397.560499999997,3389.594199999997,3390.551599999993,1785906,4922673947.87002,SZ399006
2026-07-31 14:00:00,3389.9382000000032,3393.2881999999972,3384.999099999997,3391.840999999995,2211926,5566803309.16002,SZ399006
2026-07-31 14:05:00,3391.581200000003,3395.564099999997,3387.3306999999977,3388.5574999999953,2321092,5515111898.500021,SZ399006
2026-07-31 14:10:00,3388.418800000002,3388.4187999999967,3381.0030000000006,3381.032499999999,2003413,5084772153.310022,SZ399006
2026-07-31 14:15:00,3380.900400000002,3380.900399999997,3375.1339,3379.3642999999984,2455751,6540924123.790023,SZ399006
2026-07-31 14:20:00,3378.924600000002,3379.0626999999963,3372.4348999999993,3374.8981,2353520,6007534322.090023,SZ399006
2026-07-31 14:25:00,3374.764800000002,3387.450699999996,3373.834599999999,3387.4506999999994,2587713,6573259995.1100235,SZ399006
2026-07-31 14:30:00,3387.295500000002,3393.1799999999967,3382.5199,3391.646100000001,2632292,6554650680.510024,SZ399006
2026-07-31 14:35:00,3391.322400000002,3391.322399999997,3375.896400000001,3379.1877000000004,3071549,7079527603.830023,SZ399006
2026-07-31 14:40:00,3379.284900000002,3381.6317999999965,3376.170400000001,3376.6908,2873960,7146424259.320024,SZ399006
2026-07-31 14:45:00,3376.179200000002,3376.1791999999964,3359.9826000000003,3360.7455999999993,4795428,12521345293.95002,SZ399006
2026-07-31 14:50:00,3360.4618000000023,3360.461799999997,3349.6067,3350.443299999997,5028600,12854307054.050018,SZ399006
2026-07-31 14:55:00,3350.4278000000018,3350.691899999996,3347.5747,3347.739299999998,5888298,14328377593.550024,SZ399006
2026-07-31 15:00:00,3347.5265000000018,3349.4889999999973,3343.9640999999992,3343.9640999999974,6103523,14537479423.910028,SZ399006
2026-08-03 09:35:00,3320.0927,3337.042600000001,3300.2933000000007,3329.771500000002,25061936,63160212776.179985,SZ399006
2026-08-03 09:40:00,3330.3860999999997,3339.443400000001,3308.468300000001,3308.4683000000027,13737817,34184321165.529987,SZ399006
2026-08-03 09:45:00,3307.3886,3313.6551000000013,3288.3373000000015,3288.406400000005,11374626,29577998695.34999,SZ399006
2026-08-03 09:50:00,3287.1155,3312.172200000001,3280.8429000000015,3312.122500000003,9504939,24700742774.889984,SZ399006
2026-08-03 09:55:00,3311.4656999999997,3319.8067,3296.826900000001,3311.264600000005,7279659,17921187894.789986,SZ399006
2026-08-03 10:00:00,3310.458399999999,3320.8486,3305.2438000000016,3314.671400000006,5947784,14747007774.369984,SZ399006
2026-08-03 10:05:00,3314.972199999999,3325.0833,3310.0102000000015,3316.1565000000064,5822583,14694834394.979977,SZ399006
2026-08-03 10:10:00,3317.257899999999,3325.1876000000007,3311.0054000000023,3313.4918000000057,5554612,13464208370.319973,SZ399006
2026-08-03 10:15:00,3313.4522999999986,3321.8892000000005,3310.6112000000016,3320.6384000000053,5825154,13835175348.759981,SZ399006
2026-08-03 10:20:00,3320.655299999998,3320.8418,3304.1571000000017,3305.474000000004,4570506,10888957137.38998,SZ399006
2026-08-03 10:25:00,3305.549599999998,3320.868899999998,3305.143000000002,3305.9443000000033,3943691,10315856631.339977,SZ399006
2026-08-03 10:30:00,3305.680299999998,3307.081599999998,3293.338700000001,3293.3387000000016,3242829,8575739960.419978,SZ399006
2026-08-03 10:35:00,3293.3447999999985,3306.015599999999,3291.6699000000012,3306.015600000002,3390992,8530475142.259976,SZ399006
2026-08-03 10:40:00,3305.6279999999983,3321.0465999999997,3301.975200000001,3310.5027000000036,3456732,9069206391.609978,SZ399006
2026-08-03 10:45:00,3310.5231999999983,3325.269399999999,3305.4959000000003,3317.6235000000024,2733955,6748034490.42998,SZ399006
2026-08-03 10:50:00,3316.7822999999985,3320.8830999999996,3303.7817999999997,3305.379100000002,2899181,7007810609.769982,SZ399006
2026-08-03 10:55:00,3305.562599999999,3315.4244999999996,3301.4064999999996,3312.9954000000043,2550660,6527637294.68998,SZ399006
2026-08-03 11:00:00,3313.5988999999986,3332.027799999999,3306.0238000000004,3329.4073000000053,2455477,7585177617.65998,SZ399006
2026-08-03 11:05:00,3329.3484999999987,3342.1729999999993,3326.814100000002,3326.814100000006,2824159,9171725745.02998,SZ399006
2026-08-03 11:10:00,3326.603699999998,3326.603699999999,3310.3155000000015,3311.983000000005,2193846,6403233768.429981,SZ399006
2026-08-03 11:15:00,3312.118999999998,3316.967299999999,3308.2754000000004,3311.889800000008,1991964,5327412149.85998,SZ399006
2026-08-03 11:20:00,3312.194399999998,3323.4400000000005,3310.608200000001,3323.440000000008,1930015,5297178809.01998,SZ399006
2026-08-03 11:25:00,3325.131099999998,3332.1941000000006,3312.8707,3330.4659000000083,1920044,5415573459.13998,SZ399006
2026-08-03 11:30:00,3330.1611999999977,3337.3695,3322.9392000000003,3329.125700000008,1733903,5322845611.619978,SZ399006
2026-08-03 13:05:00,3332.5902999999976,3342.1122,3332.0475000000006,3334.3839000000075,3049449,9277176147.98998,SZ399006
2026-08-03 13:10:00,3334.832699999997,3335.908200000001,3320.681999999999,3324.919300000006,2338238,6839434796.049983,SZ399006
2026-08-03 13:15:00,3324.031999999997,3330.6807000000026,3320.211499999998,3322.498600000007,1830197,4895603867.519982,SZ399006
2026-08-03 13:20:00,3322.4884999999977,3327.5327000000025,3318.2409000000007,3318.5796000000073,1879224,4752870306.219983,SZ399006
2026-08-03 13:25:00,3318.9295999999977,3321.4369000000024,3314.939300000001,3318.0284000000065,1693749,4623676676.419983,SZ399006
2026-08-03 13:30:00,3317.9511999999977,3320.879400000002,3314.112300000001,3316.6033000000057,1617745,4489205615.319982,SZ399006
2026-08-03 13:35:00,3316.564399999998,3317.577300000002,3308.9909000000016,3312.2330000000065,2002794,5068197992.129981,SZ399006
2026-08-03 13:40:00,3312.2050999999974,3316.0467000000026,3306.295600000002,3309.870900000007,1905956,4751084194.319983,SZ399006
2026-08-03 13:45:00,3309.4387999999976,3315.6885000000025,3307.684600000003,3310.6367000000073,1947480,4545162676.329983,SZ399006
2026-08-03 13:50:00,3310.300299999998,3310.9710000000027,3305.4679000000024,3305.467900000006,1939764,4362985244.609982,SZ399006
2026-08-03 13:55:00,3305.524899999998,3309.5656000000013,3304.4507000000026,3305.5785000000064,1977059,4622409019.959982,SZ399006
2026-08-03 14:00:00,3305.937699999998,3305.9377000000013,3298.056700000003,3298.056700000007,1989212,5424045389.459981,SZ399006
2026-08-03 14:05:00,3298.0724999999984,3298.7951000000016,3294.129900000004,3294.1299000000067,2249490,5820922170.339983,SZ399006
2026-08-03 14:10:00,3294.2145999999984,3296.5787000000014,3287.988200000005,3289.352600000008,2406050,6718444166.579983,SZ399006
2026-08-03 14:15:00,3290.4841999999985,3306.2993000000015,3290.484200000005,3306.299300000009,2375759,6116922550.499984,SZ399006
2026-08-03 14:20:00,3307.2607999999987,3307.2608000000014,3296.756100000005,3297.7310000000107,1930169,4798432323.609983,SZ399006
2026-08-03 14:25:00,3297.856899999999,3313.005600000001,3296.2296000000056,3312.647100000008,2601640,5746038671.389985,SZ399006
2026-08-03 14:30:00,3313.054299999999,3315.7715000000007,3305.956000000005,3305.95600000001,2327018,5600696293.619986,SZ399006
2026-08-03 14:35:00,3305.897299999999,3308.4590000000003,3297.8578000000043,3300.2237000000077,2778785,6044943684.459986,SZ399006
2026-08-03 14:40:00,3301.264199999999,3303.6738000000005,3297.0199000000043,3297.1949000000086,2625666,6107269094.839985,SZ399006
2026-08-03 14:45:00,3298.052199999999,3299.9137000000005,3297.219400000004,3299.3374000000085,3172486,7284519037.609985,SZ399006
2026-08-03 14:50:00,3299.2761999999993,3302.8975,3298.847900000004,3302.431900000008,4216826,9385656738.279985,SZ399006
2026-08-03 14:55:00,3302.1295999999993,3304.8378000000007,3299.5139000000054,3299.843100000007,5886404,12283664099.009989,SZ399006
2026-08-03 15:00:00,3300.474799999999,3302.5534,3299.4969000000056,3302.5534,5595609,11687788586.379993,SZ399006
2026-08-04 09:35:00,3353.5119,3361.7424000000005,3342.4065000000014,3351.1305000000025,22504970,62363981218.21,SZ399006
2026-08-04 09:40:00,3350.9978,3382.316500000001,3350.9978000000015,3381.936200000001,11941829,33809329824.590008,SZ399006
2026-08-04 09:45:00,3382.9975,3393.0190999999995,3373.3095000000008,3390.6266999999993,10033573,29289329350.630016,SZ399006
2026-08-04 09:50:00,3391.8728,3406.0556,3384.6688000000013,3404.8752000000004,8513719,25839861883.420025,SZ399006
2026-08-04 09:55:00,3405.488,3421.7909999999993,3405.488000000001,3421.428499999999,7927465,23924760209.280025,SZ399006
2026-08-04 10:00:00,3421.893,3432.2072999999996,3417.5958000000014,3417.595799999999,8054315,23749964031.710022,SZ399006
2026-08-04 10:05:00,3417.1464,3417.1463999999996,3400.070900000001,3403.8631999999984,7650962,22068666934.780014,SZ399006
2026-08-04 10:10:00,3404.1139000000003,3421.958799999999,3400.367800000001,3416.5406999999977,6281184,16987348856.72001,SZ399006
2026-08-04 10:15:00,3415.2792,3415.279199999999,3401.2778000000003,3410.170799999997,6404692,15771152823.56001,SZ399006
2026-08-04 10:20:00,3410.1498,3419.8629999999966,3404.9867000000017,3419.8629999999985,4360233,10876626043.110018,SZ399006
2026-08-04 10:25:00,3420.1362,3422.011399999996,3407.8005,3407.800499999995,3771695,9689427243.710018,SZ399006
2026-08-04 10:30:00,3407.1809000000003,3421.699999999997,3405.9883,3419.3014999999955,3150797,8665093737.820017,SZ399006
2026-08-04 10:35:00,3419.0503,3429.065899999997,3416.6935000000008,3419.490999999995,3727384,9839929954.260015,SZ399006
2026-08-04 10:40:00,3419.3601,3431.9459999999963,3419.360100000001,3431.945999999994,3284863,9241104278.700018,SZ399006
2026-08-04 10:45:00,3432.0186,3437.2884999999965,3422.5591000000018,3431.9212999999945,3135588,9478652320.870022,SZ399006
2026-08-04 10:50:00,3432.6942999999997,3437.964799999995,3430.670100000001,3431.088399999994,2828389,8044157662.330023,SZ399006
2026-08-04 10:55:00,3430.264899999999,3430.264899999995,3420.9954,3420.995399999995,2799668,7002940105.250024,SZ399006
2026-08-04 11:00:00,3421.726799999999,3430.8986999999956,3419.4368000000004,3419.451599999996,2216941,5973443444.760022,SZ399006
2026-08-04 11:05:00,3418.9372999999987,3419.980899999996,3411.117400000001,3414.662099999998,2427310,6186156122.590023,SZ399006
2026-08-04 11:10:00,3414.8987999999986,3432.827799999997,3414.0519000000013,3432.8278000000005,2125854,5543988116.900024,SZ399006
2026-08-04 11:15:00,3432.8427999999985,3439.6580999999965,3430.252200000002,3439.6581000000015,2280276,7073960754.500023,SZ399006
2026-08-04 11:20:00,3439.8198999999986,3443.385299999996,3433.826800000003,3443.205000000004,2346062,6811674187.380022,SZ399006
2026-08-04 11:25:00,3443.056999999999,3445.913399999997,3440.362500000004,3444.3229000000056,2216042,7627317681.870024,SZ399006
2026-08-04 11:30:00,3444.922299999999,3462.1259999999957,3444.922300000004,3462.0487000000026,2649427,9749920985.210022,SZ399006
2026-08-04 13:05:00,3463.5517999999993,3479.456699999996,3461.684200000003,3478.4178000000024,5148996,18913488018.500015,SZ399006
2026-08-04 13:10:00,3478.273199999999,3478.273199999996,3464.3763000000017,3464.376300000001,3383854,10904496433.750013,SZ399006
2026-08-04 13:15:00,3464.028499999999,3467.801999999995,3459.070200000001,3466.1798999999996,3045620,8737895608.520016,SZ399006
2026-08-04 13:20:00,3466.8491999999987,3467.8717999999944,3453.074000000001,3454.894799999999,2886856,7987691342.850018,SZ399006
2026-08-04 13:25:00,3454.9856999999984,3471.1425999999933,3454.204500000001,3467.9872999999957,2643535,7586902595.83002,SZ399006
2026-08-04 13:30:00,3468.3738999999987,3481.2935999999936,3468.3739000000014,3481.2935999999945,2942276,8521934154.190022,SZ399006
2026-08-04 13:35:00,3481.2226999999984,3485.5465999999924,3478.8856000000014,3481.598199999994,3326888,9500225859.13002,SZ399006
2026-08-04 13:40:00,3481.9340999999986,3489.736999999992,3481.1248000000014,3486.568499999993,3181609,9474551071.780022,SZ399006
2026-08-04 13:45:00,3486.915399999998,3491.9065999999925,3483.872800000001,3488.716299999993,3049575,8383040245.090019,SZ399006
2026-08-04 13:50:00,3488.992499999998,3496.343399999993,3488.9925000000007,3492.7413999999935,3488491,8609480475.380018,SZ399006
2026-08-04 13:55:00,3492.638299999998,3493.346099999993,3486.8955000000014,3490.607599999993,3053946,7333696687.660018,SZ399006
2026-08-04 14:00:00,3490.082899999997,3497.2681999999927,3488.8452000000016,3497.268199999993,2449780,7062764908.960019,SZ399006
2026-08-04 14:05:00,3497.414299999997,3502.7039999999915,3497.391300000001,3501.9665999999934,3268702,9029273317.440022,SZ399006
2026-08-04 14:10:00,3501.9125999999974,3505.000899999991,3497.508700000001,3504.9433999999933,3204484,7336478347.120023,SZ399006
2026-08-04 14:15:00,3504.8831999999975,3510.5117999999925,3496.1087000000016,3496.1086999999948,3231757,8475085141.310023,SZ399006
2026-08-04 14:20:00,3494.7036999999973,3494.7036999999923,3483.2258000000015,3484.1941999999954,4371916,11043797512.060022,SZ399006
2026-08-04 14:25:00,3484.6323999999972,3488.8857999999923,3482.0568000000003,3486.9974999999954,2838878,7406620253.140024,SZ399006
2026-08-04 14:30:00,3487.1583999999975,3493.8659999999923,3487.1584000000007,3493.5290999999947,2352104,6567010581.920027,SZ399006
2026-08-04 14:35:00,3493.230299999998,3495.5786999999928,3478.8975000000005,3478.8974999999946,3851931,9578902177.44003,SZ399006
2026-08-04 14:40:00,3478.944599999998,3484.5541999999937,3477.6474000000007,3481.1666999999934,3255407,8398007823.370026,SZ399006
2026-08-04 14:45:00,3480.8733999999986,3481.2744999999945,3477.373700000001,3477.7916999999925,3688057,9006236053.940025,SZ399006
2026-08-04 14:50:00,3477.7411999999986,3482.038399999994,3477.741200000001,3481.1582999999932,4272785,10476555319.370026,SZ399006
2026-08-04 14:55:00,3481.109099999998,3486.1821999999947,3481.0046000000007,3485.950799999994,6115593,14261144617.950024,SZ399006
2026-08-04 15:00:00,3485.8991999999985,3491.1832999999942,3485.8992000000007,3488.966299999994,6130396,14638376698.290024,SZ399006
2026-08-05 09:35:00,3372.0823,3445.6172000000006,3372.042,3434.909100000001,23063181,88150299563.34,SZ399006
2026-08-05 09:40:00,3437.9766999999997,3463.0447000000013,3437.9767000000006,3450.418700000002,12503403,43069694908.03,SZ399006
2026-08-05 09:45:00,3453.5186,3476.7740000000013,3453.518600000001,3472.5901000000013,9828788,31898125898.769997,SZ399006
2026-08-05 09:50:00,3472.4907000000003,3500.3734000000013,3472.479600000001,3484.6109,9531670,30190303132.33001,SZ399006
2026-08-05 09:55:00,3484.9313,3500.036100000001,3479.0348000000017,3491.107700000001,8697133,24871223637.370007,SZ399006
2026-08-05 10:00:00,3491.5204000000003,3498.311100000001,3477.1449000000025,3477.309300000001,7543853,22294136937.490005,SZ399006
2026-08-05 10:05:00,3479.1026,3482.6615000000006,3471.418100000002,3472.3341000000014,6851217,20633627737.430004,SZ399006
2026-08-05 10:10:00,3472.2415,3474.0995000000007,3454.4265000000028,3460.874300000004,5850885,20030151388.710003,SZ399006
2026-08-05 10:15:00,3461.3353,3461.402500000001,3433.873500000004,3446.6361000000043,7232964,22606721638.56001,SZ399006
2026-08-05 10:20:00,3446.6620999999996,3448.034400000001,3428.147100000004,3444.6758000000054,6500092,20117429493.220005,SZ399006
2026-08-05 10:25:00,3445.5447999999997,3462.294,3439.5933000000045,3459.4839000000043,5010157,14919034644.900013,SZ399006
2026-08-05 10:30:00,3459.8842999999997,3460.1939,3451.098500000005,3454.598500000005,3749752,10671039703.960014,SZ399006
2026-08-05 10:35:00,3454.6568,3458.964400000002,3443.1332000000048,3458.8439000000076,4231162,11791200055.400015,SZ399006
2026-08-05 10:40:00,3457.4112,3472.7868000000017,3455.3090000000047,3466.049300000007,3350915,9834444997.97002,SZ399006
2026-08-05 10:45:00,3466.5004,3478.6097000000022,3466.5004000000044,3477.721200000009,3121747,9371130724.32002,SZ399006
2026-08-05 10:50:00,3477.846,3491.3342000000043,3477.5015000000053,3490.9965000000097,3365282,10139790755.110023,SZ399006
2026-08-05 10:55:00,3490.6038000000003,3491.147600000005,3483.5951000000055,3491.1476000000116,3152373,9612313369.390028,SZ399006
2026-08-05 11:00:00,3491.4469000000004,3494.745200000005,3485.2249000000047,3486.024900000013,2631078,7966020130.040026,SZ399006
2026-08-05 11:05:00,3486.8663,3496.2047000000043,3486.8663000000047,3492.280200000012,2876591,9120178520.020027,SZ399006
2026-08-05 11:10:00,3491.6214999999997,3495.6448000000028,3485.2070000000053,3495.122600000011,2912652,8279840218.360029,SZ399006
2026-08-05 11:15:00,3495.6231999999995,3506.4049000000023,3494.5694000000053,3506.404900000011,2735203,8450529108.590032,SZ399006
2026-08-05 11:20:00,3506.6216999999992,3519.537600000003,3506.6217000000056,3510.0168000000112,3186182,10968080063.310032,SZ399006
2026-08-05 11:25:00,3509.9058999999993,3522.3038000000024,3506.1547000000046,3521.675000000011,2580065,8349027716.160033,SZ399006
2026-08-05 11:30:00,3521.194299999999,3526.007700000002,3518.6811000000043,3519.862500000012,2664701,8669724809.51003,SZ399006
2026-08-05 13:05:00,3523.691699999999,3549.455400000002,3523.691700000005,3549.4554000000144,5398546,19136707492.000023,SZ399006
2026-08-05 13:10:00,3549.648799999999,3549.6628000000023,3531.707800000005,3536.993800000014,3930487,12675765975.460022,SZ399006
2026-08-05 13:15:00,3534.9422999999992,3557.0075000000015,3533.424300000005,3549.794100000015,3452763,12027124175.840023,SZ399006
2026-08-05 13:20:00,3548.838299999999,3562.6616000000017,3544.4626000000044,3559.235600000015,3461777,11319032155.490019,SZ399006
2026-08-05 13:25:00,3559.6959999999995,3576.1872000000008,3558.4152000000045,3576.187200000013,3385311,11832954014.630014,SZ399006
2026-08-05 13:30:00,3576.2977999999994,3584.0617000000016,3568.501200000004,3568.576000000015,3708552,12316833568.890018,SZ399006
2026-08-05 13:35:00,3568.4804999999997,3573.7589000000007,3566.3172000000036,3570.5101000000145,3049918,9519947286.650017,SZ399006
2026-08-05 13:40:00,3570.416,3570.4614000000006,3549.981400000004,3556.168300000015,4371274,11856743504.870014,SZ399006
2026-08-05 13:45:00,3556.7767,3570.8662,3553.7915000000035,3570.622300000013,3434355,9646644390.990007,SZ399006
2026-08-05 13:50:00,3571.3262999999997,3577.513899999999,3564.346600000004,3566.451800000014,2796152,8754061145.710003,SZ399006
2026-08-05 13:55:00,3567.5495999999994,3575.4164,3564.0373000000045,3566.848000000015,2429113,7118678740.350001,SZ399006
2026-08-05 14:00:00,3566.4505999999997,3566.6075,3555.5988000000057,3560.9794000000143,2465100,7429480825.6900015,SZ399006
2026-08-05 14:05:00,3560.7259999999997,3560.726,3545.6151000000045,3547.096400000014,4626098,11035712577.249996,SZ399006
2026-08-05 14:10:00,3547.2760999999996,3547.276100000001,3529.933900000005,3542.5818000000168,4864573,12585680917.069996,SZ399006
2026-08-05 14:15:00,3542.864599999999,3545.3868000000007,3527.0124000000055,3528.845600000016,2889686,8120172190.889997,SZ399006
2026-08-05 14:20:00,3529.3496,3530.5447000000013,3512.567900000005,3515.861200000014,3907030,11330155838.33,SZ399006
2026-08-05 14:25:00,3516.0985000000005,3523.881800000002,3512.7905000000046,3523.8818000000138,3322647,9402930960.009998,SZ399006
2026-08-05 14:30:00,3524.3310000000006,3535.4475000000025,3524.3310000000047,3533.904000000015,2775938,7333827983.1,SZ399006
2026-08-05 14:35:00,3533.6570000000006,3533.9435000000026,3528.354500000005,3532.2751000000144,3523534,8203512048.800004,SZ399006
2026-08-05 14:40:00,3532.234100000001,3532.6596000000027,3523.499400000004,3523.758600000013,3473346,8921503295.280003,SZ399006
2026-08-05 14:45:00,3523.4487000000013,3526.8817000000035,3522.561000000004,3526.7020000000143,3798218,9479395189.970001,SZ399006
2026-08-05 14:50:00,3526.4934000000017,3532.021600000003,3526.493400000005,3531.8749000000107,4454909,11245579400.27,SZ399006
2026-08-05 14:55:00,3531.533300000002,3534.261200000004,3530.3806000000036,3534.25700000001,6235654,15710472382.170002,SZ399006
2026-08-05 15:00:00,3534.2206000000024,3537.883500000005,3534.220600000004,3535.1431000000102,6509517,16256834291.890003,SZ399006
2026-08-06 09:35:00,3472.1465,3477.6969999999997,3444.3585000000003,3453.086299999999,23549399,74345747089.79004,SZ399006
2026-08-06 09:40:00,3453.7182,3484.3137000000015,3453.7182000000003,3484.3061,13029477,38461234040.270035,SZ399006
2026-08-06 09:45:00,3484.3678999999997,3491.5578000000023,3472.8225999999995,3489.8107000000005,10188298,29717316136.140038,SZ399006
2026-08-06 09:50:00,3489.9192,3498.939000000002,3488.773,3489.443800000002,8593156,24863357048.820045,SZ399006
2026-08-06 09:55:00,3490.0969,3490.096900000002,3478.664500000001,3486.5267,9007820,24386709858.73005,SZ399006
2026-08-06 10:00:00,3485.8433,3507.654000000002,3485.843300000002,3507.654000000002,7129596,20810431353.650047,SZ399006
2026-08-06 10:05:00,3507.8605,3510.157900000001,3499.286400000001,3500.8871000000017,6285368,19228994315.890045,SZ399006
2026-08-06 10:10:00,3499.625,3513.6020000000003,3498.1184000000007,3513.602000000001,4930086,15131594240.340044,SZ399006
2026-08-06 10:15:00,3514.0266,3517.3938,3502.6639,3516.6114,4813947,14915257576.110039,SZ399006
2026-08-06 10:20:00,3516.8432000000003,3530.473099999999,3509.6926000000003,3528.442499999998,4974716,16324471620.700037,SZ399006
2026-08-06 10:25:00,3528.1588000000006,3534.4128999999975,3522.452999999999,3532.2264999999984,4728850,16449097193.82004,SZ399006
2026-08-06 10:30:00,3532.207800000001,3553.8570999999974,3531.7516000000005,3552.690999999998,4950066,16530781456.050041,SZ399006
2026-08-06 10:35:00,3552.089600000001,3556.9236999999976,3544.7299999999996,3546.742799999997,4786380,16384757676.930048,SZ399006
2026-08-06 10:40:00,3547.000900000002,3547.3831999999975,3531.7552999999984,3533.6560999999965,4756329,15350229954.11005,SZ399006
2026-08-06 10:45:00,3533.8606000000013,3565.9506999999967,3533.8605999999986,3565.950699999996,3933543,13917028606.740051,SZ399006
2026-08-06 10:50:00,3566.384500000001,3569.208299999997,3553.124899999997,3568.216199999995,4401032,13825770690.080053,SZ399006
2026-08-06 10:55:00,3568.930900000001,3574.4057999999977,3565.1126999999965,3565.6689999999944,3864186,11981183562.520054,SZ399006
2026-08-06 11:00:00,3564.315100000001,3564.3150999999975,3553.288199999996,3554.487799999995,3493538,10643152526.560059,SZ399006
2026-08-06 11:05:00,3553.611200000001,3553.611199999998,3540.7810999999947,3544.233699999996,4061360,12168229610.070063,SZ399006
2026-08-06 11:10:00,3547.8503000000014,3550.1226999999985,3526.2527999999943,3526.2527999999957,4466780,13667036528.120064,SZ399006
2026-08-06 11:15:00,3525.809600000001,3535.0784999999987,3520.102899999995,3520.1028999999944,3150693,9721454841.640064,SZ399006
2026-08-06 11:20:00,3519.5755000000013,3524.339699999998,3508.351699999996,3508.351699999997,4410661,12999362230.120064,SZ399006
2026-08-06 11:25:00,3507.7756000000013,3516.9554999999987,3500.989599999996,3501.034099999995,3777656,10908753654.530058,SZ399006
2026-08-06 11:30:00,3500.8698000000013,3511.841499999998,3494.711799999996,3511.4665999999943,3882567,10331189805.320063,SZ399006
2026-08-06 13:05:00,3513.797900000001,3523.286799999998,3506.3406999999956,3511.6134999999927,3874467,10733421510.570066,SZ399006
2026-08-06 13:10:00,3511.720300000001,3524.5024999999982,3504.832999999994,3505.989899999992,2710258,8093492588.4000635,SZ399006
2026-08-06 13:15:00,3505.8013000000005,3505.9975999999983,3491.3356999999937,3503.1217999999913,3348706,9314291428.840067,SZ399006
2026-08-06 13:20:00,3502.2743000000005,3511.6831999999995,3497.359599999994,3497.3595999999925,2940539,7848106292.690065,SZ399006
2026-08-06 13:25:00,3498.8742000000007,3505.6667,3496.0670999999948,3497.0511999999944,2786407,7237613553.870068,SZ399006
2026-08-06 13:30:00,3496.8895000000007,3497.836,3487.9558999999945,3489.369599999995,3304053,8385882730.780071,SZ399006
2026-08-06 13:35:00,3489.9246000000007,3505.2304000000017,3489.9245999999944,3497.931999999994,3117553,8180784549.430069,SZ399006
2026-08-06 13:40:00,3498.2953000000007,3498.7259000000013,3485.7436999999923,3485.7436999999945,3121794,8477694472.00007,SZ399006
2026-08-06 13:45:00,3485.6062,3499.1184000000003,3482.1868999999933,3499.1183999999953,3587309,8866844023.17007,SZ399006
2026-08-06 13:50:00,3499.2774000000004,3504.746700000001,3488.9636999999934,3490.001899999996,2825145,7161660951.590067,SZ399006
2026-08-06 13:55:00,3489.9418,3498.0505000000016,3489.9417999999932,3495.580499999996,2402112,5824448959.05007,SZ399006
2026-08-06 14:00:00,3495.5803,3495.580300000001,3486.3667999999925,3494.684299999994,1935373,4955642619.81007,SZ399006
2026-08-06 14:05:00,3495.9486,3499.6931000000013,3483.5319999999924,3483.5319999999947,2585633,6394004027.960072,SZ399006
2026-08-06 14:10:00,3485.3669,3487.6254000000017,3476.4640999999924,3476.464099999993,2391546,6322007197.270068,SZ399006
2026-08-06 14:15:00,3477.9060999999997,3488.936600000001,3476.108899999993,3488.936599999991,2447487,6020545671.790067,SZ399006
2026-08-06 14:20:00,3488.8048999999996,3488.868400000001,3480.5215999999946,3486.3443999999936,2213713,5407528624.770068,SZ399006
2026-08-06 14:25:00,3486.3816999999995,3502.750900000002,3486.381699999995,3501.323399999993,2503553,6418615044.570066,SZ399006
2026-08-06 14:30:00,3501.0249999999996,3504.8885000000014,3497.438199999996,3504.8884999999927,2363455,6341048805.810064,SZ399006
2026-08-06 14:35:00,3505.6764999999996,3515.975100000002,3505.676499999997,3515.9750999999933,3062801,8323043400.090067,SZ399006
2026-08-06 14:40:00,3516.7088999999996,3519.809400000002,3503.519699999997,3503.519699999993,3269527,9071159058.20007,SZ399006
2026-08-06 14:45:00,3503.2785999999996,3510.693900000001,3502.9817999999964,3507.077399999992,3528422,9105627679.96007,SZ399006
2026-08-06 14:50:00,3506.9609999999993,3508.411700000001,3505.229799999997,3508.4116999999915,4077947,10290744881.140072,SZ399006
2026-08-06 14:55:00,3508.7146999999995,3518.1032999999993,3508.3620999999966,3517.7677999999887,6145184,15565793432.090075,SZ399006
2026-08-06 15:00:00,3518.4248999999995,3518.8025,3515.560299999996,3515.560299999988,5961976,15339398919.610073,SZ399006
2026-08-07 09:35:00,3537.44,3551.9180000000006,3531.8032,3532.3203000000008,22967187,68464758232.96,SZ399006
2026-08-07 09:40:00,3533.409,3552.7502999999997,3533.4089999999997,3541.686900000001,13330355,36805751760.27,SZ399006
2026-08-07 09:45:00,3543.7477000000003,3551.2067999999986,3521.3396,3521.3627000000015,13328154,34783335302.47998,SZ399006
2026-08-07 09:50:00,3520.8143000000005,3534.3576999999987,3507.6151,3533.0102999999995,11642240,32681913276.539974,SZ399006
2026-08-07 09:55:00,3530.5368000000008,3536.2842999999975,3521.5092,3525.014,7922684,22919208641.69996,SZ399006
2026-08-07 10:00:00,3524.648900000001,3544.387999999998,3523.2195000000006,3540.052500000001,6266657,18551322202.35996,SZ399006
2026-08-07 10:05:00,3539.6709000000005,3553.8202999999985,3537.1908999999987,3546.7384999999995,6536077,18877947412.07996,SZ399006
2026-08-07 10:10:00,3547.1547000000005,3555.1466999999993,3547.1546999999982,3554.7675000000004,5287682,15302614927.919962,SZ399006
2026-08-07 10:15:00,3555.3872,3565.2693,3555.3871999999983,3563.1886,5541531,16934236325.209963,SZ399006
2026-08-07 10:20:00,3563.4406999999997,3576.8514999999993,3563.4406999999987,3574.6418000000035,5430624,17763756142.399963,SZ399006
2026-08-07 10:25:00,3574.9637,3586.067899999999,3571.9707999999996,3580.7732000000046,5290808,16953205981.129951,SZ399006
2026-08-07 10:30:00,3580.6564000000003,3581.428399999999,3570.039400000001,3576.561400000007,4672152,13741026246.569952,SZ399006
2026-08-07 10:35:00,3576.6357,3589.5785999999994,3576.6357000000007,3578.680700000005,4400624,13578846918.879957,SZ399006
2026-08-07 10:40:00,3578.7320999999997,3595.7350000000006,3578.7321000000006,3592.5581000000057,3983784,12559816275.829956,SZ399006
2026-08-07 10:45:00,3592.3601,3594.1396,3586.6917000000003,3588.3266000000067,3703706,12012486591.429962,SZ399006
2026-08-07 10:50:00,3587.9645,3587.9644999999996,3575.8070000000007,3583.1492000000076,3352697,11445060685.949965,SZ399006
2026-08-07 10:55:00,3583.3314000000005,3589.8236,3573.8485000000005,3573.8485000000073,2969561,9327342665.259968,SZ399006
2026-08-07 11:00:00,3573.5279000000005,3579.760000000001,3572.6395000000007,3572.6749000000077,3767457,10663584051.98997,SZ399006
2026-08-07 11:05:00,3572.4498000000003,3576.479900000001,3565.0853000000006,3575.2844000000096,3410029,10783708678.869968,SZ399006
2026-08-07 11:10:00,3575.0215000000003,3580.3619000000012,3570.6233000000007,3571.359400000007,3070216,8308860409.339969,SZ399006
2026-08-07 11:15:00,3570.1222,3570.530400000001,3558.145900000001,3566.7092000000066,5712188,15023239255.689966,SZ399006
2026-08-07 11:20:00,3566.8302000000003,3570.813100000002,3556.606600000001,3557.3770000000072,3758657,9715556261.929966,SZ399006
2026-08-07 11:25:00,3557.1213,3570.6403000000023,3555.329800000002,3570.580200000009,4301122,10987368131.939968,SZ399006
2026-08-07 11:30:00,3570.884600000001,3583.0543000000025,3570.4272000000014,3577.200400000008,2952215,8791806381.449968,SZ399006
2026-08-07 13:05:00,3578.4419000000007,3596.9946000000036,3578.4419000000016,3592.8541000000077,4934066,16046908085.849968,SZ399006
2026-08-07 13:10:00,3593.3660000000004,3600.652200000004,3589.8283000000006,3591.4581000000085,3170895,11903348897.309961,SZ399006
2026-08-07 13:15:00,3590.5722,3602.8077000000044,3588.1852999999996,3588.226600000009,3607158,12799121696.68996,SZ399006
2026-08-07 13:20:00,3588.0697,3599.307500000005,3586.6186999999995,3591.3182000000106,3315223,10893439518.969961,SZ399006
2026-08-07 13:25:00,3590.7328,3602.3873000000035,3589.8775999999993,3602.387300000009,3093393,10558204280.179964,SZ399006
2026-08-07 13:30:00,3603.6270999999992,3610.954100000004,3603.6255,3610.488300000011,2923770,10660396506.57996,SZ399006
2026-08-07 13:35:00,3610.629599999999,3613.871300000004,3605.337199999999,3607.91020000001,3401963,11299157817.209959,SZ399006
2026-08-07 13:40:00,3607.9711999999986,3610.728500000004,3601.799299999999,3605.0362000000105,3054914,10106840524.78996,SZ399006
2026-08-07 13:45:00,3604.780299999999,3610.2777000000033,3600.5385,3604.245800000011,2881514,9374647553.36996,SZ399006
2026-08-07 13:50:00,3604.578999999999,3607.8402000000046,3603.4712,3604.516700000011,2511949,7551451111.33996,SZ399006
2026-08-07 13:55:00,3604.623899999999,3606.0377000000058,3588.583199999999,3591.043000000009,3283992,10809884076.009958,SZ399006
2026-08-07 14:00:00,3590.641399999999,3592.112600000006,3573.900100000001,3573.9001000000117,2701893,10508585420.25996,SZ399006
2026-08-07 14:05:00,3573.027399999999,3575.256800000006,3556.858700000002,3570.4249000000127,3655979,14545121321.399958,SZ399006
2026-08-07 14:10:00,3568.678499999999,3577.6080000000065,3566.1574000000014,3575.3329000000135,2464515,9612995472.509956,SZ399006
2026-08-07 14:15:00,3575.3435999999992,3578.3992000000067,3547.4974000000007,3547.4974000000134,2612797,11170036425.759956,SZ399006
2026-08-07 14:20:00,3548.8701999999994,3554.5477000000064,3538.383700000001,3549.525000000017,2960608,13970848587.979958,SZ399006
2026-08-07 14:25:00,3548.404499999999,3548.4045000000065,3538.356900000001,3538.3569000000152,2764965,10793489851.329952,SZ399006
2026-08-07 14:30:00,3538.0453999999995,3545.7899000000057,3526.1154000000015,3545.789900000016,3212248,13043554256.509953,SZ399006
2026-08-07 14:35:00,3546.0815999999995,3564.7501000000066,3544.2914000000005,3562.4439000000157,3304011,11171546683.859957,SZ399006
2026-08-07 14:40:00,3562.4838999999993,3564.5702000000065,3550.3867999999993,3551.5048000000156,3461606,10262571817.31995,SZ399006
2026-08-07 14:45:00,3551.670099999999,3559.3335000000066,3551.5254999999993,3557.2502000000145,3822772,11630035715.58995,SZ399006
2026-08-07 14:50:00,3557.197499999999,3559.7794000000063,3551.7061,3551.706100000016,4817944,14521731265.949951,SZ399006
2026-08-07 14:55:00,3551.643899999999,3564.762600000007,3551.5985,3564.7602000000174,6449979,17554934574.62995,SZ399006
2026-08-07 15:00:00,3565.0853999999995,3565.0854000000068,3561.501299999999,3563.116500000017,6363995,17058729437.079958,SZ399006
