代码,名称,地区,行业,市场,上市日期,交易日,最新价,涨跌幅,成交额,总市值,流通市值,总市值_亿元,流通市值_亿元,量比,市盈率,市净率
000007,全新好,深圳,其他商业,主板,19920413,20260701,12.29,-0.8871,73396009.0,4257845920.0,4257845920.0,42.5784592,42.5784592,0.83,2209.3166,23.7746
000011,深物业A,深圳,房产服务,主板,19920330,20260701,6.62,2.1605,21635523.0,3945381642.0,3485267810.0,39.45381642,34.8526781,0.78,116.4341,1.1721
000019,深粮控股,深圳,农业综合,主板,19921012,20260701,5.8,2.2928,40817941.8,6684704740.0,2413997120.0,66.8470474,24.1399712,1.06,27.4847,1.3228
001872,招商港口,深圳,港口,主板,19930505,20260701,19.64,1.0808,47865152.260000005,48744460713.0,45211314468.0,487.44460713,452.11314468,1.02,10.5705,0.743
000029,深深房A,深圳,区域地产,主板,19930915,20260701,22.5,2.0408,238865019.26999998,22762350000.0,20062350000.0,227.6235,200.6235,0.97,227.7237,6.2994
000030,富奥股份,吉林,汽车配件,主板,19930929,20260701,3.96,2.3256,36424305.89,6810451164.000001,6616788156.0,68.10451164000001,66.16788156,1.04,9.693,0.798
000032,深桑达A,深圳,建筑工程,主板,19931028,20260701,24.0,-3.8076,1593819753.0700002,29164303464.0,27311021616.000004,291.64303464,273.11021616000005,0.71,,3.9483
000037,深南电A,深圳,火力发电,主板,19940701,20260701,8.95,2.2857,171927481.99,5394725270.0,3033228390.0,53.9472527,30.3322839,0.86,33.4997,3.1923
000042,中洲控股,深圳,全国地产,主板,19940921,20260701,7.66,0.1307,68293540.39,5092606226.0,5086940124.0,50.92606226,50.86940124,0.69,,2.2471
000058,深赛格,深圳,商品城,主板,19961226,20260701,6.3,2.6059,46563868.32,7756564410.0,6203858220.0,77.5656441,62.0385822,0.97,111.7745,3.8067
000060,中金岭南,深圳,铅锌,主板,19970123,20260701,7.65,1.0568,1388127950.82,33974969625.0,33974538930.0,339.74969625,339.7453893,0.63,42.3757,1.7009
000096,广聚能源,深圳,石油贸易,主板,20000724,20260701,7.06,1.2912,45335130.76,3727680000.0,3606586880.0,37.2768,36.0658688,1.02,32.4736,1.3527
000099,中信海直,深圳,空运,主板,20000731,20260701,14.63,0.4808,147894807.75,11349516563.0,11349516563.0,113.49516563,113.49516563,0.73,36.7692,2.0316
000151,中成股份,北京,商贸代理,主板,20000906,20260701,10.67,-0.2804,122327477.54,3744170221.0,3285663249.0,37.44170221,32.85663249,0.79,10.4128,4.2761
000403,派林生物,山西,生物制药,主板,19960628,20260701,9.09,3.413,142854664.59,8639112239.0,8550816459.999999,86.39112239,85.50816459999999,0.89,20.6053,1.0651
000415,渤海租赁,新疆,多元金融,主板,19960716,20260701,4.15,1.9656,284102523.28000003,25665763394.999996,22380592684.999996,256.65763394999993,223.80592684999996,0.98,,0.8596
000421,南京公用,江苏,供气供热,主板,19960806,20260701,5.1,2.8226,43719129.55,2929520070.0,2928911130.0,29.2952007,29.2891113,1.43,60.9297,1.0395
000498,山东路桥,山东,建筑工程,主板,19970609,20260701,4.84,2.3256,36441674.2,7513819280.0,7014843352.0,75.1381928,70.14843352,1.21,3.3737,0.45
000503,国新健康,山东,软件服务,主板,19921130,20260701,6.48,5.3659,135019746.0,6345556200.0,6345446040.000001,63.455562,63.45446040000001,1.83,,6.6157
000504,南华生物,湖南,医疗保健,主板,19921208,20260701,7.4,2.7778,50560129.0,2442170940.0,2435505760.0,24.4217094,24.3550576,1.02,84.7132,8.8212
000506,招金黄金,山东,黄金,主板,19930312,20260701,11.46,-2.2184,408038955.15,10646543988.0,10642982220.0,106.46543988,106.4298222,0.95,67.0194,11.9746
000509,华塑控股,四川,元器件,主板,19930507,20260701,3.61,-3.2172,161260979.2,3873992080.0,3873980528.0,38.7399208,38.73980528,0.85,,32.0399
000516,国际医学,陕西,医疗保健,主板,19930809,20260701,3.99,2.5707,110560463.44000001,8933198044.0,8797245210.0,89.33198044,87.9724521,1.13,,2.732
000529,广弘控股,广东,食品,主板,19931118,20260701,4.49,5.3991,44699984.7,2621218896.0,2558780956.0,26.21218896,25.58780956,2.07,21.3319,0.8142
000533,顺钠股份,广东,电气设备,主板,19940103,20260701,9.53,0.2103,244458404.74,6583476480.0,6527119872.0,65.8347648,65.27119872,1.12,64.5759,6.6783
000534,万泽股份,广东,生物制药,主板,19940110,20260701,29.36,7.3099,1035887505.37,14960343960.0,14706820360.0,149.6034396,147.0682036,2.24,75.9337,8.71
000541,佛山照明,广东,家用电器,主板,19931123,20260701,5.35,-2.0147,123245059.58,8216413530.999999,6583147298.0,82.16413530999999,65.83147298,1.17,38.2433,1.1953
000543,皖能电力,安徽,火力发电,主板,19931220,20260701,7.75,2.3778,237212147.8,17568190575.0,17568190575.0,175.68190575,175.68190575,0.92,8.1745,1.0006
000548,湖南投资,湖南,路桥,主板,19931220,20260701,4.2,2.6895,34961781.76,2096706360.0,2096706360.0,20.9670636,20.9670636,1.32,49.8417,1.0133
000553,安道麦A,湖北,农药化肥,主板,19931203,20260701,5.52,3.1776,50685589.31,12860561136.0,12017437440.0,128.60561136,120.1743744,0.98,,0.7179
000554,泰山石油,山东,石油贸易,主板,19931215,20260701,5.73,2.139,77296079.95,2735759277.0,2058816504.0000002,27.35759277,20.588165040000003,1.14,17.6897,2.2983
000555,神州信息,深圳,软件服务,主板,19940408,20260701,10.45,1.4563,236773368.44,10196843525.0,10184900220.0,101.96843525,101.8490022,0.92,180.7043,1.7929
000558,天府文旅,四川,旅游景点,主板,19940509,20260701,3.26,2.8391,107670171.5,4202869914.0,4201111795.9999995,42.02869914,42.01111795999999,1.02,,4.0007
000559,万向钱潮,浙江,汽车配件,主板,19940110,20260701,13.03,0.7734,625550120.4200001,43199119952.0,43185964864.0,431.99119952,431.85964864,0.95,41.715,4.9208
000561,烽火电子,陕西,通信设备,主板,19940509,20260701,7.53,1.7568,99679465.05,6506057799.0,5845142922.0,65.06057799,58.45142922,1.1,,2.2389
000567,海德股份,海南,多元金融,主板,19940525,20260701,6.18,3.5176,186736084.63,12079379178.0,12041975964.0,120.79379178,120.41975964,1.21,31.3758,2.0053
000570,苏常柴A,江苏,农用机械,主板,19940701,20260701,4.78,2.3555,63007424.400000006,3373210150.0,2656210150.0,33.7321015,26.5621015,1.07,66.3744,0.9551
000573,粤宏远A,广东,区域地产,主板,19940815,20260701,3.54,0.0,70128832.16999999,2259513324.0,2240695392.0,22.59513324,22.40695392,0.97,32.9315,1.378
000581,威孚高科,江苏,汽车配件,主板,19980924,20260701,17.33,1.8214,170939251.13,16754396181.0,13758378849.0,167.54396181,137.58378849,1.15,15.6852,0.827
000586,汇源通信,四川,通信设备,主板,19951220,20260701,13.23,0.1514,102184385.7,2559211200.0,2529443700.0,25.592112,25.294437,0.89,,8.0359
000596,古井贡酒,安徽,白酒,主板,19960927,20260701,80.23,0.5388,313379449.0,42409578000.0,32781978000.0,424.09578,327.81978,0.9,11.9494,1.6234
000608,阳光股份,广西,区域地产,主板,19960919,20260701,6.21,-4.1667,184682915.4,4656962214.0,4629105396.0,46.56962214,46.29105396,0.57,,2.2678
000612,焦作万方,河南,铝,主板,19960926,20260701,10.57,-0.1889,359391131.49,12601547658.0,12590565428.0,126.01547658,125.90565428,0.72,11.7648,1.6353
000617,中油资本,新疆,多元金融,主板,19961022,20260701,6.84,3.7936,810523855.6800001,86471821044.0,86471821044.0,864.71821044,864.71821044,1.32,20.11,0.8125
000620,盈新发展,北京,全国地产,主板,19961029,20260701,3.85,10.0,3141476127.14,22606487750.0,17986232880.0,226.0648775,179.8623288,1.6,,6.1689
000623,吉林敖东,吉林,中成药,主板,19961028,20260701,18.71,5.5274,524756920.79,22375202934.0,22282983215.0,223.75202934,222.82983215,1.69,9.3415,0.7105
000633,合金投资,新疆,小金属,主板,19961112,20260701,4.93,3.5714,62328647.0,1898574552.0,1898554831.9999998,18.98574552,18.985548319999996,1.14,250.7464,9.5262
000635,英力特,宁夏,化工原料,主板,19961120,20260701,6.17,2.1523,32831342.95,2431804312.0,2263278166.0,24.31804312,22.63278166,0.74,,2.2053
000637,茂化实华,广东,石油加工,主板,19961114,20260701,3.61,3.1429,41548732.12,1876750194.0,1316167373.0,18.76750194,13.16167373,1.03,,3.9215
000661,长春高新,吉林,生物制药,主板,19961218,20260701,70.27,5.5105,1011734486.09,28665775151.999996,28080917942.0,286.65775152,280.80917942,1.48,184.9746,1.2865
000678,襄阳轴承,湖北,汽车配件,主板,19970106,20260701,8.94,5.1765,178876068.02,4108929491.9999995,4108929491.9999995,41.08929491999999,41.08929491999999,1.45,,5.2739
000695,滨海能源,天津,化工原料,主板,19970218,20260701,12.62,0.96,114922631.0,2924712763.9999995,2799257344.0,29.247127639999995,27.99257344,0.89,,9.7801
001696,宗申动力,重庆,摩托车,主板,19970306,20260701,20.08,-3.5079,1249719611.71,22992140151.999996,17899012808.0,229.92140151999996,178.99012808,0.57,34.5479,4.1369
000700,模塑科技,江苏,汽车配件,主板,19970228,20260701,15.34,3.9295,1310149435.88,14082356236.0,14082356236.0,140.82356236,140.82356236,1.03,29.1576,3.552
000703,恒逸石化,广西,化纤,主板,19970328,20260701,14.64,7.885,2260253470.7,55940712216.0,55660029744.0,559.40712216,556.60029744,1.11,216.5462,2.1158
000705,浙江震元,浙江,医药商业,主板,19970410,20260701,6.15,5.1282,53141188.0,2054858295.0,1734087210.0,20.54858295,17.3408721,1.4,90.5534,1.0565
000707,双环科技,湖北,化工原料,主板,19970415,20260701,4.39,4.0284,51001844.03,2566908508.0,2417588804.0,25.66908508,24.17588804,1.39,,0.9283
000710,贝瑞基因,四川,医疗保健,主板,19970422,20260701,7.88,5.63,88682206.0,2785748632.0,2596695612.0,27.85748632,25.96695612,1.39,,1.9172
000713,国投丰乐,安徽,种植业,主板,19970422,20260701,5.42,3.8314,47511621.2,4326349690.0,3327961300.0,43.2634969,33.279613,1.75,65.5299,1.3831
000715,中兴商业,辽宁,百货,主板,19970508,20260701,4.74,2.1552,41214121.36,2561660004.0,2303788362.0,25.61660004,23.03788362,0.91,22.4271,1.2589
000718,苏宁环球,吉林,区域地产,主板,19970408,20260701,1.76,3.5294,54292956.9,5340960064.0,4016020447.9999995,53.40960064,40.16020448,1.08,287.2221,0.5836
000719,中原传媒,河南,出版业,主板,19970331,20260701,10.85,0.7428,56955471.2,11101760145.0,7238550375.0,111.01760145,72.38550375,1.2,8.0702,0.897
000721,西安饮食,陕西,酒店餐饮,主板,19970430,20260701,5.64,3.6765,65397211.0,3236876652.0,2889712092.0,32.36876652,28.89712092,0.91,,25.5148
000723,美锦能源,山西,焦炭加工,主板,19970515,20260701,3.45,2.9851,270060691.89000005,15192068100.0,15162770355.0,151.920681,151.62770355,1.25,,1.23
000727,冠捷科技,江苏,元器件,主板,19970520,20260701,2.66,-2.5641,511008707.9,12048648220.0,12048648220.0,120.4864822,120.4864822,0.96,,6.6842
000728,国元证券,安徽,证券,主板,19970616,20260701,7.83,4.5394,735131753.6,34168380957.0,34168380957.0,341.68380957,341.68380957,1.01,14.0833,0.8789
000729,燕京啤酒,北京,啤酒,主板,19970716,20260701,10.53,3.9487,414407397.34999996,29679219882.0,26426158551.0,296.79219882,264.26158551,1.13,17.6755,1.8849
000735,罗牛山,海南,农业综合,主板,19970611,20260701,4.98,4.8421,192812066.89,5734537728.0,5731469550.0,57.34537728,57.3146955,1.88,37.2924,1.3756
000766,通化金马,吉林,化学制药,主板,19970430,20260701,18.94,-2.3711,903033406.54,18305409618.0,18296185838.0,183.05409618,182.96185838,1.3,533.8959,7.8914
000767,晋控电力,山西,火力发电,主板,19970609,20260701,3.99,4.1775,726104529.12,12276999378.0,11619863136.0,122.76999378,116.19863136,1.09,62.5866,2.0325
000792,盐湖股份,青海,农药化肥,主板,19970904,20260701,30.49,0.9937,3134581992.66,161340048574.0,161338609446.0,1613.40048574,1613.38609446,1.05,19.036,3.6098
000798,中水渔业,北京,渔业,主板,19980212,20260701,7.27,2.9745,61899295.080000006,2659792749.0,2659629174.0,26.59792749,26.59629174,1.26,31.7571,6.567
000811,冰轮环境,山东,工程机械,主板,19980528,20260701,54.9,-2.3479,2699514488.54,54487042200.0,53713923930.0,544.870422,537.1392393,0.77,96.5423,8.3406
000812,陕西金叶,陕西,广告包装,主板,19980623,20260701,3.21,3.5484,60849741.4,2427823152.0,2425763295.0,24.27823152,24.25763295,1.47,,1.6268
000813,德展健康,新疆,化学制药,主板,19980519,20260701,3.12,2.9703,117305298.33,6542969160.0,6541892760.0,65.4296916,65.4189276,0.81,,1.422
000818,航锦科技,辽宁,化工原料,主板,19971017,20260701,14.85,2.2727,1126465801.08,9801000000.0,9774439290.0,98.01,97.7443929,1.44,,4.4849
000823,超声电子,广东,元器件,主板,19971008,20260701,26.0,1.3645,4440731956.55,15468827400.0,15468237200.0,154.688274,154.682372,1.43,69.5388,3.2284
000826,*ST启环,湖北,环境保护,主板,19980225,20260701,1.95,2.0942,79244348.56,2779438740.0,2779052444.9999995,27.7943874,27.790524449999996,2.73,,
000830,鲁西化工,山东,化工原料,主板,19980807,20260701,12.48,4.0,548219797.4499999,23765902368.0,23764120224.0,237.65902368,237.64120224,0.99,26.2112,1.2258
000831,中国稀土,江西,小金属,主板,19980911,20260701,53.53,-3.5322,2378247081.6600003,56807149424.0,56807149424.0,568.07149424,568.07149424,0.88,329.1711,11.4828
000856,冀东装备,河北,专用机械,主板,19980813,20260701,7.36,2.9371,54030359.0,1670720000.0,1670720000.0,16.7072,16.7072,1.22,63.9754,3.9937
000858,五粮液,四川,白酒,主板,19980427,20260701,74.52,0.7027,2817061597.8,289257428160.0,289250378568.0,2892.5742816,2892.50378568,1.0,32.3039,2.2599
000860,顺鑫农业,北京,白酒,主板,19981104,20260701,10.26,4.6939,148509170.17999998,7610529420.0,7610529420.0,76.1052942,76.1052942,1.44,,1.1084
000877,天山股份,新疆,水泥,主板,19990107,20260701,3.68,1.3774,67845335.0,26166609456.000004,26166603936.0,261.66609456000003,261.66603936,1.39,,0.354
000882,华联股份,北京,其他商业,主板,19980616,20260701,1.35,4.6512,125226249.38,3695425128.0000005,3692703790.0,36.95425128000001,36.9270379,0.89,,0.5647
000887,中鼎股份,安徽,汽车配件,主板,19981203,20260701,17.86,-0.1677,553258607.85,23512506042.0,23474658916.000004,235.12506042,234.74658916000004,0.72,14.7934,1.6046
000888,峨眉山A,四川,旅游景点,主板,19971021,20260701,9.08,1.566,70567969.0,4784370948.0,4784370948.0,47.84370948,47.84370948,1.08,21.7445,1.7558
000889,中嘉博创,河北,通信设备,主板,19971218,20260701,3.42,1.4837,148494712.8,3202115562.0,2974870242.0,32.02115562,29.74870242,0.9,,46.1056
000895,双汇发展,河南,食品,主板,19981210,20260701,23.22,3.6607,355155833.21000004,80449433064.0,80438944590.0,804.49433064,804.3894459,1.19,15.7602,3.5507
000899,赣能股份,江西,火力发电,主板,19971126,20260701,10.03,3.8302,170961337.48,9786048334.0,9786048334.0,97.86048334,97.86048334,1.15,9.7218,1.4706
000900,现代投资,湖南,路桥,主板,19990128,20260701,3.55,2.6012,39742696.6,5388290465.000001,5387970965.0,53.88290465000001,53.87970965,1.0,13.3196,0.4817
000901,航天科技,黑龙江,汽车配件,主板,19990401,20260701,17.78,-0.0562,372768955.19,14192020892.0,14191878651.999998,141.92020892,141.91878651999997,0.93,202.026,3.3412
000903,ST云动,云南,汽车配件,主板,19990415,20260701,1.87,3.8889,45762668.46,3618159028.0,3590889192.0,36.18159028,35.90889192,1.2,,5.8818
000913,钱江摩托,浙江,摩托车,主板,19990514,20260701,10.41,1.561,46855853.260000005,5479938510.0,5414269107.0,54.7993851,54.14269107,1.15,5.6081,1.0283
000925,众合科技,浙江,运输设备,主板,19990611,20260701,10.27,9.9572,1101633979.75,6946317846.0,6892735148.0,69.46317846,68.92735148,1.23,,2.1572
000936,华西股份,江苏,化纤,主板,19990810,20260701,5.39,1.6981,91122976.76,4775609531.0,4774932547.0,47.75609531,47.74932547,1.04,63.6858,0.9354
000953,中哲精化,广西,化学制药,主板,19991202,20260701,5.35,3.6822,53934378.0,1958753770.0,1958753770.0,19.5875377,19.5875377,1.38,300.1892,12.6895
000959,首钢股份,北京,普钢,主板,19991216,20260701,3.62,3.1339,267329678.10000002,28072981988.0,26974818788.0,280.72981988,269.74818788,1.28,28.196,0.5584
000962,东方钽业,宁夏,小金属,主板,20000120,20260701,86.31,-4.7351,4234036968.55,45525081231.00001,43429267287.0,455.2508123100001,434.29267287,1.06,176.2788,11.37
000970,中科三环,北京,矿物制品,主板,20000420,20260701,15.49,1.975,2016341804.57,18831592642.0,18831592642.0,188.31592642,188.31592642,1.48,206.2186,2.8817
000973,佛塑科技,广东,塑料,主板,20000525,20260701,14.28,-0.4878,647278709.05,35103621504.0,13814803296.0,351.03621504,138.14803296,1.03,324.9593,3.836
000977,浪潮信息,山东,IT设备,主板,20000608,20260701,67.26,-3.9143,6660566508.63,98769742842.0,98659106868.0,987.69742842,986.59106868,1.1,40.9346,4.4286
000980,众泰汽车,浙江,汽车配件,主板,20000616,20260701,2.0,1.5228,228998644.35,10085095400.0,10085001800.0,100.850954,100.850018,0.89,,308.4149
000981,山子高科,甘肃,汽车配件,主板,20000622,20260701,2.89,0.3472,630433503.0,28892690901.0,27493599129.0,288.92690901,274.93599129,0.91,28.1666,9.3224
000987,越秀资本,广东,多元金融,主板,20000718,20260701,8.17,6.2419,603205287.04,40989971708.0,40959025382.0,409.89971708,409.59025382,1.41,11.647,1.2311
000989,九芝堂,湖南,中成药,主板,20000628,20260701,8.17,5.148,156349577.26,6993046957.0,5671236546.0,69.93046957,56.71236546,1.47,31.415,1.8089
000995,皇台酒业,甘肃,白酒,主板,20000807,20260701,9.96,4.8421,136803210.0,1766983679.9999998,1766983679.9999998,17.6698368,17.6698368,1.04,125.13,10.6897
002001,新和成,浙江,化学制药,主板,20040625,20260701,29.98,5.4891,1137381981.4299998,92141182566.0,91044760002.0,921.41182566,910.44760002,1.1,13.6219,2.6227
600020,中原高速,河南,路桥,主板,20030808,20260701,3.73,1.084,41921954.0,8382696814.0,8382696814.0,83.82696814,83.82696814,1.07,13.3379,0.7042
600021,上海电力,上海,火力发电,主板,20031029,20260701,15.1,0.1991,605089051.0,42610324580.0,42610324580.0,426.1032458,426.1032458,0.81,15.3974,2.0481
600026,中远海能,上海,水运,主板,20020523,20260701,16.7,-6.9119,1818508096.0,91269187360.0,63827376619.99999,912.6918736,638.2737662,0.92,22.6064,1.893
600036,招商银行,深圳,银行,主板,20020409,20260701,35.91,1.1549,3183805654.0,905644655496.0,740785393404.0,9056.44655496,7407.85393404,0.79,6.0304,0.7998
600039,四川路桥,四川,建筑工程,主板,20030325,20260701,8.06,3.0691,133721162.00000001,70086460236.0,70086460236.0,700.86460236,700.86460236,1.07,9.605,1.3243
600050,中国联通,北京,电信运营,主板,20021009,20260701,4.08,2.0,596390648.0,127558855632.0,126440869536.0,1275.58855632,1264.40869536,1.02,13.9765,0.7473
600062,华润双鹤,北京,化学制药,主板,19970522,20260701,16.63,3.6783,188457078.0,17271626975.0,17265688402.0,172.71626975,172.65688402,1.24,10.487,1.4251
600063,皖维高新,安徽,化纤,主板,19970528,20260701,8.23,8.2895,2063147342.0,17028745672.0,17028745672.0,170.28745672,170.28745672,1.59,39.2373,2.012
600064,南京高科,江苏,园区开发,主板,19970506,20260701,7.24,1.5428,92849408.0,12527658703.999998,12527658703.999998,125.27658703999998,125.27658703999998,1.07,6.8449,0.6345
600085,同仁堂,北京,中成药,主板,19970625,20260701,23.25,2.8306,220929365.0,31886684474.999996,31886684474.999996,318.86684475,318.86684475,0.86,26.8096,2.2638
600094,大名城,上海,区域地产,主板,19970703,20260701,3.53,2.0231,66108149.99999999,8207073500.0,7505591899.999999,82.070735,75.05591899999999,0.97,57.2005,0.7986
600103,青山纸业,福建,造纸,主板,19970703,20260701,3.12,1.6287,289380292.0,6991379304.0,6902466480.0,69.91379304,69.0246648,0.97,127.85,1.758
600116,三峡水利,重庆,水力发电,主板,19970804,20260701,5.69,1.6071,82665024.0,10880093100.999998,10880093100.999998,108.80093100999999,108.80093100999999,0.94,24.9589,0.9599
600118,中国卫星,北京,航空,主板,19970908,20260701,85.65,4.3876,6688594315.0,101280191415.0,101280191415.0,1012.80191415,1012.80191415,1.21,2848.4147,16.0128
600119,*ST长投,上海,仓储物流,主板,19980115,20260701,4.48,4.918,16881533.0,1636411392.0,1636411392.0,16.36411392,16.36411392,1.07,,22.0464
000002,万科A,深圳,全国地产,主板,19910129,20260701,3.08,4.0541,502802617.61,36746585260.0,29928162572.0,367.4658526,299.28162572,1.08,,0.3324
000004,国华退,深圳,软件服务,主板,19901201,20260701,0.37,8.8235,4161907.0300000003,48980711.0,46726967.00000001,0.48980711,0.4672696700000001,1.43,7.5503,0.5641
000006,深振业A,深圳,区域地产,主板,19920427,20260701,7.53,0.6684,135732570.99,10165462350.0,10165385544.0,101.6546235,101.65385544,0.83,,1.8933
000008,神州高铁,北京,运输设备,主板,19920507,20260701,2.39,2.5751,80816291.67999999,6492142703.0,6491949830.0,64.92142703,64.9194983,1.0,,3.0081
000016,*ST康佳A,深圳,家用电器,主板,19920327,20260701,2.42,5.2174,30411389.52,5827227868.0,3863756996.0,58.27227868,38.63756996,0.43,,
000025,特力A,深圳,综合类,主板,19930621,20260701,13.75,2.003,74294991.92,5927051625.0,5400701625.0,59.27051625,54.00701625,0.57,41.4869,3.1867
000026,飞亚达,深圳,服饰,主板,19930603,20260701,21.05,-2.2748,314641418.77,8541332200.0,7674002735.0,85.413322,76.74002735,1.13,97.8189,2.5137
000027,深圳能源,深圳,火力发电,主板,19930903,20260701,6.26,0.9677,253774890.73000002,29781260774.0,29781260774.0,297.81260774,297.81260774,1.01,14.159,0.8902
000035,中国天楹,江苏,环境保护,主板,19940408,20260701,4.8,-0.6211,183279610.28,11462556960.0,11102523359.999998,114.6255696,111.02523359999998,1.21,40.3682,1.0654
000036,华联控股,深圳,全国地产,主板,19940617,20260701,4.41,0.9153,128790972.02,6190840466.999999,6187147092.0,61.90840466999999,61.87147092,1.08,88.2572,1.2037
000056,*ST皇庭,深圳,其他商业,主板,19960708,20260701,2.24,-1.7544,233676086.92,2648863213.0,2024362386.0,26.48863213,20.24362386,2.44,,
000059,华锦股份,辽宁,石油加工,主板,19970130,20260701,4.06,8.2667,199796610.87,6493736956.0,6493616780.0,64.93736956,64.9361678,2.15,,0.6663
000062,深圳华强,深圳,元器件,主板,19970130,20260701,30.49,-4.1798,1294322814.67,31889774557.0,31859004049.0,318.89774557,318.59004049,0.66,68.8855,4.6439
000063,中兴通讯,深圳,通信设备,主板,19971118,20260701,37.18,2.7356,8277456471.7699995,177851827582.0,149746956216.0,1778.51827582,1497.46956216,1.26,31.6589,2.3192
000068,华控赛格,深圳,环境保护,主板,19970611,20260701,3.11,9.894,60256476.85,3130748364.9999995,3130748364.9999995,31.307483649999995,31.307483649999995,0.81,,5.3484
000069,华侨城A,深圳,全国地产,主板,19970910,20260701,1.68,2.439,109382785.49,13503433608.0,11589651024.0,135.03433608,115.89651024,1.19,,0.3952
000089,深圳机场,深圳,机场,主板,19980420,20260701,6.22,3.1509,86053325.24000001,12755786290.0,12755561748.0,127.5578629,127.55561748,1.18,24.2872,1.073
000159,国际实业,新疆,石油贸易,主板,20000926,20260701,5.43,0.9294,74280961.11,2610124980.0,2610029955.0,26.1012498,26.10029955,0.95,68.6564,1.2662
000301,东方盛虹,江苏,化纤,主板,20000529,20260701,12.02,4.9782,285481449.88,79467012486.0,79429697045.0,794.67012486,794.29697045,0.95,594.1622,2.2878
000401,金隅冀东,河北,水泥,主板,19960614,20260701,3.42,2.3952,35065324.95,9091103125.0,8999233033.0,90.91103125,89.99233033,1.12,41.568,0.3464
000407,胜利股份,山东,供气供热,主板,19960703,20260701,3.76,1.6216,58819711.0,3309118472.0,3292913248.0,33.09118472,32.92913248,1.04,21.243,1.0699
000409,云鼎科技,山东,软件服务,主板,19960627,20260701,8.43,2.4301,56844535.83,5713436757.0,4977774927.0,57.13436757,49.77774927,1.1,69.3335,3.4801
000417,合百集团,安徽,百货,主板,19960812,20260701,9.0,2.8571,762748228.9200001,7018957800.0,7011247500.0,70.189578,70.112475,0.85,43.8096,1.4731
000428,华天酒店,湖南,酒店餐饮,主板,19960808,20260701,3.13,2.9605,40634027.1,3189238380.0,3189238380.0,31.8923838,31.8923838,1.11,,2.4982
000429,粤高速A,广东,路桥,主板,19980220,20260701,13.48,-1.2454,81678391.75,28184066228.0,17568887052.0,281.84066228,175.68887052,1.16,15.6462,2.4458
000517,荣安地产,浙江,区域地产,主板,19930806,20260701,1.69,1.8072,45130358.0,5380829025.0,4211457015.9999995,53.80829025,42.11457015999999,0.92,,1.1587
000518,四环生物,江苏,生物制药,主板,19930908,20260701,3.38,4.644,203952697.76000002,3479899956.0,3479830666.0,34.79899956,34.79830666,1.5,,10.7634
000519,中兵红箭,河南,专用机械,主板,19931008,20260701,20.36,-3.3697,1686151142.48,28352501240.0,28352501240.0,283.5250124,283.5250124,0.78,679.9806,2.7243
000520,凤凰航运,湖北,水运,主板,19931025,20260701,4.1,9.9196,244393454.45,4149542350.0,4149542350.0,41.4954235,41.4954235,1.57,,9.8536
000523,红棉股份,广东,食品,主板,19931108,20260701,2.65,2.7132,69268969.0,4863991525.0,3511674530.0,48.63991525,35.1167453,1.18,61.289,2.4819
000526,学大教育,福建,文教休闲,主板,19931101,20260701,27.29,7.5256,127663741.0,3325589419.0,3273138039.0,33.25589419,32.73138039,1.58,17.0457,3.1951
000538,云南白药,云南,中成药,主板,19931215,20260701,47.97,1.2666,405083751.51,85591076922.0,85047615198.0,855.91076922,850.47615198,0.82,16.6084,2.0332
000545,金浦钛业,吉林,化工原料,主板,19931215,20260701,2.62,10.084,232292228.53,2585502722.0,2581756122.0,25.85502722,25.81756122,1.09,,4.1447
000550,江铃汽车,江西,汽车整车,主板,19931201,20260701,16.29,0.4316,61482217.32,14061756060.0,8445765527.999999,140.6175606,84.45765528,1.3,11.8418,1.168
000551,创元科技,江苏,专用机械,主板,19940106,20260701,21.0,1.7935,1233536611.78,10179393000.0,10175491200.0,101.79393,101.754912,0.98,34.5105,3.3429
000563,陕国投A,陕西,多元金融,主板,19940110,20260701,2.86,3.6232,157756851.54999998,14625955344.0,14625955344.0,146.25955344,146.25955344,1.29,10.2096,0.7867
000568,泸州老窖,四川,白酒,主板,19940509,20260701,77.98,0.5934,974269391.39,114778871172.0,114713266598.0,1147.78871172,1147.13266598,0.76,10.5975,2.2245
000571,新大洲A,海南,煤炭开采,主板,19940525,20260701,6.64,4.8973,289163889.48999995,5571817224.0,5404908208.0,55.71817224,54.04908208,0.88,,369.5237
000576,甘化科工,广东,电气设备,主板,19940907,20260701,6.73,2.4353,67539389.0,2937095159.0,2919576969.0,29.37095159,29.19576969,1.38,38.7695,1.7782
000582,北部湾港,广西,港口,主板,19951102,20260701,11.07,3.1687,443981847.48,27864125415.0,23876309574.0,278.64125415,238.76309574,1.06,26.8434,1.3649
000589,贵州轮胎,贵州,汽车配件,主板,19960308,20260701,4.14,1.9704,105003724.38,6435175013.999999,6392618297.999999,64.35175014,63.92618297999999,1.16,10.379,0.7001
000590,古汉医药,湖南,中成药,主板,19960119,20260701,8.41,2.9376,49169581.0,2013952792.0,2013004984.9999998,20.13952792,20.13004985,1.33,,3.724
000591,太阳能,重庆,新型电力,主板,19960208,20260701,4.68,1.7391,309788008.08,18274711572.0,18267893280.0,182.74711572,182.6789328,0.86,22.2145,0.7607
000592,平潭发展,福建,林业,主板,19960327,20260701,7.05,5.3812,1005614661.13,13619054640.0,13501401420.0,136.1905464,135.0140142,1.52,,7.6857
000593,德龙汇能,四川,供气供热,主板,19960312,20260701,22.67,6.0337,463890206.98999995,8130164770.0,8126814144.0,81.3016477,81.26814144,0.84,399.7821,9.1941
000599,青岛双星,山东,汽车配件,主板,19960430,20260701,4.32,2.3697,68792793.0,10554248674.000002,3528325924.0,105.54248674000002,35.28325924,1.13,,1.996
000601,韶能股份,广东,水力发电,主板,19960830,20260701,6.44,10.0855,70299587.4,6854370852.0,6759543140.0,68.54370852,67.5954314,0.21,63.9629,1.6582
000607,华媒控股,浙江,广告包装,主板,19960830,20260701,3.19,3.9088,64381072.58,3246457896.0,2823256546.0,32.46457896,28.23256546,1.57,,2.7312
000609,*ST中迪,北京,区域地产,主板,19961010,20260701,13.43,5.0039,144602920.41,4019137008.0,3908912969.0,40.19137008,39.08912969,0.93,,
000610,*ST西旅,陕西,旅游服务,主板,19960926,20260701,5.84,5.036,34254104.0,1382607735.9999998,1375328760.0,13.826077359999998,13.7532876,1.02,,
000619,海螺新材,安徽,其他建材,主板,19961023,20260701,4.53,2.9545,42409125.72,1998494664.0,1630800000.0,19.98494664,16.308,1.17,,0.805
000625,长安汽车,重庆,汽车整车,主板,19970610,20260701,7.19,0.2789,602533903.7,71273791264.0,59441221206.0,712.73791264,594.41221206,0.73,17.4895,0.9232
000632,ST三木,福建,综合类,主板,19961121,20260701,3.2,4.918,21498104.0,1489662720.0,1489541120.0,14.8966272,14.8954112,0.43,,23.7473
000663,永安林业,福建,林业,主板,19961206,20260701,5.3,3.9216,40623541.32,1784424670.0,1623396360.0,17.8442467,16.2339636,1.15,,1.9602
000668,荣丰控股,山东,房产服务,主板,19961210,20260701,21.81,-0.7734,85612722.0,3202621839.0,3202621839.0,32.02621839,32.02621839,0.84,122.486,4.2859
000669,ST金鸿,湖南,供气供热,主板,19961210,20260701,3.73,5.0704,34515165.0,2537924824.0,2537924824.0,25.37924824,25.37924824,0.94,92.7408,41.7395
000672,上峰材料,甘肃,水泥,主板,19961218,20260701,23.12,-2.3649,1007763248.46,22412423960.0,22412423960.0,224.1242396,224.1242396,0.98,35.1488,2.4663
000681,视觉中国,江苏,互联网,主板,19970121,20260701,20.35,2.0562,749315302.0,14256750090.0,13759347250.0,142.5675009,137.5934725,0.97,171.7112,3.7189
000683,博源化工,内蒙,化工原料,主板,19970131,20260701,5.85,1.5625,511035079.77000004,21743464275.000004,19551355200.0,217.43464275000005,195.513552,1.33,23.0781,1.6695
000686,东北证券,吉林,证券,主板,19970227,20260701,8.75,4.1667,525837414.92999995,20478962875.0,20478962875.0,204.78962875,204.78962875,1.19,14.1098,0.9912
000690,宝新能源,广东,火力发电,主板,19970128,20260701,4.8,2.1277,311726685.26,10444261920.0,10437447360.0,104.4426192,104.3744736,1.08,10.1945,0.7979
000692,惠天热电,辽宁,供气供热,主板,19970227,20260701,4.04,2.5381,58279307.6,2152645320.0,2152645320.0,21.5264532,21.5264532,1.1,,11.6075
000698,ST沈化,辽宁,石油加工,主板,19970220,20260701,3.13,5.0336,25163434.6,2565080072.0,2459286072.0,25.65080072,24.59286072,1.7,,1.8452
000010,*ST美丽,深圳,建筑工程,主板,19951027,20260701,1.79,5.2941,33589071.0,2057877617.0,1562768450.0,20.57877617,15.6276845,1.06,,6.9919
000014,沙河股份,深圳,全国地产,主板,19920602,20260701,9.31,1.9715,56941139.54,2253450122.0,2253450122.0,22.53450122,22.53450122,1.03,,1.6318
000020,深华发A,深圳,元器件,主板,19920428,20260701,11.17,2.4771,69233928.0,3162910604.0,2023617518.0,31.62910604,20.23617518,1.43,89.2447,7.1188
000021,深科技,深圳,元器件,主板,19940202,20260701,62.26,-3.1274,19585847111.4,98020262503.0,98006926411.0,980.20262503,980.06926411,1.35,86.3098,7.3367
000028,国药一致,深圳,医药商业,主板,19930809,20260701,19.25,1.798,37708072.23,11785263875.0,10122768425.0,117.85263875,101.22768425,0.77,10.375,0.6236
000045,深纺织A,深圳,元器件,主板,19940815,20260701,10.29,-2.3719,70220492.0,5212109322.0,4702754322.0,52.12109322,47.02754322,0.88,76.1796,1.7363
000055,方大集团,深圳,其他建材,主板,19960415,20260701,3.4,0.8902,52664674.56,3651172280.0,2297904960.0,36.5117228,22.9790496,0.99,,0.6532
000078,ST海王,深圳,医药商业,主板,19981218,20260701,1.35,4.6512,80314425.97,3552016455.0,3544041194.9999995,35.52016455,35.44041195,0.8,,2.8608
000090,天健集团,深圳,建筑工程,主板,19990721,20260701,3.09,2.6578,65810603.61000001,5773805286.0,5773453026.000001,57.73805286,57.73453026000001,1.05,25.8406,0.5135
000153,丰原药业,安徽,化学制药,主板,20000920,20260701,5.24,3.3531,52696590.4,2434952020.0,2404470940.0,24.3495202,24.0447094,1.3,24.4926,1.1157
000155,川能动力,四川,新型电力,主板,20000926,20260701,12.08,0.8347,395180579.64,22301713064.0,22301713064.0,223.01713064,223.01713064,1.04,44.382,2.0757
000156,华数传媒,浙江,影视音像,主板,20000906,20260701,6.41,1.5848,64490501.34,11877297325.0,10896204519.0,118.77297325,108.96204519,1.08,25.4634,0.7824
000157,中联重科,湖南,工程机械,主板,20001012,20260701,7.0,0.4304,527689035.78000003,60539746400.0,49487687200.0,605.397464,494.876872,0.91,12.4606,1.038
000158,常山北明,河北,软件服务,主板,20000724,20260701,13.15,1.938,417600849.14,21021809605.0,20881037540.0,210.21809605,208.8103754,1.06,628.5209,3.9649
000400,许继电气,河南,电气设备,主板,19970418,20260701,21.26,-2.0276,524292774.81,21655910098.0,21508769638.0,216.55910098,215.08769638,1.45,18.5536,1.7645
000402,金融街,北京,全国地产,主板,19960626,20260701,2.47,2.4896,120430057.74000001,7382656853.0,7381975133.0,73.82656853,73.81975133,0.98,,0.3718
000408,藏格矿业,青海,农药化肥,主板,19960628,20260701,68.32,-1.4426,1011825788.66,107188259136.0,107187131856.0,1071.88259136,1071.87131856,0.94,27.8241,6.0752
000410,沈阳机床,辽宁,机床制造,主板,19960718,20260701,4.77,2.8017,102166501.44,12636078210.0,9401757291.0,126.3607821,94.01757291,0.95,,3.0253
000420,吉林化纤,吉林,化纤,主板,19960802,20260701,4.05,0.0,392679855.62,9958416615.0,9955044180.0,99.58416615,99.5504418,0.95,438.1103,2.2427
000422,湖北宜化,湖北,农药化肥,主板,19960815,20260701,15.05,7.1174,1157085792.56,16368149735.0,15920743335.0,163.68149735,159.20743335,1.56,20.2429,2.6303
000423,东阿阿胶,山东,中成药,主板,19960729,20260701,46.04,1.4991,195476726.0,29648691872.0,29596827812.0,296.48691872,295.96827812,0.82,17.0518,2.7471
000425,徐工机械,江苏,工程机械,主板,19960828,20260701,8.13,0.4944,1221497601.46,95212140950.0,73174515061.0,952.1214095,731.74515061,0.99,14.4871,1.5194
000488,ST晨鸣,山东,造纸,主板,20001120,20260701,1.94,3.1915,34650428.65,5706425028.0,3286786412.0,57.06425028,32.86786412,1.14,,13.6998
000505,京粮控股,海南,食品,主板,19921221,20260701,5.21,3.5785,50903169.14,3787410542.0,3294701363.0,37.87410542,32.94701363,1.31,,1.3192
000507,珠海港,广东,新型电力,主板,19930326,20260701,4.73,1.0684,32566140.240000002,4350346077.0,4268136785.0,43.50346077,42.68136785,0.52,18.0365,0.7278
000514,渝开发,重庆,区域地产,主板,19930712,20260701,3.69,3.0726,59282322.72,3113514990.0,3113514990.0,31.1351499,31.1351499,1.77,460.8001,0.8484
000521,长虹美菱,安徽,家用电器,主板,19931018,20260701,5.97,9.9448,325797754.87,6148645085.999999,5225121906.0,61.48645085999999,52.25121906,2.76,14.9817,1.0071
000528,柳工,广西,工程机械,主板,19931118,20260701,7.72,2.2517,307061225.41999996,15727587679.0,15705735763.0,157.27587679,157.05735763,1.22,9.7734,0.8266
000532,华金资本,广东,多元金融,主板,19940103,20260701,11.15,3.8175,86424107.0,3843497545.0,3830579155.0,38.43497545,38.30579155,1.3,23.5159,2.3691
000537,绿发电力,天津,新型电力,主板,19931210,20260701,7.48,2.3256,205231856.05,15376769892.0,15376769892.0,153.76769892,153.76769892,0.99,19.2039,0.7726
000539,粤电力A,广东,火力发电,主板,19931126,20260701,7.15,4.9927,1045866750.6,37539530600.0,18271016335.0,375.395306,182.71016335,1.13,62.5719,1.6103
000557,西部创业,宁夏,铁路,主板,19940617,20260701,3.53,2.0231,37550828.98,5148062691.0,5146444186.0,51.48062691,51.46444186,1.07,17.5968,0.8058
000560,我爱我家,云南,房产服务,主板,19940202,20260701,2.14,3.3816,178357205.31,5040771926.0,5004253468.0,50.40771926,50.04253468,1.18,,0.5431
000565,渝三峡A,重庆,染料涂料,主板,19940408,20260701,5.86,3.169,66183546.82,2540850292.0,2540850292.0,25.40850292,25.40850292,1.28,313.6713,1.9797
000600,建投能源,河北,火力发电,主板,19960606,20260701,9.25,5.7143,368774269.25,16679918200.0,10082970825.0,166.799182,100.82970825,1.13,8.8793,1.3367
000605,渤海股份,北京,水务,主板,19960913,20260701,5.53,3.3645,29305627.16,1950202058.0,1950202058.0,19.50202058,19.50202058,1.02,228.7298,0.9095
000626,远大控股,江苏,商贸代理,主板,19961128,20260701,6.5,2.6856,62202709.0,3293074200.0,3274124750.0,32.930742,32.7412475,1.14,,1.4996
000630,铜陵有色,安徽,铜,主板,19961120,20260701,6.29,-1.1006,2295078584.4,84345575735.0,70089404584.0,843.45575735,700.89404584,0.7,34.9256,2.2501
000631,顺发恒能,浙江,综合类,主板,19961122,20260701,3.03,1.3378,36634886.56,6969000303.0,6969000303.0,69.69000303,69.69000303,0.77,118.1644,1.2649
000636,风华高科,广东,元器件,主板,19961129,20260701,74.4,2.99,8482522820.660001,86081782080.0,86081774640.0,860.8178208,860.8177464,0.95,303.8359,6.8959
000639,ST西王,山东,食品,主板,19961126,20260701,1.16,5.4545,38694274.559999995,1252136596.0,1252135088.0,12.52136596,12.52135088,0.69,,0.7583
000650,仁和药业,江西,中成药,主板,19961210,20260701,5.18,1.7682,85869178.38,7251679876.0,6896578443.999999,72.51679876,68.96578444,1.0,18.4423,1.1233
000657,中钨高新,海南,小金属,主板,19961205,20260701,95.94,0.2298,7412197488.370001,218609306136.0,139393653282.0,2186.09306136,1393.93653282,0.77,170.6995,20.4612
000670,盈方微,湖北,元器件,主板,19961217,20260701,7.54,-0.6588,387559903.0,6376460956.999999,6204078461.0,63.76460956999999,62.04078461,0.81,,207.2801
000676,智度股份,广东,互联网,主板,19961224,20260701,5.27,3.1311,187940717.76,6639089084.0,6635080195.000001,66.39089084,66.35080195,1.29,46.8875,1.5507
000688,国城矿业,四川,铅锌,主板,19970120,20260701,36.65,7.0698,1334961883.8,43432731205.0,43432573609.99999,434.32731205,434.3257360999999,1.07,40.3469,14.4748
000708,中信特钢,湖北,特种钢,主板,19970326,20260701,12.76,1.1094,191814692.56,64401741184.0,64401454084.0,644.01741184,644.01454084,0.97,10.8628,1.4438
000709,河钢股份,河北,普钢,主板,19970416,20260701,1.98,2.0619,229780075.85,20467499778.0,20464116552.0,204.67499778,204.64116552,1.41,20.4268,0.3933
000711,ST京蓝,黑龙江,环境保护,主板,19970411,20260701,4.77,5.0661,34765896.96,14085439004.0,11358741303.0,140.85439004,113.58741303,0.1,,21.2725
000716,黑芝麻,广西,食品,主板,19970418,20260701,4.22,4.4554,96523972.2,3177170480.0,3117268846.0,31.7717048,31.17268846,1.41,,1.2563
000720,新能泰山,山东,电气设备,主板,19970509,20260701,3.68,-0.271,126310185.18,4624036288.0,4624036288.0,46.24036288,46.24036288,0.83,,2.4581
000722,湖南发展,湖南,水力发电,主板,19970522,20260701,11.91,4.8415,206046542.82,6804835513.000001,5528125139.0,68.04835513,55.28125139,0.89,94.331,2.1478
000736,中交发展,重庆,全国地产,主板,19970425,20260701,3.85,5.4795,59771597.05,2876328840.0,2876328840.0,28.7632884,28.7632884,1.16,,2.3736
000739,普洛药业,浙江,化学制药,主板,19970509,20260701,17.19,3.1813,279781946.98,19913645484.0,19905671043.0,199.13645484,199.05671043,1.44,22.3579,3.0351
000750,国海证券,广西,证券,主板,19970709,20260701,3.86,4.8913,441713020.03999996,24650633570.0,22373347440.0,246.5063357,223.7334744,1.42,32.0461,1.0793
000751,锌业股份,辽宁,铅锌,主板,19970626,20260701,6.2,1.3072,1191051747.85,10016909720.0,8741186560.0,100.1690972,87.4118656,0.9,146.986,2.7109
000753,漳州发展,福建,综合类,主板,19970626,20260701,4.66,3.7862,112379028.55,4620301926.0,4620301926.0,46.20301926,46.20301926,1.3,71.0842,1.6796
000755,山西高速,山西,路桥,主板,19970627,20260701,4.33,2.1226,19666253.24,6353453166.0,6353453166.0,63.53453166,63.53453166,0.81,13.6565,1.1282
000756,新华制药,山东,化学制药,主板,19970806,20260701,14.72,3.8814,550606645.49,10255179648.0,7343797696.0,102.55179648,73.43797696,1.12,35.3762,1.9169
000758,中色股份,北京,铅锌,主板,19970416,20260701,6.58,0.1522,381120280.16999996,13097095200.0,13046515398.0,130.970952,130.46515398,0.73,27.5417,2.1009
000759,中百集团,湖北,超市连锁,主板,19970519,20260701,6.46,1.7323,578486289.36,4279514856.0,4235860760.0,42.79514856,42.3586076,0.94,,5.9127
000777,中核科技,江苏,机械基件,主板,19970710,20260701,18.89,-3.3265,555409267.89,7242758464.0,7242630012.000001,72.42758464,72.42630012000001,1.26,42.6313,2.9483
000778,新兴铸管,河北,钢加工,主板,19970606,20260701,3.73,0.5391,208064988.9,14782669979.0,14522831092.0,147.82669979,145.22831092,1.3,15.6073,0.5547
000779,甘咨询,甘肃,建筑工程,主板,19970528,20260701,7.94,1.9255,78481938.58,3690745435.9999995,3690297620.0,36.907454359999996,36.9029762,0.97,24.7745,0.9256
000702,正虹科技,湖南,饲料,主板,19970318,20260701,5.19,4.6371,67108358.02,1798983750.0,1383833574.0,17.9898375,13.83833574,1.5,,5.4253
000717,中南股份,广东,普钢,主板,19970508,20260701,2.16,7.4627,92950688.6,5235506496.0,5234891760.0,52.35506496,52.3489176,2.2,,0.7826
000725,京东方A,北京,元器件,主板,20010112,20260701,8.77,1.0369,39601267264.3,324878756560.0,310169766057.0,3248.7875656,3101.69766057,1.09,55.4688,2.3871
000726,鲁泰A,山东,纺织,主板,20001225,20260701,5.61,3.3149,31544755.29,4586318616.0,3306177765.0,45.86318616,33.06177765,1.28,7.7265,0.4681
000731,四川美丰,四川,农药化肥,主板,19970617,20260701,5.22,2.1526,46480232.93,2864871198.0,2864871198.0,28.64871198,28.64871198,0.93,,0.7503
000733,振华科技,贵州,元器件,主板,19970703,20260701,62.3,9.9929,848977969.2,34524753620.0,34520099810.0,345.2475362,345.2009981,0.34,33.669,2.1905
000737,北方铜业,山西,铜,主板,19970428,20260701,13.35,0.9834,633853045.89,25427965275.0,25425599655.0,254.27965275,254.25599655,0.88,32.1622,3.4198
000752,*ST西发,西藏,啤酒,主板,19970625,20260701,7.76,-2.0202,27808759.0,2046765960.0,2046765960.0,20.4676596,20.4676596,0.99,14.2135,3.2952
000761,本钢板材,辽宁,普钢,主板,19980115,20260701,2.2,2.3256,58816766.32,9038458220.0,8158458220.0,90.3845822,81.5845822,1.66,,1.5258
000762,西藏矿业,西藏,小金属,主板,19970708,20260701,28.26,5.8427,755536475.3100001,14718350592.0,14717824956.0,147.18350592,147.17824956,1.16,,5.0022
000768,中航西飞,陕西,航空,主板,19970626,20260701,20.69,1.0254,657627235.62,57530822969.00001,57444005660.0,575.3082296900001,574.4400566,1.27,49.9729,2.5534
000776,广发证券,广东,证券,主板,19970611,20260701,24.86,6.2393,4782356333.78,194525659130.0,146774665598.0,1945.2565913,1467.74665598,1.26,14.1973,1.412
000782,恒申新材,广东,化纤,主板,19970619,20260701,8.6,6.4356,382077974.77,5904600900.0,4542000560.0,59.046009,45.4200056,1.05,,3.6518
000785,居然智家,湖北,百货,主板,19970711,20260701,2.05,2.5,126983123.31,12765450040.0,11899187895.0,127.6545004,118.99187895,1.25,,0.6678
000800,一汽解放,吉林,汽车整车,主板,19970618,20260701,6.0,0.8403,105102870.58,29527686000.0,29525029200.0,295.27686,295.250292,1.31,40.7534,1.1149
000820,*ST节能,江西,综合类,主板,19980630,20260701,2.86,5.1471,5723411.22,1849147872.0,849325334.0,18.49147872,8.49325334,0.33,,21.5001
000821,ST京机,湖北,电气设备,主板,19980626,20260701,7.66,1.457,112895243.39,4771220968.0,4631625128.0,47.71220968,46.31625128,0.99,24.1416,1.1435
000822,山东海化,山东,化工原料,主板,19980703,20260701,4.11,2.2388,77681116.0,3678827709.0,3678827709.0,36.78827709,36.78827709,1.25,,0.9832
000825,太钢不锈,山西,特种钢,主板,19981021,20260701,3.49,2.346,142154036.2,19879904822.0,19879904822.0,198.79904822,198.79904822,1.24,385.8059,0.6083
000829,天音控股,江西,其他商业,主板,19971202,20260701,7.85,0.641,266293208.21,8047038925.0,8039418145.0,80.47038925,80.39418145,1.48,,2.7769
000852,石化机械,湖北,化工机械,主板,19981126,20260701,5.02,1.2097,75230818.36,4797966404.0,4770299678.0,47.97966404,47.70299678,1.05,441.8764,1.5344
000878,云南铜业,云南,铜,主板,19980602,20260701,15.86,-0.1259,700156469.63,38463418240.0,31777425888.0,384.6341824,317.77425888,0.84,29.5541,2.0872
000880,潍柴重机,山东,专用机械,主板,19980402,20260701,22.98,-0.1304,282745622.6,10659245424.0,5217075864.0,106.59245424,52.17075864,0.85,44.4042,4.9391
000893,亚钾国际,广东,农药化肥,主板,19981224,20260701,41.9,2.47,855068108.3,38717745280.0,34014683970.0,387.1774528,340.1468397,1.53,23.1485,2.7866
001896,豫能控股,河南,火力发电,主板,19980122,20260701,17.43,4.9368,2714204581.2400002,26594368059.0,26594368059.0,265.94368059,265.94368059,1.03,68.128,7.4636
000906,浙商中拓,浙江,仓储物流,主板,19990707,20260701,5.19,2.9762,82747469.53,3683152008.0,3639434562.0,36.83152008,36.39434562,2.3,16.5374,0.7439
000909,*ST数源,浙江,区域地产,主板,19990507,20260701,3.95,5.0532,3725833.45,1728971485.0,1728956870.0,17.28971485,17.2895687,0.23,,2.8222
000911,*ST广糖,广西,食品,主板,19990527,20260701,4.02,4.9608,28176392.0,1609285596.0,1609285596.0,16.09285596,16.09285596,0.87,,
000915,华特达因,山东,化学制药,主板,19990609,20260701,25.78,-2.0144,169472594.63,6041066070.0,6037222272.0,60.4106607,60.37222272,1.74,11.29,2.033
000927,中国铁物,天津,仓储物流,主板,19990727,20260701,2.35,3.5242,152735393.29999998,14218331195.0,14218323910.0,142.18331195,142.1832391,1.62,24.6879,1.4436
000932,华菱钢铁,湖南,普钢,主板,19990803,20260701,3.55,2.3055,500075507.71,24326762660.0,24326762660.0,243.2676266,243.2676266,0.92,9.3184,0.4357
000935,四川双马,四川,水泥,主板,19990824,20260701,25.6,-1.8781,233606903.95000002,19544071680.0,19544071680.0,195.4407168,195.4407168,1.15,65.5233,2.4956
000951,中国重汽,山东,汽车整车,主板,19991125,20260701,19.85,1.7427,195867991.11,23204550750.0,23204550750.0,232.0455075,232.0455075,0.6,13.93,1.3955
000960,锡业股份,云南,小金属,主板,20000221,20260701,42.32,-0.8667,4506396360.61,69634682240.0,69634682240.0,696.3468224,696.3468224,0.74,35.4162,3.3608
000965,天保基建,天津,区域地产,主板,20000406,20260701,2.99,2.3973,44114810.59,3318394391.0,3318394391.0,33.18394391,33.18394391,1.22,172.7485,0.6023
000966,长源电力,湖北,火力发电,主板,20000316,20260701,3.98,1.5306,243668978.85000002,13854519300.0,13854519300.0,138.545193,138.545193,0.91,,1.0297
000968,蓝焰控股,山西,石油开采,主板,20000622,20260701,6.14,2.5042,95565512.8,5940466578.0,5940466578.0,59.40466578,59.40466578,1.1,17.7365,0.929
000972,中基健康,新疆,食品,主板,20000926,20260701,3.35,7.0288,42452353.22,2583800060.0,2583800060.0,25.8380006,25.8380006,1.2,,397.9497
000978,桂林旅游,广西,旅游景点,主板,20000518,20260701,5.38,3.0651,73307100.0,2518539938.0,2518487214.0,25.18539938,25.18487214,1.33,228.2781,2.3511
000988,华工科技,湖北,专用机械,主板,20000608,20260701,173.55,-5.991,16190807303.2,174505010940.0,174415268235.0,1745.0501094,1744.15268235,1.12,118.6467,14.9309
600004,白云机场,广东,机场,主板,20030428,20260701,7.42,2.2039,117303975.0,19123154932.0,17561049786.0,191.23154932,175.61049786,1.13,13.0236,0.9028
600010,包钢股份,内蒙,普钢,主板,20010309,20260701,2.23,0.0,1045809285.0,100854053590.0,69839612537.0,1008.5405359,698.39612537,0.82,269.9357,1.9546
600029,南方航空,广东,空运,主板,20030725,20260701,5.35,3.2819,703892457.0,96947183615.0,72101798060.0,969.47183615,721.0179806,0.82,113.1239,2.6159
600038,中直股份,黑龙江,航空,主板,20001218,20260701,25.55,1.0281,163472069.0,20948271260.0,17091294360.0,209.4827126,170.9129436,0.94,32.1359,1.1891
600052,东望时代,浙江,供气供热,主板,19970415,20260701,3.65,3.1073,77685081.0,3081310655.0000005,3081310655.0000005,30.813106550000004,30.813106550000004,0.94,,1.427
600054,黄山旅游,安徽,旅游景点,主板,19970506,20260701,10.87,1.5888,60830919.0,7928354078.0,5579571000.0,79.28354078,55.79571,0.97,27.1073,1.6502
600056,中国医药,北京,医药商业,主板,19970515,20260701,8.96,2.4,145971449.0,13403083008.0,13398349439.999998,134.03083008,133.98349439999998,1.03,28.3226,1.1153
600057,厦门象屿,福建,仓储物流,主板,19970604,20260701,5.5,1.476,104251012.0,15614585800.0,11508806100.000002,156.145858,115.08806100000002,1.31,12.0763,0.9905
600061,国投资本,上海,证券,主板,19970519,20260701,6.64,3.75,489337463.0,42456140080.0,42456140080.0,424.5614008,424.5614008,1.17,12.9467,0.7762
600066,宇通客车,河南,汽车整车,主板,19970508,20260701,28.15,4.9981,801812425.0,62322388480.0,62322388480.0,623.2238848,623.2238848,1.26,11.2202,3.8411
600075,新疆天业,新疆,化工原料,主板,19970617,20260701,4.34,7.4257,224218284.0,7411840469.0,7411840469.0,74.11840469,74.11840469,1.35,,0.8393
600080,ST金花,陕西,中成药,主板,19970612,20260701,4.69,4.9217,27873112.0,1750637707.0,1750637707.0,17.50637707,17.50637707,1.36,112.3883,1.0987
600081,东风科技,上海,汽车配件,主板,19970703,20260701,9.2,1.3216,26209864.0,5087841040.0,5087841040.0,50.8784104,50.8784104,0.9,270.0773,1.1005
600089,特变电工,新疆,电气设备,主板,19970618,20260701,22.26,-1.0667,3463155076.0,112475163276.0,112475163276.0,1124.75163276,1124.75163276,1.39,18.8898,1.5631
600097,开创国际,上海,渔业,主板,19970619,20260701,8.02,3.0848,32881864.0,1932311532.0,1932311532.0,19.32311532,19.32311532,1.33,26.1498,0.8577
600098,广州发展,广东,火力发电,主板,19970718,20260701,6.05,2.3689,142896487.0,21210483250.0,21210483250.0,212.1048325,212.1048325,1.04,9.1447,0.7634
600099,林海股份,江苏,汽车整车,主板,19970704,20260701,8.3,4.01,37439343.0,1818696000.0,1818696000.0,18.18696,18.18696,1.15,74.0731,3.3008
600106,重庆路桥,重庆,路桥,主板,19970618,20260701,4.6,0.4367,61864602.0,6113515460.0,6113515460.0,61.1351546,61.1351546,0.86,53.624,1.1495
600107,*ST尔雅,湖北,服饰,主板,19971106,20260701,5.64,0.1776,9605211.0,2030400000.0,2030400000.0,20.304,20.304,0.49,,5.0081
600108,亚盛集团,甘肃,种植业,主板,19970818,20260701,3.14,6.0811,403886112.0,6113313414.0,6113313414.0,61.13313414,61.13313414,1.18,107.3761,1.4102
600117,西宁特钢,青海,特种钢,主板,19971015,20260701,2.12,3.9216,60188233.0,6900843588.0,6900843588.0,69.00843588,69.00843588,1.97,,2.005
600121,郑州煤电,河南,煤炭开采,主板,19980107,20260701,3.65,1.9553,154566379.0,4447203800.0,4447203800.0,44.472038,44.472038,0.76,,6.0434
600123,兰花科创,山西,煤炭开采,主板,19981217,20260701,5.54,3.7453,124977038.0,8161749600.0,8161749600.0,81.617496,81.617496,0.88,,0.54
000786,北新建材,北京,其他建材,主板,19970606,20260701,18.2,0.6081,305259400.0,30980695200.0,30749041960.0,309.806952,307.4904196,0.9,10.6595,1.1089
000788,北大医药,重庆,化学制药,主板,19970616,20260701,5.12,4.918,106133378.0,3051455488.0,3051455488.0,30.51455488,30.51455488,1.28,36.8164,2.0497
000789,万年青,江西,水泥,主板,19970923,20260701,3.87,3.4759,26024699.63,3086016174.0,3086016174.0,30.86016174,30.86016174,1.4,106.3526,0.4783
000791,甘肃能源,甘肃,水力发电,主板,19971014,20260701,8.0,5.2632,402425906.46000004,25950718400.0,15484946399.999998,259.507184,154.84946399999998,1.11,12.6499,1.6685
000793,*ST华闻,海南,出版业,主板,19970729,20260701,2.47,-1.5936,43339621.0,10853031800.0,6581816904.0,108.530318,65.81816904,0.83,,354.5127
000796,凯撒旅业,海南,旅游服务,主板,19970703,20260701,3.86,0.7833,135619121.0,6190625154.0,5136740934.0,61.90625154,51.36740934,0.92,221.0834,6.8155
000797,中国武夷,福建,全国地产,主板,19970715,20260701,2.26,3.1963,69975106.4,3549904491.9999995,3549365030.0000005,35.499044919999996,35.493650300000006,1.27,,0.7667
000799,酒鬼酒,湖南,白酒,主板,19970718,20260701,43.97,0.6178,783574727.14,14287128130.0,14285773854.0,142.8712813,142.85773854,0.85,,3.7884
000803,山高环能,四川,环境保护,主板,19980303,20260701,7.0,3.2448,80184899.52000001,3264073400.0000005,3218514600.0,32.640734,32.185146,0.79,107.7301,2.1914
000807,云铝股份,云南,铝,主板,19980408,20260701,21.8,-1.5357,1535714766.8999999,75601471320.0,75600679980.0,756.0147132,756.0067998,0.79,12.4864,2.1205
000816,智慧农业,江苏,农用机械,主板,19970818,20260701,2.38,3.4783,75891144.56,3443891654.0,3426031658.0,34.43891654,34.26031658,1.18,,1.7667
000819,岳阳兴长,湖南,石油加工,主板,19970625,20260701,11.71,3.3539,53605635.05,4326897695.0,4286095371.0,43.26897695,42.86095371,0.79,,2.0814
000833,粤桂股份,广西,综合类,主板,19981111,20260701,24.71,5.5081,1086621853.48,19819451162.0,11210976420.0,198.19451162,112.1097642,1.29,41.2944,4.7694
000837,秦川机床,陕西,机床制造,主板,19980928,20260701,11.4,2.6103,357746591.55,11663862120.0,11484397620.000002,116.6386212,114.84397620000001,1.0,220.5147,2.368
000863,三湘印象,上海,区域地产,主板,19970925,20260701,4.62,10.0,138295055.04000002,5454832152.0,5374056996.000001,54.54832152,53.74056996000001,1.23,,1.2533
000868,安凯客车,安徽,汽车整车,主板,19970725,20260701,3.37,3.3742,48021484.6,3166164539.0,3165893927.9999995,31.66164539,31.658939279999995,1.2,,3.9439
000869,张裕A,山东,红黄酒,主板,20001026,20260701,15.81,1.4763,23471188.0,10390966424.0,7195325384.0,103.90966424,71.95325384,1.09,145.7536,0.9907
000883,湖北能源,湖北,水力发电,主板,19980519,20260701,4.43,2.5463,162037288.66,31361687511.0,28704563764.999996,313.61687511,287.04563764999995,1.02,16.4242,0.8301
000892,欢瑞世纪,重庆,影视音像,主板,19990115,20260701,3.45,3.6036,129979753.0,3384382725.0,2452385925.0,33.84382725,24.52385925,1.2,,5.6016
000897,津滨发展,天津,区域地产,主板,19990422,20260701,1.69,1.8072,82419637.47,2733190018.0000005,2733136614.0,27.331900180000005,27.33136614,1.92,,0.9082
000898,鞍钢股份,辽宁,普钢,主板,19971225,20260701,1.9,1.6043,63620527.199999996,17801520470.0,15119202500.0,178.0152047,151.192025,0.91,,0.4194
000912,泸天化,四川,农药化肥,主板,19990603,20260701,3.37,4.9844,94830767.28,5284160000.0,5284160000.0,52.8416,52.8416,1.6,166.2355,0.833
000919,金陵药业,江苏,化学制药,主板,19991118,20260701,6.03,3.4305,80326044.0,3750204735.0,3749253201.0,37.50204735,37.49253201,1.18,69.5582,0.9854
000922,佳电股份,黑龙江,电气设备,主板,19990618,20260701,13.78,-1.2894,204436654.96,11492274716.0,9713924376.0,114.92274716,97.13924376,0.66,45.2322,2.45
000926,福星股份,湖北,区域地产,主板,19990618,20260701,2.06,7.8534,120065677.74,3281507282.0,3240810746.0,32.81507282,32.40810746,2.26,,0.6269
000928,中钢国际,吉林,建筑工程,主板,19990312,20260701,5.01,0.6024,85111896.72999999,7187569947.0,7187481771.0,71.87569947,71.87481771,1.01,14.8123,0.8362
000929,兰州黄河,甘肃,啤酒,主板,19990623,20260701,8.88,1.4857,44852750.0,1649602080.0000002,1649497296.0,16.496020800000004,16.49497296,1.02,,4.7296
000930,中粮科技,安徽,农业综合,主板,19990712,20260701,4.37,2.8235,113083706.07,8112653288.0,8112241197.0,81.12653288,81.12241197,1.36,211.4455,0.7797
000937,冀中能源,河北,煤炭开采,主板,19990909,20260701,4.07,2.2613,80192825.55,15819689512.0,15371305345.0,158.19689512,153.71305345,0.86,25.8219,0.8194
000952,广济药业,湖北,化学制药,主板,19991112,20260701,5.69,4.9815,58222633.33,1973009429.0,1957326059.0,19.73009429,19.57326059,1.23,,3.164
000955,欣龙控股,海南,纺织,主板,19991209,20260701,4.46,1.5945,64946609.0,2401241700.0,2400875534.0,24.012417,24.00875534,0.75,3343.9158,3.7053
000957,中通客车,山东,汽车整车,主板,20000113,20260701,9.6,2.5641,95190819.39999999,5691877439.999999,5691877439.999999,56.91877439999999,56.91877439999999,1.07,15.8261,1.7634
000958,电投产融,河北,新型电力,主板,19991223,20260701,5.68,0.7092,141280364.28,104037861432.0,30577817080.0,1040.37861432,305.7781708,0.93,31.5921,2.2952
000975,山金国际,内蒙,黄金,主板,20000608,20260701,16.78,-1.2941,809468592.76,46523009771.99999,42339921893.99999,465.23009771999995,423.3992189399999,0.79,15.6556,2.865
000983,山西焦煤,山西,煤炭开采,主板,20000726,20260701,5.99,3.2759,432054166.55,34005834990.0,34005626538.0,340.0583499,340.05626538,0.94,28.3199,0.9187
000998,隆平高科,湖南,种植业,主板,20001211,20260701,7.71,2.2546,140300053.64,11329444080.0,10134105726.0,113.2944408,101.34105726,0.99,68.3228,1.6723
000999,华润三九,深圳,中成药,主板,20000309,20260701,23.23,3.2904,292874521.85999995,38659781817.0,38624381620.0,386.59781817,386.2438162,1.03,11.3007,1.6631
002181,粤传媒,广东,出版业,主板,20071116,20260701,9.89,-0.603,421681605.71999997,11482865598.0,11220571919.0,114.82865598,112.20571919,0.89,124.708,2.7004
600007,中国国贸,北京,园区开发,主板,19990312,20260701,19.26,1.4752,49551604.0,19400260950.0,19400260950.0,194.0026095,194.0026095,0.64,16.136,1.9298
600009,上海机场,上海,机场,主板,19980218,20260701,23.43,2.5832,314034331.0,58301173590.0,47944328685.0,583.0117359,479.44328685,0.98,27.5425,1.3519
600028,中国石化,北京,石油加工,主板,20010808,20260701,4.54,1.7937,1141769633.0,549001834468.0,430176238316.0,5490.01834468,4301.76238316,0.96,17.2593,0.659
600030,中信证券,深圳,证券,主板,20030106,20260701,29.47,2.5757,12572442638.0,436761514196.0,358842957970.0,4367.61514196,3588.4295797,1.51,14.5219,1.4983
600033,福建高速,福建,路桥,主板,20010209,20260701,3.3,2.4845,73980786.0,9056520000.0,9056520000.0,90.5652,90.5652,1.09,9.5504,0.7194
600058,五矿发展,北京,商贸代理,主板,19970528,20260701,11.4,-1.2987,292599061.0,12219781980.0,12219781980.0,122.1978198,122.1978198,0.87,639.651,2.5056
600059,古越龙山,浙江,红黄酒,主板,19970516,20260701,7.51,2.5956,51576576.0,6845683424.0,6845683424.0,68.45683424,68.45683424,1.06,30.7948,1.1593
600060,海信视像,山东,家用电器,主板,19970422,20260701,27.08,-2.8346,355951209.0,35338647176.0,35208568396.0,353.38647176,352.08568396,0.68,14.4004,1.6192
600067,冠城新材,福建,电气设备,主板,19970508,20260701,2.94,1.3793,104290328.0,4091505978.0,4091505978.0,40.91505978,40.91505978,0.92,54.786,0.7316
600078,澄星股份,江苏,化工原料,主板,19970627,20260701,13.89,-2.2519,795564052.0,9400931181.0,9203137581.0,94.00931181,92.03137581,0.77,1109.6312,5.5165
600082,ST海泰,天津,园区开发,主板,19970620,20260701,2.68,5.098,9567492.0,1731590344.0,1700018872.0,17.31590344,17.00018872,0.39,,1.0249
600095,湘财股份,黑龙江,证券,主板,19970708,20260701,8.03,6.6401,468130737.0,22959277231.0,22959277231.0,229.59277231,229.59277231,1.73,49.4678,1.8663
600101,明星电力,四川,水力发电,主板,19970627,20260701,8.19,3.8023,154072258.0,4486993875.0,4486993875.0,44.86993875,44.86993875,1.31,24.3659,1.4205
600110,诺德股份,吉林,电气设备,主板,19971007,20260701,15.33,1.5905,3218522516.0,26600323197.0,26600323197.0,266.00323197,266.00323197,0.92,,4.717
600115,中国东航,上海,空运,主板,19971105,20260701,3.93,3.1496,998264187.0,86804805231.0,66908112057.0,868.04805231,669.08112057,0.88,,6.1559
600120,浙江东方,浙江,多元金融,主板,19971201,20260701,4.44,3.2558,216839459.0,15164293860.0,15164293860.0,151.6429386,151.6429386,1.41,16.2243,0.9243
000001,平安银行,深圳,银行,主板,19910403,20260701,10.16,1.0945,915838549.12,197164128912.0,197160903112.0,1971.64128912,1971.60903112,0.8,4.6247,0.4248
000009,中国宝安,深圳,电气设备,主板,19910625,20260701,6.27,0.6421,141397098.34,16171671780.0,16151648535.0,161.7167178,161.51648535,0.83,79.647,1.6123
000012,南玻A,深圳,玻璃,主板,19920228,20260701,5.25,1.7442,1071188498.1700001,15972961200.000002,10286412150.0,159.72961200000003,102.8641215,1.73,127.1041,1.2255
000017,深中华A,深圳,服饰,主板,19920331,20260701,6.08,-0.6536,174883008.0,4190244192.0,2680197760.0,41.90244192,26.8019776,1.86,101.8801,10.7347
000031,大悦城,深圳,全国地产,主板,19931008,20260701,2.18,2.8302,84208508.0,9344162994.0,9344144246.0,93.44162994,93.44144246,1.07,,0.9137
000034,神州数码,深圳,软件服务,主板,19940509,20260701,27.58,-0.6126,1515444288.55,28041678168.0,23419496324.0,280.41678168,234.19496324,1.09,53.6227,2.4978
000039,中集集团,深圳,运输设备,主板,19940408,20260701,8.09,-0.2466,254914082.13,43625489227.0,18618383439.0,436.25489227,186.18383439,0.7,197.5613,0.9338
001914,招商积余,深圳,房产服务,主板,19940928,20260701,8.3,1.7157,87468916.66,8745875170.0,8745843630.0,87.4587517,87.4584363,1.42,13.3611,0.7982
000048,京基智农,深圳,农业综合,主板,19941101,20260701,22.5,1.856,472860345.76,11929563000.0,11909313000.0,119.29563,119.09313,0.72,78.0686,3.1764
000049,德赛电池,深圳,电气设备,主板,19950320,20260701,23.76,1.6688,173902893.41,9139013136.0,9136549224.0,91.39013136,91.36549224,0.8,31.2691,1.3439
000050,深天马A,深圳,元器件,主板,19950315,20260701,9.6,-3.1282,813039162.61,23383445760.0,23383262400.000004,233.8344576,233.83262400000004,0.59,139.7061,0.864
000061,农产品,深圳,农业综合,主板,19970110,20260701,5.67,1.25,153750930.4,11254730004.0,10173749040.0,112.54730004,101.7374904,1.07,30.2165,1.3021
000065,北方国际,北京,建筑工程,主板,19980605,20260701,9.84,0.1017,202653126.17999998,11428591248.000002,9593629032.0,114.28591248000002,95.93629032,0.79,15.8004,1.021
000066,中国长城,深圳,IT设备,主板,19970626,20260701,18.29,-3.9895,4168864568.0,58999865539.0,58995305842.00001,589.99865539,589.95305842,0.7,,5.397
000070,特发信息,深圳,通信设备,主板,20000511,20260701,19.6,-5.9501,1735557225.99,17020500840.0,16791849200.0,170.2050084,167.918492,0.74,,17.0103
000088,盐田港,深圳,港口,主板,19970728,20260701,4.11,0.489,65932360.25,21369876363.0,12999460227.0,213.69876363,129.99460227,1.09,14.763,1.1608
000100,TCL科技,广东,元器件,主板,20040130,20260701,6.12,5.1546,15780837053.099998,127301277888.0,117088049916.0,1273.01277888,1170.88049916,1.49,28.1841,2.0308
000404,长虹华意,江西,家用电器,主板,19960619,20260701,8.29,5.4707,355522137.05,5769806011.0,5742716777.999999,57.69806011,57.42716777999999,1.9,11.6616,1.3065
000411,英特集团,浙江,医药商业,主板,19960716,20260701,9.3,2.99,42675830.6,5253096629.999999,5242743870.0,52.53096629999999,52.4274387,0.9,10.4802,0.972
000419,通程控股,湖南,百货,主板,19960816,20260701,4.66,3.3259,34613156.96,2533095382.0,2533095382.0,25.33095382,25.33095382,1.12,20.6014,0.7413
000426,兴业银锡,内蒙,铅锌,主板,19960828,20260701,33.04,0.2427,2000316663.73,58667006832.0,58652789720.0,586.67006832,586.5278972,0.81,34.4242,5.4194
000430,张家界,湖南,旅游景点,主板,19960829,20260701,7.37,0.9589,81031923.52,5967012898.0,2731001405.0,59.67012898,27.31001405,0.82,,3.2835
000501,武商集团,湖北,百货,主板,19921120,20260701,7.12,6.4275,110580771.81,5475228024.0,5470252568.0,54.75228024,54.70252568,1.98,30.345,0.4961
000510,新金路,四川,化工原料,主板,19930507,20260701,24.76,-0.3221,2488109471.08,16057939535.999998,15019673504.000002,160.57939535999998,150.19673504000002,1.47,,15.5703
000513,丽珠集团,广东,化学制药,主板,19931028,20260701,29.65,2.6307,199630404.17,26326448480.000004,16845345070.0,263.26448480000005,168.4534507,1.18,13.012,1.8145
000525,红太阳,江苏,农药化肥,主板,19931028,20260701,3.98,1.5306,75678253.64,5186570830.0,4424804800.0,51.8657083,44.248048,1.06,,2.0889
000530,冰山冷热,辽宁,机械基件,主板,19931208,20260701,5.38,3.861,164990706.0,4536483250.0,3228627846.0,45.3648325,32.28627846,1.05,73.1233,1.4288
000531,穗恒运A,广东,火力发电,主板,19940106,20260701,6.13,2.3372,75333979.36,6383789969.0,5576739915.0,63.83789969,55.76739915,0.89,21.1037,0.9187
000536,华映科技,福建,元器件,主板,19931126,20260701,3.69,10.1493,376807601.28000003,10206661032.0,10195746750.0,102.06661032,101.9574675,1.41,,12.1502
000544,中原环保,河南,环境保护,主板,19931208,20260701,7.12,2.1521,23874316.599999998,6939753639.999999,6939753639.999999,69.39753639999999,69.39753639999999,1.02,6.4547,0.7376
000546,金圆股份,吉林,环境保护,主板,19931215,20260701,4.99,2.6749,121265128.66,3880465017.0,3476558948.0,38.80465017,34.76558948,0.87,,1.0106
000547,航天发展,福建,通信设备,主板,19931130,20260701,19.34,0.9922,1877445345.1799998,30914376922.0,30733602074.0,309.14376922,307.33602074,0.94,,8.1948
000552,甘肃能化,甘肃,煤炭开采,主板,19940106,20260701,2.33,4.0179,138726966.01999998,12469728251.0,8681140795.0,124.69728251,86.81140795,1.26,,0.763
000564,供销大集,陕西,百货,主板,19940110,20260701,1.38,3.7594,448177691.09,24920127354.0,20830933710.0,249.20127354,208.3093371,1.36,,1.7203
000566,海南海药,海南,化学制药,主板,19940525,20260701,5.49,10.02,1076585692.8600001,7122534399.0,7119078443.999999,71.22534399,71.19078443999999,1.72,,1601.4906
000572,海马汽车,海南,汽车整车,主板,19940808,20260701,3.77,1.8919,185703014.05,6200279605.0,6191294187.0,62.00279605,61.91294187,1.36,,3.9357
000597,东北制药,辽宁,化学制药,主板,19960523,20260701,4.38,3.3019,50444205.95,6249945801.0,6172312368.0,62.49945801,61.72312368,0.96,24.0317,1.125
000598,兴蓉环境,四川,水务,主板,19960529,20260701,6.52,1.5576,137613859.75,19455736724.0,19424564604.0,194.55736724,194.24564604,0.84,9.7036,0.9607
000603,盛达资源,北京,铅锌,主板,19960823,20260701,25.41,10.0,1267164064.78,17532122454.0,16941263724.0,175.32122454,169.41263724,2.06,32.9269,4.9042
000615,*ST美谷,湖北,医疗保健,主板,19961016,20260701,3.21,2.5559,19407022.6,5737851567.000001,2970111885.0,57.37851567000001,29.70111885,0.71,,3.5098
000628,高新发展,四川,建筑工程,主板,19961118,20260701,48.21,1.7089,634858230.18,16983418799.999998,9267822906.0,169.83418799999998,92.67822906,1.47,155.4756,7.7224
000629,钒钛股份,四川,小金属,主板,19961115,20260701,3.55,6.2874,1686978564.7,32982864690.0,32981077620.0,329.8286469,329.8107762,2.3,,2.6675
000651,格力电器,广东,家用电器,主板,19961118,20260701,37.46,-0.1067,2225863692.09,209828659058.0,206854473660.0,2098.28659058,2068.5447366,1.13,7.2347,1.3802
000652,泰达股份,天津,批发业,主板,19961128,20260701,3.45,1.173,35881990.830000006,5034702300.0,5030867625.0,50.347023,50.30867625,0.93,,0.9276
000655,金岭矿业,山东,普钢,主板,19961128,20260701,6.43,1.1006,33416443.83,3828037486.0,3828037486.0,38.28037486,38.28037486,0.88,14.2791,1.0837
000659,珠海中富,广东,广告包装,主板,19961203,20260701,3.14,0.9646,108325111.0,4037105850.0,4037105850.0,40.3710585,40.3710585,1.08,,43.8946
000665,湖北广电,湖北,影视音像,主板,19961210,20260701,3.71,1.6438,55573917.800000004,4218824645.0,4218714458.0,42.18824645,42.18714458,1.03,,1.3218
000677,ST海龙,山东,化纤,主板,19961226,20260701,1.51,4.8611,65210508.0,1304606629.0,1304606629.0,13.04606629,13.04606629,0.96,375.8768,2.5403
000679,大连友谊,辽宁,百货,主板,19970124,20260701,6.12,-0.8104,79479195.0,2181168000.0,2181168000.0,21.81168,21.81168,0.8,,15.0818
000680,山推股份,山东,工程机械,主板,19970122,20260701,9.94,-1.0945,179277267.25,14911418438.0,13067905284.0,149.11418438,130.67905284,0.83,12.3136,2.3034
000682,东方电子,山东,电气设备,主板,19970121,20260701,12.79,1.2668,580950484.1899999,17147898330.000002,17146265047.0,171.4789833,171.46265047,1.41,18.8027,2.7874
000685,中山公用,广东,水务,主板,19970123,20260701,11.68,4.6595,373725196.39,17143099248.0,14560076592.000002,171.43099248,145.60076592000001,1.86,9.1218,0.8911
000691,亚太实业,甘肃,化工原料,主板,19970228,20260701,11.67,0.9516,164482650.77,5658841350.0,3772560900.0000005,56.5884135,37.725609000000006,0.5,,12.4427
000697,炼石航空,陕西,航空,主板,19970325,20260701,10.07,-2.9865,167083917.24,14058609180.999998,6576790511.0,140.58609180999997,65.76790511,1.32,,4.1717
000701,厦门信达,福建,商贸代理,主板,19970226,20260701,4.55,2.7088,66977509.68,3040824605.0,3038247030.0,30.40824605,30.3824703,1.01,199.5001,
000712,锦龙股份,广东,证券,主板,19970415,20260701,9.21,3.9503,284658760.06,8252160000.0,8249711061.0,82.5216,82.49711061,1.19,29.1094,3.0898
000738,航发控制,江苏,航空,主板,19970626,20260701,18.42,0.7108,316701143.54999995,24225689280.0,24225689280.0,242.2568928,242.2568928,1.0,72.44,1.9234
000757,浩物股份,四川,汽车服务,主板,19970627,20260701,3.75,9.9707,97731273.0,1997685356.0,1997685356.0,19.97685356,19.97685356,1.95,41.8393,1.2437
000783,长江证券,湖北,证券,主板,19970731,20260701,10.54,8.1026,4526982614.009999,58286968366.0,58286968366.0,582.86968366,582.86968366,1.03,15.7685,1.5824
000790,华神科技,四川,中成药,主板,19980327,20260701,3.68,5.4441,86017135.47,2295287392.0,2291221728.0,22.95287392,22.91221728,1.33,,3.1956
000795,英洛华,浙江,矿物制品,主板,19970808,20260701,9.52,10.0578,327937008.68,10626706664.0,10626690480.0,106.26706664,106.2669048,1.15,42.5133,3.9082
000801,四川九洲,四川,家用电器,主板,19980506,20260701,12.36,-4.4822,645772041.03,12561773292.0,12557365716.0,125.61773292,125.57365716,2.14,70.1184,4.0325
000802,北京文化,北京,影视音像,主板,19980108,20260701,3.67,5.4598,140132473.36,2627354101.0,2625661130.0,26.27354101,26.2566113,1.17,,4.304
000809,和展能源,辽宁,电气设备,主板,19980616,20260701,3.21,1.2618,49673797.0,2647580073.0,2647580073.0,26.47580073,26.47580073,0.82,,0.9963
000810,创维数字,四川,家用电器,主板,19980602,20260701,13.39,1.0566,462930684.12,15401119084.0,14871017018.0,154.01119084,148.71017018,1.09,85.6268,2.3377
000815,美利云,宁夏,通信设备,主板,19980609,20260701,14.69,0.9622,747037361.95,10213413470.0,10213413470.0,102.1341347,102.1341347,1.01,153.2887,7.2594
000828,东莞控股,广东,路桥,主板,19970617,20260701,9.71,3.7393,73843377.25,10093710070.0,10093710070.0,100.9371007,100.9371007,1.28,12.257,0.9639
000838,*ST发展,重庆,区域地产,主板,19970626,20260701,1.61,2.5478,82521036.96,1771744142.0,1696563099.0,17.71744142,16.96563099,1.77,,
000839,国安股份,北京,综合类,主板,19971031,20260701,2.63,1.5444,136573764.19,10309143432.0,10309143432.0,103.09143432,103.09143432,0.87,109.435,6.638
000848,承德露露,河北,软饮料,主板,19971113,20260701,7.63,3.1081,103641781.42,7782600763.0,7715029483.0,77.82600763,77.15029483,1.26,12.4104,2.0971
000850,华茂股份,安徽,纺织,主板,19981007,20260701,3.63,3.4188,48048780.42,3425503950.0,3424452702.0000005,34.2550395,34.24452702000001,1.27,16.6378,0.7651
000859,国风新材,安徽,塑料,主板,19981119,20260701,10.44,4.0877,769559115.07,9353992572.0,9353460132.0,93.53992572,93.53460132,1.07,,3.4678
000862,银星能源,宁夏,新型电力,主板,19980915,20260701,4.91,1.8672,94050077.56,4507157577.0,3083318461.0000005,45.07157577,30.833184610000004,1.05,101.3645,1.0371
000875,电投绿能,吉林,火力发电,主板,20020926,20260701,5.17,0.3883,223781719.89000002,18752989519.0,17280101498.0,187.52989519,172.80101498,1.01,36.4258,1.067
000876,新希望,四川,饲料,主板,19980311,20260701,6.9,10.0478,547718062.9300001,31069148879.999996,31050024840.0,310.69148879999995,310.5002484,1.39,,1.6494
000881,中广核技,辽宁,化工原料,主板,19980902,20260701,6.52,0.6173,77488586.99,6164176868.0,5892335248.0,61.64176868,58.92335248,1.05,,1.2386
000885,城发环境,河南,环境保护,主板,19990319,20260701,12.26,1.9119,53097598.7,7871879958.0,7871879958.0,78.71879958,78.71879958,1.44,6.3682,0.8038
000886,海南高速,海南,区域地产,主板,19980123,20260701,4.15,1.7157,61596735.52,4103637444.9999995,4057984540.0000005,41.03637445,40.5798454,1.0,26.5379,1.2916
000890,法尔胜,江苏,环境保护,主板,19990119,20260701,8.2,1.737,164251614.20000002,3439931979.9999995,3439826200.0,34.399319799999994,34.398262,0.92,,175.9727
000902,新洋丰,湖北,农药化肥,主板,19990408,20260701,11.93,3.2007,248157915.54,14968976620.0,13633403576.0,149.6897662,136.33403576,1.16,9.2842,1.2171
000905,厦门港务,福建,港口,主板,19990429,20260701,8.01,3.2216,93497933.33,12353886279.0,5941878876.0,123.53886279,59.41878876,1.18,60.0482,1.3472
000908,石药景峰,湖南,化学制药,主板,19990203,20260701,5.68,2.8986,158690550.2,9994237184.0,4997118592.0,99.94237184,49.97118592,0.81,,4.7882
000910,大亚圣象,江苏,家居用品,主板,19990630,20260701,5.2,1.3645,22114088.0,2846467000.0,2845341200.0,28.46467,28.453412,0.85,213.4257,0.4341
000917,电广传媒,湖南,广告包装,主板,19990325,20260701,6.87,2.6906,273218899.24,9738612468.0,9737946078.0,97.38612468,97.37946078,0.98,70.7337,0.9463
000920,沃顿科技,贵州,塑料,主板,19990616,20260701,15.29,-7.1081,547384455.13,7226376618.999999,7226032594.0,72.26376618999998,72.26032594,1.25,32.7656,3.593
000921,海信家电,山东,家用电器,主板,19990713,20260701,26.86,-1.6837,490382849.87,37197371832.0,24661065809.999996,371.97371832,246.61065809999997,1.23,11.6732,2.0107
000923,河钢资源,河北,普钢,主板,19990714,20260701,12.64,1.8533,156732192.34,8250494560.0,7936673696.0,82.5049456,79.36673696,0.96,14.5455,0.8215
000931,中关村,北京,化学制药,主板,19990712,20260701,4.21,2.4331,34156131.44,3170664670.0,3161834195.0,31.7066467,31.61834195,0.6,66.2135,1.9582
000933,神火股份,河南,铝,主板,19990831,20260701,21.11,-0.4245,1061326875.76,47476482884.0,47443038311.0,474.76482884,474.43038311,0.86,11.8532,1.7653
000938,紫光股份,北京,IT设备,主板,19991104,20260701,29.93,3.7076,10312108233.699999,85602191407.0,85601975911.0,856.02191407,856.01975911,1.98,50.7868,5.513
000948,南天信息,云南,软件服务,主板,19991014,20260701,12.2,2.6072,65622350.56000001,4756643360.0,4747621460.0,47.5664336,47.4762146,1.17,129.8958,1.7558
000949,新乡化纤,河南,化纤,主板,19991021,20260701,6.55,3.3123,369457098.11,10852694345.0,10849714095.0,108.52694345,108.49714095,1.01,54.8109,1.5939
000950,重药控股,重庆,医药商业,主板,19990916,20260701,5.1,1.7964,141066386.41,8813741970.0,8813741970.0,88.1374197,88.1374197,0.97,22.7913,0.7529
000963,华东医药,浙江,化学制药,主板,20000127,20260701,29.57,5.1565,1020445441.4399999,51858000133.0,51836597367.0,518.58000133,518.36597367,1.27,15.1883,2.0152
000967,盈峰环境,浙江,环境保护,主板,20000330,20260701,10.26,-2.5641,1746064736.48,34465277088.0,34449676758.0,344.65277088,344.49676758,0.85,62.687,2.0043
000969,安泰科技,北京,小金属,主板,20000529,20260701,24.25,-1.1817,1350267147.1200001,25475095450.0,25252735075.0,254.7509545,252.52735075,0.75,69.8185,4.3295
000985,大庆华科,黑龙江,化工原料,主板,20000726,20260701,14.59,2.5299,25582005.25,1891440305.0,1891440305.0,18.91440305,18.91440305,0.99,254.709,3.0913
000990,诚志股份,江西,化工原料,主板,20000706,20260701,8.84,8.0685,531333427.56,10742699500.0,10742691544.000002,107.426995,107.42691544000002,2.45,,0.5986
000993,闽东电力,福建,水力发电,主板,20000731,20260701,10.24,3.2258,127829647.97999999,4689423360.0,4689423360.0,46.8942336,46.8942336,1.12,79.6482,1.8409
000997,新大陆,福建,IT设备,主板,20000807,20260701,16.58,1.7178,323715751.95,16797163182.000002,16703345252.0,167.97163182000003,167.03345252,0.83,16.6155,2.2284
600000,浦发银行,上海,银行,主板,19991110,20260701,8.65,0.4646,462328954.0,288095501295.0,288095501295.0,2880.95501295,2880.95501295,0.74,5.76,0.3822
600006,东风股份,湖北,汽车整车,主板,19990727,20260701,5.21,1.5595,80416065.0,10420000000.0,10420000000.0,104.2,104.2,1.04,,1.3037
600008,首创环保,北京,水务,主板,20000427,20260701,2.73,0.3676,213844966.0,20039812611.0,20039812611.0,200.39812611,200.39812611,0.92,11.3099,0.9466
600011,华能国际,北京,火力发电,主板,20011206,20260701,7.59,0.0,1369943172.0,119148528906.0,83472618141.0,1191.48528906,834.72618141,1.11,8.2687,1.7007
600012,皖通高速,安徽,路桥,主板,20030107,20260701,15.9,0.8883,71019879.0,27166611210.0,18533040000.0,271.6661121,185.3304,1.01,14.47,2.0339
600015,华夏银行,北京,银行,主板,20030912,20260701,6.46,1.0955,297729281.0,102810438110.0,99401467040.0,1028.1043811,994.0146704,0.63,3.7798,0.3199
600016,民生银,北京,银行,主板,20001219,20260701,3.25,0.9317,697138616.0,142292860125.0,115251900399.99998,1422.92860125,1152.5190039999998,0.74,4.6557,0.2473
600019,宝钢股份,上海,普钢,主板,20001212,20260701,5.54,2.0258,428853598.0,120672749238.00002,118634090178.0,1206.72749238,1186.34090178,0.83,11.6641,0.5792
600031,三一重工,北京,工程机械,主板,20030703,20260701,17.43,0.8681,1933746390.0,160268926692.0,147708617700.0,1602.68926692,1477.086177,1.1,19.0614,1.7695
600035,楚天高速,湖北,路桥,主板,20040310,20260701,3.4,0.8902,21769312.0,5474394060.0,5474394060.0,54.7439406,54.7439406,0.75,10.1398,0.6015
600037,歌华有线,北京,影视音像,主板,20010208,20260701,6.39,1.9139,93731373.0,8893460781.0,8893460781.0,88.93460781,88.93460781,1.08,259.1854,0.6962
600051,宁波联合,浙江,综合类,主板,19970410,20260701,5.85,3.9076,40661068.0,1818648000.0,1818648000.0,18.18648,18.18648,1.38,21.5512,0.5318
600053,*ST九鼎,江西,多元金融,主板,19970418,20260701,7.99,4.9934,21051098.0,3463990992.0,3463990992.0,34.63990992,34.63990992,0.95,,1.5575
600055,万东医疗,北京,医疗保健,主板,19970519,20260701,10.6,3.7182,98005280.0,7452447659.999999,7452447659.999999,74.52447659999999,74.52447659999999,1.21,,1.6778
600071,凤凰光学,江西,元器件,主板,19970528,20260701,17.29,0.934,104297989.0,4868412731.0,4868412731.0,48.68412731,48.68412731,0.96,141.4321,9.5576
600072,中船科技,上海,电气设备,主板,19970603,20260701,8.78,3.4158,276744031.0,13175704365.999998,9511701494.0,131.75704366,95.11701494,1.38,,1.7322
600073,光明肉业,上海,食品,主板,19970704,20260701,4.88,4.721,65308161.0,4576119960.0,4576119960.0,45.7611996,45.7611996,1.79,,0.9752
600076,康欣新材,山东,广告包装,主板,19970526,20260701,3.64,9.9698,88679900.0,4894137976.0,4894137976.0,48.94137976,48.94137976,0.61,,1.3748
600079,ST人福,湖北,化学制药,主板,19970606,20260701,16.73,1.764,216467683.0,27307140980.000004,25817381324.0,273.0714098,258.17381324,1.1,14.7182,1.4063
600084,*ST尼雅,新疆,红黄酒,主板,19970711,20260701,3.85,1.3158,19398277.0,4326348180.0,4326348180.0,43.2634818,43.2634818,0.96,,3.3981
600088,中视传媒,上海,影视音像,主板,19970616,20260701,11.25,3.3058,73664659.0,4474197000.0,4474197000.0,44.74197,44.74197,0.93,,3.5657
600096,云天化,云南,农药化肥,主板,19970709,20260701,31.1,2.3026,1700971022.0,56695010769.99999,56695010769.99999,566.9501076999999,566.9501076999999,0.82,10.9958,2.1761
600100,同方股份,北京,IT设备,主板,19970627,20260701,6.98,1.8978,318766280.0,23385077946.0,23385077946.0,233.85077946,233.85077946,1.28,47.242,1.4747
600104,上汽集团,上海,汽车整车,主板,19971125,20260701,9.78,0.2049,562317663.0,112423813950.0,112423813950.0,1124.2381395,1124.2381395,0.88,11.1247,0.3741
600105,永鼎股份,江苏,通信设备,主板,19970929,20260701,62.46,-7.4392,7448987177.0,91316195208.0,91316195208.0,913.16195208,913.16195208,0.86,390.8403,27.5197
600109,国金证券,四川,证券,主板,19970807,20260701,9.14,4.1002,654774725.0,33867035186.0,33867035186.0,338.67035186,338.67035186,1.49,14.8742,0.9378
600111,北方稀土,内蒙,小金属,主板,19970924,20260701,47.46,-1.2279,3503369549.0,171571022868.0,171571022868.0,1715.71022868,1715.71022868,0.73,76.2107,6.7063
600113,浙江东日,浙江,区域地产,主板,19971021,20260701,36.5,10.006,477876393.0,15372949550.0,15017238799.999998,153.7294955,150.17238799999998,1.14,106.7094,6.0024
600114,东睦股份,浙江,机械基件,主板,20040511,20260701,36.26,-3.9725,1124816967.0,22893965710.0,22350065710.0,228.9396571,223.5006571,0.86,42.7309,6.4235
600128,苏豪弘业,江苏,商贸代理,主板,19970901,20260701,7.8,2.7668,34235259.0,1963249860.0,1924786500.0,19.6324986,19.247865,1.06,40.6697,0.9096
600148,长春一东,吉林,汽车配件,主板,19980520,20260701,14.86,2.4121,33036758.0,2102935190.0,2102935190.0,21.0293519,21.0293519,1.06,183.9647,4.369
600150,中国船舶,上海,船舶,主板,19980520,20260701,35.19,4.1432,4782589632.0,264826613547.0,264826613547.0,2648.26613547,2648.26613547,1.43,33.7428,1.7709
600152,维科技术,浙江,电气设备,主板,19980609,20260701,9.69,-3.003,348781929.0,5126779386.0,5126779386.0,51.26779386,51.26779386,0.78,,3.1271
600157,永泰能源,山西,火力发电,主板,19980513,20260701,1.6,-0.6211,757537882.0,34908422560.0,34908422560.0,349.0842256,349.0842256,0.79,167.3304,0.7441
600159,大龙地产,北京,区域地产,主板,19980526,20260701,2.31,4.5249,49453158.0,1917307392.0,1917307392.0,19.17307392,19.17307392,1.17,,1.3154
600160,巨化股份,浙江,化工原料,主板,19980626,20260701,55.85,5.3575,6936058334.0,150780819685.0,150780819685.0,1507.80819685,1507.80819685,1.12,39.8551,6.9763
600166,福田汽车,北京,汽车整车,主板,19980602,20260701,2.94,1.0309,328633376.0,23277157176.0,23277157176.0,232.77157176,232.77157176,0.86,17.0675,1.4464
600169,ST太重,山西,工程机械,主板,19980904,20260701,1.96,3.1579,32181954.0,6532957340.000001,6532957340.000001,65.32957340000002,65.32957340000002,0.78,27.5841,1.2517
600180,*ST瑞茂,山东,仓储物流,主板,19980703,20260701,1.31,4.8,47542609.0,1423482025.0000002,1423482025.0000002,14.234820250000002,14.234820250000002,4.7,,0.3316
600185,珠免集团,广东,旅游服务,主板,19990611,20260701,4.59,2.0,107098236.0,8652176622.0,8652176622.0,86.52176622,86.52176622,1.23,,100.2169
600198,大唐电信,北京,通信设备,主板,19981021,20260701,9.66,0.1036,608552562.0,12592809810.0,12576835068.0,125.9280981,125.76835068,0.97,,65.4348
600199,金种子酒,安徽,白酒,主板,19980812,20260701,6.72,9.9836,182924272.0,4420394496.0,4420394496.0,44.20394496,44.20394496,1.98,,2.2725
600201,生物股份,内蒙,农业综合,主板,19990115,20260701,11.8,1.2876,215316476.0,13118624040.000002,13118624040.000002,131.18624040000003,131.18624040000003,0.86,131.04,2.4021
600206,有研新材,北京,半导体,主板,19990319,20260701,59.94,-10.0,9258574105.0,50742404802.0,50742404802.0,507.42404802,507.42404802,0.97,191.6329,11.6787
600207,安彩高科,河南,电气设备,主板,19990714,20260701,5.8,-1.0239,194472266.0,6318013080.0,6318013080.0,63.1801308,63.1801308,0.9,,3.3645
600215,派斯林,吉林,专用机械,主板,19990909,20260701,5.97,2.931,83581264.0,2727590912.9999995,2727590912.9999995,27.275909129999995,27.275909129999995,1.28,,1.1121
600218,全柴动力,安徽,汽车配件,主板,19981203,20260701,7.34,1.662,46794627.0,3197303265.9999995,3197303265.9999995,31.973032659999994,31.973032659999994,0.9,49.6004,0.9774
600228,返利科技,江西,互联网,主板,19990119,20260701,8.37,-10.0,647264278.0,3487548825.0,3482231364.0,34.87548825,34.82231364,1.59,,9.1324
600229,城市传媒,山东,出版业,主板,20000309,20260701,4.76,2.5862,32454558.0,3144969128.0,3144969128.0,31.44969128,31.44969128,0.98,,1.1381
600237,铜峰电子,安徽,元器件,主板,20000609,20260701,14.08,0.9319,1379198245.0,8877296384.0,8794590464.0,88.77296384,87.94590464,0.93,74.0396,4.4338
600259,中稀有色,海南,小金属,主板,20000525,20260701,96.78,-4.7535,1331499244.0,32560266401.999996,32560266401.999996,325.60266401999996,325.60266401999996,0.68,255.2627,8.8908
600268,国电南自,江苏,电气设备,主板,19991118,20260701,11.62,0.0,183778599.0,11804418696.0,11800057710.0,118.04418696,118.0005771,1.24,24.5872,3.1239
600280,中央商场,江苏,百货,主板,20000926,20260701,2.73,3.8023,124576654.0,3080354004.0,3080354004.0,30.80354004,30.80354004,1.03,,11.5872
600284,浦东建设,上海,建筑工程,主板,20040316,20260701,4.97,2.2634,91240427.0,4822172320.0,4822172320.0,48.2217232,48.2217232,1.18,13.6532,0.6047
600292,电投水电,重庆,水力发电,主板,20001101,20260701,12.49,3.7375,258829485.0,54708775438.0,5486652164.0,547.08775438,54.86652164,1.2,102.7949,3.1354
600295,鄂尔多斯,内蒙,特种钢,主板,20010426,20260701,11.37,6.0634,193852817.0,31822086531.000004,22462302531.0,318.22086531,224.62302531,0.77,13.4681,1.4157
600298,安琪酵母,湖北,食品,主板,20000818,20260701,36.65,1.2431,320724306.0,31806654855.0,31414565825.0,318.06654855,314.14565825,0.84,20.5947,2.5518
600301,华锡有色,广西,小金属,主板,20000712,20260701,62.0,1.1089,1025367030.0,39219185000.0,17070813400.0,392.19185,170.708134,0.78,48.9766,7.8717
600305,恒顺醋业,江苏,食品,主板,20010206,20260701,6.47,2.5357,64042860.0,7147212959.0,7136150553.0,71.47212959,71.36150553,1.24,49.7584,2.0821
600309,万华化学,山东,化工原料,主板,20010105,20260701,68.29,-0.1754,4129163220.0,213779905564.0,213779905564.0,2137.79905564,2137.79905564,1.36,17.0653,1.919
600310,广西能源,广西,水力发电,主板,20010228,20260701,4.26,0.9479,311132553.0,6243927582.0,6243927582.0,62.43927582,62.43927582,0.87,,2.2983
600312,平高电气,河南,电气设备,主板,20010221,20260701,17.28,-2.1518,367882636.0,23447600064.0,23447600064.0,234.47600064,234.47600064,1.23,20.9385,2.0096
600316,洪都航空,江西,航空,主板,20001215,20260701,28.37,1.539,359734278.0,20344538365.0,20344538365.0,203.44538365,203.44538365,1.05,511.6856,3.7731
600319,亚星化学,山东,化工原料,主板,20010326,20260701,6.45,3.5313,30675119.0,2500725630.0,2500725630.0,25.0072563,25.0072563,1.09,,7.4068
600320,振华重工,上海,专用机械,主板,20001221,20260701,4.18,1.2107,162094305.0,21972427906.0,13836660662.0,219.72427906,138.36660662,1.01,30.0235,1.3737
600325,华发股份,广东,区域地产,主板,20040225,20260701,2.37,2.5974,128811482.0,6522600477.0,6522600477.0,65.22600477,65.22600477,0.99,,0.7605
600326,西藏天路,西藏,水泥,主板,20010116,20260701,6.69,3.4003,222096953.0,9114886836.0,9114886836.0,91.14886836,91.14886836,1.53,,2.3261
600329,达仁堂,天津,中成药,主板,20010606,20260701,38.33,2.9823,193033900.0,29517718352.0,21736536702.0,295.17718352,217.36536702,1.06,13.8514,3.924
600332,白云山,广东,中成药,主板,20010206,20260701,20.43,1.9461,176959179.0,33214908087.0,28722351087.000004,332.14908087,287.22351087000004,0.96,11.1343,0.8396
600340,*ST华幸,河北,园区开发,主板,20031230,20260701,1.16,3.5714,66536880.99999999,4516291916.0,4516291916.0,45.16291916,45.16291916,1.08,,
600343,航天动力,陕西,机械基件,主板,20030408,20260701,29.46,5.1392,1823122672.0,18801557598.0,18801557598.0,188.01557598,188.01557598,1.14,,14.7621
600353,旭光电子,四川,元器件,主板,20021120,20260701,42.8,-6.1404,1938055296.0,35473119360.0,35473119360.0,354.7311936,354.7311936,0.61,219.5524,18.3443
600358,国旅联合,江西,广告包装,主板,20000922,20260701,5.3,4.9505,49675605.0,2676164510.0,2676164510.0,26.7616451,26.7616451,1.5,,55.2655
600361,创新新材,北京,铝,主板,20011129,20260701,3.69,2.5,208568463.0,13773526101.0,13773526101.0,137.73526101,137.73526101,0.95,17.5343,1.2079
600362,江西铜业,江西,铜,主板,20020111,20260701,42.78,-1.2009,2255841385.0,148135563732.0,88779083772.0,1481.35563732,887.79083772,0.72,20.7758,1.7612
600365,ST通葡,吉林,互联网,主板,20010115,20260701,2.47,2.9167,14666314.0,1121207100.0,1055381600.0,11.212071,10.553816,1.03,,5.0909
600376,首开股份,北京,区域地产,主板,20010312,20260701,3.42,2.3952,305155594.0,8822112984.0,8822112984.0,88.22112984,88.22112984,1.29,,3.7472
600378,昊华科技,四川,化工原料,主板,20010111,20260701,81.0,7.4556,11145300094.0,104489975700.0,86877797400.0,1044.899757,868.777974,1.59,72.3381,5.6234
600388,龙净环保,福建,环境保护,主板,20001229,20260701,14.66,0.756,334104538.0,18618878758.0,18618878758.0,186.18878758,186.18878758,1.55,16.7392,1.6594
600399,抚顺特钢,辽宁,特种钢,主板,20001229,20260701,4.22,2.6764,197968090.0,8322262000.0,8322262000.0,83.22262,83.22262,1.0,,1.5505
600403,大有能源,河南,煤炭开采,主板,20031009,20260701,5.43,2.6465,223450711.0,12982111332.0,12982111332.0,129.82111332,129.82111332,0.64,,3.8837
600408,安泰集团,山西,焦炭加工,主板,20030212,20260701,2.45,2.9412,137176453.0,2466660000.0,2466660000.0,24.6666,24.6666,1.36,,2.1321
600409,三友化工,河北,化纤,主板,20030618,20260701,6.25,2.2913,293424307.0,12902183750.0,12902183750.0,129.0218375,129.0218375,1.01,144.1128,0.9366
600422,昆药集团,云南,中成药,主板,20001206,20260701,8.24,5.5058,91173635.0,6237480592.0,6237480592.0,62.37480592,62.37480592,1.56,17.8244,1.1946
600435,北方导航,北京,专用机械,主板,20030704,20260701,11.29,0.8036,229724804.0,17074518433.0,17074518433.0,170.74518433,170.74518433,1.01,141.5669,5.8785
600436,片仔癀,福建,中成药,主板,20030616,20260701,114.77,5.0238,752333678.0,69242715044.0,69242715044.0,692.42715044,692.42715044,1.29,32.0771,4.5517
600439,瑞贝卡,河南,服饰,主板,20030710,20260701,2.19,3.7915,75532836.0,2479048026.0,2479048026.0,24.79048026,24.79048026,1.35,,0.9846
600448,华纺股份,山东,纺织,主板,20010903,20260701,2.62,3.9683,62237160.0,1650127614.0,1650127614.0,16.50127614,16.50127614,1.3,,1.8097
600449,宁夏建材,宁夏,水泥,主板,20030829,20260701,11.26,0.7156,53259465.0,5384318060.0,5384318060.0,53.8431806,53.8431806,0.66,29.566,0.7306
600455,博通股份,陕西,文教休闲,主板,20040329,20260701,22.53,2.5956,43591246.0,1407178740.0,1407178740.0,14.0717874,14.0717874,1.12,31.6867,4.1127
600456,宝钛股份,陕西,小金属,主板,20020412,20260701,27.8,1.6453,316878644.0,13282214500.0,13282214500.0,132.822145,132.822145,0.85,33.1308,1.8341
600459,贵研铂业,云南,小金属,主板,20030516,20260701,28.27,-2.1122,1714786730.0,23274074714.0,21476897100.999996,232.74074714,214.76897100999997,0.91,36.335,2.9698
600468,百利电气,天津,电气设备,主板,20010615,20260701,6.0,-1.1532,344608327.0,6526411800.000001,6526411800.000001,65.26411800000001,65.26411800000001,1.86,73.2839,3.201
600125,铁龙物流,辽宁,铁路,主板,19980511,20260701,5.19,2.3669,63176202.0,6775658661.0,6775658661.0,67.75658661,67.75658661,1.2,12.9047,0.8644
600126,杭钢股份,浙江,普钢,主板,19980311,20260701,6.19,0.9788,377321320.0,20904800529.0,20904800529.0,209.04800529,209.04800529,1.12,866.0177,1.0754
600133,东湖高新,湖北,环境保护,主板,19980212,20260701,7.99,1.1392,132574277.99999999,8519256801.0,8519256801.0,85.19256801,85.19256801,0.78,30.8449,0.9354
600135,乐凯胶片,河北,塑料,主板,19980122,20260701,8.02,0.3755,105457651.0,4437522942.0,4437522942.0,44.37522942,44.37522942,1.15,,1.8841
600141,兴发集团,湖北,农药化肥,主板,19990616,20260701,45.67,-2.7677,4067580939.0,54883461233.0,54883461233.0,548.83461233,548.83461233,0.8,36.7839,2.194
600161,天坛生物,北京,生物制药,主板,19980616,20260701,11.95,3.1952,213425682.0,23629588230.0,23629588230.0,236.2958823,236.2958823,1.22,21.6619,1.9919
600168,武汉控股,湖北,水务,主板,19980427,20260701,4.1,1.4851,26054229.0,4072930160.0,4072930160.0,40.7293016,40.7293016,1.3,43.8404,0.7517
600182,S佳通,黑龙江,汽车配件,主板,19990507,20260701,13.48,4.9844,35230645.0,4583200000.0,2291600000.0,45.832,22.916,1.4,23.2548,3.9682
600187,*ST国中,黑龙江,水务,主板,19981111,20260701,1.4,4.4776,63292458.0,2259293540.0,2259293540.0,22.5929354,22.5929354,1.24,,0.7595
600192,长城电工,甘肃,电气设备,主板,19981224,20260701,6.65,0.7576,67595105.0,2937624200.0,2937624200.0,29.376242,29.376242,0.87,,3.8673
600196,复星医药,上海,化学制药,主板,19980807,20260701,23.12,2.8927,1023877075.0,61740325416.0,48979461056.0,617.40325416,489.79461056,1.29,18.3175,1.2562
600197,伊力特,新疆,白酒,主板,19990916,20260701,9.89,3.0208,56465298.0,4679697783.0,4679697783.0,46.79697783,46.79697783,0.93,21.6278,1.1755
600203,福日电子,福建,元器件,主板,19990514,20260701,12.34,1.5638,393727061.0,7317473154.0,7317473154.0,73.17473154,73.17473154,0.79,,4.4348
600210,紫江企业,上海,广告包装,主板,19990824,20260701,6.24,0.6452,103679595.0,9464433888.0,9464433888.0,94.64433888,94.64433888,1.21,9.1243,1.3695
600212,绿能慧充,山东,电气设备,主板,19990817,20260701,5.28,1.5385,74626907.0,3717913056.0,2804631456.0,37.17913056,28.04631456,1.11,223.1609,6.4432
600221,海航控股,海南,空运,主板,19991125,20260701,1.38,2.2222,479756544.0,59637572850.0,59126810562.00001,596.3757285,591.26810562,1.01,30.1263,8.5758
600222,太龙药业,河南,中成药,主板,19991105,20260701,7.52,3.5813,241858435.0,4315624976.0,4315624976.0,43.15624976,43.15624976,1.66,71.9317,2.6868
600223,福瑞达,山东,日用化工,主板,20000113,20260701,5.17,2.7833,51164607.0,5255660696.0,5255660696.0,52.55660696,52.55660696,1.1,27.9926,1.2324
600226,亨通股份,浙江,供气供热,主板,19991116,20260701,9.68,0.9385,2341394880.0,28792010016.0,28792010016.0,287.92010016,287.92010016,0.75,143.3007,7.7693
600227,赤天化,贵州,农药化肥,主板,20000221,20260701,2.54,4.0984,178699065.0,4289368358.0,3245103492.0,42.89368358,32.45103492,1.4,,1.9124
600238,*ST椰岛,海南,红黄酒,主板,20000120,20260701,4.47,0.4494,18753157.0,2003454000.0,1990364052.0,20.03454,19.90364052,0.94,,25.6939
600241,时代万恒,辽宁,电气设备,主板,20001128,20260701,6.67,2.7735,36325966.0,1962995007.0,1962995007.0,19.62995007,19.62995007,0.93,,1.9186
600250,南京商旅,江苏,商贸代理,主板,20010306,20260701,7.92,2.7237,69542156.0,2477307888.0,2477307888.0,24.77307888,24.77307888,1.23,280.1564,3.9664
600256,广汇能源,新疆,石油开采,主板,20000526,20260701,5.13,3.8462,787479304.0,32790975390.0,32790975390.0,327.9097539,327.9097539,1.08,24.3751,1.3433
600271,航天信息,北京,软件服务,主板,20030711,20260701,6.76,2.7356,136185327.0,12525499896.0,12525499896.0,125.25499896,125.25499896,1.33,,0.9648
600276,恒瑞医药,江苏,化学制药,主板,20001018,20260701,53.78,3.3436,8235118692.0,356948610622.0,343062743694.0,3569.48610622,3430.62743694,1.3,46.2905,5.6101
600278,东方创业,上海,商贸代理,主板,20000712,20260701,6.18,5.102,51474951.0,5318005566.0,5318005566.0,53.18005566,53.18005566,0.94,26.2616,0.703
600281,华阳新材,山西,小金属,主板,20001109,20260701,4.24,3.4146,69860309.0,2181064480.0,2181064480.0,21.8106448,21.8106448,1.29,,38.7668
600282,南钢股份,江苏,普钢,主板,20000919,20260701,4.68,1.9608,186815505.0,28852625880.0,28852625880.0,288.5262588,288.5262588,1.11,10.0622,1.0221
600289,ST信通,黑龙江,软件服务,主板,20000720,20260701,5.86,4.4563,21878104.0,3697965306.0,3316307022.0,36.97965306,33.16307022,0.79,,4.1125
600308,华泰股份,山东,造纸,主板,20000928,20260701,3.09,3.3445,38100873.0,4687128918.0,4687128918.0,46.87128918,46.87128918,1.19,,0.5178
600323,瀚蓝环境,广东,环境保护,主板,20001225,20260701,27.6,0.5098,141581317.0,22503579960.0,22503579960.0,225.0357996,225.0357996,0.75,11.4054,1.48
600330,天通股份,浙江,专用机械,主板,20010118,20260701,29.94,-2.9183,3469462156.0,36929025936.0,36929025936.0,369.29025936,369.29025936,0.7,,4.7612
600331,宏达股份,四川,农药化肥,主板,20011220,20260701,10.8,-1.7288,466467200.0,28529280000.0,21945600000.0,285.2928,219.456,0.72,,9.1593
600333,长春燃气,吉林,供气供热,主板,20001211,20260701,5.18,3.1873,72650840.0,3154779025.9999995,3154779025.9999995,31.547790259999996,31.547790259999996,1.12,,1.6289
600339,中油工程,新疆,石油开采,主板,20001225,20260701,3.13,1.9544,137162155.0,17475251675.0,17475251675.0,174.75251675,174.75251675,1.0,49.055,0.6495
600346,恒力石化,辽宁,石油加工,主板,20010820,20260701,17.78,0.3953,894777906.0,125155194444.0,125155194444.0,1251.55194444,1251.55194444,0.75,17.6908,1.7701
600350,山东高速,山东,路桥,主板,20020318,20260701,11.34,1.8868,79752826.0,54824032872.0,54824032872.0,548.24032872,548.24032872,0.91,17.1027,1.7869
600352,浙江龙盛,浙江,染料涂料,主板,20030801,20260701,12.97,7.1016,1422890941.0,42195714743.0,42195714743.0,421.95714743,421.95714743,1.1,23.0701,1.2731
600354,敦煌种业,甘肃,种植业,主板,20040115,20260701,4.92,3.3613,80307215.0,2596786332.0,2596786332.0,25.96786332,25.96786332,1.49,54.9578,3.4695
600356,恒丰纸业,黑龙江,造纸,主板,20010419,20260701,7.68,3.6437,44510006.0,2530840320.0,2294257152.0,25.3084032,22.94257152,1.19,12.7999,0.821
600359,新农开发,新疆,种植业,主板,19990429,20260701,5.59,3.5185,38825669.0,2132656552.0,2132656552.0,21.32656552,21.32656552,1.24,,3.1621
600370,*ST三房,江苏,化工原料,主板,20030306,20260701,1.63,-1.8072,110633224.0,6556906348.999999,6556906348.999999,65.56906348999999,65.56906348999999,1.27,,1.3336
600371,万向德农,黑龙江,种植业,主板,20020916,20260701,6.51,4.16,42564100.0,1904682780.0,1904682780.0,19.0468278,19.0468278,1.46,343.6254,3.5499
600380,健康元,深圳,化学制药,主板,20010608,20260701,9.68,2.7601,167818545.0,17709108912.0,17709108912.0,177.09108912,177.09108912,1.08,13.2598,1.1344
600383,金地集团,深圳,全国地产,主板,20010412,20260701,2.2,4.2654,243416702.0,9932083920.0,9932083920.0,99.3208392,99.3208392,1.27,,0.222
600386,北巴传媒,北京,汽车服务,主板,20010216,20260701,3.21,2.8846,35935283.0,2588544000.0,2588544000.0,25.88544,25.88544,1.39,,1.541
600396,华电辽能,辽宁,火力发电,主板,20010328,20260701,15.36,2.6738,3211966135.0,22620776448.0,22620776448.0,226.20776448,226.20776448,1.03,795.2571,14.7379
600398,海澜之家,江苏,服饰,主板,20001228,20260701,5.36,2.4857,167820164.0,25742848808.0,25742848808.0,257.42848808,257.42848808,1.1,11.885,1.3366
600400,红豆股份,江苏,服饰,主板,20010108,20260701,3.46,5.1672,321087126.0,7928146774.0,7928146774.0,79.28146774,79.28146774,0.75,,5.7157
600420,国药现代,上海,化学制药,主板,20040616,20260701,8.23,3.522,95118061.0,11037851321.0,11037851321.0,110.37851321,110.37851321,1.14,11.7224,0.7931
600425,青松建化,新疆,水泥,主板,20030724,20260701,3.3,0.9174,60950710.0,5295522210.0,5295522210.0,52.9552221,52.9552221,1.17,19.16,0.8214
600426,华鲁恒升,山东,农药化肥,主板,20020620,20260701,24.3,1.5886,1072322009.0000001,51402781440.0,51395977440.0,514.0278144,513.9597744,1.09,15.5038,1.5044
600428,中远海特,广东,水运,主板,20020418,20260701,8.23,5.3777,520144836.0,22582464892.0,20124700488.0,225.82464892,201.24700488,1.54,12.687,1.3205
600429,三元股份,北京,乳制品,主板,20030915,20260701,4.08,0.9901,81084212.0,6128523120.0,6110034192.0,61.2852312,61.10034192,1.68,,1.269
600438,通威股份,四川,电气设备,主板,20040302,20260701,12.54,3.5508,1054382179.0,56454963905.0,56454963905.0,564.54963905,564.54963905,1.35,,1.6148
600444,国机通用,安徽,专用机械,主板,20040219,20260701,13.17,1.4638,33870033.0,1928376423.0,1928376423.0,19.28376423,19.28376423,0.88,33.059,2.5271
600452,涪陵电力,重庆,水力发电,主板,20040303,20260701,9.38,0.5359,271528573.0,14412761146.0,14412761146.0,144.12761146,144.12761146,0.98,36.6482,2.5084
600460,士兰微,浙江,半导体,主板,20030311,20260701,53.15,-2.7625,10155995978.0,88445416170.0,88445416170.0,884.4541617,884.4541617,0.93,221.9175,7.2515
600469,风神股份,河南,汽车配件,主板,20031021,20260701,5.48,0.7353,56785341.0,4877390704.0,3997390932.0,48.77390704,39.97390932,1.08,20.7013,1.044
600476,*ST湘邮,湖南,软件服务,主板,20031210,20260701,8.99,3.2147,19484425.0,1448019300.0,1448019300.0,14.480193,14.480193,0.74,,
600481,双良节能,江苏,电气设备,主板,20030422,20260701,5.12,2.6052,697894336.0,10568609792.0,10568609792.0,105.68609792,105.68609792,1.19,,2.4345
600479,千金药业,湖南,中成药,主板,20040312,20260701,9.47,1.828,39407039.0,4661228700.0,3963262236.9999995,46.612287,39.63262236999999,0.85,16.2813,1.502
600480,凌云股份,河北,汽车配件,主板,20030815,20260701,8.4,1.083,146403425.0,10266709320.0,10190754840.0,102.6670932,101.9075484,0.81,12.2944,1.2444
600490,鹏欣资源,上海,铜,主板,20030626,20260701,5.85,0.5155,264342159.99999997,12945389535.0,11656835190.0,129.45389535,116.5683519,0.99,57.4125,2.0339
600493,凤竹纺织,福建,纺织,主板,20040421,20260701,5.49,4.771,53883807.0,1493280000.0,1493280000.0,14.9328,14.9328,1.23,95.0511,1.3393
600496,精工钢构,安徽,钢加工,主板,20020605,20260701,3.12,0.6452,130500734.0,6209191248.0,6209191248.0,62.09191248,62.09191248,1.25,10.2638,0.6641
600501,航天晨光,江苏,专用机械,主板,20010615,20260701,15.98,1.5893,130826775.0,6836630716.0,6836630716.0,68.36630716,68.36630716,0.85,,4.6768
600508,上海能源,上海,煤炭开采,主板,20010829,20260701,7.64,3.6635,64504484.0,7730191727.999999,7730191727.999999,77.30191727999998,77.30191727999998,0.99,35.0686,0.606
600511,国药股份,北京,医药商业,主板,20021127,20260701,26.12,0.3072,90145343.0,19707618360.0,14453407967.999998,197.0761836,144.53407968,0.84,9.8706,1.0347
600513,联环药业,江苏,化学制药,主板,20030319,20260701,15.52,6.74,233976696.0,4430281776.0,4430281776.0,44.30281776,44.30281776,1.34,,3.4644
600516,方大炭素,甘肃,矿物制品,主板,20020830,20260701,6.08,-1.4587,1165699813.0,24477900032.0,24477900032.0,244.77900032,244.77900032,0.84,263.0838,1.4984
600520,三佳科技,安徽,半导体,主板,20020108,20260701,36.8,-7.3281,1049680023.0,5830224000.0,5830224000.0,58.30224,58.30224,0.97,762.9818,14.8093
600523,贵航股份,贵州,汽车配件,主板,20011227,20260701,10.9,3.3175,69694365.0,4406993170.0,4404086140.0,44.0699317,44.0408614,1.59,22.8792,1.3556
600525,ST长园,深圳,电气设备,主板,20021202,20260701,5.04,3.2787,51738087.0,6646652208.0,6646652208.0,66.46652208,66.46652208,0.88,,2.3653
600530,交大昂立,上海,医疗保健,主板,20010702,20260701,5.06,2.6369,64739879.0,3921095200.0,3921095200.0,39.210952,39.210952,0.78,1122.7266,12.4749
600533,栖霞建设,江苏,区域地产,主板,20020328,20260701,1.96,3.7037,29034511.0,2058000000.0,2058000000.0,20.58,20.58,0.96,,1.552
600545,卓郎智能,新疆,纺织机械,主板,20031203,20260701,7.25,-9.9379,1254081468.0,12962363450.0,12962363450.0,129.6236345,129.6236345,0.88,,4.9449
600546,山煤国际,山西,煤炭开采,主板,20030731,20260701,11.3,3.3852,234190899.0,22401753930.0,22401753930.0,224.0175393,224.0175393,1.04,19.2053,1.3411
600547,山东黄金,山东,黄金,主板,20030828,20260701,23.2,0.4764,1191702886.0,106950364400.0,83855084560.0,1069.503644,838.5508456,0.81,22.5663,3.3417
600550,保变电气,河北,电气设备,主板,20010228,20260701,11.53,-1.705,485379603.0,21232823605.0,21232823605.0,212.32823605,212.32823605,1.46,107.7718,23.7937
600551,时代出版,安徽,出版业,主板,20020905,20260701,6.72,1.0526,35306559.0,4556530944.0,4556530944.0,45.56530944,45.56530944,1.25,11.12,0.7626
600562,国睿科技,江苏,通信设备,主板,20030128,20260701,21.9,3.2045,292810158.0,27196685820.0,27196685820.0,271.9668582,271.9668582,1.15,43.2717,4.0462
600568,ST中珠,湖北,医疗保健,主板,20010518,20260701,2.41,2.1186,75773201.0,4802815977.0,4022452193.0,48.02815977,40.22452193,1.74,,2.9723
600580,卧龙电驱,浙江,电气设备,主板,20020606,20260701,33.25,0.4532,1247723119.0,51940406875.0,51791280625.0,519.40406875,517.91280625,0.91,46.1219,4.6536
600581,*ST八钢,新疆,普钢,主板,20020816,20260701,2.18,4.8077,31516772.0,3341717422.0,3341717422.0,33.41717422,33.41717422,0.79,,
600584,长电科技,江苏,半导体,主板,20030603,20260701,106.64,2.9841,26327311096.0,190823172944.0,190823172944.0,1908.23172944,1908.23172944,0.97,121.9132,6.6336
600585,海螺水,安徽,水泥,主板,20020207,20260701,17.25,1.7699,566543936.0,91412969850.0,68994869850.0,914.1296985,689.9486985,0.87,11.2674,0.4716
600589,大位科技,广东,软件服务,主板,20010612,20260701,10.54,2.9297,2680931445.0,15648420746.0,15583072745.999998,156.48420746,155.83072746,1.88,,25.1962
600596,新安股份,浙江,化工原料,主板,20010906,20260701,15.23,-4.5739,2157712666.0,20554362310.0,20554362310.0,205.5436231,205.5436231,1.2,139.9633,1.6374
600606,绿地控股,上海,全国地产,主板,19920327,20260701,1.26,4.1322,181562659.0,17708315058.0,17708315058.0,177.08315058,177.08315058,1.36,,0.4593
600611,大众交通,上海,公共交通,主板,19920807,20260701,3.86,2.3873,112839619.0,9125514394.0,6034401304.0,91.25514394,60.34401304,0.8,126.0418,0.953
600612,老凤祥,上海,服饰,主板,19920814,20260701,32.55,1.2442,40701761.0,17027484390.0,10321917480.0,170.2748439,103.2191748,0.96,9.7025,1.2402
600615,鑫源智造,重庆,铝,主板,19920910,20260701,9.54,3.2468,47627364.0,2152459638.0,2149038594.0,21.52459638,21.49038594,0.97,,2.9829
600618,氯碱化工,上海,化工原料,主板,19921113,20260701,10.78,7.2637,225736176.0,12465992000.0,8083275200.0,124.65992,80.832752,2.33,14.451,1.3088
600635,大众公用,上海,供气供热,主板,19930304,20260701,4.42,3.271,274732898.0,13049761373.999998,10691059313.999998,130.49761374,106.91059313999997,1.75,31.4323,1.4683
600637,东方明珠,上海,影视音像,主板,19930316,20260701,8.26,-0.6017,410887838.0,27769292348.000004,27769292348.000004,277.69292348000005,277.69292348000005,1.11,44.9735,0.9275
600639,浦东金桥,上海,园区开发,主板,19930326,20260701,9.16,0.4386,41643716.0,10281302164.0,7788168172.000001,102.81302164,77.88168172,1.3,9.5772,0.6826
600658,电子城,北京,园区开发,主板,19930524,20260701,4.09,9.9462,62962261.0,4575012650.0,4575012650.0,45.7501265,45.7501265,1.29,,1.1291
600663,陆家嘴,上海,园区开发,主板,19930628,20260701,6.37,1.4331,52623156.0,32073929069.0,20101705169.0,320.73929069,201.01705169,0.91,26.1661,1.2718
600664,哈药股份,黑龙江,化学制药,主板,19930629,20260701,3.09,3.3445,171314209.0,7782195591.0,7782195591.0,77.82195591,77.82195591,1.03,21.5217,1.328
600675,中华企业,上海,区域地产,主板,19930924,20260701,2.12,2.9126,64475897.0,12817806836.000002,12817806836.000002,128.17806836000003,128.17806836000003,1.03,108.0421,0.8931
600683,京投发展,北京,区域地产,主板,19931025,20260701,11.47,-0.2609,169908296.0,8496719072.0,8496719072.0,84.96719072,84.96719072,0.7,,
600684,珠江股份,广东,区域地产,主板,19931028,20260701,3.07,1.9934,68652013.0,3395648101.0,2620124349.0,33.95648101,26.20124349,1.17,45.8864,2.6948
600686,金龙汽车,福建,汽车整车,主板,19931108,20260701,12.14,7.5288,290571804.0,8704955436.0,8704955436.0,87.04955436,87.04955436,1.58,18.587,2.3953
600688,上海石化,上海,石油加工,主板,19931108,20260701,2.98,1.7065,341697307.0,31417000150.0,21839864230.0,314.1700015,218.3986423,1.04,,1.3349
600704,物产中大,浙江,仓储物流,主板,19960606,20260701,4.79,1.4831,209930626.0,24769951721.0,24769951721.0,247.69951721,247.69951721,1.03,6.8364,0.5877
600707,彩虹股份,陕西,元器件,主板,19960520,20260701,17.66,4.5589,7083803523.0,63370962102.0,63358246902.0,633.70962102,633.58246902,1.28,169.3333,2.9072
600710,苏美达,江苏,商贸代理,主板,19960701,20260701,9.75,1.9874,168902853.0,12740806650.0,12740806650.0,127.4080665,127.4080665,1.44,9.3985,1.4875
600713,南京医药,江苏,医药商业,主板,19960701,20260701,5.07,1.4,78035325.0,6632391480.0,6539355459.0,66.3239148,65.39355459,1.08,10.6146,0.9023
600715,文投控股,北京,影视音像,主板,19960701,20260701,1.56,2.6316,55310087.0,6333371459.999999,4465300632.0,63.33371459999999,44.65300632,1.24,,5.8584
600717,天津港,天津,港口,主板,19960614,20260701,3.97,2.0566,110919110.0,11489183970.000002,11489183970.000002,114.89183970000002,114.89183970000002,0.76,11.7153,0.562
600719,大连热电,辽宁,供气供热,主板,19960716,20260701,8.06,4.5396,245773417.0,3261072775.9999995,3261072775.9999995,32.610727759999996,32.610727759999996,0.72,,8.0884
600720,中交设计,甘肃,建筑工程,主板,19960716,20260701,4.9,1.6598,50666614.0,11243518440.0,4944344020.0,112.4351844,49.4434402,0.97,7.7271,0.703
600729,重百集团,重庆,百货,主板,19960702,20260701,19.04,1.3845,56606237.0,8386225120.0,3664872512.0,83.8622512,36.64872512,1.07,8.0216,1.032
600730,*ST高科,北京,文教休闲,主板,19960726,20260701,11.57,4.6112,217190033.0,6787609920.0,6787609920.0,67.8760992,67.8760992,0.92,,4.0468
600738,丽尚国潮,甘肃,百货,主板,19960802,20260701,3.68,2.2222,44229735.0,2801713535.9999995,2799251616.0,28.017135359999994,27.99251616,1.4,17.0853,1.297
600739,辽宁成大,辽宁,生物制药,主板,19960819,20260701,10.44,3.2641,208706705.0,15892977996.0,15892977996.0,158.92977996,158.92977996,1.35,21.5775,0.5392
600743,华远控股,北京,区域地产,主板,19960909,20260701,2.2,1.8519,80430585.0,5161421980.0,5161421980.0,51.6142198,51.6142198,0.58,,9.3197
600755,厦门国贸,福建,仓储物流,主板,19961003,20260701,5.51,1.6605,71607272.0,11778292261.0,11748193335.0,117.78292261,117.48193335,1.04,23.1374,0.6105
600756,浪潮软件,山东,软件服务,主板,19960923,20260701,12.59,2.8595,97863347.0,4401826592.0,4080403891.9999995,44.01826592,40.804038919999996,1.15,,1.9692
600759,ST洲际,海南,石油开采,主板,19961008,20260701,1.92,4.918,177175417.0,7966097855.999999,7955876736.0,79.66097855999999,79.55876736,0.52,55.2197,0.8768
600488,津药药业,天津,化学制药,主板,20010618,20260701,5.1,5.5901,616683427.0,5568622169.999999,5568622169.999999,55.68622169999999,55.68622169999999,1.12,78.9154,1.8263
600489,中金黄金,北京,黄金,主板,20030814,20260701,17.96,-0.4986,1495655319.0,87057734296.0,87057734296.0,870.57734296,870.57734296,0.92,17.6459,2.6544
600497,驰宏锌锗,云南,铅锌,主板,20040420,20260701,12.22,0.9083,4119222684.0,61593449710.0,61593449710.0,615.9344971,615.9344971,0.74,59.4919,3.583
600506,统一股份,新疆,石油加工,主板,20011226,20260701,14.3,2.9518,137059336.0,3569631780.0,3569631780.0,35.6963178,35.6963178,0.75,272.9624,7.045
600507,方大特钢,江西,特种钢,主板,20030930,20260701,4.14,2.2222,114717270.0,9576597906.0,9576597906.0,95.76597906,95.76597906,1.07,10.1634,0.933
600509,天富能源,新疆,火力发电,主板,20020228,20260701,9.3,10.0592,142815450.0,12781895820.0,12781895820.0,127.8189582,127.8189582,0.35,55.5529,1.6446
600537,*ST亿晶,浙江,电气设备,主板,20030123,20260701,2.62,3.1496,81772418.0,3101333300.0,3101333300.0,31.013333,31.013333,1.23,,
600552,凯盛科技,安徽,元器件,主板,20021108,20260701,29.65,-8.9932,5862684109.0,28007594585.0,28007594585.0,280.07594585,280.07594585,1.04,217.6725,6.4887
600558,大西洋,四川,钢加工,主板,20010227,20260701,4.98,0.8097,60363940.0,4470071904.0,4470071904.0,44.70071904,44.70071904,0.81,24.5346,1.8019
600560,金自天正,北京,电气设备,主板,20020919,20260701,11.31,2.0758,38788505.0,2529430605.0,2529430605.0,25.29430605,25.29430605,1.11,49.0169,2.5623
600571,信雅达,浙江,软件服务,主板,20021101,20260701,10.13,3.8974,112998293.0,4723804379.0,4637024721.0,47.23804379,46.37024721,1.14,70.7238,4.0862
600572,康恩贝,浙江,中成药,主板,20040412,20260701,4.0,2.0408,140698440.0,10153930400.0,10126962800.0,101.539304,101.269628,0.98,21.4054,1.3993
600579,中化装备,山东,化工机械,主板,20020809,20260701,8.08,-2.1792,137337968.0,3988294464.0,3988294464.0,39.88294464,39.88294464,0.76,,2.6276
600583,海油工程,天津,石油开采,主板,20020205,20260701,5.07,0.7952,154370117.0,22416268836.0,22416268836.0,224.16268836,224.16268836,0.8,10.7541,0.7726
600587,新华医疗,山东,医疗保健,主板,20020927,20260701,12.12,2.8862,71314284.0,7352531340.0,7352531340.0,73.5253134,73.5253134,0.86,13.9693,0.9363
600590,泰豪科技,江西,通信设备,主板,20020703,20260701,10.06,-0.396,276034261.0,8579869182.0,8486309170.0,85.79869182,84.8630917,1.0,141.7292,2.6423
600592,龙溪股份,福建,机械基件,主板,20020805,20260701,14.48,2.2599,136590363.0,5785536128.0,5785536128.0,57.85536128,57.85536128,0.92,34.3226,2.2378
600595,中孚实业,河南,铝,主板,20020626,20260701,5.77,2.669,481621264.0,23125612427.0,23125612427.0,231.25612427,231.25612427,0.97,14.299,1.2894
600600,青岛啤酒,山东,啤酒,主板,19930827,20260701,52.89,1.2636,373516123.0,72152278839.0,37505668851.0,721.52278839,375.05668851,1.01,15.726,2.2241
600601,方正科技,上海,元器件,主板,19901219,20260701,13.97,0.9393,5658342985.0,59704188313.0,58258997401.0,597.04188313,582.58997401,1.64,126.4389,12.2369
600602,云赛智联,上海,软件服务,主板,19901219,20260701,16.3,1.3682,432585057.0,22293078050.0,17511138900.0,222.9307805,175.111389,1.01,115.0748,4.5304
600613,神奇制药,上海,中成药,主板,19920820,20260701,4.63,4.2793,45718804.0,2472751508.0,2219251600.0,24.72751508,22.192516,1.36,64.6571,1.0626
600621,华鑫股份,上海,证券,主板,19921202,20260701,13.44,4.0248,241773937.0,14258486592.000002,14258486592.000002,142.58486592000003,142.58486592000003,1.31,22.4298,1.5244
600622,光大嘉宝,上海,区域地产,主板,19921203,20260701,2.01,2.551,50062405.0,3014367653.9999995,3014367653.9999995,30.143676539999994,30.143676539999994,0.93,,1.5084
600623,华谊集团,上海,化工原料,主板,19921204,20260701,8.66,7.311,465917892.0,18354790328.0,16246460502.0,183.54790328,162.46460502,1.99,33.0888,0.8141
600628,新世界,上海,百货,主板,19930119,20260701,5.76,2.3091,60878639.0,3726002304.0,3726002304.0,37.26002304,37.26002304,1.76,55.9014,0.8775
600644,乐山电力,四川,水力发电,主板,19930426,20260701,8.6,8.8608,288267067.0,4973558880.0,4973558880.0,49.7355888,49.7355888,2.04,213.2963,2.4052
600648,外高桥,上海,园区开发,主板,19930504,20260701,8.27,3.5044,24714682.0,11246473894.0,9409363689.0,112.46473894,94.09363689,1.14,12.024,0.7048
600650,锦江在线,上海,公共交通,主板,19930607,20260701,9.94,3.112,36404736.0,5483004394.0,3882167394.0,54.83004394,38.82167394,1.09,38.621,1.2909
600651,飞乐音响,上海,电器仪表,主板,19901219,20260701,5.53,-1.0733,104253999.0,13863864840.0,13863864840.0,138.6386484,138.6386484,0.7,251.9293,5.4954
600655,豫园股份,上海,百货,主板,19920902,20260701,4.24,3.163,74920885.0,16498723616.0,16492948311.999998,164.98723616,164.92948312,1.11,,0.5504
600668,尖峰集团,浙江,水泥,主板,19930728,20260701,7.35,0.823,63178677.0,3034819410.0,3034819410.0,30.3481941,30.3481941,0.55,7.3679,0.5539
600671,天目药业,浙江,中成药,主板,19930823,20260701,17.55,3.9692,61804482.0,2137219695.0,2137072275.0,21.37219695,21.37072275,0.98,121.2771,28.9507
600673,东阳光,广东,综合类,主板,19930917,20260701,36.94,10.006,4257665866.9999995,111172961700.0,110877548826.0,1111.729617,1108.77548826,1.78,403.5756,11.1969
600690,海尔智家,山东,家用电器,主板,19931119,20260701,20.3,-0.539,948080091.0,190365882910.0,126936476520.0,1903.6588291,1269.3647652,0.97,9.736,1.5206
600692,亚通股份,上海,区域地产,主板,19931119,20260701,5.61,3.3149,46063812.0,1973396040.0,1430608905.0,19.7339604,14.30608905,1.11,137.1079,2.0296
600694,大商股份,辽宁,百货,主板,19931122,20260701,13.5,2.0408,55510717.0,5113713600.0,5113713600.0,51.137136,51.137136,1.23,10.4234,0.5592
600698,湖南天雁,湖南,汽车配件,主板,19931206,20260701,6.04,2.027,66757312.00000001,6454571708.0,5015928268.0,64.54571708,50.15928268,0.96,,8.7356
600702,舍得酒业,四川,白酒,主板,19960524,20260701,37.03,4.1632,437950872.0,12297326027.0,12292141827.0,122.97326027,122.92141827,1.15,55.1433,1.7196
600712,南宁百货,广西,百货,主板,19960626,20260701,4.88,6.087,69788418.0,2657918351.9999995,2628604192.0,26.579183519999994,26.28604192,1.52,,3.506
600714,金瑞矿业,青海,化工原料,主板,19960606,20260701,20.73,0.9742,896554771.0,5973894699.0,5973894699.0,59.73894699,59.73894699,2.49,195.4364,7.934
600721,百花医药,新疆,生物制药,主板,19960626,20260701,6.83,3.1722,82403609.0,2626460108.0,2626460108.0,26.26460108,26.26460108,1.08,64.5513,3.2486
600722,金牛化工,河北,化工原料,主板,19960626,20260701,8.36,2.9557,219235884.0,5687472692.0,5687472692.0,56.87472692,56.87472692,0.99,118.6674,4.5089
600724,宁波富达,浙江,综合类,主板,19960716,20260701,5.58,10.0592,83593665.0,8064445338.0,8062780266.0,80.64445338,80.62780266,0.62,43.982,2.8533
600725,云维股份,云南,商贸代理,主板,19960702,20260701,3.4,10.0324,57740792.0,4190398000.0,4190398000.0,41.90398,41.90398,0.78,,16.3286
600727,鲁北化工,山东,化工原料,主板,19960702,20260701,7.0,4.1667,172582795.0,3700081700.0,3700081700.0,37.000817,37.000817,1.12,96.6807,1.1372
600728,佳都科技,广东,软件服务,主板,19960716,20260701,4.33,1.6432,131024852.0,9234154969.0,9234154969.0,92.34154969,92.34154969,0.94,53.1126,1.1691
600734,*ST实达,福建,软件服务,主板,19960808,20260701,1.62,5.1948,77926042.0,3528851022.0,3528122022.0,35.28851022,35.28122022,0.85,,15.3971
600736,苏州高新,江苏,园区开发,主板,19960815,20260701,6.75,0.8969,211055107.0,7771227075.0,7771227075.0,77.71227075,77.71227075,0.82,52.6536,1.0425
600741,华域汽车,上海,汽车配件,主板,19960826,20260701,15.51,-0.0644,240306797.0,48898749240.0,48898749240.0,488.9874924,488.9874924,0.8,6.7846,0.7179
600744,华银电力,湖南,火力发电,主板,19960905,20260701,6.6,2.6439,457722692.0,13405420380.0,13405420380.0,134.0542038,134.0542038,0.96,164.3397,10.3996
600745,*ST闻泰,湖北,半导体,主板,19960828,20260701,17.18,2.1403,736821187.0,21383433727.0,21383433727.0,213.83433727,213.83433727,0.77,,0.9352
600751,海航科技,天津,水运,主板,19960909,20260701,2.95,1.3746,104114778.0,8553046510.0,7590907844.999999,85.5304651,75.90907845,1.09,83.1576,1.1313
600757,长江传媒,湖北,出版业,主板,19961003,20260701,7.44,1.7784,71917910.0,9029558232.0,9028418424.0,90.29558232,90.28418424,1.62,8.9053,0.8728
600760,中航沈飞,山东,航空,主板,19961011,20260701,41.28,0.438,723663265.0,117025889760.0,116803935456.00002,1170.2588976,1168.0393545600002,0.99,33.2672,4.9211
600764,中国海防,北京,船舶,主板,19961104,20260701,18.08,3.7292,170242065.0,12848179552.0,12848179552.0,128.48179552,128.48179552,1.8,106.5751,1.5664
600768,宁波富邦,浙江,铝,主板,19961111,20260701,15.42,2.9372,69890823.0,2062381824.0,2062381824.0,20.62381824,20.62381824,0.82,35.2021,4.5062
600769,祥龙电业,湖北,水务,主板,19961101,20260701,20.7,0.9264,370783495.0,7762028040.0,7762028040.0,77.6202804,77.6202804,0.53,407.9849,61.2436
600770,综艺股份,江苏,综合类,主板,19961120,20260701,6.85,-2.1429,606344596.0,8905000000.0,8905000000.0,89.05,89.05,0.89,81.6099,2.6195
600771,广誉远,山西,中成药,主板,19961105,20260701,13.53,4.4788,116650498.0,6622814583.000001,6622814583.000001,66.22814583,66.22814583,1.13,105.0515,3.8971
600129,太极集团,重庆,中成药,主板,19971118,20260701,13.7,0.958,291665484.0,7554429340.0,7554429340.0,75.5442934,75.5442934,1.55,62.6558,2.1171
600131,国网信通,四川,通信设备,主板,19980402,20260701,14.4,-1.3699,185593066.0,17256312000.0,17221033440.0,172.56312,172.2103344,1.33,26.251,2.6622
600138,中青旅,北京,旅游景点,主板,19971203,20260701,6.66,1.9908,71353013.0,4820774400.0,4820774400.0,48.207744,48.207744,0.96,57.7254,0.7654
600155,华创云信,北京,证券,主板,19980918,20260701,5.74,3.9855,283478387.0,12705733950.0,12705733950.0,127.0573395,127.0573395,1.38,69.8063,0.635
600156,华升股份,湖南,纺织,主板,19980527,20260701,8.66,4.0865,171418089.0,3482278662.0,3482278662.0,34.82278662,34.82278662,1.29,,9.4272
600158,中体产业,天津,文教休闲,主板,19980327,20260701,6.85,1.632,350939987.0,6572664735.0,6572664735.0,65.72664735,65.72664735,1.1,,2.7389
600163,中闽能源,福建,新型电力,主板,19980602,20260701,5.16,0.1942,151174238.0,9819459876.0,9819459876.0,98.19459876,98.19459876,0.96,18.8248,1.339
600176,中国巨石,浙江,玻璃,主板,19990422,20260701,70.27,-3.5812,13408397064.0,281300415909.0,281300415909.0,2813.00415909,2813.00415909,0.86,85.6198,8.7124
600177,雅戈尔,浙江,服饰,主板,19981119,20260701,7.68,1.992,236560845.0,35508033792.0,34586433792.0,355.08033792,345.86433792,1.35,14.5088,0.8367
600179,安通控股,福建,水运,主板,19981104,20260701,4.84,10.0,510861388.0,20480590680.0,18693427940.0,204.8059068,186.9342794,1.85,18.8589,1.6914
600184,光电股份,湖北,专用机械,主板,20031106,20260701,31.89,-0.3749,2133907063.0,18583179975.0,18583179975.0,185.83179975,185.83179975,1.12,363.8037,5.4369
600186,莲花控股,河南,食品,主板,19980825,20260701,12.97,-7.3571,2764186650.0,23252157394.0,23205123634.0,232.52157394,232.05123634,0.95,75.2206,12.3162
600195,中牧股份,北京,农业综合,主板,19990107,20260701,6.05,2.5424,65266504.0,6177947215.0,6177947215.0,61.77947215,61.77947215,1.37,36.0617,1.0856
600202,哈空调,黑龙江,专用机械,主板,19990603,20260701,4.63,3.3482,48679683.0,1774867441.0,1774867441.0,17.74867441,17.74867441,1.09,242.8965,2.1896
600208,衢州发展,浙江,全国地产,主板,19990623,20260701,3.11,9.894,406456520.0,26462805888.0,26459806293.0,264.62805888,264.59806293,1.22,101.3412,0.6332
600216,浙江医药,浙江,化学制药,主板,19991021,20260701,11.79,3.4211,209372926.0,11337709662.0,11216882205.0,113.37709662,112.16882205,1.01,12.9814,1.0086
600219,南山铝业,山东,铝,主板,19991223,20260701,4.03,1.0025,724559908.0,46279317448.00001,46279317448.00001,462.79317448000006,462.79317448000006,0.94,9.7728,0.9083
600230,沧州大化,河北,化工原料,主板,20000406,20260701,13.69,5.1459,228398224.0,5667126090.000001,5667126090.000001,56.67126090000001,56.67126090000001,1.18,183.6783,1.3937
600232,金鹰股份,浙江,纺织机械,主板,20000602,20260701,6.3,0.0,50960195.0,2297726550.0,2297726550.0,22.9772655,22.9772655,1.24,110.2757,2.3896
600233,圆通速递,辽宁,仓储物流,主板,20000608,20260701,17.33,10.0317,205475554.0,59319551933.00001,59319551933.00001,593.19551933,593.19551933,0.5,13.7239,1.6386
600236,桂冠电力,广西,水力发电,主板,20000323,20260701,9.24,5.2392,179619231.0,72833170872.0,72833170872.0,728.33170872,728.33170872,1.41,22.208,3.8105
600239,ST云城,云南,区域地产,主板,19991202,20260701,1.36,3.0303,21062331.0,2183734184.0,2183734184.0,21.83734184,21.83734184,0.81,,2.1627
600246,万通发展,北京,区域地产,主板,20000922,20260701,17.81,-6.2632,3262961933.0,34604607375.0,33668246625.0,346.04607375,336.68246625,0.96,,7.5754
600249,两面针,广西,日用化工,主板,20040130,20260701,4.56,2.4719,38753382.0,2508000000.0,2508000000.0,25.08,25.08,0.98,254.7189,1.1722
600252,中恒集团,广西,中成药,主板,20001130,20260701,1.86,5.6818,119632768.0,5922543366.0,5922543366.0,59.22543366,59.22543366,1.26,,1.1254
600257,大湖股份,湖南,渔业,主板,20000612,20260701,4.49,3.6952,83137475.0,2160755028.0,2160755028.0,21.60755028,21.60755028,1.4,426.5792,2.7028
600258,首旅酒店,北京,酒店餐饮,主板,20000601,20260701,11.44,4.7619,298523118.0,12773939464.0,12773939464.0,127.73939464,127.73939464,1.36,15.7482,1.0434
600267,海正药业,浙江,化学制药,主板,20000725,20260701,10.53,4.1543,323901005.0,12428265213.0,12428265213.0,124.28265213,124.28265213,1.16,22.9852,1.389
600272,开开实业,上海,医药商业,主板,20010228,20260701,10.54,3.9448,38475009.0,2768351026.0,1686400000.0,27.68351026,16.864,1.31,213.9783,3.4838
600273,嘉化能源,浙江,化工原料,主板,20030627,20260701,6.57,0.7669,192404355.0,8615300787.0,8615300787.0,86.15300787,86.15300787,1.63,8.7221,0.8467
600279,重庆港,重庆,港口,主板,20000731,20260701,3.71,1.6438,51450250.0,4403273973.0,4403273973.0,44.03273973,44.03273973,1.24,90.2399,0.6532
600283,钱江水利,浙江,水务,主板,20001018,20260701,8.07,0.6234,19073250.0,4525856943.0,4525856943.0,45.25856943,45.25856943,1.0,20.946,1.4237
600299,安迪苏,北京,饲料,主板,20000420,20260701,8.44,7.5159,432871130.0,25993337292.0,25993337292.0,259.93337292,259.93337292,1.69,22.5142,1.3239
600300,维维股份,江苏,软饮料,主板,20000630,20260701,2.88,2.1277,65650304.99999999,4657369536.0,4657369536.0,46.57369536,46.57369536,1.06,13.9216,1.2563
600303,曙光股份,辽宁,汽车整车,主板,20001226,20260701,2.56,2.8112,79438572.0,1750026752.0,1734431232.0,17.50026752,17.34431232,1.16,,1.8574
600313,农发种业,北京,种植业,主板,20010119,20260701,5.35,2.0992,123489396.0,6213350900.0,5789763045.0,62.133509,57.89763045,1.31,74.3362,2.5718
600315,上海家化,上海,日用化工,主板,20010315,20260701,17.18,2.1403,98770563.0,11548842680.0,11548842680.0,115.4884268,115.4884268,1.27,43.1602,1.6332
600318,新力金融,安徽,多元金融,主板,20001208,20260701,6.35,5.4817,155116332.0,3255820260.0,3255820260.0,32.5582026,32.5582026,1.3,91.2565,2.9332
600336,澳柯玛,山东,家用电器,主板,20001229,20260701,6.4,2.7287,101793158.0,5107294720.0,5107294720.0,51.0729472,51.0729472,1.48,,2.2565
600337,ST美克,江西,家居用品,主板,20001127,20260701,3.09,-4.9231,84759554.0,4440324129.0,4440324129.0,44.40324129,44.40324129,1.06,,11.3167
600345,长江通信,湖北,通信设备,主板,20001222,20260701,62.36,-4.8084,890680329.0,20554610556.0,13192837948.0,205.54610556,131.92837948,0.77,93.7832,5.3973
600348,华阳股份,山西,煤炭开采,主板,20030821,20260701,7.85,2.6144,252713703.0,28318875000.0,28318875000.0,283.18875,283.18875,1.16,16.6285,1.0164
600366,宁波韵升,浙江,矿物制品,主板,20001030,20260701,15.99,8.9237,2863249709.0,17573667189.0,17573667189.0,175.73667189,175.73667189,1.94,53.1206,2.7655
600367,红星发展,贵州,化工原料,主板,20010320,20260701,63.8,1.3825,4020773089.0,21764151420.0,20541890160.0,217.6415142,205.4189016,1.08,234.4525,8.743
600368,五洲交通,广西,路桥,主板,20001221,20260701,3.42,2.0896,28212362.0,5505016338.0,5505016338.0,55.05016338,55.05016338,0.96,9.8922,0.7426
600373,中文传媒,江西,出版业,主板,20020304,20260701,6.74,1.6591,85216933.0,9081197638.0,9081197638.0,90.81197638,90.81197638,1.62,32.4652,0.5075
600377,宁沪高速,江苏,路桥,主板,20010116,20260701,11.62,0.4322,72311450.0,58538625950.0,44181366460.0,585.3862595,441.8136646,0.83,12.7428,1.3507
600390,五矿资本,湖南,多元金融,主板,20010115,20260701,4.81,5.4825,315752029.0,21635695055.0,21635695055.0,216.35695055,216.35695055,1.67,49.6621,0.5097
600391,航发科技,四川,航空,主板,20011212,20260701,34.34,2.6607,574496364.0,11336643596.0,11336643596.0,113.36643596,113.36643596,1.31,186.2222,6.3889
600395,盘江股份,贵州,煤炭开采,主板,20010531,20260701,4.63,1.5351,119480751.0,9938873287.0,9938873287.0,99.38873287,99.38873287,0.92,30.1636,0.9277
600397,江钨装备,江西,专用机械,主板,20020702,20260701,29.95,9.989,1216275127.0,29649299005.0,29649299005.0,296.49299005,296.49299005,0.31,,153.5759
600446,金证股份,深圳,软件服务,主板,20031224,20260701,11.07,10.0398,330645524.0,10419831225.0,10419831225.0,104.19831225,104.19831225,1.43,,2.9463
600461,洪城环境,江西,水务,主板,20040601,20260701,9.24,1.9868,97842359.0,11865608832.0,11865608832.0,118.65608832,118.65608832,1.2,9.9442,1.16
600463,空港股份,北京,园区开发,主板,20040318,20260701,7.92,3.8008,35387281.0,2376000000.0,2376000000.0,23.76,23.76,1.02,,2.6768
600475,华光环能,江苏,电气设备,主板,20030721,20260701,15.38,0.8525,189790053.0,14702752466.0,14501582066.0,147.02752466,145.01582066,0.95,37.9401,1.6978
600477,杭萧钢构,浙江,钢加工,主板,20031110,20260701,2.36,2.1645,91641233.0,5567165424.0,5567165424.0,55.67165424,55.67165424,1.2,47.8755,1.1158
600483,福能股份,福建,新型电力,主板,20040531,20260701,10.07,-1.1776,358329679.0,27996035509.0,27996035509.0,279.96035509,279.96035509,0.94,9.4671,1.0049
600487,亨通光电,江苏,通信设备,主板,20030822,20260701,101.93,-6.777,18064810011.0,251399356946.0,249237309523.0,2513.99356946,2492.37309523,1.08,93.7963,7.7571
600491,ST龙元,浙江,建筑工程,主板,20040524,20260701,0.97,5.4348,49965381.0,1483865260.0000002,1483865260.0000002,14.838652600000003,14.838652600000003,0.86,,0.2135
600498,烽火通信,湖北,通信设备,主板,20010823,20260701,69.35,-5.7745,6667703353.0,94188916125.0,88186951024.99998,941.88916125,881.8695102499998,0.86,216.1116,5.3601
600499,科达制造,广东,专用机械,主板,20021010,20260701,14.08,2.029,430546445.0,27003418112.0,27003418112.0,270.03418112,270.03418112,1.11,20.6312,2.0528
600502,安徽建工,安徽,建筑工程,主板,20030415,20260701,4.39,0.9195,113580419.0,7535583821.0,7535583821.0,75.35583821,75.35583821,1.22,4.9388,0.6176
600510,黑牡丹,江苏,全国地产,主板,20020618,20260701,7.83,4.9598,106308346.0,8080759665.0,8080759665.0,80.80759665,80.80759665,1.08,120.9693,0.7654
600512,腾达建设,浙江,建筑工程,主板,20021226,20260701,1.93,3.2086,56667933.0,3063692036.0,3063692036.0,30.63692036,30.63692036,1.49,99.6803,0.4951
600127,金健米业,湖南,农业综合,主板,19980506,20260701,5.33,2.5,74845646.0,3420704456.0,3420704456.0,34.20704456,34.20704456,1.24,906.6817,5.0949
600130,波导股份,浙江,元器件,主板,20000706,20260701,4.45,0.4515,105433830.0,3337500000.0,3337500000.0,33.375,33.375,0.71,635.6299,3.6703
600132,重庆啤酒,重庆,啤酒,主板,19971030,20260701,41.95,1.5738,162526384.0,20302591840.0,20302591840.0,203.0259184,203.0259184,0.98,16.4941,11.1034
600136,ST明诚,湖北,房产服务,主板,19980303,20260701,1.39,3.7313,30181164.0,2836748001.0,2700894405.0000005,28.36748001,27.008944050000004,1.23,,12.5328
600137,浪莎股份,四川,服饰,主板,19980416,20260701,16.74,3.1423,28595635.0,1627422624.0,1627422624.0,16.27422624,16.27422624,0.76,50.3526,2.8894
600149,廊坊发展,河北,综合类,主板,19991014,20260701,4.61,2.6726,58305781.0,1752537600.0,1752537600.0,17.525376,17.525376,1.22,113.9627,6.8654
600151,航天机电,上海,汽车配件,主板,19980605,20260701,11.3,0.713,477230866.0,16207050990.0,16207050990.0,162.0705099,162.0705099,1.0,,3.6788
600153,建发股份,福建,仓储物流,主板,19980616,20260701,7.93,0.0,276405717.0,22993341098.000004,22993341098.000004,229.93341098000005,229.93341098000005,1.22,,0.5339
600162,香江控股,深圳,全国地产,主板,19980609,20260701,2.7,-3.5714,411719004.0,8824782870.0,8824782870.0,88.2478287,88.2478287,0.62,,1.5412
600165,ST宁科,宁夏,化工原料,主板,19980529,20260701,2.62,3.5573,18460544.0,4233615294.0,1920233632.0,42.33615294,19.20233632,1.35,,3.7019
600167,联美控股,辽宁,供气供热,主板,19990128,20260701,5.71,2.1467,54500947.0,12920819254.999998,12920819254.999998,129.20819254999998,129.20819254999998,1.11,18.8356,1.079
600170,上海建工,上海,建筑工程,主板,19980623,20260701,2.24,2.2831,304119685.0,19904504928.0,19904504928.0,199.04504928,199.04504928,1.14,16.0891,0.6358
600171,上海贝岭,上海,半导体,主板,19980924,20260701,31.03,-2.8491,1766144836.0,21997889999.0,21997889999.0,219.97889999,219.97889999,1.0,93.1218,4.8374
600172,黄河旋风,河南,矿物制品,主板,19981126,20260701,16.39,-2.4405,3417262522.0,23637403955.0,20917832562.0,236.37403955,209.17832562,0.68,,50.9833
600173,卧龙新能,浙江,全国地产,主板,19990415,20260701,5.99,1.3536,36112598.0,4196032138.0000005,4195493038.0,41.96032138,41.95493038,0.95,,1.1734
600178,东安动力,黑龙江,汽车配件,主板,19981014,20260701,10.01,1.8311,127205619.0,4669426762.0,4669426762.0,46.69426762,46.69426762,0.87,372.9445,1.8388
600183,生益科技,广东,元器件,主板,19981028,20260701,164.8,-4.9596,11258631087.0,400318844160.0,394613847200.0,4003.1884416,3946.138472,0.92,120.0733,22.3295
600188,兖矿能源,山东,煤炭开采,主板,19980701,20260701,18.03,1.4631,1013553524.0,180964441560.0,107483176560.0,1809.6444156,1074.8317656,1.11,21.5924,2.3659
600189,泉阳泉,吉林,软饮料,主板,19981007,20260701,7.85,4.2497,137406192.0,5614302730.0,5614302730.0,56.1430273,56.1430273,1.38,372.3315,4.541
600191,华资实业,内蒙,食品,主板,19981210,20260701,9.23,1.4286,88125598.0,4475922360.0,4475922360.0,44.7592236,44.7592236,0.7,75.8371,2.606
600211,西藏药业,西藏,生物制药,主板,19990721,20260701,38.38,2.6478,232419497.0,12370610896.0,12370610896.0,123.70610896,123.70610896,1.59,13.1892,3.172
600217,中再资环,陕西,环境保护,主板,19991216,20260701,2.89,2.4823,38611502.0,4790619193.0,4790619193.0,47.90619193,47.90619193,0.93,,1.6818
600231,凌钢股份,辽宁,普钢,主板,20000511,20260701,1.65,3.7736,49859180.0,4738904610.0,4680032610.0,47.3890461,46.8003261,1.48,,1.3321
600234,科新发展,山西,装修装饰,主板,20000615,20260701,26.66,-3.685,130296677.0,6998809860.0,6998809860.0,69.9880986,69.9880986,0.86,,15.5464
600235,民丰特纸,浙江,造纸,主板,20000615,20260701,5.2,4.6278,40358786.0,1826760000.0,1826760000.0,18.2676,18.2676,1.43,112.1834,1.21
600243,*ST海华,青海,运输设备,主板,20001120,20260701,3.3,0.9174,23615667.0,1448205000.0,1448205000.0,14.48205,14.48205,0.84,,2.6257
600248,陕建股份,陕西,建筑工程,主板,20000622,20260701,2.74,2.6217,49412345.0,10176166282.0,10153725682.0,101.76166282,101.53725682,1.11,45.2657,0.3661
600251,冠农股份,新疆,农业综合,主板,20030609,20260701,8.93,3.3565,101647275.0,6938552848.0,6938552848.0,69.38552848,69.38552848,1.02,19.913,1.7174
600255,鑫科材料,安徽,小金属,主板,20001122,20260701,3.41,-2.0115,488317325.0,6158961270.0,6158961270.0,61.5896127,61.5896127,0.68,199.3809,4.1732
600261,阳光照明,浙江,家用电器,主板,20000720,20260701,3.1,0.6494,35309070.0,4138664300.0,4138664300.0,41.386643,41.386643,1.01,21.949,1.1712
600262,北方股份,内蒙,专用机械,主板,20000630,20260701,20.16,1.8696,83523195.0,3427200000.0,3427200000.0,34.272,34.272,1.2,15.9051,1.8319
600265,*ST景谷,云南,林业,主板,20000825,20260701,23.05,3.132,43994308.0,2991890000.0,2991890000.0,29.9189,29.9189,1.19,,14.1318
600266,城建发展,北京,区域地产,主板,19990203,20260701,4.11,5.1151,226814523.0,8531305784.999999,8531305784.999999,85.31305784999999,85.31305784999999,1.87,,0.4668
600269,赣粤高速,江西,路桥,主板,20000518,20260701,4.07,2.2613,54944750.0,9505106490.0,9505106490.0,95.0510649,95.0510649,1.18,7.4285,0.4813
600285,羚锐制药,河南,中成药,主板,20001018,20260701,19.97,3.0444,148904183.0,11325296535.0,11312815285.0,113.25296535,113.12815285,1.01,14.9115,3.1038
600287,苏豪时尚,江苏,商贸代理,主板,20000901,20260701,4.5,2.0408,20210169.0,1965582450.0,1965582450.0,19.6558245,19.6558245,1.11,78.3108,0.8604
600288,大恒科技,北京,元器件,主板,20001129,20260701,13.05,-1.8797,140213373.0,5700240000.0,5700240000.0,57.0024,57.0024,1.08,54.7278,2.8645
600293,三峡新材,湖北,玻璃,主板,20000919,20260701,2.82,-1.3986,170454201.0,3271608900.0,3271608900.0,32.716089,32.716089,0.61,,1.9187
600302,ST标准,陕西,纺织机械,主板,20001213,20260701,8.41,1.57,52169606.0,2909942418.0,2909942418.0,29.09942418,29.09942418,1.1,,6.0046
600307,酒钢宏兴,甘肃,普钢,主板,20001220,20260701,1.44,3.5971,115374830.0,9019234656.0,9019234656.0,90.19234656,90.19234656,1.53,,1.696
600322,津投城开,天津,区域地产,主板,20010910,20260701,2.86,4.3796,192436976.0,3162302000.0,3162302000.0,31.62302,31.62302,1.01,,41.5744
600327,大东方,江苏,医疗保健,主板,20020625,20260701,3.26,5.1613,63217261.0,2884381170.0000005,2884381170.0000005,28.843811700000003,28.843811700000003,2.1,,1.0213
600328,中盐化工,内蒙,化工原料,主板,20001222,20260701,6.16,2.6667,123392880.0,9032466520.0,9032466520.0,90.3246652,90.3246652,0.97,122.1439,0.7624
600335,国机汽车,天津,汽车服务,主板,20010305,20260701,4.77,1.9231,70177857.0,7095169412.999999,7095169412.999999,70.95169412999999,70.95169412999999,0.95,16.8359,0.6079
600338,西藏珠峰,西藏,铅锌,主板,20001227,20260701,15.51,1.7717,895209905.0,14179400202.0,14179400202.0,141.79400202,141.79400202,0.8,27.6923,3.1391
600351,亚宝药业,山西,中成药,主板,20020926,20260701,5.93,3.1304,69167926.0,4103560000.0,4103560000.0,41.0356,41.0356,1.02,12.8231,1.4386
600360,华微电子,吉林,半导体,主板,20010316,20260701,14.14,-3.5471,1717916027.0,13578575541.999998,13578575541.999998,135.78575542,135.78575542,0.9,78.5548,3.8638
600363,联创光电,江西,元器件,主板,20010329,20260701,37.05,3.5495,1919051509.0,16705418925.0,16705418925.0,167.05418925,167.05418925,2.46,34.7904,3.683
600369,西南证券,重庆,证券,主板,20010109,20260701,4.21,4.7264,376295256.0,27975909311.0,27975909311.0,279.75909311,279.75909311,1.45,26.3334,1.0517
600372,中航机载,北京,航空,主板,20010706,20260701,11.01,1.4747,422055989.0,53276251566.0,53276251566.0,532.76251566,532.76251566,1.08,49.9157,1.4048
600375,汉马科技,安徽,汽车整车,主板,20030401,20260701,3.8,2.981,100382385.0,6091671320.0,5558206040.000001,60.9167132,55.58206040000001,1.12,128.0325,1.7937
600379,宝光股份,陕西,电气设备,主板,20020116,20260701,15.38,2.0571,677078223.0,5078500608.0,5078500608.0,50.78500608,50.78500608,0.96,98.998,6.45
600381,*ST春天,青海,医疗保健,主板,20010508,20260701,5.22,2.3529,28910054.0,3064456854.0,3064456854.0,30.64456854,30.64456854,0.84,,3.1303
600382,广东明珠,广东,普钢,主板,20010118,20260701,6.61,-1.7831,123179098.0,4590037541.0,4590037541.0,45.90037541,45.90037541,0.65,24.9268,1.463
600389,江山股份,江苏,农药化肥,主板,20010110,20260701,19.57,0.2561,166484655.0,8427820500.0,8427820500.0,84.278205,84.278205,0.63,15.8239,2.0164
600392,盛和资源,四川,小金属,主板,20030529,20260701,29.02,-2.5193,3074325467.0,50867027932.0,50867027932.0,508.67027932,508.67027932,0.64,60.6271,3.9527
600405,动力源,北京,电气设备,主板,20040401,20260701,4.53,0.2212,127074855.0,2776118088.0,2776118088.0,27.76118088,27.76118088,0.85,,88.5605
600406,国电南瑞,江苏,电气设备,主板,20031016,20260701,22.67,-0.7877,1578625775.0,182079913054.0,181545354454.0,1820.79913054,1815.45354454,1.06,21.9931,3.4038
600410,华胜天成,北京,软件服务,主板,20040427,20260701,16.22,2.4637,976680338.0,17785144034.0,17785144034.0,177.85144034,177.85144034,0.88,642.1964,4.1275
600415,小商品城,浙江,商品城,主板,20020509,20260701,10.39,2.2638,723611071.0,56974180088.0,56974180088.0,569.74180088,569.74180088,0.85,13.5538,2.387
600416,湘电股份,湖南,电气设备,主板,20020718,20260701,9.92,1.2245,238421824.0,14639761408.0,14639761408.0,146.39761408,146.39761408,1.03,65.1334,1.5038
600418,江淮汽车,安徽,汽车整车,主板,20010824,20260701,25.63,-0.7743,1897621353.0,57774587266.0,55976171174.0,577.74587266,559.76171174,1.0,,4.5911
600419,天润乳业,新疆,乳制品,主板,20010628,20260701,7.71,1.8494,50637582.0,2432599062.0,2432599062.0,24.32599062,24.32599062,1.12,58.6411,0.99
600423,*ST柳化,广西,农药化肥,主板,20030717,20260701,2.36,4.8889,17454177.0,1884920200.0,1884920200.0,18.849202,18.849202,1.1,,3.5538
600517,国网英大,上海,多元金融,主板,20031010,20260701,4.8,2.5641,174847783.0,27448491360.0,27448491360.0,274.4849136,274.4849136,1.22,10.847,1.1454
600518,康美药业,广东,中成药,主板,20010319,20260701,1.27,5.8333,449396878.0,17562698809.0,17554387294.0,175.62698809,175.54387294,1.35,1700.4941,2.4146
600519,贵州茅台,贵州,白酒,主板,20010827,20260701,1193.01,0.6343,5033838236.0,1491359849616.0,1491359849616.0,14913.59849616,14913.59849616,0.85,18.1166,5.5053
600521,华海药业,浙江,化学制药,主板,20030304,20260701,14.83,2.9861,450497500.0,22204250126.0,22204250126.0,222.04250126,222.04250126,1.43,83.3495,2.3113
600522,中天科技,江苏,通信设备,主板,20021024,20260701,55.42,-8.6684,20312305152.0,189145672374.0,189145672374.0,1891.45672374,1891.45672374,1.13,65.1711,4.9758
600528,中铁工业,北京,运输设备,主板,20010528,20260701,6.72,1.9727,85525625.0,14928826752.0,14928826752.0,149.28826752,149.28826752,1.13,10.9226,0.5853
600531,豫光金铅,河南,铅锌,主板,20020730,20260701,15.73,6.5718,2258984351.0,19021702271.0,19021702271.0,190.21702271,190.21702271,0.82,22.1159,2.678
600535,天士力,天津,中成药,主板,20020823,20260701,13.6,2.7967,186498386.0,20317720000.0,20317720000.0,203.1772,203.1772,1.28,18.3877,1.5913
600538,国发股份,广西,医药商业,主板,20030114,20260701,5.94,-1.9802,102593617.0,3113737902.0,3113737902.0,31.13737902,31.13737902,1.06,,4.5775
600539,狮头股份,山西,互联网,主板,20010824,20260701,17.0,4.2305,366138748.0,3910000000.0,3910000000.0,39.1,39.1,1.17,,13.0124
600540,新赛股份,新疆,种植业,主板,20040107,20260701,3.44,3.9275,103744420.0,1999936880.0,1999936880.0,19.9993688,19.9993688,0.87,,5.1972
600543,*ST莫高,甘肃,红黄酒,主板,20040324,20260701,3.97,5.0265,14783946.0,1274846400.0,1274846400.0,12.748464,12.748464,1.17,,1.8385
600548,深高速,深圳,路桥,主板,20011225,20260701,8.31,2.214,17551870.0,21089584191.0,14246880060.0,210.89584191,142.4688006,0.94,18.3491,0.8984
600549,厦门钨业,福建,小金属,主板,20021107,20260701,84.9,-0.3521,7403910017.0,134786034420.0,131928826800.0,1347.8603442,1319.288268,0.92,58.3647,7.3653
600556,天下秀,广西,互联网,主板,20010807,20260701,4.46,0.905,205008870.0,8062554296.0,8062554296.0,80.62554296,80.62554296,1.12,261.2087,2.1036
600557,康缘药业,江苏,中成药,主板,20020918,20260701,12.18,3.4834,168036853.0,6895814184.0,6895814184.0,68.95814184,68.95814184,1.83,22.6888,1.4079
600559,老白干酒,河北,白酒,主板,20021029,20260701,11.47,2.4107,169438535.0,10492152678.0,10492152678.0,104.92152678,104.92152678,1.2,24.4128,1.916
600569,安阳钢铁,河南,普钢,主板,20010820,20260701,1.71,3.012,47079864.0,4911840594.0,4911840594.0,49.11840594,49.11840594,1.63,,3.37
600570,恒生电子,浙江,软件服务,主板,20031216,20260701,21.9,3.3506,963195925.0,41470889010.0,41470889010.0,414.7088901,414.7088901,1.25,33.6838,4.1584
600573,惠泉啤酒,福建,啤酒,主板,20030226,20260701,9.19,3.2584,102800524.0,2297500000.0,2297500000.0,22.975,22.975,0.9,28.7222,1.6822
600577,精达股份,安徽,电气设备,主板,20020911,20260701,9.48,-3.0675,766537024.0,20392388184.0,20392388184.0,203.92388184,203.92388184,0.83,34.0359,3.2739
600582,天地科技,北京,专用机械,主板,20020515,20260701,4.47,0.4494,90684718.0,18499492383.0,18499492383.0,184.99492383,184.99492383,0.71,7.5604,0.7102
600593,大连圣亚,辽宁,旅游景点,主板,20020711,20260701,36.57,1.4988,150573794.0,4770373650.0,4710216000.0,47.7037365,47.10216,0.78,175.0136,22.8161
600597,光明乳业,上海,乳制品,主板,20020828,20260701,6.2,2.1417,54749650.0,8546537560.000001,8546423480.0,85.46537560000002,85.4642348,1.02,,0.9298
600598,北大荒,黑龙江,种植业,主板,20020329,20260701,11.03,1.7528,316600236.0,19607809297.0,19607809297.0,196.07809297,196.07809297,0.52,16.8137,2.2851
600603,广汇物流,四川,区域地产,主板,19920113,20260701,4.43,1.8391,80689539.0,5209426604.0,5209426604.0,52.09426604,52.09426604,0.96,14.1541,0.7057
600604,市北高新,上海,园区开发,主板,19920327,20260701,4.1,2.7569,46436868.0,7680549680.0,5770564680.0,76.8054968,57.7056468,1.51,,1.2773
600605,汇通能源,上海,房产服务,主板,19920327,20260701,28.73,-0.657,95420726.0,5926493352.0,5926493352.0,59.26493352,59.26493352,0.58,245.7351,4.1499
600617,国新能源,山西,供气供热,主板,19921013,20260701,2.81,4.8507,92360402.0,5421028958.000001,4989274987.0,54.21028958000001,49.89274987,1.23,,1.6947
600629,华建集团,上海,建筑工程,主板,19930209,20260701,11.99,-0.9909,244943212.0,13786160751.0,13786160751.0,137.86160751,137.86160751,1.04,192.4709,2.617
600630,龙头股份,上海,服饰,主板,19930209,20260701,9.72,-0.2053,443976228.0,4129654752.0,4129654752.0,41.29654752,41.29654752,1.12,87.7657,5.0754
600638,新黄浦,上海,区域地产,主板,19930326,20260701,4.5,2.9748,69004610.0,3030285600.0,3030285600.0,30.302856,30.302856,1.21,44.8202,0.648
600641,先导基电,上海,半导体,主板,19930407,20260701,43.85,10.01,5470812363.0,41520069715.0,40808121115.0,415.20069715,408.08121115,1.39,,5.1063
600643,爱建集团,上海,多元金融,主板,19930426,20260701,3.94,6.1995,100709278.0,6277092952.000001,6265985698.000001,62.77092952000001,62.65985698000001,1.56,,0.6391
600645,中源协和,天津,医疗保健,主板,19930504,20260701,17.96,4.9679,218318335.0,8404362243.999999,8401152792.0,84.04362244,84.01152792,1.09,73.8318,2.2598
600653,申华控股,辽宁,汽车服务,主板,19901219,20260701,1.56,4.0,43086034.0,3036353268.0,3036353268.0,30.36353268,30.36353268,1.62,,4.8543
600654,中安科,湖北,仓储物流,主板,19901219,20260701,2.75,3.3835,175409962.0,7913383225.0,6372937450.0,79.13383225,63.7293745,1.07,149.4217,4.6953
600657,信达地产,北京,全国地产,主板,19930524,20260701,2.37,2.5974,75578429.0,6758952282.0,6758952282.0,67.58952282,67.58952282,1.22,,0.4363
600660,福耀玻璃,福建,汽车配件,主板,19930610,20260701,50.0,-0.8723,557287661.0,130487175000.0,100149315000.0,1304.87175,1001.49315,0.55,14.0123,3.3337
600661,昂立教育,上海,文教休闲,主板,19930614,20260701,7.6,9.9855,105831695.0,2177770880.0,2177770880.0,21.7777088,21.7777088,2.05,25.1561,8.5477
600666,奥瑞德,黑龙江,元器件,主板,19930712,20260701,3.99,0.5038,487578940.0,10977756426.0,9983472765.0,109.77756426,99.83472765,0.78,77.6401,10.0127
600674,川投能源,四川,水力发电,主板,19930924,20260701,14.12,-0.3529,331535916.0,68829448016.0,68829448016.0,688.29448016,688.29448016,0.8,14.4778,1.484
600676,交运股份,上海,汽车配件,主板,19930928,20260701,6.91,6.4715,203751421.0,7106885939.0,7106885939.0,71.06885939,71.06885939,2.91,,1.4901
600682,南京新百,江苏,生物制药,主板,19931018,20260701,5.33,3.4951,120687765.0,7169554626.0,6204441398.999999,71.69554626,62.04441398999999,1.24,,0.4364
600689,上海三毛,上海,综合类,主板,19931108,20260701,9.92,2.268,31800993.0,1993833696.0,1509864672.0000002,19.93833696,15.098646720000003,1.11,174.6879,4.2063
600691,潞化科技,山西,农药化肥,主板,19931119,20260701,2.32,4.9774,95066478.0,5512278240.0,5511359520.000001,55.1227824,55.113595200000006,1.41,,1.7723
600699,均胜电子,浙江,汽车配件,主板,19931206,20260701,21.86,1.1569,713484901.0,33899843130.0,29621471696.0,338.9984313,296.21471696,0.84,25.3776,1.9343
600708,光明地产,上海,全国地产,主板,19960606,20260701,3.25,1.2461,93203328.0,7243069600.0,7232152850.0,72.430696,72.3215285,0.62,,1.2145
600716,凤凰股份,江苏,区域地产,主板,19960702,20260701,3.48,3.5714,29591713.0,3257490888.0000005,3257490888.0000005,32.57490888,32.57490888,1.04,,0.7323
600726,华电能源,黑龙江,火力发电,主板,19960701,20260701,7.33,2.9494,963131836.0,57960774346.0,54794214346.0,579.60774346,547.94214346,0.78,289.8475,11.6389
600732,爱旭股份,上海,电气设备,主板,19960816,20260701,13.86,0.0722,857923647.0,29316597156.000004,29098525302.0,293.16597156000006,290.98525302,1.16,,6.1826
600733,北汽蓝谷,北京,汽车整车,主板,19960816,20260701,4.87,0.0,369234835.0,31008039980.0,27055420386.0,310.0803998,270.55420386,0.95,,5.1489
600735,ST新华锦,山东,服饰,主板,19960726,20260701,6.61,4.9206,86640370.0,2834223902.0,2812236398.0,28.34223902,28.12236398,2.05,,2.6568
600740,山西焦化,山西,焦炭加工,主板,19960808,20260701,3.27,2.5078,91594799.0,8378136324.0,8378136324.0,83.78136324,83.78136324,0.93,100.7779,0.5502
600748,上实发展,上海,全国地产,主板,19960925,20260701,3.82,2.6882,72246667.0,7046230278.0,7046230278.0,70.46230278,70.46230278,1.23,,0.682
600750,华润江中,江西,中成药,主板,19960923,20260701,22.51,1.9937,99675888.0,14307655382.999998,14154857503.0,143.07655383,141.54857503,1.18,15.7802,3.3149
600754,锦江酒店,上海,酒店餐饮,主板,19961011,20260701,18.38,2.1679,303070345.0,19598566430.0,16653090558.0,195.9856643,166.53090558,1.41,21.1771,1.2161
600761,安徽合力,安徽,工程机械,主板,19961009,20260701,16.15,-1.2836,280414824.0,14384688720.0,14384688720.0,143.8468872,143.8468872,1.85,11.746,1.2897
600776,东方通信,浙江,通信设备,主板,19961126,20260701,13.19,0.3805,235522872.0,16566641319.0,12609641319.0,165.66641319,126.09641319,0.73,46.2664,4.3376
600433,冠豪高新,广东,造纸,主板,20030619,20260701,3.26,1.5576,123795146.0,5705910192.0,5705910192.0,57.05910192,57.05910192,0.98,,1.2932
600458,时代新材,湖南,塑料,主板,20021219,20260701,16.59,0.2417,877668831.0,15441202224.0,14408882838.0,154.41202224,144.08882838,0.82,30.0638,1.9169
600467,好当家,山东,渔业,主板,20040405,20260701,2.05,4.0609,68736077.0,2995038314.9999995,2995038314.9999995,29.950383149999997,29.950383149999997,1.52,100.2612,0.8739
600470,六国化工,安徽,农药化肥,主板,20040305,20260701,6.38,10.0,339941175.0,3327808000.0,3327808000.0,33.27808,33.27808,0.93,,2.1838
600478,科力远,湖南,电气设备,主板,20030918,20260701,5.08,0.7937,144812916.0,8460947772.0,8460947772.0,84.60947772,84.60947772,1.08,60.2735,2.8857
600486,扬农化工,江苏,农药化肥,主板,20020425,20260701,51.03,0.6509,357533588.0,20621835360.0,20615543361.0,206.2183536,206.15543361,1.15,16.0362,1.7378
600495,晋西车轴,山西,运输设备,主板,20040526,20260701,3.55,1.1396,40270464.0,4289077695.0,4289077695.0,42.89077695,42.89077695,0.98,149.1829,1.3076
600500,中化国际,上海,塑料,主板,20000301,20260701,7.96,1.6603,1969472630.0,28562918148.0,28562918148.0,285.62918148,285.62918148,0.89,,2.8106
600503,华丽家族,上海,区域地产,主板,20020709,20260701,2.04,2.5126,65313425.0,3268671599.9999995,3268671599.9999995,32.686716,32.686716,0.82,,0.9472
600505,西昌电力,四川,水力发电,主板,20020530,20260701,11.29,5.6127,171634355.0,4115967075.0,4115967075.0,41.15967075,41.15967075,1.11,345.5067,3.3594
600515,海南机场,海南,机场,主板,20020806,20260701,2.8,2.1898,308743909.0,31990866880.0,25692835000.0,319.9086688,256.92835,1.04,146.3682,1.3192
600526,菲达环保,浙江,环境保护,主板,20020722,20260701,4.17,1.4599,43945821.0,3705890676.0,3640439607.0,37.05890676,36.40439607,1.39,12.4123,0.8011
600527,江南高纤,江苏,化纤,主板,20031127,20260701,2.19,2.3364,134471719.0,3792556371.0,3792556371.0,37.92556371,37.92556371,1.22,179.818,1.8288
600529,山东药玻,山东,医疗保健,主板,20020603,20260701,18.36,-0.4878,169190498.0,12183954876.000002,12183954876.000002,121.83954876000001,121.83954876000001,1.04,17.6675,1.4546
600536,中国软件,北京,软件服务,主板,20020517,20260701,28.66,1.9203,454715811.0,26762323956.0,24179178094.0,267.62323956,241.79178094,1.03,,7.6129
600561,江西长运,江西,公共交通,主板,20020716,20260701,5.17,4.4444,40229446.0,1470745056.0,1470745056.0,14.70745056,14.70745056,1.49,91.7425,1.6143
600563,法拉电子,福建,元器件,主板,20021210,20260701,182.55,-4.3239,2620137961.0,41073750000.0,41073750000.0,410.7375,410.7375,0.83,34.4526,6.5222
600566,济川药业,湖北,中成药,主板,20010822,20260701,22.46,1.2168,288896694.0,20702084998.0,20632236644.0,207.02084998,206.32236644,1.36,11.6444,1.3812
600567,山鹰国际,安徽,造纸,主板,20011218,20260701,1.39,1.4599,137882542.0,8767360087.0,8767360087.0,87.67360087,87.67360087,0.91,,0.5932
600575,淮河能源,安徽,火力发电,主板,20030328,20260701,3.22,0.9404,180913914.0,23077070883.999996,12513760742.0,230.77070883999997,125.13760742,1.11,13.5943,1.0343
600576,祥源文旅,浙江,旅游景点,主板,20030220,20260701,6.32,7.1186,223700054.0,6664746520.0,4173665432.0,66.6474652,41.73665432,1.6,58.707,2.5754
600578,京能电力,北京,火力发电,主板,20020510,20260701,6.59,2.1705,976673970.0,44117552390.0,44117552390.0,441.1755239,441.1755239,1.13,12.4995,1.7497
600586,金晶科技,山东,玻璃,主板,20020815,20260701,4.41,-3.5011,156429802.0,6250459257.0,6250459257.0,62.50459257,62.50459257,1.0,,1.2403
600588,用友网络,北京,软件服务,主板,20010518,20260701,9.46,3.0501,558130031.0,32324795404.0,32324795404.0,323.24795404,323.24795404,1.27,,4.6878
600594,益佰制药,贵州,中成药,主板,20040323,20260701,3.11,4.7138,80210361.0,2462894214.0,2462894214.0,24.62894214,24.62894214,1.21,,1.1411
600609,金杯汽车,辽宁,汽车配件,主板,19920724,20260701,3.2,2.5641,66672157.99999999,4174587520.0,4174587520.0,41.7458752,41.7458752,1.23,17.767,2.4639
600610,中毅达,贵州,化工原料,主板,19920805,20260701,6.77,3.3588,129624573.0,7252529042.0,4798079759.0,72.52529042,47.98079759,1.28,143.0197,52.1566
600616,金枫酒业,上海,红黄酒,主板,19920929,20260701,3.88,3.4667,40891692.0,2595739400.0,2595739400.0,25.957394,25.957394,1.39,1272.2018,1.3419
600619,海立股份,上海,家用电器,主板,19921116,20260701,15.72,-0.8202,544509054.0,16872973968.0,12405827856.0,168.72973968,124.05827856,0.84,234.9313,2.7345
600620,天宸股份,上海,综合类,主板,19921117,20260701,4.08,3.2911,36233870.0,2801642567.9999995,2801642567.9999995,28.016425679999994,28.016425679999994,1.08,147.6267,1.9646
600624,ST复华,上海,化学制药,主板,19930105,20260701,3.42,4.908,26145601.0,2323366398.0,2323366398.0,23.23366398,23.23366398,1.13,,5.4672
600626,申达股份,上海,汽车配件,主板,19930107,20260701,3.28,2.8213,44783539.0,4332042616.0,3634170136.0,43.32042616,36.34170136,1.12,1074.5332,1.3506
600633,浙数文化,浙江,互联网,主板,19930304,20260701,10.5,3.1434,258308744.0,13314782250.0,13314782250.0,133.1478225,133.1478225,1.29,23.2531,1.2794
600640,国脉文化,上海,影视音像,主板,19930407,20260701,9.9,2.3785,60399216.0,7836357870.0,7836357870.0,78.3635787,78.3635787,0.94,364.4726,1.9702
600642,申能股份,上海,火力发电,主板,19930416,20260701,9.05,3.6655,214076440.0,44291418570.0,44289009460.00001,442.9141857,442.89009460000005,1.28,11.0359,1.1623
600649,城投控股,上海,区域地产,主板,19930518,20260701,3.54,2.6087,77406243.0,8865932832.0,8865932832.0,88.65932832,88.65932832,1.25,30.6464,0.4211
600662,外服控股,上海,文教休闲,主板,19930614,20260701,4.1,1.737,65855642.00000001,9362116710.0,9333531510.0,93.6211671,93.3353151,1.2,14.3523,1.7266
600665,天地源,陕西,全国地产,主板,19930709,20260701,3.18,10.0346,78204040.0,2747909550.0,2747909550.0,27.4790955,27.4790955,1.02,,1.9388
600667,太极实业,江苏,半导体,主板,19930728,20260701,32.1,10.0069,12988171255.0,67138504620.0,67138504620.0,671.3850462,671.3850462,1.24,149.8253,7.6793
600678,ST金顶,四川,水泥,主板,19931008,20260701,6.74,0.4471,159864274.0,2352192600.0,2352192600.0,23.521926,23.521926,0.89,325.1365,9.1215
600679,上海凤凰,上海,文教休闲,主板,19931008,20260701,9.09,1.9058,27838641.0,4502225187.0,3124181187.0,45.02225187,31.24181187,0.7,42.1897,2.1131
600681,百川能源,湖北,供气供热,主板,19931018,20260701,3.28,1.548,50626877.0,4398003744.0,4394572864.0,43.98003744,43.94572864,1.22,18.5443,1.195
600685,中船防务,广东,船舶,主板,19931028,20260701,25.7,1.022,320403227.0,36327114480.0,21110884640.0,363.2711448,211.1088464,1.22,36.0294,1.9922
600693,东百集团,福建,百货,主板,19931122,20260701,8.17,4.2092,326078238.0,7106644271.0,7099344375.999999,71.06644271,70.99344375999999,1.24,155.2921,1.9694
600697,欧亚集团,吉林,百货,主板,19931206,20260701,9.99,2.7778,40201217.0,1589290119.0000002,1552206240.0,15.892901190000002,15.5220624,1.08,,0.7107
600703,三安光电,湖北,半导体,主板,19960528,20260701,19.84,-6.5033,9571276747.0,98982131008.0,98982131008.0,989.82131008,989.82131008,0.98,,2.8362
600706,曲江文旅,陕西,旅游景点,主板,19960516,20260701,6.95,3.2689,68361421.0,1772665609.9999998,1765509890.0,17.726656099999996,17.6550989,1.46,,3.9497
600711,盛屯矿业,福建,小金属,主板,19960531,20260701,11.0,0.2735,963444319.0,33996727599.999996,33996727599.999996,339.96727599999997,339.96727599999997,0.78,17.3327,1.9451
600718,东软集团,辽宁,软件服务,主板,19960618,20260701,7.39,2.0718,86894967.0,8841683471.0,8841683471.0,88.41683471,88.41683471,1.0,,0.9993
600731,湖南海利,湖南,农药化肥,主板,19960802,20260701,5.28,3.125,36027946.0,2924341200.0,2860084656.0,29.243412,28.60084656,1.02,12.0023,0.9086
600737,中粮糖业,新疆,食品,主板,19960731,20260701,12.89,4.5418,1004835800.0,27569753298.0,27569753298.0,275.69753298,275.69753298,1.63,28.9834,2.3702
600742,富维股份,吉林,汽车配件,主板,19960826,20260701,7.38,1.9337,45114080.0,5483767302.0,5483767302.0,54.83767302,54.83767302,1.18,11.7908,0.643
600746,江苏索普,江苏,化工原料,主板,19960918,20260701,5.41,3.4417,62171057.0,6318030089.0,6318030089.0,63.18030089,63.18030089,1.02,71.484,1.1594
600749,西藏旅游,西藏,旅游景点,主板,19961015,20260701,13.99,2.1168,94365214.0,3175247345.0,3175247345.0,31.75247345,31.75247345,0.99,136.4299,3.0527
600753,ST海钦,福建,商贸代理,主板,19960927,20260701,10.87,-1.3612,19246562.0,2503439264.0,2503439264.0,25.03439264,25.03439264,0.8,68.9452,28.498
600758,辽宁能源,辽宁,煤炭开采,主板,19961029,20260701,3.22,2.2222,166438777.0,4256896028.0,4252793748.0,42.56896028,42.52793748,1.07,,0.7978
600763,通策医疗,浙江,医疗保健,主板,19961030,20260701,35.6,5.0767,436465224.0,15923491960.0,15923491960.0,159.2349196,159.2349196,1.42,31.7235,3.6019
600765,中航重机,贵州,航空,主板,19961106,20260701,13.24,2.4768,326486827.0,20555022586.0,20555022586.0,205.55022586,205.55022586,1.36,33.762,1.4328
600773,西藏城投,西藏,区域地产,主板,19961108,20260701,13.32,3.4965,346708174.0,12675137508.0,12675137508.0,126.75137508,126.75137508,1.03,,2.99
600774,汉商集团,湖北,化学制药,主板,19961108,20260701,6.59,5.2716,43273799.0,1944263516.0,1943260517.9999998,19.44263516,19.432605179999996,1.28,,1.3135
600775,南京熊猫,江苏,通信设备,主板,19961118,20260701,9.69,1.3598,184243620.0,8855095065.0,6510115065.0,88.55095065,65.10115065,0.73,825.1336,2.8464
600787,中储股份,天津,仓储物流,主板,19970121,20260701,4.37,4.5455,165151035.0,9483247852.0,9483247852.0,94.83247852,94.83247852,1.86,17.383,0.6781
600794,保税科技,江苏,仓储物流,主板,19970306,20260701,3.0,5.2632,64967078.0,3600456599.9999995,3600456599.9999995,36.004566,36.004566,2.26,,1.4401
600802,福建水泥,福建,水泥,主板,19940103,20260701,4.27,3.6408,37582651.0,1956720668.0,1956720668.0,19.56720668,19.56720668,1.13,,2.1385
600807,济高发展,山东,医疗保健,主板,19940103,20260701,2.5,6.8376,97082844.0,2211587000.0,1967546250.0,22.11587,19.6754625,2.6,,7.4803
600812,华北制药,河北,化学制药,主板,19940114,20260701,4.46,4.4496,108258951.0,7652157584.000001,7652157584.000001,76.52157584000001,76.52157584000001,1.22,41.8022,1.3788
600817,宇通重工,河南,专用机械,主板,19940128,20260701,8.8,0.0,23481429.0,4703285840.0,4657349840.0,47.0328584,46.5734984,1.26,15.2014,1.8049
600827,百联股份,上海,超市连锁,主板,19940204,20260701,7.51,1.3495,83182036.0,13399102431.0,12049418749.0,133.99102431,120.49418749,1.16,21.2321,0.6511
600835,上海机,上海,运输设备,主板,19940224,20260701,21.0,1.9417,159663083.0,21153188700.0,16936590300.0,211.531887,169.365903,0.97,26.6928,1.4958
600839,四川长虹,四川,家用电器,主板,19940311,20260701,7.0,0.2865,775653362.0,32313709400.0,32304710200.0,323.137094,323.047102,1.1,32.6769,2.0991
600846,同济科技,上海,建筑工程,主板,19940311,20260701,10.54,5.4,117509929.0,6584986210.0,6584986210.0,65.8498621,65.8498621,1.14,24.1706,1.5158
601607,上海医药,上海,医药商业,主板,19940324,20260701,15.65,1.6234,192992699.0,58035862170.0,43651097375.0,580.3586217,436.51097375,0.9,10.1381,0.7508
600855,航天长峰,北京,专用机械,主板,19940425,20260701,14.31,2.8756,158853548.0,6704846037.0,6691924107.0,67.04846037,66.91924107,1.03,,4.7954
600857,宁波中百,浙江,百货,主板,19940425,20260701,21.91,9.99,278312033.0,4914849009.0,4914849009.0,49.14849009,49.14849009,0.68,151.0589,5.5572
600859,王府井,北京,百货,主板,19940506,20260701,9.42,2.6144,187776998.0,10587434730.0,10586460702.0,105.8743473,105.86460702,1.2,,0.5448
600860,京城股份,北京,专用机械,主板,19940506,20260701,8.53,3.5194,73084054.0,4670055580.0,3787668024.0,46.7005558,37.87668024,1.32,,5.6571
600863,华能蒙电,内蒙,火力发电,主板,19940520,20260701,4.85,3.1915,772919097.0,38000669075.0,31655405830.0,380.00669075,316.5540583,0.98,15.2403,1.8176
600866,星湖科技,广东,饲料,主板,19940818,20260701,4.56,3.8724,95231166.0,7576315056.0,5726308008.0,75.76315056,57.26308008,1.21,7.7397,0.927
600872,中炬高新,广东,食品,主板,19950124,20260701,17.66,1.7281,632632882.0,13674024975.999998,13615648080.0,136.74024975999998,136.1564808,2.36,25.4606,2.3018
600880,博瑞传播,四川,广告包装,主板,19951115,20260701,3.85,4.0541,87906848.0,4209328584.9999995,4208166270.0,42.093285849999994,42.0816627,1.2,,1.4021
600881,亚泰集团,吉林,综合类,主板,19951115,20260701,1.56,3.3113,89342600.0,5042155560.0,5042155560.0,50.4215556,50.4215556,0.75,,11.7255
600893,航发动力,陕西,航空,主板,19960408,20260701,37.73,-1.591,1167696830.0,100572872939.0,100555158704.0,1005.72872939,1005.55158704,0.86,158.5502,2.5012
600900,长江电力,北京,水力发电,主板,20031118,20260701,26.64,0.6422,2417436712.0,651833319528.0,651833319528.0,6518.33319528,6518.33319528,0.76,18.8922,2.8601
600963,岳阳林纸,湖南,造纸,主板,20040525,20260701,3.12,2.6316,111277852.0,5483611848.0,5483611848.0,54.83611848,54.83611848,0.92,,0.7211
600969,郴电国际,湖南,水力发电,主板,20040408,20260701,7.69,0.7864,61753401.0,2845688345.0,2845688345.0,28.45688345,28.45688345,0.95,37.2771,0.7817
600985,淮北矿业,安徽,煤炭开采,主板,20040428,20260701,14.61,3.9858,360266042.0,39348509607.0,39348509607.0,393.48509607,393.48509607,1.1,26.128,0.9368
002003,伟星股份,浙江,服饰,主板,20040625,20260701,8.53,1.3064,84874227.3,10141229141.0,8718520677.0,101.41229141,87.18520677,1.36,15.7326,2.1697
002005,ST德豪,安徽,家用电器,主板,20040625,20260701,2.31,5.0,16441267.0,4048101519.0,4047060633.0,40.48101519,40.47060633,0.36,118.7241,12.1732
002007,华兰生物,河南,生物制药,主板,20040625,20260701,12.6,3.3634,205787188.36999997,23003706600.0,19826643060.0,230.037066,198.2664306,1.18,24.4616,1.9627
002011,盾安环境,浙江,家用电器,主板,20040705,20260701,10.73,1.131,169682722.36,11531285700.999998,11370344757.999998,115.31285700999999,113.70344757999997,0.93,10.6976,1.6896
002020,京新药业,浙江,化学制药,主板,20040715,20260701,13.33,6.7254,358784442.4,11477517903.0,9650497439.0,114.77517903,96.50497439,1.44,15.1423,1.8834
002023,海特高新,四川,航空,主板,20040721,20260701,13.48,4.0123,696252495.2099999,9986795496.0,9986795496.0,99.86795496,99.86795496,0.91,,2.6831
002026,山东威达,山东,机械基件,主板,20040727,20260701,10.83,0.2778,64677671.0,4770960477.0,4770548937.0,47.70960477,47.70548937,0.94,18.9203,1.2349
002031,巨轮智能,广东,汽车配件,主板,20040816,20260701,5.73,2.6882,687341164.8000001,12602537361.000002,10965046038.0,126.02537361000002,109.65046038,0.96,,6.4935
002033,丽江股份,云南,旅游景点,主板,20040825,20260701,8.4,1.6949,104239203.68,4615721880.0,4615633680.0,46.1572188,46.1563368,1.13,21.6217,1.7579
002035,华帝股份,广东,家用电器,主板,20040901,20260701,4.59,1.5487,49993754.3,3890730483.0000005,3589553043.0,38.90730483000001,35.89553043,1.33,12.9266,1.0108
002037,保利联合,贵州,化工原料,主板,20040908,20260701,6.34,1.6026,38969586.61,3067822024.0,3067822024.0,30.67822024,30.67822024,1.05,,2.9868
002038,双鹭药业,北京,生物制药,主板,20040909,20260701,6.28,5.9022,499538884.71999997,6451758000.0,5350002964.0,64.51758,53.50002964,1.33,,1.2662
600961,株冶集团,湖南,铅锌,主板,20040830,20260701,35.3,8.9843,3689446788.0,37872406310.0,26538977720.0,378.7240631,265.3897772,1.09,33.6575,7.4944
600962,国投中鲁,北京,软饮料,主板,20040622,20260701,29.35,-2.7179,931906019.0,7695863500.0,7695863500.0,76.958635,76.958635,1.5,188.0642,8.1266
600965,*ST福成,河北,农业综合,主板,20040713,20260701,2.68,5.098,18865832.0,2194118680.0,2194118680.0,21.9411868,21.9411868,1.08,38.5325,0.9972
600971,恒源煤电,安徽,煤炭开采,主板,20040817,20260701,7.14,3.4783,93971809.0,8568034986.000001,8568034986.000001,85.68034986,85.68034986,0.88,,0.7216
600981,苏豪汇鸿,江苏,商贸代理,主板,20040630,20260701,2.31,2.6667,73574346.0,5180020692.0,5180020692.0,51.80020692,51.80020692,0.95,327.1953,1.04
600984,建设机械,陕西,工程机械,主板,20040707,20260701,3.76,0.5348,132067772.99999999,4726485064.0,4726485064.0,47.26485064,47.26485064,0.77,,2.6421
002041,登海种业,山东,种植业,主板,20050418,20260701,8.08,2.6684,111440580.24,7110400000.0,7110400000.0,71.104,71.104,1.14,77.5793,1.9246
002044,美年健康,浙江,医疗保健,主板,20050518,20260701,5.09,1.1928,554486223.79,19923552351.0,19719818484.0,199.23552351,197.19818484,1.08,69.8271,2.5243
002046,国机精工,河南,机械基件,主板,20050526,20260701,70.45,-4.3449,1291362496.24,37774648905.0,37351040100.0,377.74648905,373.510401,0.56,145.0958,8.6604
002055,ST得润,深圳,元器件,主板,20060725,20260701,6.45,2.381,152701497.0,3898960500.0,3831235500.0,38.989605,38.312355,1.32,,2.8762
002058,威尔泰,上海,电气设备,主板,20060802,20260701,20.4,1.3413,65845608.980000004,2926345320.0,2919403200.0,29.2634532,29.194032,1.37,14.5017,46.1909
002061,浙江交科,浙江,建筑工程,主板,20060816,20260701,3.35,1.5152,54458287.510000005,8958903325.0,8707111965.0,89.58903325,87.07111965,1.13,9.2903,0.5588
002066,瑞泰科技,北京,其他建材,主板,20060823,20260701,20.38,-2.1603,93429451.5,4787404660.0,4707780000.0,47.8740466,47.0778,0.57,,7.6945
601111,中国国航,北京,空运,主板,20060818,20260701,6.24,3.1405,784649977.0,127873580826.99998,72621803118.0,1278.7358082699998,726.21803118,0.94,,2.907
300271,华宇软件,北京,软件服务,创业板,20111026,20260701,4.96,2.9046,71771713.07,4026829072.0,3940052880.0,40.26829072,39.4005288,1.22,,1.14
002279,久其软件,北京,软件服务,主板,20090811,20260701,5.86,2.4476,139219440.0,5052532434.0,4661625898.0,50.52532434,46.61625898,1.03,112.9202,3.6182
002072,凯瑞德,湖北,商贸代理,主板,20061018,20260701,8.19,-0.122,115538370.48,3011299200.0,3010085442.0,30.112992,30.10085442,0.77,,13.0311
002073,软控股份,山东,专用机械,主板,20061018,20260701,5.3,3.1128,98161161.92,5429232020.000001,5374257770.0,54.292320200000006,53.7425777,1.2,13.4688,0.8521
002076,星光股份,广东,家用电器,主板,20061025,20260701,2.34,7.3394,232482353.23000002,2595351330.0,2438912268.0,25.9535133,24.38912268,1.62,,8.5249
601398,工商银行,北京,银行,主板,20061027,20260701,7.06,-0.1414,2315654026.0,2516228175126.0,1903462220250.0,25162.28175126,19034.6222025,0.81,6.8272,0.6382
002077,大港股份,江苏,半导体,主板,20061116,20260701,18.89,-2.0736,1062425305.6399999,10962783165.0,10962783165.0,109.62783165,109.62783165,1.13,206.302,3.2393
002084,海鸥住工,广东,家居用品,主板,20061124,20260701,3.62,4.023,76592447.81,2338723082.0,2333239506.0,23.38723082,23.33239506,1.17,,1.8055
002088,鲁阳节能,山东,矿物制品,主板,20061130,20260701,7.78,0.7772,23971302.51,3964930736.0,3936404588.0,39.64930736,39.36404588,0.66,92.4158,1.5659
002093,国脉科技,福建,文教休闲,主板,20061215,20260701,6.48,2.8571,102476592.32,6528600000.0,6528600000.0,65.286,65.286,1.28,36.9518,1.6994
002099,海翔药业,浙江,化学制药,主板,20061226,20260701,5.43,2.8409,158372671.64,8789623824.0,8779458864.0,87.89623824,87.79458864,1.1,,1.7789
002100,天康生物,新疆,饲料,主板,20061226,20260701,6.56,3.962,217590660.42,8956049840.0,8956049840.0,89.5604984,89.5604984,1.25,42.5193,1.3057
002098,浔兴股份,福建,服饰,主板,20061222,20260701,6.58,2.8125,29351926.4,2355640000.0,2355640000.0,23.5564,23.5564,1.17,11.4439,1.5486
600782,新钢股份,江西,普钢,主板,19961225,20260701,2.56,3.2258,141881830.0,8151096576.0,8052869375.999999,81.51096576,80.52869376,1.28,183.3762,0.3209
600783,鲁信创投,山东,专用机械,主板,19961225,20260701,21.91,9.99,1045738731.0,16308912263.0,16308912263.0,163.08912263,163.08912263,1.72,113.0496,3.7055
600795,国电电力,辽宁,火力发电,主板,19970318,20260701,4.66,-0.2141,520564915.0,83113985006.0,83113985006.0,831.13985006,831.13985006,0.88,11.6058,1.3607
600796,钱江生化,浙江,环境保护,主板,19970408,20260701,4.74,2.1552,33890085.0,4107616692.0,1476405246.0,41.07616692,14.76405246,0.67,24.6904,1.1815
600800,渤海化学,天津,化工原料,主板,19931206,20260701,3.24,0.3096,82354753.0,3596546448.0,3595525848.0,35.96546448,35.95525848,0.98,,3.6751
600803,新奥股份,河北,供气供热,主板,19940103,20260701,16.26,2.9114,164505709.0,50337465725.99999,49946276142.0,503.37465725999994,499.46276142,1.29,10.7528,2.0804
600808,马钢股份,安徽,普钢,主板,19940106,20260701,2.55,2.0,153575952.0,19636737060.0,15217765560.000002,196.3673706,152.1776556,1.07,,0.8159
600810,神马股份,河南,化纤,主板,19940106,20260701,6.24,1.1345,117340945.0,6805213010.0,6743898770.0,68.0521301,67.4389877,0.72,,0.9539
600818,ST中路,上海,文教休闲,主板,19940128,20260701,5.91,-0.1689,37633104.0,1899757089.0,1406331189.0,18.99757089,14.06331189,0.95,,3.8033
600819,耀皮玻璃,上海,玻璃,主板,19940128,20260701,5.99,-6.1129,152753078.0,5850775029.0,4477022439.0,58.50775029,44.77022439,1.97,43.1413,1.5103
600830,香溢融通,浙江,多元金融,主板,19940224,20260701,8.12,1.8821,50058228.0,3689100324.0000005,3689100324.0000005,36.89100324,36.89100324,0.98,45.9382,1.6285
600831,广电网络,陕西,影视音像,主板,19940224,20260701,3.06,2.3411,37940062.0,2175497820.0,2175497820.0,21.7549782,21.7549782,0.85,,6.1387
600833,第一医药,上海,医药商业,主板,19940224,20260701,9.37,3.8803,37775325.0,2090318630.9999998,2090318630.9999998,20.90318631,20.90318631,1.25,36.1977,1.769
600838,上海九百,上海,百货,主板,19940224,20260701,7.37,3.0769,75430352.0,2954500340.0,2954500340.0,29.5450034,29.5450034,1.24,65.1766,1.9141
600841,动力新科,上海,汽车配件,主板,19940311,20260701,6.25,2.459,81510225.0,8673886250.0,6518903125.0,86.7388625,65.18903125,1.19,3.0202,1.3511
600843,上工申贝,上海,纺织机械,主板,19940311,20260701,8.95,4.0698,247513476.0,6382840175.0,4199543165.0,63.82840175,41.99543165,1.03,,2.353
600844,金煤科技,内蒙,化工原料,主板,19940311,20260701,2.52,4.1322,80431988.0,2561640984.0,2073281112.0000002,25.61640984,20.73281112,1.31,,48.8885
600847,万里股份,重庆,电气设备,主板,19940324,20260701,13.73,1.7791,47817095.0,2104636001.9999998,2104636001.9999998,21.046360019999998,21.046360019999998,1.23,,4.392
600850,电科数字,上海,软件服务,主板,19940324,20260701,15.01,3.0907,179547694.0,12251739885.0,12251739885.0,122.51739885,122.51739885,1.08,37.2609,2.4956
600862,中航高科,江苏,航空,主板,19940520,20260701,18.01,-0.1109,333355624.0,25088814291.0,25088814291.0,250.88814291,250.88814291,1.05,24.3386,3.1638
600864,哈投股份,黑龙江,证券,主板,19940809,20260701,5.46,5.2023,267459289.0,11359914930.0,11359914930.0,113.5991493,113.5991493,1.49,32.6685,0.8806
600865,百大集团,浙江,百货,主板,19940809,20260701,8.45,3.1746,71309901.0,3179230535.0,3179230535.0,31.79230535,31.79230535,1.23,319.3346,1.3757
600875,东方电气,四川,电气设备,主板,19951010,20260701,28.9,0.4519,1974776271.0,99946612670.00002,65411294740.00001,999.4661267000001,654.1129474,1.09,26.0869,2.1318
600877,电科芯片,重庆,半导体,主板,19951013,20260701,17.56,2.5102,959994188.0,20792084820.0,20792084820.0,207.9208482,207.9208482,0.94,477.9019,8.3054
600883,博闻科技,云南,种植业,主板,19951208,20260701,7.19,2.7143,33971427.0,1697472720.0,1697472720.0,16.9747272,16.9747272,0.88,70.7804,1.728
600884,杉杉股份,浙江,电气设备,主板,19960130,20260701,13.55,0.0,959214402.0,30479543440.0,24865736434.999996,304.7954344,248.65736434999997,1.04,66.5614,1.3539
600885,宏发股份,湖北,电气设备,主板,19960205,20260701,37.94,10.0029,1190434967.0,58715727742.0,58715727742.0,587.15727742,587.15727742,1.89,33.4081,4.4848
600892,大晟文化,深圳,互联网,主板,19960315,20260701,3.61,0.838,110602099.0,2019665762.0,2019143395.0,20.19665762,20.19143395,3.82,,230.2854
600960,渤海汽车,山东,汽车配件,主板,20040407,20260701,4.13,2.4814,103851591.0,3925629015.0,3925629015.0,39.25629015,39.25629015,0.86,23.4545,1.1147
600966,博汇纸业,山东,造纸,主板,20040608,20260701,4.88,2.0921,75561152.0,6523800183.999999,6523800183.999999,65.23800184,65.23800184,1.28,41.9566,0.8722
600976,健民集团,湖北,中成药,主板,20040419,20260701,26.19,5.1385,104444079.0,4017509334.0,4014890334.0,40.17509334,40.14890334,1.25,11.1647,1.464
600988,赤峰黄金,内蒙,黄金,主板,20040414,20260701,25.81,-1.9377,1270700341.0,49049613072.0,42945553234.0,490.49613072,429.45553234,0.82,15.913,3.4327
600992,贵绳股份,贵州,钢加工,主板,20040514,20260701,8.76,1.6241,55434148.0,2146988400.0,2146988400.0,21.469884,21.469884,1.13,71.708,1.5021
600993,马应龙,湖北,中成药,主板,20040517,20260701,22.24,2.8677,108183332.0,9586638736.0,9570027680.0,95.86638736,95.7002768,0.93,16.4863,2.0876
002017,东信和平,广东,通信设备,主板,20040713,20260701,14.63,0.0,159148742.93,8491718697.0,8486656716.999999,84.91718697,84.86656717,0.97,52.0531,4.5438
002004,华邦健康,重庆,农药化肥,主板,20040625,20260701,4.03,2.5445,75017370.46000001,7979074375.999999,7589789272.0,79.79074375999998,75.89789272,0.96,11.1879,0.7675
002012,凯恩股份,浙江,造纸,主板,20040705,20260701,6.51,1.5601,139344618.95999998,3044242005.0,3044242005.0,30.44242005,30.44242005,1.09,96.0382,1.9503
002015,协鑫能科,江苏,新型电力,主板,20040708,20260701,16.8,2.9412,1479205401.1599998,27271853280.000004,27271853280.000004,272.71853280000005,272.71853280000005,0.79,67.4737,2.2561
002016,世荣兆业,广东,区域地产,主板,20040708,20260701,4.08,2.0,46059932.0,3301110048.0,3301110048.0,33.01110048,33.01110048,0.85,24.0284,0.6691
002030,达安基因,广东,医疗保健,主板,20040809,20260701,5.21,3.373,121727851.8,7311953660.0,7311953660.0,73.1195366,73.1195366,0.92,,1.0387
600022,山东钢铁,山东,普钢,主板,20040629,20260701,1.27,2.4194,117646336.0,13587538992.000002,13587538992.000002,135.87538992000003,135.87538992000003,1.35,128.2509,0.7223
600973,宝胜股份,江苏,电气设备,主板,20040802,20260701,7.13,0.5642,435068464.0,9777841006.0,9777841006.0,97.77841006,97.77841006,0.75,,2.8879
600983,惠而浦,安徽,家用电器,主板,20040727,20260701,7.13,2.886,20624162.0,5464710070.0,5464710070.0,54.6471007,54.6471007,1.04,10.5147,1.7783
600987,航民股份,浙江,纺织,主板,20040809,20260701,6.17,1.9835,44970209.0,6298452613.0,6298452613.0,62.98452613,62.98452613,1.19,8.5714,0.9213
600027,华电国际,山东,火力发电,主板,20050203,20260701,4.58,2.9213,467120625.0,53181925835.99999,42207802034.0,531.8192583599999,422.07802034,1.16,8.761,1.0638
002042,华孚时尚,安徽,纺织,主板,20050427,20260701,3.63,6.4516,219886170.2,6173473482.0,6173473482.0,61.73473482,61.73473482,1.87,107.5541,1.0448
300150,世纪瑞尔,北京,软件服务,创业板,20101222,20260701,4.1,3.2746,43869222.0,2398934600.0,1901019120.0,23.989346,19.0101912,0.89,46.5754,1.5252
002057,中钢天源,安徽,矿物制品,主板,20060802,20260701,12.69,2.0917,548566565.59,9566784153.0,9559553391.0,95.66784153,95.59553391,0.89,54.279,2.9316
002059,云南旅游,云南,旅游景点,主板,20060810,20260701,4.3,0.939,33918580.08,4353470070.0,4227098229.9999995,43.5347007,42.27098229999999,1.13,,4.1154
002060,广东建工,广东,建筑工程,主板,20060810,20260701,3.07,1.3201,49193580.0,11525987431.0,4797841129.0,115.25987431,47.97841129,1.17,10.3942,0.7955
002065,东华软件,北京,软件服务,主板,20060823,20260701,7.16,0.2801,298785090.54,22951253268.0,20820718656.0,229.51253268,208.20718656,1.02,48.0865,1.8535
002068,黑猫股份,江西,化工原料,主板,20060915,20260701,15.31,1.8629,914908403.04,11258135012.0,11252533083.0,112.58135012,112.52533083,0.62,,4.8274
002069,獐子岛,辽宁,渔业,主板,20060928,20260701,3.05,3.7415,36058624.0,2168892210.0,2166159410.0,21.6889221,21.6615941,1.28,,79.0015
600017,日照港,山东,港口,主板,20061017,20260701,2.57,2.8,71686580.0,7904430523.0,7904430523.0,79.04430523,79.04430523,1.12,15.9766,0.5621
002074,国轩高科,安徽,电气设备,主板,20061018,20260701,27.34,-0.618,894181018.0799999,49600803616.00001,47468613554.99999,496.0080361600001,474.6861355499999,1.07,20.8121,1.7145
002075,沙钢股份,江苏,特种钢,主板,20061025,20260701,3.49,2.6471,116358260.37,7656450646.0,7656438431.000001,76.56450646,76.56438431000001,1.15,28.6305,1.1565
600018,上港集团,上海,港口,主板,20061026,20260701,4.81,1.9068,258973912.0,111976610486.0,111816715504.0,1119.76610486,1118.16715504,1.06,8.2551,0.7708
002080,中材科技,江苏,玻璃,主板,20061120,20260701,88.7,-1.4444,4064990245.5299997,148849563320.0,148849563320.0,1488.4956332,1488.4956332,0.66,81.8855,7.2791
002086,东方海洋,山东,渔业,主板,20061128,20260701,1.73,5.4878,86611362.11,3388977444.9999995,2735623223.0,33.88977445,27.35623223,1.74,,2.6725
601991,大唐发电,北京,火力发电,主板,20061220,20260701,7.79,10.0282,5206494707.0,144167274795.0,96565534089.0,1441.67274795,965.65534089,1.06,19.5183,3.9149
002095,生意宝,浙江,互联网,主板,20061215,20260701,13.22,3.2813,58484144.099999994,3340958400.0000005,3327585048.0,33.409584,33.27585048,1.23,,3.8123
002094,青岛金王,山东,日用化工,主板,20061215,20260701,4.46,1.8265,94496812.0,3081402849.9999995,3079422610.0,30.814028499999996,30.7942261,1.33,145.4258,2.0875
601333,广深铁路,深圳,铁路,主板,20061222,20260701,2.83,2.9091,180312244.0,20046409710.0,15995830710.0,200.4640971,159.9583071,1.28,14.0599,0.6928
002110,三钢闽光,福建,普钢,主板,20070126,20260701,3.01,4.5139,108537553.0,7311519362.0,7311519362.0,73.11519362,73.11519362,1.67,269.8453,0.3774
601628,中国人寿,北京,保险,主板,20070109,20260701,38.78,9.703,3088129039.0,1096105259900.0,807536493400.0,10961.052599,8075.364934,1.93,7.114,1.8322
002111,威海广泰,山东,航空,主板,20070126,20260701,9.15,1.6667,87848323.81,4867901126.0,4472077113.0,48.67901126,44.72077113,1.07,37.7269,1.5761
002119,康强电子,浙江,半导体,主板,20070302,20260701,40.2,0.7014,3618905267.32,15086416800.0,15086416800.0,150.864168,150.864168,1.03,129.5299,10.7244
002127,南极电商,江苏,互联网,主板,20070418,20260701,2.75,0.365,100164188.64999999,6750893600.0,5485513824.999999,67.508936,54.85513824999999,1.09,,1.7335
002131,利欧股份,浙江,互联网,主板,20070427,20260701,4.76,0.2105,1251993642.53,32233666612.0,27868840860.0,322.33666612,278.6884086,0.96,955.2314,2.4984
002134,天津普林,天津,元器件,主板,20070516,20260701,29.84,-1.9066,522526646.39,7393107135.0,7388333421.0,73.93107135,73.88333421,0.97,1551.6649,14.4248
601998,中信银行,北京,银行,主板,20070427,20260701,6.88,-0.7215,524746655.99999994,382838716624.0,280449435184.0,3828.38716624,2804.49435184,1.03,5.4213,0.5154
002139,拓邦股份,深圳,元器件,主板,20070629,20260701,9.68,1.6807,244911510.84,12069361832.0,10368149264.0,120.69361832,103.68149264,1.15,33.1692,1.7243
002137,实益达,深圳,元器件,主板,20070613,20260701,10.77,-6.3478,828483067.69,6219727773.0,4269853737.0,62.19727773,42.69853737,0.95,144.278,4.0459
002159,三特索道,湖北,旅游服务,主板,20070817,20260701,12.81,3.557,55574948.0,2271230934.0,1773834006.0,22.71230934,17.73834006,0.82,15.8444,1.5344
002158,汉钟精机,上海,工程机械,主板,20070817,20260701,36.42,-1.7799,1223483949.1699998,19474651722.0,19432502856.0,194.74651722,194.32502856,1.22,41.5468,4.3656
002163,海南发展,深圳,装修装饰,主板,20070823,20260701,8.59,2.9976,207779908.39999998,7258188361.0,6902485050.999999,72.58188361,69.02485051,1.31,,12.2095
002171,楚江新材,安徽,铜,主板,20070921,20260701,13.99,3.0951,2088629980.05,22704901220.999996,22576243585.0,227.04901220999997,225.76243585,0.98,59.2507,2.5492
601808,中海油服,天津,石油开采,主板,20070928,20260701,10.84,0.2775,171767801.0,51724057280.0,32091473120.0,517.2405728,320.9147312,0.96,13.4637,1.0887
002183,怡亚通,深圳,仓储物流,主板,20071113,20260701,5.43,1.8762,638181162.6999999,14101759413.0,14101677963.0,141.01759413,141.01677963,0.99,,1.556
601857,中国石油,北京,石油开采,主板,20071105,20260701,8.73,0.576,1089726800.0,1597773136194.0,1413579739194.0,15977.73136194,14135.79739194,0.72,10.1574,0.9835
002193,ST如意,山东,纺织,主板,20071207,20260701,4.34,5.0847,4329243.0,1135845704.0,1135839194.0,11.35845704,11.35839194,0.23,,4.2181
002191,劲嘉股份,深圳,广告包装,主板,20071205,20260701,3.99,2.046,125670015.0,5641775412.0,5596834845.0,56.41775412,55.96834845,0.62,,0.9063
002198,ST嘉应,广东,中成药,主板,20071218,20260701,3.18,4.9505,30670174.0,1613881482.0,1613787036.0,16.13881482,16.13787036,1.06,52.9533,2.2096
601999,出版传媒,辽宁,出版业,主板,20071221,20260701,5.68,2.8986,32877317.000000004,3129195496.0000005,3129195496.0000005,31.291954960000005,31.291954960000005,1.43,29.7936,1.1654
002211,ST宏达,上海,橡胶,主板,20080201,20260701,4.05,3.3163,47421386.0,1751526990.0,1751526990.0,17.5152699,17.5152699,1.14,,36.2835
002217,ST合力泰,福建,元器件,主板,20080220,20260701,1.77,-4.8387,54588393.0,13238536053.0,12884400648.0,132.38536053,128.84400648,4.85,582.5985,7.0739
002223,鱼跃医疗,江苏,医疗保健,主板,20080418,20260701,26.08,1.6368,344414038.17999995,26144598308.0,24575009759.999996,261.44598308,245.75009759999998,0.94,17.6439,1.9154
002253,川大智胜,四川,软件服务,主板,20080623,20260701,10.15,2.5253,99016705.0,2290104915.0,2130982349.9999998,22.90104915,21.309823499999997,1.06,,2.7002
002246,北化股份,四川,化工原料,主板,20080605,20260701,19.19,2.0745,294938877.76,10535977812.0,10535977812.0,105.35977812,105.35977812,1.0,40.0572,3.3679
002265,建设工业,云南,专用机械,主板,20080806,20260701,17.66,1.4943,192398324.98000002,18243493464.0,18243493464.0,182.43493464,182.43493464,1.45,78.3984,4.6784
002247,聚力文化,浙江,其他建材,主板,20080612,20260701,2.19,3.7915,69365647.7,1863405519.0,1409354132.9999998,18.63405519,14.093541329999997,1.38,38.595,2.7712
002239,奥特佳,江苏,汽车配件,主板,20080522,20260701,2.52,2.0243,160879296.70000002,8857923228.0,6759561311.999999,88.57923228,67.59561312,0.81,45.4379,1.5341
002238,天威视讯,深圳,影视音像,主板,20080526,20260701,5.51,2.037,30625985.17,4422101192.0,4422101192.0,44.22101192,44.22101192,0.92,,2.267
002241,歌尔股份,山东,元器件,主板,20080522,20260701,22.32,-0.9321,1708347031.8,79244566416.0,70156355688.0,792.44566416,701.56355688,0.71,20.1112,2.1202
002251,步步高,湖南,超市连锁,主板,20080619,20260701,3.59,6.213,729036358.06,9652431923.0,7727374839.0,96.52431923,77.27374839,1.59,85.5598,1.1361
002250,联化科技,浙江,化工原料,主板,20080619,20260701,14.1,3.1456,240928651.81,12688213529.999998,12619158780.0,126.88213529999999,126.1915878,0.76,35.0557,1.8564
002267,陕天然气,陕西,供气供热,主板,20080813,20260701,6.59,0.7645,46282269.82,7328576886.0,7328576886.0,73.28576886,73.28576886,1.28,12.5505,1.044
002272,川润股份,四川,机械基件,主板,20080919,20260701,23.81,-2.9352,1880184539.29,11544928513.0,9717649111.0,115.44928513,97.17649111,1.27,,7.9122
601107,四川成渝,四川,路桥,主板,20090727,20260701,5.12,4.918,88106309.0,15657267200.0,11073228799.999998,156.572672,110.73228799999998,1.51,10.3474,0.9019
002283,天润工业,山东,汽车配件,主板,20090821,20260701,9.64,-0.1036,315914798.1,10984366444.000002,9667247460.0,109.84366444000003,96.6724746,0.98,29.8639,1.7591
002277,友阿股份,湖南,百货,主板,20090717,20260701,6.48,10.017,271782479.60999995,9034239744.0,9034239744.0,90.34239744,90.34239744,1.31,,1.4131
002281,光迅科技,湖北,通信设备,主板,20090821,20260701,242.43,-5.6472,12235993193.9,200626592162.00003,189216215475.0,2006.2659216200002,1892.16215475,0.92,212.007,19.4022
002291,遥望科技,广东,广告包装,主板,20090903,20260701,4.92,2.5,130103851.8,4600841568.0,4276096476.0000005,46.00841568,42.76096476000001,1.12,,1.5464
600999,招商证券,深圳,证券,主板,20091117,20260701,22.94,8.7204,5463139371.0,199498324792.00003,170260801582.0,1994.9832479200004,1702.60801582,1.42,16.1543,1.6047
300002,神州泰岳,北京,互联网,创业板,20091030,20260701,7.87,0.7682,605146516.25,15481658325.0,14567756047.0,154.81658325,145.67756047,0.97,19.3157,1.981
002446,盛路通信,广东,通信设备,主板,20100713,20260701,11.18,4.0968,1250280045.69,10234347526.0,9478150214.0,102.34347526,94.78150214,1.92,146.9832,4.0209
002299,圣农发展,福建,农业综合,主板,20091021,20260701,15.95,5.2111,351190513.18,19822186285.0,19436665215.0,198.22186285,194.36665215,2.55,14.3633,1.7277
002301,齐心集团,深圳,文教休闲,主板,20091021,20260701,7.73,6.9156,203448643.06,5596581067.0,5550064246.0,55.96581067,55.50064246,1.25,69.3876,1.7932
002365,永安药业,湖北,化学制药,主板,20100305,20260701,10.62,4.9407,123748595.46,3129528150.0,2604963870.0,31.2952815,26.0496387,0.97,139.1308,1.5683
002315,焦点科技,江苏,互联网,主板,20091209,20260701,23.97,2.9639,177853282.70000002,9885388599.0,6302031801.0,98.85388599,63.02031801,1.19,19.6304,3.4359
600778,友好集团,新疆,百货,主板,19961203,20260701,5.07,3.681,44104672.0,1579261398.0,1577859543.0000002,15.79261398,15.778595430000003,0.86,119.4493,6.2477
600792,云煤能源,云南,焦炭加工,主板,19970123,20260701,3.24,2.2082,74371269.0,3596152464.0,3596152464.0,35.96152464,35.96152464,1.11,,1.4737
600793,宜宾纸业,四川,造纸,主板,19970220,20260701,13.23,9.9751,104958899.0,2340439920.0,2340439920.0,23.4043992,23.4043992,1.19,85.6044,10.3298
600797,浙大网新,浙江,软件服务,主板,19970418,20260701,6.58,2.8125,175168553.0,6761123712.000001,6761123712.000001,67.61123712000001,67.61123712000001,1.08,,2.0423
600798,宁波海运,浙江,水运,主板,19970423,20260701,3.12,0.3215,71991400.0,3764386704.0,3764386704.0,37.64386704,37.64386704,1.06,137.4928,0.9532
600814,杭州解百,浙江,百货,主板,19940114,20260701,6.28,2.9508,37935772.0,4616293608.0,4616293608.0,46.16293608,46.16293608,1.16,20.5655,1.2062
600815,厦工股份,福建,工程机械,主板,19940128,20260701,2.63,2.3346,119957926.0,4665868535.0,4665868535.0,46.65868535,46.65868535,0.93,,3.2093
600821,金开新能,天津,新型电力,主板,19940128,20260701,6.28,0.48,476221934.0,12354801000.0,12354801000.0,123.54801,123.54801,0.79,122.0123,1.3704
600824,益民集团,上海,百货,主板,19940204,20260701,3.41,3.6474,35168495.0,3594232411.0,3594232411.0,35.94232411,35.94232411,1.33,29.5572,1.4188
600826,兰生股份,上海,文教休闲,主板,19940204,20260701,9.67,10.0114,144139462.0,7112608945.000001,7112608945.000001,71.12608945000001,71.12608945000001,1.87,21.8352,1.6401
600834,申通地铁,上海,公共交通,主板,19940224,20260701,6.72,2.1277,14375781.0,3208006368.0,3208006368.0,32.08006368,32.08006368,1.15,59.1624,1.8407
600845,宝信软件,上海,软件服务,主板,19940311,20260701,18.29,9.982,357177680.0,52271065989.0,39031851318.0,522.71065989,390.31851318,1.16,40.0541,4.5763
600848,上海临港,上海,园区开发,主板,19940324,20260701,7.6,1.4686,69085924.0,19170901200.0,18193733480.0,191.709012,181.9373348,1.12,19.7829,1.1427
600867,通化东宝,吉林,生物制药,主板,19940824,20260701,8.3,3.2338,424827327.0,16255905240.0,16255905240.0,162.5590524,162.5590524,1.11,13.3349,2.2454
600871,石化油服,北京,石油开采,主板,19950411,20260701,2.08,2.4631,245141080.0,39430655264.0,28177785792.0,394.30655264,281.77785792,1.09,59.8485,4.102
600873,梅花生物,西藏,食品,主板,19950217,20260701,7.5,2.0408,177742968.0,21031812750.0,21031812750.0,210.3181275,210.3181275,0.79,6.4104,1.2811
600874,创业环保,天津,环境保护,主板,19950630,20260701,5.44,1.4925,32038703.0,8543074464.0,6693474464.0,85.43074464,66.93474464,0.83,9.9067,0.8109
600889,*ST京化,江苏,机械基件,主板,19960308,20260701,15.81,1.9342,54571703.0,9273976833.0,5791930260.0,92.73976833,57.9193026,1.38,,8.2875
600895,张江高科,上海,园区开发,主板,19960422,20260701,37.74,1.3154,2784028808.0,58447545504.0,58447545504.0,584.47545504,584.47545504,1.32,59.2701,4.2765
600975,新五丰,湖南,农业综合,主板,20040609,20260701,4.74,9.9768,128451596.0,5923396458.000001,5923396458.000001,59.23396458000001,59.23396458000001,2.14,,3.3156
600986,浙文互联,浙江,互联网,主板,20040426,20260701,7.08,1.4327,391635978.0,10530608628.0,10530608628.0,105.30608628,105.30608628,1.05,123.1312,2.041
600990,四创电子,安徽,通信设备,主板,20040510,20260701,17.88,1.418,95587506.0,4846397244.0,4809947076.0,48.46397244,48.09947076,1.16,,3.1327
600995,南网储能,云南,水力发电,主板,20040615,20260701,12.32,0.1626,223274475.0,39374791456.0,39374791456.0,393.74791456,393.74791456,0.92,23.3194,1.7047
002006,精工科技,浙江,专用机械,主板,20040625,20260701,15.87,7.8858,331968563.28000003,8249121258.0,8249121258.0,82.49121258,82.49121258,1.85,44.4696,3.2995
002008,大族激光,深圳,专用机械,主板,20040625,20260701,137.98,-8.0807,11409824783.9,142064677132.0,132009246652.0,1420.64677132,1320.09246652,0.74,119.4138,6.8736
002009,天奇股份,江苏,工程机械,主板,20040629,20260701,20.98,1.4507,741582341.83,8438852536.000001,7427918648.0,84.38852536,74.27918648,1.8,154.3234,4.1098
002010,传化智联,浙江,仓储物流,主板,20040629,20260701,4.58,2.4609,125677784.49000001,12659261521.999998,12628548500.0,126.59261521999998,126.285485,1.4,21.469,0.6971
002029,七匹狼,福建,服饰,主板,20040806,20260701,7.81,2.2251,122579186.79,5506234316.0,5196820860.0,55.06234316,51.9682086,0.9,16.5524,0.8106
002032,苏泊尔,浙江,家用电器,主板,20040817,20260701,40.47,2.197,69511022.89999999,32369856654.0,32355121527.0,323.69856654,323.55121527,1.11,15.4383,4.7691
600143,金发科技,广东,塑料,主板,20040623,20260701,15.29,-1.0356,678433162.0,40874731007.0,40286489540.0,408.74731007,402.8648954,1.0,35.5471,2.0719
600482,中国动力,河北,船舶,主板,20040714,20260701,33.08,0.8537,1288136471.0,75033590912.0,75033590912.0,750.33590912,750.33590912,0.96,57.6788,1.8344
600979,广安爱众,四川,水力发电,主板,20040906,20260701,4.08,4.3478,155003448.0,5147560560.0,5066080920.0,51.4756056,50.6608092,1.11,,1.2398
600982,宁波能源,浙江,供气供热,主板,20040706,20260701,4.9,2.9412,137432462.0,5476374750.0,5476374750.0,54.7637475,54.7637475,0.96,15.7413,1.2002
002040,南京港,江苏,港口,主板,20050325,20260701,7.68,3.0872,60049197.099999994,3747432192.0,3733059072.0,37.47432192,37.33059072,0.71,20.2803,1.0798
002045,国光电器,广东,元器件,主板,20050523,20260701,8.06,2.6752,154528084.92,4533614592.0,4527502694.0,45.33614592,45.27502694,1.14,,1.0704
002053,云南能投,云南,新型电力,主板,20060627,20260701,10.81,9.9695,237735035.46,9953084814.0,9953014549.0,99.53084814,99.53014549,1.59,42.121,1.3052
002054,德美化工,广东,染料涂料,主板,20060725,20260701,6.88,3.4586,94046306.0,3316953952.0000005,2642004624.0,33.16953952000001,26.42004624,0.75,28.0661,1.2674
002056,横店东磁,浙江,电气设备,主板,20060802,20260701,30.76,0.9186,2476427170.94,50037664196.0,49985972016.0,500.37664196,499.85972016,0.86,27.0302,4.5409
002063,远光软件,广东,软件服务,主板,20060823,20260701,5.18,1.5686,140118144.26999998,9922149622.0,9164259678.0,99.22149622,91.64259678,1.04,33.0671,2.4861
002064,华峰化学,浙江,化纤,主板,20060823,20260701,10.15,6.9547,733488845.1999999,50369820585.0,50262704590.0,503.69820585,502.6270459,1.26,27.1162,1.8019
601699,潞安环能,山西,煤炭开采,主板,20060922,20260701,14.42,0.9804,407693082.0,43136120664.0,43136120664.0,431.36120664,431.36120664,0.88,38.6817,0.9306
601588,北辰实业,北京,区域地产,主板,20061016,20260701,1.66,3.75,66274993.0,5589253199.999999,4415600000.0,55.89253199999999,44.156,0.92,,0.8531
002079,苏州固锝,江苏,电气设备,主板,20061116,20260701,14.6,-2.8609,1056872430.2,13263806876.0,11839626983.0,132.63806876,118.39626983,1.06,180.6111,4.146
002078,太阳纸业,山东,造纸,主板,20061116,20260701,12.4,-0.7206,252896077.51999998,34652235240.0,34439195800.0,346.5223524,344.391958,0.7,10.6602,1.1096
002082,ST万邦,浙江,中成药,主板,20061120,20260701,11.0,4.5627,167862684.0,6728580100.0,6246324700.0,67.285801,62.463247,1.21,,2.5763
601666,平煤股份,河南,煤炭开采,主板,20061123,20260701,7.62,6.5734,380870878.0,18816562062.0,18816562062.0,188.16562062,188.16562062,1.34,81.3471,0.8609
002083,孚日股份,山东,纺织,主板,20061124,20260701,11.2,6.7684,839680394.07,10602356934.0,10602356934.0,106.02356934,106.02356934,0.78,24.7471,2.1706
002085,万丰奥威,浙江,汽车配件,主板,20061128,20260701,11.04,-0.4509,410225758.88,23441204400.0,23441204400.0,234.412044,234.412044,0.8,23.7448,3.0691
601872,招商轮船,上海,水运,主板,20061201,20260701,16.87,-3.9841,2738584484.0,136217464495.0,136217464495.0,1362.17464495,1362.17464495,0.84,22.6572,3.0229
002091,江苏国泰,江苏,商贸代理,主板,20061208,20260701,7.24,0.1383,97667663.51,11784710900.0,11570951348.000002,117.847109,115.70951348000001,1.16,9.1078,0.7362
002102,ST能特,湖北,化学制药,主板,20061229,20260701,2.25,5.1402,39488765.0,5570160300.0,4888820250.0,55.701603,48.8882025,1.01,22.4194,1.7968
002101,广东鸿图,广东,汽车配件,主板,20061229,20260701,9.48,-0.6289,79560489.28999999,6283562040.0,6277771655.999999,62.8356204,62.77771655999999,0.66,17.3445,0.7891
002105,信隆健康,深圳,摩托车,主板,20070112,20260701,5.06,2.4291,48321240.5,1853184520.0,1844223260.0,18.5318452,18.4422326,0.9,,2.3203
002109,ST兴化,陕西,化工原料,主板,20070126,20260701,2.53,4.9793,15135186.0,3228962847.0,3228962847.0,32.28962847,32.28962847,0.7,,0.8238
002121,科陆电子,深圳,电器仪表,主板,20070306,20260701,5.31,-2.5688,194666066.85999998,8818936677.0,7433581572.0,88.18936677,74.33581572,1.16,,24.8593
002114,罗平锌电,云南,铅锌,主板,20070215,20260701,7.46,3.1812,134691168.16,2412528192.0,2412495368.0,24.12528192,24.12495368,0.82,,3.3383
002115,三维通信,浙江,互联网,主板,20070215,20260701,10.49,1.8447,343165398.53000003,8507298737.0,7890530795.0,85.07298737,78.90530795,0.88,,4.1183
002120,韵达股份,浙江,仓储物流,主板,20070306,20260701,6.88,8.1761,703346547.86,19946504944.0,19368093712.0,199.46504944,193.68093712,3.59,17.0272,0.9374
601166,兴业银行,福建,银行,主板,20070205,20260701,16.7,0.8454,1195960676.0,353419750310.00006,353419750310.00006,3534.1975031000006,3534.1975031000006,0.68,4.5621,0.4258
601318,中国平安,深圳,保险,主板,20070301,20260701,49.53,3.7495,6772060767.0,896871508260.0,527993024403.0,8968.7150826,5279.93024403,1.2,6.6544,0.8807
002125,湘潭电化,湖南,化工原料,主板,20070403,20260701,13.88,1.6105,764506453.6500001,8737616844.0,8737616844.0,87.37616844,87.37616844,1.07,38.7567,2.5675
002122,ST汇洲,浙江,机床制造,主板,20070328,20260701,2.31,1.3158,56424361.72,4623466386.0,4591633200.0,46.23466386,45.916332,0.85,100.6997,2.1185
002126,银轮股份,浙江,汽车配件,主板,20070418,20260701,47.4,-4.8193,1420597684.71,40138615918.0,37645818539.0,401.38615918,376.45818539,1.17,41.9315,5.3656
002132,恒星科技,河南,钢加工,主板,20070427,20260701,5.62,3.8817,671947507.95,7876681213.999999,7863427568.0,78.76681213999998,78.63427568,0.93,419.5471,2.2284
002106,莱宝高科,深圳,元器件,主板,20070112,20260701,18.05,3.0251,2009221548.4499998,12739982410.0,12723490125.0,127.3998241,127.23490125,1.89,51.9777,2.2682
002107,沃华医药,山东,中成药,主板,20070124,20260701,6.1,7.2056,122862119.28,3520978560.0000005,3485503400.0000005,35.209785600000004,34.855034,1.96,36.786,5.207
002112,三变科技,浙江,电气设备,主板,20070208,20260701,16.45,0.3661,346090234.43,4838459885.0,4311209420.0,48.38459885,43.1120942,1.62,347.2174,5.5918
002124,天邦食品,浙江,农业综合,主板,20070403,20260701,2.32,9.9526,304650820.40000004,5154886416.0,4575431152.0,51.54886416,45.75431152,1.82,,3.1077
601005,重庆钢铁,重庆,普钢,主板,20070228,20260701,1.19,2.5862,138707512.0,11435114124.0,9893227554.0,114.35114124,98.93227554,1.34,,0.8333
601007,金陵饭店,江苏,酒店餐饮,主板,20070406,20260701,6.28,2.7823,40034350.0,2449200000.0,2449200000.0,24.492,24.492,1.44,38.6119,1.5159
002130,沃尔核材,深圳,电气设备,主板,20070420,20260701,18.35,-3.2173,1031721632.18,25687933093.0,21046573860.999996,256.87933093,210.46573860999996,1.3,22.4571,2.8072
002133,广宇集团,浙江,全国地产,主板,20070427,20260701,2.5,4.6025,50073958.17,1935360500.0,1924675500.0,19.353605,19.246755,1.26,50.5773,0.668
601600,中国铝业,北京,铝,主板,20070430,20260701,8.2,-0.2433,2238549037.0,140670765480.0,108267387180.0,1406.7076548,1082.6738718,0.97,11.0992,1.7443
002138,顺络电子,深圳,元器件,主板,20070613,20260701,74.6,2.052,4405452673.45,60151345180.0,56434877620.0,601.5134518,564.3487762,1.02,58.9132,9.4673
002140,东华科技,安徽,建筑工程,主板,20070712,20260701,9.14,-0.3272,109157700.2,6471247046.000001,6461627196.0,64.71247046,64.61627196,2.2,12.1444,1.3264
601919,中远海控,天津,水运,主板,20070626,20260701,13.16,-0.7541,927817321.0,201518866807.99997,165243596588.0,2015.1886680799996,1652.43596588,0.89,6.5284,0.855
002141,贤丰控股,广东,农业综合,主板,20070720,20260701,4.87,-7.4144,822116629.94,5030397346.0,5030397346.0,50.30397346,50.30397346,0.78,320.4652,6.2333
002146,荣盛发展,河北,全国地产,主板,20070808,20260701,1.1,2.8037,163351775.97,4782980290.0,4302673540.0,47.8298029,43.0267354,1.21,,0.9432
002152,广电运通,广东,IT设备,主板,20070813,20260701,9.48,1.0661,197899029.0,23542469892.0,23530627476.0,235.42469892,235.30627476,1.08,27.3478,1.8517
002157,正邦科技,江西,农业综合,主板,20070817,20260701,2.99,6.4057,703840891.39,27657985875.0,23285137486.0,276.57985875,232.85137486,1.66,,2.6477
002155,湖南黄金,湖南,黄金,主板,20070816,20260701,23.8,-0.2933,1106252362.4799998,37191100940.0,37187759420.0,371.9110094,371.8775942,0.83,24.9941,4.2689
002156,通富微电,江苏,半导体,主板,20070816,20260701,73.91,-2.5834,11941790962.4,112165586879.0,112154892102.0,1121.65586879,1121.54892102,0.85,92.0365,7.1633
002160,常铝股份,江苏,铝,主板,20070821,20260701,3.78,3.2787,95028435.08,3903912935.9999995,3896157510.0,39.03912936,38.9615751,0.96,56.1405,1.0354
002254,泰和新材,山东,化纤,主板,20080625,20260701,17.29,-4.9478,1449283068.6399999,14818518694.0,14707671207.0,148.18518694,147.07671207,0.81,357.375,2.0944
002164,宁波东力,浙江,机械基件,主板,20070823,20260701,11.86,0.5085,153410754.34,6311579952.0,5690133196.0,63.11579952,56.90133196,0.86,32.2174,3.9697
002162,悦心健康,上海,陶瓷,主板,20070823,20260701,3.47,2.6627,52766081.480000004,3191362123.0,3187174527.0,31.91362123,31.87174527,1.4,474.4034,3.907
002165,红宝丽,江苏,化工原料,主板,20070913,20260701,6.46,3.0303,374543931.86,4749842908.0,4700193932.0,47.49842908,47.00193932,0.99,273.9802,2.3756
002176,江特电机,江西,小金属,主板,20071012,20260701,10.14,1.2987,885467877.19,17302141391.0,17276892791.0,173.02141391,172.76892791,0.91,,5.8529
300477,ST合纵,北京,电气设备,创业板,20150610,20260701,2.54,9.4828,127878303.36,2722927498.0,2517173020.0,27.22927498,25.1717302,2.38,,32.8369
601088,中国神华,北京,煤炭开采,主板,20071009,20260701,39.48,1.127,1566613516.0,856298866164.0,651066180240.0,8562.98866164,6510.6618024,0.94,16.2027,1.7806
002187,广百股份,广东,百货,主板,20071122,20260701,4.82,2.9915,66357800.0,3378311972.0,3378311972.0,33.78311972,33.78311972,1.37,,0.8441
002196,方正电机,浙江,纺织机械,主板,20071212,20260701,12.26,1.6584,379854936.6,6079389494.0,5987911504.0,60.79389494,59.87911504,0.71,289.3604,4.2634
002208,合肥城建,安徽,区域地产,主板,20080128,20260701,20.2,-0.0989,2975069166.3,16226496380.0,16222060460.0,162.2649638,162.2206046,1.43,,2.7397
002194,武汉凡谷,湖北,通信设备,主板,20071207,20260701,9.79,-0.102,267771594.77,6689368961.0,5001504431.0,66.89368961,50.01504431,0.76,,2.7005
002200,交投生态,云南,建筑工程,主板,20071221,20260701,6.6,10.0,39205771.2,2977428960.0,1291791600.0,29.7742896,12.917916,1.12,,2.2894
601390,中国中铁,北京,建筑工程,主板,20071203,20260701,4.25,1.9185,608938978.0,104258068775.0,86376661275.0,1042.58068775,863.76661275,1.09,4.5544,0.3243
601918,新集能源,安徽,煤炭开采,主板,20071219,20260701,8.9,3.6088,426257121.0,23055822020.0,23055822020.0,230.5582202,230.5582202,0.93,10.7935,1.32
002197,证通电子,深圳,IT设备,主板,20071218,20260701,6.06,5.5749,169518013.4,3723039174.0,3236040000.0,37.23039174,32.3604,1.53,,2.1133
002203,海亮股份,浙江,铜,主板,20080116,20260701,22.05,-3.5011,995419662.37,50533204365.0,48777715665.0,505.33204365,487.77715665,0.77,53.5786,2.9623
002202,金风科技,新疆,电气设备,主板,20071226,20260701,24.66,3.1799,7886730299.01,104158629342.0,82944035766.0,1041.58629342,829.44035766,1.64,37.5433,2.6193
601866,中远海发,上海,水运,主板,20071212,20260701,2.27,2.7149,178399703.0,29958678666.0,22137003226.0,299.58678666,221.37003226,1.23,18.6148,0.9626
002205,国统股份,新疆,水泥,主板,20080123,20260701,10.17,0.7929,35656188.800000004,1890025344.0,1890025344.0,18.90025344,18.90025344,1.15,,7.3666
002207,*ST准油,新疆,石油开采,主板,20080128,20260701,6.72,5.0,92326019.0,1761012288.0,1752655968.0,17.61012288,17.52655968,0.88,,150.377
002210,飞马国际,深圳,环境保护,主板,20080130,20260701,2.2,3.7736,196772050.74,5854711940.0,5841589160.0,58.5471194,58.4158916,1.3,379.7821,6.2464
002213,大为股份,深圳,半导体,主板,20080201,20260701,36.75,0.0272,663622701.0,8727570075.0,7593873000.0,87.27570075,75.93873,0.89,,15.8178
002216,三全食品,河南,食品,主板,20080220,20260701,12.21,5.8977,105149197.5,10734837861.0,7698434304.0,107.34837861,76.98434304,1.41,19.7032,2.2014
002214,*ST大立,浙江,电器仪表,主板,20080218,20260701,14.5,-3.2688,77270719.76,8680609150.0,6937042150.0,86.8060915,69.3704215,1.05,,6.9023
002218,拓日新能,深圳,新型电力,主板,20080228,20260701,3.93,2.3438,184543991.5,5534619393.0,5453573754.0,55.34619393,54.53573754,1.13,,1.4083
601958,金钼股份,陕西,小金属,主板,20080417,20260701,28.39,0.9961,3558823382.0,91603298916.0,91603298916.0,916.03298916,916.03298916,0.88,29.0361,4.6247
002227,*ST特迅,深圳,电气设备,主板,20080506,20260701,6.84,2.0896,27248023.0,1694994408.0,1682207712.0,16.94994408,16.82207712,1.04,,1.8399
002235,安妮股份,福建,造纸,主板,20080516,20260701,7.89,1.8065,241192589.08,4572825447.0,4367732787.0,45.72825447,43.67732787,0.88,,6.2686
002234,民和股份,山东,农业综合,主板,20080516,20260701,6.85,6.8643,92114492.0,2390377370.0,2064648910.0,23.9037737,20.6464891,2.9,,1.4042
002233,塔牌集团,广东,水泥,主板,20080516,20260701,7.22,3.5868,67265678.8,8477366610.0,8471029616.0,84.7736661,84.71029616,1.2,13.3704,0.695
002252,上海莱士,上海,生物制药,主板,20080623,20260701,4.48,3.2258,312186351.4,29535174592.0,29514071552.0,295.35174592,295.14071552,1.17,18.7285,0.9081
002245,蔚蓝锂芯,江苏,电气设备,主板,20080605,20260701,19.02,1.6569,1829664061.8600001,32479305077.999996,30557527396.999996,324.79305078,305.57527396999996,0.72,45.7063,4.1454
002264,新华都,福建,互联网,主板,20080731,20260701,5.86,3.9007,111962700.0,4218094218.0,3837027208.0,42.18094218,38.37027208,1.33,24.8896,2.0244
002268,电科网安,四川,IT设备,主板,20080811,20260701,14.19,10.0,235162882.76000002,11999576259.000002,11994161355.0,119.99576259000001,119.94161355,1.53,208.1626,2.1828
002266,浙富控股,浙江,环境保护,主板,20080806,20260701,5.18,2.3715,649264054.9200001,27035825852.0,25084591336.0,270.35825852,250.84591336,1.32,24.1875,2.1376
002275,桂林三金,广西,中成药,主板,20090710,20260701,12.55,2.9532,21053460.0,7373985930.0,6991642650.0,73.7398593,69.9164265,0.95,17.0247,2.2185
601788,光大证券,上海,证券,主板,20090818,20260701,15.1,4.6431,1011993872.0,69622892760.0,58991151880.0,696.2289276,589.9115188,1.38,18.6948,1.1195
002282,博深股份,河北,机械基件,主板,20090821,20260701,5.72,1.5986,27668382.89,3013515648.0,2888626884.0,30.13515648,28.88626884,0.99,19.483,0.8282
002284,亚太股份,浙江,汽车配件,主板,20090828,20260701,9.58,0.9484,125108708.64,7080580874.0,7001920452.000001,70.80580874,70.01920452000002,0.82,14.4463,2.0197
002461,珠江啤酒,广东,啤酒,主板,20100818,20260701,7.71,1.8494,61973221.0,17064762734.999998,17064762734.999998,170.64762735,170.64762735,0.89,18.8811,1.5215
002285,世联行,深圳,房产服务,主板,20090828,20260701,2.12,3.4146,101916467.46,4224797692.0,4187505620.0,42.24797692,41.8750562,1.09,,1.9292
002286,保龄宝,山东,食品,主板,20090828,20260701,8.29,0.4848,89355648.4,3154903580.0,3064726519.0,31.5490358,30.64726519,1.81,20.9452,1.3701
300370,安控科技,四川,电器仪表,创业板,20140123,20260701,2.1,3.9604,82030847.0,3287290020.0,3279087210.0,32.8729002,32.7908721,1.74,,7.6106
002296,辉煌科技,河南,通信设备,主板,20090929,20260701,9.05,1.9144,113260941.32,3525702620.0,3143285820.0,35.2570262,31.4328582,1.11,18.8433,1.4043
002295,精艺股份,广东,铜,主板,20090929,20260701,8.58,1.1792,40112973.0,2150285280.0,2148663660.0,21.5028528,21.4866366,1.08,,1.6554
002136,安纳达,安徽,化工原料,主板,20070530,20260701,13.55,3.5933,177388554.0,2913521000.0,2905876090.0,29.13521,29.0587609,1.25,,2.6752
000338,潍柴动力,山东,汽车配件,主板,20070430,20260701,27.8,2.0183,2751394386.54,240807619880.00003,137699888520.0,2408.0761988000004,1376.9988852,0.79,22.0308,2.5251
601328,交通银行,上海,银行,主板,20070515,20260701,6.44,0.1555,1018012971.0,569062770396.0,167906510824.00003,5690.62770396,1679.0651082400002,0.69,5.9512,0.4888
002170,芭田股份,深圳,农药化肥,主板,20070919,20260701,11.07,1.9337,263890194.12,10741793319.000002,8713523565.0,107.41793319000001,87.13523565,0.98,11.7844,2.6529
002144,宏达高科,浙江,纺织,主板,20070803,20260701,10.14,2.9442,41192342.0,1792372764.0,1395686838.0,17.92372764,13.95686838,1.03,41.4437,0.8358
002151,北斗星通,北京,通信设备,主板,20070813,20260701,32.83,3.4016,748861396.55,17823764847.0,14537619733.0,178.23764847,145.37619733,1.34,,3.6858
601169,北京银行,北京,银行,主板,20070919,20260701,4.94,0.8163,426679657.0,104446342442.0,104446342442.0,1044.46342442,1044.46342442,0.73,5.2,0.3686
002177,御银股份,广东,其他商业,主板,20071101,20260701,5.79,2.2968,166945726.20999998,4407297627.0,3907781010.0000005,44.07297627,39.07781010000001,0.95,340.3949,2.5689
002178,延华智能,上海,软件服务,主板,20071101,20260701,4.47,2.9954,78867146.93,3183323910.0,3181670904.0,31.8332391,31.81670904,1.28,355.7256,7.3666
002185,华天科技,甘肃,半导体,主板,20071120,20260701,21.86,-2.017,11864509449.5,72650040246.0,72633167408.0,726.50040246,726.33167408,0.91,102.2508,4.0547
002184,海得控制,上海,机械基件,主板,20071116,20260701,10.08,10.0437,58650420.61,3547236672.0000005,2422933632.0,35.472366720000004,24.22933632,0.86,,2.7899
002189,中光学,河南,元器件,主板,20071203,20260701,22.55,0.8497,172999080.81,5890044215.000001,5889155745.0,58.90044215000001,58.89155745,0.81,,14.0972
002188,中天服务,浙江,房产服务,主板,20071122,20260701,5.03,2.6531,66651818.589999996,1645332617.0,1294535890.0,16.45332617,12.9453589,0.94,51.2907,4.5624
002209,达意隆,广东,轻工机械,主板,20080130,20260701,10.57,1.8304,51305338.0,2161883157.0,1653642676.0,21.61883157,16.53642676,0.95,17.7597,2.5159
601099,太平洋,云南,证券,主板,20071228,20260701,3.53,4.7478,1001157277.0,24061596892.0,24061596892.0,240.61596892,240.61596892,1.52,114.2864,2.4221
002212,天融信,广东,软件服务,主板,20080201,20260701,5.85,-2.1739,377614272.07,6899805192.0,6826037008.0,68.99805192,68.26037008,1.61,92.961,0.724
601899,紫金矿业,福建,铜,主板,20080425,20260701,25.11,-0.1193,8468766356.000001,667692843606.0,517311024741.0,6676.92843606,5173.11024741,0.92,12.8955,3.3846
002222,福晶科技,福建,元器件,主板,20080319,20260701,87.19,-5.5158,2505824150.21,41001097500.0,40818146723.0,410.010975,408.18146723,0.83,147.1818,22.4276
002221,东华能源,广东,石油加工,主板,20080306,20260701,5.42,3.0418,125433400.3,8542612676.0,7918023258.0,85.42612676,79.18023258,0.89,,0.856
002224,三力士,浙江,橡胶,主板,20080425,20260701,3.34,2.1407,44746064.910000004,3013068776.0,2693310536.0,30.13068776,26.93310536,0.98,164.0508,0.9367
002219,新里程,甘肃,医疗保健,主板,20080306,20260701,1.8,4.0462,140798675.44,6213459060.0,5889368520.0,62.1345906,58.8936852,1.23,200.8044,3.15
002230,科大讯飞,安徽,软件服务,主板,20080512,20260701,41.03,0.4652,1840979590.54,98557334193.99998,89826679481.0,985.5733419399999,898.26679481,0.94,117.4153,5.2277
002237,恒邦股份,山东,黄金,主板,20080520,20260701,14.32,-2.5187,458719101.58000004,20477176128.0,17074537919.999998,204.77176128,170.74537919999997,0.84,32.1133,1.5197
002232,启明信息,吉林,软件服务,主板,20080509,20260701,14.92,10.0295,55610995.7,6095543620.0,6095543620.0,60.9554362,60.9554362,0.85,187.3094,4.3113
002229,鸿博股份,福建,广告包装,主板,20080508,20260701,10.72,3.876,374371210.84999996,5319172879.999999,5286634464.0,53.19172879999999,52.86634464,1.09,,4.968
002240,盛新锂能,四川,小金属,主板,20080523,20260701,45.65,1.8291,2825214185.81,41783166535.0,41674282155.0,417.83166535,416.74282155,0.89,,3.8929
002242,九阳股份,山东,家用电器,主板,20080528,20260701,8.02,2.0356,57679837.39,6119396340.0,6108719314.0,61.1939634,61.08719314,1.25,52.0154,1.7566
002256,兆新股份,深圳,新型电力,主板,20080625,20260701,3.73,2.7548,251993960.01000002,7611908446.0,7513514033.999999,76.11908446,75.13514033999999,1.05,178.7347,6.3025
002262,恩华药业,江苏,化学制药,主板,20080723,20260701,19.57,4.3733,313311670.90000004,19878943429.0,17295502289.0,198.78943429,172.95502289,1.43,18.801,2.3737
002258,利尔化学,四川,农药化肥,主板,20080708,20260701,12.57,-1.1015,171477278.01000002,10061495604.0,10045296645.0,100.61495604,100.45296645,0.63,21.0154,1.2567
002271,东方雨虹,北京,其他建材,主板,20080910,20260701,12.14,2.2746,550463661.19,28998816786.000004,23241931666.0,289.98816786000003,232.41931666,1.09,256.0216,1.4136
002270,华明装备,山东,电气设备,主板,20080905,20260701,18.57,-1.4854,307332797.15,16642907535.000002,16642640127.0,166.42907535,166.42640127,0.94,23.4494,5.3318
002396,星网锐捷,福建,通信设备,主板,20100623,20260701,21.09,10.0156,874405539.35,16040092296.0,15973884459.0,160.40092296,159.73884459,1.77,39.2311,2.2851
601766,中国中车,北京,运输设备,主板,20080818,20260701,5.31,2.1154,1109067738.0,152390968371.0,129180607380.0,1523.90968371,1291.8060738,1.01,11.5614,0.8676
002362,汉王科技,北京,软件服务,主板,20100303,20260701,15.57,0.1286,83535973.0,3806158122.0,3232237023.0,38.06158122,32.32237023,0.72,,4.1939
601727,上海电气,上海,电气设备,主板,20081205,20260701,7.01,0.1429,763039714.0,108936252416.0,88435633596.0,1089.36252416,884.35633596,0.95,90.3122,1.9846
002278,神开股份,上海,化工机械,主板,20090811,20260701,7.72,2.3873,103418397.6,3000130188.0,2769944491.9999995,30.00130188,27.699444919999994,1.24,53.6565,2.123
002289,宇顺电子,深圳,元器件,主板,20090903,20260701,45.28,6.5412,307007617.22999996,12689887536.0,12426244736.0,126.89887536,124.26244736,1.37,,47.828
002292,奥飞娱乐,广东,影视音像,主板,20090910,20260701,6.66,1.5244,204163186.01,9848139982.0,6779103983.0,98.48139982,67.79103983,0.8,137.018,3.3122
002599,盛通股份,北京,广告包装,主板,20110715,20260701,5.24,2.7451,71934993.2,2791242152.0,2085334504.0,27.91242152,20.85334504,1.23,370.8731,2.2609
601126,四方股份,北京,电气设备,主板,20101231,20260701,58.58,-7.3101,2341123399.0,48803320190.0,48333502732.0,488.0332019,483.33502732,1.06,58.8722,9.4391
601633,长城汽车,河北,汽车整车,主板,20110928,20260701,15.06,-0.1988,256603925.0,128814455502.0,93675665322.0,1288.14455502,936.75665322,0.81,13.0574,1.4604
002448,中原内配,河南,汽车配件,主板,20100716,20260701,11.85,-3.6585,206781350.5,6972653760.0,6879037574.999999,69.7265376,68.79037575,1.05,17.0337,1.7722
300444,双杰电气,北京,电气设备,创业板,20150423,20260701,12.4,1.5561,574477245.0,9977289240.0,7780277080.0,99.7728924,77.8027708,1.21,53.7984,4.7426
002506,协鑫集成,上海,电气设备,主板,20101118,20260701,3.19,0.3145,1255165803.52,18662509316.0,18643755306.0,186.62509316,186.43755306,1.04,,19.8219
002306,ST云网,北京,酒店餐饮,主板,20091111,20260701,1.93,2.6596,20648848.0,1678641625.0,1568488887.9999998,16.78641625,15.684888879999997,0.99,,24.2044
002350,北京科锐,北京,电气设备,主板,20100203,20260701,13.47,-0.2961,177494120.64000002,7305203958.000001,7146509847.0,73.05203958000001,71.46509847,0.9,133.9863,4.0778
002293,罗莱生活,江苏,纺织,主板,20090910,20260701,10.66,7.7856,158523638.88000003,8924670326.0,8850355202.0,89.24670326,88.50355202,2.44,17.1674,2.056
002294,信立泰,深圳,化学制药,主板,20090910,20260701,34.2,7.2437,1569190573.57,38126724300.0,38118146940.0,381.267243,381.1814694,1.76,58.521,4.1676
300445,康斯特,北京,电器仪表,创业板,20150424,20260701,21.19,1.7771,84532673.0,4501391700.0,2978296880.0,45.013917,29.7829688,0.85,43.1081,3.427
002298,中电鑫龙,安徽,电气设备,主板,20090929,20260701,7.72,1.3123,178461219.71,5713656148.0,5101044040.0,57.13656148,51.0104404,0.9,,3.0621
601888,中国中免,北京,旅游服务,主板,20091015,20260701,55.0,2.4018,2500120875.0,114278813000.0,107386152500.0,1142.78813,1073.861525,1.18,31.8665,1.9718
002489,浙江永强,浙江,家居用品,主板,20101021,20260701,2.77,2.214,73444081.9,6008175151.0,5299069277.999999,60.08175151,52.99069277999999,0.89,12.9176,1.3075
002302,西部建设,新疆,水泥,主板,20091103,20260701,4.37,1.1574,29992383.740000002,5516488291.0,5516488291.0,55.16488291,55.16488291,0.98,,0.7116
002305,*ST南置,湖北,区域地产,主板,20091106,20260701,1.82,5.2023,27445632.0,3156272756.0,3156068006.0,31.56272756,31.56068006,0.56,,12.6087
002303,美盈森,深圳,造纸,主板,20091103,20260701,4.3,0.0,335892588.32,6584691910.0,4157588730.0,65.8469191,41.5758873,0.67,25.2347,1.4659
600777,新潮能源,山东,石油开采,主板,19961121,20260701,4.33,-0.2304,167765687.0,29446146814.0,27565439892.0,294.46146814,275.65439892,0.73,24.3918,1.3275
600779,水井坊,四川,白酒,主板,19961206,20260701,29.51,4.1284,213619278.0,14386219432.000002,14386219432.000002,143.86219432000001,143.86219432000001,1.15,35.4438,2.7223
600780,通宝能源,山西,火力发电,主板,19961205,20260701,6.0,2.3891,89281655.0,6879015000.0,6879015000.0,68.79015,68.79015,1.11,10.613,0.8028
600784,鲁银投资,山东,综合类,主板,19961225,20260701,7.15,10.0,81761058.0,4830913945.0,4830913945.0,48.30913945,48.30913945,1.6,28.4932,1.4547
600785,新华百货,宁夏,百货,主板,19970108,20260701,10.19,3.9796,94832739.0,3218855922.0,3218855922.0,32.18855922,32.18855922,1.06,43.2123,1.3938
600789,鲁抗医药,山东,化学制药,主板,19970226,20260701,6.89,1.1747,312595449.0,7201357722.0,6960954598.0,72.01357722,69.60954598,1.45,64.1233,1.3936
600790,轻纺城,浙江,商品城,主板,19970228,20260701,3.38,3.3639,51526199.0,4954373242.0,4954373242.0,49.54373242,49.54373242,1.06,,0.8329
600791,京能置业,北京,全国地产,主板,19970130,20260701,8.35,-4.4622,407727329.0,3781548000.0,3776819395.0,37.81548,37.76819395,2.3,,
600801,华新建材,湖北,水泥,主板,19940103,20260701,16.74,7.3077,619389473.0,34802386344.0,22460017824.0,348.02386344,224.60017824,2.25,12.1971,1.0589
600805,悦达投资,江苏,综合类,主板,19940103,20260701,4.19,3.9702,49573440.0,3565247955.0,3562653926.0,35.65247955,35.62653926,1.2,96.6938,0.8352
600809,山西汾酒,山西,白酒,主板,19940106,20260701,110.86,1.3623,1222060369.0,135245231212.00002,135245231212.00002,1352.4523121200002,1352.4523121200002,0.76,11.0437,3.0039
600816,建元信托,上海,多元金融,主板,19940128,20260701,2.52,3.2787,203098050.0,24808009463.999996,13782227508.0,248.08009463999997,137.82227508,1.12,211.9656,1.6221
600820,隧道股份,上海,建筑工程,主板,19940128,20260701,5.26,0.9597,71448634.0,16537945486.000002,16537945486.000002,165.37945486,165.37945486,0.71,7.4698,0.5146
600822,上海物贸,上海,汽车服务,主板,19940204,20260701,7.82,2.7595,29314638.0,3878508078.0,3097876578.0,38.78508078,30.97876578,0.94,133.0501,3.1256
600825,新华传媒,上海,出版业,主板,19940204,20260701,4.97,9.9558,138382019.0,5193092863.0,5193092863.0,51.93092863,51.93092863,2.17,122.8909,2.0799
600828,茂业商业,四川,百货,主板,19940224,20260701,3.68,2.7933,95509478.0,6373695968.000001,6371405536.0,63.73695968000001,63.71405536,1.12,,0.9476
600829,人民同泰,黑龙江,医药商业,主板,19940224,20260701,8.04,3.6082,62797942.0,4662304344.0,4662304344.0,46.62304344,46.62304344,1.24,34.8349,1.5219
600851,海欣股份,上海,化学制药,主板,19940404,20260701,8.97,-0.444,288042600.0,10827298599.0,6621708717.0,108.27298599,66.21708717,0.48,61.5202,2.3819
600853,龙建股份,黑龙江,建筑工程,主板,19940404,20260701,3.11,2.3026,33140419.0,3152594560.0,3152594560.0,31.5259456,31.5259456,1.4,8.1073,0.8832
600854,春兰股份,江苏,家用电器,主板,19940425,20260701,4.21,3.4398,54392888.0,2186920285.0,2186920285.0,21.86920285,21.86920285,1.13,17.1348,0.8821
600858,银座股份,山东,百货,主板,19940506,20260701,4.53,2.7211,47584039.0,2355901698.0,2344492440.0,23.55901698,23.4449244,1.31,39.7613,0.8543
600861,北京人力,北京,文教休闲,主板,19940520,20260701,12.42,1.8033,26249586.0,7031119734.0,6667248510.0,70.31119734,66.6724851,0.76,6.0103,0.9288
600868,梅雁吉祥,广东,水力发电,主板,19940912,20260701,2.67,1.5209,111861081.0,5068057029.0,5068057029.0,50.68057029,50.68057029,0.86,,2.6195
600869,远东股份,青海,电气设备,主板,19950206,20260701,32.22,-3.7347,3833544182.0,71507543994.0,71507543994.0,715.07543994,715.07543994,1.05,1214.5501,16.6231
600876,凯盛新能,河南,玻璃,主板,19951031,20260701,7.28,-1.087,52187936.0,4700514000.0,2880514000.0,47.00514,28.80514,0.64,,1.7095
600879,航天电子,湖北,航空,主板,19951115,20260701,21.45,0.7515,3359215540.0,70769969985.0,70769969985.0,707.69969985,707.69969985,0.94,311.7956,3.3893
600882,妙可蓝多,上海,乳制品,主板,19951206,20260701,16.46,2.9393,119969622.0,8395482256.0,8395482256.0,83.95482256,83.95482256,0.89,70.8517,1.8061
600886,国投电力,北京,水力发电,主板,19960118,20260701,13.39,0.6011,360685625.0,107180178677.0,99811467522.0,1071.80178677,998.11467522,0.79,14.4968,1.5529
600887,伊利股份,内蒙,乳制品,主板,19960312,20260701,24.31,1.4608,1343047343.0,153769516186.0,153005431007.0,1537.69516186,1530.05431007,0.87,13.2959,2.5805
600888,新疆众和,新疆,铝,主板,19960215,20260701,16.04,0.944,1913036102.0,24911497836.000004,24911497836.000004,249.11497836000004,249.11497836000004,0.88,37.6338,1.946
600894,广日股份,广东,运输设备,主板,19960328,20260701,7.74,1.5748,21731582.0,6591990042.0,6525937656.0,65.91990042,65.25937656,0.52,9.5632,0.741
600897,厦门空港,福建,机场,主板,19960531,20260701,14.7,0.6849,22525424.0,6128929800.0,6128929800.0,61.289298,61.289298,0.72,11.8242,1.2335
600967,内蒙一机,内蒙,运输设备,主板,20040518,20260701,11.02,1.5668,213403420.0,18753777594.0,18753777594.0,187.53777594,187.53777594,1.19,56.0114,1.5697
600980,北矿科技,北京,专用机械,主板,20040512,20260701,18.88,0.6933,67154494.0,3648814880.0,3573294880.0,36.4881488,35.7329488,0.86,29.2937,2.4139
600997,开滦股份,河北,焦炭加工,主板,20040602,20260701,4.97,4.6316,47156640.0,7891365503.0,7891365503.0,78.91365503,78.91365503,1.06,,0.5829
002014,永新股份,安徽,塑料,主板,20040708,20260701,11.11,5.2083,52380615.9,6804783898.0,6695933673.0,68.04783898,66.95933673,0.57,15.5313,2.6506
002019,亿帆医药,浙江,化学制药,主板,20040713,20260701,9.79,4.7059,178159455.6,11908458932.0,8248254206.0,119.08458932,82.48254206,1.43,29.6215,1.3387
002021,中捷资源,浙江,纺织机械,主板,20040715,20260701,2.59,2.7778,111620446.0,3096286207.0000005,3096184160.9999995,30.962862070000003,30.961841609999997,0.79,,5.0526
002022,科华生物,上海,医疗保健,主板,20040721,20260701,4.74,3.4934,39315604.0,2438021844.0,2437675350.0,24.38021844,24.3767535,1.24,,0.9619
002024,ST易购,江苏,电器连锁,主板,20040721,20260701,1.21,3.4188,42490187.9,11210368796.000002,11123405007.0,112.10368796000002,111.23405007,1.38,192.8168,0.9093
002025,航天电器,贵州,元器件,主板,20040726,20260701,80.2,5.2217,3069007856.6299996,36412387960.0,36400478260.0,364.1238796,364.0047826,1.22,199.1415,5.4703
002027,分众传媒,上海,广告包装,主板,20040804,20260701,4.85,0.2066,729436722.42,70044668545.0,70044668545.0,700.44668545,700.44668545,0.8,23.7735,4.535
002028,思源电气,上海,电气设备,主板,20040805,20260701,165.77,-4.1792,2297060728.25,129727175941.0,101253227734.99998,1297.27175941,1012.5322773499998,1.15,41.1814,8.0488
002034,旺能环境,浙江,环境保护,主板,20040826,20260701,15.25,0.6601,121219664.00999999,7879693300.0,7846847850.0,78.796933,78.4684785,0.79,10.926,1.081
002036,联创电子,江西,元器件,主板,20040903,20260701,7.57,0.0,504563148.55,8006017617.0,7989891246.0,80.06017617,79.89891246,1.36,,8.294
002039,黔源电力,贵州,水力发电,主板,20050303,20260701,19.64,4.3571,162837531.9,8397241084.0,8397217516.0,83.97241084,83.97217516,1.06,13.9924,1.8512
600970,中材国际,江苏,建筑工程,主板,20050412,20260701,7.05,-1.122,199815616.0,18483780945.0,18483780945.0,184.83780945,184.83780945,1.36,6.458,0.79
002043,兔宝宝,浙江,其他建材,主板,20050510,20260701,11.22,1.2635,116195245.6,9309845490.0,9060411426.0,93.0984549,90.60411426,1.18,13.2565,2.6999
002047,宝鹰股份,深圳,装修装饰,主板,20050531,20260701,4.86,5.6522,168683486.0,7368968682.0,7368532254.0,73.68968682,73.68532254,1.0,124.4588,181.0393
002048,宁波华翔,浙江,汽车配件,主板,20050603,20260701,23.96,4.1739,754279923.37,19499441076.0,17006858316.0,194.99441076,170.06858316,1.11,46.6296,1.626
002049,紫光国微,河北,半导体,主板,20050606,20260701,86.41,-2.6366,5414744756.33,73416485095.0,73406651637.0,734.16485095,734.06651637,1.2,51.0857,5.2726
002050,三花智控,浙江,家用电器,主板,20050607,20260701,44.21,0.867,5570153403.32,186036294519.00003,162878371475.0,1860.3629451900003,1628.78371475,1.18,45.7891,5.7018
002051,中工国际,北京,建筑工程,主板,20060619,20260701,11.6,2.4735,810174836.93,14227203960.0,14226378040.0,142.2720396,142.2637804,0.8,45.2775,1.2236
002052,同洲电子,深圳,家用电器,主板,20060627,20260701,8.55,10.0386,253527779.01,6433359435.000001,5894260560.0,64.33359435000001,58.9426056,1.66,35.6972,23.0958
601001,晋控煤业,山西,煤炭开采,主板,20060623,20260701,17.86,2.7027,318370943.0,29892282000.0,29892282000.0,298.92282,298.92282,0.82,16.3214,1.5292
601988,中国银行,北京,银行,主板,20060705,20260701,5.65,-1.2238,1137957517.0,1820500126670.0,1190825158620.0,18205.0012667,11908.2515862,0.57,7.4911,0.666
600048,保利发展,广东,全国地产,主板,20060731,20260701,4.72,1.9438,794302074.0,56500492847.99999,56500492847.99999,565.0049284799999,565.0049284799999,1.19,54.6058,0.2912
601006,大秦铁路,山西,铁路,主板,20060801,20260701,4.6,-0.2169,458227411.0,91369306879.99998,91369306879.99998,913.6930687999999,913.6930687999999,0.93,15.4859,0.5497
002062,宏润建设,浙江,建筑工程,主板,20060816,20260701,7.46,4.1899,212773620.26,9230040914.0,8390269460.0,92.30040914,83.9026946,1.35,33.0004,1.8577
002067,景兴纸业,浙江,造纸,主板,20060915,20260701,3.79,2.9891,184254452.11,5589696281.0,5069518781.0,55.89696281,50.69518781,1.23,100.7914,0.836
300016,北陆药业,北京,化学制药,创业板,20091030,20260701,8.24,7.4316,310719954.99,4793123128.0,4632229712.0,47.93123128,46.32229712,1.3,51.6864,2.08
002081,金螳螂,江苏,装修装饰,主板,20061120,20260701,4.44,2.5404,622552986.6300001,11789637228.000002,11740440696.0,117.89637228000002,117.40440696,0.64,26.5731,0.8462
002090,金智科技,江苏,电气设备,主板,20061208,20260701,8.77,-0.7919,78798039.0,3513061167.0,3464465720.0,35.13061167,34.6446572,0.84,53.211,2.2423
002092,中泰化学,新疆,化工原料,主板,20061208,20260701,4.03,5.2219,308838018.92,10437778585.0,10379448365.0,104.37778585,103.79448365,1.27,,0.488
002097,山河智能,湖南,工程机械,主板,20061222,20260701,7.36,1.7981,173591437.86,7909183328.0,7894551648.0,79.09183328,78.94551648,1.1,93.9758,1.6886
002096,易普力,湖南,化工原料,主板,20061222,20260701,8.93,1.7084,60425140.19,11077136344.000002,11077117591.0,110.77136344000002,110.77117591,0.82,13.9753,1.3634
002103,广博股份,浙江,文教休闲,主板,20070110,20260701,6.12,4.2589,85643880.69999999,3269750760.0,2375389872.0,32.6975076,23.75389872,1.76,19.8699,2.6023
002104,恒宝股份,江苏,通信设备,主板,20070110,20260701,10.7,3.7827,331112893.32,7579347140.0,6416807120.000001,75.7934714,64.16807120000001,1.32,129.0256,3.5514
002108,沧州明珠,河北,塑料,主板,20070124,20260701,4.15,0.2415,155803309.52,6841682555.0,6839192555.0,68.41682555,68.39192555,0.85,44.5481,1.3576
601002,晋亿实业,浙江,机械基件,主板,20070126,20260701,4.37,1.1574,55405194.0,4170905859.0,4170905859.0,41.70905859,41.70905859,0.93,17.2198,0.9497
002116,中国海诚,上海,建筑工程,主板,20070215,20260701,6.86,1.4793,19039442.419999998,3834416893.9999995,3765744178.0,38.344168939999996,37.65744178,0.92,11.2608,1.3618
002117,东港股份,山东,广告包装,主板,20070302,20260701,7.95,0.8883,41335849.260000005,4163581950.0,4162187520.0,41.6358195,41.6218752,0.63,28.8807,2.8103
601003,柳钢股份,广西,普钢,主板,20070227,20260701,3.45,2.3739,52578705.0,9088065210.0,8841636540.0,90.8806521,88.4163654,1.01,13.5437,0.9677
002123,梦网科技,辽宁,互联网,主板,20070328,20260701,7.91,10.0139,276871450.28,6370892766.0,5699408911.0,63.70892766,56.99408911,2.31,,4.1867
300318,博晖创新,北京,医疗保健,创业板,20120523,20260701,4.42,5.7416,57771270.58,3610699768.0,3502492422.0,36.10699768,35.02492422,1.53,,2.823
601008,连云港,江苏,港口,主板,20070426,20260701,4.09,1.7413,28317509.0,5074209420.0,5074209420.0,50.7420942,50.7420942,0.99,29.7404,1.2
002129,TCL中环,天津,电气设备,主板,20070420,20260701,11.9,-0.9983,5826336231.16,48113078020.0,48073379620.0,481.1307802,480.7337962,1.17,,2.4048
002135,东南网架,浙江,钢加工,主板,20070530,20260701,6.74,-0.7364,127327145.41,7518621610.0,7035697792.0,75.1862161,70.35697792,1.04,153.4756,1.2124
002128,电投能源,内蒙,煤炭开采,主板,20070418,20260701,23.02,-0.4325,239463594.13000003,67987272604.0,51601021970.0,679.87272604,516.0102197,0.85,12.5459,1.7124
601168,西部矿业,青海,铜,主板,20070712,20260701,26.51,-2.3213,1232727049.0,63173330000.0,63173330000.0,631.7333,631.7333,0.81,17.3425,3.1657
002142,宁波银行,浙江,银行,主板,20070719,20260701,29.92,0.7747,1031958721.65,197579436736.0,197455307632.0,1975.79436736,1974.55307632,0.88,6.7357,0.8498
601009,南京银行,江苏,银行,主板,20070719,20260701,10.1,2.1234,585443559.0,124872028720.0,124872028720.0,1248.7202872,1248.7202872,0.9,5.7262,0.6637
002153,石基信息,北京,软件服务,主板,20070813,20260701,7.44,2.9046,166743399.4,20305201872.0,11902242671.999998,203.05201872,119.02242671999998,1.19,,3.0336
002148,北纬科技,北京,互联网,主板,20070810,20260701,6.05,4.1308,104055314.42999999,3380445365.0,2728039380.0,33.80445365,27.2803938,1.13,,2.7711
002150,正泰电源,江苏,机械基件,主板,20070810,20260701,26.2,3.5983,641618429.62,9454762560.0,9393879000.0,94.5476256,93.93879,2.28,33.605,4.3705
002149,西部材料,陕西,小金属,主板,20070810,20260701,51.23,-5.1472,2813693915.0899997,25011218589.0,25007376338.999996,250.11218589,250.07376338999995,0.98,241.961,6.7171
002145,钛能化学,甘肃,化工原料,主板,20070803,20260701,4.87,3.397,534766220.86,18538493614.0,18537529841.0,185.38493614,185.37529841,1.1,51.9552,1.5289
002168,ST惠程,重庆,电气设备,主板,20070919,20260701,3.56,0.8499,18045319.7,2791621704.0,2791621704.0,27.91621704,27.91621704,1.03,,249.0394
002161,远望谷,深圳,通信设备,主板,20070821,20260701,5.92,10.0372,155019089.41,4379364400.0,4378487648.0,43.793644,43.78487648,1.42,284.4611,2.8793
002154,报喜鸟,浙江,服饰,主板,20070816,20260701,3.7,3.9326,117500698.39,5399534690.0,4365161210.0,53.9953469,43.6516121,1.02,15.7998,1.1073
002169,智光电气,广东,电气设备,主板,20070919,20260701,14.46,-1.2295,481753903.32,11317901286.0,10970426040.0,113.17901286,109.7042604,0.71,83.5159,4.0479
002167,东方锆业,广东,小金属,主板,20070913,20260701,24.28,10.0136,3966088328.2,18809067724.0,18421551640.0,188.09067724,184.2155164,0.84,356.3493,10.5706
002175,*ST东智,广西,电器仪表,主板,20071012,20260701,2.37,4.8673,1771338.0,3025970259.0,3025970259.0,30.25970259,30.25970259,0.03,,3.9099
002192,融捷股份,广东,小金属,主板,20071205,20260701,94.16,5.3244,3274316597.8799996,24449133632.0,24398522632.0,244.49133632,243.98522632,1.16,87.7052,6.3094
002166,莱茵生物,广西,中成药,主板,20070913,20260701,6.4,1.9108,65404737.83,4746300160.0,4726946560.0,47.4630016,47.2694656,0.63,33.162,1.4887
002172,澳洋健康,江苏,医疗保健,主板,20070921,20260701,2.92,3.5461,62131106.0,2235938316.0,2234210844.0,22.35938316,22.34210844,1.4,54.1503,12.3419
002174,游族网络,福建,互联网,主板,20070925,20260701,12.39,-1.7446,458551448.64000005,12139857051.0,12133019010.0,121.39857051,121.3301901,0.83,,2.6752
002173,创新医疗,浙江,医疗保健,主板,20070925,20260701,17.85,8.9744,1177401830.52,7876924754.999999,7512440250.0,78.76924754999999,75.1244025,1.32,,4.567
002179,中航光电,河南,元器件,主板,20071101,20260701,44.6,-3.4632,2989436375.96,93670984980.0,93500786920.0,936.7098498,935.0078692,1.03,43.3357,3.7965
002180,奔图科技,广东,IT设备,主板,20071113,20260701,16.25,-0.6724,543984646.9300001,23105532125.0,22104671875.0,231.05532125,221.04671875,0.79,,2.5322
601939,建设银行,北京,银行,主板,20070925,20260701,9.57,-0.6231,721122561.0,2503515650955.0,91811303232.0,25035.15650955,918.11303232,0.67,7.3871,0.7057
002182,宝武镁业,江苏,小金属,主板,20071113,20260701,15.88,1.991,987595677.24,15749649020.0,13744224164.0,157.4964902,137.44224164,1.42,,2.9821
002186,全聚德,北京,酒店餐饮,主板,20071120,20260701,8.52,2.8986,31031529.18,2614972032.0,2613949632.0,26.14972032,26.13949632,0.94,337.3438,3.0644
002190,成飞集成,四川,汽车配件,主板,20071203,20260701,24.19,-0.5345,109280633.36000001,8677661767.0,8677661767.0,86.77661767,86.77661767,0.86,,1.9958
002195,岩山科技,上海,软件服务,主板,20071212,20260701,6.6,0.9174,1026243896.8299999,37399182480.0,37064500440.0,373.9918248,370.6450044,0.93,405.3995,3.775
300213,佳讯飞鸿,北京,通信设备,创业板,20110505,20260701,6.16,1.6502,84481133.0,3661286552.0,3401686904.0,36.61286552,34.01686904,0.88,,1.7876
002199,*ST东晶,浙江,元器件,主板,20071221,20260701,11.9,5.0309,49185957.0,2896964560.0,2748091990.0,28.9696456,27.4809199,1.17,,15.9954
002201,九鼎新材,江苏,玻璃,主板,20071226,20260701,10.71,-2.0128,406806235.49,6979024773.0,6447668472.0,69.79024773,64.47668472,0.71,77.0639,5.8897
002204,大连重工,辽宁,专用机械,主板,20080116,20260701,5.37,1.7045,117262036.16,10371456900.0,10371456900.0,103.714569,103.714569,1.07,17.7874,1.2895
601601,中国太保,上海,保险,主板,20071225,20260701,29.99,5.1543,2873143952.0,288514041585.0,205282794585.00003,2885.14041585,2052.82794585,1.28,5.3923,0.9027
002206,海利得,浙江,化纤,主板,20080123,20260701,5.37,3.8685,90080015.0,6241052770.999999,5675934195.0,62.41052770999999,56.75934195,1.2,12.1337,1.5133
002215,诺普信,深圳,农药化肥,主板,20080218,20260701,8.56,4.0097,142357285.65,8599665328.0,6918322112.0,85.99665328,69.18322112,1.14,13.2218,1.762
002226,江南化工,安徽,化工原料,主板,20080506,20260701,4.64,3.3408,106859743.67999999,12291002256.0,12290979984.0,122.91002256,122.90979984,1.02,16.2247,1.2671
601898,中煤能源,北京,煤炭开采,主板,20080201,20260701,12.62,3.6125,671951822.0,167324332108.0,115498245048.0,1673.24332108,1154.98245048,1.14,9.3563,1.0202
601186,中国铁建,北京,建筑工程,主板,20080310,20260701,6.05,1.6807,250078350.0,82156226075.0,69594635275.0,821.56226075,695.94635275,0.88,4.4741,0.2956
002225,濮耐股份,河南,其他建材,主板,20080425,20260701,4.89,3.3827,460138545.09999996,5668679688.0,4638762069.0,56.68679688,46.38762069,1.02,65.4661,1.3726
002228,合兴包装,福建,广告包装,主板,20080508,20260701,3.05,3.7415,83326617.19999999,3700826080.0,3688431185.0,37.0082608,36.88431185,1.37,35.762,1.2296
002244,滨江集团,浙江,区域地产,主板,20080529,20260701,7.71,1.4474,228665830.56,23989232469.0,21260705103.000004,239.89232469,212.60705103000004,0.93,11.3354,0.7922
002249,大洋电机,广东,电气设备,主板,20080619,20260701,7.5,0.0,306472755.32,18493152750.0,13964516250.0,184.9315275,139.6451625,1.05,17.0803,1.8225
002243,力合科创,深圳,广告包装,主板,20080528,20260701,6.8,3.5008,143312966.22,8232108560.0,8188167640.0,82.3210856,81.8816764,1.33,46.5497,1.1287
002236,大华股份,浙江,IT设备,主板,20080520,20260701,16.58,0.5458,699786664.02,54204365618.0,39644885660.0,542.04365618,396.4488566,0.92,14.0501,1.4106
002248,华东数控,山东,机床制造,主板,20080612,20260701,9.09,1.0,108538597.0,2795135004.0,2795135004.0,27.95135004,27.95135004,1.02,82.8163,24.3651
002263,大东南,浙江,塑料,主板,20080728,20260701,3.32,0.3021,365071134.59999996,6236155532.0,6236105732.0,62.36155532,62.36105732,0.82,337.773,2.245
002274,华昌化工,江苏,农药化肥,主板,20080925,20260701,4.82,4.1037,69756654.31,4590397372.0,4520432662.0,45.90397372,45.20432662,1.37,,0.8698
002261,拓维信息,湖南,软件服务,主板,20080723,20260701,28.47,1.6423,1449081886.1100001,35871293914.0,32629623043.999996,358.71293914,326.29623044,0.97,562.7491,13.7757
002255,海陆重工,江苏,专用机械,主板,20080625,20260701,9.76,-0.611,343107424.37,8109398560.0,6226608672.0,81.0939856,62.26608672,1.06,19.4537,1.7552
002259,升达林业,四川,供气供热,主板,20080716,20260701,3.88,2.3747,77502843.44,2919033804.0,2919033804.0,29.19033804,29.19033804,1.06,22.1414,6.3709
601668,中国建筑,北京,建筑工程,主板,20090729,20260701,4.41,1.6129,804156927.0,182222921664.0,182222921664.0,1822.22921664,1822.22921664,0.87,4.6641,0.3673
002269,美邦服饰,上海,服饰,主板,20080828,20260701,1.35,3.0534,94743377.16,3391875000.0,3164034285.0,33.91875,31.64034285,1.47,,15.8454
002273,水晶光电,浙江,元器件,主板,20080919,20260701,39.03,10.0056,572810017.41,54276374766.0,53161919952.0,542.76374766,531.61919952,0.19,46.2943,5.3231
002276,万马股份,浙江,电气设备,主板,20090710,20260701,10.14,0.2967,171563812.11999997,10252304556.0,10211898684.0,102.52304556,102.11898684,0.97,29.5359,1.674
002287,奇正藏药,西藏,中成药,主板,20090828,20260701,19.46,3.2909,51880682.66,11133420171.999998,11110597484.0,111.33420171999998,111.10597484,1.12,17.1699,2.2083
002290,禾盛新材,江苏,家用电器,主板,20090903,20260701,88.85,-3.2873,1033572169.1,22044786740.0,21963373485.0,220.4478674,219.63373485,1.18,134.9354,21.8023
002300,太阳电缆,福建,电气设备,主板,20091021,20260701,6.81,0.7396,105671719.0,4919092497.0,4918828950.0,49.19092497,49.1882895,1.03,59.1626,2.5841
002297,博云新材,湖南,航空,主板,20090929,20260701,28.16,-2.8631,1920152230.83,16138631168.0,16138631168.0,161.38631168,161.38631168,0.68,260.9168,7.1421
002467,二六三,北京,互联网,主板,20100908,20260701,4.75,1.7131,199022349.7,6533016525.0,6492341324.999999,65.33016525,64.92341325,0.94,,4.179
002438,江苏神通,江苏,机械基件,主板,20100623,20260701,14.71,-1.4735,130554711.33999999,7465876625.0,6897235097.000001,74.65876625,68.97235097000001,0.8,26.1585,1.9615
002490,山东墨龙,山东,化工机械,主板,20101021,20260701,6.46,1.0955,143313585.0,5154100664.0,3499524120.0,51.54100664,34.9952412,0.84,999.7086,10.2318
002419,天虹股份,深圳,百货,主板,20100601,20260701,4.36,3.0733,63359198.839999996,4975878776.0,4975805092.0,49.75878776,49.75805092,0.96,59.8155,1.2016
300353,东土科技,北京,通信设备,创业板,20120927,20260701,21.78,4.8123,821971086.78,13392365184.0,11762532936.0,133.92365184,117.62532936,1.56,161.8517,6.0718
002304,洋河股份,江苏,白酒,主板,20091106,20260701,38.61,1.2058,326153590.01,58163845311.0,58162470795.0,581.63845311,581.62470795,1.06,26.3655,1.1812
002307,北新路桥,新疆,建筑工程,主板,20091111,20260701,3.03,5.2083,170241477.43,4995800370.0,4936242690.0,49.9580037,49.3624269,1.34,,1.1577
002312,川发龙蟒,四川,化工原料,主板,20091203,20260701,9.5,3.5987,449351183.38,17933237400.0,17896282400.0,179.332374,178.962824,0.6,43.3165,1.849
601618,中国中冶,北京,建筑工程,主板,20090921,20260701,2.47,1.2295,350055386.0,51108299424.0,44095969424.0,511.08299424,440.95969424,1.11,38.6666,0.4953
002313,日海智能,深圳,通信设备,主板,20091203,20260701,8.05,9.9727,42994072.0,3013920000.0,3013708285.0,30.1392,30.13708285,0.68,,39.3004
601117,中国化学,北京,建筑工程,主板,20100107,20260701,7.59,3.2653,1060974354.0,46349596170.0,46068117984.0,463.4959617,460.68117984,1.02,7.2015,0.6733
002327,富安娜,深圳,纺织,主板,20091230,20260701,6.11,2.862,33003009.960000005,5094932869.0,2999908574.0,50.94932869,29.99908574,1.18,15.1427,1.3516
002331,皖通科技,安徽,软件服务,主板,20100106,20260701,7.54,2.0298,78853826.63,3230375018.0000005,3041884820.0,32.30375018,30.4188482,0.89,,2.238
300019,硅宝科技,四川,化工原料,创业板,20091030,20260701,19.48,2.2036,391727661.64,7657913316.0,7180520852.0,76.57913316,71.80520852,1.68,27.4965,2.7799
002322,理工能科,浙江,软件服务,主板,20091218,20260701,9.8,1.0309,32563130.0,3582174400.0,3443717060.0,35.821744,34.4371706,1.08,16.6792,1.2615
002323,*ST雅博,山东,建筑工程,主板,20091218,20260701,1.39,2.963,93136267.00999999,2947988589.0,2947482351.0,29.47988589,29.47482351,0.87,,15.3835
002332,仙琚制药,浙江,化学制药,主板,20100112,20260701,8.16,1.2407,70626515.74000001,8071911984.0,8034121392.0,80.71911984,80.34121392,1.08,17.9519,1.3279
002334,英威腾,深圳,电气设备,主板,20100113,20260701,7.13,0.5642,150674642.22,5866140477.999999,5240636230.0,58.66140477999999,52.4063623,0.81,28.1585,1.9187
002337,赛象科技,天津,化工机械,主板,20100115,20260701,4.51,1.8059,40263708.0,2654656807.0000005,2651864215.0,26.546568070000006,26.51864215,0.96,54.0348,1.9898
002338,奥普光电,吉林,电器仪表,主板,20100115,20260701,57.7,0.8741,596835416.94,13848000000.0,13848000000.0,138.48,138.48,1.12,171.9708,9.5807
002339,积成电子,山东,电气设备,主板,20100122,20260701,7.0,1.0101,96375642.9,3528646100.0,3351043500.0,35.286461,33.510435,1.06,175.0109,2.0203
002538,ST司特,安徽,农药化肥,主板,20110118,20260701,6.11,0.3284,63390113.29,5215225938.0,5211807393.0,52.15225938,52.11807393,0.82,31.5845,0.9844
002346,柘中股份,上海,电气设备,主板,20100128,20260701,20.64,-3.5063,199857663.88,9114116256.0,8093222640.0,91.14116256,80.9322264,0.77,21.4252,3.1498
002349,精华制药,江苏,中成药,主板,20100203,20260701,6.39,2.8986,63759327.76,5310909837.0,5202615951.0,53.10909837,52.02615951,1.04,24.2192,1.8803
002352,顺丰控股,深圳,仓储物流,主板,20100205,20260701,32.2,3.007,1335466736.45,169542917600.00003,153594386400.0,1695.4291760000003,1535.943864,1.78,15.2505,1.6892
002455,百川股份,江苏,化工原料,主板,20100803,20260701,7.92,10.0,325396418.23,5721903000.0,5233631040.0,57.21903,52.3363104,1.05,,2.0867
002370,亚太药业,浙江,化学制药,主板,20100316,20260701,5.79,5.8501,340482999.3,4317414825.0,4317414825.0,43.17414825,43.17414825,1.19,44.8293,3.8628
002364,中恒电气,浙江,电气设备,主板,20100305,20260701,51.84,-3.6431,2500096527.5699997,29215209600.0,28932100992.0,292.152096,289.32100992,1.03,231.1795,11.6821
002366,融发核电,四川,专用机械,主板,20100312,20260701,5.98,0.8432,409088522.59000003,12444007087.0,11065133814.0,124.44007087,110.65133814,1.24,,2.6804
002374,中锐股份,山东,广告包装,主板,20100318,20260701,3.39,1.497,90504897.0,3678859527.0,3678859527.0,36.78859527,36.78859527,0.62,,6.8752
300042,朗科科技,深圳,IT设备,创业板,20100108,20260701,73.68,-3.269,2982645288.25,14765479368.0,14764116288.0,147.65479368,147.64116288,1.22,543.8963,13.0066
300047,天源迪科,深圳,软件服务,创业板,20100120,20260701,9.17,3.2658,165531928.39,5848118898.999999,5262767537.999999,58.48118898999999,52.62767537999999,1.18,190.4793,1.7695
002371,北方华创,北京,半导体,主板,20100316,20260701,935.36,5.743,13601836978.9,678780650112.0,678238747425.0001,6787.80650112,6782.387474250001,1.12,122.9231,17.2742
002566,益盛药业,吉林,中成药,主板,20110318,20260701,6.3,4.3046,48576480.1,2084995080.0,1460280150.0000002,20.8499508,14.602801500000002,1.12,71.8982,0.9276
300046,台基股份,湖北,半导体,创业板,20100120,20260701,35.69,-2.3796,887435383.9699999,8441805666.0,8441805666.0,84.41805666,84.41805666,0.99,171.9519,7.3444
300051,琏升科技,江苏,综合类,创业板,20100211,20260701,8.91,1.7123,173297606.9,3314677707.0,3273672996.0000005,33.14677707,32.736729960000005,0.9,,34.6908
002392,北京利尔,北京,其他建材,主板,20100423,20260701,7.98,-1.1152,248723700.0,9500117382.0,9237221868.0,95.00117382,92.37221868,0.52,23.6926,1.5952
300052,中青宝,深圳,互联网,创业板,20100211,20260701,13.81,1.9941,472320687.62,3616268647.0,3616165072.0,36.16268647,36.16165072,0.98,,10.4974
002388,新亚制程,浙江,元器件,主板,20100413,20260701,5.25,0.1908,147251722.0,2681162400.0,2657174099.9999995,26.811624,26.571740999999996,0.81,,2.7953
300057,万顺新材,广东,铝,创业板,20100226,20260701,8.7,0.2304,821558829.23,8731072050.0,7229491200.0,87.3107205,72.294912,0.75,,1.7042
002398,垒知集团,福建,其他建材,主板,20100506,20260701,3.81,1.6,58564838.629999995,2659525923.0,2322193857.0,26.59525923,23.22193857,1.18,49.1329,0.7332
002410,广联达,北京,软件服务,主板,20100525,20260701,8.39,2.8186,255382661.42,13859812677.0,13173293376.0,138.59812677,131.73293376,1.11,34.2121,2.2806
002404,嘉欣丝绸,浙江,纺织,主板,20100511,20260701,5.78,1.049,78511696.1,3237097670.0,2633040851.9999995,32.3709767,26.330408519999995,0.99,17.9753,1.5625
002403,爱仕达,浙江,家用电器,主板,20100511,20260701,9.81,9.9776,98652650.0,3341664666.0,2915154315.0,33.41664666,29.15154315,1.79,,2.416
300061,旗天科技,上海,互联网,创业板,20100319,20260701,7.63,9.1559,336958762.45,5028121931.0,4747154811.0,50.28121931,47.47154811,2.1,,10.8437
300062,中能电气,福建,电气设备,创业板,20100319,20260701,5.69,1.426,100657359.0,3584343805.9999995,2608058727.0,35.84343806,26.08058727,1.09,,2.3257
002422,科伦药业,四川,化学制药,主板,20100603,20260701,41.95,8.9045,2014403913.13,66733271339.99999,54476785985.0,667.3327133999999,544.76785985,1.85,39.2102,2.7085
002423,中粮资本,河南,多元金融,主板,20100603,20260701,9.05,9.9635,358969324.26000005,20852155680.0,20852155680.0,208.5215568,208.5215568,2.56,18.4081,0.8742
002442,龙星科技,河北,化工原料,主板,20100706,20260701,5.42,9.9391,159660750.0,2727831258.0,2670232918.0,27.27831258,26.70232918,0.92,68.9425,1.484
002426,胜利精密,江苏,元器件,主板,20100608,20260701,3.99,0.2513,580946810.4899999,13576477341.0,13576373601.0,135.76477341,135.76373601,0.64,,8.2698
002427,尤夫股份,浙江,化纤,主板,20100608,20260701,4.82,-4.3651,181413086.32999998,4749786096.0,4745376760.0,47.49786096,47.4537676,0.8,124.8798,5.0177
002644,佛慈制药,甘肃,中成药,主板,20111222,20260701,7.05,3.5242,42283108.5,3600131850.0,3600131850.0,36.0013185,36.0013185,1.26,73.1628,1.9509
002434,万里扬,浙江,汽车配件,主板,20100618,20260701,5.99,-0.9917,142473283.14000002,7862474000.0,7854808597.0,78.62474,78.54808597,1.38,32.7475,1.3275
300076,*ST宁视,浙江,IT设备,创业板,20100430,20260701,4.49,3.9352,27769711.8,1903760000.0,1903760000.0,19.0376,19.0376,1.16,,2.2679
300072,海新能科,北京,化工原料,创业板,20100427,20260701,3.53,3.8235,149658101.78,8294512659.0,8229705389.0,82.94512659,82.29705389,0.95,,1.5861
300067,安诺其,上海,染料涂料,创业板,20100421,20260701,5.66,4.428,297151352.7,6533760236.0,5304912542.0,65.33760236,53.04912542,0.79,,2.6262
002622,皓宸医疗,吉林,医疗保健,主板,20111018,20260701,2.13,2.8986,71423570.0,1789200213.0,1789147389.0,17.89200213,17.89147389,1.28,,6.6901
300080,易成新能,河南,电气设备,创业板,20100625,20260701,3.83,1.8617,89386864.32,7175046932.0,7165281964.0,71.75046932,71.65281964,1.02,,1.6695
300078,思创智联,浙江,软件服务,创业板,20100430,20260701,3.03,2.0202,124092444.98,3387152766.0,3373502313.0,33.87152766,33.73502313,1.62,,6.7156
300079,数码视讯,北京,IT设备,创业板,20100430,20260701,4.28,1.9048,132798969.48,6103400268.0,5484733116.0,61.03400268,54.84733116,1.16,183.9755,1.4828
601012,隆基绿能,陕西,电气设备,主板,20120411,20260701,13.19,0.5335,2682552381.0,99954690540.0,99954591615.0,999.5469054,999.54591615,1.26,,1.9804
002469,三维化学,山东,化工原料,主板,20100908,20260701,5.79,1.2238,43133219.5,3756914454.0000005,3638452791.0,37.56914454,36.38452791,0.71,20.1473,1.4172
002449,国星光电,广东,半导体,主板,20100716,20260701,7.76,0.129,144935061.61,4799383072.0,4799383072.0,47.99383072,47.99383072,0.75,,1.2774
300088,长信科技,安徽,元器件,创业板,20100526,20260701,11.09,-4.3966,4680673956.08,27699865624.0,27564221616.000004,276.99865624,275.64221616000003,0.91,136.0535,3.1902
002460,赣锋锂业,江西,小金属,主板,20100810,20260701,65.92,0.7951,3980111119.5800004,138214094848.0,79843490560.0,1382.14094848,798.4349056,1.0,85.6886,2.975
300097,智云股份,辽宁,专用机械,创业板,20100728,20260701,9.72,7.0485,205779350.92,2804702112.0,2624481648.0000005,28.04702112,26.244816480000004,2.08,,14.1642
002465,海格通信,广东,通信设备,主板,20100831,20260701,12.72,-0.3915,864169635.63,31568927207.999996,31518723912.0,315.68927207999997,315.18723912,0.86,,2.7636
601288,农业银行,北京,银行,主板,20100715,20260701,6.05,-0.3295,1899035121.0,2117397355095.0,1931427475340.0,21173.97355095,19314.2747534,0.82,7.2753,0.7491
300173,ST福能,广东,轻工机械,创业板,20110201,20260701,3.25,2.5237,30989088.0,2387858525.0,2387858525.0,23.87858525,23.87858525,0.88,,2.9414
002470,金正大,山东,农药化肥,主板,20100908,20260701,2.11,4.4554,328000009.0,6933518447.0,6932902749.0,69.33518447,69.32902749,1.0,200.4171,3.2521
002756,永兴材料,浙江,小金属,主板,20150515,20260701,58.89,3.9725,1524072272.8899999,31747687335.0,22795017531.0,317.47687335,227.95017531,1.2,47.9962,2.4063
002310,东方新能,北京,新型电力,主板,20091127,20260701,2.38,-0.4184,506275575.0,14278386836.000002,10469642610.0,142.78386836,104.6964261,2.24,,5.9598
601139,深圳燃气,深圳,供气供热,主板,20091225,20260701,5.77,1.9435,121178144.0,16598814611.0,16598814611.0,165.98814611,165.98814611,1.13,11.7891,1.0059
002311,海大集团,广东,饲料,主板,20091127,20260701,45.99,3.0935,539943065.44,75671119744.0,75597774110.0,756.71119744,755.9777411,1.09,17.6788,2.9756
002523,天桥起重,湖南,专用机械,主板,20101210,20260701,3.03,1.6779,62489934.690000005,4292421623.9999995,4276974381.0000005,42.92421623999999,42.76974381,1.03,35.952,1.7366
002318,久立特材,浙江,特种钢,主板,20091211,20260701,23.82,-0.3347,207597733.08,23276206074.0,22740687216.0,232.76206074,227.40687216,0.65,15.4211,2.5528
002319,乐通股份,广东,染料涂料,主板,20091211,20260701,10.4,0.7752,66206343.519999996,2178514000.0,2178514000.0,21.78514,21.78514,0.74,,12.19
002321,华英农业,河南,农业综合,主板,20091216,20260701,1.76,5.3892,71264660.39999999,3753886576.0,3738004336.0,37.53886576,37.38004336,1.6,,4.0719
300007,汉威科技,河南,电器仪表,创业板,20091030,20260701,39.99,4.6859,946176368.63,13094549544.0,11315022537.0,130.94549544,113.15022537,1.64,82.4514,4.4319
300011,鼎汉技术,北京,运输设备,创业板,20091030,20260701,6.27,3.125,68075095.0,3796832358.0000005,3180495120.0,37.96832358,31.8049512,0.76,,2.5119
601801,皖新传媒,安徽,出版业,主板,20100118,20260701,4.97,0.8114,94303355.0,9730918064.0,9730918064.0,97.30918064,97.30918064,1.92,12.1466,0.8006
002328,新朋股份,上海,汽车配件,主板,20091230,20260701,7.51,2.3161,174857672.0,5795992700.0,4286641912.0,57.959927,42.86641912,0.79,41.1984,1.6966
300018,中元股份,湖北,电气设备,创业板,20091030,20260701,12.7,2.834,254233776.19,6206623350.0,4623365150.0,62.0662335,46.2336515,1.28,44.6167,4.3015
300017,网宿科技,上海,软件服务,创业板,20091030,20260701,13.35,2.6134,2030537453.66,33317390745.0,31258211985.0,333.17390745,312.58211985,1.21,41.6714,3.1567
300015,爱尔眼科,湖南,医疗保健,创业板,20091030,20260701,8.54,3.3898,1085434057.52,79638886964.0,67938756466.0,796.38886964,679.38756466,1.14,24.5779,3.4558
300021,大禹节水,甘肃,建筑工程,创业板,20091030,20260701,3.99,0.0,75371093.02,4079246325.0,3484822908.0,40.79246325,34.84822908,0.88,83.42,1.5553
300033,同花顺,浙江,软件服务,创业板,20091225,20260701,258.0,7.0539,10343178295.1,194181120000.0,113110012200.0,1941.8112,1131.100122,1.51,60.5854,27.7814
002320,海峡股份,海南,水运,主板,20091216,20260701,6.43,2.5518,135283647.75,14376181140.0,14376181140.0,143.7618114,143.7618114,1.41,83.0311,3.4889
300027,ST华谊,浙江,影视音像,创业板,20091030,20260701,1.68,2.439,70502498.55,4661169912.0,4174903824.0,46.61169912,41.74903824,0.75,,
002329,皇氏集团,广西,乳制品,主板,20100106,20260701,2.94,10.1124,171241905.23999998,2447267760.0,1915683126.0,24.4726776,19.15683126,1.96,,4.9118
300139,晓程科技,北京,黄金,创业板,20101112,20260701,36.68,0.3557,554088322.48,10050320000.0,8570619456.0,100.5032,85.70619456,0.88,66.3715,8.4348
002343,慈文传媒,江西,影视音像,主板,20100126,20260701,4.53,3.8991,78940057.6,2145771759.0,2145771759.0,21.45771759,21.45771759,1.47,,2.2455
300034,钢研高纳,北京,航空,创业板,20091225,20260701,17.4,1.5169,269209145.9,13867130100.0,13346786580.0,138.671301,133.4678658,1.1,158.577,3.5974
601678,滨化股份,山东,化工原料,主板,20100223,20260701,7.0,6.2215,2499534521.0,14397854100.0,14303354100.0,143.978541,143.033541,1.82,63.9106,1.2317
002353,杰瑞股份,山东,化工机械,主板,20100205,20260701,154.64,1.4033,2192943246.42,158329060912.0,106862209104.0,1583.29060912,1068.62209104,0.83,59.0675,6.7397
002354,天娱数科,辽宁,互联网,主板,20100209,20260701,9.4,1.0753,4962384391.85,15553106520.0,15281521720.0,155.5310652,152.8152172,1.15,,11.3096
300035,中科电气,湖南,电气设备,创业板,20091225,20260701,14.44,0.1387,278561138.33,9897560104.0,8423591328.0,98.97560104,84.23591328,0.88,21.0602,1.965
300036,超图软件,北京,软件服务,创业板,20091225,20260701,11.48,1.8634,120963129.05,5656961716.0,5109204996.0,56.56961716,51.09204996,0.81,120.7587,2.1442
300030,阳普医疗,广东,医疗保健,创业板,20091225,20260701,6.14,5.6799,64420704.78,1898410636.0,1671477464.0,18.98410636,16.71477464,1.24,130.6511,2.9568
300041,回天新材,湖北,化工原料,创业板,20100108,20260701,15.39,-0.9653,962406735.3900001,8609718501.0,8373520476.000001,86.09718501,83.73520476000002,1.07,39.0302,2.843
002369,卓翼科技,深圳,通信设备,主板,20100316,20260701,5.46,0.5525,99217008.61,3095581398.0,3091471109.9999995,30.95581398,30.914711099999995,1.05,,16.5512
300040,九洲集团,黑龙江,新型电力,创业板,20100108,20260701,5.84,2.6362,158747766.0,3757516736.0,3021475839.9999995,37.57516736,30.214758399999994,0.89,91.7699,1.4378
601058,赛轮轮胎,山东,汽车配件,主板,20110630,20260701,11.43,-0.8673,542546109.0,37582986429.0,37582986429.0,375.82986429,375.82986429,1.07,10.6694,1.6767
002360,ST同德,山西,化工原料,主板,20100303,20260701,4.94,5.1064,9586634.84,1984764548.0,1608067318.0,19.84764548,16.08067318,0.29,,2.1594
002380,科远智慧,江苏,软件服务,主板,20100331,20260701,35.61,4.1837,256100005.0,8546104436.999999,5063884440.0,85.46104437,50.6388444,0.97,61.5289,3.5119
002378,章源钨业,江西,小金属,主板,20100331,20260701,32.9,-1.7324,2064255594.3899999,39526642330.0,39319494060.0,395.2664233,393.1949406,0.76,136.099,14.5315
300050,世纪鼎利,广东,通信设备,创业板,20100120,20260701,5.93,0.1689,155613552.20000002,3230940931.0,3228969206.0,32.30940931,32.28969206,1.04,208.4602,7.8288
300044,*ST赛为,深圳,软件服务,创业板,20100120,20260701,5.56,8.1712,329238417.12,4247112751.9999995,3977502792.0,42.471127519999996,39.77502792,1.8,,
002363,隆基机械,山东,汽车配件,主板,20100305,20260701,6.12,1.6611,40490133.1,2551399236.0,2544440184.0,25.51399236,25.44440184,1.01,38.0961,1.1692
002421,达实智能,深圳,软件服务,主板,20100603,20260701,3.47,0.0,656484684.98,7358418499.0,6951718884.000001,73.58418499,69.51718884,0.57,,2.7097
002630,*ST华西,四川,专用机械,主板,20111111,20260701,1.77,1.1429,24025428.400000002,2090016000.0,1905473676.0,20.90016,19.05473676,0.92,,
002394,联发股份,江苏,纺织,主板,20100423,20260701,9.71,8.8565,119389966.52,3143127000.0,3137507823.0,31.43127,31.37507823,1.87,10.3499,0.7244
300053,航宇微,广东,半导体,创业板,20100211,20260701,16.8,2.1277,670352783.58,11707488240.0,10933757520.0,117.0748824,109.3375752,1.35,,8.2784
002407,多氟多,河南,化工原料,主板,20100518,20260701,55.25,9.994,3893123432.31,65771395625.0,59601893324.99999,657.71395625,596.0189332499999,0.43,309.0981,7.4993
002389,航天彩虹,浙江,航空,主板,20100413,20260701,17.98,1.1818,395643554.55,17708789680.0,17706006376.0,177.0878968,177.06006376,1.25,657.4791,2.1829
002390,信邦制药,贵州,医药商业,主板,20100416,20260701,2.7,3.4483,67681396.0,5248400130.0,5205034890.0,52.4840013,52.0503489,1.06,43.6328,0.7675
002391,长青股份,江苏,农药化肥,主板,20100416,20260701,5.06,3.9014,47043758.32,3286938556.0,2298088056.0,32.86938556,22.98088056,1.29,81.0813,0.7677
002399,海普瑞,深圳,化学制药,主板,20100506,20260701,9.29,3.4521,67163643.4,13631181698.0,11586503793.0,136.31181698,115.86503793,1.12,39.0035,1.1192
002400,省广集团,广东,广告包装,主板,20100506,20260701,6.39,1.2678,371084940.04999995,11139924069.0,11030191794.0,111.39924069,110.30191794,0.99,123.8189,2.2228
002808,恒久退,江苏,元器件,主板,20160812,20260701,0.23,9.5238,1966894.64,61824000.0,42978053.0,0.61824,0.42978053,0.45,,0.2583
002402,和而泰,深圳,元器件,主板,20100511,20260701,26.86,3.9876,2534773110.18,24802241970.0,21984335196.000004,248.0224197,219.84335196000004,2.07,37.3848,3.5958
002409,雅克科技,江苏,半导体,主板,20100525,20260701,236.09,5.1626,10630285783.4,112361747084.0,75200024243.0,1123.61747084,752.00024243,1.15,112.3262,13.8698
601010,ST文峰,江苏,百货,主板,20110603,20260701,1.46,5.036,42517147.0,2698080000.0,2698080000.0,26.9808,26.9808,1.29,,0.6534
002415,海康威视,浙江,IT设备,主板,20100528,20260701,34.03,-0.4971,5059760383.7,311880580548.0,307849066866.0,3118.80580548,3078.49066866,1.17,21.9706,3.6238
002413,雷科防务,北京,通信设备,主板,20100528,20260701,10.09,3.3811,876087102.47,13312147663.0,13070893745.0,133.12147663,130.70893745,1.41,,4.0479
300066,三川智慧,江西,电器仪表,创业板,20100326,20260701,5.98,7.1685,303064844.71999997,6219398536.0,5968633814.0,62.19398536,59.68633814,1.07,43.7752,2.3659
300063,天龙集团,广东,互联网,创业板,20100326,20260701,8.85,1.9585,264177449.00000003,6712964835.0,5544674565.0,67.12964835,55.44674565,1.06,59.0656,3.798
002418,康盛股份,浙江,家用电器,主板,20100601,20260701,3.98,1.0152,207026621.0,4522872000.0,4522860060.0,45.22872,45.2286006,0.46,180.3641,3.106
002459,晶澳科技,河北,电气设备,主板,20100810,20260701,8.72,7.6543,1079924414.0600002,28860696488.0,28826390264.0,288.60696488,288.26390264,2.23,,1.389
300105,龙源技术,山东,环境保护,创业板,20100820,20260701,7.13,0.8487,219657149.44,3677757385.0,3675321777.0,36.77757385,36.75321777,1.0,,1.9699
002440,闰土股份,浙江,染料涂料,主板,20100706,20260701,11.28,10.0488,692782182.53,12678718872.0,10674934032.0,126.78718872,106.74934032,0.75,18.9415,1.2523
002613,北玻股份,河南,专用机械,主板,20110830,20260701,3.79,-3.3163,323446405.29,4171155373.0000005,2932216501.0000005,41.711553730000006,29.322165010000006,0.82,133.0166,1.8896
603002,宏昌电子,广东,化工原料,主板,20120518,20260701,23.78,-1.6136,2159393349.0,26968386730.0,26968386730.0,269.6838673,269.6838673,0.75,762.4294,7.804
300235,方直科技,深圳,软件服务,创业板,20110629,20260701,12.75,0.8703,115737650.1,3209769150.0,2589943200.0,32.0976915,25.899432,1.06,172.6543,4.5237
601377,兴业证券,福建,证券,主板,20101013,20260701,6.27,3.8079,1411715175.0,54147640371.0,54147640371.0,541.47640371,541.47640371,1.44,18.8644,0.956
300106,西部牧业,新疆,乳制品,创业板,20100820,20260701,10.14,3.0488,83500730.23,2142909522.0,2142909522.0,21.42909522,21.42909522,1.18,,5.6875
002475,立讯精密,深圳,元器件,主板,20100915,20260701,66.24,-5.9091,14148227157.1,484761398262.0,483653216045.00006,4847.61398262,4836.53216045,0.71,29.2029,5.4874
300128,锦富技术,江苏,元器件,创业板,20101013,20260701,6.01,1.5203,304465349.37,7807684155.0,7797766453.0,78.07684155,77.97766453,0.91,,18.512
002481,双塔食品,山东,食品,主板,20100921,20260701,3.95,4.2216,76281826.67999999,4873101175.0,4416702770.0,48.73101175,44.1670277,1.92,149.1956,2.0054
300125,*ST聆达,辽宁,电气设备,创业板,20101013,20260701,9.17,1.2141,36503074.0,6105844500.0,3308631368.0,61.058445,33.08631368,0.92,300.444,5.846
300122,智飞生物,重庆,生物制药,创业板,20100928,20260701,12.37,5.8169,459631920.21000004,29611178589.0,17494960272.0,296.11178589,174.94960272,1.34,,1.9164
300127,银河磁体,四川,矿物制品,创业板,20101013,20260701,28.58,2.254,227584787.95,9235521254.0,6596724138.0,92.35521254,65.96724138,1.1,51.9656,5.8884
002518,科士达,深圳,电气设备,主板,20101207,20260701,51.47,-3.956,1272171931.47,29967125897.0,29087575655.0,299.67125897,290.87575655,1.35,49.055,6.0227
002491,通鼎互联,江苏,通信设备,主板,20101021,20260701,29.59,-8.6728,5459576511.98,36395537255.0,34811714751.0,363.95537255,348.11714751,1.16,,14.4408
300130,新国都,深圳,IT设备,创业板,20101019,20260701,21.43,1.8536,382550833.02000004,12157354722.0,9304213811.0,121.57354722,93.04213811,0.83,25.9321,2.6911
002494,华斯股份,河北,服饰,主板,20101102,20260701,4.61,3.8288,59516709.0,1739402327.0,1322011544.0,17.39402327,13.22011544,0.96,84.6731,1.3823
002498,汉缆股份,山东,电气设备,主板,20101109,20260701,6.64,-2.6393,455640092.14000005,22089925440.000004,22089925440.000004,220.89925440000005,220.89925440000005,1.15,39.9128,2.5065
300137,先河环保,河北,环境保护,创业板,20101105,20260701,17.7,1.4908,300677821.40000004,9497504940.0,9381603570.0,94.9750494,93.8160357,0.76,732.0463,5.7933
300138,晨光生物,河北,食品,创业板,20101105,20260701,9.31,3.4444,54949475.22,4497661931.0,3708296823.0,44.97661931,37.08296823,1.23,12.193,1.2954
300142,沃森生物,云南,生物制药,创业板,20101112,20260701,13.35,2.7714,1284079348.6200001,21351302475.0,20832712380.0,213.51302475,208.3271238,1.32,120.1256,2.882
002501,*ST利源,吉林,铝,主板,20101117,20260701,1.3,2.3622,53420703.92,4615000000.0,4610409960.0,46.15,46.1040996,1.22,,28.7688
002510,天汽模,天津,汽车配件,主板,20101125,20260701,5.69,4.9815,192201889.03,5776139203.0,5717578861.0,57.76139203,57.17578861,1.4,87.7075,2.2784
002738,中矿资源,北京,小金属,主板,20141230,20260701,64.89,10.0017,1273412795.37,46817609391.0,46151584920.0,468.17609391,461.5158492,0.52,102.3023,3.6699
300143,盈康生命,山东,医疗保健,创业板,20101209,20260701,6.98,3.5608,100387950.92,6791063266.0,5818771602.0,67.91063266,58.18771602,1.09,99.0807,2.6721
002507,涪陵榨菜,重庆,食品,主板,20101123,20260701,11.08,2.5926,123867029.3,12785422520.0,12712230256.0,127.8542252,127.12230256,1.07,16.6469,1.417
300158,振东制药,山西,化学制药,创业板,20110107,20260701,4.84,4.9892,114471701.10000001,4802747004.0,4798828540.0,48.02747004,47.9882854,1.48,,1.4345
002516,旷达科技,湖南,汽车配件,主板,20101207,20260701,5.58,0.0,102377411.0,8207279946.0,8132452145.999999,82.07279946,81.32452145999999,0.87,44.5618,2.1416
002522,浙江众成,浙江,塑料,主板,20101210,20260701,7.17,-10.0376,954703452.62,6494438297.999999,6488992683.0,64.94438297999999,64.88992683,1.12,111.4705,2.7868
300149,睿智医药,广东,生物制药,创业板,20101222,20260701,9.9,3.7736,569548707.9300001,4929843600.0,4698178650.0,49.298436,46.9817865,1.13,367.5652,3.845
300155,安居宝,广东,IT设备,创业板,20110107,20260701,4.03,2.8061,39206218.75,2261748034.0,1327656096.0,22.61748034,13.27656096,1.13,,1.8928
002606,大连电瓷,辽宁,电气设备,主板,20110805,20260701,13.04,-2.7591,370962515.04,5725515832.0,5491692984.0,57.25515832,54.91692984,1.28,27.0249,2.907
300162,雷曼光电,深圳,元器件,创业板,20110113,20260701,13.11,-5.0688,1070950811.8100001,5499777411.0,4485741198.0,54.99777411,44.85741198,0.95,,6.6574
300161,华中数控,湖北,机床制造,创业板,20110113,20260701,29.81,2.3695,217300088.0,5923154589.0,5812780083.0,59.23154589,58.12780083,1.12,362.9373,3.8372
002540,亚太科技,江苏,铝,主板,20110118,20260701,4.8,2.7837,67528315.96000001,6005491679.999999,4119366720.0,60.054916799999994,41.1936672,1.27,14.1091,1.0748
601933,永辉超市,福建,超市连锁,主板,20101215,20260701,3.12,9.8592,783720951.0,27846116064.0,27846116064.0,278.46116064,278.46116064,1.68,,13.0112
300159,新研股份,新疆,农用机械,创业板,20110107,20260701,3.42,2.3952,227800120.02,11253239820.0,6300827424.0,112.5323982,63.00827424,1.0,260.9017,4.0282
300223,北京君正,北京,半导体,创业板,20110531,20260701,259.05,4.0779,15445071270.6,125293236915.0,109239882510.0,1252.93236915,1092.3988251,1.06,333.0265,9.8536
300163,先锋新材,浙江,家居用品,创业板,20110113,20260701,5.39,0.9363,91141418.93,2554860000.0,2461053518.0,25.5486,24.61053518,0.7,36.5567,4.6508
002536,飞龙股份,河南,汽车配件,主板,20110111,20260701,48.19,2.1407,1751047330.66,27698932521.0,26234689008.999996,276.98932521,262.34689009,0.65,87.3995,7.8869
300174,元力股份,福建,化工原料,创业板,20110201,20260701,31.51,7.8371,1726277740.8600001,11476268444.0,11412750554.0,114.76268444,114.12750554,1.23,50.2914,3.2862
300167,ST迪威迅,深圳,软件服务,创业板,20110125,20260701,4.61,3.132,34483065.5,1919276228.9999998,1632331850.0,19.192762289999997,16.3233185,0.68,,32.0532
002541,鸿路钢构,安徽,钢加工,主板,20110118,20260701,17.57,1.4434,248621222.9,12123623288.0,8717738526.0,121.23623288,87.17738526,1.23,19.2081,1.2301
300177,中海达,广东,通信设备,创业板,20110215,20260701,6.34,2.2581,67100659.620000005,4718032094.0,3843962922.0000005,47.18032094,38.43962922000001,0.92,,3.7376
601700,风范股份,江苏,电气设备,主板,20110118,20260701,4.58,5.0459,93974193.0,5215508434.0,5215508434.0,52.15508434,52.15508434,1.48,,2.4247
300184,力源信息,湖北,元器件,创业板,20110222,20260701,16.85,-3.9886,2155465691.27,19361645835.0,17726718980.0,193.61645835,177.2671898,0.94,112.6054,4.5937
002555,三七互娱,安徽,互联网,主板,20110302,20260701,19.18,1.6428,997533823.49,42430717167.99999,30445541784.0,424.3071716799999,304.45541784,0.91,14.6301,2.927
002559,亚威股份,江苏,机床制造,主板,20110303,20260701,13.98,9.9921,289025316.0,7685714700.0,7045989900.0,76.857147,70.459899,0.2,72.7516,4.3277
002553,南方精工,江苏,汽车配件,主板,20110225,20260701,16.13,0.8755,116931324.91,5700496848.0,4132660848.0,57.00496848,41.32660848,0.83,16.4942,3.6273
300205,*ST天喻,湖北,通信设备,创业板,20110421,20260701,5.0,1.626,14018259.75,2150280000.0,2150280000.0,21.5028,21.5028,1.21,,5.1704
300220,金运激光,湖北,专用机械,创业板,20110525,20260701,10.66,2.5987,44281592.0,1611792000.0,1609865738.0000002,16.11792,16.098657380000002,1.14,1070.2104,26.5856
300188,国投智能,福建,软件服务,创业板,20110316,20260701,9.69,3.6364,138409109.23999998,8328335037.0,8289878334.0,83.28335037,82.89878334,1.38,,3.3362
002556,辉隆股份,安徽,农药化肥,主板,20110302,20260701,4.56,1.7857,73400068.45,4316122445.0,4311570197.0,43.16122445,43.11570197,1.83,22.2866,1.1803
002577,雷柏科技,深圳,IT设备,主板,20110428,20260701,18.91,2.9956,124903840.4,5307810080.0,5307526430.0,53.0781008,53.0752643,1.1,,4.5634
300375,鹏翎股份,天津,汽车配件,创业板,20140127,20260701,4.16,1.4634,40164376.0,3160513408.0,2197510432.0,31.60513408,21.97510432,0.75,,1.534
300192,科德教育,江苏,文教休闲,创业板,20110322,20260701,17.41,6.6789,300252424.58,5730384852.999999,5651942357.0,57.30384852999999,56.51942357,1.64,46.3291,5.7383
601992,金隅集团,北京,水泥,主板,20110301,20260701,1.39,2.2059,89644975.0,14842101828.999998,11584480037.0,148.42101828999998,115.84480037,1.11,,0.3821
002492,恒基达鑫,广东,仓储物流,主板,20101102,20260701,5.49,1.4787,41576666.0,2223450000.0,2184112503.0,22.2345,21.84112503,0.79,,1.3699
002445,中南文化,江苏,钢加工,主板,20100713,20260701,2.89,1.7606,215231824.82999998,6868395964.0,6838624340.0,68.68395964,68.3862434,1.05,91.9869,3.0062
300238,冠昊生物,广东,医疗保健,创业板,20110706,20260701,12.15,4.7414,126681877.0,3221641755.0,3221379315.0,32.21641755,32.21379315,1.22,132.3272,5.5534
002458,益生股份,山东,农业综合,主板,20100810,20260701,8.55,10.0386,697744765.27,12236701005.0,8262596880.0,122.36701005,82.6259688,3.93,73.9735,2.7597
601717,中创智领,河南,专用机械,主板,20100803,20260701,14.08,1.2221,252778802.0,25138430592.0,21713693056.0,251.38430592,217.13693056,0.9,5.8551,1.0035
601718,ST际华,北京,服饰,主板,20100816,20260701,1.51,4.8611,71308354.0,6585214945.0,6585214945.0,65.85214945,65.85214945,0.82,,0.5444
300253,卫宁健康,上海,软件服务,创业板,20110818,20260701,7.02,4.3091,423491038.51,15452933651.999998,12709713510.0,154.52933652,127.0971351,1.24,,2.8052
300124,汇川技术,深圳,电器仪表,创业板,20100928,20260701,68.2,2.8192,3209138997.31,184658585980.0,164383462540.0,1846.5858598,1643.8346254,1.09,36.566,5.0755
300245,ST天玑,上海,软件服务,创业板,20110719,20260701,5.68,3.0853,54985854.57,1732684000.0,1728870448.0,17.32684,17.28870448,1.09,,1.4355
300102,乾照光电,福建,半导体,创业板,20100812,20260701,25.58,-1.7665,1629655319.76,23542138604.0,23429328246.0,235.42138604,234.29328246,0.97,205.339,5.4122
300113,顺网科技,浙江,互联网,创业板,20100827,20260701,18.54,1.8122,579588407.5400001,12498998706.0,9437236362.0,124.98998706,94.37236362,1.35,29.9281,4.7461
300129,泰胜风能,上海,电气设备,创业板,20101019,20260701,8.62,0.8187,192830545.17999998,9558315446.0,6195281924.000001,95.58315446,61.95281924000001,1.14,44.5432,1.6572
300109,新开源,河南,化工原料,创业板,20100825,20260701,15.96,-0.5607,163827754.81,9206629740.0,8259387780.000001,92.0662974,82.59387780000002,0.76,48.4342,2.4879
300111,向日葵,浙江,化学制药,创业板,20100827,20260701,2.96,2.7778,157081059.9,3810143672.0,3810143672.0,38.10143672,38.10143672,1.27,,5.6287
002471,中超控股,江苏,电气设备,主板,20100910,20260701,6.09,0.995,416196260.02,8335748400.0,8181981838.0,83.357484,81.81981838,1.12,,4.6193
002530,金财互联,江苏,专用机械,主板,20101231,20260701,6.94,2.0588,104304396.15,5407634814.000001,4824155702.0,54.07634814000001,48.24155702,1.07,83.3781,4.0108
002472,双环传动,浙江,汽车配件,主板,20100910,20260701,42.7,2.8668,2590001753.69,36294901790.0,31965023580.0,362.9490179,319.6502358,1.59,28.7708,3.522
002595,豪迈科技,山东,专用机械,主板,20110628,20260701,46.49,-0.2361,176724624.7,53928400000.0,53555485114.0,539.284,535.55485114,0.74,22.5328,4.3027
601098,中南传媒,湖南,出版业,主板,20101028,20260701,10.02,1.8293,92267731.0,17995920000.0,17995920000.0,179.9592,179.9592,1.42,11.2891,1.0873
300120,经纬辉开,天津,元器件,创业板,20100917,20260701,11.15,-1.5887,786440299.02,6404491985.000001,5881034050.0,64.04491985000001,58.8103405,0.68,,2.5532
601818,光大银行,北京,银行,主板,20100818,20260701,2.93,1.3841,628644532.0,173120664723.0,135971969708.0,1731.20664723,1359.71969708,0.87,4.4589,0.3432
002486,嘉麟杰,上海,服饰,主板,20101015,20260701,2.22,3.7383,74023760.0,1829908482.0,1821372360.0,18.29908482,18.2137236,0.99,39.4818,1.7006
002482,广田集团,深圳,装修装饰,主板,20100929,20260701,1.23,4.2373,104862062.1,4613683752.0,4604763054.0,46.13683752,46.04763054,1.19,,10.3684
300123,ST亚光,湖南,半导体,创业板,20100928,20260701,3.79,7.3654,167186089.75,3872751239.0,3767337316.0,38.72751239,37.67337316,1.18,,12.408
002487,大金重工,辽宁,电气设备,主板,20101015,20260701,55.04,-5.0543,1488674546.02,40606310400.0,34725853312.0,406.063104,347.25853312,1.39,36.8045,4.664
002615,哈尔斯,浙江,家居用品,主板,20110909,20260701,7.1,2.8986,176687755.37,3974663069.9999995,2145070460.0,39.7466307,21.4507046,1.64,56.6168,1.6673
002483,润邦股份,江苏,专用机械,主板,20100929,20260701,4.98,0.8097,42560212.47,4414612632.0,4408548984.0,44.14612632,44.08548984,0.79,12.2458,0.9584
002497,雅化集团,四川,小金属,主板,20101109,20260701,21.0,3.0928,1190711388.49,24203812920.0,22251339915.0,242.0381292,222.51339915,0.91,38.2741,2.1938
002643,万润股份,山东,化工原料,主板,20111220,20260701,21.82,4.1527,1244555317.74,19984940182.0,19686331300.0,199.84940182,196.863313,1.06,70.2507,2.7947
300136,信维通信,深圳,元器件,创业板,20101105,20260701,112.16,-5.9455,11591868763.0,108522498438.00002,92554458694.0,1085.2249843800003,925.54458694,0.87,153.1319,13.5262
300141,和顺电气,江苏,电气设备,创业板,20101112,20260701,9.45,0.639,54991101.0,2436631470.0,2406147660.0,24.3663147,24.0614766,1.26,,3.9333
300140,节能环境,陕西,环境保护,创业板,20101112,20260701,5.08,2.2133,85308243.78,15743260868.0,5182216204.0,157.43260868,51.82216204,1.27,18.0714,1.0959
002554,惠博普,湖南,石油开采,主板,20110225,20260701,3.09,-0.9615,71002091.0,4121195109.0,4120425081.0,41.21195109,41.20425081,0.73,,2.1582
002514,*ST宝馨,江苏,机械基件,主板,20101203,20260701,2.36,4.8889,83635353.46,1699280948.0,1307516936.0,16.99280948,13.07516936,1.38,,
002513,蓝丰生化,江苏,新型电力,主板,20101203,20260701,4.92,2.9289,50745863.0,1847922480.0,1422083195.9999998,18.4792248,14.220831959999998,1.12,,46.095
601777,千里科技,重庆,摩托车,主板,20101125,20260701,7.97,-2.3284,373461984.0,36033167797.0,36033167797.0,360.33167797,360.33167797,1.15,426.8917,3.482
601880,辽港股份,辽宁,港口,主板,20101206,20260701,1.4,1.4493,159614944.0,33000474080.0,25778271680.0,330.0047408,257.7827168,1.08,25.2531,0.8105
002515,金字火腿,浙江,食品,主板,20101203,20260701,10.32,3.0969,914190844.02,12493537512.0,11371080648.0,124.93537512,113.71080648,0.76,493.7581,4.756
300168,万达信息,上海,软件服务,创业板,20110125,20260701,4.69,2.1786,108797681.0,6756547665.0,6749765925.0,67.56547665,67.49765925,1.26,,6.5708
002519,银河电子,江苏,通信设备,主板,20101207,20260701,5.96,1.8803,231541725.2,6713528164.0,6660922820.0,67.13528164,66.6092282,1.13,,3.0272
002743,富煌钢构,安徽,钢加工,主板,20150217,20260701,4.05,4.9223,45946575.7,1762837425.0,1760012550.0,17.62837425,17.6001255,1.23,,0.7597
002534,西子洁能,浙江,专用机械,主板,20110110,20260701,17.01,-8.3019,490591433.31,14219256051.0,14039419527.0,142.19256051,140.39419527,1.48,32.5698,2.509
002702,海欣食品,福建,食品,主板,20121011,20260701,4.59,3.1461,97816139.7,2550938859.0,2105634042.0,25.50938859,21.05634042,1.45,,2.4606
300191,潜能恒信,北京,石油开采,创业板,20110316,20260701,28.46,2.9295,162537480.63,9107200000.0,6295209700.0,91.072,62.952097,0.86,209.4461,7.8762
300165,天瑞仪器,江苏,电器仪表,创业板,20110125,20260701,5.6,6.2619,139198639.1,2774865520.0000005,2354994320.0,27.748655200000005,23.5499432,1.5,,2.6286
002539,云图控股,四川,农药化肥,主板,20110118,20260701,11.43,0.9717,266928015.25,13804281891.0,10170340848.0,138.04281891,101.70340848,0.9,16.6904,1.421
601890,亚星锚链,江苏,船舶,主板,20101228,20260701,8.3,1.5912,137005634.0,7963020000.0,7963020000.0,79.6302,79.6302,1.15,25.086,2.0453
002537,海联金汇,山东,汽车配件,主板,20110110,20260701,5.53,4.5369,199226329.77,6492312351.000001,6474068881.0,64.92312351000001,64.74068881,1.81,21.6102,1.479
300172,中电环保,江苏,环境保护,创业板,20110201,20260701,4.21,1.937,54642998.2,2848949099.9999995,2201559297.0,28.489490999999994,22.01559297,1.06,34.8748,1.4549
300171,东富龙,上海,医疗保健,创业板,20110201,20260701,11.73,6.0579,171474404.48999998,8983163613.0,6599971302.0,89.83163613,65.99971302,1.67,44.8312,1.1291
300194,福安药业,重庆,化学制药,创业板,20110322,20260701,3.52,4.142,67553699.31,4187787648.0,3408571584.0,41.87787648,34.08571584,1.32,54.3889,0.9466
601116,三江购物,浙江,超市连锁,主板,20110302,20260701,10.16,2.9382,96469019.0,5564412544.0,5564412544.0,55.64412544,55.64412544,1.3,29.6928,1.6617
002570,贝因美,浙江,乳制品,主板,20110412,20260701,4.05,1.7588,95812666.0,4374175365.0,4373980965.0,43.74175365,43.73980965,0.97,28.3901,2.685
002542,*ST中岩,北京,建筑工程,主板,20110128,20260701,1.19,5.3097,31120412.169999998,2149278992.0,2092937847.0,21.49278992,20.92937847,0.69,,
002552,宝鼎科技,浙江,元器件,主板,20110225,20260701,60.2,-1.3115,749058382.0,23356715060.0,22183898660.0,233.5671506,221.8389866,0.7,188.0001,14.9153
601799,星宇股份,江苏,汽车配件,主板,20110201,20260701,97.0,7.0404,662798465.0,27710901800.0,27710901800.0,277.109018,277.109018,1.1,17.0624,2.3951
300182,捷成股份,北京,影视音像,创业板,20110222,20260701,4.91,3.3684,568301689.95,13079384187.0,11093492461.000002,130.79384187,110.93492461000002,1.16,68.7199,1.5367
002769,普路通,广东,仓储物流,主板,20150629,20260701,6.75,3.3691,80084656.0,2519896500.0,2517818850.0,25.198965,25.1781885,1.3,76.8357,2.143
300340,科恒股份,广东,电气设备,创业板,20120726,20260701,8.84,1.1442,71059159.28,2435550832.0,2417413804.0,24.35550832,24.17413804,0.85,,37.8206
601216,君正集团,内蒙,化工原料,主板,20110222,20260701,4.57,2.4664,357574682.0,38561739518.0,38561739518.0,385.61739518,385.61739518,1.02,11.6239,1.2916
300198,*ST纳川,福建,塑料,创业板,20110407,20260701,2.22,4.2254,23048548.0,2290037670.0,2278200630.0,22.9003767,22.7820063,1.03,,4.7623
300195,长荣股份,天津,轻工机械,创业板,20110329,20260701,5.84,-0.5111,196932127.0,2474452968.0,1832971600.0,24.74452968,18.329716,0.57,102.8327,0.9263
300187,永清环保,湖南,环境保护,创业板,20110308,20260701,5.45,7.9208,191232805.3,3518640990.0,3498228015.0,35.1864099,34.98228015,1.23,31.308,3.0376
300185,通裕重工,山东,工程机械,创业板,20110308,20260701,2.85,4.3956,427477389.73,11503170285.0,10961227395.0,115.03170285,109.61227395,1.3,175.6486,1.6274
002314,南山控股,深圳,区域地产,主板,20091203,20260701,2.07,3.5,59189215.05,5605109775.0,2770330680.0000005,56.05109775,27.703306800000004,1.17,,0.832
002316,亚联发展,吉林,软件服务,主板,20091209,20260701,4.19,3.202,75601516.0,1647172800.0,1427679650.0,16.471728,14.2767965,1.11,267.1196,21.0362
002317,众生药业,广东,中成药,主板,20091211,20260701,26.71,8.7098,1960803349.25,22701643655.0,20342800754.0,227.01643655,203.42800754,1.51,82.3254,5.4569
002474,榕基软件,福建,软件服务,主板,20100915,20260701,5.88,3.1579,114207088.69999999,3658536000.0,3109533336.0,36.58536,31.09533336,1.07,,2.7739
300001,特锐德,山东,电气设备,创业板,20091030,20260701,34.73,-8.1946,1381411147.71,36658824321.0,35661753805.0,366.58824321,356.61753805,1.32,29.4907,4.2401
300006,莱美药业,重庆,化学制药,创业板,20091030,20260701,5.17,0.7797,247973961.64,5459060904.0,5458594053.0,54.59060904,54.58594053,1.26,,3.1358
300014,亿纬锂能,广东,电气设备,创业板,20091030,20260701,63.25,-2.7372,5330662828.93,137461028925.0,133614701550.0,1374.61028925,1336.1470155,1.05,33.2489,3.1475
300009,安科生物,安徽,生物制药,创业板,20091030,20260701,8.16,3.949,224109962.82,13632917712.0,10038817152.0,136.32917712,100.38817152,1.48,18.5433,2.8741
300013,新宁物流,河南,仓储物流,创业板,20091030,20260701,4.1,5.1282,115992948.5,2289271490.0,1828798850.0,22.8927149,18.2879885,1.33,,12.7404
300071,福石控股,北京,广告包装,创业板,20100421,20260701,3.67,4.8571,197657952.59,3537455748.0,3469437803.0,35.37455748,34.69437803,1.66,,21.9757
300024,机器人,辽宁,专用机械,创业板,20091030,20260701,18.7,-3.2592,2443303411.81,29277092130.0,29269047390.0,292.7709213,292.6904739,1.14,,7.2358
601877,正泰电器,浙江,电气设备,主板,20100121,20260701,24.82,-0.9972,644047479.0,53337410580.0,53337410580.0,533.3741058,533.3741058,1.3,11.8491,1.1724
300025,华星创业,浙江,通信设备,创业板,20091030,20260701,4.35,3.5714,74002672.0,2213249115.0,2203942725.0,22.13249115,22.03942725,1.22,,5.1907
002324,普利特,上海,塑料,主板,20091218,20260701,12.17,0.8285,281292005.43,13537132771.0,9447278920.0,135.37132771,94.4727892,1.08,36.8375,2.8864
002333,罗普斯金,江苏,其他建材,主板,20100112,20260701,4.76,2.1459,27345593.0,3212642048.0,3172585220.0,32.12642048,31.7258522,1.27,60.2377,1.6626
002342,巨力索具,河北,机械基件,主板,20100126,20260701,11.25,7.0409,2391973131.48,10800000000.0,10740262500.0,108.0,107.402625,1.56,619.3947,4.4157
300032,金龙机电,浙江,元器件,创业板,20091225,20260701,3.89,2.3684,103417654.0,3124329744.0,3124329744.0,31.24329744,31.24329744,1.16,465.5518,4.8265
601688,华泰证券,江苏,证券,主板,20100226,20260701,21.64,4.9467,4198619341.0,195341332632.0,158118245284.0,1953.41332632,1581.18245284,1.42,11.9231,1.0968
002367,康力电梯,江苏,运输设备,主板,20100312,20260701,7.06,2.1708,196675353.6,5632082524.0,5609704442.0,56.32082524,56.09704442,0.61,17.0577,1.5416
601179,中国西电,陕西,电气设备,主板,20100128,20260701,14.5,-2.815,2341567282.0,74325294800.0,74325294800.0,743.252948,743.252948,0.95,58.5386,3.1827
002361,神剑股份,安徽,化工原料,主板,20100303,20260701,14.93,-0.7973,2176576082.97,14198952549.999998,12078653670.0,141.98952549999998,120.7865367,1.06,1067.7359,6.4799
300045,华力创通,北京,IT设备,创业板,20100120,20260701,17.54,1.7401,380498134.4,11623324762.0,9056133528.0,116.23324762,90.56133528,0.98,,7.6619
300048,合康新能,北京,电气设备,创业板,20100120,20260701,4.72,1.0707,69826416.0,5344679728.0,5334693152.0,53.44679728,53.34693152,1.04,86.1878,2.945
002373,千方科技,北京,软件服务,主板,20100318,20260701,7.29,1.532,161141462.41,11519571978.0,10042660989.0,115.19571978,100.42660989,1.07,42.9135,1.0003
002372,伟星新材,浙江,其他建材,主板,20100318,20260701,8.28,1.0989,71845880.77000001,13182074640.0,12178702584.0,131.8207464,121.78702584,0.86,17.7949,2.6366
002383,合众思壮,北京,通信设备,主板,20100402,20260701,6.99,2.9455,117507947.74000001,5175118497.0,5175118497.0,51.75118497,51.75118497,1.38,,3.4473
002379,宏桥控股,山东,铝,主板,20100331,20260701,14.58,-1.2864,486136261.6,189993703356.0,16568330004.0,1899.93703356,165.68330004,1.07,10.6358,3.6344
002382,蓝帆医疗,山东,医疗保健,主板,20100402,20260701,5.28,3.937,104377606.19999999,5320078896.0,5268342816.0,53.20078896,52.68342816,1.35,,0.7704
300277,汽轮科技,浙江,机械基件,创业板,20111123,20260701,15.5,3.1957,569726310.35,23507210099.999996,11864448650.0,235.07210099999998,118.6444865,1.22,10474.0424,2.3259
002385,大北农,北京,饲料,主板,20100409,20260701,2.96,7.2464,459087746.78,12728232552.0,10252248325.0,127.28232552,102.52248325,1.88,,1.7159
002377,国创高新,湖北,其他建材,主板,20100323,20260701,2.6,3.1746,63336253.44,2382445520.0,2268299020.0,23.8244552,22.6829902,0.98,120.6205,5.9934
300264,佳创视讯,深圳,软件服务,创业板,20110916,20260701,8.4,3.321,275198459.0,3619203840.0,3111246599.9999995,36.1920384,31.112465999999994,0.81,,415.1187
002393,力生制药,天津,化学制药,主板,20100423,20260701,14.68,3.4531,60511297.160000004,4535594676.0,4407185017.0,45.35594676,44.07185017,1.26,10.8955,0.9848
601158,重庆水务,重庆,水务,主板,20100329,20260701,3.94,2.0725,25530630.0,18912117806.0,18912117806.0,189.12117806,189.12117806,0.95,23.3831,1.0802
300056,中创环保,福建,环境保护,创业板,20100226,20260701,7.67,5.5021,228538967.28,2956712135.0,2954469427.0,29.56712135,29.54469427,0.97,,41.2567
002387,维信诺,江苏,元器件,主板,20100413,20260701,8.94,-0.6667,387679862.21,12487356240.0,12470976372.0,124.8735624,124.70976372,0.81,,4.7893
002395,双象股份,江苏,塑料,主板,20100429,20260701,12.35,3.2609,57161791.660000004,3312381150.0,3312094630.0,33.1238115,33.1209463,1.06,16.3924,2.1335
002408,齐翔腾达,山东,化工原料,主板,20100518,20260701,4.9,4.4776,170702253.78,13929978720.0,13480374320.0,139.2997872,134.8037432,1.11,,1.271
002401,中远海科,上海,软件服务,主板,20100506,20260701,11.73,1.0336,38391953.94,4359670332.0,4355929635.0,43.59670332,43.55929635,0.98,133.9734,2.6244
002405,四维图新,北京,软件服务,主板,20100518,20260701,6.61,2.1638,361036991.18,15666597638.0,15571559719.0,156.66597638,155.71559719,0.99,151.3163,1.7777
002412,汉森制药,湖南,中成药,主板,20100525,20260701,5.72,4.0,51579260.02,2878304000.0,2847673400.0000005,28.78304,28.476734000000004,1.09,14.5281,1.1879
002414,高德红外,湖北,电器仪表,主板,20100716,20260701,12.88,-2.8658,823672730.75,55007080968.00001,43774127712.0,550.07080968,437.74127712,1.12,80.1628,7.4261
300098,高新兴,广东,软件服务,创业板,20100728,20260701,4.65,1.3072,194975142.04,8080687695.000001,7169105880.0,80.80687695,71.6910588,0.96,,3.0521
300087,ST荃银,安徽,种植业,创业板,20100526,20260701,5.25,-2.4164,187668008.54000002,4973491950.0,4737053475.0,49.7349195,47.37053475,1.7,,2.9305
300065,海兰信,北京,船舶,创业板,20100326,20260701,22.54,1.0309,1350614516.85,16263492666.0,14806415374.0,162.63492666,148.06415374,0.84,403.688,9.258
300068,ST南都,浙江,电气设备,创业板,20100421,20260701,4.3,4.6229,236758976.62,3862979390.0,3670830880.0,38.6297939,36.7083088,1.15,,3.5082
002420,毅昌科技,广东,家用电器,主板,20100601,20260701,5.55,2.0221,80861684.91,2282659500.0,2246124405.0,22.826595,22.46124405,0.75,11.9255,2.875
002428,云南锗业,云南,小金属,主板,20100608,20260701,114.85,-4.435,8931469606.66,75010832000.0,75001138660.0,750.10832,750.0113866,0.78,3723.3619,51.0557
002431,ST棕榈,河南,建筑工程,主板,20100610,20260701,1.26,4.1322,38541279.55,2271030048.0,2271030048.0,22.71030048,22.71030048,1.2,,7.6443
601518,吉林高速,吉林,路桥,主板,20100319,20260701,2.82,0.7143,45796290.0,5331360024.0,5331360024.0,53.31360024,53.31360024,0.94,10.8618,0.9145
002430,杭氧股份,浙江,化工机械,主板,20100610,20260701,32.3,4.3282,1608032926.0,31600988239.000004,31587383479.0,316.00988239000003,315.87383479,1.22,33.3044,3.1382
300073,当升科技,北京,电气设备,创业板,20100427,20260701,48.76,1.4988,884848432.8299999,26539760812.0,24671160588.000004,265.39760812,246.71160588000004,1.02,41.9714,1.7735
002432,九安医疗,天津,医疗保健,主板,20100610,20260701,69.52,-1.6412,1053851524.34,32388942607.0,32345731686.0,323.88942607,323.45731686,0.6,14.2887,1.4983
002429,兆驰股份,深圳,家用电器,主板,20100610,20260701,10.5,1.0587,1162485256.4,47532876300.0,47505492300.00001,475.328763,475.0549230000001,1.04,36.4712,2.8101
300075,数字政通,北京,软件服务,创业板,20100427,20260701,10.41,1.8591,128782825.2,6465965381.999999,5365714785.0,64.65965381999999,53.65714785,1.0,,2.0401
300083,创世纪,广东,机床制造,创业板,20100520,20260701,13.66,0.2937,1763217122.1100001,22742023116.0,20382389252.0,227.42023116,203.82389252,0.78,158.7547,4.2824
002439,启明星辰,北京,软件服务,主板,20100623,20260701,13.11,3.6364,450286103.46999997,15881456621.999998,9551935512.0,158.81456622,95.51935512,1.26,,1.4582
300077,国民技术,深圳,半导体,创业板,20100430,20260701,30.75,-1.9139,3790724987.94,20852396025.0,17414582925.0,208.52396025,174.14582925,1.01,,11.9726
300082,奥克股份,辽宁,化工原料,创业板,20100520,20260701,9.71,12.5145,240261010.96,6603753522.0,6585123916.0,66.03753522,65.85123916,1.93,971.535,2.4073
300086,康芝药业,海南,化学制药,创业板,20100526,20260701,6.4,8.4746,246547611.0,2912796160.0,2820316800.0,29.1279616,28.203168,1.05,,3.2804
300091,*ST金灵,江苏,机械基件,创业板,20100625,20260701,2.48,1.2245,22284918.3,7048271848.0,4055846064.0,70.48271848,40.55846064,0.58,,5.4295
300081,ST恒信,北京,文教休闲,创业板,20100520,20260701,3.91,-0.7614,29299969.44,2364750014.0,2364303883.0,23.64750014,23.64303883,0.58,,2.9998
002451,摩恩电气,上海,电气设备,主板,20100720,20260701,7.1,0.8523,82241221.38,3128757000.0,3117957900.0,31.28757,31.179579,1.19,295.6666,4.0541
300096,ST易联众,福建,软件服务,创业板,20100728,20260701,9.34,0.1072,33456667.0,4016200000.0,4016195330.0,40.162,40.1619533,0.7,81.4271,12.0463
002565,顺灏股份,上海,造纸,主板,20110318,20260701,12.85,1.4207,890879024.1999999,13620858650.0,13620424320.0,136.2085865,136.2042432,0.99,231.0984,7.4122
300204,舒泰神,北京,生物制药,创业板,20110415,20260701,25.16,5.8032,1755325501.97,12020757484.0,11414198845.0,120.20757484,114.14198845,1.62,,14.8437
002309,中利集团,江苏,电气设备,主板,20091127,20260701,2.78,0.7246,301896979.0,8361309812.0,6689047794.0,83.61309812,66.89047794,0.96,,4.4606
002356,赫美集团,深圳,其他商业,主板,20100209,20260701,2.9,2.1127,87095475.1,3802638050.0,3802616300.0,38.0263805,38.026163,1.46,99.0611,6.3443
300010,ST豆神,北京,软件服务,创业板,20091030,20260701,2.14,4.902,128749862.16000001,4422551178.0,3559529838.0,44.22551178,35.59529838,1.03,62.9189,2.5521
300004,南风股份,广东,电气设备,创业板,20091030,20260701,10.01,-0.8911,184072130.37,4804735936.0,4804735936.0,48.04735936,48.04735936,0.8,154.9798,2.7113
300008,天海防务,上海,船舶,创业板,20091030,20260701,6.12,0.9901,320699340.78000003,10575538703.999998,10081415412.0,105.75538703999999,100.81415412,1.2,35.4431,4.2209
300003,乐普医疗,北京,医疗保健,创业板,20091030,20260701,12.48,5.3165,606999705.66,23005941504.0,19704823008.0,230.05941504,197.04823008,1.19,23.9145,1.3994
300005,探路者,北京,服饰,创业板,20091030,20260701,24.43,8.0973,1589091573.87,21588844404.000004,21414100277.999996,215.88844404000002,214.14100277999995,0.89,273.3181,9.9734
300012,华测检测,深圳,电器仪表,创业板,20091030,20260701,15.04,8.5137,844979293.34,25309737632.0,21525882688.000004,253.09737632,215.25882688000004,1.91,24.9009,3.2078
300020,ST银江,浙江,软件服务,创业板,20091030,20260701,3.47,1.462,142995770.25,2757532660.0,2660044745.0,27.5753266,26.60044745,2.57,,2.0661
300022,吉峰科技,四川,农用机械,创业板,20091030,20260701,8.0,2.9601,124012330.36000001,3953923200.0,3953806400.0,39.539232,39.538064,1.17,,7.7365
300026,红日药业,天津,中成药,创业板,20091030,20260701,3.04,4.8276,160425256.66000003,9132630592.0,9124029216.0,91.32630592,91.24029216,1.42,493.7855,1.0645
002326,永太科技,浙江,化工原料,主板,20091222,20260701,26.02,10.0211,1493090002.97,24071820151.999996,21028297180.0,240.71820151999995,210.2829718,0.87,,8.6587
002330,得利斯,山东,食品,主板,20100106,20260701,3.63,4.9133,71305178.42,2306194539.0,2305591596.0,23.06194539,23.05591596,1.66,507.1149,1.0031
002335,科华数据,福建,电气设备,主板,20100113,20260701,40.14,-5.4417,2744014090.4700003,29998645055.999996,26481750858.0,299.98645056,264.81750858,1.11,71.7691,4.6233
002340,格林美,深圳,小金属,主板,20100122,20260701,6.69,1.2103,955522948.29,34134786393.0,33958318911.0,341.34786393,339.58318911,0.89,21.5998,1.5644
002561,徐家汇,上海,百货,主板,20110303,20260701,6.3,2.9412,34619464.56,2619306900.0,2610969480.0,26.193069,26.1096948,1.28,,1.208
002344,海宁皮城,浙江,商品城,主板,20100126,20260701,3.6,2.8571,55750711.96,4617421200.0,4612572360.0,46.174212,46.1257236,1.34,65.3945,0.5459
300031,宝通科技,江苏,互联网,创业板,20091225,20260701,28.26,-1.0851,629813874.36,11833781742.0,9944747694.0,118.33781742,99.44747694,0.76,57.1965,2.8945
002345,潮宏基,广东,服饰,主板,20100128,20260701,9.39,2.3991,238909310.64000002,8343134253.0,8143284066.0,83.43134253,81.43284066,1.42,16.7866,2.0739
002347,泰尔股份,安徽,机械基件,主板,20100128,20260701,5.94,1.5385,88183352.0,2997931662.0,2930694426.0,29.97931662,29.30694426,1.08,,2.7154
002348,高乐股份,广东,文教休闲,主板,20100203,20260701,10.71,1.6129,254944509.0,10144512000.0,9676838430.0,101.44512,96.7683843,0.97,,25.4991
002381,双箭股份,浙江,橡胶,主板,20100402,20260701,5.29,2.1236,26045763.0,2177247091.0,1694898543.0,21.77247091,16.94898543,0.92,33.3411,1.0084
002351,漫步者,深圳,IT设备,主板,20100205,20260701,9.2,1.2101,64502278.5,8179784399.999999,4793722560.0,81.79784399999998,47.9372256,0.85,18.9789,2.6602
002591,恒大高新,江西,环境保护,主板,20110621,20260701,6.32,3.268,87982656.0,1897260840.0,1412599000.0,18.9726084,14.12599,1.15,,2.9659
002355,兴民智通,山东,汽车配件,主板,20100209,20260701,4.39,2.093,76639031.51,2934632028.9999995,2713751813.0,29.346320289999994,27.13751813,0.91,,3.5857
300029,天龙退,,,创业板,20091225,20260701,0.15,0.0,2448542.5,30075990.0,30054045.0,0.3007599,0.30054045,1.16,,
300247,融捷健康,安徽,医疗保健,创业板,20110729,20260701,3.79,3.2698,49293553.25,3047312737.0,3043446937.0,30.47312737,30.43446937,0.88,40.7377,2.6342
002358,森源电气,河南,电气设备,主板,20100210,20260701,5.58,0.5405,104563364.0,5188044060.0,5188036806.0,51.8804406,51.88036806,0.86,59.3374,1.547
002549,凯美特气,湖南,环境保护,主板,20110218,20260701,22.33,6.0808,2764398511.49,15527118607.0,15460387634.999998,155.27118607,154.60387634999998,1.26,226.4892,7.4832
300037,新宙邦,深圳,化工原料,创业板,20100108,20260701,93.55,0.7539,3466294541.63,70526075339.0,50593625402.0,705.26075339,505.93625402,1.05,64.2726,6.4306
002357,富临运业,四川,公共交通,主板,20100210,20260701,8.9,0.0,90389647.0,2790052990.0,2789952420.0000005,27.9005299,27.899524200000005,1.09,16.2832,1.5764
002375,亚厦股份,浙江,装修装饰,主板,20100323,20260701,3.44,1.7751,41696382.559999995,4609587960.0,4559354672.0,46.0958796,45.59354672,0.83,13.9702,0.5538
300039,上海凯宝,上海,中成药,创业板,20100108,20260701,4.46,4.6948,86177517.47999999,4665160000.0,4089490851.9999995,46.6516,40.894908519999994,1.21,16.746,0.9978
002368,太极股份,北京,软件服务,主板,20100312,20260701,14.13,1.0007,182718337.13,8806258269.0,8763678927.0,88.06258269,87.63678927,0.92,,2.2132
300049,福瑞医科,内蒙,医疗保健,创业板,20100120,20260701,43.9,12.9115,578060209.84,11589209290.0,10254609780.0,115.8920929,102.5460978,1.83,75.2111,5.8478
002376,新北洋,山东,IT设备,主板,20100323,20260701,5.76,0.1739,65099209.86,4668840000.0,4533888384.0,46.6884,45.33888384,1.08,61.9864,1.2246
002397,梦洁股份,湖南,纺织,主板,20100429,20260701,3.89,1.8325,87195795.32000001,2908869646.0,2520129109.0,29.08869646,25.20129109,0.55,61.0205,2.3741
601106,中国一重,黑龙江,工程机械,主板,20100209,20260701,3.31,0.303,278897288.0,22699261399.0,22699261399.0,226.99261399,226.99261399,1.32,,4.3946
300043,星辉娱乐,广东,互联网,创业板,20100120,20260701,4.42,1.6092,154418490.3,5499356932.0,5496444594.000001,54.99356932,54.96444594000001,0.88,18.2343,3.0755
603199,九华旅游,安徽,旅游景点,主板,20150326,20260701,31.76,1.9255,43122103.0,3515196800.0,3515196800.0,35.151968,35.151968,1.07,16.5168,2.0417
002384,东山精密,江苏,元器件,主板,20100409,20260701,246.31,-6.114,16486421421.199999,451143243325.00006,341464897927.0,4511.432433250001,3414.64897927,0.95,325.4845,19.9288
002386,天原股份,四川,化工原料,主板,20100409,20260701,6.37,2.7419,278916208.12,8291491390.0,8289946665.000001,82.9149139,82.89946665000001,1.19,94.455,1.0834
300054,鼎龙股份,湖北,化工原料,创业板,20100211,20260701,100.3,-5.3506,7262015213.66,95571597219.99998,74516851910.0,955.7159721999999,745.1685191,1.1,132.7006,17.4985
300055,万邦达,北京,石油加工,创业板,20100226,20260701,6.47,0.6221,108756812.0,5413769912.0,4094534971.0,54.13769912,40.94534971,0.68,,1.1032
300058,蓝色光标,北京,广告包装,创业板,20100226,20260701,13.92,1.1628,3662200289.25,49975879104.00001,48412789776.0,499.75879104000006,484.12789776,1.11,222.4454,6.2745
601101,昊华能源,北京,煤炭开采,主板,20100331,20260701,11.11,5.2083,276337508.0,15998376669.0,15998376669.0,159.98376669,159.98376669,0.82,31.2215,1.2992
002406,远东传动,河南,汽车配件,主板,20100518,20260701,6.66,1.5244,111903604.25,4863299166.0,4010737914.0,48.63299166,40.10737914,0.9,31.1317,1.181
300059,东方财富,上海,证券,创业板,20100319,20260701,21.45,5.2502,20236759757.5,339386187855.0,286428194910.0,3393.86187855,2864.2819491,1.5,28.0842,3.5496
002416,爱施德,深圳,电器连锁,主板,20100528,20260701,9.01,0.558,195501004.22,11165929018.000002,11027377743.0,111.65929018000001,110.27377743,0.9,29.8247,1.866
002425,凯撒文化,广东,互联网,主板,20100608,20260701,2.68,2.682,63850556.120000005,2563862200.0,2466098212.0,25.638622,24.66098212,1.26,,1.034
002424,ST百灵,贵州,中成药,主板,20100603,20260701,4.35,0.2304,46295728.02,6079553040.0,5010669043.0,60.7955304,50.10669043,0.92,,1.9096
002456,欧菲光,深圳,元器件,主板,20100803,20260701,9.5,0.4228,1365972534.38,31903581625.0,31517342605.0,319.03581625,315.17342605,0.83,766.2828,8.4668
601188,龙江交通,黑龙江,路桥,主板,20100319,20260701,2.77,1.0949,43104549.0,3616151623.0000005,3616151623.0000005,36.161516230000004,36.161516230000004,1.6,21.5126,0.7987
300070,碧水源,北京,环境保护,创业板,20100421,20260701,3.26,2.1944,121803859.55,11814922644.0,11197343354.0,118.14922644,111.97343354,1.23,193.741,0.4319
002436,兴森科技,深圳,元器件,主板,20100618,20260701,47.48,-6.8106,7763970567.990001,80700500771.0,72071336864.0,807.00500771,720.71336864,1.05,598.0206,15.1202
300069,金利华电,山西,电气设备,创业板,20100421,20260701,33.35,4.7754,506221129.61,3901950000.0,3901950000.0,39.0195,39.0195,1.94,,14.3022
002437,誉衡药业,黑龙江,化学制药,主板,20100623,20260701,2.88,6.6667,497688698.63,6422020416.0,6048443232.0,64.22020416,60.48443232,1.83,17.0388,2.6893
002443,金洲管道,浙江,钢加工,主板,20100706,20260701,10.19,6.9255,284564911.18,5304256745.0,5289201020.0,53.04256745,52.8920102,1.08,38.5094,1.5138
300074,华平股份,上海,软件服务,创业板,20100427,20260701,3.53,3.8235,94198148.6,1942585828.0,1940931141.0,19.42585828,19.40931141,1.38,,2.2787
002441,众业达,广东,电气设备,主板,20100706,20260701,7.95,1.9231,70371126.74000001,4329121620.0,3168505095.0,43.2912162,31.68505095,0.92,22.9849,0.9529
300084,海默科技,甘肃,专用机械,创业板,20100520,20260701,12.4,3.0756,315981016.78000003,6804622760.0,5839709320.0,68.0462276,58.3970932,1.11,,5.3868
002444,巨星科技,浙江,轻工机械,主板,20100713,20260701,30.51,-1.8971,597985633.13,36443529882.0,34986701790.0,364.43529882,349.8670179,1.01,14.521,1.9057
002466,天齐锂业,四川,小金属,主板,20100831,20260701,62.29,1.5819,4280310597.4199996,106716369215.0,91922847649.00002,1067.16369215,919.2284764900002,0.89,230.6755,2.3023
300101,振芯科技,四川,通信设备,创业板,20100806,20260701,16.86,4.2672,382434559.94,9574890102.0,9542405940.0,95.74890102,95.4240594,1.66,338.2542,5.4328
002457,青龙管业,宁夏,塑料,主板,20100803,20260701,12.84,4.9877,381176700.35,4281970512.0,4279190652.0,42.81970512,42.79190652,1.46,33.0324,1.6865
601000,唐山港,河北,港口,主板,20100705,20260701,4.19,0.9639,176733046.0,24829640834.0,24829640834.0,248.29640834,248.29640834,1.26,12.425,1.1327
002452,长高电气,湖南,电气设备,主板,20100720,20260701,12.36,-3.2106,403771278.51,7667304756.0,6368444268.0,76.67304756,63.68444268,0.52,22.3777,2.7641
002454,松芝股份,上海,汽车配件,主板,20100720,20260701,4.82,0.8368,58039165.25,4237134752.0,4228845798.0,42.37134752,42.28845798,0.96,17.1237,1.0384
002453,华软科技,北京,化工原料,主板,20100720,20260701,4.78,5.7522,113762049.53,3883115216.0,2880668912.0,38.83115216,28.80668912,0.75,,5.2043
300085,银之杰,深圳,软件服务,创业板,20100526,20260701,38.52,10.1516,4165244343.4700003,27219795912.0,25115536908.0,272.19795912,251.15536908,1.04,,64.8566
300179,四方达,河南,矿物制品,创业板,20110215,20260701,54.53,-8.245,3901954495.52,26486529720.0,20393233007.0,264.8652972,203.93233007,0.94,284.2394,20.8371
002463,沪电股份,江苏,元器件,主板,20100818,20260701,145.01,-5.0982,12314017407.8,279051965636.0,278826750605.0,2790.51965636,2788.26750605,0.97,73.0062,16.6203
300099,尤洛卡,山东,电器仪表,创业板,20100806,20260701,6.36,0.6329,108012625.27000001,4689006672.0,3697183752.0,46.89006672,36.97183752,0.84,25.5892,1.9536
300321,同大股份,山东,塑料,创业板,20120523,20260701,64.03,-0.5436,710645817.8100001,5685864000.0,5679198477.0,56.85864,56.79198477,1.24,506.7201,8.9623
300100,双林股份,浙江,汽车配件,创业板,20100806,20260701,28.53,2.6998,388159597.5,16318672137.0,15724480680.0,163.18672137,157.2448068,1.32,32.4279,4.9183
601018,宁波港,浙江,港口,主板,20100928,20260701,3.2,1.5873,201548345.0,62254042880.0,62254042880.0,622.5404288,622.5404288,1.1,12.045,0.7596
002484,江海股份,江苏,元器件,主板,20100929,20260701,106.66,1.581,4058258748.48,90716889840.0,87511575518.0,907.1688984,875.11575518,0.83,134.4762,14.118
002468,申通快递,浙江,仓储物流,主板,20100908,20260701,16.02,10.0275,715797030.87,24523451244.0,23454981324.0,245.23451244,234.54981324,1.82,17.9182,2.1522
300110,华仁药业,山东,化学制药,创业板,20100825,20260701,2.6,4.8387,87286641.56,3073753800.0,3071061760.0,30.737538,30.7106176,1.51,,3.5999
300305,裕兴股份,江苏,塑料,创业板,20120329,20260701,5.88,0.3413,117086782.0,2207354352.0,1890278292.0,22.07354352,18.90278292,0.86,,1.1405
302132,中航成飞,陕西,航空,创业板,20100827,20260701,58.5,0.3086,565018683.54,156317346900.0,34285065750.0,1563.173469,342.8506575,1.37,45.5432,7.2969
300133,华策影视,浙江,影视音像,创业板,20101026,20260701,7.48,5.6497,821225407.22,14124266938.0,12539476869.0,141.24266938,125.39476869,1.55,73.8961,1.9176
002478,常宝股份,江苏,钢加工,主板,20100921,20260701,6.24,0.9709,103311852.02000001,5621018208.0,4509797136.0,56.21018208,45.09797136,1.05,11.6552,0.9258
002527,新时达,上海,电器仪表,主板,20101224,20260701,13.28,3.5074,297282733.89,8805454064.0,7023640608.0,88.05454064,70.23640608,1.19,1598.745,7.0792
002614,奥佳华,福建,家用电器,主板,20110909,20260701,4.55,2.9412,39553260.88,2838013360.0,2007759845.0,28.3801336,20.07759845,1.08,231.2111,0.6576
002480,新筑股份,四川,运输设备,主板,20100921,20260701,5.25,1.9417,65796267.00000001,4038135150.0,4030056450.0,40.3813515,40.3005645,1.25,,5.006
300119,瑞普生物,天津,农业综合,创业板,20100917,20260701,15.04,4.2273,67359445.0,6989910688.0,5017697440.0,69.89910688,50.1769744,1.26,17.4524,1.4529
002488,金固股份,浙江,汽车配件,主板,20101021,20260701,9.17,2.9181,183304754.0,9128176547.0,8437170280.000001,91.28176547,84.37170280000001,0.82,219.618,2.6313
300401,花园生物,浙江,化学制药,创业板,20141009,20260701,22.41,2.3755,1102347095.8100002,12183983091.0,11987133651.0,121.83983091,119.87133651,0.75,39.9652,3.71
300131,英唐智控,深圳,元器件,创业板,20101019,20260701,18.51,-2.7325,1233377523.72,21009210945.0,19292371425.0,210.09210945,192.92371425,0.61,795.3729,12.174
300132,青松股份,福建,化工原料,创业板,20101026,20260701,5.81,2.2887,91311716.0,3001335029.0,2951952353.0,30.01335029,29.51952353,1.17,19.5874,2.0373
002889,东方嘉盛,深圳,仓储物流,主板,20170731,20260701,11.2,8.1081,98537619.86999999,4229876000.0,2813952959.9999995,42.29876,28.139529599999996,3.63,41.1923,1.6858
300331,苏大维格,江苏,元器件,创业板,20120628,20260701,72.43,1.8563,1423156303.98,18807340389.0,16088933844.000002,188.07340389,160.88933844000002,1.14,,12.208
300148,天舟文化,湖南,出版业,创业板,20101215,20260701,3.23,3.8585,102013063.23,2723404678.0,2629591114.0,27.23404678,26.29591114,1.61,40.2199,2.6386
603167,渤海轮渡,山东,水运,主板,20120906,20260701,8.76,2.217,25747440.0,4109705820.0,4109705820.0,41.0970582,41.0970582,0.89,15.6107,1.1605
300157,新锦动力,北京,专用机械,创业板,20110107,20260701,3.77,2.168,132596850.55,2842345128.9999995,2668498742.0,28.423451289999996,26.68498742,1.43,69.8655,
002524,光正眼科,新疆,医疗保健,主板,20101217,20260701,3.64,9.9698,113687238.0,1875807024.0,1859124904.0,18.75807024,18.59124904,1.33,,20.3765
300147,*ST香雪,广东,中成药,创业板,20101215,20260701,9.48,-0.3155,91272519.48,6268925868.000001,6231838212.0,62.68925868000001,62.31838212,0.91,,
300153,科泰电源,上海,电气设备,创业板,20101229,20260701,22.82,0.8842,230294969.61,7302400000.0,7264292881.999999,73.024,72.64292882,1.17,143.3509,7.7918
002526,山东矿机,山东,工程机械,主板,20101217,20260701,2.63,2.7344,94065001.14999999,4688747694.0,4657951972.0,46.88747694,46.57951972,1.41,38.2438,1.4443
002567,唐人神,湖南,饲料,主板,20110325,20260701,3.57,6.5672,225189363.61,5115993498.0,5111049048.0,51.15993498,51.11049048,2.91,,1.231
300164,通源石油,陕西,石油开采,创业板,20110113,20260701,8.14,1.75,323635980.5,4790053818.0,4747335912.0,47.90053818,47.47335912,0.9,130.8061,3.4792
300160,秀强股份,江苏,家用电器,创业板,20110113,20260701,4.24,1.6787,34286722.349999994,3277292312.0,3231556280.0000005,32.77292312,32.3155628,1.04,16.9709,1.2239
002545,东方铁塔,山东,农药化肥,主板,20110211,20260701,17.16,5.7953,462984818.87,21348105636.0,19393609092.0,213.48105636,193.93609092,1.2,17.698,2.0897
002544,普天科技,广东,通信设备,主板,20110128,20260701,18.38,0.8782,252313490.06,12508213082.0,12507009191.999998,125.08213082,125.07009191999998,1.0,498.056,3.3576
300181,佐力药业,浙江,中成药,创业板,20110222,20260701,14.39,2.0567,288441172.59,10092963247.0,8675887851.0,100.92963247,86.75887851,1.05,15.9716,2.9474
300197,节能铁汉,深圳,环境保护,创业板,20110329,20260701,2.05,7.3298,465938086.28,6078861104.999999,6078707354.999999,60.78861104999999,60.78707354999999,1.38,,
002543,万和电气,广东,家用电器,主板,20110128,20260701,6.3,1.2862,33980833.1,4684680000.0,4168194030.0,46.8468,41.6819403,1.32,21.7222,0.9697
002558,巨人网络,重庆,互联网,主板,20110302,20260701,28.11,1.9956,3253251621.21,53424797005.0,53424515905.0,534.24797005,534.24515905,1.07,30.4499,3.2744
002548,金新农,深圳,饲料,主板,20110218,20260701,4.06,10.0271,111021061.14,3362385222.0,3266154290.0,33.62385222,32.6615429,1.06,,3.2118
300229,拓尔思,北京,软件服务,创业板,20110615,20260701,14.09,1.9537,310988123.97,12309319890.0,12300843346.0,123.0931989,123.00843346,0.99,,3.2662
002706,良信股份,上海,电气设备,主板,20140121,20260701,10.59,-2.9331,306489161.37,11893893750.0,9683296908.0,118.9389375,96.83296908,0.81,44.8465,2.7492
601789,宁波建工,浙江,建筑工程,主板,20110816,20260701,4.12,2.7431,174953133.0,6280494628.0,4477610232.0,62.80494628,44.77610232,1.28,26.62,0.9994
300190,维尔利,江苏,环境保护,创业板,20110316,20260701,4.14,-0.241,180200765.58,3925088460.0,3909160224.0,39.2508846,39.09160224,1.69,,1.2805
002560,通达股份,河南,电气设备,主板,20110303,20260701,7.39,-0.672,256820252.4,5433657863.0,4680442459.0,54.33657863,46.80442459,0.81,33.6633,1.9754
601199,江南水务,江苏,水务,主板,20110317,20260701,5.91,6.6787,108507778.0,5527092873.0,5527092873.0,55.27092873,55.27092873,1.67,14.9528,1.1755
300199,翰宇药业,深圳,化学制药,创业板,20110407,20260701,23.93,8.3786,1805173383.22,21135964309.0,17831855882.0,211.35964309,178.31855882,1.65,577.9607,28.5022
300200,高盟新材,北京,化工原料,创业板,20110407,20260701,11.22,-2.3499,409235087.96,4835519304.0,4755933600.0,48.35519304,47.559336,0.79,46.5043,2.921
601118,海南橡胶,海南,橡胶,主板,20110107,20260701,5.03,2.2358,306398109.0,21525521834.0,21525521834.0,215.25521834,215.25521834,0.88,,2.2503
300272,开能健康,上海,家用电器,创业板,20111102,20260701,5.4,2.6616,55045884.019999996,3301935300.0000005,2508013800.0,33.019353,25.080138,1.06,58.9537,2.6118
002529,海源复材,江西,专用机械,主板,20101224,20260701,6.97,2.1994,54724133.0,1812200000.0,1812200000.0,18.122,18.122,1.02,,22.7418
002462,嘉事堂,北京,医药商业,主板,20100818,20260701,11.13,3.7279,66925153.99999999,3246700023.0,3244065552.0,32.46700023,32.44065552,0.75,29.1501,0.7396
300093,金刚光伏,甘肃,电气设备,创业板,20100708,20260701,27.04,3.1274,552810786.37,14601600000.0,6245639712.0,146.016,62.45639712,1.2,71.9055,7.5048
300094,国联水产,广东,渔业,创业板,20100708,20260701,2.58,5.3061,142906474.1,2910671634.0,2852234892.0,29.10671634,28.52234892,1.83,,30.6354
300152,*ST动力,河北,环境保护,创业板,20101229,20260701,1.69,4.9689,58100702.47,1204632000.0,1204586032.0,12.04632,12.04586032,1.66,,5.7003
300095,华伍股份,江西,专用机械,创业板,20100728,20260701,8.75,1.5081,74663996.0,3451219625.0,2779614250.0,34.51219625,27.7961425,0.74,,2.3602
300092,科新机电,四川,专用机械,创业板,20100708,20260701,11.83,2.513,58218340.0,3240512639.0,2482718329.0,32.40512639,24.82718329,0.85,50.619,1.9529
002496,辉丰股份,江苏,农药化肥,主板,20101109,20260701,1.99,7.5676,156296690.20000002,3000103503.0,2350684515.0,30.00103503,23.50684515,1.97,,2.6921
300103,达刚控股,陕西,专用机械,创业板,20100812,20260701,7.53,-1.8253,43997796.0,2391535530.0,2389549846.0,23.9153553,23.89549846,0.52,,5.3306
300126,锐奇股份,上海,轻工机械,创业板,20101013,20260701,5.91,2.2491,36166773.0,1796389416.0,1244942682.0,17.96389416,12.44942682,1.03,,1.8055
002476,新叶股份,山东,化工原料,主板,20100915,20260701,4.88,0.4115,64856542.95,2986560000.0,2986560000.0,29.8656,29.8656,1.0,95.3612,3.0993
300107,建新股份,河北,化工原料,创业板,20100820,20260701,5.75,2.6786,45283865.0,3235998225.0,1997453400.0,32.35998225,19.974534,1.07,,2.1901
601177,杭齿前进,浙江,机械基件,主板,20101011,20260701,12.66,2.0145,88420740.0,5161652910.0,5094592890.0,51.6165291,50.9459289,1.03,20.3595,1.7724
300112,万讯自控,深圳,电器仪表,创业板,20100827,20260701,6.36,2.7464,53463385.79,1831388076.0,1511094024.0,18.31388076,15.11094024,1.23,,1.9734
300118,东方日升,浙江,电气设备,创业板,20100902,20260701,12.16,-2.3293,692800512.57,13862569024.0,11270126336.0,138.62569024,112.70126336,0.97,,1.6713
300115,长盈精密,深圳,元器件,创业板,20100902,20260701,29.76,6.514,2755543354.05,40513778976.0,40394286624.0,405.13778976,403.94286624,1.86,67.7866,4.7685
002569,*ST步森,浙江,服饰,主板,20110412,20260701,14.78,4.9716,8203028.0,2128467800.0,2069347800.0,21.284678,20.693478,0.3,245.4216,53.596
002479,富春环保,浙江,新型电力,主板,20100921,20260701,4.3,2.1378,50579206.400000006,3719500000.0,3711213040.0,37.195,37.1121304,1.08,18.2937,0.8695
300121,阳谷华泰,山东,化工原料,创业板,20100917,20260701,15.12,20.0,1486079906.52,6731977392.0,6491948904.0,67.31977392,64.91948904,4.76,34.1128,1.874
002485,ST雪发,山东,商贸代理,主板,20101015,20260701,5.86,2.627,91551768.64,3187840000.0,3187840000.0,31.8784,31.8784,2.85,,3.1407
002500,山西证券,山西,证券,主板,20101115,20260701,5.37,4.0698,295092115.08000004,19277072955.0,19277072955.0,192.77072955,192.77072955,1.43,20.8532,1.028
002521,齐峰新材,山东,造纸,主板,20101210,20260701,7.37,1.7956,84853470.53,4127650307.0,3089309432.0,41.27650307,30.89309432,1.15,26.6669,1.0352
002495,佳隆股份,广东,食品,主板,20101102,20260701,2.12,3.4146,63900290.800000004,1983526272.0,1471106583.9999998,19.83526272,14.711065839999998,1.36,101.3336,1.7914
600998,九州通,湖北,医药商业,主板,20101102,20260701,4.72,0.6397,160319752.0,23800459344.0,23800459344.0,238.00459344,238.00459344,1.05,10.5552,0.8652
002493,荣盛石化,浙江,化纤,主板,20101102,20260701,11.26,4.7442,696530500.09,112481120298.0,105146637798.0,1124.81120298,1051.46637798,0.75,132.5937,2.4253
300134,大富科技,安徽,通信设备,创业板,20101026,20260701,8.59,0.4678,110398276.63,6592807820.0,6592807820.0,65.9280782,65.9280782,0.92,,1.8035
300135,宝利国际,江苏,石油加工,创业板,20101026,20260701,3.09,1.3115,60515957.52,2847744000.0,2847744000.0,28.47744,28.47744,1.09,,3.2893
300329,海伦钢琴,浙江,文教休闲,创业板,20120619,20260701,11.92,-4.64,86629009.69999999,3014433304.0,3005513568.0,30.14433304,30.05513568,0.99,,4.9639
601996,丰林集团,广西,家居用品,主板,20110929,20260701,2.16,4.3478,65677136.0,2421175104.0,2421175104.0,24.21175104,24.21175104,1.04,,0.9871
002805,丰元股份,山东,电气设备,主板,20160707,20260701,28.92,1.1542,1024748133.73,8099407500.0,8063338476.0,80.994075,80.63338476,1.35,,8.6612
002511,中顺洁柔,广东,造纸,主板,20101125,20260701,6.78,1.9549,77862850.0,8721641572.0,8578389590.0,87.21641572,85.7838959,1.06,27.3743,1.5689
002508,老板电器,浙江,家用电器,主板,20101123,20260701,14.95,2.2572,90808299.0,14126836555.000002,13956599410.000002,141.26836555000003,139.5659941,0.96,11.2486,1.1965
300154,瑞凌股份,深圳,机械基件,创业板,20101229,20260701,8.5,13.0319,125734932.67,3821220050.0,2678813250.0,38.2122005,26.7881325,2.09,36.6074,2.1227
300144,宋城演艺,浙江,旅游景点,创业板,20101209,20260701,5.88,1.2048,172596921.89,15433117224.0,15272729640.0,154.33117224,152.7272964,1.0,18.8745,1.9725
300145,南方泵业,浙江,机械基件,创业板,20101209,20260701,5.53,1.4679,685395592.54,10618938259.999998,10566882711.0,106.18938259999999,105.66882711,0.81,44.9292,3.5685
002520,日发精机,浙江,机床制造,主板,20101210,20260701,7.05,2.026,398891982.07000005,5289228660.0,5057953410.0,52.8922866,50.5795341,0.7,,17.8675
002512,ST达华,福建,IT设备,主板,20101203,20260701,3.25,4.5016,123588780.6,3582854275.0,3556968350.0,35.82854275,35.5696835,1.09,,11.013
002517,恺英网络,福建,互联网,主板,20101207,20260701,15.93,-1.9692,1289889115.76,34033541769.0,30093151131.000004,340.33541769,300.93151131,0.84,17.8783,3.2869
300146,汤臣倍健,广东,食品,创业板,20101215,20260701,9.21,1.8805,106882515.52,15580346091.0,10321506087.0,155.80346091,103.21506087,0.72,19.9199,1.3523
002547,*ST春兴,江苏,汽车配件,主板,20110218,20260701,2.5,5.042,37676108.0,2820143000.0,2762018000.0,28.20143,27.62018,0.45,,
300151,昌红科技,深圳,专用机械,创业板,20101222,20260701,25.17,0.8818,803943943.6,13403264115.0,9279094173.0,134.03264115,92.79094173,0.94,207.519,8.4857
002528,*ST英飞,深圳,IT设备,主板,20101224,20260701,4.16,-0.2398,88460476.8,4986488416.0,4368901056.0,49.86488416,43.68901056,2.14,,
002532,天山铝业,新疆,铝,主板,20101231,20260701,10.82,0.8388,951313738.78,50082939750.0,44436198150.00001,500.8293975,444.36198150000007,0.94,10.3953,1.599
002531,天顺风能,江苏,电气设备,主板,20101231,20260701,8.31,-1.4235,315633664.62,14932061997.0,14848185843.0,149.32061997,148.48185843,1.05,,1.7225
300169,天晟新材,江苏,塑料,创业板,20110125,20260701,5.1,2.2044,56437676.0,1731421440.0,1538852580.0,17.3142144,15.3885258,0.81,132.604,27.3275
002535,林州重机,河南,工程机械,主板,20110111,20260701,2.3,4.5455,64290994.9,1843871130.0000002,1716486550.0,18.4387113,17.1648655,1.13,,3.0983
002609,捷顺科技,深圳,软件服务,主板,20110815,20260701,7.67,0.6562,56810306.519999996,4935175596.0,3519455433.0,49.35175596,35.19455433,0.76,77.6287,2.0564
002557,洽洽食品,安徽,食品,主板,20110302,20260701,18.69,4.0646,136743865.94,9454433688.0,9434216715.0,94.54433688,94.34216715,1.0,29.6893,1.7334
002533,金杯电工,湖南,电气设备,主板,20101231,20260701,10.65,-0.1874,108408218.39999999,7816471650.0,6790923510.0,78.1647165,67.9092351,1.03,13.0293,1.7301
300170,汉得信息,上海,软件服务,创业板,20110201,20260701,15.68,2.8871,910695355.14,16313780896.0,15582445312.0,163.13780896,155.82445312,1.16,71.9941,2.8586
300166,东方国信,北京,软件服务,创业板,20110125,20260701,18.9,6.7194,3303855116.1099997,21522293730.0,17118846990.0,215.2229373,171.1884699,1.81,,3.7738
300175,朗源股份,山东,食品,创业板,20110215,20260701,5.56,20.0864,117640497.68,2617648000.0,2617648000.0,26.17648,26.17648,2.21,,5.2534
300180,华峰超纤,上海,化纤,创业板,20110222,20260701,4.13,4.8223,195013431.66,7273178213.0,7073323382.999999,72.73178213,70.73323382999999,1.52,108.9344,1.5537
002550,千红制药,江苏,生物制药,主板,20110218,20260701,6.81,9.6618,452104379.13,8715438000.0,6409845762.0,87.15438,64.09845762,1.84,21.8544,3.0535
002551,尚荣医疗,深圳,医疗保健,主板,20110225,20260701,2.79,4.4944,52991954.7,2358929655.0,1705198617.0,23.58929655,17.05198617,1.28,,0.9525
300176,鸿特科技,广东,汽车配件,创业板,20110215,20260701,4.98,2.6804,55939069.0,1928658384.0,1928658384.0,19.28658384,19.28658384,1.17,39.1736,1.9626
601137,博威合金,浙江,小金属,主板,20110127,20260701,22.84,2.2839,611141323.0,20985380580.000004,20969849380.0,209.85380580000003,209.6984938,0.71,168.0244,2.2364
300193,佳士科技,深圳,专用机械,创业板,20110322,20260701,8.29,1.8428,61779332.0,3948110842.0,3476626211.0,39.48110842,34.76626211,1.19,19.9257,1.652
300183,东软载波,山东,通信设备,创业板,20110222,20260701,10.63,1.7225,98860892.85000001,4917534733.0,3944038270.0,49.17534733,39.4403827,1.05,469.3967,1.5897
601519,大智慧,上海,软件服务,主板,20110128,20260701,9.2,6.6049,982780834.0,18300272000.0,18300272000.0,183.00272,183.00272,1.69,,14.1072
002546,新联电子,江苏,电气设备,主板,20110211,20260701,7.37,1.2363,157906331.71,6146941867.0,5905080577.0,61.46941867,59.05080577,0.66,10.6293,1.5821
601616,广电电气,上海,电气设备,主板,20110201,20260701,3.46,1.4663,71990459.0,2953716537.9999995,2953716537.9999995,29.537165379999994,29.537165379999994,1.32,,1.2393
300203,聚光科技,浙江,电器仪表,创业板,20110415,20260701,14.06,1.6631,232600318.93,6309250656.0,6303815060.000001,63.09250656,63.03815060000001,0.94,,2.4328
300196,长海股份,江苏,玻璃,创业板,20110329,20260701,26.68,-9.7734,1241467016.4,10904606912.0,6587988348.0,109.04606912,65.87988348,1.03,33.4047,2.2661
300345,华民股份,湖南,电气设备,创业板,20120801,20260701,7.01,20.0342,656244771.25,4069157404.0,3361969327.0,40.69157404,33.61969327,4.42,,10.1073
601011,宝泰隆,黑龙江,焦炭加工,主板,20110309,20260701,2.73,4.1985,120337514.0,5229764085.0,5229764085.0,52.29764085,52.29764085,0.81,,0.9655
300211,*ST亿通,江苏,通信设备,创业板,20110505,20260701,7.49,4.3175,34001792.0,2276433453.0,2235628682.0,22.76433453,22.35628682,1.49,,5.1665
300189,神农种业,海南,种植业,创业板,20110316,20260701,4.53,4.8611,335919247.90000004,4638720000.0,4014714312.0,46.3872,40.14714312,1.81,43.2887,6.7395
002563,森马服饰,浙江,服饰,主板,20110311,20260701,5.23,3.7698,102220104.12,14090091746.0,11543095344.0,140.90091746,115.43095344,1.26,15.7887,1.2039
300201,海伦哲,江苏,工程机械,创业板,20110407,20260701,20.68,-1.851,1419936293.91,20867021648.0,20755548176.0,208.67021648,207.55548176,1.26,67.5222,11.0821
300366,ST创意,四川,软件服务,创业板,20140127,20260701,4.59,3.3784,40348932.0,2788774758.0,2435006475.0,27.88774758,24.35006475,1.1,,2.4238
603328,依顿电子,广东,元器件,主板,20140701,20260701,12.66,1.0375,383508516.0,12640283316.0,12640283316.0,126.40283316,126.40283316,0.82,27.1441,2.9204
002579,中京电子,广东,元器件,主板,20110506,20260701,21.41,-1.2454,3046601674.05,13116164226.0,12490848779.0,131.16164226,124.90848779,0.96,479.2352,5.4588
300206,理邦仪器,深圳,医疗保健,创业板,20110421,20260701,12.65,3.4342,119018933.08,7332742010.0,4280501940.0,73.3274201,42.8050194,1.09,23.9916,3.1927
002578,闽发铝业,福建,铝,主板,20110428,20260701,3.15,0.0,89164733.0,2956685130.0,2712662190.0,29.5668513,27.1266219,1.05,,1.9613
300212,*ST易录,北京,软件服务,创业板,20110505,20260701,9.4,0.1065,168491461.14999998,6766988560.0,6566009980.0,67.6698856,65.6600998,0.79,,
002582,好想你,河南,食品,主板,20110520,20260701,8.77,3.787,142096982.0,3926398283.0,3018981292.0000005,39.26398283,30.189812920000005,1.3,4.5335,0.7678
601222,林洋能源,江苏,新型电力,主板,20110808,20260701,5.38,1.1278,114858978.0,10981764676.0,10981764676.0,109.81764676,109.81764676,0.96,44.9603,0.7248
300219,鸿利智汇,广东,元器件,创业板,20110518,20260701,9.77,-6.3279,878580159.56,6916607995.0,6903880616.0,69.16607995,69.03880616,1.11,70.925,2.6522
601599,浙文影业,浙江,纺织,主板,20110527,20260701,2.84,1.7921,56965239.0,3295940700.0,3295940700.0,32.959407,32.959407,1.26,24.8347,2.1523
300249,依米康,四川,IT设备,创业板,20110803,20260701,15.21,-1.2338,331715223.66,6972654897.0,5690207016.0,69.72654897,56.90207016,0.92,227.8998,21.8967
300381,溢多利,广东,化学制药,创业板,20140128,20260701,5.85,4.0925,66141282.21000001,2809017315.0,2798951219.9999995,28.09017315,27.989512199999997,1.2,,1.0946
002586,ST围海,浙江,建筑工程,主板,20110602,20260701,3.86,4.8913,39803340.0,4416703482.0,4197819479.9999995,44.16703482,41.9781948,1.51,16.1566,1.3777
002587,奥拓电子,深圳,元器件,主板,20110610,20260701,7.53,-3.5851,926140005.68,4928415873.0,4011326631.0,49.28415873,40.11326631,2.04,451.5141,3.6802
002588,史丹利,山东,农药化肥,主板,20110610,20260701,8.21,3.9241,160248747.63,9457033320.0,7048967251.0,94.5703332,70.48967251,1.5,9.1535,1.1969
002605,姚记科技,上海,互联网,主板,20110805,20260701,18.69,2.2989,215423816.31,7804069308.0,6321301896.0,78.04069308,63.21301896,1.32,16.7064,2.0041
300239,东宝生物,内蒙,生物制药,创业板,20110706,20260701,5.36,0.5629,96781275.0,3181820352.0,3161204720.0,31.81820352,31.6120472,0.98,58.5568,1.8523
002596,海南瑞泽,海南,水泥,主板,20110707,20260701,2.94,2.7972,76151856.0,3373886964.0,3370784381.9999995,33.73886964,33.707843819999994,0.93,,6.3479
002601,龙佰集团,河南,化工原料,主板,20110715,20260701,17.3,4.9757,1041356811.25,41247492130.0,34385528440.0,412.4749213,343.8552844,1.03,33.1421,1.8056
300242,佳云科技,广东,互联网,创业板,20110712,20260701,4.71,0.2128,139456576.0,2988754992.0,2988753579.0,29.88754992,29.88753579,1.01,,12.3262
002607,中公教育,安徽,文教休闲,主板,20110810,20260701,1.98,10.0,767637527.3100001,12211450811.999998,10976011595.999998,122.11450811999998,109.76011595999998,2.03,249.767,15.1777
300248,新开普,河南,软件服务,创业板,20110729,20260701,8.0,3.7613,122687283.50999999,3810787199.9999995,3272340000.0,38.10787199999999,32.7234,2.09,48.7744,1.7713
300246,宝莱特,广东,医疗保健,创业板,20110719,20260701,14.54,3.3404,164025073.5,3847379004.0,3072699364.0,38.47379004,30.72699364,0.78,,3.5745
300252,金信诺,深圳,通信设备,创业板,20110818,20260701,16.83,-2.4348,877024840.3199999,11515321620.0,9403838235.0,115.1532162,94.03838235,0.78,802.3099,5.2296
002629,仁智股份,浙江,石油开采,主板,20111103,20260701,4.58,6.5116,125363117.0,1951528840.0,1659123320.0,19.5152884,16.5912332,1.38,207.7687,30.9454
300284,苏交科,江苏,建筑工程,创业板,20120110,20260701,5.08,1.6,66475214.370000005,6415165224.0,5983141703.999999,64.15165224,59.83141703999999,0.97,272.8153,0.7668
601886,江河集团,北京,装修装饰,主板,20110818,20260701,8.0,-0.3736,39049303.0,9064016800.0,9064016800.0,90.640168,90.640168,0.97,14.8531,1.2235
300263,隆华科技,河南,专用机械,创业板,20110916,20260701,16.71,2.5153,2393451365.3,17294955273.0,16301071209.0,172.94955273,163.01071209,1.21,91.0017,4.1242
002616,长青集团,广东,环境保护,主板,20110920,20260701,4.52,1.1186,45672414.4,3883658128.0,2655410956.0,38.83658128,26.55410956,0.85,13.8591,1.0436
601677,明泰铝业,河南,铝,主板,20110919,20260701,16.04,-3.3735,665635976.0,19946118544.0,19942381224.0,199.46118544,199.42381224,0.91,10.1768,1.0067
002745,木林森,广东,元器件,主板,20150217,20260701,12.45,-0.7968,1142511464.96,18477871680.0,13247908050.0,184.7787168,132.4790805,0.77,,1.5579
601100,恒立液压,江苏,工程机械,主板,20111028,20260701,105.74,-1.6921,1003217504.0,141778412540.0,141778412540.0,1417.7841254,1417.7841254,1.03,51.8552,7.9268
002640,跨境通,山西,互联网,主板,20111208,20260701,3.12,3.6545,275457819.27,4861088856.0,4830577440.0,48.61088856,48.3057744,1.15,,7.5485
601800,中国交建,北京,建筑工程,主板,20120309,20260701,5.84,2.2767,285862965.0,94688511868.99998,68461578781.0,946.8851186899999,684.61578781,1.12,6.419,0.3251
300293,蓝英装备,辽宁,专用机械,创业板,20120308,20260701,19.66,-3.3907,308224604.0,6653693046.0,6653693046.0,66.53693046,66.53693046,0.77,,8.9461
002632,道明光学,浙江,塑料,主板,20111122,20260701,8.92,-0.9989,105991522.0,5571423972.0,5123878136.0,55.71423972,51.23878136,0.6,25.1369,2.502
300285,国瓷材料,山东,陶瓷,创业板,20120113,20260701,98.82,-4.2256,12564249442.0,98528313006.0,82735078482.0,985.28313006,827.35078482,0.91,161.4374,13.6659
601928,凤凰传媒,江苏,出版业,主板,20111130,20260701,8.85,0.6826,59640244.0,22522365000.0,22522365000.0,225.22365,225.22365,1.19,12.5463,1.1057
300295,*ST三六,江苏,互联网,创业板,20120315,20260701,10.14,2.4242,31733150.860000003,1922682918.0,1699000602.0,19.22682918,16.99000602,0.84,,1.7769
300288,朗玛信息,贵州,软件服务,创业板,20120216,20260701,9.23,3.7079,53617088.0,3119199122.0,2368135562.0,31.19199122,23.68135562,1.26,333.9072,2.8885
002668,TCL智家,广东,家用电器,主板,20120416,20260701,10.91,-1.5343,233852396.57000002,11827655374.0,11827655374.0,118.27655374,118.27655374,0.66,10.5286,3.0735
002642,荣联科技,北京,软件服务,主板,20111220,20260701,6.23,1.1364,86133637.0,4121645269.0,4121645269.0,41.21645269,41.21645269,0.86,205.92,3.4687
002651,利君股份,四川,航空,主板,20120106,20260701,7.58,3.6936,76023913.92,7833626800.000001,4286214087.9999995,78.336268,42.86214088,1.49,139.7733,2.7945
603599,广信股份,安徽,农药化肥,主板,20150513,20260701,9.76,1.8789,150364512.0,8884228368.0,8884228368.0,88.84228368,88.84228368,1.17,13.5243,0.8692
300324,旋极信息,北京,软件服务,创业板,20120608,20260701,3.99,7.2581,413424872.89,6893086095.0,6822863292.0,68.93086095,68.22863292,2.06,,2.7857
300287,飞利信,北京,软件服务,创业板,20120201,20260701,3.85,19.9377,371156580.63,5525804129.999999,5075438060.0,55.25804129999999,50.7543806,2.83,,5.5783
002655,共达电声,山东,元器件,主板,20120217,20260701,44.81,-2.587,1191098079.25,16333424240.000002,16301111749.0,163.33424240000002,163.01111749,0.68,220.0998,19.6005
002656,*ST摩登,广东,服饰,主板,20120228,20260701,2.82,4.8327,33389521.8,2009306118.0000002,1936320288.0,20.093061180000003,19.36320288,1.04,,4.8702
300289,利德曼,北京,医疗保健,创业板,20120216,20260701,5.77,3.964,75460266.0,3138946354.9999995,3134013005.0,31.389463549999995,31.34013005,1.26,,1.9197
300483,首华燃气,上海,石油开采,创业板,20150630,20260701,20.0,13.7656,517801868.57,7702154000.0,7696754000.0,77.02154,76.96754,2.24,45.489,2.0998
002688,金河生物,内蒙,农业综合,主板,20120713,20260701,4.86,5.1948,65823181.24999999,3739791384.0,3632673096.0,37.39791384,36.32673096,1.59,135.7126,1.6366
002652,扬子新材,江苏,其他建材,主板,20120119,20260701,4.19,-1.6432,98525235.0,2145548160.0,2145548160.0,21.4554816,21.4554816,1.07,,9.137
300292,吴通控股,江苏,互联网,创业板,20120229,20260701,5.1,-5.9041,675610471.9,6843001500.0,5691318480.0,68.430015,56.9131848,1.16,58.3083,4.6579
601339,百隆东方,浙江,纺织,主板,20120612,20260701,6.88,1.6248,65875562.00000001,10317034720.0,10317034720.0,103.1703472,103.1703472,0.73,15.724,1.1035
300301,ST长方,深圳,半导体,创业板,20120321,20260701,3.79,-1.5584,73762098.0,3145202751.9999995,2993339726.0,31.452027519999994,29.93339726,0.78,,43.3107
002672,东江环保,深圳,环境保护,主板,20120426,20260701,3.37,2.7439,89224160.5,3724712046.0,3050248670.9999995,37.24712046,30.502486709999996,0.75,,1.6715
300326,ST凯利,上海,医疗保健,创业板,20120613,20260701,6.19,2.4834,43385245.85,4438308613.0,4436481944.0,44.38308613,44.36481944,1.19,32.9041,1.522
002657,中科金财,北京,软件服务,主板,20120228,20260701,22.52,3.1608,671863103.57,7657970927.0,7569589949.000001,76.57970927,75.69589949000002,1.0,,4.4971
002669,康达新材,上海,化工原料,主板,20120416,20260701,17.84,4.3885,809017082.31,5412656000.0,5400485551.999999,54.12656,54.00485551999999,1.3,43.1494,1.9509
002674,兴业科技,福建,纺织,主板,20120507,20260701,25.68,-9.9895,1100753639.52,7589749680.0,7513035816.0,75.8974968,75.13035816,2.5,74.8434,3.0969
300320,海达股份,江苏,橡胶,创业板,20120601,20260701,9.14,-4.1929,165864820.13,5495280588.0,4435912544.0,54.95280588,44.35912544,1.01,23.6492,2.1194
601965,中国汽研,重庆,汽车服务,主板,20120611,20260701,12.2,2.0067,128865495.0,12232310480.0,12180549540.0,122.3231048,121.8054954,0.95,11.5653,1.5284
300315,掌趣科技,北京,互联网,创业板,20120511,20260701,3.98,2.0513,263906728.27999997,10776291780.0,10115090400.0,107.7629178,101.150904,1.02,,2.3023
002562,兄弟科技,浙江,化学制药,主板,20110310,20260701,4.45,2.2989,122212129.27000001,5085557455.0,3620160885.0,50.85557455,36.20160885,1.31,53.4728,1.3817
601218,吉鑫科技,江苏,电气设备,主板,20110506,20260701,4.35,1.1628,117801511.0,4215295725.0,4215295725.0,42.15295725,42.15295725,1.12,31.1901,1.3903
603006,联明股份,上海,汽车配件,主板,20140630,20260701,14.46,1.4737,128928240.0,3676517178.0,3676517178.0,36.76517178,36.76517178,1.15,39.8007,2.7034
601208,东材科技,四川,化工原料,主板,20110520,20260701,67.28,-4.9583,4333967275.0,67965105512.0,67965105512.0,679.65105512,679.65105512,0.78,238.1066,11.1641
300402,宝色股份,江苏,专用机械,创业板,20141010,20260701,15.1,1.9581,76952352.16,3726536550.0000005,3678639350.0,37.2653655,36.7863935,0.97,68.8647,2.4546
300218,安利股份,安徽,塑料,创业板,20110518,20260701,12.09,1.5966,32032255.740000002,2623372830.0,2614781676.0,26.2337283,26.14781676,0.77,19.9725,1.6699
300215,电科院,江苏,电气设备,创业板,20110511,20260701,6.66,1.0622,122135018.0,4988967372.0,4988967372.0,49.88967372,49.88967372,1.33,738.2977,2.5056
300257,开山股份,上海,机械基件,创业板,20110819,20260701,28.23,-1.569,267478531.59000003,28050316050.0,26950904345.999996,280.5031605,269.50904346,1.03,77.0263,4.2253
300217,东方电热,江苏,家用电器,创业板,20110518,20260701,4.36,2.1077,163511470.39999998,6443979284.0,5349508540.000001,64.43979284,53.49508540000001,1.26,41.3537,1.5173
300231,银信科技,北京,软件服务,创业板,20110615,20260701,8.14,2.3899,93116710.9,3616576766.0,3616391174.0,36.16576766,36.16391174,1.06,59.4406,2.1973
002592,ST八菱,广西,汽车配件,主板,20111111,20260701,6.17,4.932,17441462.830000002,1748152887.0,1620847894.0,17.48152887,16.20847894,0.63,14.9529,1.8045
300227,光韵达,深圳,专用机械,创业板,20110608,20260701,11.6,-2.521,627835342.1800001,6913268240.0,5293720320.0,69.1326824,52.9372032,0.78,,5.0633
300240,飞力达,江苏,仓储物流,创业板,20110706,20260701,5.26,5.4108,73719348.46,1954420854.0,1911234676.0,19.54420854,19.11234676,1.97,200.9007,1.3673
601311,骆驼股份,湖北,电气设备,主板,20110602,20260701,8.06,3.466,168549388.0,9455557566.0,9455557566.0,94.55557566,94.55557566,1.62,11.2857,0.9236
300230,永利股份,上海,塑料,创业板,20110615,20260701,4.28,1.9048,43176526.0,3480553351.9999995,2695640300.0000005,34.80553352,26.956403000000005,1.16,20.36,1.0618
002597,金禾实业,安徽,食品,主板,20110707,20260701,20.29,3.5204,218780491.43,11531210771.000002,11509437572.000002,115.31210771000002,115.09437572000002,1.3,33.2253,1.4585
002602,世纪华通,浙江,互联网,主板,20110728,20260701,13.73,-2.6241,2646683286.8599997,101199467979.0,93320442948.0,1011.99467979,933.20442948,1.15,18.0547,3.1335
300250,初灵信息,浙江,软件服务,创业板,20110803,20260701,14.95,2.5377,117191822.0,3195554711.0000005,2353495797.0,31.955547110000005,23.53495797,1.2,78.2685,5.7843
002627,三峡旅游,湖北,旅游景点,主板,20111103,20260701,5.88,2.9772,74934128.0,4260656103.0,4216435069.0,42.60656103,42.16435069,0.93,66.65,1.3778
300260,新莱应材,江苏,机械基件,创业板,20110906,20260701,103.88,3.4043,3136814974.8399997,42362959996.0,29879721172.000004,423.62959996,298.79721172000006,0.84,241.9872,19.716
603197,保隆科技,上海,汽车配件,主板,20170519,20260701,28.28,1.2169,77075764.0,6052643968.0,5971381388.0,60.52643968,59.71381388,0.87,28.4597,1.8851
300267,尔康制药,湖南,化学制药,创业板,20110927,20260701,3.48,5.4545,161454365.64000002,7177865052.0,4949852820.0,71.77865052,49.4985282,1.14,,1.7846
300261,雅本化学,江苏,农药化肥,创业板,20110906,20260701,4.61,3.132,66952262.019999996,4440856795.0,4346448605.0,44.40856795,43.46448605,1.1,,2.4383
300270,中威电子,浙江,IT设备,创业板,20111012,20260701,14.28,9.7617,855232290.15,4324069680.0,3726083256.0,43.2406968,37.26083256,3.49,,7.8556
002617,露笑科技,浙江,电气设备,主板,20110920,20260701,10.01,-2.7211,2691681721.68,19110830739.0,18794994218.0,191.10830739,187.94994218,0.85,90.1317,2.9671
300729,乐歌股份,浙江,家居用品,创业板,20171201,20260701,9.79,1.7672,28911654.900000002,3344395186.0,3220105262.0,33.44395186,32.20105262,0.95,12.8893,0.9119
300283,温州宏丰,浙江,电气设备,创业板,20120110,20260701,20.57,0.0973,1324705189.11,10222841574.0,7553684545.0,102.22841574,75.53684545,0.88,406.085,8.7258
002625,光启技术,深圳,航空,主板,20111103,20260701,31.05,2.4077,1418251226.03,66899953115.0,66899468735.0,668.99953115,668.99468735,1.09,97.3874,6.8424
002623,亚玛顿,江苏,玻璃,主板,20111013,20260701,15.71,0.5762,58549298.0,3033011875.0,3026313131.0000005,30.33011875,30.263131310000006,0.86,,1.1082
601225,陕西煤业,陕西,煤炭开采,主板,20140128,20260701,20.97,3.0467,1233099455.0,203304150000.0,203304150000.0,2033.0415,2033.0415,1.1,12.1269,1.9912
002631,德尔未来,江苏,家居用品,主板,20111111,20260701,11.48,1.6829,999315287.25,9152807692.0,9110211152.0,91.52807692,91.10211152,1.2,,4.5241
002633,申科股份,浙江,机械基件,主板,20111122,20260701,15.18,0.3305,29855650.0,2277000000.0,2268930312.0,22.77,22.68930312,0.91,441.2808,5.2946
002648,卫星化学,浙江,化工原料,主板,20111228,20260701,24.91,6.0451,3018127567.89,83912964387.0,83859079075.0,839.12964387,838.59079075,0.77,15.8008,2.3669
002646,天佑德酒,青海,白酒,主板,20111222,20260701,6.55,3.8035,54172895.77,3138157400.0,3116768375.0,31.381574,31.16768375,1.26,730.1285,1.0886
002639,雪人集团,福建,专用机械,主板,20111205,20260701,14.12,1.5097,880862739.52,10998847593.0,9314026997.0,109.98847593,93.14026997,1.32,301.0621,4.2896
300281,金明精机,广东,专用机械,创业板,20111229,20260701,6.44,6.7993,88279466.0,2697867984.0000005,2558778796.0,26.978679840000005,25.58778796,1.38,,2.1629
002647,仁东控股,广东,多元金融,主板,20111228,20260701,10.35,-0.8621,302928184.55,11698519095.0,10508269095.0,116.98519095,105.08269095,0.79,32.535,18.7971
300290,ST荣科,辽宁,软件服务,创业板,20120216,20260701,5.32,-20.0,22477000.0,3403376900.0,3402365568.0,34.033769,34.02365568,0.24,,4.5669
002649,博彦科技,北京,软件服务,主板,20120106,20260701,8.31,2.0885,106061048.24000001,4914821526.0,4457193981.0,49.14821526,44.57193981,1.11,47.1943,1.1812
601336,新华保险,北京,保险,主板,20111216,20260701,65.38,9.5877,4267114625.0,203955956708.0,136346021434.0,2039.55956708,1363.46021434,1.93,5.6211,1.6507
002662,峰璟股份,北京,汽车配件,主板,20120309,20260701,3.72,0.5405,76166855.74,5580000000.0,5579929692.000001,55.8,55.79929692000001,0.7,22.4233,1.2485
002666,德联集团,广东,化工原料,主板,20120327,20260701,4.0,1.2658,49672175.76,3151997199.9999995,2002671600.0,31.519971999999996,20.026716,1.15,69.0786,0.8926
601929,吉视传媒,吉林,影视音像,主板,20120223,20260701,2.31,3.5874,273045989.0,8061410742.0,8061410742.0,80.61410742,80.61410742,1.65,,1.7227
300358,楚天科技,湖南,医疗保健,创业板,20140121,20260701,8.43,5.375,273251356.47,6028230618.0,5911962372.0,60.28230618,59.11962372,1.58,23.6726,1.0822
300310,宜通世纪,广东,通信设备,创业板,20120425,20260701,4.27,2.3981,113288770.14,3764681795.0000005,2952161002.0,37.646817950000006,29.52161002,1.01,343.8423,1.9955
300307,慈星股份,浙江,纺织机械,创业板,20120329,20260701,7.26,-1.4925,211693281.8,5812020414.0,5712889891.0,58.12020414,57.12889891,0.91,59.6794,1.7618
002653,海思科,西藏,化学制药,主板,20120117,20260701,72.96,9.9789,1496298567.55,81709209984.0,39163913856.0,817.09209984,391.63913856,1.99,314.7749,16.8667
300296,利亚德,北京,元器件,创业板,20120315,20260701,5.59,-0.1786,480722948.78,15159952548.0,12714606489.0,151.59952548,127.14606489,0.76,49.347,1.8777
601388,怡球资源,江苏,铝,主板,20120423,20260701,2.86,1.0601,119497376.0,6295496636.0,6295496636.0,62.95496636,62.95496636,1.07,37.0683,1.3424
002658,雪迪龙,北京,环境保护,主板,20120309,20260701,8.34,-1.3018,98865968.85000001,5302245906.0,2990402910.0000005,53.02245906,29.904029100000006,1.03,35.129,1.9718
002661,克明食品,湖南,食品,主板,20120316,20260701,7.17,3.4632,28170431.68,2388597309.0,2277972096.0,23.88597309,22.77972096,1.11,25.8847,1.0438
002659,凯文教育,北京,文教休闲,主板,20120309,20260701,3.92,4.8128,99463744.82000001,2345259168.0,2345248192.0,23.45259168,23.45248192,1.87,,1.093
300313,天山生物,新疆,农业综合,创业板,20120425,20260701,8.07,6.1842,69576367.84,1935016530.0,1592637096.0,19.3501653,15.92637096,1.34,,52.6677
603333,福华尚纬,四川,电气设备,主板,20120507,20260701,8.14,0.9926,236991349.0,5059234664.0,5059234664.0,50.59234664,50.59234664,1.61,,2.4782
300311,ST任子行,深圳,软件服务,创业板,20120425,20260701,5.22,0.9671,47022846.78,3516349644.0,2805275502.0,35.16349644,28.05275502,0.97,152.6404,5.3739
002677,浙江美大,浙江,家用电器,主板,20120525,20260701,5.65,2.17,37688047.440000005,3650192105.0,3116030935.0,36.50192105,31.16030935,0.92,316.2441,2.4779
002676,顺威股份,广东,家用电器,主板,20120525,20260701,5.22,4.8193,132908269.5,3758400000.0,3758277330.0,37.584,37.5827733,1.52,47.1432,2.7932
300317,珈伟新能,深圳,电气设备,创业板,20120511,20260701,4.13,2.7363,223485229.32000002,3428678092.0,3423412342.0,34.28678092,34.23412342,0.96,,2.4135
002671,龙泉股份,山东,水泥,主板,20120426,20260701,3.76,1.3477,46009265.36,2117730888.0,2074369816.0,21.17730888,20.74369816,1.21,44.6121,1.2913
300746,汉嘉数智,浙江,建筑工程,创业板,20180525,20260701,10.83,0.185,29983646.0,2444746872.0,2420997765.0,24.44746872,24.20997765,0.8,34.0448,2.9677
002851,麦格米特,深圳,电气设备,主板,20170306,20260701,156.45,-6.4182,6229931145.32,91020678155.0,71693511476.0,910.20678155,716.93511476,0.95,624.4887,10.1467
002689,ST远智,辽宁,运输设备,主板,20120717,20260701,2.58,3.6145,34374233.099999994,2691741606.0,2690711670.0,26.91741606,26.9071167,1.53,26.7422,2.1599
300887,谱尼测试,北京,电器仪表,创业板,20200916,20260701,7.28,4.5977,101083725.9,3972966816.0,2636795616.0,39.72966816,26.36795616,1.44,,1.4439
300299,富春股份,福建,互联网,创业板,20120319,20260701,4.96,1.2245,73105050.74000001,3423888496.0,3418546576.0,34.23888496,34.18546576,0.88,,9.1024
603000,人民网,北京,互联网,主板,20120427,20260701,15.45,4.4625,376437607.0,17082927495.0,17082927495.0,170.82927495,170.82927495,1.76,80.3076,4.4397
603128,华贸物流,上海,仓储物流,主板,20120529,20260701,5.15,1.9802,49265588.0,6741589475.0,6741589475.0,67.41589475,67.41589475,1.13,13.8048,1.068
002685,华东重机,江苏,机床制造,主板,20120612,20260701,6.43,-0.4644,231948068.98000002,6479451200.999999,6478582508.0,64.79451200999999,64.78582508,0.65,97.1073,3.9283
603077,和邦生物,四川,化工原料,主板,20120731,20260701,2.41,3.8793,529871895.99999994,21284401164.0,21284401164.0,212.84401164,212.84401164,1.35,,1.1999
300316,晶盛机电,浙江,专用机械,创业板,20120511,20260701,60.51,0.1821,3160110685.05,79239890238.0,74521417254.0,792.39890238,745.21417254,1.06,89.5635,4.6013
002691,*ST冀凯,河北,专用机械,主板,20120731,20260701,4.17,5.0378,17739648.0,1417800000.0,1401034098.0,14.178,14.01034098,0.86,,1.7413
300334,津膜科技,天津,专用机械,创业板,20120705,20260701,10.2,-2.1113,135761023.0,3081067080.0,3080703960.0,30.8106708,30.8070396,0.58,,5.6257
300348,长亮科技,深圳,软件服务,创业板,20120817,20260701,9.14,3.8636,194446328.32,7439635804.0,6517541530.000001,74.39635804,65.17541530000001,1.21,361.2049,3.511
300337,银邦股份,江苏,铝,创业板,20120718,20260701,11.99,2.8302,320794465.34,9855146400.0,8529808178.0,98.551464,85.29808178,1.07,213.0398,5.5729
002698,博实股份,黑龙江,化工机械,主板,20120911,20260701,13.28,10.0249,528279915.0799999,13579618048.0,11158372592.0,135.79618048,111.58372592,2.88,24.0877,3.2139
300323,华灿光电,湖北,半导体,创业板,20120601,20260701,22.14,8.5294,3872397386.17,35933193432.0,26295545160.0,359.33193432,262.9554516,0.99,,5.4172
603766,隆鑫通用,重庆,摩托车,主板,20120810,20260701,12.8,7.2925,373506269.0,26285336320.000004,26285336320.000004,262.85336320000005,262.85336320000005,1.26,15.9523,2.7231
002681,奋达科技,深圳,元器件,主板,20120605,20260701,4.51,0.8949,159864029.44000003,8093881422.0,7077384248.0,80.93881422,70.77384248,0.63,,3.7981
002686,亿利达,浙江,专用机械,主板,20120703,20260701,5.2,0.9709,56197008.0,2944443492.0,2718190062.0,29.44443492,27.18190062,0.96,96.5533,1.8249
002683,广东宏大,广东,化工原料,主板,20120612,20260701,30.29,3.4141,542980173.76,23016916650.0,20190075139.0,230.1691665,201.90075139,1.21,24.0465,3.2756
300346,南大光电,江苏,半导体,创业板,20120807,20260701,88.74,-4.2202,10729004286.2,61333263306.0,58212552600.0,613.33263306,582.125526,1.01,191.8131,17.0365
300383,光环新网,北京,软件服务,创业板,20140129,20260701,13.77,10.6913,2261938973.0099998,24752854233.0,24707630798.999996,247.52854233,247.07630798999998,2.11,,2.0859
603993,洛阳钼业,河南,小金属,主板,20121009,20260701,17.73,1.0256,4519397641.0,379321119846.0,309580732206.0,3793.21119846,3095.80732206,0.76,18.6502,4.2685
300371,汇中股份,河北,电器仪表,创业板,20140123,20260701,9.93,1.5337,26680115.450000003,1998087789.0,1390157300.9999998,19.98087789,13.901573009999998,0.87,30.1781,1.6951
002716,湖南白银,湖南,小金属,主板,20140128,20260701,8.12,0.3708,646141741.58,22923479432.0,18877816104.0,229.23479432,188.77816104,0.92,67.3853,5.6462
300382,斯莱克,江苏,专用机械,创业板,20140129,20260701,23.08,-0.1298,944613603.3299999,14965072000.0,14963645656.0,149.65072,149.63645656,0.68,,6.573
002703,浙江世宝,浙江,汽车配件,主板,20121102,20260701,14.43,1.4055,345108373.42,11870585532.0,8456674083.0,118.70585532,84.56674083,0.89,65.7588,5.6096
603699,纽威股份,江苏,机械基件,主板,20140117,20260701,48.98,-2.6243,228619224.0,37973356442.0,37133829446.0,379.73356442,371.33829446,0.69,23.7199,7.5927
300369,绿盟科技,北京,软件服务,创业板,20140129,20260701,5.59,2.7574,151894183.87,4531376421.0,4515059211.0,45.31376421,45.15059211,1.17,,1.7687
300354,东华测试,江苏,电器仪表,创业板,20120920,20260701,37.5,10.6848,330236681.0,5187007500.0,3049087500.0,51.870075,30.490875,2.79,37.8828,5.8554
300388,节能国祯,安徽,环境保护,创业板,20140801,20260701,6.31,2.269,61263407.2,4297376282.0,4297376282.0,42.97376282,42.97376282,1.59,12.0694,0.8951
603777,来伊份,上海,食品,主板,20161012,20260701,15.72,1.2234,123228642.0,5257148424.0,5257148424.0,52.57148424,52.57148424,0.66,,3.3733
603806,福斯特,浙江,塑料,主板,20140905,20260701,16.43,-2.1441,704408306.0,42861680350.0,42861680350.0,428.6168035,428.6168035,0.82,55.6879,2.6486
603688,石英股份,江苏,矿物制品,主板,20141031,20260701,78.89,-4.5031,2319189031.0,42733001087.0,42733001087.0,427.33001087,427.33001087,0.81,278.6957,7.3002
300351,永贵电器,浙江,运输设备,创业板,20120920,20260701,16.41,-0.5455,265949153.34999996,6382014741.0,4322649996.0,63.82014741,43.22649996,0.75,102.1143,2.6226
300355,蒙草生态,内蒙,环境保护,创业板,20120927,20260701,2.81,2.1818,84897178.6,4507920301.0,3839277148.0,45.07920301,38.39277148,1.23,221.9197,1.0684
600917,重庆燃气,重庆,供气供热,主板,20140930,20260701,4.62,1.5385,16826542.0,7212003876.0,7212003876.0,72.12003876,72.12003876,1.08,34.2491,1.2504
300396,ST迪瑞,吉林,医疗保健,创业板,20140910,20260701,6.56,5.4662,27474959.0,1788912656.0000002,1786046592.0,17.88912656,17.86046592,1.11,,1.1654
300403,汉宇集团,广东,家用电器,创业板,20141030,20260701,9.93,5.414,189852066.56,5987790000.0,4240694877.0,59.8779,42.40694877,1.53,25.3602,2.6736
002697,红旗连锁,四川,超市连锁,主板,20120905,20260701,4.29,3.125,74229969.3,5834400429.0,4913509887.0,58.34400429,49.13509887,1.35,12.1398,1.1835
002707,众信旅游,北京,旅游服务,主板,20140123,20260701,4.9,2.0833,76261576.2,4815303500.0,4238440710.0,48.153035,42.3844071,1.07,682.1794,5.3488
300820,英杰电气,四川,电气设备,创业板,20200213,20260701,85.25,-5.5192,681854039.77,18947068250.0,9529210900.0,189.4706825,95.292109,0.94,85.0069,7.3409
002728,特一药业,广东,中成药,主板,20140731,20260701,9.61,5.0273,519047338.11,4932907178.0,4817578529.0,49.32907178,48.17578529,1.67,60.3993,2.6704
002724,海洋王,深圳,元器件,主板,20141104,20260701,4.93,1.6495,33105500.599999998,3803485140.0000005,2799131243.0000005,38.03485140000001,27.991312430000004,0.99,34.5569,1.3826
300359,全通教育,广东,文教休闲,创业板,20140121,20260701,3.74,4.4693,93642867.0,2368666916.0,2368548358.0,23.68666916,23.68548358,1.95,,4.6205
601865,福莱特,浙江,玻璃,主板,20190215,20260701,10.53,0.1903,244588345.0,24670530612.0,20017797462.0,246.70530612,200.17797462,1.08,25.1593,1.1198
603099,长白山,吉林,旅游景点,主板,20140822,20260701,35.46,-0.5887,181603232.0,9657740214.0,9657740214.0,96.57740214,96.57740214,0.95,74.665,6.4124
603111,康尼机电,江苏,运输设备,主板,20140801,20260701,5.76,1.7668,34758364.0,4965296832.0,4912580736.0,49.65296832,49.12580736,1.11,14.1268,1.207
603979,金诚信,北京,铜,主板,20150630,20260701,58.64,-0.6607,792337736.0,36578981096.0,36578981096.0,365.78981096,365.78981096,1.01,15.6407,3.1953
300435,中泰股份,浙江,供气供热,创业板,20150326,20260701,25.57,-5.5412,1192281102.25,9862681410.0,9430579094.0,98.6268141,94.30579094,1.43,21.8996,2.8481
300596,利安隆,天津,化工原料,创业板,20170119,20260701,54.5,3.8491,665835943.16,12514273650.0,12245485100.0,125.1427365,122.454851,1.46,25.2018,2.5236
603010,万盛股份,浙江,化工原料,主板,20141010,20260701,18.5,2.0971,566240370.0,10823060550.0,10559398550.0,108.2306055,105.5939855,0.85,,4.1776
002796,世嘉科技,江苏,通信设备,主板,20160510,20260701,38.86,-4.7082,521655907.5,9806977734.0,8848740652.0,98.06977734,88.48740652,0.84,,11.641
300430,*ST益通,北京,电器仪表,创业板,20150319,20260701,4.59,5.0343,65367650.199999996,1253284812.0,1192713795.0,12.53284812,11.92713795,1.11,,0.9773
300475,香农芯创,安徽,元器件,创业板,20150610,20260701,302.51,0.8367,11102886474.300001,142041089918.0,136140329858.0,1420.41089918,1361.40329858,0.85,260.8201,29.2297
603701,德宏股份,浙江,汽车配件,主板,20160412,20260701,22.85,3.9581,137807453.0,5972119415.0,5972119415.0,59.72119415,59.72119415,1.2,517.6543,7.3589
300415,伊之密,广东,专用机械,创业板,20150123,20260701,19.85,-0.3014,125905758.67999999,9300955700.0,8993878185.0,93.009557,89.93878185,0.95,13.1248,2.7409
603369,今世缘,江苏,白酒,主板,20140703,20260701,24.24,2.2353,377277563.0,30222432000.0,30222432000.0,302.22432,302.22432,0.88,11.6075,1.6839
002730,电光科技,浙江,专用机械,主板,20141009,20260701,28.85,-3.544,295499570.0,10446005115.0,9982962615.0,104.46005115,99.82962615,0.77,155.7391,6.3318
002732,燕塘乳业,广东,乳制品,主板,20141205,20260701,12.69,2.3387,21888079.5,1996771500.0,1986825078.0,19.967715,19.86825078,1.09,34.6511,1.3234
601828,美凯龙,上海,其他商业,主板,20180117,20260701,2.12,3.9216,87841748.0,9229818348.0,7658292664.0,92.29818348,76.58292664,1.49,,0.4093
300463,迈克生物,四川,医疗保健,创业板,20150528,20260701,8.5,2.9056,73741116.6,5139666304.0,4178590973.0,51.39666304,41.78590973,1.34,,0.8178
603318,水发燃气,辽宁,供气供热,主板,20150424,20260701,9.94,4.1929,742340833.0,5513451608.0,4563164746.0,55.13451608,45.63164746,1.03,,2.9333
300443,金雷股份,山东,电气设备,创业板,20150422,20260701,21.81,1.0658,151498088.51999998,6982135625.999999,5294900940.0,69.82135625999999,52.9490094,1.18,22.2017,1.0981
603116,红蜻蜓,浙江,服饰,主板,20150629,20260701,5.8,2.1127,58728782.0,3341964640.0,3341964640.0,33.4196464,33.4196464,0.59,,1.3215
002735,王子新材,深圳,塑料,主板,20141203,20260701,17.02,4.8675,759561942.61,6386828186.0,4851709286.0,63.86828186,48.51709286,0.97,,4.0869
603909,建发合诚,福建,建筑工程,主板,20160628,20260701,8.74,2.4619,27081858.0,2278282894.0,2278282894.0,22.78282894,22.78282894,1.08,20.8645,1.9241
300335,迪森股份,广东,供气供热,创业板,20120710,20260701,5.0,2.6694,89587652.02,2385061500.0,1920796500.0,23.850615,19.207965,1.57,54.2547,1.2353
300341,麦克奥迪,福建,电气设备,创业板,20120726,20260701,13.32,0.5283,97866101.2,6891905196.0,6864708419.999999,68.91905196,68.6470842,0.8,40.1575,3.4877
002723,小崧股份,广东,家用电器,主板,20140129,20260701,8.94,1.1312,85266739.2,2971207212.0000005,2834425212.0,29.712072120000006,28.34425212,0.71,,4.0495
002727,一心堂,云南,医药商业,主板,20140702,20260701,10.07,5.0052,113669971.5,5897033287.0,3956658078.0,58.97033287,39.56658078,1.26,22.3854,0.7884
300352,ST信源,北京,软件服务,创业板,20120912,20260701,2.79,3.7175,94490239.71,4045008960.0,3560393214.0,40.4500896,35.60393214,1.21,,4.0053
002725,跃岭股份,浙江,汽车配件,主板,20140129,20260701,12.73,3.3279,151486504.2,3258880000.0,3169304489.0,32.5888,31.69304489,0.88,223.712,3.3387
002746,仙坛股份,山东,农业综合,主板,20150216,20260701,5.31,4.1176,102903095.2,4569460497.0,3768380622.0,45.69460497,37.68380622,1.53,18.8028,0.978
002708,光洋股份,江苏,汽车配件,主板,20140121,20260701,12.87,-2.4261,328204779.0,7234201260.0,6649370442.0,72.3420126,66.49370442,0.91,71.6413,4.0897
002714,牧原股份,河南,农业综合,主板,20140128,20260701,36.98,5.6873,4362567549.69,213485392080.0,140531066878.0,2134.8539208,1405.31066878,1.45,13.7849,2.4748
002815,崇达技术,深圳,元器件,主板,20161012,20260701,16.12,-2.833,948536470.9599999,19894518956.0,12527529040.000002,198.94518956,125.27529040000002,0.87,61.4079,2.2368
002722,物产金轮,江苏,钢加工,主板,20140128,20260701,12.06,2.2901,48026084.22,2681806320.0,2681625420.0,26.8180632,26.8162542,1.09,17.6293,0.8974
601016,节能风电,北京,新型电力,主板,20140929,20260701,3.92,1.0309,1177694557.0,25654385512.0,23669962736.0,256.54385512,236.69962736,1.16,37.4133,1.4406
300507,苏奥传感,江苏,汽车配件,创业板,20160429,20260701,7.39,-1.071,93747001.74000001,5916780591.0,5727187185.0,59.16780591,57.27187185,0.93,49.4854,2.7317
002721,金一文化,北京,服饰,主板,20140127,20260701,2.28,2.7027,117893705.0,6063383208.0,6063383208.0,60.63383208,60.63383208,1.22,210.6633,2.8174
300360,炬华科技,浙江,电器仪表,创业板,20140121,20260701,11.89,1.1915,77515897.56,6113684619.0,5948288774.0,61.13684619,59.48288774,1.22,10.7864,1.4382
300363,博腾股份,重庆,化学制药,创业板,20140129,20260701,16.84,3.6946,641551847.01,9151566648.0,8345134412.0,91.51566648,83.45134412,0.95,94.9925,1.708
601579,会稽山,浙江,红黄酒,主板,20140825,20260701,15.2,3.4717,104422694.0,7287843680.0,7287843680.0,72.8784368,72.8784368,1.08,29.7899,1.8752
002748,世龙实业,江西,化工原料,主板,20150319,20260701,10.85,3.5305,82623371.96000001,2604000000.0,2604000000.0,26.04,26.04,1.65,45.2035,1.8223
002705,新宝股份,广东,家用电器,主板,20140121,20260701,11.22,1.2635,73972152.57000001,9109245354.0,9061617576.0,91.09245354,90.61617576,0.83,9.115,1.0498
002838,道恩股份,山东,塑料,主板,20170106,20260701,32.62,6.5317,265960954.29999998,15605355808.000002,13721006054.0,156.05355808000002,137.21006054,1.43,82.6102,4.1525
300419,ST浩丰,北京,软件服务,创业板,20150122,20260701,7.04,-0.8451,64955592.0,2588986752.0,2588986752.0,25.88986752,25.88986752,1.18,,7.7713
002726,ST龙大,山东,食品,主板,20140626,20260701,1.22,3.3898,96704125.47,1396067004.0,1395067824.0,13.96067004,13.95067824,3.09,,2.6716
601326,秦港股份,河北,港口,主板,20170816,20260701,3.2,1.2658,51571383.0,17879718400.0,15224188799.999998,178.797184,152.241888,0.84,11.1313,0.8624
300405,科隆股份,辽宁,化工原料,创业板,20141030,20260701,5.35,3.2819,54516226.410000004,1521393945.0,1170705190.0,15.21393945,11.7070519,1.02,,3.9067
603069,海汽集团,海南,公共交通,主板,20160712,20260701,12.81,2.0717,61560881.0,4047960000.0,4047960000.0,40.4796,40.4796,1.17,,5.2393
300476,胜宏科技,广东,元器件,创业板,20150611,20260701,326.86,-5.649,14838328726.0,321233039728.0,282797605014.0,3212.33039728,2827.97605014,0.93,74.4977,18.4572
300527,ST应急,湖北,专用机械,创业板,20160805,20260701,6.8,4.6154,68343937.94,6914038720.0,6914038720.0,69.1403872,69.1403872,1.29,388.2961,2.3902
603309,维力医疗,广东,医疗保健,主板,20150302,20260701,11.69,4.1889,56934867.0,3411976666.0,3411976666.0,34.11976666,34.11976666,1.42,44.7017,1.8716
300393,中来股份,江苏,塑料,创业板,20140912,20260701,7.56,3.7037,321569477.02,8237583144.0,7226551836.0,82.37583144,72.26551836,1.47,,4.6511
002739,儒意电影,北京,影视音像,主板,20150122,20260701,9.52,-0.8333,654890236.5699999,20104133224.0,19991166048.0,201.04133224,199.91166048,0.91,39.1115,2.6395
300438,鹏辉能源,广东,电气设备,创业板,20150424,20260701,79.63,-3.8865,2919508298.47,40081226979.0,32183595246.0,400.81226979,321.83595246,1.26,194.5478,7.0357
300411,金盾股份,浙江,专用机械,创业板,20141231,20260701,7.21,1.4065,112697927.42,2931009200.0,2228722755.0,29.310092,22.28722755,0.7,275.3046,3.0389
300536,农尚环境,湖北,建筑工程,创业板,20160920,20260701,8.75,3.0624,84786056.0,2566271750.0,2566085375.0,25.6627175,25.66085375,0.91,,9.1105
300505,川金诺,云南,农药化肥,创业板,20160315,20260701,24.58,7.1024,879924483.13,6756243149.999999,5342738296.000001,67.56243149999999,53.42738296000001,1.05,14.8877,2.2876
300436,广生堂,福建,化学制药,创业板,20150422,20260701,112.57,4.5801,1853824381.25,17928686190.0,15390795540.0,179.2868619,153.9079554,1.7,,71.2583
601198,东兴证券,北京,证券,主板,20150226,20260701,13.99,2.9433,661051425.0,45221912545.0,45221912545.0,452.21912545,452.21912545,1.59,21.5162,1.4686
603788,宁波高发,浙江,汽车配件,主板,20150120,20260701,13.7,-0.7246,33266278.0,3055991870.0,3055991870.0,30.5599187,30.5599187,1.54,14.1355,1.4061
603227,雪峰科技,新疆,化工原料,主板,20150515,20260701,7.14,1.7094,56958967.0,7651885878.0,7651885878.0,76.51885878,76.51885878,0.93,15.1922,1.4647
603030,全筑股份,上海,装修装饰,主板,20150320,20260701,2.07,4.0201,90779251.0,2726052345.0,2726052345.0,27.26052345,27.26052345,1.24,,3.8991
300501,海顺新材,上海,广告包装,创业板,20160204,20260701,12.75,0.3937,44854807.339999996,3546829425.0,1819101150.0,35.46829425,18.1910115,0.54,,2.5488
300437,清水源,河南,化工原料,创业板,20150423,20260701,11.67,3.6412,161984867.56,2861520177.0000005,2027669502.0,28.615201770000006,20.27669502,1.2,,2.0683
300467,迅游科技,四川,互联网,创业板,20150527,20260701,34.74,-6.5627,434269509.52000004,7059338226.0,5913505331.999999,70.59338226,59.13505331999999,1.62,275.9349,10.8659
603726,朗迪集团,浙江,家用电器,主板,20160421,20260701,33.8,-1.3139,592033126.0,6275010560.0,6243069560.0,62.7501056,62.4306956,1.52,35.3832,4.1947
603013,亚普股份,江苏,汽车配件,主板,20180509,20260701,16.01,1.3933,57371864.0,8136595796.000001,8136595796.000001,81.36595796,81.36595796,1.23,15.404,1.756
603015,弘讯科技,浙江,电气设备,主板,20150303,20260701,12.0,-1.2346,142796350.0,4850628000.0,4850628000.0,48.50628,48.50628,0.67,112.9921,3.4864
603959,ST百利,湖南,建筑工程,主板,20160517,20260701,4.47,2.0548,48916329.0,2191636530.0,2191636530.0,21.9163653,21.9163653,0.98,,5605.5328
603696,安记食品,福建,食品,主板,20151209,20260701,11.84,2.9565,65047660.0,2784768000.0,2784768000.0,27.84768,27.84768,1.22,101.2844,4.8142
002742,冀衡医药,重庆,水泥,主板,20150217,20260701,3.45,2.9851,54689066.0,2360151900.0,1807662345.0,23.601519,18.07662345,1.15,,14.7227
300398,飞凯材料,上海,化工原料,创业板,20141009,20260701,60.01,-2.8178,6069667937.7300005,34207692332.0,34021889370.0,342.07692332,340.2188937,0.9,87.6229,6.783
603730,岱美股份,上海,汽车配件,主板,20170728,20260701,11.26,0.8057,182350245.0,24193078360.0,24193078360.0,241.9307836,241.9307836,0.75,36.6707,4.8638
600959,江苏有线,江苏,影视音像,主板,20150428,20260701,2.95,2.0761,111689529.0,14752117215.0,14752117215.0,147.52117215,147.52117215,1.02,57.0903,0.6487
603188,亚邦股份,江苏,染料涂料,主板,20140909,20260701,4.17,5.303,93175494.0,2377608900.0,2377608900.0,23.776089,23.776089,1.58,,3.3724
002767,先锋电子,浙江,电器仪表,主板,20150612,20260701,16.7,0.7846,41320415.6,2505000000.0,2174580480.0,25.05,21.7458048,1.08,90.1473,2.9069
002818,富森美,四川,其他商业,主板,20161109,20260701,10.51,1.155,33324248.41,7866304090.0,3135499799.0,78.6630409,31.35499799,0.77,14.161,1.3162
603883,老百姓,湖南,医药商业,主板,20150423,20260701,11.29,3.0109,111407062.0,8567870358.0,8567870358.0,85.67870358,85.67870358,1.15,22.438,1.2601
603885,吉祥航空,上海,空运,主板,20150527,20260701,10.75,4.4704,320620889.0,23478056974.999996,23478056974.999996,234.78056974999996,234.78056974999996,0.94,22.5829,2.2691
002564,天沃科技,江苏,化工机械,主板,20110310,20260701,4.45,3.4884,93433973.03999999,3822125025.0,3822125025.0,38.22125025,38.22125025,1.27,81.3668,20.1256
002581,*ST未名,山东,生物制药,主板,20110520,20260701,3.27,3.1546,25895425.0,2157335412.0,1310587224.0,21.57335412,13.10587224,0.92,,1.1959
002572,索菲亚,广东,家居用品,主板,20110412,20260701,7.63,4.5205,106343615.04,7348049373.0,4970667268.0,73.48049373,49.70667268,1.13,8.1529,0.9978
002574,明牌珠宝,浙江,服饰,主板,20110422,20260701,4.2,1.2048,94064877.39999999,2217600000.0,2217600000.0,22.176,22.176,2.78,,0.816
002575,群兴玩具,广东,文教休闲,主板,20110422,20260701,5.8,1.3986,229039727.63,3575700000.0,3389087900.0,35.757,33.890879,0.9,,4.2402
601233,桐昆股份,浙江,化纤,主板,20110518,20260701,23.15,6.9284,1547668637.0,55073884725.0,54973661430.0,550.73884725,549.7366143,1.15,27.0926,1.3693
002584,西陇科学,广东,化工原料,主板,20110602,20260701,10.0,5.4852,1194884254.98,5852164000.0,4684265000.0,58.52164,46.84265,1.01,,2.6747
300225,金力泰,上海,染料涂料,创业板,20110531,20260701,8.12,2.267,247947191.6,3860488351.9999995,3833012708.0,38.604883519999994,38.33012708,1.44,228.1592,4.4032
002583,海能达,深圳,通信设备,主板,20110527,20260701,8.03,4.4213,234835528.0,14603513782.0,10300248827.0,146.03513782,103.00248827,1.11,,7.1715
002590,万安科技,浙江,汽车配件,主板,20110610,20260701,10.01,0.1,65306511.050000004,5195715525.0,4954518569.0,51.95715525,49.54518569,0.75,24.3382,1.6853
300232,洲明科技,深圳,元器件,创业板,20110622,20260701,5.8,1.2216,145698159.68,6307193760.0,5136724180.0,63.0719376,51.3672418,1.0,99.8574,1.3951
300237,ST美晨,山东,汽车配件,创业板,20110629,20260701,1.82,7.0588,72348224.95,2624285118.0,2624260548.0,26.24285118,26.24260548,1.43,,58.7776
603156,养元饮品,河北,软饮料,主板,20180212,20260701,47.2,-3.8109,709172169.0,59485102720.0,59485102720.0,594.8510272,594.8510272,1.12,47.2161,6.0021
002594,比亚迪,深圳,汽车整车,主板,20110630,20260701,80.66,1.2045,4035250996.65,735393158416.0,281230244910.0,7353.93158416,2812.3024491,0.97,22.5449,3.171
002626,金达威,福建,医疗保健,主板,20111028,20260701,14.01,6.2974,98573184.5,8545201959.000001,8544151209.0,85.45201959,85.44151209,1.61,25.1398,1.9408
002600,领益智造,广东,元器件,主板,20110715,20260701,17.8,2.6528,7436524053.08,144536188680.0,128154745440.0,1445.3618868,1281.5474544,1.07,63.179,5.9252
300241,瑞丰光电,深圳,半导体,创业板,20110712,20260701,7.16,-1.105,495876760.06,5131215769.0,4303557323.0,51.31215769,43.03557323,1.12,77.8095,2.2494
002608,江苏国信,江苏,火力发电,主板,20110810,20260701,7.04,2.029,299315667.27,26597681088.0,26597681088.0,265.97681088,265.97681088,0.78,7.6759,0.7421
300255,常山药业,河北,生物制药,创业板,20110819,20260701,25.09,7.1307,1128422318.27,23059237980.999996,23023171105.999996,230.59237980999995,230.23171105999995,1.1,,19.0549
002830,名雕股份,深圳,装修装饰,主板,20161213,20260701,18.06,4.4534,247555430.6,3357281760.0,1676591070.0,33.5728176,16.7659107,1.19,78.3822,4.9113
002717,*ST岭南,广东,环境保护,主板,20140219,20260701,1.01,5.2083,18473233.45,1838435936.0,1735739540.0,18.38435936,17.3573954,0.26,,
300259,新天科技,河南,电器仪表,创业板,20110831,20260701,6.28,-5.279,441438119.39,7254060028.0,7251996420.0,72.54060028,72.5199642,0.78,28.9415,2.3609
300303,聚飞光电,深圳,半导体,创业板,20120319,20260701,10.31,-6.7812,1779485573.31,14607264705.0,13698347477.0,146.07264705,136.98347477,1.05,47.8968,3.8006
601908,京运通,北京,电气设备,主板,20110908,20260701,3.17,1.278,247595330.0,7654291193.0,7654291193.0,76.54291193,76.54291193,1.38,,1.0339
002611,东方精工,广东,轻工机械,主板,20110830,20260701,17.47,-1.0759,576970742.62,21265984673.0,17539223128.0,212.65984673,175.39223128,0.92,29.3219,3.726
300294,博雅生物,江西,生物制药,创业板,20120308,20260701,14.91,4.7051,131658118.96,7518348117.0,7518348117.0,75.18348117,75.18348117,1.26,66.7121,1.0076
300266,兴源环境,浙江,环境保护,创业板,20110927,20260701,1.85,4.5198,53787856.440000005,2874543505.0,2873126035.0000005,28.74543505,28.731260350000003,1.49,,94.1086
300274,阳光电源,安徽,电气设备,创业板,20111102,20260701,136.92,-13.8976,22413748625.7,283864118580.0,217364361144.0,2838.6411858,2173.64361144,2.34,21.0875,5.8335
002636,金安国纪,上海,元器件,主板,20111125,20260701,111.36,-7.1768,4412597341.5,81070080000.0,80659762944.0,810.7008,806.59762944,1.29,269.5603,21.2559
300278,华昌达,湖北,专用机械,创业板,20111216,20260701,3.94,1.5464,99178601.89,5570712810.0,5553214088.0,55.7071281,55.53214088,1.03,,3.3353
002634,*ST棒杰,浙江,服饰,主板,20111205,20260701,4.39,0.6881,39213742.0,2016557475.0,1941412527.9999998,20.16557475,19.414125279999997,0.72,,
300279,和晶科技,江苏,元器件,创业板,20111229,20260701,6.08,0.4959,100118537.4,2973724960.0,2960620736.0,29.7372496,29.60620736,0.77,45.9586,2.8432
002645,华宏科技,江苏,专用机械,主板,20111220,20260701,25.75,-6.3977,1354058012.6100001,19392850300.0,17515497625.0,193.928503,175.15497625,0.84,94.9194,4.5445
002673,西部证券,陕西,证券,主板,20120503,20260701,6.73,3.698,349436038.84,30080284841.0,30080284841.0,300.80284841,300.80284841,1.28,17.1529,0.9854
300350,华鹏飞,深圳,仓储物流,创业板,20120821,20260701,4.07,2.5189,83780671.8,2287390061.0,1919271178.0,22.87390061,19.19271178,1.37,,2.6079
601360,三六零,天津,互联网,主板,20120116,20260701,8.83,1.611,677779707.0,61806096257.0,61806096257.0,618.06096257,618.06096257,0.86,234.9926,2.1167
002664,信质集团,浙江,汽车配件,主板,20120316,20260701,17.93,3.7016,140540082.39,7319026000.0,7218189473.0,73.19026,72.18189473,1.28,54.752,2.0531
002667,*ST威领,湖南,小金属,主板,20120329,20260701,11.28,5.0279,228610440.57999998,2939472120.0,2668972080.0,29.3947212,26.6897208,3.17,,
300532,今天国际,深圳,软件服务,创业板,20160818,20260701,6.39,2.5682,56651611.79,4061741517.0,3864170385.0000005,40.61741517,38.641703850000006,1.22,17.2736,2.2026
002650,ST加加,湖南,食品,主板,20120106,20260701,6.09,-1.2966,49150316.0,6742140342.0,6741911967.0,67.42140342,67.41911967,1.1,,3.8736
002654,万润科技,深圳,互联网,主板,20120217,20260701,20.48,-7.9964,2599001823.64,17311795200.0,17310566400.0,173.117952,173.105664,1.17,539.0404,11.0689
300304,云意电气,江苏,汽车配件,创业板,20120321,20260701,18.08,1.2885,533393266.15000004,15876838421.0,15449640855.0,158.76838421,154.49640855,0.59,34.0191,4.663
300306,远方信息,浙江,电器仪表,创业板,20120329,20260701,9.78,0.8247,37131685.0,2630417064.0000005,1541352450.0,26.304170640000006,15.4135245,1.22,36.7937,1.7558
002663,普邦股份,广东,建筑工程,主板,20120316,20260701,1.53,2.6846,81088299.8,2636723817.0000005,2611887786.0,26.367238170000004,26.11887786,1.13,,1.3652
300300,海峡创新,福建,软件服务,创业板,20120319,20260701,8.25,5.6338,458677446.85,5501488575.0,5501137950.0,55.01488575,55.0113795,1.52,38.6514,20.6856
002660,茂硕电源,深圳,电气设备,主板,20120316,20260701,6.65,2.3077,50185788.0,2371562900.0,2280861555.0,23.715629,22.80861555,1.13,,2.378
300755,华致酒行,云南,其他商业,创业板,20190129,20260701,11.67,2.4583,70577978.75,4864037328.0,4861499103.0,48.64037328,48.61499103,0.67,,1.7332
002670,国盛证券,江西,证券,主板,20120416,20260701,12.1,10.0,523551182.31,23414523660.0,19642542260.0,234.1452366,196.4254226,1.49,85.7804,2.0654
002675,东诚药业,山东,化学制药,主板,20120525,20260701,12.78,1.8327,127879857.46,10538333046.0,9500447520.0,105.38333046,95.0044752,0.9,53.869,2.4586
300302,同有科技,北京,IT设备,创业板,20120321,20260701,49.33,-3.5959,3144897301.69,23642083254.0,18193589687.0,236.42083254,181.93589687,0.83,,21.4665
002696,百洋股份,广西,饲料,主板,20120905,20260701,5.13,3.2193,53265757.8,1773719046.0,1714748157.0,17.73719046,17.14748157,1.14,43.6542,1.3041
002682,龙洲股份,福建,仓储物流,主板,20120612,20260701,4.38,3.3019,103778430.7,2463174468.0,2463174468.0,24.63174468,24.63174468,1.36,,4.6746
603168,莎普爱思,浙江,化学制药,主板,20140702,20260701,4.97,5.2966,55287114.0,1859408705.0,1851394580.0000002,18.59408705,18.513945800000002,1.28,,1.4032
002692,远程股份,江苏,电气设备,主板,20120808,20260701,3.85,2.122,66695854.99999999,2764862100.0,2763275900.0000005,27.648621,27.632759000000004,1.13,1559.0142,2.42
002690,美亚光电,安徽,专用机械,主板,20120731,20260701,14.37,0.2791,77295474.24,12677629293.0,6232944390.0,126.77629293,62.3294439,0.96,17.6294,4.1896
002678,珠江钢琴,广东,文教休闲,主板,20120530,20260701,4.29,1.4184,47456989.800000004,5827194087.0,5823994176.0,58.27194087,58.23994176,0.86,,1.9139
300342,天银机电,江苏,家用电器,创业板,20120726,20260701,48.25,2.6596,1612715977.8700001,20507948400.0,20207046925.0,205.079484,202.07046925,1.06,1603.2696,13.0893
300322,硕贝德,广东,元器件,创业板,20120608,20260701,24.94,-1.0317,655182218.87,11473352708.0,10984344152.0,114.73352708,109.84344152,0.73,177.3746,11.2692
603008,ST喜临门,浙江,家居用品,主板,20120717,20260701,8.28,4.0201,56652629.0,3049461072.0000005,3049461072.0000005,30.494610720000004,30.494610720000004,1.26,12.6319,0.8673
002701,奥瑞金,北京,广告包装,主板,20121011,20260701,4.4,3.2864,161286165.27,11262946200.000002,11252409080.0,112.62946200000002,112.5240908,1.48,11.188,1.0991
603399,永杉锂业,辽宁,小金属,主板,20120824,20260701,22.72,1.0676,2404211256.0,11639242432.0,11639242432.0,116.39242432,116.39242432,1.06,,7.1873
002687,乔治白,浙江,服饰,主板,20120713,20260701,5.43,3.626,256050314.5,2740952685.0,2244726705.0,27.40952685,22.44726705,0.89,32.0895,1.7519
300328,宜安科技,广东,小金属,创业板,20120619,20260701,13.9,-0.9972,523454532.57,9596888040.0,9549890750.0,95.9688804,95.4989075,0.65,,9.33
300349,金卡智能,浙江,电器仪表,创业板,20120817,20260701,11.21,2.468,85728401.56,4676962214.0,4144557837.0000005,46.76962214,41.44557837000001,0.88,17.5888,1.0329
300343,联创股份,山东,化工原料,创业板,20120801,20260701,6.8,19.9295,600047945.25,7264949320.0,7250291920.0,72.6494932,72.5029192,2.75,185.9569,3.7088
002693,双成药业,海南,生物制药,主板,20120808,20260701,9.7,2.537,279593720.16,4022491060.0000005,3986521520.0,40.22491060000001,39.8652152,1.58,211.2302,9.6717
603126,中材节能,天津,环境保护,主板,20140731,20260701,6.26,-0.6349,81324766.0,3821730000.0,3821730000.0,38.2173,38.2173,1.4,278.6997,1.8627
603288,海天味业,广东,食品,主板,20140211,20260701,33.48,0.965,774352373.0,195919097652.0,186168904740.0,1959.19097652,1861.6890474,0.71,27.8355,4.6622
300389,艾比森,深圳,元器件,创业板,20140801,20260701,12.99,1.3261,83763348.0,4794612897.0,2850491826.0,47.94612897,28.50491826,1.07,19.0359,2.854
002718,友邦吊顶,浙江,其他建材,主板,20140128,20260701,109.01,-1.1247,104466141.27,14111107839.0,10244849624.0,141.11107839,102.44849624,0.54,1140.7097,15.3321
002715,登云股份,广东,汽车配件,主板,20140219,20260701,13.52,2.0377,72297982.29,1865760000.0,1865760000.0,18.6576,18.6576,0.92,,4.0093
002713,*ST东易,北京,装修装饰,主板,20140219,20260701,12.16,-4.0253,160626575.03,11569087231.999998,6402249728.0,115.69087231999998,64.02249728,0.84,317.4375,13.3215
601608,中信重工,河南,专用机械,主板,20120706,20260701,4.76,-0.2096,167153540.0,21798674184.0,21798674184.0,217.98674184,217.98674184,0.85,58.0583,2.3128
603185,弘元绿能,江苏,电气设备,主板,20181228,20260701,16.7,0.0599,238978757.0,11407382560.0,11339670740.0,114.0738256,113.3967074,0.86,61.0549,0.9666
002700,万憬能源,新疆,供气供热,主板,20120921,20260701,6.19,-0.4823,111514357.0,2560357939.0,1329524102.0000002,25.60357939,13.295241020000002,0.69,31.4979,1.8311
300368,汇金股份,河北,IT设备,创业板,20140123,20260701,8.72,4.4311,248944881.16,4612387320.0,4612387320.0,46.1238732,46.1238732,0.99,,95.6912
300373,扬杰科技,江苏,半导体,创业板,20140123,20260701,152.0,-3.3263,4931823030.53,82588865600.0,82405036800.0,825.888656,824.050368,0.85,65.6205,8.3343
300385,ST雪浪,江苏,环境保护,创业板,20140626,20260701,12.1,20.0397,129043297.75,4031065390.0,3517017460.0,40.3106539,35.1701746,0.9,,
300376,易事特,广东,电气设备,创业板,20140127,20260701,5.11,-0.1953,218776915.6,11897308955.000002,11893192339.000002,118.97308955000003,118.93192339000002,0.79,495.4679,1.8335
300380,安硕信息,上海,软件服务,创业板,20140128,20260701,32.51,5.6549,185336441.67999998,4500651890.0,4140652405.0,45.0065189,41.40652405,1.29,151.0494,10.9119
300365,恒华科技,北京,软件服务,创业板,20140123,20260701,4.7,2.6201,62165303.5,2819320850.0,2405105620.0,28.1932085,24.0510562,1.04,,1.7637
300399,天利科技,江西,互联网,创业板,20141009,20260701,20.58,7.8616,224924396.26000002,4066608000.0,4066210806.0,40.66608,40.66210806,1.43,,8.0411
002712,思美传媒,浙江,广告包装,主板,20140123,20260701,4.27,2.8916,59874919.349999994,2324059374.0,2309644281.0,23.24059374,23.09644281,1.02,,1.68
000333,美的集团,广东,家用电器,主板,20130918,20260701,77.4,2.4758,3810029158.73,589280170860.0,531137646900.0,5892.8017086,5311.376469,0.98,13.4094,2.5366
603997,继峰股份,浙江,汽车配件,主板,20150302,20260701,12.17,2.874,227067866.0,15483463833.000002,15483463833.000002,154.83463833000002,154.83463833000002,1.2,34.1354,2.8627
603389,亚振家居,江苏,家居用品,主板,20161215,20260701,58.71,-2.264,273014567.0,15426169920.0,15426169920.0,154.2616992,154.2616992,3.62,,76.9327
300491,通合科技,河北,电气设备,创业板,20151231,20260701,36.36,-4.7918,456852658.6,6459962994.0,5730342071.999999,64.59962994,57.30342071999999,1.14,160.8826,5.3496
603988,中电电机,江苏,电气设备,主板,20141104,20260701,16.93,4.3773,131007826.0,3981936000.0,3981936000.0,39.81936,39.81936,1.22,129.9363,5.9747
300521,爱司凯,广东,专用机械,创业板,20160705,20260701,26.1,-5.4348,201872158.0,3907953000.0,3859015500.0,39.07953,38.590155,1.02,,7.331
300579,数字认证,北京,软件服务,创业板,20161223,20260701,21.08,1.8357,90513755.5,5691600000.0,5490777164.0,56.916,54.90777164,0.88,,7.1914
603889,新澳股份,浙江,纺织,主板,20141231,20260701,5.08,-0.5871,82550604.0,4821959876.0,4786057992.0,48.21959876,47.86057992,1.15,10.0433,1.2652
600909,华安证券,安徽,证券,主板,20161206,20260701,12.22,9.991,2510582223.0,61395837646.0,61395837646.0,613.95837646,613.95837646,0.43,29.1206,2.3274
603789,ST星农,浙江,农用机械,主板,20150427,20260701,5.76,4.918,2537050.0,1527636096.0,1497600000.0,15.27636096,14.976,0.13,,14.597
601211,国泰海通,上海,证券,主板,20150626,20260701,19.12,5.0549,4914597776.0,337065061296.00006,258060923024.0,3370.6506129600007,2580.60923024,1.52,12.1206,1.0325
601226,华电科工,北京,建筑工程,主板,20141211,20260701,6.43,1.1006,133062682.0,7473098391.0,7473098391.0,74.73098391,74.73098391,0.77,47.6862,1.7188
603899,晨光股份,上海,文教休闲,主板,20150127,20260701,21.14,2.4721,110234906.0,19359914756.0,19359914756.0,193.59914756,193.59914756,0.95,14.7735,2.0099
603860,中公高科,北京,建筑工程,主板,20170802,20260701,24.7,2.1083,36906282.0,1646996000.0,1646996000.0,16.46996,16.46996,0.98,36.1193,1.959
300409,道氏技术,广东,电气设备,创业板,20141203,20260701,21.0,5.3688,635627808.0400001,16427229000.0,14437344600.0,164.27229,144.373446,1.25,32.4106,2.0197
300530,领湃科技,湖南,电气设备,创业板,20160809,20260701,17.15,1.7804,32879583.5,2948966510.0,2948966510.0,29.4896651,29.4896651,0.79,,40.5598
300452,山河药辅,安徽,化学制药,创业板,20150515,20260701,12.1,3.5959,56467155.480000004,2836920020.0,2403449620.0,28.3692002,24.0344962,1.09,16.0684,2.7687
603320,迪贝电气,浙江,电气设备,主板,20170502,20260701,18.09,3.6676,53649628.0,2698054758.0,2698054758.0,26.98054758,26.98054758,1.09,33.497,2.2556
002791,坚朗五金,广东,其他建材,主板,20160329,20260701,13.5,3.0534,78319528.9,4777447500.0,2939010750.0,47.774475,29.3901075,1.17,,0.8937
603368,柳药集团,广西,医药商业,主板,20141204,20260701,15.01,2.3177,56023954.0,5962143114.0,5962143114.0,59.62143114,59.62143114,1.1,8.4037,0.7592
300449,汉邦高科,北京,IT设备,创业板,20150422,20260701,7.37,0.9589,115540691.85000001,2845085320.0,2845085320.0,28.4508532,28.4508532,0.77,,10.2255
603866,桃李面包,辽宁,食品,主板,20151222,20260701,3.8,3.2609,58913656.0,6078932960.0,6078932960.0,60.7893296,60.7893296,1.17,21.4157,1.1556
300406,九强生物,北京,医疗保健,创业板,20141030,20260701,11.21,2.5618,61446120.0,6572519406.0,4756654104.0,65.72519406,47.56654104,1.14,34.6151,1.756
002771,真视通,北京,软件服务,主板,20150629,20260701,12.4,0.9772,124675088.95,2601074840.0,2163982280.0,26.0107484,21.6398228,1.05,,4.3925
300441,鲍斯股份,浙江,机床制造,创业板,20150423,20260701,6.51,-0.3063,58795389.0,4195147509.0,4074830991.0,41.95147509,40.74830991,0.88,21.6704,1.664
300511,雪榕生物,上海,种植业,创业板,20160504,20260701,5.43,7.9523,196748003.09,3479799753.0,2964796832.9999995,34.79799753,29.647968329999994,1.93,116.7953,1.9506
300513,恒实科技,北京,软件服务,创业板,20160530,20260701,7.34,1.3812,64852997.199999996,2302493408.0,2108226362.0,23.02493408,21.08226362,1.08,,4.2679
603528,多伦科技,江苏,软件服务,主板,20160503,20260701,6.03,2.901,71582135.0,4256758503.0,4256758503.0,42.56758503,42.56758503,1.2,,2.265
002571,德力股份,安徽,家居用品,主板,20110412,20260701,10.37,0.582,55149239.0,4064528759.0,3093435294.0,40.64528759,30.93435294,0.77,,5.1081
002568,百润股份,上海,红黄酒,主板,20110325,20260701,17.39,2.7778,419887891.8,18113836143.0,13269983807.000002,181.13836143,132.69983807000003,0.94,28.4172,3.5935
002573,清新环境,北京,环境保护,主板,20110422,20260701,3.01,2.381,28703642.16,4259953971.0,4253139632.0,42.59953971,42.53139632,1.01,,0.7754
002576,通达动力,江苏,电气设备,主板,20110428,20260701,14.27,0.8481,50459965.0,2355977000.0,2312133852.0,23.55977,23.12133852,1.06,28.5992,1.7889
300210,森远股份,辽宁,专用机械,创业板,20110426,20260701,8.81,3.8915,120442422.8,4265978200.0,4265978200.0,42.659782,42.659782,0.94,,11.3781
300209,行云科技,湖南,互联网,创业板,20110426,20260701,28.85,-0.3454,1393778417.3999999,26791151485.0,21192050230.0,267.91151485,211.9205023,0.77,,29.8443
002580,圣阳股份,山东,电气设备,主板,20110506,20260701,20.16,0.0,1385103772.84,9149999040.0,9112277664.0,91.4999904,91.12277664,0.64,49.217,3.7931
601566,九牧王,福建,服饰,主板,20110530,20260701,8.28,1.845,70885337.0,4757996016.0,4757996016.0,47.57996016,47.57996016,0.92,16.1596,1.1643
601113,华鼎股份,浙江,化纤,主板,20110509,20260701,3.36,1.8182,53554109.0,4549951392.0,3709951391.9999995,45.49951392,37.09951391999999,1.0,20.3566,1.1247
300207,欣旺达,深圳,电气设备,创业板,20110421,20260701,18.75,-1.2638,878225562.23,34639920863.0,32136107456.0,346.39920863,321.36107456,1.04,32.7647,1.4058
300222,科大智能,上海,电气设备,创业板,20110525,20260701,13.31,-3.8989,615661722.07,10358922772.0,8435924584.999999,103.58922772,84.35924585,1.07,128.2478,5.8561
300221,银禧科技,广东,塑料,创业板,20110525,20260701,16.88,5.0404,985715298.88,7996979336.0,7716930008.0,79.96979336,77.16930008,1.22,72.2239,5.3106
300224,正海磁材,山东,矿物制品,创业板,20110531,20260701,13.54,1.5754,448512884.94,12601683416.0,12555284544.0,126.01683416,125.55284544,0.79,41.0,2.4268
300228,富瑞特装,江苏,化工机械,创业板,20110608,20260701,7.65,3.3784,189400799.82,4570305075.0,4275615600.0,45.70305075,42.756156,1.36,18.9561,1.7996
300226,上海钢联,上海,互联网,创业板,20110608,20260701,16.04,4.7681,169042370.99,6134749828.0,5897858276.0,61.34749828,58.97858276,1.45,28.8356,2.7366
002585,双星新材,江苏,塑料,主板,20110602,20260701,12.02,-3.0645,1301647051.6299999,13718697652.0,10658815534.0,137.18697652,106.58815534,0.8,,1.648
300234,开尔新材,浙江,陶瓷,创业板,20110622,20260701,11.73,0.0853,249059011.72,5902195830.0,4034967510.0,59.0219583,40.3496751,0.8,,5.2271
601798,蓝科高新,甘肃,化工机械,主板,20110622,20260701,7.24,0.0,116997683.0,2566784168.0,2566784168.0,25.66784168,25.66784168,0.96,52.7735,1.9834
002589,瑞康医药,山东,医药商业,主板,20110610,20260701,2.58,4.878,112706746.3,3882152832.0,3523226070.0,38.82152832,35.2322607,1.55,241.56,0.7302
300233,金城医药,山东,化学制药,创业板,20110622,20260701,13.13,5.8871,161441317.08,5040273498.0,4855673576.0,50.40273498,48.55673576,1.28,114.0688,1.354
300236,上海新阳,上海,半导体,创业板,20110629,20260701,126.02,-4.1673,2906658522.69,39492424844.0,35102883602.0,394.92424844,351.02883602,1.01,131.3468,8.2076
002778,中晟高科,江苏,环境保护,主板,20160106,20260701,15.73,3.4868,53572548.300000004,1962369408.9999998,1941533451.0,19.623694089999997,19.41533451,1.13,26.6145,6.1151
601567,三星电气,浙江,电气设备,主板,20110615,20260701,14.52,-2.8112,280734546.0,20403640488.0,20403640488.0,204.03640488,204.03640488,0.94,16.0159,1.7449
002783,凯龙股份,湖北,化工原料,主板,20151209,20260701,7.43,4.5007,116731847.35,3709929025.0000005,3426096338.0,37.09929025,34.26096338,1.14,26.0497,1.3937
002593,日上集团,福建,钢加工,主板,20110628,20260701,4.04,1.2531,53530920.0,3247586320.0,2264437372.0,32.4758632,22.64437372,0.95,29.5111,1.3134
002734,利民股份,江苏,农药化肥,主板,20150127,20260701,17.65,2.7956,317834923.8,8398568940.0,7666203370.000001,83.9856894,76.66203370000001,0.91,17.5056,2.0502
002598,ST章鼓,山东,机械基件,主板,20110707,20260701,6.41,2.56,35752422.66,2000256525.0,1836654095.0,20.00256525,18.36654095,1.15,31.6923,1.597
300258,精锻科技,江苏,汽车配件,创业板,20110826,20260701,11.3,2.4479,167655514.0,6611034490.0,6439773950.0,66.1103449,64.3977395,1.07,51.4298,1.4052
601901,方正证券,湖南,证券,主板,20110810,20260701,7.48,3.8889,1441223288.0,61576118472.0,61576118472.0,615.76118472,615.76118472,1.1,15.5101,1.1747
300243,瑞丰高材,山东,化工原料,创业板,20110712,20260701,22.56,3.7718,1099144773.8600001,6306920976.0,5045519184.0,63.06920976,50.45519184,0.95,207.9267,5.6835
300244,迪安诊断,浙江,医疗保健,创业板,20110719,20260701,20.5,9.3917,1212698521.0500002,12812079750.0,10279911550.0,128.1207975,102.7991155,1.55,290.8355,1.963
002603,以岭药业,河北,中成药,主板,20110728,20260701,15.35,2.3333,311189873.63,25645327890.0,21129796900.0,256.4532789,211.297969,1.12,19.9345,2.2499
002620,*ST瑞和,深圳,装修装饰,主板,20110929,20260701,5.36,5.098,57177066.5,2023367840.0000002,1694145920.0,20.233678400000002,16.9414592,0.73,,
603456,九洲药业,浙江,医疗保健,主板,20141010,20260701,13.84,1.3177,437447289.0,12309932640.0,12309932640.0,123.0993264,123.0993264,1.31,16.8612,1.3846
300251,光线传媒,北京,影视音像,创业板,20110803,20260701,11.43,3.0658,802190097.1800001,33530915412.0,31722442524.0,335.30915412,317.22442524,1.19,20.0526,3.342
002911,佛燃能源,广东,供气供热,主板,20171122,20260701,9.92,4.5311,90716994.03,12877903936.0,12569016960.0,128.77903936,125.6901696,1.65,12.4996,3.0468
300254,仟源医药,山西,化学制药,创业板,20110819,20260701,8.41,4.9938,149301532.0,2153452826.0,1900085597.0000002,21.53452826,19.000855970000003,1.38,86.6549,4.8914
300256,星星科技,江西,元器件,创业板,20110819,20260701,2.69,3.0651,95577531.68,6101978246.000001,6034728246.000001,61.01978246000001,60.34728246000001,1.27,,6.7278
601636,旗滨集团,湖南,玻璃,主板,20110812,20260701,9.77,-4.4966,2950403411.0,28906046649.000004,28906046649.000004,289.06046649,289.06046649,1.13,46.6944,1.9347
300265,通光线缆,江苏,电气设备,创业板,20110916,20260701,19.07,-7.7853,1134331774.8100002,8917156791.0,8911414814.0,89.17156791,89.11414814,1.15,277.1979,3.7881
300269,联建光电,深圳,元器件,创业板,20111012,20260701,6.17,11.9782,746708583.59,3388032146.0,3243433260.0,33.88032146,32.4343326,5.01,396.9894,40.7814
603518,锦泓集团,江苏,服饰,主板,20141203,20260701,7.34,2.6573,51537911.0,2534883680.0,2525503160.0,25.3488368,25.2550316,0.98,11.196,0.6597
300268,佳沃食品,湖南,农业综合,创业板,20110927,20260701,11.37,11.2524,85128919.16000001,1980654000.0,1520254275.0,19.80654,15.20254275,3.44,,
002612,朗姿股份,北京,服饰,主板,20110830,20260701,11.46,2.2302,59590519.9,5070423138.0,2916102432.0000005,50.70423138,29.161024320000006,1.15,5.074,1.517
002624,完美世界,浙江,互联网,主板,20111028,20260701,12.56,1.1272,1415033762.86,24366003104.0,22956326480.0,243.66003104,229.5632648,1.01,33.3389,3.3803
002641,公元股份,浙江,塑料,主板,20111208,20260701,3.9,1.0363,38117696.620000005,4793466210.0,4422579330.0,47.9346621,44.2257933,0.76,76.7063,0.8814
601669,中国电建,北京,建筑工程,主板,20111018,20260701,4.77,1.4894,644907997.0,82168780338.0,62351178543.0,821.68780338,623.51178543,0.99,8.211,0.5583
300275,梅安森,重庆,工程机械,创业板,20111102,20260701,8.12,1.1208,68320256.39999999,2501001412.0,2204267380.0,25.01001412,22.0426738,1.2,61.3386,2.6178
002628,成都路桥,四川,建筑工程,主板,20111103,20260701,5.42,1.3084,320230204.02,4103484168.0,4085513616.0,41.03484168,40.85513616,1.84,,1.454
603686,福龙马,福建,环境保护,主板,20150126,20260701,13.06,1.0836,150198305.0,5425521024.0,5425521024.0,54.25521024,54.25521024,1.1,34.9646,1.5499
002637,赞宇科技,浙江,日用化工,主板,20111125,20260701,11.04,4.8433,184347237.04000002,5193227040.0,5133320313.0,51.9322704,51.33320313,0.97,28.4753,1.376
601555,东吴证券,江苏,证券,主板,20111212,20260701,8.28,4.5455,761915698.0,41140859184.0,41140859184.0,411.40859184,411.40859184,1.85,11.582,0.9404
300276,三丰智能,湖北,专用机械,创业板,20111115,20260701,7.32,2.0921,560617537.03,10255634760.0,7738148412.0,102.5563476,77.38148412,1.36,,5.8581
002635,安洁科技,江苏,元器件,主板,20111125,20260701,22.5,10.0244,128712285.0,14842953000.0,8899494750.0,148.42953,88.9949475,0.1,133.4646,2.5423
002638,勤上股份,广东,家用电器,主板,20111125,20260701,4.38,-0.905,451028792.5,6292283249.0,5924738439.0,62.92283249,59.24738439,2.17,,3.3287
300286,安科瑞,上海,电器仪表,创业板,20120113,20260701,23.62,-2.1946,230240988.74,5923534614.0,4907647862.0,59.23534614,49.07647862,0.9,28.8711,2.5709
300298,三诺生物,湖南,医疗保健,创业板,20120319,20260701,14.38,3.0824,76661297.25,8007444042.0,6434927770.0,80.07444042,64.3492777,1.09,86.4279,2.6902
601368,绿城水务,广西,水务,主板,20150612,20260701,4.21,2.934,22793143.0,3717316751.0,3717316751.0,37.17316751,37.17316751,1.21,39.0373,0.7688
300291,百纳千成,北京,影视音像,创业板,20120209,20260701,4.97,2.8986,130172760.84,4681191809.0,4621428553.0,46.81191809,46.21428553,1.05,,2.2956
603729,ST龙韵,上海,广告包装,主板,20150324,20260701,11.11,5.0095,21586257.0,1023954261.0,1023954261.0,10.23954261,10.23954261,1.43,,3.7059
603359,*ST东珠,江苏,建筑工程,主板,20170901,20260701,2.17,4.8309,11443590.0,968028320.0,968028320.0,9.6802832,9.6802832,0.57,,0.6899
601515,衢州东峰,浙江,广告包装,主板,20120216,20260701,3.43,7.1875,154653113.0,6600934501.0,6600934501.0,66.00934501,66.00934501,1.74,,1.3472
601231,环旭电子,上海,元器件,主板,20120220,20260701,31.1,-4.0123,1168301492.0,74295900270.0,74295900270.0,742.9590027,742.9590027,0.72,40.0854,3.213
300314,戴维医疗,浙江,医疗保健,创业板,20120508,20260701,9.66,3.7594,47514701.0,2782080000.0,1388541924.0,27.8208,13.88541924,1.25,31.9583,2.2392
603123,翠微股份,北京,多元金融,主板,20120503,20260701,8.27,4.5512,184688467.0,6605551682.0,5394321692.999999,66.05551682,53.94321692999999,1.41,,4.0551
300327,中颖电子,上海,半导体,创业板,20120613,20260701,34.51,7.6755,1993049031.4199998,11780682151.0,11693858442.0,117.80682151,116.93858442,1.68,195.8109,6.5083
002799,环球印务,陕西,广告包装,主板,20160608,20260701,6.2,2.4793,36158830.800000004,1984248000.0,1984213280.0,19.84248,19.8421328,0.92,,1.5615
603861,白云电器,广东,电气设备,主板,20160322,20260701,12.86,-0.3873,227708612.0,6951190080.0,6797622389.999999,69.5119008,67.9762239,0.84,34.0444,1.7345
300308,中际旭创,山东,通信设备,创业板,20120410,20260701,1223.17,-3.6874,34256250272.399998,1364121627999.0,1357645065166.0002,13641.21627999,13576.450651660003,0.84,126.3397,38.3319
601038,一拖股份,河南,农用机械,主板,20120808,20260701,10.78,1.7941,67427914.0,12112896334.0,7887783134.0,121.12896334,78.87783134,0.73,14.9182,1.4731
300319,麦捷科技,深圳,元器件,创业板,20120523,20260701,31.8,7.3237,5428306335.64,28225307940.000004,27070392360.0,282.25307940000005,270.7039236,1.04,89.2276,5.7254
603366,日出东方,江苏,家用电器,主板,20120521,20260701,7.41,1.9257,434725643.0,6024686421.000001,6024686421.000001,60.24686421000001,60.24686421000001,3.72,34.4865,1.4064
300339,润和软件,江苏,软件服务,创业板,20120718,20260701,39.33,2.1293,1425897872.66,31322838377.0,30586410713.999996,313.22838377,305.86410714,1.26,323.0082,8.5922
300400,劲拓股份,深圳,专用机械,创业板,20141010,20260701,35.85,-4.7809,463565269.0,8698134930.0,8669031900.0,86.9813493,86.690319,0.82,103.5758,12.3089
300333,兆日科技,深圳,IT设备,创业板,20120628,20260701,8.73,3.1915,117004908.42999999,2933280000.0,2922630273.0,29.3328,29.22630273,0.89,,5.2024
002679,福建金森,福建,林业,主板,20120605,20260701,8.2,4.0609,41404390.0,1933199200.0000002,1933199200.0000002,19.331992000000003,19.331992000000003,1.57,209.4339,2.5957
300397,天和防务,陕西,通信设备,创业板,20140910,20260701,15.01,-0.8587,707028550.9499999,7769726867.0,6073340196.0,77.69726867,60.73340196,1.21,,5.4218
300338,*ST开元,湖南,文教休闲,创业板,20120726,20260701,2.9,8.209,35421447.0,1167611607.0,1014816551.9999999,11.67611607,10.14816552,0.75,,
002694,*ST顾地,湖北,塑料,主板,20120816,20260701,2.15,4.878,11186116.1,1640632320.0,1545414625.0,16.4063232,15.45414625,1.26,,
002752,昇兴股份,福建,广告包装,主板,20150422,20260701,5.76,4.3478,114811380.35000001,5627049984.0,5619034368.0,56.27049984,56.19034368,1.33,18.3204,1.5276
300347,泰格医药,浙江,医疗保健,创业板,20120817,20260701,47.48,-1.0833,1554383885.7199998,40881516854.0,26896228537.0,408.81516854,268.96228537,1.01,46.0434,1.9545
002792,通宇通讯,广东,通信设备,主板,20160328,20260701,35.85,0.7872,857173408.66,18779520600.0,12111008325.0,187.795206,121.11008325,0.99,456.6257,6.6576
601238,广汽集团,广东,汽车整车,主板,20120329,20260701,5.18,1.9685,181028062.0,52820801361.99999,38247553568.0,528.20801362,382.47553568,0.97,,0.5067
002709,天赐材料,广东,化工原料,主板,20140123,20260701,54.47,5.9109,8120237467.8,111040455799.0,82195829170.0,1110.40455799,821.9582917,1.5,81.5324,5.8193
002695,煌上煌,江西,食品,主板,20120905,20260701,10.26,1.0837,55589959.0,5741350307.999999,5247529325.999999,57.41350307999999,52.475293259999994,0.73,70.3626,2.0422
603166,福达股份,广西,汽车配件,主板,20141127,20260701,14.71,10.0224,223827897.0,9497521797.0,9424927947.0,94.97521797,94.24927947,0.74,29.9995,3.474
001203,大中矿业,内蒙,普钢,主板,20210510,20260701,31.86,6.3773,1326183580.98,48843941544.0,41608334826.0,488.43941544,416.08334826,1.26,66.3609,6.6547
603308,应流股份,安徽,机械基件,主板,20140122,20260701,61.32,1.5232,1458375900.0,41639210176.0,41639210176.0,416.39210176,416.39210176,1.08,119.4327,8.1902
603989,艾华集,湖南,元器件,主板,20150515,20260701,50.85,-3.1429,1066279128.0,20277957915.0,20277957915.0,202.77957915,202.77957915,0.87,76.5143,5.1309
002719,ST麦趣,新疆,乳制品,主板,20140128,20260701,6.0,5.0788,25527724.0,1044837000.0,971233800.0,10.44837,9.712338,0.68,,9.5806
603088,宁波精达,浙江,机床制造,主板,20141111,20260701,10.0,-0.5964,125386384.0,5023879000.0,4378718000.0,50.23879,43.78718,0.8,41.8254,4.3719
603566,普莱柯,河南,农业综合,主板,20150518,20260701,10.1,3.1665,27293753.0,3495229230.0,3495229230.0,34.9522923,34.9522923,1.19,18.8938,1.3206
603009,北特科技,上海,汽车配件,主板,20140718,20260701,49.65,3.5022,576499593.0,17198253570.0,16802006850.0,171.9825357,168.0200685,0.94,143.8597,8.3651
002782,可立克,深圳,元器件,主板,20151222,20260701,20.68,-1.7577,314463677.25,10253433520.0,10062395816.0,102.5343352,100.62395816,0.92,34.2192,4.5758
601969,海南矿业,海南,普钢,主板,20141209,20260701,8.29,4.804,201973776.0,16451582097.0,16351831014.0,164.51582097,163.51831014,1.36,38.1684,2.354
300357,我武生物,浙江,生物制药,创业板,20140121,20260701,24.49,5.0172,409890337.91,12822572160.0,11851058758.0,128.2257216,118.51058758,1.47,33.6603,4.682
002843,泰嘉股份,湖南,钢加工,主板,20170120,20260701,21.85,1.7699,341798572.60999995,5500466560.0,5466795710.0,55.0046656,54.6679571,1.18,,4.0909
300546,雄帝科技,深圳,IT设备,创业板,20160928,20260701,15.52,2.3747,65487671.86,2912323344.0,2094129120.0,29.12323344,20.9412912,0.99,78.0332,2.5951
300377,赢时胜,深圳,软件服务,创业板,20140127,20260701,16.95,5.0186,1430203465.64,12729502545.0,11711129595.000002,127.29502545,117.11129595000001,1.26,,5.2905
603023,威帝股份,黑龙江,汽车配件,主板,20150527,20260701,3.77,1.0724,63235634.0,2104102598.0,2104102598.0,21.04102598,21.04102598,1.17,517.5913,2.7323
603609,禾丰股份,辽宁,饲料,主板,20140808,20260701,6.18,7.2917,50546795.0,5613238998.0,5613238998.0,56.13238998,56.13238998,2.3,106.8845,0.8793
603005,晶方科技,江苏,半导体,主板,20140210,20260701,52.65,-2.2647,6224323299.0,34336840005.0,34336840005.0,343.36840005,343.36840005,0.91,92.8983,7.3679
603100,川仪股份,重庆,电器仪表,主板,20140805,20260701,18.4,1.9391,193834114.0,9442386880.0,9412321280.0,94.4238688,94.1232128,1.6,14.6953,1.9711
002905,金逸影视,广东,影视音像,主板,20171016,20260701,6.96,3.1111,53255200.599999994,2619187200.0,2432102400.0,26.191872,24.321024,1.64,88.715,40.1543
300386,飞天诚信,北京,IT设备,创业板,20140626,20260701,11.44,3.156,155152387.2,4782423360.0,2868668088.0,47.8242336,28.68668088,1.19,815.3217,3.3207
300387,富邦科技,湖北,农药化肥,创业板,20140702,20260701,6.97,2.651,49394503.199999996,2014727290.0,2014027502.0,20.1472729,20.14027502,1.07,34.0123,1.3852
300378,鼎捷数智,上海,软件服务,创业板,20140127,20260701,37.64,4.2659,655419741.59,10221209752.0,10144367692.0,102.21209752,101.44367692,1.47,62.5206,4.4023
002773,康弘药业,四川,化学制药,主板,20150626,20260701,22.1,8.0685,419310154.28000003,20361311230.0,15177689930.0,203.6131123,151.7768993,1.87,17.5081,2.1195
300390,天华新能,江苏,电气设备,创业板,20140731,20260701,94.11,0.6416,7138466455.12,78181957788.0,63267103836.0,781.81957788,632.67103836,1.15,194.391,6.335
600023,浙能电力,浙江,火力发电,主板,20131219,20260701,5.36,1.9011,242525975.0,71870807272.0,71870807272.0,718.70807272,718.70807272,0.98,9.5471,0.9314
603158,腾龙股份,江苏,汽车配件,主板,20150320,20260701,12.0,-1.8806,229199950.0,5889241200.0,5889241200.0,58.892412,58.892412,0.97,113.4799,2.5921
002801,微光股份,浙江,电气设备,主板,20160622,20260701,28.19,2.1377,44114842.75,6473326080.0,3264478113.0,64.7332608,32.64478113,0.84,17.7634,3.1702
603117,万林物流,江苏,仓储物流,主板,20150629,20260701,3.48,3.8806,73858283.0,2085207996.0,2085207996.0,20.85207996,20.85207996,2.07,134.2726,2.0336
601595,上海电影,上海,影视音像,主板,20160817,20260701,17.0,2.4096,82100548.0,7619400000.0,7619400000.0,76.194,76.194,1.04,67.4899,4.5032
002798,帝欧水华,四川,家居用品,主板,20160525,20260701,5.05,1.2024,63032613.92,2803358379.0,2446042917.0,28.03358379,24.46042917,0.95,,1.6194
002802,洪汇新材,江苏,化工原料,主板,20160629,20260701,10.8,2.6616,44498369.440000005,1957455719.9999998,1616578560.0,19.574557199999997,16.1657856,1.21,47.5113,2.9965
603611,诺力股份,浙江,专用机械,主板,20150128,20260701,16.82,3.8913,75853802.0,4332845456.0,4332845456.0,43.32845456,43.32845456,1.54,10.0951,1.3372
603843,*ST正平,青海,建筑工程,主板,20160905,20260701,8.1,-1.5796,105389890.0,5666947920.0,5666947920.0,56.6694792,56.6694792,0.74,,219.9853
002800,天顺股份,新疆,仓储物流,主板,20160530,20260701,13.54,4.234,62951286.6,2061506974.0,2001792866.0,20.61506974,20.01792866,1.46,,4.1726
300421,力星股份,江苏,机械基件,创业板,20150217,20260701,18.9,2.107,201289375.1,5557176450.0,4352722920.0,55.5717645,43.5272292,1.32,80.2866,4.2999
002757,南兴股份,广东,专用机械,主板,20150527,20260701,18.32,1.4958,250696067.60000002,5412752088.0,5167214624.0,54.12752088,51.67214624,1.08,45.1003,2.6293
603818,曲美家居,北京,家居用品,主板,20150422,20260701,3.09,4.0404,124287312.0,2121420651.0,2121420651.0,21.21420651,21.21420651,1.71,,1.0277
002779,中坚科技,浙江,农用机械,主板,20151209,20260701,83.61,6.4282,635463685.48,15451128000.0,13863231963.0,154.51128,138.63231963,1.93,89.536,16.4268
600958,东方证券,上海,证券,主板,20150323,20260701,9.76,3.3898,1070557594.0,82927258128.0,72902153104.0,829.27258128,729.02153104,1.35,14.7202,1.0135
603355,莱克电气,江苏,家用电器,主板,20150513,20260701,27.82,5.4587,92184120.0,15951898976.0,15951898976.0,159.51898976,159.51898976,0.98,19.9564,2.8224
603828,*ST利达,江苏,装修装饰,主板,20150226,20260701,4.21,4.9875,12922641.0,2508992021.0,2508905716.0,25.08992021,25.08905716,0.62,,4.8998
601689,拓普集团,浙江,汽车配件,主板,20150319,20260701,56.98,0.9926,2771594378.0,99021872488.0,99021872488.0,990.21872488,990.21872488,1.07,35.6313,4.0272
300417,南华仪器,广东,电器仪表,创业板,20150123,20260701,10.51,2.4366,56000930.2,1414259232.0,878535104.0,14.14259232,8.78535104,1.15,,3.1186
603011,合锻智能,安徽,专用机械,主板,20141107,20260701,33.61,1.6022,2304811216.0,16617267984.0,16617267984.0,166.17267984,166.17267984,1.12,,8.9143
603698,航天工程,北京,专用机械,主板,20150128,20260701,39.5,2.4378,1177399759.0,21171605000.0,21171605000.0,211.71605,211.71605,0.76,97.7879,6.015
601021,春秋航空,上海,空运,主板,20150121,20260701,47.22,3.5981,518025151.0,46196903148.0,46196903148.0,461.96903148,461.96903148,0.87,19.9348,2.4782
002768,国恩股份,山东,塑料,主板,20150630,20260701,51.6,-0.8836,427254084.69,22851060000.0,13343099520.0,228.5106,133.4309952,0.84,27.162,3.3135
603606,东方电缆,浙江,电气设备,主板,20141015,20260701,42.5,2.385,1247628082.0,35054361250.0,35054361250.0,350.5436125,350.5436125,1.69,27.5713,4.1213
002761,浙江建投,浙江,建筑工程,主板,20150610,20260701,6.74,1.6591,65755706.00000001,8929635258.0,7291257186.0,89.29635258,72.91257186,1.06,41.6231,1.0297
300523,辰安科技,北京,软件服务,创业板,20160726,20260701,18.43,0.272,37960217.74,4287511668.0,4287378972.0,42.87511668,42.87378972,0.77,,4.4297
300455,航天智装,北京,IT设备,创业板,20150515,20260701,22.0,2.1356,228303940.34,15790893799.999998,15589692800.0,157.90893799999998,155.896928,0.96,,9.4597
002786,银宝山新,深圳,专用机械,主板,20151223,20260701,7.8,-0.7634,95482169.36,3865773600.0,3854073600.0,38.657736,38.540736,0.87,,19.4024
300384,三联虹普,北京,建筑工程,创业板,20140801,20260701,11.77,3.2456,52573819.0,3754715921.0,2590735895.0,37.54715921,25.90735895,1.14,16.7803,1.3224
603383,顶点软件,福建,软件服务,主板,20170522,20260701,28.35,6.7395,249999869.0,5822497485.0,5822420940.0,58.22497485,58.2242094,1.97,32.6734,3.7593
300448,浩云科技,广东,软件服务,创业板,20150424,20260701,5.95,3.2986,146801196.25,4025276745.0,3823274840.0,40.25276745,38.2327484,1.17,,3.3058
603101,汇嘉时代,新疆,百货,主板,20160506,20260701,6.55,4.9679,74747704.0,3081120000.0,3081120000.0,30.8112,30.8112,1.44,40.0688,2.1498
002741,光华科技,广东,化工原料,主板,20150216,20260701,35.59,-0.4197,1795302094.0,16550143657.0,15174088338.0,165.50143657,151.74088338,0.74,159.2804,8.3514
300440,运达科技,四川,软件服务,创业板,20150423,20260701,21.88,2.5785,346055019.97999996,9669137396.0,9632050796.0,96.69137396,96.32050796,0.92,111.0754,5.7816
603779,威龙股份,山东,红黄酒,主板,20160516,20260701,7.85,4.5273,184594587.0,2606849980.0,2606849980.0,26.0684998,26.0684998,1.15,,5.321
002747,埃斯顿,江苏,机械基件,主板,20150320,20260701,41.06,9.992,2197218338.85,39737804480.0,32125534026.0,397.3780448,321.25534026,0.57,883.6082,12.2731
603901,永创智能,浙江,专用机械,主板,20150529,20260701,11.23,3.3119,204112954.0,6476965388.0,6090332210.0,64.76965388,60.9033221,1.54,47.1947,2.1994
603567,珍宝岛,黑龙江,中成药,主板,20150424,20260701,4.82,10.0457,151595538.0,4534941826.0,4527923906.0,45.34941826,45.27923906,0.73,,0.7433
603608,天创时尚,广东,服饰,主板,20160218,20260701,22.87,0.1752,474811001.0,9720429239.0,9720429239.0,97.20429239,97.20429239,0.91,669.5016,8.8805
300469,信息发展,浙江,软件服务,创业板,20150611,20260701,56.24,6.8998,662019520.2,13960950112.0,13953920112.0,139.60950112,139.53920112,1.72,,59.6446
601985,中国核电,北京,新型电力,主板,20150610,20260701,8.84,-2.1041,1193045617.0,181821138564.00003,166928238516.0,1818.2113856400003,1669.28238516,0.99,19.5418,1.5155
300492,华图山鼎,四川,文教休闲,创业板,20151223,20260701,37.85,10.1892,195507779.69,7444379635.0,7444379635.0,74.44379635,74.44379635,2.39,30.9382,29.1346
603969,银龙股份,天津,其他建材,主板,20150227,20260701,7.69,5.7772,193000291.0,6702094922.0,6533476292.0,67.02094922,65.33476292,1.43,18.3292,2.367
002775,文科股份,广东,建筑工程,主板,20150629,20260701,3.56,4.3988,52005228.519999996,2265142204.0,2035500844.0,22.65142204,20.35500844,0.95,,
002766,索菱股份,深圳,汽车配件,主板,20150611,20260701,3.66,3.6827,72614125.0,3147035628.0,3135881046.0,31.47035628,31.35881046,1.15,,2.9504
603421,鼎信通讯,山东,通信设备,主板,20161011,20260701,6.16,0.1626,45260011.0,4017493480.0,4017493480.0,40.1749348,40.1749348,0.8,,1.6693
002762,金发拉比,广东,服饰,主板,20150610,20260701,8.71,1.6336,37522896.12,3083557750.0,1841105864.0,30.8355775,18.41105864,0.91,,4.6127
603556,海兴电力,浙江,电器仪表,主板,20161110,20260701,22.78,3.5455,183016412.0,11077098476.0,11077098476.0,110.77098476,110.77098476,1.09,15.1929,1.4849
603569,长久物流,北京,公路,主板,20160810,20260701,5.47,3.2075,24755850.0,3301184931.0,3301184931.0,33.01184931,33.01184931,1.03,,1.2443
300494,盛天网络,湖北,互联网,创业板,20151231,20260701,8.55,1.4235,87858126.8,4193861354.9999995,3405876255.0,41.93861354999999,34.05876255,0.93,186.1801,2.8953
300472,*ST新元,江西,专用机械,创业板,20150611,20260701,6.82,-8.3333,101710173.6,1877263652.0,1677346945.9999998,18.77263652,16.773469459999998,2.91,,81.636
603558,健盛集团,浙江,纺织,主板,20150127,20260701,11.25,1.4427,40776716.0,3854677500.0,3854677500.0,38.546775,38.546775,1.14,9.5196,1.6429
603887,城地香江,上海,软件服务,主板,20161010,20260701,9.68,3.6403,289597945.0,5827644592.0,5827644592.0,58.27644592,58.27644592,1.15,,1.6728
603663,三祥新材,福建,小金属,主板,20160801,20260701,94.02,-2.3676,1884204607.0,39793729950.0,39766652190.0,397.9372995,397.6665219,0.77,338.5249,28.631
002788,鹭燕医药,福建,医药商业,主板,20160218,20260701,10.62,5.8824,230008020.16,4126047354.0,4054998492.0,41.26047354,40.54998492,0.88,14.6895,1.2227
603618,杭电股份,浙江,电气设备,主板,20150217,20260701,49.84,-0.0802,3147136526.0,34458159904.0,34458159904.0,344.58159904,344.58159904,0.94,,12.7367
603588,高能环境,北京,环境保护,主板,20141229,20260701,19.65,2.3438,1932654740.0,29931557925.0,29931557925.0,299.31557925,299.31557925,0.79,35.7138,2.9207
300555,ST路通,江苏,通信设备,创业板,20161018,20260701,13.35,5.2839,31521312.0,2670000000.0,2643098415.0,26.7,26.43098415,1.52,,6.4806
300522,世名科技,江苏,染料涂料,创业板,20160705,20260701,22.1,-7.8014,677409869.6899999,7126178149.999999,5814633760.0,71.26178149999998,58.1463376,0.81,349.134,9.0018
300484,蓝海华腾,深圳,电气设备,创业板,20160322,20260701,13.24,2.2394,52429312.72,2742850036.0,2202508424.0,27.42850036,22.02508424,0.92,53.2454,3.9601
300559,佳发教育,四川,软件服务,创业板,20161101,20260701,10.18,-0.4888,71193599.69,4067057610.0,3167372624.0,40.6705761,31.67372624,1.21,128.4742,3.468
603118,共进股份,深圳,通信设备,主板,20150225,20260701,12.05,-0.4955,461549674.0,9486680620.0,9486680620.0,94.8668062,94.8668062,1.29,121.9638,1.8697
002793,罗欣药业,山东,化学制药,主板,20160415,20260701,4.14,7.8125,142759283.0,4502616390.0,4495765104.0,45.0261639,44.95765104,1.84,,4.094
002806,华锋股份,广东,汽车配件,主板,20160726,20260701,19.38,0.9375,414482637.24,4117846896.0,3374156838.0,41.17846896,33.74156838,0.88,,3.6913
002822,ST中装,深圳,装修装饰,主板,20161129,20260701,3.36,5.0,39398885.43,6552000000.0,3591660239.9999995,65.52,35.916602399999995,0.63,,6.0604
603189,*ST网达,上海,软件服务,主板,20160914,20260701,10.91,5.0048,51662570.0,2940771953.0,2940771953.0,29.40771953,29.40771953,1.14,558.8553,1.9928
300433,蓝思科技,湖南,元器件,创业板,20150318,20260701,53.42,-0.4473,8439058775.33,281990338878.0,265481374000.0,2819.90338878,2654.81374,0.83,70.1848,5.1633
300462,ST华铭,上海,IT设备,创业板,20150527,20260701,10.18,4.5175,18941875.0,1844838942.0,1405186120.0,18.44838942,14.0518612,1.2,,1.3315
601900,南方传媒,广东,出版业,主板,20160215,20260701,11.15,2.6703,71344316.0,9833966615.0,9833966615.0,98.33966615,98.33966615,1.48,9.4288,1.0766
300500,启迪设计,江苏,建筑工程,创业板,20160204,20260701,9.14,3.5108,38316584.1,1590130586.0,1531845719.9999998,15.90130586,15.318457199999997,1.26,,1.5962
002790,瑞尔特,福建,家居用品,主板,20160308,20260701,5.52,3.7594,28927778.92,2306655096.0,1439050200.0,23.06655096,14.390502,1.44,126.0003,1.1162
002753,永东股份,山西,化工原料,主板,20150519,20260701,5.82,3.0088,33487882.790000003,2494914690.0,1721491398.0,24.9491469,17.21491398,0.74,64.0748,0.94
603799,华友钴业,浙江,小金属,主板,20150129,20260701,48.0,-0.5387,2987921478.0,90889320000.0,90605145600.0,908.8932,906.051456,0.94,14.8746,1.7994
300470,中密控股,四川,机械基件,创业板,20150612,20260701,29.35,1.172,45990242.0,6103678830.0,5786185205.0,61.0367883,57.86185205,0.7,15.8373,2.0537
603317,天味食品,四川,食品,主板,20190416,20260701,13.6,4.535,248485551.0,14477398560.0,14477398560.0,144.7739856,144.7739856,0.9,25.4118,3.0437
603977,国泰集,江西,化工原料,主板,20161111,20260701,16.21,-1.8171,560635569.0,10070329578.0,10070329578.0,100.70329578,100.70329578,0.88,39.9261,2.9117
300425,中建环能,四川,环境保护,创业板,20150216,20260701,3.85,2.9412,33563323.32,2626565864.9999995,2620842840.0,26.265658649999995,26.2084284,1.2,211.5372,1.1106
603900,莱绅通灵,江苏,服饰,主板,20161123,20260701,5.84,3.73,54385940.0,2002908592.0,2001506992.0,20.02908592,20.01506992,1.27,33.5247,1.004
601212,白银有色,甘肃,铜,主板,20170215,20260701,5.07,-0.1969,553351414.0,37542206715.0,37542206715.0,375.42206715,375.42206715,0.95,,2.3619
300453,三鑫医疗,江西,医疗保健,创业板,20150515,20260701,9.3,2.8761,62597321.730000004,4855383990.0,3346695210.0,48.5538399,33.4669521,1.01,18.3265,3.1764
603616,韩建河山,北京,水泥,主板,20150611,20260701,5.89,-2.4834,220339132.0,2280714020.0,2263485770.0,22.8071402,22.6348577,1.17,,10.7161
603018,华设集团,江苏,建筑工程,主板,20141013,20260701,5.22,1.5564,47237895.0,4275950994.0,4275950994.0,42.75950994,42.75950994,1.14,15.5903,0.7883
002813,路畅科技,深圳,汽车配件,主板,20161012,20260701,19.76,4.5503,56495650.0,2371200000.0,2368356536.0,23.712,23.68356536,1.75,,11.4844
003016,欣贺股份,福建,服饰,主板,20201026,20260701,6.34,3.4258,38540264.0,2666106944.0,2604996952.0,26.66106944,26.04996952,1.35,148.5787,0.9893
002823,凯中精密,深圳,机械基件,主板,20161124,20260701,14.5,1.8258,140550968.0,4761350500.0,3173886150.0,47.613505,31.7388615,0.98,20.3826,2.2586
300516,久之洋,湖北,电器仪表,创业板,20160602,20260701,34.36,4.884,340289109.40000004,8658720000.0,8658720000.0,86.5872,86.5872,1.64,358.3714,6.726
603508,思维列控,河南,IT设备,主板,20151224,20260701,21.55,0.8895,83162400.0,8216463320.000001,8216463320.000001,82.16463320000001,82.16463320000001,1.14,14.7739,1.972
603929,亚翔集成,江苏,装修装饰,主板,20161230,20260701,257.81,-5.2239,2360620559.0,55006341600.0,55006341600.0,550.063416,550.063416,0.91,61.6549,21.7765
002820,桂发祥,天津,食品,主板,20161118,20260701,8.67,3.2143,51882146.97,1741528161.0,1741528161.0,17.41528161,17.41528161,0.98,,1.9931
603085,天成自控,浙江,汽车配件,主板,20150630,20260701,10.99,1.104,81465166.0,4364129000.0,4364129000.0,43.64129,43.64129,0.91,51.4045,4.5107
300416,苏试试验,江苏,电器仪表,创业板,20150122,20260701,21.88,7.3602,1078828985.44,11127025864.0,11048397896.0,111.27025864,110.48397896,1.6,43.2214,3.9583
300572,安车检测,深圳,电器仪表,创业板,20161206,20260701,27.94,-1.5157,243907436.22,6397947071.999999,5064904526.0,63.97947071999999,50.64904526,0.89,,3.976
603859,能科科技,北京,软件服务,主板,20161021,20260701,52.78,10.0042,292528376.0,12915144606.000002,12915144606.000002,129.15144606,129.15144606,0.32,57.2463,4.083
002828,贝肯能源,新疆,石油开采,主板,20161208,20260701,10.99,3.9735,251333699.0,2208853724.0,2208853724.0,22.08853724,22.08853724,1.32,99.9236,3.3768
603311,金海高科,浙江,家用电器,主板,20150518,20260701,35.73,-2.5102,399026899.0,8428131747.0,8428131747.0,84.28131747,84.28131747,0.81,107.3753,6.2507
603036,如通股份,江苏,专用机械,主板,20161209,20260701,15.03,3.9419,94991717.0,3096270180.0,3096270180.0,30.9627018,30.9627018,1.09,29.4378,2.1976
300473,德尔股份,辽宁,汽车配件,创业板,20150612,20260701,30.76,1.1842,173188081.64,5311094901.000001,4629879481.0,53.11094901000001,46.29879481,0.82,33.8127,2.7724
603602,纵横通信,浙江,通信设备,主板,20170810,20260701,11.12,0.9074,43990837.0,2569359400.0,2569359400.0,25.693594,25.693594,0.63,,2.8833
603066,音飞储存,江苏,仓储物流,主板,20150611,20260701,10.16,4.0984,76447636.0,2988869816.0,2988869816.0,29.88869816,29.88869816,1.48,90.2591,1.9588
603027,千禾味业,四川,食品,主板,20160307,20260701,7.14,2.439,118947832.0,9518515356.0,8922253956.0,95.18515356,89.22253956,1.13,27.3854,2.709
603678,火炬电子,福建,元器件,主板,20150126,20260701,87.5,5.4217,4536318194.0,41612077500.0,41612077500.0,416.120775,416.120775,1.45,130.1324,6.7621
300549,优德精密,江苏,专用机械,创业板,20160930,20260701,13.44,3.2258,30423112.0,1792090944.0,1358168448.0,17.92090944,13.58168448,0.98,226.3397,3.249
603444,吉比特,福建,互联网,主板,20170104,20260701,363.88,1.5234,926430358.0,26214315468.0,26214315468.0,262.14315468,262.14315468,1.04,14.6149,4.365
300499,高澜股份,广东,专用机械,创业板,20160202,20260701,37.25,-3.7468,1099566319.56,11370510350.0,10109962900.0,113.7051035,101.099629,0.72,400.6087,8.1662
603822,ST嘉澳,浙江,化工原料,主板,20160428,20260701,68.19,3.5535,35606664.0,5238758121.0,5238758121.0,52.38758121,52.38758121,0.68,167.1156,15.7273
300503,昊志机电,广东,机械基件,创业板,20160309,20260701,101.48,9.9458,5140150783.870001,31278855664.0,24454153148.0,312.78855664,244.54153148,2.19,262.29,21.2238
603043,广州酒家,广东,食品,主板,20170627,20260701,12.77,2.9839,33992084.0,7244004698.0,7182517148.0,72.44004698,71.82517148,1.08,14.8449,1.8146
300508,维宏股份,上海,软件服务,创业板,20160419,20260701,55.97,-2.5422,238196491.76,6092129090.0,4581655674.0,60.9212909,45.81655674,0.95,69.3781,7.1678
600977,中国电影,北京,影视音像,主板,20160809,20260701,13.9,7.5851,1014793651.0,25951300000.0,25951300000.0,259.513,259.513,1.2,222.6753,2.3619
603689,皖天然气,安徽,供气供热,主板,20170110,20260701,7.08,2.1645,30769070.0,3722758872.0,3706011840.0,37.22758872,37.0601184,0.85,11.4731,0.9865
300665,飞鹿股份,湖南,染料涂料,创业板,20170613,20260701,10.07,-1.564,253513851.75,2311474849.0,2195369763.0,23.11474849,21.95369763,0.55,,5.8589
601878,浙商证券,浙江,证券,主板,20170626,20260701,9.87,3.8947,717788998.0,45143372441.99999,45143372441.99999,451.4337244199999,451.4337244199999,1.2,18.7129,1.1975
603682,锦和商管,上海,房产服务,主板,20200421,20260701,8.14,10.0,142579193.0,3846150000.0,3846150000.0,38.4615,38.4615,1.24,,5.9146
603886,元祖股份,上海,食品,主板,20161228,20260701,12.69,-0.7042,116520687.0,3045600000.0,3045600000.0,30.456,30.456,0.73,21.8175,2.0544
002736,国信证券,深圳,证券,主板,20141229,20260701,10.43,4.4044,820150392.79,106821380533.0,100257638642.0,1068.21380533,1002.57638642,1.59,9.6472,1.0651
603345,安井食品,福建,食品,主板,20170222,20260701,79.6,-0.7358,583786187.0,26529796440.0,23346218320.0,265.2979644,233.4621832,1.59,19.5182,1.6525
002765,蓝黛科技,重庆,元器件,主板,20150612,20260701,7.23,3.8793,103757774.85000001,4714886163.0,4308068523.0,47.14886163,43.08068523,1.35,25.5132,1.7716
603737,三棵树,福建,染料涂料,主板,20160603,20260701,24.52,1.7427,166838291.0,21709542120.0,21709542120.0,217.0954212,217.0954212,0.91,28.0156,7.236
603223,恒通股份,山东,公路,主板,20150630,20260701,13.36,2.3755,319704823.0,9429784592.0,9429784592.0,94.29784592,94.29784592,0.8,35.4233,2.3068
300550,和仁科技,浙江,软件服务,创业板,20161018,20260701,13.81,3.6009,77427203.12,3625956362.0,3622371286.0,36.25956362,36.22371286,0.89,76.073,3.1734
300556,丝路视觉,深圳,软件服务,创业板,20161104,20260701,17.55,1.0363,182407132.65,2133471015.0,1904289075.0,21.33471015,19.04289075,0.97,,5.3051
300569,天能重工,山东,电气设备,创业板,20161125,20260701,5.02,4.1494,161310649.26000002,5134085022.0,5118632458.0,51.34085022,51.18632458,1.58,46.9357,0.98
300541,先进数通,北京,软件服务,创业板,20160913,20260701,9.88,2.3834,96148536.05,4248839660.0,3833618828.0,42.4883966,38.33618828,1.11,35.5794,2.434
603716,塞力医疗,湖北,医药商业,主板,20161031,20260701,14.87,6.9784,328481618.0,3357509196.0,3357509196.0,33.57509196,33.57509196,1.12,,3.3237
603888,新华网,北京,互联网,主板,20161028,20260701,17.33,1.7616,196634387.0,11693213006.0,11693213006.0,116.93213006,116.93213006,1.33,35.5177,3.073
002824,和胜股份,广东,铝,主板,20170112,20260701,34.84,0.7519,659378296.9599999,10841470716.0,7879976369.0,108.41470716,78.79976369,0.94,70.0041,4.6447
603727,博迈科,天津,石油开采,主板,20161122,20260701,16.91,-0.8792,77758584.0,4763873363.0,4763873363.0,47.63873363,47.63873363,0.68,77.5271,1.5161
300481,濮阳惠成,河南,化工原料,创业板,20150630,20260701,22.82,19.979,1116867355.3,6660140228.0,6619525192.0,66.60140228,66.19525192,2.16,50.7127,2.7273
600908,无锡银行,江苏,银行,主板,20160923,20260701,5.15,1.378,53248352.0,11302610755.0,10296460405.0,113.02610755,102.96460405,0.75,4.8947,0.4886
601997,贵阳银行,贵州,银行,主板,20160816,20260701,5.17,0.7797,217704364.0,18902544177.0,18902544177.0,189.02544177,189.02544177,1.27,3.601,0.2864
603322,超讯科技,广东,通信设备,主板,20160728,20260701,29.94,5.4968,349257193.0,4718148792.0,4718148792.0,47.18148792,47.18148792,1.52,,17.9322
300623,捷捷微电,江苏,半导体,创业板,20170314,20260701,41.91,-6.846,3348896662.6499996,34872468609.0,32159927679.0,348.72468609,321.59927679,1.15,73.1556,5.686
002840,华统股份,浙江,食品,主板,20170110,20260701,8.02,10.0137,179956319.22,6433374528.0,6388953352.0,64.33374528,63.88953352,1.21,,1.7889
601881,中国银河,北京,证券,主板,20170123,20260701,13.13,4.4551,1474196977.0,143568702199.0,95106073088.0,1435.68702199,951.06073088,1.47,11.4674,1.1845
603797,联泰环保,广东,环境保护,主板,20170413,20260701,3.91,4.2667,27633217.0,2254526332.0,2254526332.0,22.54526332,22.54526332,1.22,17.518,0.6728
002845,同兴达,深圳,元器件,主板,20170125,20260701,16.42,0.122,450167518.4,5378400556.0,4108848848.0,53.78400556,41.08848848,1.0,128.7861,2.1997
603298,杭叉集团,浙江,工程机械,主板,20161227,20260701,24.51,2.7242,397960498.0,32103492120.0,32103492120.0,321.0349212,321.0349212,2.41,14.6503,2.6671
603637,镇海股份,浙江,建筑工程,主板,20170208,20260701,14.32,-6.1599,283593627.0,3417982088.0,3417982088.0,34.17982088,34.17982088,1.75,51.6939,3.2744
603823,百合花,浙江,染料涂料,主板,20161220,20260701,56.78,4.0498,1187654222.0,23641358006.000004,23641358006.000004,236.41358006000004,236.41358006000004,1.01,141.6223,9.4401
601020,华钰矿业,西藏,铅锌,主板,20160316,20260701,23.87,-0.5002,765209549.0,19572557389.0,19572557389.0,195.72557389,195.72557389,0.74,22.4783,4.5516
603037,凯众股份,上海,汽车配件,主板,20170120,20260701,10.12,0.998,48783885.0,2697363547.9999995,2693435976.0,26.973635479999995,26.93435976,1.0,36.6569,2.7151
603303,得邦照明,浙江,家用电器,主板,20170330,20260701,23.9,-9.9812,243102884.0,11398975940.0,11398975940.0,113.9897594,113.9897594,0.69,43.1321,3.5392
601228,广州港,广东,港口,主板,20170329,20260701,2.87,1.773,76099496.0,21652805118.0,21652805118.0,216.52805118,216.52805118,1.31,26.3531,1.0055
603038,华立股份,广东,家居用品,主板,20170116,20260701,15.49,-0.7051,72210481.0,4161808278.9999995,4161808278.9999995,41.618082789999995,41.618082789999995,0.95,192.7197,2.902
603040,新坐标,浙江,汽车配件,主板,20170209,20260701,69.38,10.0048,367371063.0,13692656412.0,13621056251.999998,136.92656412,136.21056251999997,1.49,51.3114,8.8045
300578,会畅科技,上海,通信设备,创业板,20170125,20260701,16.92,-2.7027,104381807.0,3354723324.0,3353816412.0,33.54723324,33.53816412,0.83,,2.9096
002855,捷荣技术,广东,元器件,主板,20170321,20260701,9.53,0.3158,41070295.27,2348379741.0,2346545216.0,23.48379741,23.46545216,0.98,,11.3376
300597,吉大通信,吉林,通信设备,创业板,20170123,20260701,7.35,3.8136,57065382.559999995,2003389500.0,1994585670.0,20.033895,19.9458567,1.18,,2.1387
002847,盐津铺子,湖南,食品,主板,20170208,20260701,46.41,4.0583,157759319.37,12539401875.0,11316558708.0,125.39401875,113.16558708,1.17,16.7546,5.7783
002853,皮阿诺,广东,家居用品,主板,20170310,20260701,20.18,0.498,31011154.0,3691242861.9999995,2597262864.0,36.91242861999999,25.97262864,0.43,,4.1495
603615,茶花股份,福建,家居用品,主板,20170213,20260701,17.77,10.031,159255397.0,4297141400.0,4297141400.0,42.971414,42.971414,2.12,670.8173,3.7381
300617,安靠智电,江苏,电气设备,创业板,20170228,20260701,53.97,1.8494,335796731.4,8943239172.0,7497712089.0,89.43239172,74.97712089,1.04,121.5179,2.9561
603393,新天然气,新疆,供气供热,主板,20160912,20260701,22.93,7.0995,288536877.0,9720515409.0,9704464409.0,97.20515409,97.04464409,1.35,12.047,1.0318
603630,拉芳家化,广东,日用化工,主板,20170313,20260701,13.5,5.6338,130724801.0,3040262100.0,3040262100.0,30.402621,30.402621,1.01,,1.6102
603138,海量数据,北京,软件服务,主板,20170306,20260701,14.6,3.9146,158759513.0,4290542880.0,4209806340.0,42.9054288,42.0980634,1.41,,5.304
002852,道道全,湖南,食品,主板,20170310,20260701,7.31,3.103,37485043.339999996,2514408273.0,2089205310.0,25.14408273,20.8920531,1.46,10.7653,1.1135
603903,中持股份,北京,环境保护,主板,20170314,20260701,13.53,0.2965,248612790.0,3454472835.0,3454472835.0,34.54472835,34.54472835,1.13,,2.4172
603768,常青股份,安徽,汽车配件,主板,20170324,20260701,9.38,2.7382,30354050.0,2232026342.0,2232026342.0,22.32026342,22.32026342,1.06,,1.0193
300647,超频三,深圳,化工原料,创业板,20170503,20260701,5.98,0.5042,89604240.55,2734779580.0,2730719758.0,27.3477958,27.30719758,0.81,,6.3778
003002,壶化股份,山西,化工原料,主板,20200922,20260701,17.78,2.2427,53826731.0,3556000000.0,3251024993.9999995,35.56,32.510249939999994,0.82,20.6701,2.2911
603078,江化微,江苏,半导体,主板,20170410,20260701,52.66,6.5561,3569008313.0,20307654952.0,20307654952.0,203.07654952,203.07654952,1.39,193.7524,10.1787
002906,华阳集团,广东,汽车配件,主板,20171013,20260701,25.23,1.0817,179234824.62,13243708893.0,13235975898.0,132.43708893,132.35975898,0.77,16.9442,1.8505
300756,金马游乐,广东,专用机械,创业板,20181228,20260701,32.5,-1.6641,177421953.2,7170718750.0,6239870000.0,71.7071875,62.3987,0.85,88.9538,4.8361
300787,海能实业,江西,元器件,创业板,20190815,20260701,9.27,1.6447,64918526.919999994,2905524837.0,1821858129.0,29.05524837,18.21858129,1.21,30.6843,1.8864
300629,新劲刚,广东,元器件,创业板,20170324,20260701,21.55,0.4194,270394576.98999995,5418174270.0,4671794330.0,54.1817427,46.7179433,0.97,66.4921,3.0543
603798,康普顿,山东,石油加工,主板,20160406,20260701,13.84,1.1696,46638122.0,3549263848.0,3549263848.0,35.49263848,35.49263848,0.71,69.5462,2.8582
300374,中铁装配,北京,其他建材,创业板,20150319,20260701,10.31,2.3833,59806080.5,2535355813.0,2535057854.0,25.35355813,25.35057854,1.14,,3.57
300418,昆仑万维,北京,互联网,创业板,20150121,20260701,40.6,0.5946,2367565799.5600004,52172408820.0,47718150340.0,521.7240882,477.1815034,1.1,,4.2598
300407,凯发电气,天津,电气设备,创业板,20141203,20260701,10.71,-0.8333,57138299.0,3710363832.0,2774675042.9999995,37.10363832,27.746750429999995,0.91,52.7093,1.9714
300529,健帆生物,广东,医疗保健,创业板,20160802,20260701,16.04,4.1558,123026107.01,12809629012.0,8220214488.0,128.09629012,82.20214488,1.26,24.0411,3.5773
603918,金桥信息,上海,软件服务,主板,20150528,20260701,9.79,3.27,101871093.0,3574402425.0,3574402425.0,35.74402425,35.74402425,1.23,,3.6525
603703,盛洋科技,浙江,元器件,主板,20150423,20260701,10.81,-2.6126,135703176.0,4485956501.0,4485956501.0,44.85956501,44.85956501,0.92,,5.428
603999,读者传媒,甘肃,出版业,主板,20151210,20260701,5.12,2.4,36305461.0,2949120000.0,2949120000.0,29.4912,29.4912,1.06,34.495,1.4209
601015,陕西黑猫,陕西,焦炭加工,主板,20141105,20260701,3.0,3.0928,118559124.0,6127492800.0,6127492800.0,61.274928,61.274928,1.32,,1.2737
002737,葵花药业,黑龙江,中成药,主板,20141230,20260701,11.85,5.7092,79181984.4,6920400000.0,6920396445.000001,69.204,69.20396445000002,1.28,,1.7526
603667,五洲新春,浙江,机械基件,主板,20161025,20260701,68.06,3.8767,2445716321.0,26077325120.0,24923762568.0,260.7732512,249.23762568,1.46,285.3413,8.6915
601968,宝钢包装,上海,广告包装,主板,20150611,20260701,3.98,1.5306,59713109.0,5077602410.0,5077602410.0,50.7760241,50.7760241,1.25,27.0511,1.1161
603868,飞科电器,上海,家用电器,主板,20160418,20260701,30.62,-0.5844,33746923.0,13338072000.0,13338072000.0,133.38072,133.38072,0.63,26.0466,3.7944
603515,欧普照明,上海,家用电器,主板,20160819,20260701,16.25,-0.5508,28892509.0,12077130000.0,11965331625.0,120.7713,119.65331625,1.14,13.1202,1.6904
603919,金徽酒,甘肃,白酒,主板,20160310,20260701,15.74,4.5847,183101151.0,7984272400.0,7984272400.0,79.842724,79.842724,0.81,22.5298,2.2583
603612,索通发展,山东,矿物制品,主板,20170718,20260701,17.9,-1.2686,376558456.0,8916070550.0,8916070550.0,89.1607055,89.1607055,1.59,11.9412,1.509
600939,重庆建工,重庆,建筑工程,主板,20170221,20260701,2.41,2.5532,25697619.0,4584964509.0,4584964509.0,45.84964509,45.84964509,1.06,,0.6542
603090,宏盛股份,江苏,专用机械,主板,20160831,20260701,51.1,0.0783,176415411.0,5110000000.0,5110000000.0,51.1,51.1,0.84,62.0256,7.8403
603160,汇顶科技,深圳,半导体,主板,20161017,20260701,61.55,-0.2593,708446516.0,28675332540.0,28675332540.0,286.7533254,286.7533254,1.45,34.2556,3.0578
603021,*ST华鹏,山东,家居用品,主板,20150423,20260701,6.92,5.0076,64545950.0,2214040852.0,2214040852.0,22.14040852,22.14040852,1.07,,
603986,兆易创新,北京,半导体,主板,20160818,20260701,772.01,-5.2748,43202850798.0,541757708696.0,516082431718.99994,5417.57708696,5160.824317189999,1.04,328.732,21.436
300496,中科创达,北京,软件服务,创业板,20151210,20260701,62.47,1.1005,1014420971.8199999,28843467237.0,23086844243.0,288.43467237,230.86844243,1.0,64.0769,2.771
300534,陇神戎发,甘肃,中成药,创业板,20160913,20260701,7.41,4.661,63697635.0,2247786450.0,2238201615.0,22.4778645,22.38201615,1.32,51.1433,3.0661
002821,凯莱英,天津,生物制药,主板,20161118,20260701,164.8,1.7284,3479633614.75,59456708800.0,52248834720.0,594.567088,522.4883472,1.62,52.4972,3.3119
002817,黄山胶囊,安徽,化学制药,主板,20161025,20260701,6.11,4.2662,56594115.99,1827490002.0,1772140123.0,18.27490002,17.72140123,1.35,28.1213,1.8698
300512,中亚股份,浙江,专用机械,创业板,20160526,20260701,6.94,1.7595,29313743.0,2840107555.9999995,2247915968.0,28.401075559999995,22.47915968,0.96,105.9671,1.7367
300517,海波重科,湖北,建筑工程,创业板,20160719,20260701,9.24,-1.9108,41866056.0,1851822588.0,1166495484.0,18.51822588,11.66495484,0.86,1039.8802,1.7708
002759,天际股份,广东,电气设备,主板,20150528,20260701,26.83,10.0041,1311500748.38,13452095158.0,13440268494.0,134.52095158,134.40268494,1.26,163.6879,3.8587
601606,长城军工,安徽,专用机械,主板,20180806,20260701,28.3,2.9465,662762247.0,20495663720.0,20495663720.0,204.9566372,204.9566372,1.89,2455.6844,9.3923
300519,新光药业,浙江,中成药,创业板,20160624,20260701,12.41,4.7257,42813199.0,1985600000.0,1415981000.0,19.856,14.15981,1.42,36.6269,2.297
300414,中光防雷,四川,通信设备,创业板,20150513,20260701,11.24,1.9964,90048668.74,3664458056.0,3524187352.0,36.64458056,35.24187352,1.3,210.7911,3.6615
300518,新迅达,广西,互联网,创业板,20160624,20260701,39.66,20.0,526719673.05999994,7908664056.000001,7907113350.0,79.08664056,79.0711335,0.94,,11.9629
300533,冰川网络,深圳,互联网,创业板,20160818,20260701,16.52,0.7317,230800230.88,5422635484.0,3815510412.0,54.22635484,38.15510412,0.84,11.2158,3.5643
002797,第一创业,深圳,证券,主板,20160511,20260701,6.79,3.3486,801245745.83,28534296000.0,28534296000.0,285.34296,285.34296,1.25,33.9125,1.6142
603800,洪田股份,江苏,专用机械,主板,20151210,20260701,81.2,-0.1107,970427551.0,16889600000.0,16889600000.0,168.896,168.896,1.15,1162.7955,21.3525
603825,ST华扬,湖南,互联网,主板,20170802,20260701,6.91,3.2885,26520494.0,1750555906.0,1750555906.0,17.50555906,17.50555906,1.03,,56.2037
300410,正业科技,广东,专用机械,创业板,20141231,20260701,10.64,-3.8844,362185651.72999996,3906101472.0,3906101472.0,39.06101472,39.06101472,0.78,106.2138,14.1631
603338,浙江鼎力,浙江,工程机械,主板,20150325,20260701,42.7,0.4706,203585445.0,21621055330.0,21621055330.0,216.2105533,216.2105533,0.95,11.3843,1.8255
603222,济民健康,浙江,医疗保健,主板,20150217,20260701,8.28,-2.0118,434960814.0,4347750168.0,4347750168.0,43.47750168,43.47750168,3.94,,3.9067
300510,金冠股份,吉林,电气设备,创业板,20160506,20260701,3.18,1.9231,66477837.0,2622516426.0,2622516426.0,26.22516426,26.22516426,1.27,,1.3678
300420,五洋自控,江苏,机械基件,创业板,20150217,20260701,9.56,1.0571,1538064411.44,10672627216.0,10671584220.0,106.72627216,106.7158422,0.76,226.4723,4.4873
301130,西点药业,吉林,化学制药,创业板,20220223,20260701,24.95,4.045,38396142.0,1908542391.0,1472483132.0,19.08542391,14.72483132,1.13,87.148,2.1632
603268,松发股份,广东,船舶,主板,20150319,20260701,143.5,3.0299,1192535582.0,139306686050.0,33471346300.0,1393.0668605,334.713463,1.19,52.4773,13.2102
603020,爱普股份,上海,食品,主板,20150325,20260701,14.02,0.1429,137467508.0,5266441956.0,5266441956.0,52.66441956,52.66441956,0.75,60.7107,1.5893
300485,赛升药业,北京,生物制药,创业板,20150626,20260701,9.86,3.6803,217493067.0,4749230704.0,2699837591.9999995,47.49230704,26.998375919999994,1.14,325.9374,1.4071
603738,泰晶科技,湖北,元器件,主板,20160928,20260701,66.06,10.0083,343690362.0,25491728250.0,25491728250.0,254.9172825,254.9172825,0.1,488.1193,14.0187
603339,四方科技,江苏,专用机械,主板,20160519,20260701,14.46,1.1896,255445854.0,4474519752.0,4474519752.0,44.74519752,44.74519752,0.95,28.9783,1.6578
603266,天龙股份,浙江,汽车配件,主板,20170110,20260701,16.96,0.7724,61179753.0,3373120128.0000005,3373120128.0000005,33.73120128000001,33.73120128000001,1.13,31.7945,2.0787
300528,幸福蓝海,江苏,影视音像,创业板,20160808,20260701,14.1,9.7276,204240548.56,5253774210.0,5253774210.0,52.5377421,52.5377421,1.56,,13.6895
300461,田中精机,浙江,专用机械,创业板,20150519,20260701,39.57,6.8305,266578878.16000003,6214733619.0,5686339581.0,62.14733619,56.86339581,0.97,395.6332,11.4569
002772,众兴菌业,甘肃,种植业,主板,20150626,20260701,11.98,5.4577,138623098.0,4489415150.0,4452206468.0,44.8941515,44.52206468,1.59,13.4027,1.2349
603033,三维股份,浙江,橡胶,主板,20161207,20260701,9.99,-0.498,222747967.0,10301323365.0,10115184690.0,103.01323365,101.1518469,2.11,,4.078
002856,*ST美芝,深圳,装修装饰,主板,20170320,20260701,20.28,5.0233,67088429.6,2744143584.0000005,2512781232.0,27.441435840000004,25.12781232,0.46,,
603838,*ST四通,广东,家居用品,主板,20150701,20260701,8.98,2.9817,12710304.0,2873743680.0,2873743680.0,28.7374368,28.7374368,1.06,,3.2705
603319,美湖股份,湖南,汽车配件,主板,20161130,20260701,33.63,1.2647,538696524.0,11405604411.0,11405604411.0,114.05604411,114.05604411,0.88,109.8038,4.6315
300542,新晨科技,北京,软件服务,创业板,20160920,20260701,11.44,3.2491,73015003.0,3415525256.0,2832338080.0,34.15525256,28.3233808,1.17,,6.4046
603007,顺景科技,江苏,建筑工程,主板,20160826,20260701,5.98,-0.9934,208012743.0,5288987678.0,4156632220.0,52.88987678,41.5663222,0.58,,22.5645
603313,梦百合,江苏,家居用品,主板,20161013,20260701,6.15,3.8851,172418143.0,3509109435.0,3509109435.0,35.09109435,35.09109435,0.92,,1.033
603819,神力股份,江苏,电气设备,主板,20161125,20260701,11.57,1.048,50831936.0,2519138414.0,2519138414.0,25.19138414,25.19138414,0.81,127.7702,3.1017
300525,博思软件,福建,软件服务,创业板,20160726,20260701,7.73,3.8978,142460590.23999998,5810142415.0,4766622562.0,58.10142415,47.66622562,1.09,33.4447,2.3235
300545,联得装备,深圳,专用机械,创业板,20160928,20260701,43.17,-6.5584,1829922655.08,8006364321.0,5161357713.0,80.06364321,51.61357713,2.21,72.0336,3.6752
300570,太辰光,深圳,通信设备,创业板,20161206,20260701,238.36,-3.3845,3827449603.58,54137967884.0,45811075808.0,541.37967884,458.11075808,0.61,181.0855,30.6042
603300,海南华铁,浙江,多元金融,主板,20150529,20260701,4.63,1.7582,227205445.0,9234878546.0,9234878546.0,92.34878546,92.34878546,1.06,17.5184,1.3842
603019,中科曙光,天津,IT设备,主板,20141106,20260701,102.45,-4.4577,14985473292.0,149896203465.0,149889913035.0,1498.96203465,1498.89913035,1.23,68.8769,6.6456
002785,万里石,福建,其他建材,主板,20151223,20260701,45.78,3.3175,353622506.3,10374649866.0,8858201100.0,103.74649866,88.582011,0.64,,13.0454
002810,山东赫达,山东,化工原料,主板,20160826,20260701,25.66,3.8866,293261182.16999996,8963911030.0,8307075408.0,89.6391103,83.07075408,0.93,63.2566,4.0267
300434,金石亚药,四川,化学制药,创业板,20150424,20260701,11.52,2.5824,543602145.8000001,4628089728.0,3941165952.0,46.28089728,39.41165952,1.61,35.1617,1.7347
300539,横河精密,浙江,塑料,创业板,20160830,20260701,24.44,19.9804,299972378.09000003,6552378664.000001,5325187608.0,65.52378664000001,53.25187608,2.03,124.2035,5.4905
603808,歌力思,深圳,服饰,主板,20150422,20260701,7.7,1.7173,34075584.0,2800745640.0,2800745640.0,28.0074564,28.0074564,0.96,16.9863,1.0684
300439,美康生物,浙江,医疗保健,创业板,20150422,20260701,8.35,3.9851,31410634.84,3209062815.0,2440973035.0,32.09062815,24.40973035,1.31,50.7751,1.0741
300493,润欣科技,上海,元器件,创业板,20151210,20260701,14.82,-0.6036,295893039.64,7595562702.0,7507979466.0,75.95562702,75.07979466,1.09,137.5324,6.5556
603968,醋化股份,江苏,化工原料,主板,20150518,20260701,9.49,2.4838,39219742.0,1940515200.0,1940515200.0,19.405152,19.405152,1.16,,1.1084
300564,筑博设计,西藏,建筑工程,创业板,20191108,20260701,12.77,6.3281,68788478.53999999,2059996381.0,1445459286.0000002,20.59996381,14.454592860000002,1.38,84.6788,1.6595
300538,同益股份,深圳,塑料,创业板,20160826,20260701,16.91,1.3182,179872325.60000002,3076241835.0,2045859732.0,30.76241835,20.45859732,0.77,,3.3831
300551,古鳌科技,上海,软件服务,创业板,20161018,20260701,10.04,2.0325,111635050.71,3414231516.0,3404291916.0,34.14231516,34.04291916,1.2,,11.1423
300515,三德科技,湖南,电器仪表,创业板,20160608,20260701,13.37,2.4521,47280995.0,2750937665.0000005,2697501786.0,27.509376650000004,26.97501786,1.05,14.9809,2.8524
300553,集智股份,浙江,电器仪表,创业板,20161021,20260701,67.9,10.6043,515806499.38,7538454910.0,5764397659.999999,75.3845491,57.64397659999999,1.41,397.8947,8.8771
603186,华正新材,浙江,元器件,主板,20170103,20260701,212.91,-5.4993,2691397087.0,33382265355.000004,33382265355.000004,333.82265355000004,333.82265355000004,0.83,120.6384,14.2551
603669,灵康药业,西藏,化学制药,主板,20150528,20260701,5.81,2.4691,237876196.0,4138639601.0000005,4138639601.0000005,41.386396010000006,41.386396010000006,0.72,,7.3542
601163,三角轮胎,山东,汽车配件,主板,20160909,20260701,12.84,1.182,46444696.0,10272000000.0,10272000000.0,102.72,102.72,1.13,11.1303,0.7252
002836,新宏泽,广东,广告包装,主板,20161229,20260701,9.61,4.0043,35059880.0,2214144000.0,2214144000.0,22.14144,22.14144,1.24,52.4287,5.5742
002842,翔鹭钨业,广东,小金属,主板,20170119,20260701,45.61,-5.3734,2665787675.4,14922337725.0,12244570064.0,149.22337725,122.44570064,1.02,103.8407,10.222
603035,常熟汽饰,江苏,汽车配件,主板,20170105,20260701,10.81,1.7891,40764148.0,3960212150.9999995,3960212150.9999995,39.602121509999996,39.602121509999996,0.8,11.4392,0.7356
300413,芒果超媒,湖南,影视音像,创业板,20150121,20260701,14.97,2.324,285698830.85,28004691873.0,15294849000.0,280.04691873,152.94849,0.98,22.821,1.1883
601229,上海银行,上海,银行,主板,20161116,20260701,8.75,0.8065,293351200.0,124329036125.0,124329036125.0,1243.29036125,1243.29036125,0.64,5.139,0.4921
600919,江苏银行,江苏,银行,主板,20160802,20260701,11.0,2.0408,1223128024.0,201864569500.0,201864569500.0,2018.645695,2018.645695,0.96,5.851,0.764
600926,杭州银行,浙江,银行,主板,20161027,20260701,14.66,1.4533,797923809.0,106270376649.99998,106270376649.99998,1062.7037664999998,1062.7037664999998,1.15,5.5846,0.7589
300565,科信技术,深圳,通信设备,创业板,20161122,20260701,10.29,1.0806,127293003.0,2569460334.0,2348230479.0,25.69460334,23.48230479,1.0,,4.9277
603517,ST绝味,湖南,食品,主板,20170317,20260701,9.9,2.9106,81453545.0,5999418810.000001,5999418810.000001,59.99418810000001,59.99418810000001,0.74,,0.9975
603577,汇金通,山东,电气设备,主板,20161222,20260701,9.44,0.2123,97466548.0,3201473104.0,3201473104.0,32.01473104,32.01473104,2.16,31.0699,1.6216
002857,三晖电气,河南,电器仪表,主板,20170323,20260701,17.43,-0.7968,74693017.1,2276952363.0,2241240036.0,22.76952363,22.41240036,1.19,,4.8818
002848,高斯贝尔,湖南,家用电器,主板,20170213,20260701,13.64,-2.0115,124751956.0,2279926000.0,2249577000.0,22.79926,22.49577,0.98,,27.2891
002841,视源股份,广东,元器件,主板,20170119,20260701,36.35,5.2708,323654229.18,25415429275.000004,18950905290.0,254.15429275000002,189.5090529,1.75,25.0782,1.871
603928,兴业股份,江苏,化工原料,主板,20161212,20260701,14.4,-2.7027,1111592948.0,4906137600.0,4906137600.0,49.061376,49.061376,5.43,48.3182,3.0389
603228,景旺电子,深圳,元器件,主板,20170106,20260701,68.21,-5.8003,2226599155.0,67177095970.0,66559004234.0,671.7709597,665.59004234,0.87,54.5725,5.0493
002960,青鸟智控,河北,专用机械,主板,20190809,20260701,8.62,1.771,138320351.68,9083192252.0,8346064158.0,90.83192252,83.46064158,0.92,28.4188,1.4451
002858,力盛体育,上海,文教休闲,主板,20170324,20260701,11.16,2.2915,60041441.0,2083330944.0,1645122384.0,20.83330944,16.45122384,0.68,,3.9947
603811,诚意药业,浙江,化学制药,主板,20170315,20260701,7.72,2.6596,81549709.0,3537504720.0,3537504720.0,35.3750472,35.3750472,2.03,18.1302,2.4383
601375,中原证券,河南,证券,主板,20170103,20260701,4.15,4.01,352449776.0,19267971505.0,14307206754.999998,192.67971505,143.07206754999999,1.28,42.2711,1.3241
603881,数据港,上海,软件服务,主板,20170208,20260701,25.8,3.2,1044500282.0,22240951919.999996,22240951919.999996,222.40951919999995,222.40951919999995,1.37,160.31,6.6094
603626,科森科技,江苏,元器件,主板,20170209,20260701,19.8,7.027,743019263.0,10986618060.000002,10986618060.000002,109.86618060000002,109.86618060000002,1.58,,4.8244
603358,华达科技,江苏,汽车配件,主板,20170125,20260701,43.08,-0.9655,530604321.0,20236528440.0,19893077448.0,202.3652844,198.93077448,0.72,79.8156,5.7077
603165,荣晟环保,浙江,造纸,主板,20170117,20260701,13.12,0.6907,51850743.0,4102996608.0,4102996608.0,41.02996608,41.02996608,0.55,18.3374,1.5261
603360,百傲化学,辽宁,农药化肥,主板,20170206,20260701,17.91,10.0123,436974790.0,12648466467.0,12648466467.0,126.48466467,126.48466467,1.33,60.2955,8.9702
002953,日丰股份,广东,电气设备,主板,20190509,20260701,8.85,1.4908,46769607.519999996,4350480345.0,2401105890.0,43.50480345,24.0110589,1.16,27.4845,1.9493
603032,德新科技,新疆,专用机械,主板,20170105,20260701,26.05,-3.1599,581986355.0,6075573770.0,6066565680.0,60.7557377,60.6656568,1.09,142.7626,5.1946
300684,中石科技,北京,元器件,创业板,20171227,20260701,58.26,-4.4918,872194292.14,17449405992.0,11902692780.0,174.49405992,119.0269278,0.85,51.5382,7.8221
603217,元利科技,山东,化工原料,主板,20190620,20260701,22.6,2.1238,49303087.0,4702779760.0,4702779760.0,47.0277976,47.0277976,1.01,24.3514,1.3581
603656,泰禾智能,安徽,专用机械,主板,20170321,20260701,17.6,0.1138,49254861.0,3219839040.0,3219839040.0,32.1983904,32.1983904,0.91,110.5418,2.4258
002849,威星智能,浙江,电器仪表,主板,20170217,20260701,16.9,-0.1182,180848692.1,3728714600.0,3698507540.0,37.287146,36.9850754,1.43,69.1136,2.7078
300865,大宏立,四川,专用机械,创业板,20200824,20260701,22.12,1.2357,39780226.11000001,2116441600.0,1271506264.0,21.164416,12.71506264,0.85,797.4156,2.4253
603896,寿仙谷,浙江,中成药,主板,20170510,20260701,13.43,3.7066,35277096.0,2662415577.0,2662415577.0,26.62415577,26.62415577,0.88,146.4936,1.1997
300659,中孚信息,山东,IT设备,创业板,20170526,20260701,9.75,2.6316,71544118.78,2538825900.0,1845078299.9999998,25.388259,18.450782999999998,0.89,,2.1731
603396,金辰股份,辽宁,专用机械,主板,20171018,20260701,26.8,1.1321,92552407.0,3712537000.0,3712537000.0,37.12537,37.12537,0.89,66.4261,1.4175
002961,瑞达期货,福建,多元金融,主板,20190905,20260701,20.55,4.954,203059054.56,9800983425.0,9800936160.0,98.00983425,98.0093616,1.28,17.9193,2.3854
300867,圣元环保,福建,环境保护,创业板,20200824,20260701,18.92,4.415,183768625.68,5141339720.0,3625597976.0,51.4133972,36.25597976,1.44,20.7124,1.2769
300800,力合科技,湖南,环境保护,创业板,20191106,20260701,9.53,3.027,37582606.050000004,2256313270.0,2232940945.0,22.5631327,22.32940945,1.18,52.9929,1.0958
300593,新雷能,北京,电气设备,创业板,20170113,20260701,27.96,-6.986,682892207.82,15168255264.0,12534585432.0,151.68255264,125.34585432,0.93,,6.6123
300958,建工修复,北京,环境保护,创业板,20210329,20260701,11.05,3.8534,49924689.20999999,1731939430.0,1006095870.0,17.3193943,10.0609587,1.45,,1.4326
002878,元隆雅图,北京,广告包装,主板,20170606,20260701,11.78,1.9913,94663467.1,3086262226.0,2778881974.0,30.86262226,27.78881974,0.94,,2.4695
603113,金能科技,山东,化工原料,主板,20170511,20260701,4.25,3.1553,75284845.0,3606085050.0,3606085050.0,36.0608505,36.0608505,1.65,163.6234,0.4948
002780,三夫户外,北京,服饰,主板,20151209,20260701,12.69,4.5305,90015217.39999999,2098441242.0,1657971342.0,20.98441242,16.57971342,1.65,39.3326,2.5569
603017,中衡设计,江苏,建筑工程,主板,20141231,20260701,10.16,2.1106,85984840.0,2806093448.0,2806093448.0,28.06093448,28.06093448,1.01,57.2035,1.8795
300552,万集科技,北京,IT设备,创业板,20161021,20260701,23.78,4.07,161448972.95,5068305118.0,3212395018.0000005,50.68305118,32.12395018,1.3,,2.9196
603031,安孚科技,安徽,电气设备,主板,20160822,20260701,50.55,-5.0704,1150095692.0,18897915300.0,15892434720.0,188.979153,158.9243472,0.78,83.6208,6.6357
603520,司太立,浙江,化学制药,主板,20160309,20260701,10.86,-1.6304,344363593.0,4761131514.0,4761131514.0,47.61131514,47.61131514,1.09,465.4808,1.8489
002755,奥赛康,北京,化学制药,主板,20150515,20260701,14.52,6.6079,248247133.64,13476889008.0,13476745260.0,134.76889008,134.7674526,1.44,56.9604,4.0828
300466,赛摩智能,江苏,电器仪表,创业板,20150528,20260701,7.29,3.5511,64793938.16,3904012971.0000005,3272278338.0,39.04012971,32.72278338,1.24,,5.6325
002749,国光股份,四川,农药化肥,主板,20150320,20260701,8.1,1.5038,26130809.0,4507419150.0,4408984710.0,45.0741915,44.0898471,1.12,14.4372,2.4141
603025,大豪科技,北京,纺织机械,主板,20150422,20260701,13.81,1.2463,146571187.0,15421002788.0,15317703988.0,154.21002788,153.17703988,1.12,21.7162,5.2011
300464,星徽股份,广东,机械基件,创业板,20150610,20260701,7.14,0.1403,83815215.0,3336519858.0000005,2535718878.0,33.365198580000005,25.35718878,0.91,686.1166,23.4436
603660,苏州科达,江苏,IT设备,主板,20161201,20260701,11.73,-4.2449,300050616.0,6703609371.0,6703609371.0,67.03609371,67.03609371,0.89,,9.3862
601500,通用股份,江苏,汽车配件,主板,20160919,20260701,3.74,2.4658,55482533.0,5944040718.0,5920422618.0,59.44040718,59.20422618,1.13,29.5154,0.9685
603816,顾家家居,浙江,家居用品,主板,20161014,20260701,22.95,2.6386,189974454.0,18852311925.0,18639214290.0,188.52311925,186.3921429,0.89,10.5318,1.7008
300806,斯迪克,江苏,塑料,创业板,20191125,20260701,109.06,-2.625,3440123790.6800003,49436952529.99999,34508099934.0,494.3695252999999,345.08099934,1.06,819.163,21.175
300489,光智科技,浙江,专用机械,创业板,20150701,20260701,307.12,-1.5483,2030729740.36,42738143536.0,42581665895.99999,427.38143536,425.8166589599999,0.58,,59.2207
300478,杭州高新,浙江,塑料,创业板,20150610,20260701,38.3,4.3881,149394976.0,4851575900.0,4851575900.0,48.515759,48.515759,1.2,,154.6089
300471,厚普股份,四川,专用机械,创业板,20150611,20260701,9.38,8.9431,176914230.59,4410088606.0,3438257760.0,44.10088606,34.3825776,1.5,562.1663,2.8163
603898,好莱客,广东,家居用品,主板,20150217,20260701,15.87,-0.5016,199961643.0,4941046737.0,4941046737.0,49.41046737,49.41046737,0.99,336.7574,1.6111
603636,南威软件,福建,软件服务,主板,20141230,20260701,8.08,2.4081,78108268.0,4689312840.0,4689312840.0,46.8931284,46.8931284,0.67,,2.5343
002760,凤形股份,江西,机械基件,主板,20150611,20260701,16.75,2.0097,81954877.0,1808810725.0,1808810725.0,18.08810725,18.08810725,0.97,89.6734,2.1604
002819,东方中科,北京,电器仪表,主板,20161111,20260701,22.04,-1.2987,70582069.0,6603406604.000001,5239822351.0,66.03406604000001,52.39822351,0.6,,1.6844
300547,川环科技,四川,汽车配件,创业板,20160930,20260701,34.28,2.6655,673992241.0699999,7435544536.0,6109505008.0,74.35544536,61.09505008,1.05,36.4418,5.3706
002811,郑中设计,深圳,装修装饰,主板,20160908,20260701,11.5,2.7703,71159518.62,3541655000.0,3249750500.0,35.41655,32.497505,1.18,23.0162,2.4394
002809,红墙股份,广东,化工原料,主板,20160823,20260701,7.69,3.3602,76836263.58,1847600938.0,1307071607.0,18.47600938,13.07071607,1.32,,1.1181
002832,比音勒芬,广东,服饰,主板,20161223,20260701,21.3,3.1977,340165241.05999994,12156061230.0,8294609790.000001,121.5606123,82.94609790000001,1.6,22.0741,2.122
002979,雷赛智能,深圳,专用机械,主板,20200408,20260701,57.48,3.0477,1244646791.65,18163496064.0,12803284884.0,181.63496064,128.03284884,1.78,80.5933,9.6957
603718,*ST海利,上海,农业综合,主板,20150515,20260701,2.78,4.9057,21473874.0,1812295066.0,1804163566.0,18.12295066,18.04163566,0.59,,2.0447
603690,至纯科技,上海,半导体,主板,20170113,20260701,36.7,3.6723,2401630665.0,14054789810.0,14054789810.0,140.5478981,140.5478981,1.05,,4.0455
603159,上海亚虹,上海,专用机械,主板,20160812,20260701,18.38,6.4273,96949829.0,2573200000.0,2573200000.0,25.732,25.732,0.83,,5.1894
300460,ST惠伦,广东,元器件,创业板,20150515,20260701,10.61,7.4975,156475493.6,2979333623.0,2979333623.0,29.79333623,29.79333623,1.87,,6.4833
603060,国检集团,北京,建筑工程,主板,20161109,20260701,5.66,2.3508,59210212.0,4550436806.0,4550436806.0,45.50436806,45.50436806,0.66,38.1061,2.2523
603367,辰欣药业,山东,化学制药,主板,20170929,20260701,13.58,5.8457,179234341.0,6148400678.0,6148400678.0,61.48400678,61.48400678,1.4,14.5956,0.9725
603936,博敏电子,广东,元器件,主板,20151209,20260701,25.58,-4.2306,1413665955.0,16508001839.999998,16125580840.0,165.08001839999997,161.2558084,0.68,2496.7779,3.839
601966,玲珑轮胎,山东,汽车配件,主板,20160706,20260701,10.4,2.0608,121635665.0,15220428080.0,15220428080.0,152.2042808,152.2042808,0.85,11.119,0.6666
300395,菲利华,湖北,玻璃,创业板,20140910,20260701,126.17,-5.6532,5485953113.03,66330988207.0,64667613395.0,663.30988207,646.67613395,0.88,149.6699,13.873
601611,中国核,上海,建筑工程,主板,20160606,20260701,11.28,1.1659,840204494.0,33996049776.0,33996049776.0,339.96049776,339.96049776,1.39,25.7732,1.5097
603377,ST东时,北京,汽车服务,主板,20160205,20260701,2.69,0.0,36935047.0,1944416525.0,1944416525.0,19.44416525,19.44416525,2.89,,
300520,科大国创,安徽,软件服务,创业板,20160708,20260701,27.06,0.4454,284218773.33,7902361566.0,7636851552.0,79.02361566,76.36851552,0.72,,4.6178
603022,新通联,上海,广告包装,主板,20150518,20260701,8.25,3.2541,44929959.0,1650000000.0,1650000000.0,16.5,16.5,1.2,27.725,1.9324
603131,上海沪工,上海,专用机械,主板,20160607,20260701,18.72,9.9882,253916860.0,6306902783.999999,6306902783.999999,63.06902783999999,63.06902783999999,1.61,,3.8197
300404,博济医药,广东,医疗保健,创业板,20150424,20260701,9.24,5.4795,171146202.24,3564319836.0,2638164144.0,35.64319836,26.38164144,1.36,116.885,3.3374
300442,润泽科技,河北,软件服务,创业板,20150424,20260701,90.06,8.4146,8048139615.29,147792242520.0,147358729704.0,1477.9224252,1473.58729704,2.13,29.2661,10.3449
002777,久远银海,四川,软件服务,主板,20151231,20260701,12.39,2.9925,75913664.19,5057982090.0,5011897485.0,50.5798209,50.11897485,1.01,65.801,2.9754
300456,赛微电子,北京,半导体,创业板,20150514,20260701,44.44,4.6386,2902667271.99,32539550164.0,26550629116.000004,325.39550164,265.50629116000005,1.66,22.0839,4.9125
603939,益丰药房,湖南,医药商业,主板,20150217,20260701,19.03,5.8398,347457270.0,23071829275.000004,23071829275.000004,230.71829275000005,230.71829275000005,1.47,13.7457,1.9368
300468,四方精创,深圳,软件服务,创业板,20150527,20260701,21.69,3.2366,555819364.85,11509781148.000002,11491136424.0,115.09781148000002,114.91136424,1.24,154.9069,6.9652
300423,昇辉科技,山东,电气设备,创业板,20150217,20260701,5.81,5.4446,109412295.4,2890540653.0,1935831576.0,28.90540653,19.35831576,1.82,,2.5112
300537,广信材料,江苏,染料涂料,创业板,20160830,20260701,35.27,4.9702,1442145839.6000001,7329335996.0,5352732434.0,73.29335996,53.52732434,1.18,535.7364,8.082
603306,华懋科技,福建,汽车配件,主板,20140926,20260701,102.51,-1.138,2263619736.0,33776604207.0,33776604207.0,337.76604207,337.76604207,1.24,155.1059,10.5089
603878,武进不锈,江苏,钢加工,主板,20161219,20260701,5.23,1.751,92995327.0,2934813976.9999995,2934813976.9999995,29.348139769999996,29.348139769999996,1.0,36.8608,1.1332
603028,赛福天,江苏,钢加工,主板,20160331,20260701,6.68,3.2457,46305878.0,1917427200.0,1898389200.0000002,19.174272,18.983892,1.4,,4.1288
300474,景嘉微,湖南,元器件,创业板,20160331,20260701,59.21,-2.0999,1348555243.6299999,30944288753.0,24067331461.0,309.44288753,240.67331461,1.34,,4.5357
300497,富祥股份,江西,化学制药,创业板,20151222,20260701,23.34,5.3249,2160575852.42,12572067660.0,10562288268.0,125.7206766,105.62288268,1.19,,5.5956
603987,康德莱,上海,医疗保健,主板,20161121,20260701,7.13,3.3333,29460117.0,3114319117.0,3114319117.0,31.14319117,31.14319117,1.11,12.9575,1.0939
300600,国瑞科技,江苏,船舶,创业板,20170125,20260701,9.57,1.9169,69631302.33999999,2815824165.0,2815824165.0,28.15824165,28.15824165,1.19,,2.3467
603258,电魂网络,浙江,互联网,主板,20161026,20260701,12.18,1.5847,42185505.0,2956875263.9999995,2939538252.0,29.568752639999996,29.39538252,0.79,,1.5171
603568,伟明环保,浙江,环境保护,主板,20150528,20260701,15.89,3.316,152727252.0,32608794084.0,32549988372.0,326.08794084,325.49988372,1.11,14.7318,2.1281
603658,安图生物,河南,医疗保健,主板,20160901,20260701,29.9,3.0324,77723653.0,17085601520.0,17085601520.0,170.8560152,170.8560152,1.14,15.9975,1.8647
603299,苏盐井神,江苏,食品,主板,20151231,20260701,8.92,1.479,49213673.0,8516459200.0,6962115304.0,85.164592,69.62115304,1.0,16.3114,1.0389
603026,石大胜华,山东,化工原料,主板,20150529,20260701,91.39,2.2603,1516599381.0,21266544389.999996,21266544389.999996,212.66544389999996,212.66544389999996,1.03,1337.647,4.0905
002825,纳尔股份,上海,化工原料,主板,20161129,20260701,8.27,0.6083,31157957.05,2827848762.0,2122306117.0,28.27848762,21.22306117,0.86,20.065,1.7017
300543,朗科智能,深圳,元器件,创业板,20160908,20260701,7.36,2.0804,54403800.730000004,2254892768.0,1841463168.0,22.54892768,18.41463168,1.06,244.8803,1.5944
603519,立霸股份,江苏,家用电器,主板,20150319,20260701,15.93,4.1176,132674965.0,4242601854.0,4242601854.0,42.42601854,42.42601854,1.0,27.0911,3.3631
300573,兴齐眼药,辽宁,化学制药,创业板,20161208,20260701,42.66,4.6614,598131121.42,15243390648.0,11706019182.0,152.43390648,117.06019182,1.12,21.906,6.976
300428,立中集团,河北,汽车配件,创业板,20150319,20260701,17.82,-1.9802,138512814.82999998,12217064112.0,10634284583.999998,122.17064112,106.34284583999998,0.88,13.7909,1.3449
603601,再升科技,重庆,玻璃,主板,20150122,20260701,12.44,1.3029,1212388060.0,14210722040.0,14210722040.0,142.1072204,142.1072204,0.86,253.2303,5.2517
002835,同为股份,深圳,IT设备,主板,20161228,20260701,11.92,3.9233,56946361.0,2616367288.0,1517262232.0,26.16367288,15.17262232,1.92,18.775,2.0498
603858,步长制药,山东,中成药,主板,20161118,20260701,15.06,3.1507,107750554.0,15881800104.0,15881800104.0,158.81800104,158.81800104,1.22,44.0201,1.5539
603016,新宏泰,江苏,电气设备,主板,20160701,20260701,33.43,-0.9775,96650901.0,4952988800.0,4952988800.0,49.529888,49.529888,0.68,77.7772,5.8527
300450,先导智能,江苏,专用机械,创业板,20150518,20260701,39.96,-1.8664,2113355762.09,66901891140.0,62314199424.0,669.0189114,623.14199424,0.98,42.7822,3.7439
300502,新易盛,四川,通信设备,创业板,20160303,20260701,575.56,-5.1796,28256949371.2,802478386252.0,721892216192.0001,8024.78386252,7218.922161920002,0.84,84.1885,39.3783
300446,航天智造,河北,汽车配件,创业板,20150423,20260701,16.92,0.5348,324265480.2,14304338892.0,6320638584.0,143.04338892,63.20638584,0.66,16.2349,2.3643
300427,红相股份,福建,电气设备,创业板,20150217,20260701,6.72,0.149,136826186.0,3417256415.9999995,3380192928.0,34.17256415999999,33.80192928,0.96,,2.8433
300487,蓝晓科技,陕西,化工原料,创业板,20150702,20260701,70.62,20.0,1340227084.1000001,35955163134.0,21752330028.0,359.55163134,217.52330028,2.22,40.079,8.0742
300457,赢合科技,深圳,专用机械,创业板,20150514,20260701,21.44,1.7078,268931671.43,13832646336.0,13611102527.999998,138.32646336,136.11102527999998,0.96,25.7034,2.0098
300548,长芯博创,浙江,通信设备,创业板,20161012,20260701,254.0,-8.6331,4648524699.18,74880115162.0,69217820162.0,748.80115162,692.17820162,0.95,223.6222,35.8145
300451,创业慧康,浙江,软件服务,创业板,20150514,20260701,3.32,3.75,103671867.94,5143094004.0,5068623416.0,51.43094004,50.68623416,1.16,,1.3077
300561,汇金科技,广东,软件服务,创业板,20161117,20260701,16.94,19.9717,573093876.02,5558149520.000001,4083515744.0,55.581495200000006,40.83515744,1.28,,9.5787
300394,天孚通信,江苏,通信设备,创业板,20150217,20260701,285.0,-5.8412,16319002368.300001,310885153500.0,310190608500.0,3108.851535,3101.906085,1.05,154.1121,51.9886
300938,信测标准,深圳,电器仪表,创业板,20210127,20260701,52.57,5.3929,1011923755.41,17919115340.0,15552839757.0,179.1911534,155.52839757,0.83,91.2601,9.3396
300631,久吾高科,江苏,环境保护,创业板,20170323,20260701,23.95,3.9046,87313666.0,2994502030.0,2912442145.0,29.9450203,29.12442145,1.33,40.6449,2.2074
300540,蜀道装备,四川,专用机械,创业板,20160823,20260701,43.21,14.0106,1935346575.04,9834241678.0,8932682312.0,98.34241678,89.32682312,1.48,163.6828,8.5904
300558,贝达药业,浙江,化学制药,创业板,20161107,20260701,67.95,4.426,1965271574.44,28588868505.0,28497733964.999996,285.88868505,284.97733965,1.17,93.6329,4.2074
603416,信捷电气,江苏,电器仪表,主板,20161221,20260701,54.43,2.9506,169536087.0,8544187351.000001,7595494223.0,85.44187351000001,75.95494223,1.04,33.6165,3.1005
603633,徕木股份,上海,汽车配件,主板,20161117,20260701,7.05,3.5242,106097883.0,3009016140.0,3009016140.0,30.0901614,30.0901614,0.87,,1.7288
603505,金石资源,浙江,化工原料,主板,20170503,20260701,22.17,10.0248,1099889700.0,18659797296.0,18659797296.0,186.59797296,186.59797296,1.7,57.2803,9.8391
603708,家家悦,山东,超市连锁,主板,20161213,20260701,8.94,4.1958,35580279.0,5706747977.999999,5706747977.999999,57.06747977999999,57.06747977999999,1.15,28.436,2.373
603983,丸美生物,广东,日用化工,主板,20190725,20260701,29.13,3.5181,480292433.0,11681130000.0,11681130000.0,116.8113,116.8113,2.54,47.2463,3.4034
603203,快克智能,江苏,专用机械,主板,20161108,20260701,69.1,-10.0026,1773542164.0,22804699860.0,22381441630.0,228.0469986,223.8144163,1.09,164.7831,15.2149
300458,全志科技,广东,半导体,创业板,20150515,20260701,38.55,-2.3061,2615078038.35,38304717915.0,31387702980.0,383.04717915,313.8770298,0.84,146.1272,11.538
002839,张家港行,江苏,银行,主板,20170124,20260701,3.95,1.2821,70169583.44,9655162750.0,9645979395.0,96.5516275,96.45979395,0.92,4.8789,0.5051
300563,神宇股份,江苏,通信设备,创业板,20161114,20260701,29.73,4.72,434990899.59,5414963898.999999,3809819407.0,54.14963898999999,38.09819407,2.37,73.1865,4.6984
002833,弘亚数控,广东,专用机械,主板,20161228,20260701,19.03,-1.3478,328380756.69,8073140669.0,5485001676.0,80.73140669,54.85001676,1.28,18.7493,2.7022
300657,弘信电子,福建,元器件,创业板,20170523,20260701,43.97,-0.1136,2094752738.57,21199062632.0,20600116483.0,211.99062632,206.00116483,1.1,143.9881,14.9214
603585,苏利股份,江苏,农药化肥,主板,20161214,20260701,14.11,3.2187,59623973.0,2775193207.0,2729236937.0,27.75193207,27.29236937,1.31,14.4002,1.0611
002831,裕同科技,深圳,广告包装,主板,20161216,20260701,35.31,-0.703,685316289.17,45490971141.0,25219178820.000004,454.90971141,252.19178820000005,0.91,28.5684,3.6881
603990,麦迪科技,江苏,软件服务,主板,20161208,20260701,21.3,0.047,382674588.0,6501727020.000001,6501727020.000001,65.01727020000001,65.01727020000001,0.97,166.0369,7.7514
603668,天马科技,福建,饲料,主板,20170117,20260701,12.61,-0.3949,168952531.0,6378096790.999999,6378096790.999999,63.780967909999994,63.780967909999994,0.7,,3.0089
300587,天铁科技,浙江,橡胶,创业板,20170105,20260701,3.97,3.1169,148463254.63000003,5154127136.0,4178871625.0,51.54127136,41.78871625,0.84,,2.3003
300575,中旗股份,江苏,农药化肥,创业板,20161220,20260701,5.08,3.252,73523247.25,2431214340.0,1759181140.0,24.3121434,17.5918114,1.18,,1.2527
603833,欧派家居,广东,家居用品,主板,20170328,20260701,31.26,3.8193,124580387.0,19042119654.0,19042119654.0,190.42119654,190.42119654,1.05,9.5365,1.0293
300567,精测电子,湖北,电器仪表,创业板,20161122,20260701,303.62,-4.4018,3829222651.13,84936494790.0,68936599466.0,849.3649479,689.36599466,0.91,1035.549,20.3363
603086,先达股份,山东,农药化肥,主板,20170511,20260701,5.34,2.8902,54144042.0,2321901954.0,2321901954.0,23.21901954,23.21901954,1.32,16.9815,1.0936
603218,日月股份,浙江,电气设备,主板,20161228,20260701,10.25,0.2935,78723375.0,10555926625.0,10546599125.0,105.55926625,105.46599125,1.02,19.0766,1.012
603638,艾迪精密,山东,专用机械,主板,20170120,20260701,23.52,0.2985,296873033.0,20369549837.0,20369549837.0,203.69549837,203.69549837,0.95,51.742,5.5922
603579,荣泰健康,上海,家用电器,主板,20170111,20260701,17.5,3.1232,56498841.0,3518417000.0,3518417000.0,35.18417,35.18417,0.93,23.3468,1.2282
603538,美诺华,浙江,化学制药,主板,20170407,20260701,35.81,10.0154,493560073.0,8694875698.0,8617930751.0,86.94875698,86.17930751,0.63,85.0526,3.7643
603039,泛微网络,上海,软件服务,主板,20170113,20260701,36.13,0.1663,751760003.0,11115000683.0,11115000683.0,111.15000683,111.15000683,1.3,38.5013,4.1978
300619,金银河,广东,专用机械,创业板,20170301,20260701,31.66,1.7679,385307499.75,7161476170.0,6029089784.0,71.6147617,60.29089784,1.64,372.4487,4.5342
300571,平治信息,浙江,互联网,创业板,20161213,20260701,45.71,0.1095,715437989.8,6377838593.0,5285776412.0,63.77838593,52.85776412,0.68,,5.1677
002867,周大生,深圳,服饰,主板,20170427,20260701,11.55,3.5874,94318586.94,12537223544.999998,12463568040.0,125.37223544999998,124.6356804,1.33,11.3642,1.8505
603208,江山欧派,浙江,家居用品,主板,20170210,20260701,11.16,4.2991,57953043.0,1962810756.0,1962810756.0,19.62810756,19.62810756,1.73,,1.9363
603908,牧高笛,浙江,纺织,主板,20170307,20260701,17.53,3.8507,33996933.0,1632516310.0,1632516310.0,16.3251631,16.3251631,1.43,,3.3606
300987,川网传媒,四川,互联网,创业板,20210511,20260701,12.6,2.439,62831778.31,2184436800.0,2184436800.0,21.844368,21.844368,1.59,105.8942,2.7079
300576,容大感光,深圳,染料涂料,创业板,20161220,20260701,51.05,-0.3319,1648596251.04,20608292820.0,12970824840.0,206.0829282,129.7082484,0.92,174.4511,11.8389
000166,申万宏源,新疆,证券,主板,20150126,20260701,4.59,4.3182,866989538.24,114933345255.0,103437978507.0,1149.33345255,1034.37978507,1.19,12.0891,1.0026
603089,正裕工业,浙江,汽车配件,主板,20170126,20260701,8.59,2.8743,28975753.0,2368428787.0,2061886047.0,23.68428787,20.61886047,1.25,22.464,1.2547
002846,英联股份,广东,广告包装,主板,20170207,20260701,10.79,1.8886,70768800.0,4531732023.0,2807078924.0,45.31732023,28.07078924,1.09,128.405,3.1794
300592,华凯易佰,湖南,互联网,创业板,20170120,20260701,18.47,4.3503,517743113.76,7468556905.0,6443610429.999999,74.68556905,64.4361043,1.04,50.9069,3.1181
603817,海峡环保,福建,环境保护,主板,20170220,20260701,5.3,3.7182,67620490.0,3021445200.0,3021445200.0,30.214452,30.214452,1.21,14.2459,0.9241
300568,星源材质,深圳,化工原料,创业板,20161201,20260701,19.66,5.0214,2769299792.96,29396302406.0,23760326954.0,293.96302406,237.60326954,1.36,808.3065,3.0132
603955,大千生态,江苏,建筑工程,主板,20170310,20260701,19.69,1.7045,37194406.0,2672326800.0,2672326800.0,26.723268,26.723268,0.72,,1.8702
603960,克来机电,上海,汽车配件,主板,20170314,20260701,17.54,0.7467,122263713.0,4598951166.0,4598951166.0,45.98951166,45.98951166,0.76,166.7348,4.0849
002875,安奈儿,深圳,服饰,主板,20170601,20260701,15.17,2.0861,122679965.54,3231466373.0,2767584460.0,32.31466373,27.6758446,1.14,,5.2311
603178,圣龙股份,浙江,汽车配件,主板,20170328,20260701,14.15,2.1661,82102256.0,3345228385.0,3345228385.0,33.45228385,33.45228385,0.92,,2.9224
603787,新日股份,江苏,摩托车,主板,20170427,20260701,9.3,2.3102,27937693.0,2140337340.0,2140337340.0,21.4033734,21.4033734,1.08,42.2987,1.3863
603179,新泉股份,江苏,汽车配件,主板,20170317,20260701,49.88,0.4632,1184628363.0,35624231156.0,35624231156.0,356.24231156,356.24231156,0.89,43.7069,4.7127
300577,开润股份,安徽,纺织,创业板,20161221,20260701,15.07,3.1485,34101562.0,3614333041.0,2142423536.0,36.14333041,21.42423536,0.98,10.9167,1.6507
603536,惠发食品,山东,食品,主板,20170613,20260701,8.08,3.7227,42496558.0,1958436702.0,1943500661.0,19.58436702,19.43500661,1.27,,5.5947
300583,赛托生物,山东,化学制药,创业板,20170106,20260701,11.72,4.3633,54875630.2,2223308612.0,2181665108.0,22.23308612,21.81665108,1.24,,1.2591
002882,金龙羽,深圳,电气设备,主板,20170717,20260701,18.93,0.2118,78838823.0,8194798893.0,4671594618.0,81.94798893,46.71594618,0.89,76.5909,3.8599
002868,绿康生化,福建,农业综合,主板,20170503,20260701,24.3,10.0045,78142766.5,3776603939.9999995,2600160750.0,37.7660394,26.0016075,1.36,,54.327
300429,强力新材,江苏,化工原料,创业板,20150324,20260701,17.72,0.0,916175680.1,9571952459.0,7132689273.0,95.71952459,71.32689273,0.95,,5.7577
002733,雄韬股份,深圳,电气设备,主板,20141203,20260701,28.5,-8.0052,1072895669.3100001,10950127500.0,10512589800.0,109.501275,105.125898,1.15,137.3792,4.029
603998,方盛制药,湖南,中成药,主板,20141205,20260701,9.2,1.8826,87930894.0,4039548880.0,4039548880.0,40.3954888,40.3954888,1.5,13.1845,2.3296
601882,海天精工,浙江,机床制造,主板,20161107,20260701,20.13,-0.4943,201171924.0,10507860000.0,10507860000.0,105.0786,105.0786,1.45,24.4945,3.4338
601512,中新集团,江苏,园区开发,主板,20191220,20260701,7.94,1.7949,19922844.0,11901186600.0,11901186600.0,119.011866,119.011866,0.88,11.27,0.7716
601069,西部黄金,新疆,黄金,主板,20150122,20260701,22.32,1.4545,312911636.0,20333499912.0,19802045088.0,203.33499912,198.02045088,0.98,43.0832,3.8681
300479,神思电子,山东,软件服务,创业板,20150612,20260701,13.7,1.1817,63928966.699999996,2699460330.0,2697919080.0,26.9946033,26.9791908,1.03,160.7936,5.1109
300424,航新科技,广东,航空,创业板,20150422,20260701,15.85,0.6989,174845071.23999998,3890159015.0,3887856010.0000005,38.90159015,38.8785601,0.88,,5.5159
300465,高伟达,北京,软件服务,创业板,20150528,20260701,11.68,6.8618,375065068.62,5182992992.0,5182992992.0,51.82992992,51.82992992,1.28,180.6181,7.7552
601811,新华文轩,四川,出版业,主板,20160808,20260701,11.1,1.4625,17018332.0,13695635100.0,8790133290.0,136.956351,87.9013329,0.75,8.732,0.8804
002763,汇洁股份,深圳,服饰,主板,20150610,20260701,6.94,2.2091,58705058.0,2844872560.0,2107082548.0,28.4487256,21.07082548,1.1,51.8981,1.5054
300480,光力科技,河南,专用机械,创业板,20150702,20260701,44.85,5.0843,2047962724.42,16604483610.0,12116761214.999998,166.0448361,121.16761214999998,1.14,412.2088,9.7939
300486,东杰智能,山西,专用机械,创业板,20150630,20260701,21.76,1.9204,374865608.1,10382760064.0,10379639680.0,103.82760064,103.7963968,1.19,538.6416,6.109
300490,华自科技,湖南,专用机械,创业板,20151231,20260701,13.46,1.7385,239385756.92000002,5366107622.0,5293179996.0,53.66107622,52.93179996,1.11,,2.4109
603012,创力集团,上海,专用机械,主板,20150320,20260701,8.1,-1.2195,148915504.0,5236650000.0,5236650000.0,52.3665,52.3665,0.78,49.3853,1.363
300432,富临精工,四川,汽车配件,创业板,20150319,20260701,19.73,-1.7919,861347404.06,33733568746.000004,33357459702.0,337.33568746000003,333.57459702,0.81,78.8979,6.8825
300535,达威股份,四川,化工原料,创业板,20160812,20260701,14.09,3.3749,35817889.51,1507909870.0,1143559138.0,15.0790987,11.43559138,0.97,42.1053,1.5759
002787,华源控股,江苏,广告包装,主板,20151231,20260701,33.8,4.9689,896072432.4000001,11235076060.0,8385212160.0,112.3507606,83.8521216,0.97,99.008,6.0794
002789,*ST建艺,深圳,装修装饰,主板,20160311,20260701,12.0,3.8961,36700538.0,1915482000.0,1877676000.0,19.15482,18.77676,0.79,,12.5969
300664,鹏鹞环保,江苏,环境保护,创业板,20180105,20260701,4.38,3.3019,72558105.63000001,3312402594.0,3176287962.0,33.12402594,31.76287962,1.93,19.4429,0.7583
002795,永和智控,浙江,机械基件,主板,20160428,20260701,7.24,8.2212,261615372.81,3197816776.0,3145265236.0,31.97816776,31.45265236,1.98,,7.1701
600936,北投科技,广西,软件服务,主板,20160815,20260701,4.42,2.7907,173749831.0,7385935804.0,7385935804.0,73.85935804,73.85935804,0.93,,7.4298
002758,浙农股份,浙江,批发业,主板,20150527,20260701,7.99,1.1392,37983224.5,4145231966.9999995,4140799930.0,41.452319669999994,41.4079993,0.97,7.6025,0.7977
603589,口子窖,安徽,白酒,主板,20150629,20260701,19.22,2.8908,119911830.0,11495856790.0,11495856790.0,114.9585679,114.9585679,1.06,17.0732,1.0713
601366,利群股份,山东,百货,主板,20170412,20260701,3.36,4.0248,41750343.0,3224730096.0,3224730096.0,32.24730096,32.24730096,1.37,,0.7379
300506,名家汇,深圳,建筑工程,创业板,20160324,20260701,6.46,-0.6154,306646335.5,9209354036.0,4746139390.0,92.09354036,47.4613939,0.67,,6.7391
603315,福鞍股份,辽宁,环境保护,主板,20150424,20260701,14.99,0.0668,181076415.0,4802290837.0,4802290837.0,48.02290837,48.02290837,0.96,100.7707,2.7618
603600,永艺股份,浙江,家居用品,主板,20150123,20260701,9.17,3.3822,76323391.0,3030071527.0,2751348460.0,30.30071527,27.5134846,1.66,13.0171,1.2906
002923,润都股份,广东,化学制药,主板,20180105,20260701,10.41,10.0423,110032545.75999999,3486239253.0,2686662768.0,34.86239253,26.86662768,1.41,,3.3076
603108,润达医疗,上海,医药商业,主板,20150527,20260701,9.38,5.3933,216694642.0,5671183644.0,5671183644.0,56.71183644,56.71183644,1.22,,1.5422
300447,全信股份,江苏,电气设备,创业板,20150422,20260701,14.9,-0.2009,88475879.9,4653424960.0,3001646720.0,46.5342496,30.0164672,0.83,156.9192,2.3163
300364,中文在线,北京,出版业,创业板,20150121,20260701,23.91,1.3565,864513833.49,17418437391.0,15790773705.0,174.18437391,157.90773705,1.12,,68.9985
603198,迎驾贡酒,安徽,白酒,主板,20150528,20260701,30.24,2.1622,185610321.0,24192000000.0,24192000000.0,241.92,241.92,0.93,12.1834,2.1092
601086,国芳集团,甘肃,百货,主板,20170929,20260701,6.83,3.0166,54583624.0,4548780000.0,4548780000.0,45.4878,45.4878,0.98,64.7234,2.7912
603958,哈森股份,江苏,服饰,主板,20160629,20260701,17.99,6.1983,139347881.0,3946286400.0,3946286400.0,39.462864,39.462864,1.65,,6.0609
002803,吉宏股份,福建,互联网,主板,20160712,20260701,26.59,2.9025,385280576.34999996,11926819527.0,7912232078.0,119.26819527,79.12232078,0.75,43.0832,4.3072
603169,兰石重装,甘肃,专用机械,主板,20141009,20260701,7.03,-0.7062,186829220.0,9183231354.0,9183231354.0,91.83231354,91.83231354,1.29,,3.4535
300482,万孚生物,广东,医疗保健,创业板,20150630,20260701,17.17,3.3715,224979133.8,8037082979.0,7384365429.0,80.37082979,73.84365429,0.79,,1.4857
601127,赛力斯,重庆,汽车整车,主板,20160615,20260701,61.15,-0.1633,1521663537.0,106522388864.99998,95222987910.0,1065.22388865,952.2298791,0.92,17.8825,2.5786
300586,美联新材,广东,化工原料,创业板,20170104,20260701,16.56,5.8824,1018685166.64,11777748552.000002,8852918040.0,117.77748552000001,88.5291804,1.03,,6.3847
002829,星网宇达,北京,航空,主板,20161213,20260701,17.78,1.2528,106791855.6,3694851132.0,2596813450.0,36.94851132,25.9681345,0.9,,2.3864
603029,天鹅股份,山东,农用机械,主板,20160427,20260701,14.51,3.2006,37750196.0,1760672420.0,1760672420.0,17.6067242,17.6067242,1.0,23.5918,1.8348
002812,恩捷股份,云南,电气设备,主板,20160914,20260701,65.44,-2.197,2000725021.58,64270711536.0,53834680624.0,642.70711536,538.34680624,1.1,450.8696,2.5125
603639,海利尔,山东,农药化肥,主板,20170112,20260701,10.25,3.3266,21529175.0,3583894050.0000005,3483752575.0,35.83894050000001,34.83752575,1.7,19.6963,1.0201
300422,博世科,广西,环境保护,创业板,20150217,20260701,4.33,2.8504,60771890.04,2311702132.0,2237259040.0,23.11702132,22.3725904,1.08,,3.4867
300509,新美星,江苏,专用机械,创业板,20160425,20260701,8.56,2.148,55412737.06,2537184000.0,2115205960.0,25.37184,21.1520596,1.16,20.5418,3.7025
603869,ST智知,广西,软件服务,主板,20150326,20260701,8.1,4.9223,17239011.0,4002344460.0,4002344460.0,40.0234446,40.0234446,1.04,108.3369,1.0679
300412,迦南科技,浙江,医疗保健,创业板,20141231,20260701,4.72,3.5088,151605948.4,2349411152.0,2208306752.0,23.49411152,22.08306752,0.62,79.2599,2.2536
300531,优博讯,深圳,IT设备,创业板,20160809,20260701,15.37,1.4521,143227000.0,4934982693.0,4789419571.0,49.34982693,47.89419571,0.68,59.1594,3.4308
603598,引力传媒,北京,互联网,主板,20150527,20260701,17.5,2.0408,193376723.0,4719450750.0,4714200750.0,47.1945075,47.1420075,1.08,275.5906,21.1195
002816,*ST和科,深圳,专用机械,主板,20161025,20260701,29.55,-1.7293,138328794.0,2955000000.0,2955000000.0,29.55,29.55,1.26,166.9308,12.4035
603067,振华股份,湖北,化工原料,主板,20160913,20260701,49.5,6.9345,3408397767.0,37398507300.0,37398507300.0,373.985073,373.985073,1.56,56.7473,9.7087
300426,华智数媒,浙江,影视音像,创业板,20150217,20260701,5.26,3.9526,80075614.0,2369013528.0,2104000000.0,23.69013528,21.04,1.05,,25.488
300488,恒锋工具,浙江,机械基件,创业板,20150701,20260701,47.82,2.114,600059029.5300001,9144178656.0,7758957588.0,91.44178656,77.58957588,1.04,53.9661,4.1793
603778,国晟科技,北京,电气设备,主板,20151231,20260701,11.72,-4.7154,736717399.0,7735693412.0,7534285212.0,77.35693412,75.34285212,0.89,,27.4034
603398,*ST沐邦,江西,电气设备,主板,20151209,20260701,14.59,-0.4775,61241197.0,6326829485.000001,6326829485.000001,63.26829485000001,63.26829485000001,0.73,,88.4484
603628,清源股份,福建,电气设备,主板,20170112,20260701,9.53,1.383,38692119.0,2602689697.0,2593801066.0,26.02689697,25.93801066,1.01,45.316,1.9858
300459,汤姆猫,浙江,互联网,创业板,20150515,20260701,3.45,1.7699,325535782.46000004,12129547950.0,11340811020.0,121.2954795,113.4081102,1.16,,16.4773
300560,中富通,福建,通信设备,创业板,20161101,20260701,21.84,14.6457,744764996.5999999,5017600224.0,4083311231.9999995,50.17600224,40.83311232,1.78,,5.6461
300847,中船汉光,河北,化工原料,创业板,20200709,20260701,13.23,2.2411,35730734.5,3916212300.0,3916212300.0,39.162123,39.162123,1.05,34.2285,2.5783
601858,中国科传,北京,出版业,主板,20170118,20260701,17.72,2.3686,203522588.0,14007660000.0,14007660000.0,140.0766,140.0766,1.61,28.9463,2.4546
603239,浙江仙通,浙江,汽车配件,主板,20161230,20260701,14.65,-1.0804,89230654.0,3966048000.0,3966048000.0,39.66048,39.66048,0.89,17.8727,2.8821
603098,森特股份,北京,装修装饰,主板,20161216,20260701,10.53,-0.1896,43669094.0,5683041000.0,5673564000.0,56.83041,56.73564,0.75,55.131,1.9887
002865,钧达股份,海南,电气设备,主板,20170425,20260701,60.22,0.9048,918507296.46,18744441651.0,13460877719.0,187.44441651,134.60877719,1.15,,4.6527
300408,三环集团,广东,元器件,创业板,20141203,20260701,170.46,2.133,12719708264.5,326686129758.0,318726772794.0,3266.86129758,3187.26772794,0.93,124.7663,14.5863
603323,苏农银行,江苏,银行,主板,20161129,20260701,3.93,1.5504,75703672.0,8726154708.0,8726154708.0,87.26154708,87.26154708,0.72,4.2707,0.4506
002807,江阴银行,江苏,银行,主板,20160902,20260701,3.78,1.8868,83260240.56,10234470960.0,10219339620.0,102.3447096,102.1933962,0.94,4.9937,0.5128
601128,常熟银行,江苏,银行,主板,20160930,20260701,5.84,0.3436,177605027.0,21305365944.0,21305365944.0,213.05365944,213.05365944,0.7,5.0494,0.665
601838,成都银行,四川,银行,主板,20180131,20260701,17.87,0.9605,318776242.0,75740840598.0,75740840598.0,757.40840598,757.40840598,0.84,5.7019,0.8234
300582,英飞特,浙江,元器件,创业板,20161228,20260701,12.14,-0.3284,112484306.0,3624233110.0,2689794244.0,36.2423311,26.89794244,0.86,,4.1222
300557,理工光科,湖北,电器仪表,创业板,20161101,20260701,36.49,5.9832,437867474.63,5733611666.999999,5705091083.0,57.33611666999999,57.05091083,1.2,123.3442,5.6562
603336,宏辉果蔬,广东,农业综合,主板,20161124,20260701,8.2,3.5354,254500579.0,4991494980.0,4991494980.0,49.9149498,49.9149498,1.32,280.217,3.4737
300624,万兴科技,西藏,软件服务,创业板,20180118,20260701,52.29,0.8097,402919913.78000003,10109555127.0,8953784028.0,101.09555127,89.53784028,1.0,,10.352
300562,乐心医疗,广东,医疗保健,创业板,20161116,20260701,14.4,6.5877,297249895.57,3148037107.0,2346574075.0,31.48037107,23.46574075,1.49,38.3911,2.9639
603966,法兰泰克,江苏,专用机械,主板,20170125,20260701,8.26,1.3497,105846479.0,4298461874.0,4292698045.9999995,42.98461874,42.926980459999996,1.3,18.3211,2.0256
300504,天邑股份,四川,通信设备,创业板,20180330,20260701,15.86,-1.6739,163292409.34,4298448570.0,3461468790.0,42.9844857,34.6146879,0.85,,2.0509
002837,英维克,深圳,专用机械,主板,20161229,20260701,74.73,-6.0709,4855278029.45,95232145607.99998,84479133813.0,952.3214560799998,844.79133813,0.76,182.4669,27.5096
300686,智动力,深圳,元器件,创业板,20170804,20260701,17.29,-3.9978,187739599.0,4506192418.0,2934180431.0,45.06192418,29.34180431,0.94,,5.9614
300566,激智科技,浙江,元器件,创业板,20161115,20260701,42.24,14.3166,1978254145.61,11071298304.0,9574980096.0,110.71298304,95.74980096,1.39,54.3557,4.9715
603877,太平鸟,浙江,服饰,主板,20170109,20260701,12.21,3.2122,28532200.0,5751835518.0,5730441156.0,57.51835518,57.30441156,1.09,33.0052,1.261
300615,欣天科技,深圳,通信设备,创业板,20170215,20260701,10.3,2.6919,59051696.300000004,1987788760.0,1576799190.0,19.8778876,15.7679919,0.96,,4.2181
603677,奇精机械,浙江,家用电器,主板,20170206,20260701,12.92,0.5447,31885266.0,2488403628.0,2488403628.0,24.88403628,24.88403628,1.14,51.5922,2.1366
603177,德创环保,浙江,环境保护,主板,20170207,20260701,8.49,2.6602,61443701.0,1733590080.0,1733590080.0,17.3359008,17.3359008,0.52,,5.3684
300682,朗新科技,江苏,软件服务,创业板,20170801,20260701,10.08,1.8182,199049732.35999998,10868616864.0,10395748944.0,108.68616864,103.95748944,1.01,103.549,1.6159
002850,科达利,深圳,电气设备,主板,20170302,20260701,192.3,1.5848,1241482456.46,55056836100.0,40312945110.0,550.568361,403.1294511,1.07,31.2108,4.0271
002861,瀛通通讯,湖北,元器件,主板,20170413,20260701,23.57,5.7899,202479092.6,4390713880.0,3539464474.0,43.9071388,35.39464474,0.96,,4.2504
300606,金太阳,广东,机械基件,创业板,20170208,20260701,44.47,4.4878,538032397.75,6152326666.0,5232985015.0,61.52326666,52.32985015,1.31,308.9458,8.9637
300580,贝斯特,江苏,汽车配件,创业板,20170111,20260701,20.67,2.7847,324109038.72,10383012276.0,9768486975.0,103.83012276,97.68486975,0.83,37.348,3.0903
300598,诚迈科技,江苏,软件服务,创业板,20170120,20260701,28.9,1.7606,150628826.66,6270774020.0,6269016899.999999,62.7077402,62.69016899999999,1.07,,4.4399
603839,安正时尚,浙江,服饰,主板,20170214,20260701,5.95,3.1196,29481522.0,2302746390.0,2302746390.0,23.0274639,23.0274639,1.18,,1.3693
603665,康隆达,浙江,服饰,主板,20170313,20260701,26.15,2.1086,74589762.0,4188385355.0,4188385355.0,41.88385355,41.88385355,1.0,52.6577,6.311
300581,晨曦航空,陕西,航空,创业板,20161220,20260701,11.5,2.3132,279759801.90999997,6326259250.0,6326259250.0,63.2625925,63.2625925,1.29,,6.9094
300678,中科信息,四川,软件服务,创业板,20170728,20260701,22.72,1.4286,136033161.0,6733896736.0,6616000384.0,67.33896736,66.16000384,0.92,470.5146,7.8241
603337,杰克科技,浙江,纺织机械,主板,20170119,20260701,35.95,-0.7728,169054977.0,17127000615.0,17030431725.000002,171.27000615,170.30431725000003,1.11,20.0096,3.1875
603238,诺邦股份,浙江,纺织,主板,20170222,20260701,11.4,3.6364,43724731.0,2023602600.0,2023602600.0,20.236026,20.236026,1.09,17.2491,1.353
603378,*ST亚士,上海,染料涂料,主板,20170928,20260701,5.06,4.9793,50407662.0,2168698796.0,2168698796.0,21.68698796,21.68698796,0.93,,
603330,天洋新材,上海,塑料,主板,20170213,20260701,8.51,9.9483,304022450.0,3682052336.0,3461129332.0000005,36.82052336,34.61129332,1.03,,2.8253
600996,贵广网络,贵州,影视音像,主板,20161226,20260701,6.76,-2.5937,260253946.0,8428367324.0,8428367324.0,84.28367324,84.28367324,0.99,,5.3717
603991,领先股份,深圳,半导体,主板,20170308,20260701,155.27,10.0035,2103298657.0000002,23711235118.999996,13902332355.0,237.11235118999997,139.02332355,2.08,,6.7454
603385,惠达卫浴,河北,家居用品,主板,20170405,20260701,5.04,3.2787,31666377.0,1918551600.0,1918551600.0,19.185516,19.185516,1.26,,0.5453
002774,快意电梯,广东,运输设备,主板,20170324,20260701,14.51,2.1112,145352767.0,4885341429.0,4088456582.0,48.85341429,40.88456582,0.85,68.1471,4.0236
601952,苏垦农发,江苏,种植业,主板,20170515,20260701,7.67,2.4032,68312676.0,10569260000.0,10569260000.0,105.6926,105.6926,1.09,19.292,1.4925
603920,世运电路,广东,元器件,主板,20170426,20260701,45.98,-4.2881,1290995894.0,33132833953.999996,33132833953.999996,331.32833953999994,331.32833953999994,0.96,48.4428,5.0886
603096,新经典,天津,出版业,主板,20170425,20260701,13.72,2.5411,32203616.0,2116098712.0,2116098712.0,21.16098712,21.16098712,1.22,27.4806,1.1233
603803,瑞斯康达,北京,通信设备,主板,20170420,20260701,11.57,-1.448,177366757.0,4915903252.0,4915903252.0,49.15903252,49.15903252,0.82,,3.1993
002862,实丰文化,广东,文教休闲,主板,20170411,20260701,13.03,1.5588,52749234.1,2208454700.0,1675364825.0000002,22.084547,16.75364825,1.07,,7.5845
603758,秦安股份,重庆,汽车配件,主板,20170517,20260701,9.83,9.9553,63683104.0,4313374510.0,4313374510.0,43.1337451,43.1337451,1.49,28.8681,1.6626
603050,科林电气,河北,电气设备,主板,20170414,20260701,20.18,3.1697,187577923.0,8138981456.0,8138981456.0,81.38981456,81.38981456,1.33,31.5494,4.2412
603906,龙蟠科技,江苏,电气设备,主板,20170410,20260701,28.19,6.2571,1506315417.0,22301444461.0,15870871335.0,223.01444461,158.70871335,1.0,,7.3273
603180,金牌家居,福建,家居用品,主板,20170512,20260701,14.16,3.207,14185207.0,2184280536.0,2184280536.0,21.84280536,21.84280536,0.98,99.8259,0.8095
603041,美思德,江苏,化工原料,主板,20170330,20260701,10.52,1.4465,28356050.0,1926713804.0,1926713804.0,19.26713804,19.26713804,0.88,33.9972,1.2601
603269,海鸥股份,江苏,机械基件,主板,20170517,20260701,16.4,-0.425,469853169.0,7083906200.0,7083906200.0,70.839062,70.839062,1.28,61.2372,6.8628
603058,永吉股份,贵州,广告包装,主板,20161223,20260701,9.06,4.0184,67845374.0,3757069656.0,3756797856.0,37.57069656,37.56797856,1.2,45.6951,3.1753
002870,香山股份,广东,汽车配件,主板,20170515,20260701,40.13,4.1256,256320385.45,5300197841.000001,5175229008.0,53.00197841000001,51.75229008,2.02,55.8318,3.2391
300589,江龙船艇,广东,船舶,创业板,20170113,20260701,12.05,2.1186,135307502.18,4550899400.0,2824864630.0,45.508994,28.2486463,1.05,,6.5498
300945,曼卡龙,浙江,服饰,创业板,20210210,20260701,10.97,1.2927,67312704.0,2874926549.0,2615251291.0,28.74926549,26.15251291,0.95,25.092,1.6572
603139,康惠股份,陕西,中成药,主板,20170421,20260701,43.3,2.8259,182059063.0,4324804000.0,4324804000.0,43.24804,43.24804,0.55,,7.9238
002876,三利谱,深圳,元器件,主板,20170525,20260701,33.95,-3.5785,494527168.45,5903392354.999999,5056567320.0,59.03392354999999,50.5656732,0.84,125.3723,2.4406
603717,天域生物,重庆,农业综合,主板,20170327,20260701,6.05,4.4905,253960268.0,1755384510.0,1755384510.0,17.5538451,17.5538451,1.71,,4.5897
300675,建科院,深圳,建筑工程,创业板,20170719,20260701,12.12,2.2785,32553171.0,1777600404.0,1777600404.0,17.77600404,17.77600404,0.94,,3.6134
300602,飞荣达,深圳,元器件,创业板,20170126,20260701,48.28,-5.7031,1581547274.93,28092369780.0,19090100292.0,280.9236978,190.90100292,0.98,77.0582,6.7694
300639,凯普生物,广东,医疗保健,创业板,20170412,20260701,5.17,4.0241,74183496.02000001,3342408619.0,3283799948.0,33.42408619,32.83799948,1.22,,0.8782
002877,智能自控,江苏,机械基件,主板,20170605,20260701,7.18,1.9886,43115140.800000004,2554957766.0,1726895546.0,25.54957766,17.26895546,1.0,109.9342,2.1057
605303,园林股份,浙江,建筑工程,主板,20210301,20260701,22.85,0.0,191124945.0,3684274589.9999995,3684274589.9999995,36.8427459,36.8427459,1.09,,4.3541
001332,锡装股份,江苏,专用机械,主板,20220920,20260701,37.31,-4.9911,146676307.73999998,5771334660.0,2507414819.0,57.7133466,25.07414819,1.47,25.3911,2.1707
603587,地素时尚,上海,服饰,主板,20180622,20260701,11.33,1.9802,17861767.0,5355722724.0,5355722724.0,53.55722724,53.55722724,0.99,20.5654,1.4346
603985,恒润股份,江苏,电气设备,主板,20170505,20260701,25.16,4.746,744790172.0,11091987279.999998,11091987279.999998,110.91987279999998,110.91987279999998,1.94,132.8667,3.3204
603938,三孚股份,河北,化工原料,主板,20170628,20260701,73.81,3.0147,2510978060.0,28241514345.0,28241514345.0,282.41514345,282.41514345,0.75,351.7044,11.1174
603711,香飘飘,浙江,软饮料,主板,20171130,20260701,11.55,3.9604,48883585.0,4768695855.0,4768695855.0,47.68695855,47.68695855,1.16,50.0695,1.3319
603079,圣达生物,浙江,食品,主板,20170823,20260701,11.75,4.7237,61946828.0,2221097800.0,2221097800.0,22.210978,22.210978,1.48,35.7344,1.3898
300708,聚灿光电,江苏,半导体,创业板,20171016,20260701,8.45,-1.5152,312573004.22,7933833440.0,5999620834.999999,79.3383344,59.99620834999999,1.0,38.698,2.7374
300627,华测导航,上海,通信设备,创业板,20170321,20260701,28.57,0.5986,281525029.69,22642304970.999996,18744391305.0,226.42304970999996,187.44391305,0.68,33.0342,5.1825
300908,仲景食品,河南,食品,创业板,20201123,20260701,23.07,4.6733,57785558.82,3368220000.0,2846918745.0,33.6822,28.46918745,1.94,17.5613,1.8187
300636,同和药业,江西,化学制药,创业板,20170331,20260701,6.69,5.0235,46124974.55,2809475535.0,2457623013.0,28.09475535,24.57623013,0.96,38.4378,1.1785
300700,岱勒新材,湖南,矿物制品,创业板,20170912,20260701,19.98,-6.109,340270389.59,7932635424.0,5406793794.0,79.32635424,54.06793794,1.12,,10.2828
601155,新城控股,江苏,区域地产,主板,20151204,20260701,10.38,1.1696,186661129.0,23413365702.0,23413365702.0,234.13365702,234.13365702,1.03,34.426,0.3782
300652,雷迪克,浙江,汽车配件,创业板,20170516,20260701,33.59,0.2387,110035408.1,4480586895.0,4021324261.0,44.80586895,40.21324261,1.0,31.7261,2.8965
300648,星云股份,福建,电气设备,创业板,20170425,20260701,42.42,-1.851,86563380.0,7393016988.0,5628578297.999999,73.93016988,56.28578297999999,0.71,,6.3711
301153,中科江南,北京,软件服务,创业板,20220518,20260701,16.58,1.7802,84672505.89,5896917410.0,5500453134.0,58.9691741,55.00453134,1.0,58.4607,3.1733
603289,泰瑞机器,浙江,专用机械,主板,20171031,20260701,8.18,1.3631,39207212.0,2399991550.0,2399991550.0,23.9999155,23.9999155,0.97,26.3922,1.6137
300643,万通智控,浙江,汽车配件,创业板,20170505,20260701,17.37,-2.9067,124360834.0,4016875032.0,4007710620.0,40.16875032,40.0771062,0.93,25.4335,3.0579
300837,浙矿股份,浙江,专用机械,创业板,20200605,20260701,23.91,0.6313,52421017.800000004,2391133896.0,1807431021.0,23.91133896,18.07431021,1.34,31.3411,1.6937
300653,正海生物,山东,医疗保健,创业板,20170516,20260701,14.72,2.507,37601570.98,2649600000.0,2649600000.0,26.496,26.496,0.69,32.1514,2.9302
002883,*ST中设,江苏,建筑工程,主板,20170620,20260701,8.55,5.0369,16105064.0,1335143205.0,1310851800.0,13.35143205,13.108518,1.06,,2.8507
300963,中洲特材,上海,小金属,创业板,20210409,20260701,13.4,-0.2234,195151790.14999998,6145776000.0,3729746620.0,61.45776,37.2974662,1.02,113.7723,5.4735
603648,畅联股份,上海,仓储物流,主板,20170913,20260701,8.88,3.4965,42200349.0,3218225664.0,3218225664.0,32.18225664,32.18225664,0.82,26.1231,1.6989
603683,晶华新材,上海,化工原料,主板,20171020,20260701,29.17,-5.3537,425499917.0,8494435265.0,8407351147.0,84.94435265,84.07351147,1.17,95.0959,5.023
300604,长川科技,浙江,半导体,创业板,20170417,20260701,333.67,-2.2699,11190942175.300001,211686458933.0,163321933716.0,2116.86458933,1633.21933716,0.94,158.9974,41.5629
300642,透景生命,上海,医疗保健,创业板,20170421,20260701,12.59,6.6949,83150210.60000001,2043008256.9999998,1733713504.0,20.430082569999996,17.33713504,1.78,569.4147,1.438
300703,创源股份,浙江,文教休闲,创业板,20170919,20260701,13.01,1.8794,99265314.0,2346898619.0,2163205225.0,23.46898619,21.63205225,1.32,38.6435,3.0371
001979,招商蛇口,深圳,全国地产,主板,20151230,20260701,6.57,2.1773,516670271.95000005,59235330897.0,55277243595.0,592.35330897,552.77243595,0.93,57.8592,0.6071
603326,我乐家居,江苏,家居用品,主板,20170616,20260701,6.34,2.9221,25756086.0,2023581546.0,2023581546.0,20.23581546,20.23581546,1.21,11.605,1.6975
603260,合盛硅业,浙江,化工原料,主板,20171030,20260701,47.19,-2.2172,1227326422.0,55788343611.0,55788343611.0,557.88343611,557.88343611,0.87,,1.8962
002890,弘宇股份,山东,农用机械,主板,20170802,20260701,14.93,4.4787,45486275.77,2536236736.0,2410847131.0,25.36236736,24.10847131,0.8,245.028,4.1879
603617,君禾股份,浙江,机械基件,主板,20170703,20260701,7.13,0.1404,48166805.0,2779354569.0,2757358519.0,27.79354569,27.57358519,0.59,55.0366,1.7839
002826,易明医药,西藏,化学制药,主板,20161209,20260701,16.53,9.98,128213048.0,3151902381.0,3053575329.0,31.51902381,30.53575329,1.84,34.0449,3.7611
300656,民德电子,深圳,IT设备,创业板,20170519,20260701,36.97,-2.9404,476728107.88,6326494947.0,4913235363.0,63.26494947,49.13235363,1.15,,7.36
603801,志邦家居,安徽,家居用品,主板,20170630,20260701,5.62,3.4991,27590483.0,2441055430.0,2441055430.0,24.4105543,24.4105543,0.86,11.9244,0.7749
300888,稳健医疗,深圳,医疗保健,创业板,20200917,20260701,28.53,1.9293,105633778.53,16632162630.0,16557699330.0,166.3216263,165.5769933,0.8,21.6574,1.4156
002885,京泉华,深圳,元器件,主板,20170627,20260701,39.88,-2.3984,1520504074.78,10804165972.0,9461761304.0,108.04165972,94.61761304,1.49,128.2973,7.0031
603707,健友股份,江苏,生物制药,主板,20170719,20260701,7.29,3.1117,133563992.99999999,11778095790.0,11778095790.0,117.7809579,117.7809579,1.29,20.2534,1.6965
300706,阿石创,福建,元器件,创业板,20170926,20260701,88.46,2.4435,2522010937.37,13581821098.0,10069446030.0,135.81821098,100.6944603,0.94,,19.6891
603922,ST金鸿顺,江苏,汽车配件,主板,20171023,20260701,12.85,-5.0259,75210067.0,2302720000.0,2302720000.0,23.0272,23.0272,5.24,,2.4749
603595,ST东尼,浙江,元器件,主板,20170712,20260701,35.04,5.0045,65167799.0,8144778192.0,8144778192.0,81.44778192,81.44778192,0.54,,5.3568
300688,创业黑马,北京,文教休闲,创业板,20170810,20260701,27.43,1.2177,255719189.25,4591219685.0,4070022255.0,45.91219685,40.70022255,1.43,,12.5236
300677,英科医疗,山东,医疗保健,创业板,20170721,20260701,39.75,1.4807,454912400.34,26026443675.0,18508124700.0,260.26443675,185.081247,0.81,25.7509,1.4261
600901,江苏金租,江苏,多元金融,主板,20180301,20260701,6.0,4.3478,258926550.0,34751198400.0,34742714400.0,347.511984,347.427144,1.42,10.7239,1.3436
603605,珀莱雅,浙江,日用化工,主板,20171115,20260701,60.24,0.534,281758333.0,23853594240.0,23853594240.0,238.5359424,238.5359424,0.77,15.9263,3.7533
603557,*ST起步,浙江,服饰,主板,20170818,20260701,4.0,4.9869,29654236.0,2493747600.0,2493747600.0,24.937476,24.937476,1.12,,44.5632
603363,傲农生物,福建,饲料,主板,20170926,20260701,2.95,10.0746,195180655.0,8056632605.0,6332439615.0,80.56632605,63.32439615,1.94,103.7937,2.6008
300687,赛意信息,广东,软件服务,创业板,20170803,20260701,30.03,-3.129,1108847612.93,12264600348.0,9817131324.0,122.64600348,98.17131324,0.95,,4.5819
603076,乐惠国际,浙江,专用机械,主板,20171113,20260701,22.13,6.805,123247653.0,2671119769.0,2671119769.0,26.71119769,26.71119769,1.81,100.9835,2.0674
300679,电连技术,深圳,元器件,创业板,20170731,20260701,60.65,1.1002,1428447422.26,25765333000.0,21800117574.0,257.65333,218.00117574,0.89,95.564,5.1494
603083,剑桥科技,上海,通信设备,主板,20171110,20260701,242.7,-4.775,5096248596.0,89374365527.0,66885298127.0,893.74365527,668.85298127,0.76,339.2007,11.8179
605151,西上海,上海,汽车配件,主板,20201215,20260701,18.03,2.385,62657195.0,2426012226.0,2426012226.0,24.26012226,24.26012226,0.74,,1.762
603680,今创集团,江苏,运输设备,主板,20180227,20260701,10.29,4.893,79446020.0,8064466452.0,8064466452.0,80.64466452,80.64466452,1.62,13.8578,1.3729
003020,立方制药,安徽,化学制药,主板,20201215,20260701,16.16,9.1155,122559418.08,3688014192.0,2723740528.0,36.88014192,27.23740528,2.52,22.3252,1.9996
002902,铭普光磁,广东,通信设备,主板,20170929,20260701,29.59,-0.236,1033113864.16,6953916310.000001,5256130880.0,69.53916310000001,52.5613088,1.23,,11.4593
002860,星帅尔,浙江,家用电器,主板,20170412,20260701,14.93,2.3304,317602046.28000003,5257526343.0,5135512411.0,52.57526343,51.35512411,1.38,26.3495,2.2389
603501,豪威集团,上海,半导体,主板,20170504,20260701,97.11,2.3827,3987374418.0,122487698034.0,117560229813.0,1224.87698034,1175.60229813,1.46,30.2781,3.7289
603776,永安行,江苏,公共交通,主板,20170817,20260701,21.8,4.4562,135086968.0,6120581080.0,6120581080.0,61.2058108,61.2058108,1.58,,1.7879
300588,熙菱信息,新疆,IT设备,创业板,20170105,20260701,22.38,-0.7979,99995097.2,4285120980.0,3957276360.0,42.8512098,39.5727636,0.68,,16.7269
300613,富瀚微,上海,半导体,创业板,20170220,20260701,77.73,-2.9346,1515181600.51,18096033699.0,17069609049.0,180.96033699,170.69609049,0.99,124.8419,6.2057
300616,尚品宅配,广东,家居用品,创业板,20170307,20260701,11.02,5.7582,103291724.14,2474165218.0,1710482524.0,24.74165218,17.10482524,1.17,,0.8592
002872,ST天圣,重庆,医药商业,主板,20170519,20260701,4.66,3.7862,13106841.0,1481880000.0,1001518346.0,14.8188,10.01518346,1.02,,0.7633
603081,大丰实业,浙江,专用机械,主板,20170420,20260701,8.83,2.0809,34651886.0,3730667052.9999995,3730667052.9999995,37.30667053,37.30667053,1.17,42.493,1.1669
002863,今飞凯达,浙江,汽车配件,主板,20170418,20260701,4.35,2.8369,59804733.099999994,2607753660.0,2607753660.0,26.0775366,26.0775366,1.21,43.5046,0.9234
300645,正元智慧,浙江,软件服务,创业板,20170421,20260701,12.37,5.0977,78735706.14999999,1757857405.0000002,1723393348.0,17.578574050000004,17.23393348,1.29,134.2475,1.6702
300584,海辰药业,江苏,化学制药,创业板,20170112,20260701,39.0,7.6456,340518290.0,4680000000.0,3202286100.0,46.8,32.022861,0.94,111.2739,4.3714
300608,思特奇,北京,软件服务,创业板,20170213,20260701,10.71,4.0816,193538810.20000002,3727392732.0,3259760931.0,37.27392732,32.59760931,0.78,,2.9497
603679,华体科技,四川,电气设备,主板,20170621,20260701,20.45,1.338,114974057.0,3633682790.0,3633682790.0,36.3368279,36.3368279,0.62,,4.127
002965,祥鑫科技,广东,汽车配件,主板,20191025,20260701,50.92,-0.0589,1139480061.58,13513164876.000002,9695967444.0,135.13164876000002,96.95967444,0.85,87.1895,3.1862
002866,传艺科技,江苏,IT设备,主板,20170426,20260701,16.35,0.0,141526522.23999998,4733689605.0,2962824375.0,47.33689605,29.62824375,0.77,55.145,2.2446
603093,南华期货,浙江,多元金融,主板,20190830,20260701,19.3,6.3361,352913777.0,13852090570.0,11774271870.0,138.5209057,117.7427187,1.24,28.4868,2.4061
603970,中农立华,北京,农药化肥,主板,20171116,20260701,9.93,3.1153,29195201.0,2669184993.0000005,2669184993.0000005,26.691849930000004,26.691849930000004,1.27,15.4705,1.6408
002900,哈三联,黑龙江,化学制药,主板,20170922,20260701,9.68,5.4466,58970965.0,3062312528.0,1559664831.9999998,30.62312528,15.596648319999998,1.41,,1.7343
002886,沃特股份,深圳,塑料,主板,20170627,20260701,27.27,-2.9192,344353563.29999995,7177562172.0,5701562513.999999,71.77562172,57.01562513999999,0.77,111.4577,3.8749
002879,长缆科技,湖南,电气设备,主板,20170707,20260701,13.36,1.7517,78271041.64,2579917536.0,1831976640.0,25.79917536,18.3197664,1.36,19.287,1.449
603196,璞源材料,上海,服饰,主板,20170531,20260701,23.89,-2.2504,62790299.0,10002444375.0,5661650487.0,100.02444375,56.61650487,0.8,556.0365,5.018
002893,京能热力,北京,供气供热,主板,20170915,20260701,9.44,2.0541,63500829.86,2488761600.0,1914229984.0,24.887616,19.14229984,0.81,39.9615,1.7687
603880,南卫股份,江苏,医疗保健,主板,20170807,20260701,7.26,2.8329,220633712.0,2098444920.0,2098444920.0,20.9844492,20.9844492,1.75,,12.1932
300622,博士眼镜,深圳,其他商业,创业板,20170315,20260701,14.65,5.0933,147271940.48,4673288470.0,3194895440.0,46.7328847,31.9489544,1.49,31.4475,4.9353
300611,美力科技,浙江,汽车配件,创业板,20170220,20260701,24.17,6.6167,162601826.1,5101675499.0,3584483510.0000005,51.01675499,35.844835100000005,1.58,34.9667,3.9625
301208,中亦科技,北京,软件服务,创业板,20220707,20260701,29.91,4.9842,77242386.07,3589202991.0,1976216511.0,35.89202991,19.76216511,1.16,65.843,2.2937
300661,圣邦股份,北京,半导体,创业板,20170606,20260701,137.21,-4.3699,2960882352.22,92841294165.0,82461824179.0,928.41294165,824.61824179,1.05,169.7097,16.9773
300626,华瑞股份,浙江,电气设备,创业板,20170320,20260701,35.8,2.6376,300471216.59999996,6444000000.0,6440473700.0,64.44,64.404737,0.83,648.893,12.1087
300633,开立医疗,深圳,医疗保健,创业板,20170406,20260701,19.22,4.5133,128033320.16,8165376750.0,4999435286.0,81.6537675,49.99435286,1.01,41.3898,2.5021
300695,兆丰股份,浙江,汽车配件,创业板,20170908,20260701,50.31,1.0444,52529609.91,5144544639.0,5144544639.0,51.44544639,51.44544639,0.87,14.6793,1.7864
301286,侨源股份,四川,化工原料,创业板,20220614,20260701,60.08,3.6041,261361131.0,24038008000.0,9690159008.0,240.38008,96.90159008,1.52,103.435,11.8643
300662,科锐国际,北京,文教休闲,创业板,20170608,20260701,17.47,2.8857,77795538.14,3438207808.0,3428228944.0,34.38207808,34.28228944,1.17,10.9663,1.4631
603535,嘉诚国际,广东,仓储物流,主板,20170808,20260701,6.22,3.8397,32486506.0,3177912019.0,3177912019.0,31.77912019,31.77912019,1.1,82.8172,1.281
300650,太龙股份,福建,元器件,创业板,20170503,20260701,14.04,-3.3723,334456320.95000005,3389292504.0,2391648012.0,33.89292504,23.91648012,0.83,84.8927,2.3613
300641,正丹股份,江苏,化工原料,创业板,20170418,20260701,15.71,2.1456,225319568.83,8256308808.0,8256308808.0,82.56308808,82.56308808,0.91,11.5613,2.5189
300929,华骐环保,安徽,环境保护,创业板,20210120,20260701,11.79,11.8596,111746073.60000001,1557848070.0,1477999116.0,15.5784807,14.77999116,1.53,,2.0295
603329,上海雅仕,上海,仓储物流,主板,20171229,20260701,9.25,3.5834,49282685.0,2312973600.0,1909043675.0,23.129736,19.09043675,1.58,60.7739,1.5691
603809,豪能股份,四川,汽车配件,主板,20171128,20260701,8.94,1.9384,108933730.0,8227381872.0,8227381872.0,82.27381872,82.27381872,1.11,29.6864,2.1811
300667,必创科技,北京,电器仪表,创业板,20170619,20260701,16.94,-0.6452,184079788.23999998,3466535533.9999995,2924360670.0,34.66535534,29.2436067,1.02,,3.3543
603757,大元泵业,浙江,机械基件,主板,20170711,20260701,72.78,-3.9335,798288550.0,13576912494.0,13576912494.0,135.76912494,135.76912494,0.48,93.8199,6.3978
002827,高争民爆,西藏,化工原料,主板,20161209,20260701,24.4,1.0771,83043204.0,6759922400.0,6734368280.0,67.599224,67.3436828,0.88,34.1392,6.2611
603458,勘设股份,贵州,建筑工程,主板,20170809,20260701,13.01,-9.9654,589159559.0,3982679745.0,3982679745.0,39.82679745,39.82679745,1.49,,1.5449
603882,金域医学,广东,医疗保健,主板,20170908,20260701,23.65,5.2046,155989092.0,10956058795.0,10882183290.0,109.56058795,108.8218329,1.14,,1.7257
300817,双飞集团,浙江,机械基件,创业板,20200218,20260701,15.96,2.3077,50412881.79,3484040868.0,1999170348.0,34.84040868,19.99170348,1.14,53.555,3.3045
603136,天目湖,江苏,旅游景点,主板,20170927,20260701,8.64,3.1026,36559002.0,2333894688.0,2333894688.0,23.33894688,23.33894688,1.26,24.4846,1.6893
300671,富满微,深圳,半导体,创业板,20170705,20260701,91.74,6.4763,3738766768.4900002,20309997510.0,20250990342.0,203.0999751,202.50990342,1.28,,12.7996
300761,立华股份,江苏,农业综合,创业板,20190218,20260701,17.79,8.4095,351662414.34999996,15056340567.0,11333660316.000002,150.56340567,113.33660316000002,1.84,26.0586,1.5858
603380,易德龙,江苏,元器件,主板,20170622,20260701,46.0,2.0182,292133140.0,7380295200.0,7380295200.0,73.802952,73.802952,0.82,33.2158,4.5744
300672,国科微,湖南,半导体,创业板,20170712,20260701,288.11,-2.3356,2820836915.13,62549401275.00001,60600394747.0,625.49401275,606.00394747,0.86,,16.2197
603500,祥和实业,浙江,运输设备,主板,20170904,20260701,11.36,-2.2375,160815115.0,3780418288.0,3778439376.0,37.80418288,37.78439376,0.73,28.1213,3.5049
002895,川恒股份,贵州,化工原料,主板,20170825,20260701,30.6,4.7945,504230941.98,18540735840.0,18346496220.0,185.4073584,183.4649622,1.42,14.7121,2.3407
603321,梅轮电梯,浙江,运输设备,主板,20170915,20260701,5.86,2.4476,30421118.0,2044492470.0,2019147970.0,20.4449247,20.1914797,1.08,63.3861,1.4126
002892,科力尔,湖南,电气设备,主板,20170817,20260701,9.26,1.9824,92651471.77000001,6895394179.999999,4640407314.0,68.9539418,46.40407314,0.91,208.041,5.4199
600025,华能水电,云南,水力发电,主板,20171215,20260701,8.99,1.1249,224150025.0,167493537757.0,167493537757.0,1674.93537757,1674.93537757,0.8,19.6955,2.3607
002970,锐明技术,深圳,IT设备,主板,20191217,20260701,56.54,5.8207,378773223.04,10399458740.0,7145890335.0,103.9945874,71.45890335,1.32,27.1758,4.8667
002918,蒙娜丽莎,广东,陶瓷,主板,20171219,20260701,10.25,1.99,119431868.39,4190403975.0,2195601250.0,41.90403975,21.9560125,0.94,79.9279,1.2971
603103,横店影视,浙江,影视音像,主板,20171012,20260701,14.73,2.935,112058477.0,9341766000.0,9341766000.0,93.41766,93.41766,0.95,58.6747,7.3084
601330,绿色动力,深圳,环境保护,主板,20180611,20260701,7.06,1.2912,106182294.0,10099928688.0,6983010699.999999,100.99928688,69.83010699999998,1.15,16.3561,1.2207
002921,联诚精密,山东,汽车配件,主板,20171227,20260701,29.72,8.7052,493911708.79,4427391372.0,3817328932.0,44.27391372,38.17328932,1.19,,3.3761
603917,合力科技,浙江,汽车配件,主板,20171204,20260701,12.45,6.0477,86387741.0,2537808000.0,2537808000.0,25.37808,25.37808,1.23,88.3635,1.5117
002903,宇环数控,湖南,机床制造,主板,20171013,20260701,43.7,-3.7869,468951264.13,6847702600.0,4661286720.0,68.477026,46.6128672,1.12,,8.7939
603214,爱婴室,上海,百货,主板,20180330,20260701,12.57,3.7985,49515646.0,1741447800.0,1741447800.0,17.414478,17.414478,1.41,21.3788,1.4647
300720,海川智能,广东,电器仪表,创业板,20171106,20260701,110.3,14.657,2474097627.19,21494966190.0,18915082280.0,214.9496619,189.1508228,1.49,929.9653,36.5139
301333,诺思格,北京,医疗保健,创业板,20220802,20260701,53.16,6.129,306185875.81,5134259569.0,5127732478.0,51.34259569,51.27732478,1.43,37.5038,2.5719
301026,浩通科技,江苏,小金属,创业板,20210716,20260701,20.29,0.3462,180733551.82,4495931244.0,3247065512.0,44.95931244,32.47065512,0.95,25.8096,2.6523
300709,精研科技,江苏,元器件,创业板,20171019,20260701,52.1,-7.3778,950469342.17,9694596070.0,7777331700.0,96.9459607,77.773317,1.06,188.9123,4.4975
002908,德生科技,广东,软件服务,主板,20171020,20260701,6.71,6.0032,131478190.49000001,2894909391.0,2159510166.0,28.94909391,21.59510166,3.5,323.8628,2.6379
603829,洛凯股份,江苏,电气设备,主板,20171017,20260701,16.5,0.7941,59436834.0,3073392300.0,3073392300.0,30.733923,30.733923,0.87,38.5589,2.0576
603466,风语筑,上海,文教休闲,主板,20171020,20260701,10.02,2.3493,328314874.0,5960093394.000001,5960093394.000001,59.60093394000001,59.60093394000001,0.8,,2.8653
002912,中新赛克,深圳,IT设备,主板,20171121,20260701,18.88,2.3861,56213876.11,3223797760.0,3062745696.0,32.2379776,30.62745696,1.04,46.4453,1.9725
300702,天宇股份,浙江,化学制药,创业板,20170919,20260701,21.25,5.4067,115283207.0,7394515500.0,4471212500.0,73.945155,44.712125,1.13,52.9265,2.0082
002999,天禾股份,广东,批发业,主板,20200903,20260701,5.53,3.9474,45778738.599999994,1922183760.0,1899797766.9999998,19.2218376,18.997977669999997,1.39,32.1336,1.5608
002939,长城证券,深圳,证券,主板,20181026,20260701,8.61,3.2374,417204123.59,34736415609.0,31018899156.0,347.36415609,310.18899156,1.36,14.7714,1.0648
603848,好太太,广东,家居用品,主板,20171201,20260701,13.71,0.366,44575648.0,5516993115.0,5516993115.0,55.16993115,55.16993115,0.61,27.1475,2.1179
300726,宏达电子,湖南,元器件,创业板,20171121,20260701,87.4,3.3463,2186372249.91,35994798520.0,18741916160.0,359.9479852,187.4191616,0.99,89.7236,6.9164
002958,青农商行,山东,银行,主板,20190326,20260701,2.77,1.0949,110358394.9,15389076541.0,15067389516.0,153.89076541,150.67389516,1.12,4.9194,0.4066
601860,紫金银行,江苏,银行,主板,20190103,20260701,2.47,2.0661,78663616.0,9042693959.0,8772435698.0,90.42693959,87.72435698,0.97,7.2664,0.4423
603578,三星新材,浙江,家用电器,主板,20170306,20260701,11.68,-0.5957,40933299.0,2733826640.0,2106569760.0,27.3382664,21.0656976,0.69,,1.9289
600903,贵州燃气,贵州,供气供热,主板,20171107,20260701,6.9,3.9157,358501657.0,8031492415.0,8031492415.0,80.31492415,80.31492415,1.05,170.4203,2.6242
301017,漱玉平民,山东,医药商业,创业板,20210705,20260701,13.37,2.5307,96835046.28999999,5422966927.0,3458753486.9999995,54.22966927,34.58753486999999,0.65,47.4729,2.6595
601456,国联民生,江苏,证券,主板,20200731,20260701,9.2,4.0724,471795028.0,52261453760.0,40268230720.0,522.6145376,402.6823072,1.23,26.0147,0.977
002936,郑州银行,河南,银行,主板,20180919,20260701,1.68,1.8182,120512801.49,15274713552.000002,11809217112.0,152.74713552000003,118.09217112,1.21,8.0605,0.3306
002917,金奥博,深圳,化工原料,主板,20171208,20260701,10.83,2.7514,65547393.32,3764661786.0,2821699101.0,37.64661786,28.21699101,1.18,21.5651,2.1532
300738,奥飞数据,广东,软件服务,创业板,20180119,20260701,21.5,6.3304,1743509089.1799998,21181615809.999996,21174951670.0,211.81615809999997,211.7495167,1.57,160.0542,5.5177
605158,华达新材,浙江,钢加工,主板,20200805,20260701,6.64,3.75,36391115.0,3395828800.0,3395828800.0,33.958288,33.958288,0.83,52.0097,1.4012
603590,康辰药业,北京,生物制药,主板,20180827,20260701,30.56,5.343,122570024.0,4859360880.0,4835310160.0,48.5936088,48.3531016,1.26,29.2791,1.5085
603059,倍加洁,江苏,日用化工,主板,20180302,20260701,24.79,2.2268,28227045.0,2494312783.0,2490123273.0,24.94312783,24.90123273,1.22,21.7286,2.2318
300829,金丹科技,河南,食品,创业板,20200422,20260701,13.98,1.8208,63372911.94,3177305898.0,2191272732.0,31.77305898,21.91272732,1.15,27.7026,1.3025
002989,中天精装,深圳,装修装饰,主板,20200610,20260701,33.83,-0.5,301980980.0,6820669280.0,6202314391.0,68.2066928,62.02314391,0.73,,4.8941
603379,三美股份,浙江,化工原料,主板,20190402,20260701,83.48,10.0013,3591135343.0,50962786920.0,50962786920.0,509.6278692,509.6278692,2.16,24.7255,5.9116
002928,华夏航空,贵州,空运,主板,20180302,20260701,7.29,4.2918,398998560.29,9318381264.0,9318333879.0,93.18381264,93.18333879,1.04,14.8877,2.3414
603733,仙鹤股,浙江,造纸,主板,20180420,20260701,28.45,5.3314,506171025.0,20611535660.0,20611535660.0,206.1153566,206.1153566,1.14,20.3547,2.3526
300962,中金辐照,深圳,医疗保健,创业板,20210409,20260701,12.91,3.28,39681492.0,3408264528.9999995,3408264528.9999995,34.082645289999995,34.082645289999995,1.27,28.7463,3.2394
300781,因赛集团,广东,广告包装,创业板,20190606,20260701,27.15,2.997,113745765.83999999,4457362110.0,3288883125.0,44.5736211,32.88883125,1.03,,8.0975
603477,巨星农,四川,农业综合,主板,20171218,20260701,15.45,4.3919,317207881.0,8080029598.0,7880588468.000001,80.80029598,78.80588468,1.28,266.2871,3.1916
003003,天元股份,广东,广告包装,主板,20200921,20260701,10.29,3.4171,51119634.0,1818448800.0,1212123927.0,18.184488,12.12123927,1.07,31.2471,1.3809
300673,佩蒂股份,浙江,饲料,创业板,20170711,20260701,14.1,4.8327,78618742.11999999,3487013190.0,2262504330.0,34.8701319,22.6250433,1.2,30.1466,1.9835
300760,迈瑞医疗,深圳,医疗保健,创业板,20181016,20260701,141.7,4.3216,1826413720.68,171802945530.0,171655278401.00003,1718.0294553,1716.5527840100003,1.1,21.117,4.2833
002931,锋龙股份,浙江,机械基件,主板,20180403,20260701,64.8,-6.0597,1474303016.0,14159175840.0,13041226800.0,141.5917584,130.412268,1.79,624.0675,14.8355
300771,智莱科技,深圳,IT设备,创业板,20190422,20260701,10.73,3.9729,66891518.50000001,2575200000.0,1916089363.0,25.752,19.16089363,1.48,31.1221,1.2921
603773,沃格光电,江西,元器件,主板,20180417,20260701,148.5,-8.8789,5196674805.0,33376355099.999996,33364772100.0,333.76355099999995,333.647721,1.13,,31.6049
300749,顶固集创,广东,家居用品,创业板,20180925,20260701,25.69,-4.3203,237052389.15,5270801886.0,4043492964.0,52.70801886,40.43492964,0.63,591.5214,9.5716
300788,中信出版,北京,出版业,创业板,20190705,20260701,23.75,5.6965,116499788.32000001,4516098125.0,4516098125.0,45.16098125,45.16098125,2.05,34.714,2.0118
300739,明阳电路,深圳,元器件,创业板,20180201,20260701,36.0,2.4474,1155410735.66,13444387200.0,12353695200.0,134.443872,123.536952,1.23,162.0993,4.849
603353,和顺石油,湖南,石油贸易,主板,20200407,20260701,42.26,9.9948,278550546.0,7264747560.000001,7201864680.0,72.6474756,72.0186468,1.1,,4.5203
605098,行动教育,上海,文教休闲,主板,20210421,20260701,53.88,-0.517,119206973.0,6425249268.0,6425249268.0,64.25249268,64.25249268,1.76,20.0837,6.2699
601869,长飞光纤,湖北,通信设备,主板,20180720,20260701,508.51,-6.8492,7040185121.0,420998022400.99994,206627088933.0,4209.98022401,2066.27088933,0.86,517.3636,29.5812
002942,新农股份,浙江,农药化肥,主板,20181205,20260701,14.64,2.1633,31948950.0,2276237448.0,2031418584.0,22.76237448,20.31418584,1.33,23.8582,1.7843
301018,申菱环境,广东,专用机械,创业板,20210707,20260701,109.92,-4.9217,2642104993.73,41141000496.0,31087893168.0,411.41000496,310.87893168,1.15,189.7847,14.9078
300899,上海凯鑫,上海,环境保护,创业板,20201016,20260701,29.16,5.3088,37893213.0,1859926859.9999998,1193696676.0,18.5992686,11.93696676,1.34,68.2915,2.9746
603297,永新光学,浙江,元器件,主板,20180910,20260701,139.1,-5.342,403112326.0,15431294970.0,15402417810.0,154.3129497,154.0241781,0.76,70.1872,7.334
300757,罗博特科,江苏,专用机械,创业板,20190108,20260701,580.52,-6.2165,3968428074.64,97299854212.0,94373278736.0,972.99854212,943.73278736,0.86,,59.8529
300694,蠡湖股份,江苏,汽车配件,创业板,20181015,20260701,10.77,12.1875,157508867.42,2337848208.0,2334762603.0,23.37848208,23.34762603,2.64,19.053,1.5436
605088,冠盛股份,浙江,汽车配件,主板,20200817,20260701,29.73,5.5004,169466059.0,6027046953.0,5981494647.0,60.27046953,59.81494647,1.29,20.4171,2.0383
301258,富士莱,江苏,化学制药,创业板,20220329,20260701,23.88,4.8748,26393594.12,2189079600.0,2126872200.0,21.890796,21.268722,1.13,34.0477,1.1758
603810,丰山集团,江苏,农药化肥,主板,20180917,20260701,11.48,3.1447,28991175.0,1898128456.0,1898128456.0,18.98128456,18.98128456,1.03,48.681,1.2283
603121,华培动力,上海,汽车配件,主板,20190111,20260701,12.31,4.766,135682949.0,4167349846.9999995,4167349846.9999995,41.67349847,41.67349847,1.1,,3.7981
603790,雅运股份,上海,染料涂料,主板,20180912,20260701,22.63,6.045,121676952.0,4330476800.0,4330476800.0,43.304768,43.304768,0.91,60.1479,3.3187
300654,世纪天鸿,山东,出版业,创业板,20170926,20260701,9.77,0.5144,199355473.48,3577039295.9999995,3445255674.0,35.770392959999995,34.45255674,1.45,143.1848,4.1674
603697,有友食品,重庆,食品,主板,20190508,20260701,9.82,2.3983,72209607.0,4199936422.0,4199936422.0,41.99936422,41.99936422,1.03,22.6342,2.2857
300454,深信服,深圳,软件服务,创业板,20180516,20260701,96.77,0.5925,928846400.52,41761964430.0,27870040633.0,417.6196443,278.70040633,0.96,106.3208,3.8423
603499,翔港科技,上海,广告包装,主板,20171016,20260701,14.47,10.038,122638619.0,6129956487.0,6129956487.0,61.29956487,61.29956487,1.16,52.7218,6.6224
300723,一品红,广东,化学制药,创业板,20171116,20260701,40.42,8.4227,1073118216.25,18257422976.0,16943611296.000002,182.57422976,169.43611296000003,1.65,,9.432
003033,征和工业,山东,汽车配件,主板,20210111,20260701,58.7,7.6867,181759919.0,4798725000.0,4739649320.0,47.98725,47.3964932,1.22,27.3988,3.357
301428,世纪恒通,贵州,互联网,创业板,20230519,20260701,34.94,1.0703,250037336.29999998,3447414498.0,2432784850.0,34.47414498,24.3278485,0.83,,2.8605
003036,泰坦股份,浙江,纺织机械,主板,20210128,20260701,89.38,-3.3625,497026087.71,19332125332.0,19331624804.0,193.32125332,193.31624804,0.58,408.2961,13.6134
002919,名臣健康,广东,互联网,主板,20171218,20260701,20.0,5.3186,151152508.6,5322722000.0,5284164000.0,53.22722,52.84164,1.26,188.0283,6.5188
601068,中铝国际,北京,建筑工程,主板,20180831,20260701,4.35,0.6944,70033725.0,12997087904.999998,11134219545.0,129.97087904999998,111.34219545,1.13,50.4536,4.2233
002899,英派斯,山东,文教休闲,主板,20170915,20260701,22.96,5.3211,123080461.72000001,3393419120.0,3393419120.0,33.9341912,33.9341912,1.14,53.8736,1.9185
002896,中大力德,浙江,机械基件,主板,20170829,20260701,76.36,-0.0262,986278528.1800001,15006473372.0,15006473372.0,150.06473372,150.06473372,1.05,239.3148,12.4554
603507,振江股份,江苏,电气设备,主板,20171106,20260701,33.1,0.6385,202124262.0,6083631050.0,6016663130.0,60.8363105,60.1666313,1.01,54.6074,2.3396
300696,爱乐达,四川,航空,创业板,20170822,20260701,26.21,0.6915,230058196.39999998,7712266290.0,7000525877.0,77.1226629,70.00525877,0.85,139.3415,4.0385
300697,电工合金,江苏,铜,创业板,20170907,20260701,15.05,-0.6601,182098134.7,6511232000.0,4985162000.0,65.11232,49.85162,0.9,39.2439,4.9649
300717,华信新材,江苏,塑料,创业板,20171106,20260701,22.11,3.8028,193579039.0,2272355250.0,2251978674.0,22.7235525,22.51978674,0.8,41.2852,3.0671
300692,中赋科技,安徽,环境保护,创业板,20170821,20260701,8.19,2.5031,109533838.28,4605041259.0,4202305380.0,46.05041259,42.0230538,1.45,67.4125,1.4767
300743,天地数码,浙江,IT设备,创业板,20180427,20260701,15.01,2.8787,60707281.5,2269576543.0,1912437609.0,22.69576543,19.12437609,0.99,20.9706,3.3503
300949,奥雅股份,深圳,建筑工程,创业板,20210226,20260701,21.18,5.0074,36336642.79,1842660000.0,1053419070.0000001,18.4266,10.534190700000002,1.22,,3.2723
600968,海油发展,北京,石油开采,主板,20190626,20260701,3.36,0.9009,129329298.0,34154750112.0,34154750112.0,341.54750112,341.54750112,0.9,8.793,1.1323
300886,华业香料,安徽,化工原料,创业板,20200916,20260701,20.46,2.8141,30582138.900000002,1536916326.0,966722724.0,15.36916326,9.66722724,0.95,50.8622,2.5776
603506,南都物业,浙江,房产服务,主板,20180201,20260701,9.81,5.0321,41817646.0,1842100217.9999998,1842100217.9999998,18.42100218,18.42100218,1.32,18.5603,1.4874
001227,兰州银行,甘肃,银行,主板,20220117,20260701,2.02,1.0,67994992.26,11505308142.0,8519350000.0,115.05308142,85.1935,0.89,6.1697,0.3738
002922,伊戈尔,广东,电气设备,主板,20171229,20260701,31.27,-4.6646,728090456.09,13214170410.0,11788793126.999998,132.1417041,117.88793126999998,1.05,65.991,3.4867
605136,丽人丽妆,上海,其他商业,主板,20200929,20260701,7.29,2.244,65309580.0,2919342465.0,2919342465.0,29.19342465,29.19342465,1.04,,1.2094
002915,中欣氟材,浙江,化工原料,主板,20171205,20260701,22.02,7.3623,762231235.57,7382718726.999999,6343392233.0,73.82718727,63.43392233,1.94,392.2256,4.9653
002925,盈趣科技,福建,元器件,主板,20180115,20260701,25.28,2.5142,697092250.5,19507792320.0,18480895968.0,195.0779232,184.80895968,0.9,33.8052,3.7755
002945,华林证券,西藏,证券,主板,20190117,20260701,14.08,4.8399,318075837.64,38016000000.0,38016000000.0,380.16,380.16,1.75,75.0961,5.1705
603607,京华激光,浙江,造纸,主板,20171025,20260701,25.56,3.9024,380071877.0,4562889408.0,4562889408.0,45.62889408,45.62889408,1.77,43.1537,4.2657
603356,华菱精工,安徽,运输设备,主板,20180124,20260701,16.84,1.937,64086787.0,2245445600.0,2245445600.0,22.454456,22.454456,0.56,,7.4342
002910,庄园牧场,甘肃,乳制品,主板,20171031,20260701,11.36,2.5271,484704068.35999995,2221327584.0,1943264320.0,22.21327584,19.4326432,1.25,,2.2417
300731,科创新源,深圳,橡胶,创业板,20171208,20260701,55.47,-4.952,662314939.2,9833976762.0,9332877423.0,98.33976762,93.32877423,1.33,276.1605,15.904
603580,艾艾精工,上海,塑料,主板,20170525,20260701,24.9,2.1329,122551675.0,3253762680.0,3253762680.0,32.5376268,32.5376268,5.66,74.2193,7.15
300718,长盛轴承,浙江,机械基件,创业板,20171106,20260701,62.49,2.493,511513471.91999996,18670699710.0,12289114677.0,186.7069971,122.89114677,1.19,73.6967,10.3549
002916,深南电路,深圳,元器件,主板,20171213,20260701,448.02,-2.1577,5221831102.24,305176260132.0,297847952190.0,3051.76260132,2978.4795219,0.88,93.1626,16.8695
300733,西菱动力,四川,汽车配件,创业板,20180116,20260701,12.04,0.7531,96480271.74,4775091692.0,3520735596.0,47.75091692,35.20735596,0.97,53.0051,2.7475
300634,彩讯股份,深圳,软件服务,创业板,20180323,20260701,20.18,3.117,238844148.43,9105435962.0,8763639230.0,91.05435962,87.6363923,1.03,31.3277,2.9875
300735,光弘科技,广东,元器件,创业板,20171229,20260701,22.56,-0.7916,495092329.59,18253643424.0,17087323008.0,182.53643424,170.87323008,0.9,63.2116,3.6762
300807,天迈科技,河南,软件服务,创业板,20191219,20260701,40.7,0.0246,107179057.0,2769211720.0,2113958000.0,27.6921172,21.13958,1.11,,6.1731
603949,雪龙集团,浙江,汽车配件,主板,20200310,20260701,17.65,0.742,69219193.0,3719502755.0,3710123545.0,37.19502755,37.10123545,0.62,41.3347,3.3658
300632,光莆股份,福建,半导体,创业板,20170406,20260701,27.16,-4.8687,823796345.1600001,8288734972.0,6007672496.0,82.88734972,60.07672496,1.01,,4.7851
300773,拉卡拉,北京,软件服务,创业板,20190425,20260701,15.95,4.2484,848847199.18,17342927855.0,16406340665.0,173.42927855,164.06340665,1.41,14.815,3.5601
002995,天地在线,北京,互联网,主板,20200805,20260701,17.89,1.1878,133315017.6,3174661005.0,2011143708.0,31.74661005,20.11143708,1.02,,3.9568
603897,长城科技,浙江,电气设备,主板,20180410,20260701,34.01,4.7751,253635502.0,7020878157.0,7020878157.0,70.20878157,70.20878157,0.89,22.2552,2.7688
300783,三只松鼠,安徽,食品,创业板,20190712,20260701,16.28,3.038,108310144.52,6539454592.0,4562997472.0,65.39454592,45.62997472,1.18,42.0932,2.0338
300785,值得买,北京,互联网,创业板,20190715,20260701,37.64,2.6452,239888884.64000002,7484913492.000001,4604663052.0,74.84913492000001,46.04663052,1.05,86.5142,3.8099
300740,水羊股份,湖南,日用化工,创业板,20180208,20260701,18.56,0.8148,303762592.16,7284371263.999999,6710395840.0,72.84371263999999,67.1039584,0.88,49.1029,3.2849
300810,中科海讯,北京,船舶,创业板,20191206,20260701,25.46,0.3152,77377696.0,3005553000.0,2902554570.0,30.05553,29.0255457,0.69,,3.9005
603105,芯能科技,浙江,电气设备,主板,20180709,20260701,6.97,2.3495,69572784.0,3485078064.0,3485078064.0,34.85078064,34.85078064,1.13,17.3596,1.6217
301469,恒达新材,浙江,造纸,创业板,20230822,20260701,28.05,1.7041,36995851.36,2509914000.0,1291946535.0,25.09914,12.91946535,1.21,31.251,1.7793
603516,淳中科技,北京,IT设备,主板,20180202,20260701,127.34,-5.4008,1180481708.0,25884185321.999996,25884185321.999996,258.84185321999996,258.84185321999996,1.36,92.5695,15.1938
605266,健之佳,云南,医药商业,主板,20201201,20260701,15.23,4.0301,29350329.0,2353688367.0,2353688367.0,23.53688367,23.53688367,1.27,15.8873,0.869
300752,隆利科技,深圳,元器件,创业板,20181130,20260701,14.8,9.8738,483215133.15000004,4778468600.0,3302945600.0,47.784686,33.029456,2.2,78.4901,3.8018
603150,万朗磁塑,安徽,塑料,主板,20220124,20260701,71.2,0.565,193782484.0,6086389600.0,6086389600.0,60.863896,60.863896,1.2,54.6696,3.4968
603267,鸿远电子,北京,元器件,主板,20190515,20260701,76.3,-1.523,1807894570.0,17631472670.0,17631472670.0,176.3147267,176.3147267,1.14,70.5547,3.9026
002927,泰永长征,贵州,电气设备,主板,20180223,20260701,18.89,-2.8792,257008920.47,4216100658.0,4169225123.0,42.16100658,41.69225123,0.9,,4.1868
301076,新瀚新材,江苏,化工原料,创业板,20211011,20260701,27.37,4.5455,202281881.92000002,6244999215.000001,4175178546.0,62.44999215000001,41.75178546,1.23,93.7527,5.186
300853,申昊科技,浙江,专用机械,创业板,20200724,20260701,33.91,9.7766,705341557.11,4983040590.0,3333827739.9999995,49.8304059,33.338277399999996,2.91,,9.7181
603706,东方环宇,新疆,供气供热,主板,20180709,20260701,17.86,3.2967,31032385.0,3382375022.0,3382375022.0,33.82375022,33.82375022,0.76,15.6522,1.8335
300897,山科智能,浙江,电器仪表,创业板,20200928,20260701,14.37,3.1587,43508531.36,2814311331.0,1756820157.0,28.14311331,17.56820157,1.0,158.8511,2.8759
603681,永冠新材,上海,化工原料,主板,20190326,20260701,22.34,-2.2319,258659118.0,5311151812.0,5311151812.0,53.11151812,53.11151812,0.69,42.827,1.7745
603755,日辰股份,山东,食品,主板,20190828,20260701,22.81,0.5289,40839684.0,2249378497.0,2249378497.0,22.49378497,22.49378497,1.43,26.7114,2.9628
300758,七彩化学,辽宁,染料涂料,创业板,20190222,20260701,12.82,2.1514,161936211.35,5116661992.0,4611891158.0,51.16661992,46.11891158,0.98,83.667,2.863
002937,兴瑞科技,浙江,元器件,主板,20180926,20260701,43.15,-1.7756,485808558.02,13635818555.0,13600219805.0,136.35818555,136.00219805,0.79,94.2953,9.1541
603713,密尔克卫,上海,仓储物流,主板,20180713,20260701,76.65,7.6999,496937044.0,12120480540.0,12120480540.0,121.2048054,121.2048054,0.75,19.3447,2.4662
300753,爱朋医疗,江苏,医疗保健,创业板,20181213,20260701,19.9,5.1241,220452777.36,2508355200.0,1749090600.0,25.083552,17.490906,0.94,,3.783
301226,祥明智能,江苏,电气设备,创业板,20220325,20260701,33.65,1.386,117607001.0,3661120000.0,3661120000.0,36.6112,36.6112,1.06,220.5455,4.0273
603229,奥翔药业,浙江,化学制药,主板,20170509,20260701,8.14,5.168,88433792.0,6758618394.000001,6758618394.000001,67.58618394000001,67.58618394000001,1.52,51.7624,2.8551
603826,坤彩科技,福建,染料涂料,主板,20170414,20260701,24.73,-3.2473,231603536.0,16203096000.0,16203096000.0,162.03096,162.03096,0.91,,8.6616
002859,洁美科技,浙江,元器件,主板,20170407,20260701,109.9,0.3561,3805363988.25,49855255800.0,47071840480.00001,498.552558,470.7184048000001,0.99,226.7994,16.215
603855,华荣股份,上海,专用机械,主板,20170524,20260701,17.42,0.5193,34373489.0,5879441620.0,5844976150.0,58.7944162,58.4497615,0.89,15.8954,2.6172
300585,奥联电子,江苏,汽车配件,创业板,20161229,20260701,16.81,2.9394,147015981.32,2876377591.0000005,2876377591.0000005,28.763775910000003,28.763775910000003,1.4,,4.5391
603926,铁流股份,浙江,汽车配件,主板,20170510,20260701,17.51,-1.0175,81603137.0,4079595366.0,4041983886.0,40.79595366,40.41983886,1.04,52.6569,2.3315
603586,金麒麟,山东,汽车配件,主板,20170406,20260701,12.69,2.4213,34351707.0,2487910032.0,2487910032.0,24.87910032,24.87910032,0.67,18.2439,1.0717
300868,杰美特,深圳,元器件,创业板,20200824,20260701,158.37,7.9477,700569008.62,20263758240.0,12790515652.999998,202.6375824,127.90515652999999,1.15,,13.8017
603496,恒为科技,上海,IT设备,主板,20170607,20260701,23.18,0.8703,238140453.0,7422449256.0,7422449256.0,74.22449256,74.22449256,0.65,212.4461,5.3228
002871,伟隆股份,山东,机械基件,主板,20170511,20260701,23.23,4.1237,313336510.10999995,5850563774.0,3467463118.0000005,58.50563774,34.674631180000006,0.88,43.6011,4.9939
603728,鸣志电器,上海,电气设备,主板,20170509,20260701,63.14,3.6441,951091674.0,26448241050.0,26448241050.0,264.4824105,264.4824105,1.35,432.6699,8.8945
300618,寒锐钴业,江苏,小金属,创业板,20170306,20260701,36.05,0.9804,256932669.16,11164580455.0,9823506035.0,111.64580455,98.23506035,0.89,43.865,2.0123
603721,中广天择,湖南,影视音像,主板,20170811,20260701,17.68,-1.2291,66960482.0,2298400000.0,2298400000.0,22.984,22.984,0.56,86.7025,4.6869
300595,欧普康视,安徽,医疗保健,创业板,20170117,20260701,10.94,3.8936,157909081.62,9794463848.0,7313333112.0,97.94463848,73.13333112,1.35,20.4254,1.9355
003025,思进智能,浙江,机床制造,主板,20201211,20260701,14.36,1.9886,147372609.39999998,4077572260.0000005,3251332324.0,40.7757226,32.51332324,0.87,26.3835,3.1354
300605,恒锋信息,福建,软件服务,创业板,20170208,20260701,9.65,4.4372,71909426.47999999,1593637303.0,1219591965.0,15.93637303,12.19591965,1.05,,3.6505
300591,万里马,广东,服饰,创业板,20170110,20260701,6.71,-0.2972,81173682.75999999,2722071198.0,2351484608.0,27.22071198,23.51484608,0.72,,15.9217
603316,诚邦股份,浙江,建筑工程,主板,20170619,20260701,22.0,6.848,747428176.0,5813808000.0,5813808000.0,58.13808,58.13808,1.01,,10.5199
603331,百达精工,浙江,专用机械,主板,20170705,20260701,10.8,1.3133,65267727.0,2183496480.0,2183496480.0,21.8349648,21.8349648,1.09,,2.0958
300498,温氏股份,广东,农业综合,创业板,20151102,20260701,13.13,6.5747,1339040964.2700002,87366091709.0,78094146572.0,873.66091709,780.94146572,1.4,16.5893,2.2083
002935,天奥电子,四川,航空,主板,20180903,20260701,23.02,4.9225,462367930.07,9762839550.0,9527144676.0,97.6283955,95.27144676,1.93,150.6336,6.0433
002880,卫光生物,深圳,生物制药,主板,20170616,20260701,20.67,6.1088,65013990.0,4687956000.0,4687956000.0,46.87956,46.87956,1.77,19.0319,1.9186
603063,禾望电气,深圳,电气设备,主板,20170728,20260701,48.43,-8.4326,2341613618.0,22475597806.0,22383096506.0,224.75597806,223.83096506,1.34,42.3251,4.3057
603387,基蛋生物,江苏,医疗保健,主板,20170717,20260701,8.04,6.3492,93605036.0,4077514140.0,4077514140.0,40.7751414,40.7751414,1.27,18.4786,1.441
601108,财通证券,浙江,证券,主板,20171024,20260701,9.21,6.474,1636711595.0,42769112490.0,42769112490.0,427.6911249,427.6911249,1.63,16.2481,1.1215
603042,华脉科技,江苏,通信设备,主板,20170602,20260701,13.92,-3.3333,175130720.0,2906033856.0,2906033856.0,29.06033856,29.06033856,0.74,,3.4845
603725,天安新材,广东,塑料,主板,20170906,20260701,12.43,10.0,271374636.0,3789381211.0,3789381211.0,37.89381211,37.89381211,1.1,33.9637,4.4023
002884,凌霄泵业,广东,机械基件,主板,20170711,20260701,15.28,0.2625,37094758.64,5465388600.0,4172547800.0000005,54.653886,41.725478,1.33,12.0142,2.1742
603767,中马传动,浙江,汽车配件,主板,20170613,20260701,14.72,3.5162,98770444.0,4543055680.0,4543055680.0,45.4305568,45.4305568,0.93,,3.3242
300609,汇纳科技,上海,软件服务,创业板,20170215,20260701,31.22,-0.6365,111248294.0,3749971568.0,3744189624.0,37.49971568,37.44189624,0.82,,4.0866
300767,震安科技,云南,橡胶,创业板,20190329,20260701,23.21,4.1274,320879513.71000004,6412714110.0,5567888678.0,64.1271411,55.67888678,1.07,,4.2206
300620,光库科技,广东,通信设备,创业板,20170310,20260701,350.9,-7.2184,4744827771.95,87437472540.0,86708512880.0,874.3747254,867.0851288,0.86,494.9116,39.6598
300628,亿联网络,福建,通信设备,创业板,20170317,20260701,36.7,8.5157,723406700.6,46494774920.0,26638838130.0,464.9477492,266.3883813,1.97,17.8784,4.657
300635,中达安,广东,建筑工程,创业板,20170331,20260701,11.73,-3.6154,100574995.0,1642364220.0,1412458566.0,16.4236422,14.12458566,0.85,,5.3406
300699,光威复材,山东,化纤,创业板,20170901,20260701,28.67,0.0698,666188143.02,23834861840.0,23549850502.999996,238.3486184,235.49850502999996,1.05,39.5007,4.1063
300801,泰和科技,山东,化工原料,创业板,20191128,20260701,35.45,9.7523,875450805.44,7743343500.0,4852374730.0,77.433435,48.5237473,1.28,103.4352,2.9942
603233,大参林,广东,医药商业,主板,20170731,20260701,16.15,7.4518,206425812.0,18392500175.0,18392500175.0,183.92500175,183.92500175,2.21,14.8897,2.3944
300953,震裕科技,浙江,电气设备,创业板,20210318,20260701,134.14,0.3291,1043620292.24,32668281218.0,23481233827.999996,326.68281218,234.81233827999995,0.87,63.6888,6.9027
300685,艾德生物,福建,医疗保健,创业板,20170802,20260701,17.69,5.0475,221473748.5,6900960988.0,6891521604.000001,69.00960988,68.91521604,1.29,19.1027,3.3539
300514,友讯达,深圳,电器仪表,创业板,20170426,20260701,9.49,1.4973,33543905.639999997,1898000000.0,1520851267.0,18.98,15.20851267,1.06,27.1328,1.8628
300676,华大基因,深圳,医疗保健,创业板,20170714,20260701,36.85,5.1055,363829196.11,15414985134.999998,15330926600.0,154.14985134999998,153.309266,1.34,,1.8292
603110,东方材料,安徽,染料涂料,主板,20171013,20260701,22.11,-4.5749,279278039.0,4449122337.0,4449122337.0,44.49122337,44.49122337,0.93,,6.3843
603226,菲林格尔,上海,家居用品,主板,20170615,20260701,53.36,-0.3362,304031219.0,18969042448.0,18969042448.0,189.69042448,189.69042448,1.85,,22.2749
603933,睿能科技,福建,元器件,主板,20170706,20260701,23.09,2.3947,116812252.0,4792204814.0,4792204814.0,47.92204814,47.92204814,0.91,137.1224,3.5792
300690,双一科技,山东,电气设备,创业板,20170808,20260701,23.0,2.9543,114986288.8,3803027000.0,2549614400.0,38.03027,25.496144,1.21,23.8137,2.3474
300658,延江股份,福建,纺织,创业板,20170602,20260701,11.73,2.6247,115403628.2,3903322893.0,2590498947.0,39.03322893,25.90498947,0.96,96.3341,2.8894
300651,金陵体育,江苏,文教休闲,创业板,20170509,20260701,18.19,1.9048,117161754.0,2568604443.0,1880433087.0,25.68604443,18.80433087,0.99,42.2114,2.3476
300554,三超新材,江苏,矿物制品,创业板,20170421,20260701,27.79,1.2386,210085047.1,3173937585.0,2198047271.0,31.73937585,21.98047271,0.69,,6.4101
002909,集泰股份,广东,化工原料,主板,20171026,20260701,5.01,1.417,45256784.0,1953900000.0,1905787968.0,19.539,19.05787968,0.95,,2.2973
603286,日盈电子,江苏,汽车配件,主板,20170627,20260701,47.07,3.1558,207114727.0,5555191986.0,5471190864.0,55.55191986,54.71190864,1.12,,6.8591
300666,江丰电子,浙江,半导体,创业板,20170615,20260701,394.33,6.9805,9977395659.87,108823683863.0,87192593414.0,1088.23683863,871.92593414,0.98,217.8639,20.9956
300655,晶瑞电材,江苏,半导体,创业板,20170523,20260701,20.71,-3.3147,4257518000.1400003,23332387182.0,23200046140.0,233.32387182,232.0004614,1.18,156.2223,9.0647
601619,嘉泽新能,宁夏,新型电力,主板,20170720,20260701,4.33,0.6977,304717800.0,12612532657.000002,10542413137.0,126.12532657000001,105.42413137,1.41,17.6589,1.5831
601949,中国出版,北京,出版业,主板,20170821,20260701,4.81,3.4409,59547128.0,9158086561.0,9158086561.0,91.58086561,91.58086561,1.05,14.1504,0.9205
003006,百亚股份,重庆,造纸,主板,20200921,20260701,14.63,0.827,129631203.55000001,6285747314.000001,6270022990.0,62.85747314000001,62.7002299,1.38,30.2236,3.9891
300693,盛弘股份,深圳,电气设备,创业板,20170822,20260701,45.42,-6.8308,1335008719.89,14207185236.0,12211303259.999998,142.07185236,122.11303259999998,1.67,29.84,6.3085
002881,美格智能,深圳,元器件,主板,20170622,20260701,40.08,9.989,567464318.4,12106632936.0,7293772829.0,121.06632936,72.93772829,1.9,84.8276,4.4409
002898,赛隆退,广东,化学制药,主板,20170912,20260701,0.35,0.0,3791053.9699999997,61600000.0,35441875.0,0.616,0.35441875,1.07,,0.1658
300681,英搏尔,广东,汽车配件,创业板,20170725,20260701,29.8,4.123,350635864.49,9120450920.0,6877685040.0,91.2045092,68.7768504,1.2,49.0985,2.951
002891,中宠股份,山东,饲料,主板,20170821,20260701,27.3,2.1707,170403679.55,8787807210.0,8787807210.0,87.8780721,87.8780721,0.95,24.068,2.6048
603106,恒银科技,天津,IT设备,主板,20170920,20260701,7.41,6.6187,136522952.0,3857053200.0,3857053200.0,38.570532,38.570532,1.11,123.7652,2.9128
300668,杰恩股份,深圳,装修装饰,创业板,20170619,20260701,64.25,7.1726,603522407.0,7734498525.0,6405333075.0,77.34498525,64.05333075,1.04,520.3729,9.9188
301503,智迪科技,广东,IT设备,创业板,20230717,20260701,27.44,-0.2545,32175166.2,2195200000.0,891251200.0,21.952,8.912512,1.32,20.6389,2.0005
300669,沪宁股份,浙江,运输设备,创业板,20170629,20260701,26.55,0.9506,39602848.0,5116331025.0,4845372345.0,51.16331025,48.45372345,0.68,266.6779,5.8107
002941,新疆交建,新疆,建筑工程,主板,20181128,20260701,9.66,2.3305,140770047.0,7049396592.0,7049396592.0,70.49396592,70.49396592,1.14,14.9211,1.5039
603277,银都股份,浙江,专用机械,主板,20170911,20260701,10.07,0.9018,11030782.0,6179951951.0,6140142219.999999,61.79951951,61.40142219999999,0.5,12.6977,2.1671
603662,柯力传感,浙江,电器仪表,主板,20190806,20260701,74.63,4.8616,1684419648.0,20958335437.0,20958335437.0,209.58335437,209.58335437,1.81,61.5424,7.5128
300748,金力永磁,江西,矿物制品,创业板,20180921,20260701,30.95,0.3241,949087528.7199999,42574488835.00001,34974481115.0,425.74488835000005,349.74481115,0.81,60.3374,5.5869
300818,耐普矿机,江西,专用机械,创业板,20200212,20260701,18.82,-0.4233,70866548.52,4129190808.0,2674873425.9999995,41.29190808,26.748734259999996,1.16,53.0922,2.2846
603080,新疆火炬,新疆,供气供热,主板,20180103,20260701,19.2,3.7838,42853116.0,2716800000.0,2716800000.0,27.168,27.168,1.17,12.8855,1.6722
003010,若羽臣,广东,互联网,主板,20200925,20260701,24.63,1.358,156765391.63,7661395485.0,5569882386.0,76.61395485,55.69882386,0.89,39.4102,9.6797
001210,金房能源,北京,供气供热,主板,20210729,20260701,22.92,0.7916,144415509.82,5031806376.0,3057984108.0,50.31806376,30.57984108,0.65,37.4354,3.413
603937,丽岛新材,江苏,铝,主板,20171102,20260701,14.32,2.1398,123371020.0,2991311960.0,2991311960.0,29.9131196,29.9131196,1.05,,1.9331
002897,意华股份,浙江,元器件,主板,20170907,20260701,82.68,-6.0241,1570260348.0,16030056276.0,15248101908.0,160.30056276,152.48101908,1.01,50.3623,5.6391
002901,大博医疗,福建,医疗保健,主板,20170922,20260701,42.77,2.3696,130076139.14,17707614015.0,12335389794.0,177.07614015,123.35389794,1.27,29.5308,4.7545
603976,正川股份,重庆,医疗保健,主板,20170822,20260701,27.56,-4.2723,212098576.0,4167176728.0,4167176728.0,41.67176728,41.67176728,0.71,220.4416,3.5087
300683,海特生物,湖北,生物制药,创业板,20170808,20260701,26.75,6.9572,252687471.0,3501425200.0,3265212000.0,35.014252,32.65212,1.53,,1.6379
001218,丽臣实业,湖南,化工原料,主板,20211015,20260701,23.38,5.9837,88374346.84,3043568654.0,2760270856.0,30.43568654,27.60270856,1.56,18.8475,1.2568
603386,骏亚科技,广东,元器件,主板,20170912,20260701,19.2,-2.6863,647482695.0,6265393920.0,6265393920.0,62.6539392,62.6539392,0.94,,4.7863
002920,德赛西威,广东,汽车配件,主板,20171226,20260701,81.05,-0.5521,607593513.47,48371393765.0,48356196890.0,483.71393765,483.5619689,0.77,19.7146,3.1909
603659,璞泰来,上海,化工原料,主板,20171103,20260701,28.47,-1.59,1257033474.0,61033921402.0,61033921402.0,610.33921402,610.33921402,1.06,25.8722,2.9076
603533,掌阅科技,北京,互联网,主板,20170921,20260701,20.27,-0.0986,334704020.0,8896438136.0,8896438136.0,88.96438136,88.96438136,0.87,,3.8758
300689,澄天伟业,深圳,通信设备,创业板,20170809,20260701,70.8,0.8834,235589816.0,8184480000.0,7163699760.0,81.8448,71.6369976,0.88,532.4407,11.8198
603967,中创物流,山东,仓储物流,主板,20190429,20260701,10.8,4.3478,51379354.0,3744000360.0,3744000360.0,37.4400036,37.4400036,1.44,14.3541,1.5084
603709,中源家居,浙江,家居用品,主板,20180208,20260701,13.9,2.6588,32176489.0,1745360450.0000002,1739019270.0,17.4536045,17.3901927,1.13,,3.4301
603392,万泰生物,北京,生物制药,主板,20200429,20260701,28.31,4.9685,202132670.0,35794960168.0,35794960168.0,357.94960168,357.94960168,1.04,,3.0279
300730,科创信息,湖南,软件服务,创业板,20171205,20260701,14.13,2.4656,159056326.20000002,3407294070.0,2921453802.0,34.0729407,29.21453802,1.22,,21.4296
603893,瑞芯微,福建,半导体,主板,20200207,20260701,183.3,-2.6863,2715809242.0,77522253315.0,77507222715.0,775.22253315,775.07222715,1.05,74.5441,16.4246
605006,山东玻纤,山东,玻璃,主板,20200903,20260701,21.86,3.651,1483239153.0,14011522640.0,14011522640.0,140.1152264,140.1152264,0.99,,5.5911
603655,朗博科技,江苏,汽车配件,主板,20171229,20260701,29.97,5.1948,56227325.0,3176820000.0,3176820000.0,31.7682,31.7682,1.05,70.2121,5.5169
300769,德方纳米,深圳,化工原料,创业板,20190415,20260701,70.09,5.3985,2037792895.8600001,19638383929.0,17645683175.0,196.38383929,176.45683175,1.03,,3.7642
002913,奥士康,湖南,元器件,主板,20171201,20260701,63.03,-1.4232,331534033.40000004,20003232315.0,19015218156.0,200.03232315,190.15218156,0.74,64.9651,4.5154
601528,瑞丰银行,浙江,银行,主板,20210625,20260701,4.47,1.1312,50576613.0,8770861458.0,8295295923.0,87.70861458,82.95295923,1.0,4.4616,0.4344
603685,晨丰科技,浙江,电气设备,主板,20171127,20260701,27.61,-3.1228,76872064.0,6983963305.0,5562467977.0,69.83963305,55.62467977,1.08,316.8448,3.4999
603676,卫信康,西藏,化学制药,主板,20170721,20260701,8.42,4.5963,23630255.0,3664059830.0,3664059830.0,36.6405983,36.6405983,1.16,15.7354,2.3726
300674,宇信科技,北京,软件服务,创业板,20181107,20260701,15.49,2.9236,200073014.35000002,10905842930.0,10889654331.0,109.0584293,108.89654331,1.13,25.2542,2.3571
300607,拓斯达,广东,专用机械,创业板,20170209,20260701,49.48,20.0097,2454412950.04,23600599300.0,16699470312.0,236.005993,166.99470312,1.38,319.4775,8.0873
002948,青岛银行,山东,银行,主板,20190116,20260701,5.24,3.1496,177351970.6,30498658627.999996,18456300752.0,304.98658628,184.56300752,0.97,5.879,0.7168
603278,大业股份,山东,钢加工,主板,20171113,20260701,11.02,1.3799,197576427.0,3766188588.0,3766188588.0,37.66188588,37.66188588,1.03,,1.9451
300711,广哈通信,广东,通信设备,创业板,20171101,20260701,16.57,1.0366,55001397.82,4646785282.0,4116413750.0,46.46785282,41.1641375,1.05,48.4982,3.0235
301028,鼎熔岩,福建,专用机械,创业板,20210720,20260701,16.53,3.5714,104568540.99,6348341541.0,4104800679.0,63.48341541,41.04800679,0.91,27.3295,3.7061
603871,嘉友国际,北京,仓储物流,主板,20180206,20260701,10.6,3.8198,154475323.0,14500892220.0,14500892220.0,145.0089222,145.0089222,1.41,12.7081,2.3052
603161,科华控股,江苏,汽车配件,主板,20180105,20260701,13.45,1.3564,66362732.99999999,2614784910.0,2565571360.0,26.1478491,25.6557136,0.71,26.8172,1.7105
600928,西安银行,陕西,银行,主板,20190301,20260701,3.33,1.8349,72501817.0,14800000185.0,14729769153.0,148.00000185,147.29769153,0.8,5.585,0.4124
300732,设研院,河南,建筑工程,创业板,20171212,20260701,5.7,2.3339,42497556.91,2112192570.0000002,2109852720.0,21.121925700000002,21.0985272,1.32,,0.7546
603225,新凤鸣,浙江,化纤,主板,20170418,20260701,21.28,8.2952,643656104.0,35697068064.0,35506652496.0,356.97068064,355.06652496,1.23,35.0532,1.6972
601990,南京证券,江苏,证券,主板,20180613,20260701,6.78,3.1963,311414095.0,29829476484.0,28691094144.0,298.29476484,286.91094144,1.31,27.68,1.2633
603890,春秋电子,江苏,元器件,主板,20171212,20260701,26.03,-5.7567,1048626085.0,11631000518.0,11631000518.0,116.31000518,116.31000518,0.77,40.8254,3.5239
002978,安宁股份,四川,小金属,主板,20200417,20260701,27.41,6.945,199412530.86999997,12937245900.0,10121953836.0,129.372459,101.21953836,1.76,17.9694,1.4742
603596,伯特利,安徽,汽车配件,主板,20180427,20260701,25.13,1.1675,501618996.0,22557678122.0,22557678122.0,225.57678122,225.57678122,1.04,17.227,2.7983
300848,美瑞新材,山东,化工原料,创业板,20200720,20260701,14.18,1.6487,66929679.8,6067446168.0,3589277050.0,60.67446168,35.8927705,0.78,74.059,3.8889
300745,欣锐科技,深圳,汽车配件,创业板,20180523,20260701,41.28,-2.2264,268469554.8,6958425120.0,5874618720.0,69.5842512,58.7461872,0.83,,3.1422
300724,捷佳伟创,深圳,专用机械,创业板,20180810,20260701,75.12,6.4023,1942268456.5600002,26163695040.0,21613105728.000004,261.6369504,216.13105728000005,1.89,9.9974,1.9236
300936,中英科技,江苏,元器件,创业板,20210126,20260701,108.0,-2.0852,356845371.78,8121600000.0,5121489600.0,81.216,51.214896,0.63,3821.3017,8.0573
300644,南京聚隆,江苏,塑料,创业板,20180206,20260701,23.81,1.8392,68489626.2,2635278895.0,2109942198.0,26.35278895,21.09942198,1.16,19.8954,2.4362
300883,龙利得,安徽,造纸,创业板,20200910,20260701,6.34,0.4754,242212713.74,2193640000.0,2096476963.9999998,21.9364,20.964769639999997,1.47,,1.5545
603700,宁水集团,浙江,电器仪表,主板,20190122,20260701,11.56,-0.4307,48921770.0,2311559564.0,2311559564.0,23.11559564,23.11559564,0.61,24.7626,1.4073
603256,宏和科技,上海,玻璃,主板,20190719,20260701,255.97,-3.5277,3618302428.0,231546980808.0,225183848175.0,2315.46980808,2251.83848175,0.9,1146.7642,83.5432
603220,中贝通信,湖北,通信设备,主板,20181115,20260701,21.51,0.6551,469130859.0,11536821819.0,9340956261.0,115.36821819,93.40956261,0.99,141.7824,2.9954
300915,海融科技,上海,乳制品,创业板,20201202,20260701,20.07,1.3636,15486555.0,2525594751.0,1154813751.0,25.25594751,11.54813751,1.11,,1.644
002992,宝明科技,深圳,元器件,主板,20200803,20260701,42.76,2.0525,110583867.88000001,7733941335.999999,6680612876.0,77.33941336,66.80612876,0.98,647.6905,10.5069
300849,锦盛新材,浙江,塑料,创业板,20200710,20260701,23.4,7.8341,122329573.5,3510000000.0,2580315660.0,35.1,25.8031566,1.4,,6.5127
603876,鼎胜新材,江苏,铝,主板,20180418,20260701,25.69,-1.2303,960636096.0,23872874367.999996,23872874367.999996,238.72874367999995,238.72874367999995,1.0,46.5474,3.1246
300896,爱美客,北京,医疗保健,创业板,20200928,20260701,90.16,3.3945,431462015.67,27281694720.0,18433329208.0,272.8169472,184.33329208,1.18,21.1319,3.4663
300981,中红医疗,河北,医疗保健,创业板,20210427,20260701,10.0,4.4932,53225190.03,4288650000.0,3929974000.0,42.8865,39.29974,1.03,,0.8157
603739,蔚蓝生物,山东,农业综合,主板,20190116,20260701,12.12,5.1171,55602327.0,3066710268.0,3066710268.0,30.66710268,30.66710268,1.55,43.9296,1.704
601236,红塔证券,云南,证券,主板,20190705,20260701,7.07,3.6657,230298965.0,33181162259.0,33181162259.0,331.81162259,331.81162259,1.26,27.3421,1.2975
603915,国茂股份,江苏,机械基件,主板,20190614,20260701,14.39,1.4094,136173481.0,9610829175.0,9448941675.0,96.10829175,94.48941675,1.0,40.8915,2.5341
301505,苏州规划,江苏,建筑工程,创业板,20230719,20260701,16.22,0.7453,37711130.980000004,1855568000.0,1268267752.0,18.55568,12.68267752,0.95,83.838,1.9026
603259,药明康德,江苏,化学制药,主板,20180508,20260701,125.2,0.5542,13555146904.0,373566401440.0,309654681040.0,3735.6640144,3096.5468104,1.29,19.5068,4.4355
605183,确成股份,江苏,化工原料,主板,20201207,20260701,15.06,2.171,44568049.0,6252677064.0,6211186764.0,62.52677064,62.11186764,0.61,12.5811,1.6513
301266,宇邦新材,江苏,电气设备,创业板,20220608,20260701,23.21,1.62,104596203.89999999,3318438145.0,3148028004.0,33.18438145,31.48028004,0.9,113.7175,1.8326
003012,东鹏控股,广东,陶瓷,主板,20201019,20260701,4.46,2.2936,33886212.12,5160135965.0,5060259371.0,51.60135965,50.60259371,0.81,14.6619,0.6823
603232,格尔软件,上海,软件服务,主板,20170421,20260701,15.03,2.3842,119116018.0,3518255466.0,3476439000.0,35.18255466,34.76439,0.75,,2.705
603127,昭衍新药,北京,医疗保健,主板,20170825,20260701,40.94,7.1167,1753477134.0,30678315308.0,25806651820.0,306.78315308,258.0665182,1.34,103.0023,3.5853
300601,康泰生物,深圳,生物制药,创业板,20170207,20260701,11.94,5.291,281126286.51,13336147782.0,10750471530.0,133.36147782,107.5047153,1.39,189.6212,1.4569
603200,上海洗霸,上海,环境保护,主板,20170601,20260701,43.63,0.6227,200451397.0,7656196763.000001,7656196763.000001,76.56196763000001,76.56196763000001,1.03,85.1038,6.962
300612,宣亚国际,北京,广告包装,创业板,20170215,20260701,11.38,4.1171,89682817.56,2082380680.0,2071285180.0,20.8238068,20.7128518,1.3,,4.8615
002926,华西证券,四川,证券,主板,20180205,20260701,8.5,4.0392,275659468.31,22312500000.0,22312500000.0,223.125,223.125,1.26,15.1752,0.8844
002869,金溢科技,深圳,通信设备,主板,20170515,20260701,16.61,1.2188,51767021.55,2938558150.0,2616360692.0,29.3855815,26.16360692,0.95,,1.4576
300590,移为通信,上海,通信设备,创业板,20170111,20260701,14.49,0.9756,249126171.29999998,6697806885.0,5184733554.0,66.97806885,51.84733554,0.9,89.8332,3.5467
603879,永悦科技,江苏,化工原料,主板,20170614,20260701,4.63,2.4336,71739665.0,1663764572.0,1663764572.0,16.63764572,16.63764572,1.18,,7.1801
300610,晨化股份,江苏,化工原料,创业板,20170213,20260701,9.93,1.8462,45622813.0,2106026889.0,1644185568.0,21.06026889,16.44185568,1.23,31.9176,1.7788
300638,广和通,深圳,通信设备,创业板,20170413,20260701,18.8,1.5667,381914763.6,16906198920.0,9972435560.0,169.0619892,99.7243556,1.03,48.7153,2.7063
300996,普联软件,山东,软件服务,创业板,20210603,20260701,12.45,14.3251,356968380.23,4927574295.0,4147711275.0,49.27574295,41.47711275,3.63,66.6078,3.725
300599,雄塑科技,广东,塑料,创业板,20170123,20260701,10.46,3.8729,113726215.0,3746056536.0,1966839824.0,37.46056536,19.66839824,0.97,,1.9161
603335,迪生力,广东,汽车配件,主板,20170620,20260701,9.25,2.2099,698394086.0,3960337550.0,3960337550.0,39.6033755,39.6033755,0.92,81.6889,14.0285
301098,金埔园林,江苏,建筑工程,创业板,20211112,20260701,8.54,4.1463,94230302.31,1976597518.0,1648106418.0000002,19.76597518,16.48106418,0.89,,1.9124
603856,东宏股份,山东,塑料,主板,20171106,20260701,13.76,-0.5061,112614827.0,3881091936.0,3881091936.0,38.81091936,38.81091936,0.75,15.563,1.3886
603488,展鹏科技,江苏,运输设备,主板,20170516,20260701,10.09,-1.8482,106085144.0,2946183136.0,2946183136.0,29.46183136,29.46183136,0.63,,3.8037
601121,宝地矿业,新疆,普钢,主板,20230310,20260701,5.75,1.9504,60108966.0,5659395525.0,4600000000.0,56.59395525,46.0,1.16,40.3273,1.2931
603357,设计总院,安徽,建筑工程,主板,20170801,20260701,6.2,1.9737,18154602.0,3475368460.0,3475368460.0,34.7536846,34.7536846,0.87,9.5029,0.8708
603978,深圳新星,深圳,小金属,主板,20170807,20260701,33.21,5.6634,861455478.0,7010441703.0,7010441703.0,70.10441703,70.10441703,1.1,,4.2266
603619,中曼石油,上海,石油开采,主板,20171117,20260701,18.59,-0.6414,352650690.0,8594872715.0,8594872715.0,85.94872715,85.94872715,0.96,16.8687,1.969
300625,三雄极光,广东,家用电器,创业板,20170317,20260701,9.24,1.7621,24126165.0,2581018440.0,1496619432.0,25.8101844,14.96619432,1.0,,1.3382
300621,维业股份,深圳,装修装饰,创业板,20170316,20260701,6.58,3.622,38656388.0,1369013086.0,1332640820.0,13.69013086,13.3264082,1.14,,2.5496
300701,森霸传感,河南,元器件,创业板,20170915,20260701,9.54,-0.3135,51861258.25,2697292854.0,2376621972.0,26.97292854,23.76621972,0.52,36.3401,2.7194
300637,扬帆新材,浙江,化工原料,创业板,20170412,20260701,10.69,2.9865,125115050.0,2509478569.0,2506674582.0,25.09478569,25.06674582,1.0,165.1749,3.5807
300603,立昂技术,新疆,通信设备,创业板,20170126,20260701,7.82,1.9557,124260005.0,3634721924.0,2924141984.0,36.34721924,29.24141984,1.05,,2.8817
300670,大烨智能,江苏,电气设备,创业板,20170703,20260701,7.09,0.4249,171094763.0,2246966345.0,1593081878.0000002,22.46966345,15.930818780000003,1.42,,5.309
300663,科蓝软件,北京,软件服务,创业板,20170608,20260701,6.93,4.0541,182083471.01000002,3315668202.0,3185423703.0,33.15668202,31.85423703,1.46,,10.3464
603055,台华新材,浙江,纺织,主板,20170921,20260701,7.95,2.0539,35803030.0,7077834915.0,7052054655.000001,70.77834915,70.52054655,0.71,13.3226,1.3105
601019,山东出版,山东,出版业,主板,20171122,20260701,6.47,1.0938,50966024.0,13502243000.0,13502243000.0,135.02243,135.02243,1.29,11.5016,0.8593
603916,苏博特,江苏,化工原料,主板,20171110,20260701,13.47,-1.3909,194078022.0,5742231366.0,5661815466.0,57.42231366,56.61815466,0.4,47.459,1.3476
002887,绿茵生态,天津,环境保护,主板,20170801,20260701,10.37,-0.9551,53769564.0,3173093486.0000005,2252688581.0,31.730934860000005,22.52688581,0.81,26.1329,1.3323
300680,隆盛科技,江苏,汽车配件,创业板,20170725,20260701,23.18,2.0246,248010061.38,6817560202.0,5247154608.0,68.17560202,52.47154608,1.07,28.3712,3.2847
300649,杭州园林,浙江,建筑工程,创业板,20170505,20260701,27.6,-1.3934,88630483.0,3654698160.0,2928746400.0,36.5469816,29.287464,0.92,,8.2739
601162,天风证券,湖北,证券,主板,20181019,20260701,3.71,10.089,1618420500.0,37374485463.0,31898470554.999996,373.74485463,318.98470554999994,1.42,239.8394,1.3641
300660,江苏雷利,江苏,电气设备,创业板,20170602,20260701,28.45,2.1177,381999600.4,16537344875.0,16527398755.0,165.37344875,165.27398755,1.37,55.3184,4.6189
603980,吉华集团,浙江,染料涂料,主板,20170615,20260701,6.62,-0.3012,165494493.0,4480637108.0,4480637108.0,44.80637108,44.80637108,0.64,82.5221,1.1369
603813,原尚股份,广东,公路,主板,20170918,20260701,35.09,1.4162,34924669.0,3684976350.0,3684976350.0,36.8497635,36.8497635,0.95,,7.427
300791,仙乐健康,广东,医疗保健,创业板,20190925,20260701,16.3,1.7478,22761962.8,5031674710.0,4189592260.0000005,50.3167471,41.895922600000006,0.75,36.8536,1.8055
002888,惠威科技,广东,元器件,主板,20170721,20260701,21.66,-1.4559,61514892.0,3197956044.0,1622832180.0,31.97956044,16.2283218,0.68,151.1865,8.4011
600918,中泰证券,山东,证券,主板,20200603,20260701,5.5,3.3835,432490768.0,43550875500.0,25095532550.0,435.508755,250.9553255,1.25,30.3549,0.9745
300640,德艺文创,福建,家居用品,创业板,20170417,20260701,5.76,2.3091,79842919.42,1791321984.0,1271514816.0,17.91321984,12.71514816,0.88,138.6727,2.2048
603305,旭升集团,浙江,汽车配件,主板,20170710,20260701,12.15,0.2475,282209737.0,14041859490.0,14041859490.0,140.4185949,140.4185949,0.82,38.4578,1.5009
603129,春风动力,浙江,摩托车,主板,20170818,20260701,255.7,-0.0391,486625645.0,39245551960.0,39245551960.0,392.4555196,392.4555196,1.05,23.425,4.9032
300712,永福股份,福建,建筑工程,创业板,20171031,20260701,21.66,1.1677,45074049.5,4062248526.0,4044779736.0000005,40.62248526,40.44779736,0.95,172.3934,3.1727
603365,水星家纺,上海,纺织,主板,20171120,20260701,16.55,6.2942,63861173.0,4344313765.0,4321762735.0,43.44313765,43.21762735,2.28,10.6784,1.341
300691,联合光电,广东,元器件,创业板,20170811,20260701,15.98,1.0753,118073877.71,4299398226.0,3527394838.0,42.99398226,35.27394838,0.83,464.1686,2.6134
603183,建研院,江苏,建筑工程,主板,20170905,20260701,3.67,3.3803,52040213.0,1824552611.0,1824552611.0,18.24552611,18.24552611,1.17,249.7351,1.1421
603181,皇马科技,浙江,化工原料,主板,20170824,20260701,16.39,1.0481,195572696.0,9648793000.0,9648793000.0,96.48793,96.48793,0.93,22.0996,2.67
603087,甘李药业,北京,生物制药,主板,20200629,20260701,58.06,2.2903,646849515.0,34679528300.0,32580792838.0,346.795283,325.80792838,1.29,30.3253,2.9324
603283,赛腾股份,江苏,专用机械,主板,20171225,20260701,80.96,-0.0247,4474833268.0,28540521152.0,28540521152.0,285.40521152,285.40521152,1.61,58.8425,8.0117
603429,*ST集友,安徽,广告包装,主板,20170124,20260701,8.39,5.0063,43663891.0,4400433345.0,4400433345.0,44.00433345,44.00433345,1.34,,3.4878
605108,同庆楼,安徽,酒店餐饮,主板,20200716,20260701,11.68,2.8169,39460548.0,3036800000.0,3036800000.0,30.368,30.368,1.16,29.735,1.3016
605296,神农集团,云南,农业综合,主板,20210528,20260701,29.4,5.4519,195298172.0,15428073359.999998,15228741360.0,154.2807336,152.2874136,1.44,45.5154,3.6052
300713,英可瑞,深圳,电气设备,创业板,20171101,20260701,12.79,0.3925,47601204.599999994,2030039032.0,1104743924.0,20.30039032,11.04743924,1.01,,4.5779
300878,维康药业,浙江,中成药,创业板,20200824,20260701,34.95,8.1039,263309421.56,5060424480.0,5037133800.0,50.6042448,50.371338,1.47,,5.5476
002907,华森制药,重庆,中成药,主板,20171020,20260701,14.12,6.4054,173660999.82999998,5896459756.0,4741731804.0,58.96459756,47.41731804,1.5,90.5938,3.4195
603895,天永智能,上海,专用机械,主板,20180122,20260701,28.93,1.9021,42853354.0,3126754400.0,3126754400.0,31.267544,31.267544,0.32,169.9769,15.2352
603912,佳力图,江苏,专用机械,主板,20171101,20260701,7.81,0.3856,131306381.0,4232014463.0,4232014463.0,42.32014463,42.32014463,0.68,,2.4595
300719,安达维尔,北京,航空,创业板,20171109,20260701,11.91,1.7079,53160368.5,3027844761.0000005,2138977641.0,30.278447610000004,21.38977641,0.9,,2.999
300707,威唐工业,江苏,汽车配件,创业板,20171010,20260701,11.49,2.7728,76046248.0,2028458388.0,1675290258.0,20.28458388,16.75290258,1.37,69.3427,1.8119
300827,上能电气,江苏,电气设备,创业板,20200410,20260701,28.9,-6.1384,898177327.0799999,16088387240.0,11185167000.0,160.8838724,111.85167,2.02,34.7745,3.7402
300777,中简科技,江苏,化纤,创业板,20190516,20260701,26.56,1.0654,290672300.18,11678631200.000002,11218580128.0,116.78631200000002,112.18580128,0.79,37.1171,2.5454
603661,恒林股份,浙江,家居用品,主板,20171121,20260701,41.4,3.5,334976461.0,5757373800.0,5757373800.0,57.573738,57.573738,0.98,35.1396,1.5581
002966,苏州银行,江苏,银行,主板,20190802,20260701,7.05,1.2931,296219959.96,31518167100.0,30988138230.0,315.181671,309.8813823,0.86,5.8931,0.6083
300710,万隆光电,浙江,通信设备,创业板,20171019,20260701,32.53,-5.7101,175965066.18,3236419459.0,2426087400.0,32.36419459,24.260874,0.81,,7.468
300943,春晖智控,浙江,机械基件,创业板,20210210,20260701,47.0,4.5606,1599094534.71,9579540000.0,6271003199.999999,95.7954,62.71003199999999,2.71,159.4331,9.3767
300727,润禾材料,浙江,化工原料,创业板,20171127,20260701,38.78,3.6344,569179912.3,6985689592.0,6286587020.000001,69.85689592,62.86587020000001,1.22,58.2285,5.0598
002864,盘龙药业,陕西,中成药,主板,20171116,20260701,26.78,3.7984,61217709.11000001,2846202502.0,1973289656.0,28.46202502,19.73289656,1.04,29.5619,1.6658
603109,神驰机电,重庆,电气设备,主板,20191231,20260701,16.53,2.6708,42849640.0,3452264052.0,3452264052.0,34.52264052,34.52264052,1.24,25.8059,1.7512
300721,怡达股份,江苏,化工原料,创业板,20171115,20260701,35.62,-5.3918,1066734813.1999999,5871843016.0,4928087554.0,58.71843016,49.28087554,0.65,,5.2637
300722,新余国科,江西,航空,创业板,20171110,20260701,22.59,1.3004,97890967.49,6251929335.0,6251929335.0,62.51929335,62.51929335,1.07,75.7966,9.2608
300968,格林精密,广东,元器件,创业板,20210415,20260701,9.66,0.2075,72354305.55999999,3993250800.0,3993250800.0,39.932508,39.932508,1.06,,2.2381
603486,科沃斯,江苏,家用电器,主板,20180528,20260701,51.65,1.7734,345373504.0,29884602195.0,29613661790.0,298.84602195,296.1366179,1.11,16.9962,3.2208
300715,凯伦股份,江苏,其他建材,创业板,20171026,20260701,18.36,11.5431,483216902.92,6941098980.0,5745921732.0,69.4109898,57.45921732,1.39,340.3044,3.9545
601200,上海环境,上海,环境保护,主板,20170331,20260701,6.75,2.2727,57845412.0,9087054525.0,9087054525.0,90.87054525,90.87054525,0.89,15.0662,0.7688
300737,科顺股份,广东,其他建材,创业板,20180125,20260701,6.97,6.0883,388113344.84,7736502749.0,6181641422.0,77.36502749,61.81641422,0.89,,1.9319
300725,药石科技,江苏,化学制药,创业板,20171110,20260701,37.88,3.4973,584738025.0699999,8856620524.0,7678783591.999999,88.56620524,76.78783591999999,1.34,48.2031,1.6107
603666,亿嘉和,江苏,专用机械,主板,20180612,20260701,30.38,9.9928,331876994.0,6244013552.0,6244013552.0,62.44013552,62.44013552,1.82,,2.9472
300786,国林科技,山东,环境保护,创业板,20190723,20260701,25.33,1.0371,482958277.92,4661122747.0,3708165086.0,46.61122747,37.08165086,0.91,,4.168
002873,新天药业,贵州,中成药,主板,20170519,20260701,7.65,4.5082,68627559.39,1867394070.0,1833632325.0000002,18.6739407,18.336323250000003,1.25,204.9497,1.4824
300935,盈建科,北京,软件服务,创业板,20210120,20260701,30.34,3.4083,72584762.0,2409927438.0,1828273230.0,24.09927438,18.2827323,0.95,,3.2786
002981,朝阳科技,广东,元器件,主板,20200417,20260701,20.28,9.9783,101757688.24000001,2788218108.0,2421776760.0,27.88218108,24.2177676,1.55,37.7977,2.6223
301380,挖金客,北京,软件服务,创业板,20221025,20260701,28.9,4.7481,86239341.49000001,2930240360.0,2333345540.0,29.3024036,23.3334554,1.49,68.1049,3.8788
603301,振德医疗,浙江,医疗保健,主板,20180412,20260701,87.85,0.7916,138925778.0,23181524170.0,23181524170.0,231.8152417,231.8152417,0.72,88.8803,4.0492
603279,景津装备,山东,环境保护,主板,20190729,20260701,12.21,1.75,88323342.0,7037514330.0,7037514330.0,70.3751433,70.3751433,0.88,13.519,1.5161
301062,上海艾录,上海,广告包装,创业板,20210914,20260701,5.84,2.2767,65228533.44,2530425864.0,1829341456.0,25.30425864,18.29341456,1.29,,1.8669
300747,锐科激光,湖北,专用机械,创业板,20180625,20260701,48.76,-8.156,2647920918.95,27383616000.0,25451642404.0,273.83616,254.51642404,1.2,169.2108,7.956
300741,华宝股份,西藏,食品,创业板,20180301,20260701,13.02,3.9936,37090358.0,8018758902.0,8018714634.0,80.18758902,80.18714634,1.25,95.6852,1.1729
300839,博汇股份,浙江,石油加工,创业板,20200630,20260701,12.2,4.1845,90396789.45,3598555920.0,3534207020.0,35.9855592,35.3420702,0.94,,4.4651
605178,时空科技,北京,装修装饰,主板,20200821,20260701,104.3,9.9979,702378025.0,10334044000.0,10334044000.0,103.34044,103.34044,0.74,,9.3613
301035,润丰股份,山东,农药化肥,创业板,20210728,20260701,46.81,0.8836,69996043.0,17062493093.0,17037075263.0,170.62493093,170.37075263,0.98,16.3352,2.2196
300894,火星人,浙江,家用电器,创业板,20201231,20260701,12.22,-2.707,178692659.64999998,4964776806.0,3593560830.0,49.64776806,35.9356083,0.82,,5.1224
300698,万马科技,浙江,通信设备,创业板,20170831,20260701,27.89,2.5368,87859443.0,3737260000.0,3306245151.0,37.3726,33.06245151,0.88,79.4439,6.9823
300751,迈为股份,江苏,专用机械,创业板,20181109,20260701,306.5,8.5109,6180641134.650001,85483401700.0,59108279800.00001,854.834017,591.082798,1.42,118.4612,10.6218
300768,迪普科技,浙江,软件服务,创业板,20190412,20260701,14.15,2.7596,96401333.35,9110180350.0,5952447955.0,91.1018035,59.52447955,1.11,50.2676,2.5728
603693,江苏新能,江苏,新型电力,主板,20180703,20260701,12.98,3.0977,133931430.0,11571357182.0,11571357182.0,115.71357182,115.71357182,0.95,22.8026,1.6109
601066,中信建投,北京,证券,主板,20180620,20260701,30.01,3.2336,3657813330.0,232778410948.0,194935086710.0,2327.78410948,1949.3508671,1.05,24.6602,2.698
300902,国安达,福建,专用机械,创业板,20201029,20260701,16.35,-0.2441,61533045.2,2972483955.0,2040404790.0,29.72483955,20.4040479,0.89,,3.6649
603650,彤程新材,上海,化工原料,主板,20180627,20260701,92.49,-5.6032,4597558008.0,56981516670.0,56832644766.0,569.8151667,568.32644766,1.03,101.2915,13.1881
301335,天元宠物,浙江,文教休闲,创业板,20221118,20260701,20.38,3.8207,43090188.309999995,2586279064.0,1783184784.0,25.86279064,17.83184784,1.39,43.9546,1.3346
002940,昂利康,浙江,化学制药,主板,20181023,20260701,29.05,9.9962,590536065.05,5860204210.0,5382232940.0,58.6020421,53.8223294,1.37,46.7167,3.5601
300759,康龙化成,北京,化学制药,创业板,20190128,20260701,29.97,3.5949,2733612024.81,55063389492.0,42558359040.0,550.63389492,425.5835904,1.2,33.093,3.3456
603629,利通电子,江苏,元器件,主板,20181224,20260701,193.4,8.1595,5707714638.0,50732688000.0,49903195400.0,507.32688,499.031954,0.94,173.3923,22.6005
603527,众源新材,安徽,铜,主板,20170907,20260701,11.9,-0.1678,171239553.0,3771957280.0,3771957280.0,37.7195728,37.7195728,0.63,59.7799,1.7781
300877,金春股份,安徽,纺织,创业板,20200824,20260701,28.82,-4.7588,118374964.76,3458402882.0,3458371180.0,34.58402882,34.5837118,0.81,39.8922,2.053
603192,汇得科技,上海,化工原料,主板,20180828,20260701,17.21,1.5939,20032517.0,2877398413.9999995,2399185865.0,28.773984139999996,23.99185865,0.9,35.3971,1.3106
300775,三角防务,陕西,航空,创业板,20190521,20260701,22.26,0.9982,330182257.19,12188485260.0,11834328660.0,121.8848526,118.3432866,0.76,31.3644,2.0696
603657,春光科技,浙江,家用电器,主板,20180730,20260701,27.65,1.5424,198548181.0,3738006265.0,3738006265.0,37.38006265,37.38006265,1.13,,4.2851
300776,帝尔激光,湖北,专用机械,创业板,20190517,20260701,203.91,-5.1405,3287652095.08,58162166895.0,36563571093.0,581.62166895,365.63571093,0.79,112.0176,14.7772
301042,安联锐视,广东,IT设备,创业板,20210805,20260701,64.36,-3.5082,139465906.6,6228574155.999999,5937274360.0,62.28574155999999,59.3727436,1.04,231.1365,5.7892
300705,九典制药,湖南,化学制药,创业板,20171010,20260701,10.25,4.8057,98506091.83999999,5127984800.0,3781102000.0,51.279848,37.81102,1.14,10.8456,1.9323
300835,龙磁科技,安徽,矿物制品,创业板,20200525,20260701,222.6,-3.0023,1867608363.77,26544502404.0,18507900033.0,265.44502404,185.07900033,1.11,157.5468,20.8662
300811,铂科新材,深圳,矿物制品,创业板,20191230,20260701,100.65,6.0702,3595673739.12,40925769555.0,33572481855.0,409.25769555,335.72481855,1.5,97.876,13.0816
601319,中国人保,北京,保险,主板,20181116,20260701,7.25,7.2485,1630994518.0,320623931850.0,257358735350.0,3206.2393185,2573.5873535,2.06,6.8736,1.004
301263,泰恩康,广东,医药商业,创业板,20220329,20260701,21.58,5.3197,265977506.95000002,11018683259.999998,7861665214.0,110.18683259999997,78.61665214,0.99,384.826,6.4936
002967,广电计量,广东,电器仪表,主板,20191108,20260701,19.01,5.3186,229379306.39000002,12114691887.999998,10402779396.0,121.14691887999999,104.02779396,1.61,28.5362,2.4619
601298,青岛港,山东,港口,主板,20190121,20260701,7.99,-0.7453,151967502.0,51863889000.0,43082679250.0,518.63889,430.8267925,1.54,9.8385,1.1013
300795,米奥会展,浙江,文教休闲,创业板,20191022,20260701,8.71,1.7523,34354730.199999996,2603365869.0,1515411092.0,26.03365869,15.15411092,1.04,19.0424,4.1515
301191,菲菱科思,深圳,通信设备,创业板,20220526,20260701,117.0,3.0383,1153894242.51,11336949000.0,8547750900.0,113.36949,85.477509,1.92,174.6044,6.6589
300890,翔丰华,上海,电气设备,创业板,20200917,20260701,34.59,4.281,309009616.82,4136272199.9999995,3780638574.0,41.362722,37.80638574,1.21,76.3596,1.9351
300772,运达股份,浙江,电气设备,创业板,20190426,20260701,12.19,-0.8943,331250566.85,9591673463.0,8507102345.0,95.91673463,85.07102345,1.1,28.2163,1.4239
300763,锦浪科技,浙江,电气设备,创业板,20190319,20260701,82.52,-8.6663,2206796143.78,32848018476.0,26537978139.999996,328.48018476,265.37978139999996,1.9,44.1973,3.6324
300736,百邦科技,北京,通信设备,创业板,20180109,20260701,30.18,-2.6452,131798184.19999999,3861057174.0,3763672350.0,38.61057174,37.6367235,0.62,,58.6726
601187,厦门银行,福建,银行,主板,20201027,20260701,6.8,-0.4392,113137726.0,17946069720.0,17906984680.0,179.4606972,179.0698468,0.96,6.8113,0.6581
001965,招商公路,天津,路桥,主板,20171225,20260701,9.11,-0.5459,83325608.9,61903315450.0,61903315450.0,619.0331545,619.0331545,0.75,13.4276,0.8831
301302,华如科技,北京,软件服务,创业板,20220623,20260701,27.25,1.2259,297951345.99,4247321250.0,3787477500.0,42.4732125,37.874775,1.11,,2.895
001201,东瑞股份,广东,农业综合,主板,20210428,20260701,11.42,5.1565,59716334.88,2943893280.0,2300444800.0,29.4389328,23.004448,1.75,,0.9694
603712,七一二,天津,通信设备,主板,20180226,20260701,13.06,1.3189,146448060.0,10082320000.0,10082320000.0,100.8232,100.8232,0.79,,2.6361
300779,惠城环保,山东,环境保护,创业板,20190522,20260701,49.87,-0.6574,462913799.21000004,14825747573.0,11304616379.0,148.25747573,113.04616379,1.14,253.5738,6.6079
002929,润建股份,广西,通信设备,主板,20180301,20260701,73.57,10.003,2919174554.4500003,21056897068.0,15929572978.999998,210.56897068,159.29572978999997,1.41,555.3541,3.3215
600929,雪天盐业,湖南,食品,主板,20180326,20260701,4.66,2.6432,83362522.0,7642927977.999999,7642927977.999999,76.42927977999999,76.42927977999999,1.11,99.2366,1.0105
300912,凯龙高科,江苏,汽车配件,创业板,20201207,20260701,24.08,1.1765,97629865.0,2742345984.0,2070258736.0,27.42345984,20.70258736,1.04,,6.125
300824,北鼎股份,深圳,家用电器,创业板,20200619,20260701,7.37,2.6462,38486970.0,2405138329.0,2332570361.0,24.05138329,23.32570361,1.19,21.1832,3.067
001236,弘业期货,江苏,多元金融,主板,20220805,20260701,7.35,5.7554,123360355.57,7407166830.0,5571871830.0,74.0716683,55.7187183,1.26,1855.1801,3.9546
603956,威派格,上海,专用机械,主板,20190222,20260701,6.17,-2.0635,323077977.0,3516321871.0,3516321871.0,35.16321871,35.16321871,1.23,,1.9078
603115,海星股份,江苏,铝,主板,20190809,20260701,118.19,-3.0196,823757284.0,28589026376.0,28589026376.0,285.89026376,285.89026376,0.76,138.6243,13.2053
603982,泉峰汽车,江苏,汽车配件,主板,20190522,20260701,5.73,2.5045,39817698.0,2092188597.0,1945641555.0,20.92188597,19.45641555,1.08,,0.9862
603786,科博达,上海,汽车配件,主板,20191015,20260701,42.85,4.7421,216346047.0,17305259595.0,17305259595.0,173.05259595,173.05259595,1.58,20.865,3.0
301168,通灵股份,江苏,电气设备,创业板,20211210,20260701,45.21,0.668,112798309.35,5425200000.0,4309114293.0,54.252,43.09114293,0.76,211.9491,2.5519
300823,建科智能,天津,专用机械,创业板,20200319,20260701,14.86,1.9204,54864534.2,1946402922.0,1259970484.0,19.46402922,12.59970484,0.9,57.5406,2.0045
002930,宏川智慧,广东,仓储物流,主板,20180328,20260701,10.12,10.0,325110248.5,4629798800.0,4385393716.0,46.297988,43.85393716,1.39,,2.3654
601615,明阳智能,广东,电气设备,主板,20190123,20260701,11.57,0.0,1008668234.0,26165516819.000004,26165516819.000004,261.65516819000004,261.65516819000004,1.31,39.6523,0.9919
301015,百洋医药,山东,医药商业,创业板,20210630,20260701,20.1,5.4565,134152765.64,10565044410.000002,10563687660.0,105.65044410000002,105.6368766,1.12,22.257,4.2445
300792,壹网壹创,浙江,互联网,创业板,20190927,20260701,26.8,3.3153,146691324.35999998,6350067040.0,5695903160.0,63.5006704,56.9590316,0.88,59.0358,2.1379
002962,五方光电,湖北,元器件,主板,20190917,20260701,20.66,-6.0055,1000749008.77,6025805098.0,4321741440.0,60.25805098,43.2174144,0.93,162.2819,3.3959
002933,新兴装备,北京,航空,主板,20180828,20260701,25.93,0.3095,50160231.88,3042885500.0,3027164141.0,30.428855,30.27164141,0.99,77.0841,1.978
300805,电声股份,广东,广告包装,创业板,20191121,20260701,7.55,4.1379,76579176.02,3204538248.0,2177052708.0,32.04538248,21.77052708,1.72,92.3466,2.0524
002963,豪尔赛,北京,装修装饰,主板,20191028,20260701,21.26,0.9497,123765405.0,3196651474.0,2614852440.0,31.96651474,26.1485244,0.69,,2.6956
603489,八方股份,江苏,电气设备,主板,20191111,20260701,28.45,1.7525,93487338.0,6674882100.0,6674882100.0,66.748821,66.748821,1.16,64.9186,2.4095
605368,蓝天燃气,河南,供气供热,主板,20210129,20260701,6.18,1.3115,28447430.0,4416449862.0,4416449862.0,44.16449862,44.16449862,1.12,15.6603,1.33
300869,康泰医学,河北,医疗保健,创业板,20200824,20260701,10.76,4.0619,54622191.61,4323403508.0,2842132412.0,43.23403508,28.42132412,1.02,,2.5514
003043,华亚智能,江苏,半导体,主板,20210406,20260701,106.0,6.6506,1564604271.73,14602534030.0,9303285782.0,146.0253403,93.03285782,1.78,172.6258,8.2685
603195,公牛集团,浙江,家用电器,主板,20200206,20260701,38.22,-2.3755,388165088.0,68946854340.0,68821389546.0,689.4685434,688.21389546,1.66,16.9376,3.8699
300815,玉禾田,安徽,环境保护,创业板,20200123,20260701,16.9,3.3639,93507846.61999999,6736204800.0,6597427070.000001,67.362048,65.9742707,1.11,12.0711,1.4325
002977,*ST天箭,四川,通信设备,主板,20200317,20260701,22.08,4.9929,11276531.68,2652249600.0,1471570176.0,26.522496,14.71570176,0.33,,3.1184
603948,建业股份,浙江,化工原料,主板,20200302,20260701,26.51,10.0,84527249.0,4307588692.0,4307588692.0,43.07588692,43.07588692,0.63,18.732,1.9485
300858,科拓生物,北京,食品,创业板,20200727,20260701,15.52,2.1725,90532821.57,4089445504.0,3037887904.0,40.89445504,30.37887904,0.84,43.2657,2.2013
605128,上海沿浦,上海,汽车配件,主板,20200915,20260701,23.53,-2.929,108375413.0,7388107051.0,7388107051.0,73.88107051,73.88107051,0.7,39.3693,3.3691
300812,易天股份,深圳,专用机械,创业板,20200109,20260701,29.65,1.16,691705660.0799999,5814599235.0,5275912105.0,58.14599235,52.75912105,1.23,311.2528,7.4151
605289,罗曼股份,上海,建筑工程,主板,20210426,20260701,159.5,10.0,538825303.0,24341374750.0,24307560750.0,243.4137475,243.0756075,0.69,447.601,17.8695
002976,瑞玛精密,江苏,汽车配件,主板,20200306,20260701,26.98,7.0635,485383887.01,5250599384.0,3284259212.0,52.50599384,32.84259212,1.25,665.0722,3.6476
300842,帝科股份,江苏,电气设备,创业板,20200618,20260701,88.02,-1.2897,623750755.0,12787519194.0,11365265628.0,127.87519194,113.65265628,0.92,,7.9701
300838,浙江力诺,浙江,机械基件,创业板,20200608,20260701,13.74,2.9213,58947378.0,1895817720.0,1397943324.0000002,18.9581772,13.979433240000002,0.89,,1.9932
688218,江苏北人,江苏,专用机械,科创板,20191211,20260701,52.25,-4.9309,344271852.0,6085834425.0,6085834425.0,60.85834425,60.85834425,1.2,,7.1357
300843,胜蓝股份,广东,元器件,创业板,20200702,20260701,159.5,2.08,1601622292.64,26111370654.000004,25600269811.0,261.11370654000007,256.00269811,1.26,233.3604,16.0281
688088,虹软科技,浙江,软件服务,科创板,20190722,20260701,35.85,0.8439,255616205.0,14381958840.0,14381958840.0,143.8195884,143.8195884,0.99,55.6562,5.1887
688008,澜起科技,上海,半导体,科创板,20190722,20260701,315.89,1.9329,27980498749.0,386080764634.0,362144673719.0,3860.80764634,3621.44673719,1.04,172.699,18.5209
688097,博众精工,江苏,专用机械,科创板,20210512,20260701,62.46,-0.9358,602007124.0,27897621588.0,27795249648.0,278.97621588,277.95249648,0.91,47.024,5.8121
300846,首都在线,北京,软件服务,创业板,20200701,20260701,21.98,3.6304,958082483.03,11083988677.999998,9147682558.0,110.83988677999999,91.47682558,1.35,,14.4888
688022,ST瀚川,江苏,专用机械,科创板,20190722,20260701,8.37,3.7175,44535485.0,1472101371.0,1472101371.0,14.72101371,14.72101371,1.13,45.5578,2.2308
688333,铂力特,陕西,机械基件,科创板,20190722,20260701,107.08,4.5703,1871475411.0,29374421176.0,29374421176.0,293.74421176,293.74421176,1.25,144.1369,5.8736
688166,博瑞医药,江苏,化学制药,科创板,20191108,20260701,32.95,-5.884,684004362.0,14359445250.0,14359445250.0,143.5944525,143.5944525,1.55,263.4051,5.8157
688133,泰坦科技,上海,化工原料,科创板,20201030,20260701,21.95,3.8807,108253707.0,3609392150.0000005,3609392150.0000005,36.09392150000001,36.09392150000001,0.88,,1.3267
688033,*ST天宜,北京,电气设备,科创板,20190722,20260701,6.37,2.7419,55020119.0,3581205082.0,3581205082.0,35.81205082,35.81205082,1.05,,2.7003
688028,沃尔德,北京,机械基件,科创板,20190722,20260701,149.98,-3.7788,1268619872.0,22639331020.0,22639331020.0,226.3933102,226.3933102,0.76,239.5465,11.1992
002988,豪美新材,广东,铝,主板,20200518,20260701,21.86,-0.9066,93643225.32,5460719943.0,5460719943.0,54.60719943,54.60719943,0.95,46.1317,2.0303
688006,杭可科技,浙江,电气设备,科创板,20190722,20260701,34.24,-6.3201,510629097.0,20669736128.0,20669736128.0,206.69736128,206.69736128,0.92,56.111,3.737
603332,苏州龙杰,江苏,化纤,主板,20190117,20260701,10.4,2.8684,37438354.0,2250010880.0,2250010880.0,22.5001088,22.5001088,1.11,29.3602,1.7031
300778,新城市,深圳,建筑工程,创业板,20190510,20260701,9.67,1.2565,40085740.489999995,1969389299.0,1968863250.9999998,19.69389299,19.688632509999998,0.69,,1.6389
300762,上海瀚讯,上海,通信设备,创业板,20190314,20260701,45.72,0.1533,2215713706.34,28710596376.0,28710596376.0,287.10596376,287.10596376,0.88,,12.632
301591,肯特股份,江苏,塑料,创业板,20240228,20260701,45.84,-3.0867,274462250.76000005,5012879040.0,2048805048.0,50.1287904,20.48805048,0.83,75.9712,5.4503
002996,顺博合金,重庆,铝,主板,20200828,20260701,6.11,3.5593,77798047.03,4090259459.0,2543644935.0,40.90259459,25.43644935,1.29,18.4542,1.2361
002943,宇晶股份,湖南,机床制造,主板,20181129,20260701,48.65,9.9932,998580523.14,12981571399.999998,9187659530.0,129.81571399999999,91.8765953,0.99,986.9609,14.9995
002938,鹏鼎控股,深圳,元器件,主板,20180918,20260701,102.4,-2.8279,4967479416.400001,237315758079.99997,236480788480.0,2373.1575808,2364.8078848,0.84,63.49,6.849
300789,唐源电气,四川,运输设备,创业板,20190828,20260701,17.86,0.5065,45045756.0,2569144926.0,1524081314.0000002,25.69144926,15.240813140000002,0.78,97.8607,2.4225
301419,阿莱德,上海,通信设备,创业板,20230209,20260701,51.16,-0.8335,509279180.1,7674005116.0,5072938628.0,76.74005116,50.72938628,0.95,120.6681,7.8914
300594,ST朗进,山东,运输设备,创业板,20190621,20260701,14.51,4.7653,30512683.0,1333084485.0,1320306979.0,13.33084485,13.20306979,0.84,,1.7455
603187,海容冷链,山东,机械基件,主板,20181129,20260701,11.69,1.7406,67413289.0,4517204209.0,4469810611.0,45.17204209,44.69810611,1.2,11.6253,1.0489
300813,泰林生物,浙江,医疗保健,创业板,20200114,20260701,19.81,3.7716,47549044.06,2400956152.0,1506572291.0,24.00956152,15.06572291,1.07,145.641,2.9772
002957,科瑞技术,深圳,专用机械,主板,20190726,20260701,51.33,-6.4004,1144688314.9,21557701725.0,21490777671.0,215.57701725,214.90777671,0.66,78.9416,6.5126
601698,中国卫通,北京,电信运营,主板,20190628,20260701,30.8,1.8182,1809393532.0,130111070320.0,130111070320.0,1301.1107032,1301.1107032,1.1,294.8784,8.1449
603867,新化股份,浙江,化工原料,主板,20190627,20260701,36.5,8.9878,563435933.0,7938264550.0,7872564550.0,79.3826455,78.7256455,1.27,30.4801,2.5294
603687,大胜达,浙江,广告包装,主板,20190726,20260701,20.92,3.105,1116803486.0,11506667348.0,11506667348.0,115.06667348,115.06667348,0.88,149.2113,3.5164
601077,渝农商行,重庆,银行,主板,20191029,20260701,6.18,1.1457,365313852.0,70186260618.0,54620338032.0,701.86260618,546.20338032,0.98,5.7869,0.5162
002982,湘佳股份,湖南,农业综合,主板,20200424,20260701,11.61,10.0474,125763133.26,2359082340.0,1510358832.0,23.5908234,15.10358832,2.05,71.6029,1.4525
601138,工业富联,深圳,通信设备,主板,20180608,20260701,70.0,-2.9799,11646584106.0,1389086461000.0,1389086461000.0,13890.86461,13890.86461,0.79,39.367,7.8828
300790,宇瞳光学,广东,元器件,创业板,20190920,20260701,24.75,-5.2087,966339982.0,12939176250.0,11369504025.0,129.3917625,113.69504025,0.92,52.5681,4.7648
603529,爱玛科技,天津,摩托车,主板,20210615,20260701,19.62,0.5638,99292559.0,17028060660.000002,16629137009.999998,170.28060660000003,166.2913701,0.81,8.3697,1.7223
300808,久量股份,湖北,家用电器,创业板,20191129,20260701,22.16,0.0,32716974.0,3545600000.0,2634815136.0,35.456,26.34815136,0.69,,3.7765
603390,通达电气,广东,汽车配件,主板,20191125,20260701,10.54,0.9579,74057172.0,3706412080.0,3694417560.0,37.0641208,36.9441756,1.02,43.493,2.1662
603610,麒盛科技,浙江,家居用品,主板,20191029,20260701,18.61,3.6192,337566814.0,6569173676.0,6569173676.0,65.69173676,65.69173676,2.13,62.5989,2.111
300816,艾可蓝,安徽,汽车配件,创业板,20200210,20260701,72.92,-0.3825,186617695.0,5833600000.0,4255997676.0,58.336,42.55997676,1.11,61.3781,6.1012
300898,熊猫乳品,浙江,乳制品,创业板,20201016,20260701,18.7,3.2009,56571509.28,2318800000.0,2145452870.0,23.188,21.4545287,1.27,21.468,2.2301
300821,东岳硅材,山东,化工原料,创业板,20200312,20260701,22.13,7.6362,2837788407.11,26556002213.0,26551370404.0,265.56002213,265.51370404,1.44,,5.1805
300892,品渥食品,上海,乳制品,创业板,20200924,20260701,19.68,4.7923,64625541.160000004,1968000000.0,1270590000.0,19.68,12.7059,1.32,391.9126,1.8972
300861,美畅股份,陕西,矿物制品,创业板,20200824,20260701,25.03,-0.6352,1244233160.7900002,16816167715.0,10559278447.0,168.16167715,105.59278447,1.32,68.9491,2.5445
002975,博杰股份,广东,专用机械,主板,20200205,20260701,135.4,-4.6479,1222039559.9199998,28180896780.0,18597731600.0,281.8089678,185.977316,0.63,192.5928,11.9744
603221,爱丽家居,江苏,家居用品,主板,20200323,20260701,10.0,1.3171,19443148.0,2445400000.0,2422700000.0,24.454,24.227,0.71,142.3587,1.5566
300833,浩洋股份,广东,专用机械,创业板,20200520,20260701,30.2,0.0663,34912045.36,3820013100.0,2453861740.0,38.200131,24.5386174,0.94,22.2018,1.5362
601975,招商南油,江苏,水运,主板,20190108,20260701,3.75,0.5362,811926873.0,17551292625.0,17551292625.0,175.51292625,175.51292625,0.67,13.3827,1.4648
601827,三峰环境,重庆,环境保护,主板,20200605,20260701,7.41,1.9257,26478313.0,12389025753.0,12389025753.0,123.89025753,123.89025753,0.7,10.0645,0.9933
601778,晶科科技,江西,新型电力,主板,20200519,20260701,4.3,0.7026,601453054.0,16009091350.0,16009091350.0,160.0909135,160.0909135,1.02,48.5344,1.019
001313,粤海饲料,广东,饲料,主板,20220216,20260701,7.8,10.0141,192517191.0,5460000000.0,5453395740.0,54.6,54.5339574,1.8,306.8302,2.1304
002983,芯瑞达,安徽,元器件,主板,20200428,20260701,27.99,1.1199,320358868.98,6244994448.000001,3587128425.0000005,62.449944480000006,35.87128425,1.39,49.7927,4.4979
688526,科前生物,湖北,农业综合,科创板,20200922,20260701,12.72,5.124,28344951.0,5929149432.0,5929149432.0,59.29149432,59.29149432,1.96,14.1601,1.3749
688499,利元亨,广东,专用机械,科创板,20210701,20260701,51.7,-1.6175,377004663.0,8723263450.0,8723263450.0,87.2326345,87.2326345,0.7,169.3637,3.7225
688002,睿创微纳,山东,通信设备,科创板,20190722,20260701,149.0,-3.6783,1714428705.0,70022818200.0,70022818200.0,700.228182,700.228182,1.1,62.2632,9.8397
688278,特宝生物,福建,生物制药,科创板,20200117,20260701,57.4,5.5147,290834868.0,23430077300.0,23430077300.0,234.300773,234.300773,1.37,22.7204,6.4539
688288,鸿泉技术,浙江,IT设备,科创板,20191106,20260701,18.08,1.7445,38496553.0,1804631696.0,1804631696.0,18.04631696,18.04631696,1.21,59.7003,2.4038
688015,交控科技,北京,运输设备,科创板,20190722,20260701,15.59,1.3654,33279000.0,2941532113.0000005,2941532113.0000005,29.415321130000006,29.415321130000006,1.32,18.8043,1.0955
688158,优刻得-W,上海,软件服务,科创板,20200120,20260701,36.81,0.136,1115014645.0,16958554731.0,15087458259.0,169.58554731,150.87458259,1.01,,7.0029
688003,天准科技,江苏,专用机械,科创板,20190722,20260701,130.74,2.7023,1459826279.0,25465811754.0,25465811754.0,254.65811754,254.65811754,1.17,334.5117,12.8921
002986,宇新股份,广东,化工原料,主板,20200602,20260701,12.27,3.7194,80039707.36,4664089578.0,3703544898.0,46.64089578,37.03544898,0.56,,1.2283
688068,热景生物,北京,医疗保健,科创板,20190930,20260701,93.0,7.3903,489017129.0,8626131300.0,8626131300.0,86.261313,86.261313,1.67,,3.5469
688030,山石网科,江苏,软件服务,科创板,20190930,20260701,16.2,2.5966,77138550.0,2919821580.0,2919821580.0,29.1982158,29.1982158,1.39,,4.2909
688023,安恒信息,浙江,软件服务,科创板,20191105,20260701,37.75,2.805,94587878.0,3857110025.0,3857110025.0,38.57110025,38.57110025,1.16,,1.7302
688787,海天瑞声,北京,软件服务,科创板,20210813,20260701,132.9,-1.0793,389870317.0,8017219080.000001,8017219080.000001,80.17219080000001,80.17219080000001,0.93,567.8535,10.6782
688169,石头科技,北京,家用电器,科创板,20200221,20260701,95.87,0.9477,583910430.0,24855371244.0,24855371244.0,248.55371244,248.55371244,0.89,18.2315,1.7389
688258,卓易信息,江苏,软件服务,科创板,20191209,20260701,121.45,2.5414,451477812.0,14712720190.0,14712720190.0,147.1272019,147.1272019,0.98,184.5151,15.3625
605188,国光连锁,江西,超市连锁,主板,20200728,20260701,11.88,1.6253,52641485.0,5968018980.0,5968018980.0,59.6801898,59.6801898,1.05,381.2684,4.875
688198,佰仁医疗,北京,医疗保健,科创板,20191209,20260701,91.87,2.9471,132354386.99999999,12654917947.0,12654917947.0,126.54917947,126.54917947,1.06,65.3765,9.2463
688009,中国通号,北京,运输设备,科创板,20190722,20260701,4.88,2.521,184143706.0,51678316720.0,42070567840.0,516.7831672,420.7056784,1.1,14.0186,1.0792
689009,九号公司-WD,北京,摩托车,科创板,20201029,20260701,38.82,1.7562,739887929.0,28386814440.0,21800457960.0,283.8681444,218.0045796,0.93,16.1456,3.8341
688178,万德斯,江苏,环境保护,科创板,20200114,20260701,35.28,4.3478,97691050.0,2998722383.9999995,2998722383.9999995,29.987223839999995,29.987223839999995,1.16,,3.229
688025,杰普特,深圳,专用机械,科创板,20191031,20260701,433.0,-7.8723,1775342842.0,41156390200.0,41156390200.0,411.563902,411.563902,0.74,147.6258,17.1176
688101,三达膜,陕西,环境保护,科创板,20191115,20260701,17.34,4.9002,104068116.0,5757089814.000001,5757089814.000001,57.57089814000001,57.57089814000001,1.59,15.22,1.2716
605050,福然德,上海,仓储物流,主板,20200924,20260701,9.55,2.0299,33067390.0,4706518860.0,4706518860.0,47.0651886,47.0651886,1.03,12.535,1.0538
688089,嘉必优,湖北,食品,科创板,20191219,20260701,11.0,3.6758,49451434.0,1851400100.0,1851400100.0,18.514001,18.514001,1.52,12.8816,1.1655
688021,奥福科技,山东,汽车配件,科创板,20191106,20260701,20.36,5.1653,81130006.0,1555782931.9999998,1555782931.9999998,15.557829319999998,15.557829319999998,1.85,105.7668,1.7612
688358,祥生医疗,江苏,医疗保健,科创板,20191203,20260701,35.63,16.5522,132346760.00000001,3995035128.0000005,3989690628.0,39.95035128000001,39.89690628,2.55,34.2922,2.8142
301237,和顺科技,浙江,塑料,创业板,20220323,20260701,78.3,5.6965,487841632.09999996,6264000000.0,4560975000.0,62.64,45.60975,1.31,,5.4452
688020,方邦股份,广东,元器件,科创板,20190722,20260701,270.08,8.2051,1448664447.0,22252701440.0,22252701440.0,222.5270144,222.5270144,1.15,,16.9134
688029,南微医学,江苏,医疗保健,科创板,20190722,20260701,73.31,2.1031,158315866.0,13771092893.999998,13771092893.999998,137.71092893999997,137.71092893999997,1.21,24.1459,3.2463
688202,美迪西,上海,医疗保健,科创板,20191105,20260701,82.31,1.9824,697032208.0,11058529582.0,11058529582.0,110.58529582,110.58529582,1.04,,5.6469
688098,申联生物,上海,农业综合,科创板,20191028,20260701,8.8,2.4447,37257801.0,3613667199.9999995,3613667199.9999995,36.136672,36.136672,0.85,,2.6047
688656,浩欧博,江苏,医疗保健,科创板,20210113,20260701,101.97,5.3736,63009826.0,6476991642.0,6476991642.0,64.76991642,64.76991642,0.98,279.1712,7.8347
688399,硕世生物,江苏,医疗保健,科创板,20191205,20260701,45.42,0.0661,46877750.0,3809452614.0,3809452614.0,38.09452614,38.09452614,0.81,,1.2925
688357,建龙微纳,河南,化工原料,科创板,20191204,20260701,28.85,-2.1038,59097735.0,2886728115.0,2886728115.0,28.86728115,28.86728115,1.05,29.2998,1.6408
688128,中国电研,广东,专用机械,科创板,20191105,20260701,23.81,0.2949,89244948.0,9631145000.0,9631145000.0,96.31145,96.31145,0.97,18.0205,2.6712
688181,八亿时空,北京,元器件,科创板,20200106,20260701,64.38,2.8435,1046174137.0,8657918970.0,8657918970.0,86.5791897,86.5791897,0.99,106.7972,4.1447
688051,佳华科技,北京,软件服务,科创板,20200320,20260701,23.8,3.5683,36069722.0,1840549200.0000002,1840549200.0000002,18.405492000000002,18.405492000000002,0.76,,3.1799
688298,东方生物,浙江,医疗保健,科创板,20200205,20260701,19.06,6.7189,42106941.0,3842496000.0,3842496000.0,38.42496,38.42496,1.34,,0.6519
002990,盛视科技,深圳,软件服务,主板,20200525,20260701,78.3,-0.8861,1107689669.98,20503027260.0,10806856380.0,205.0302726,108.0685638,0.85,240.3227,8.2163
003032,传智教育,江苏,文教休闲,主板,20210112,20260701,5.32,3.301,82484707.0,2141020700.0,1513442112.0,21.410207,15.13442112,0.93,,1.8296
688505,复旦张江,上海,化学制药,科创板,20200619,20260701,7.82,5.9621,93566501.0,8105993822.0,5556673822.0,81.05993822,55.56673822,1.49,,3.8169
688599,天合光能,江苏,电气设备,科创板,20200610,20260701,14.66,3.8244,848945713.0,34342042481.999996,34342042481.999996,343.42042481999994,343.42042481999994,1.43,,1.6829
301073,君亭酒店,浙江,酒店餐饮,创业板,20210930,20260701,19.14,5.1648,113807718.96,3721794054.0,3402915912.0000005,37.21794054,34.02915912,1.81,161.223,4.2021
300885,海昌新材,江苏,机械基件,创业板,20200910,20260701,24.26,2.0614,143637467.63,6020162668.0,4051851828.0,60.20162668,40.51851828,0.96,109.0134,6.5811
003001,中岩大地,北京,建筑工程,主板,20201013,20260701,13.57,4.7876,74557558.25,2368648847.0,1551954518.0,23.68648847,15.51954518,1.25,171.2796,1.9808
605066,天正电气,浙江,电气设备,主板,20200807,20260701,6.81,0.2946,71760138.0,3421569411.0,3421569411.0,34.21569411,34.21569411,0.83,37.0703,1.9104
605180,华生科技,浙江,纺织,主板,20210430,20260701,12.1,2.1097,30521549.0,2044900000.0,2044900000.0,20.449,20.449,0.93,78.0067,1.7805
605222,起帆电缆,上海,电气设备,主板,20200731,20260701,23.43,0.4717,275301705.0,9674425068.0,9674425068.0,96.74425068,96.74425068,1.61,56.6503,2.0555
603408,建霖家居,福建,家居用品,主板,20200730,20260701,9.87,2.2798,20207099.0,4417545510.0,4417545510.0,44.1754551,44.1754551,1.11,10.0236,1.2602
300875,捷强装备,天津,专用机械,创业板,20200824,20260701,29.97,4.9002,113518916.4,2992048956.0,2631117248.9999995,29.92048956,26.311172489999993,1.67,,3.522
605009,豪悦护理,浙江,造纸,主板,20200911,20260701,23.96,2.7885,58955510.0,5152310480.0,5152310480.0,51.5231048,51.5231048,0.92,22.2104,1.4788
605116,奥锐特,浙江,化学制药,主板,20200921,20260701,19.76,4.4397,98730124.0,8026180032.0,8026180032.0,80.26180032,80.26180032,1.27,17.8673,2.9733
605318,法狮龙,浙江,其他建材,主板,20200803,20260701,109.88,-2.6404,277281649.0,13815102520.0,13815102520.0,138.1510252,138.1510252,0.61,,21.6049
605369,拱东医疗,浙江,医疗保健,主板,20200916,20260701,18.61,6.1003,85553624.0,4103372869.0,4103372869.0,41.03372869,41.03372869,0.61,79.666,2.3889
601665,齐鲁银行,山东,银行,主板,20210618,20260701,5.83,1.0399,272486730.0,35876901775.0,35876901775.0,358.76901775,358.76901775,1.03,6.2793,0.7093
003019,宸展光电,福建,元器件,主板,20201117,20260701,31.99,-1.7204,209116020.48000002,5660707276.0,5471732749.0,56.60707276,54.71732749,0.79,29.1515,3.2854
301418,协昌科技,江苏,电气设备,创业板,20230821,20260701,53.82,-3.6865,306726873.34,3946798206.0,1584261666.0,39.46798206,15.84261666,0.79,798.5493,2.4435
300873,海晨股份,江苏,仓储物流,创业板,20200824,20260701,28.72,20.0167,1523997139.54,9254936712.0,6718412160.0,92.54936712,67.1841216,4.17,34.9675,2.8776
688266,泽璟制药,江苏,生物制药,科创板,20200123,20260701,130.0,11.4349,1523836406.0,34412066000.0,34412066000.0,344.12066,344.12066,1.34,,20.0881
301051,信濠光电,深圳,元器件,创业板,20210827,20260701,19.38,-0.1031,530023700.3500001,5508974304.0,4376722998.0,55.08974304,43.76722998,0.86,,2.824
003011,海象新材,浙江,家居用品,主板,20200930,20260701,18.0,0.7275,58412859.0,1848168000.0,1383211800.0,18.48168,13.832118,0.9,18.5818,1.3312
605122,四方新材,重庆,水泥,主板,20210310,20260701,10.88,0.9276,40062421.0,1875211520.0,1875211520.0,18.7521152,18.7521152,1.32,,1.0787
300909,汇创达,深圳,元器件,创业板,20201118,20260701,57.53,-1.1852,318805167.5,9951136690.0,7030804583.000001,99.5113669,70.30804583000001,0.62,676.8683,4.995
688396,华润微,江苏,半导体,科创板,20200227,20260701,93.45,-4.203,4472235853.0,124121289915.0,124121289915.0,1241.21289915,1241.21289915,0.96,187.9079,5.3621
688360,德马科技,浙江,机械基件,科创板,20200602,20260701,17.88,-0.1117,117457482.0,4715773116.0,4715773116.0,47.15773116,47.15773116,0.75,49.5552,3.1671
688208,道通科技,深圳,IT设备,科创板,20200213,20260701,25.38,0.7543,342230492.0,17009264844.0,17009264844.0,170.09264844,170.09264844,1.07,18.1747,4.4126
688516,奥特维,江苏,专用机械,科创板,20200521,20260701,56.5,-1.5508,760260881.0,17783968250.0,17783968250.0,177.8396825,177.8396825,0.92,40.0075,4.8373
688081,兴图新科,湖北,软件服务,科创板,20200106,20260701,39.68,-2.9354,84261194.0,4088627199.9999995,4088627199.9999995,40.886272,40.886272,0.83,,10.3674
601658,邮储银行,北京,银行,主板,20191210,20260701,4.93,0.0,587714916.0,592068613755.0,357562056958.0,5920.68613755,3575.62056958,0.73,6.7739,0.5735
300930,屹通新材,浙江,小金属,创业板,20210121,20260701,28.36,-0.4912,83804965.0,2836000000.0,1336465000.0,28.36,13.36465,0.74,50.3571,2.9979
300872,天阳科技,西藏,软件服务,创业板,20200824,20260701,17.54,11.0127,441486167.16999996,8561644094.0,7402611418.0,85.61644094,74.02611418,1.59,,2.3056
300905,宝丽迪,江苏,染料涂料,创业板,20201105,20260701,48.9,-3.3597,836251024.05,8753867730.0,6828699179.999999,87.5386773,68.2869918,1.24,57.8481,4.4166
605298,必得科技,江苏,运输设备,主板,20210301,20260701,52.98,1.9827,89463120.0,9952293000.0,9867577980.0,99.52293,98.6757798,0.98,175.2787,9.2987
605196,华通线缆,河北,电气设备,主板,20210511,20260701,26.09,-0.0383,361487632.0,13331264698.0,13174479452.0,133.31264698,131.74479452,0.74,46.6627,3.9374
301587,中瑞股份,江苏,电气设备,创业板,20240408,20260701,21.82,-0.5923,68059820.41,3214696960.0,1602744460.0,32.1469696,16.0274446,0.98,62.7784,1.6108
605208,永茂泰,上海,铝,主板,20210308,20260701,16.55,3.7618,302161243.0,5460507000.0,5460507000.0,54.60507,54.60507,1.75,80.8921,2.4569
003030,祖名股份,浙江,食品,主板,20210106,20260701,20.4,-0.7299,52333520.0,2545512000.0,1651561560.0,25.45512,16.5156156,0.93,100.6299,2.5334
688177,百奥泰,广东,生物制药,科创板,20200221,20260701,17.99,6.956,92568388.0,7449299200.0,7449299200.0,74.492992,74.492992,1.5,,33.2375
688222,成都先导,四川,化学制药,科创板,20200416,20260701,33.32,3.7683,906223578.0,13350657600.0,13350657600.0,133.506576,133.506576,1.17,121.9178,8.6801
688277,天智航,北京,医疗保健,科创板,20200707,20260701,17.6,2.924,156390806.0,8209430240.0,8209430240.0,82.0943024,82.0943024,0.85,,7.0967
605305,中际联合,北京,工程机械,主板,20210506,20260701,42.23,0.7395,199258665.0,8974719600.0,8974719600.0,89.747196,89.747196,0.79,16.9227,2.9292
688521,芯原股份,上海,半导体,科创板,20200818,20260701,342.1,-7.8245,10260105368.0,179915624130.0,179915624130.0,1799.1562413,1799.1562413,1.02,,57.1705
688312,燕麦科技,深圳,专用机械,科创板,20200608,20260701,80.11,-4.6196,453723991.0,11753338650.0,11753338650.0,117.5333865,117.5333865,0.81,86.1396,7.6316
603171,税友股份,浙江,软件服务,主板,20210630,20260701,40.53,1.7064,170122239.0,16469162850.0,16450721700.0,164.6916285,164.507217,0.78,120.8817,6.3927
688488,艾迪药业,江苏,生物制药,科创板,20200720,20260701,14.14,10.0389,204688843.0,5949868792.0,5949868792.0,59.49868792,59.49868792,1.59,,6.1055
300960,通业科技,深圳,运输设备,创业板,20210329,20260701,15.6,0.3215,29242914.66,2253331080.0,2041701479.9999998,22.5333108,20.417014799999997,1.05,42.7103,3.5488
300716,*ST泉为,广东,塑料,创业板,20171109,20260701,22.36,-2.698,134372519.0,3578047199.9999995,3578047199.9999995,35.780471999999996,35.780471999999996,1.03,,
600933,爱柯迪,浙江,汽车配件,主板,20171117,20260701,14.66,-0.8119,167479924.0,15100081472.0,14381650580.0,151.00081472,143.8165058,0.84,12.8899,1.5355
603613,国联股份,北京,互联网,主板,20190730,20260701,18.84,2.2801,296496489.0,13574932152.0,13574932152.0,135.74932152,135.74932152,1.19,10.2672,1.4481
300859,西域旅游,新疆,旅游服务,创业板,20200806,20260701,27.72,3.8591,103610117.67999999,4296600000.0,4296600000.0,42.966,42.966,1.08,57.5323,5.6901
603068,博通集成,上海,半导体,主板,20190415,20260701,39.0,-3.0574,362018062.0,5919704700.0,5919704700.0,59.197047,59.197047,0.95,266.1997,3.3722
300803,指南针,北京,软件服务,创业板,20191118,20260701,96.42,5.1816,4194907640.4999995,58796134998.0,58366805664.0,587.96134998,583.66805664,1.45,257.9726,20.5179
001296,长江材料,重庆,其他建材,主板,20211224,20260701,19.74,2.9734,94311672.02,2952928314.0000005,1521888858.0,29.529283140000004,15.21888858,0.76,23.8238,1.6255
300750,宁德时代,福建,电气设备,创业板,20180611,20260701,383.84,-2.3333,16758898184.0,1775884546064.0002,1634011486080.0,17758.84546064,16340.1148608,1.21,24.5963,4.9708
002950,奥美医疗,湖北,医疗保健,主板,20190311,20260701,9.19,3.3746,129755668.5,5819709945.0,3948219747.0,58.19709945,39.48219747,0.72,23.3832,1.5739
603351,威尔药业,江苏,化学制药,主板,20190130,20260701,26.85,9.9959,88365363.0,3636539834.9999995,3636539834.9999995,36.36539834999999,36.36539834999999,2.8,24.088,1.9825
002949,华阳国际,深圳,建筑工程,主板,20190226,20260701,10.19,3.0334,34739656.0,1997726063.0000002,1547719359.0,19.977260630000004,15.47719359,1.06,22.0523,1.3609
603348,文灿股份,广东,汽车配件,主板,20180426,20260701,13.64,1.8671,35271515.0,4289469008.0,4289469008.0,42.89469008,42.89469008,0.94,,1.1018
003004,声迅股份,北京,IT设备,主板,20201126,20260701,79.32,-2.7345,326836482.22,6493401795.0,5452642092.0,64.93401795,54.52642092,0.89,,10.288
603583,捷昌驱动,浙江,电气设备,主板,20180921,20260701,23.5,3.0702,147681600.0,9065383500.0,8982804500.0,90.653835,89.828045,1.07,22.8228,1.9267
603863,松炀资源,广东,造纸,主板,20190621,20260701,12.58,2.2764,131098853.0,2574497000.0,2574497000.0,25.74497,25.74497,1.2,,10.6311
002951,金时科技,四川,广告包装,主板,20190315,20260701,13.35,-0.0749,78866432.0,5406750000.0,5355010740.0,54.0675,53.5501074,0.68,,3.5613
300970,华绿生物,江苏,种植业,创业板,20210412,20260701,19.15,4.7593,168023928.68,3038871370.0,2345503490.0,30.3887137,23.4550349,1.81,27.5589,1.7416
002956,西麦食品,广西,食品,主板,20190619,20260701,21.0,1.1561,111493039.22999999,6563459700.0,6562726800.000001,65.634597,65.62726800000002,1.14,38.2233,3.8216
002932,*ST明德,湖北,医疗保健,主板,20180710,20260701,14.64,2.0209,37345638.25,3404106810.0,2285230727.0,34.0410681,22.85230727,0.86,,0.6159
603927,中科软,北京,软件服务,主板,20190909,20260701,12.92,1.6522,165800065.0,10737036800.0,10737036800.0,107.370368,107.370368,1.09,47.945,3.3813
603212,赛伍技术,江苏,塑料,主板,20200430,20260701,13.46,9.9673,492212490.0,5888623476.0,5888623476.0,58.88623476,58.88623476,1.52,,2.4631
603236,移远通信,上海,通信设备,主板,20190716,20260701,53.08,3.7327,930940186.0,21388734624.0,21388734624.0,213.88734624,213.88734624,1.88,25.5519,3.0574
603530,神马电力,江苏,电气设备,主板,20190805,20260701,48.62,-4.4794,175470184.0,20988505252.0,20783338576.0,209.88505252,207.83338576,1.34,48.6208,11.0348
300851,交大思诺,北京,运输设备,创业板,20200717,20260701,22.77,2.3371,39831127.0,1979473518.0,1123458138.0,19.79473518,11.23458138,1.22,26.553,1.4786
002984,森麒麟,山东,汽车配件,主板,20200911,20260701,13.26,1.4537,234652482.80999997,13741162967.999998,9466695888.0,137.41162967999998,94.66695888,1.43,12.2163,1.0156
300796,贝斯美,浙江,农药化肥,创业板,20191115,20260701,6.46,2.7027,35397635.52,2332983134.0,2332983134.0,23.32983134,23.32983134,1.19,96.93,1.3595
603551,奥普科技,浙江,家居用品,主板,20200115,20260701,9.06,0.7786,19950937.0,3485234322.0,3441746322.0,34.85234322,34.41746322,0.82,11.7242,2.4023
603995,甬金股份,浙江,特种钢,主板,20191224,20260701,23.43,0.9479,208534555.0,8519370585.0,8519370585.0,85.19370585,85.19370585,0.65,15.5267,1.4417
300860,锋尚文化,北京,文教休闲,创业板,20200824,20260701,26.47,3.3984,102559098.92,4988290029.0,2896265343.0,49.88290029,28.96265343,1.14,,1.5948
300797,钢研纳克,北京,电器仪表,创业板,20191101,20260701,13.87,4.6003,64647043.489999995,5308440273.0,5294101106.0,53.08440273,52.94101106,1.49,34.0904,3.9355
300793,佳禾智能,广东,IT设备,创业板,20191018,20260701,11.45,1.7778,94791562.8,4357248586.0,4260398761.0,43.57248586,42.60398761,1.11,,1.5598
300819,聚杰微纤,江苏,纺织,创业板,20200312,20260701,69.02,-6.7549,620477877.2,10298136002.0,9301293946.0,102.98136002,93.01293946,0.86,183.2933,11.6843
605339,南侨食品,上海,食品,主板,20210518,20260701,12.31,3.0988,14290934.0,5223017286.0,5223017286.0,52.23017286,52.23017286,0.96,128.4297,1.5264
603950,长源东谷,湖北,汽车配件,主板,20200526,20260701,87.3,3.3993,1622846836.0,28296618840.0,28273746240.0,282.9661884,282.7374624,1.61,72.7443,9.1397
002968,新大正,重庆,房产服务,主板,20191203,20260701,8.64,2.1277,36380606.0,1955040192.0,1840419359.9999998,19.55040192,18.4041936,1.13,20.6071,1.5691
301020,密封科技,山东,汽车配件,创业板,20210706,20260701,21.39,-2.0604,79896607.52000001,3131496000.0,3131496000.0,31.31496,31.31496,0.58,35.3821,3.1016
605090,九丰能源,江西,供气供热,主板,20210525,20260701,37.6,1.1568,970334682.0,26542452880.0,26490215200.0,265.4245288,264.902152,1.22,17.9359,2.2591
002972,科安达,深圳,运输设备,主板,20191227,20260701,19.0,-2.863,249243815.20000002,4674167200.0,2558279700.0,46.741672,25.582797,0.97,53.459,3.6975
603290,斯达半导,浙江,半导体,主板,20200204,20260701,151.89,-0.6865,3443663605.0,36373629915.0,36373629915.0,363.73629915,363.73629915,1.58,89.7596,5.2231
600956,新天绿能,河北,供气供热,主板,20200629,20260701,7.09,1.4306,73563750.0,31994994079.0,16647948883.0,319.94994079,166.47948883,0.82,17.5187,1.2938
002980,华盛昌,深圳,电器仪表,主板,20200415,20260701,109.3,-6.2125,1015947698.1999999,20701540230.0,11070669100.0,207.0154023,110.706691,0.84,232.4595,18.3359
300826,测绘股份,江苏,建筑工程,创业板,20200403,20260701,13.72,-2.0,114497109.6,3131178400.0000005,3012147796.0,31.311784000000007,30.12147796,0.86,257.2499,2.0855
300928,华安鑫创,北京,汽车配件,创业板,20210106,20260701,29.18,1.0388,37664583.0,2334400000.0,1563703676.0,23.344,15.63703676,0.85,,2.3059
605111,新洁能,江苏,半导体,主板,20200928,20260701,92.2,-7.0002,4598218076.0,38293665720.0,38293665720.0,382.9366572,382.9366572,1.32,97.2829,8.8199
605358,立昂微,浙江,半导体,主板,20200911,20260701,79.84,2.8866,8139887316.0,61652400096.00001,61652400096.00001,616.5240009600001,616.5240009600001,0.96,,8.8334
605198,安德利,山东,软饮料,主板,20200918,20260701,65.36,3.1566,303518957.0,21842527680.0,17682232960.0,218.4252768,176.8223296,0.81,66.1203,7.6575
603439,三力制药,贵州,中成药,主板,20200428,20260701,13.49,6.9786,191725059.0,5516468398.0,5447804298.0,55.16468398,54.47804298,0.97,119.2641,3.6944
300840,酷特智能,山东,服饰,创业板,20200708,20260701,23.35,13.1847,327851886.0,5604000000.0,4134937085.0,56.04,41.34937085,1.65,150.7549,4.3626
601702,华峰铝业,上海,铝,主板,20200907,20260701,14.02,-0.5674,120043624.0,13999399012.0,13999399012.0,139.99399012,139.99399012,0.81,11.6481,2.0958
605288,凯迪股份,江苏,电气设备,主板,20200601,20260701,86.25,1.65,154148130.0,8533764750.0,8476520625.0,85.3376475,84.76520625,0.77,140.4622,3.8115
300836,佰奥智能,江苏,专用机械,创业板,20200528,20260701,69.78,-5.69,184752772.95000002,6467601168.0,4427694516.0,64.67601168,44.27694516,1.17,64.7903,10.0951
300822,贝仕达克,深圳,元器件,创业板,20200313,20260701,11.87,1.453,37937662.0,3697934694.0,3430216340.0,36.97934694,34.3021634,0.96,303.7578,2.9469
688005,容百科技,浙江,电气设备,科创板,20190722,20260701,30.45,-0.4902,597269798.0,21763391475.0,21760142460.0,217.63391475,217.6014246,0.77,,2.8042
688116,天奈科技,江苏,化工原料,科创板,20190925,20260701,42.58,11.466,983244960.0,15606936817.999998,15606936817.999998,156.06936817999997,156.06936817999997,2.06,68.5105,4.1438
688099,晶晨股份,上海,半导体,科创板,20190808,20260701,99.85,-2.964,1831038096.0,42268502000.0,42268502000.0,422.68502,422.68502,0.95,48.4184,5.6107
688007,光峰科技,深圳,元器件,科创板,20190722,20260701,13.04,-1.9549,95251853.0,5993387424.0,5993387424.0,59.93387424,59.93387424,0.77,,2.4864
688321,微芯生物,深圳,化学制药,科创板,20190812,20260701,28.46,8.0896,534353623.99999994,12606109398.0,11606221372.0,126.06109398,116.06221372,1.67,247.3767,5.1226
688001,华兴源创,江苏,专用机械,科创板,20190722,20260701,79.2,-7.5846,988077983.0,37347995520.0,37347995520.0,373.4799552,373.4799552,1.0,466.3579,10.9986
688123,聚辰股份,上海,半导体,科创板,20191223,20260701,215.0,1.1289,4147483073.0,34164059000.0,34164059000.0,341.64059,341.64059,0.77,93.9667,12.7609
688139,海尔生物,山东,医疗保健,科创板,20191025,20260701,26.81,1.4762,108503934.0,8485174649.0,8485174649.0,84.85174649,84.85174649,0.89,33.8418,1.905
688078,龙软科技,北京,软件服务,科创板,20191230,20260701,21.36,1.4727,24829451.0,1556994480.0,1556994480.0,15.5699448,15.5699448,1.19,,2.3297
605008,长鸿高科,浙江,橡胶,主板,20200821,20260701,11.4,2.6103,22242162.0,7363971360.000001,7363971360.000001,73.63971360000001,73.63971360000001,0.96,,3.7706
603095,越剑智能,浙江,纺织机械,主板,20200415,20260701,14.3,-0.1397,60686006.0,3693249560.0,3693249560.0,36.9324956,36.9324956,0.77,43.2557,1.5801
688159,有方科技,深圳,通信设备,科创板,20200123,20260701,44.47,0.1802,200684714.0,4125050541.0,4123649736.0000005,41.25050541,41.23649736,0.92,150.8724,4.406
688163,赛伦生物,上海,生物制药,科创板,20220311,20260701,49.17,0.7376,178220947.0,5321177400.0,5321177400.0,53.211774,53.211774,1.42,102.7504,4.78
688310,迈得医疗,浙江,医疗保健,科创板,20191203,20260701,15.43,0.3904,47236816.0,2535528578.0,2535528578.0,25.35528578,25.35528578,0.96,39.0432,3.1009
300866,安克创新,湖南,元器件,创业板,20200824,20260701,107.73,3.0909,542099403.36,57773052478.0,33135930809.999996,577.73052478,331.35930809999996,0.87,22.6994,5.1738
605099,共创草坪,江苏,文教休闲,主板,20200930,20260701,32.33,0.4037,61581737.0,13007797685.0,12979437808.999998,130.07797685,129.79437808999998,0.95,19.4823,3.8992
300856,科思股份,江苏,日用化工,创业板,20200722,20260701,10.91,2.3452,50801050.4,5189747352.0,5015715396.0,51.89747352,50.15715396,0.88,48.0381,1.9005
002997,瑞鹄模具,安徽,汽车配件,主板,20200903,20260701,28.19,2.2859,110685783.72000001,5900767447.0,5900767447.0,59.00767447,59.00767447,0.97,15.0599,2.2894
300978,东箭科技,广东,汽车配件,创业板,20210426,20260701,8.26,1.8496,47614084.32,3491524302.0,2371356792.0,34.91524302,23.71356792,0.46,24.5116,2.0911
301172,君逸数码,四川,软件服务,创业板,20230726,20260701,26.4,1.7341,168555639.57999998,4553472000.0,2607425040.0,45.53472,26.0742504,1.35,130.8529,3.0561
605398,新炬网络,上海,软件服务,主板,20210121,20260701,20.22,2.3797,37343435.0,3290125608.0,3290125608.0,32.90125608,32.90125608,0.82,203.9514,3.1666
688118,普元信息,上海,软件服务,科创板,20191204,20260701,20.64,2.5845,59813317.0,1926056688.0000002,1926056688.0000002,19.260566880000002,19.260566880000002,1.14,271.288,2.2802
003013,地铁设计,广东,建筑工程,主板,20201022,20260701,14.89,2.6189,86816446.66,6860683642.0,5994049906.0,68.60683642,59.94049906,0.54,14.7336,2.0371
300901,中胤时尚,浙江,服饰,创业板,20201029,20260701,15.25,3.2498,57166083.75,3660000000.0,3660000000.0,36.6,36.6,0.99,942.7835,3.7815
605218,伟时电子,江苏,元器件,主板,20200928,20260701,16.9,2.2384,94924449.0,4103570120.0,3596886150.0,41.0357012,35.9688615,1.09,184.8666,2.3135
300927,江天化学,江苏,化工原料,创业板,20210107,20260701,22.68,5.3414,125055715.03,3274084800.0,3194459856.0,32.740848,31.94459856,1.31,167.8224,3.3265
605177,东亚药业,浙江,化学制药,主板,20201125,20260701,17.83,4.2081,65908498.00000001,2045464732.0,2026420509.0,20.45464732,20.26420509,0.9,,1.2311
603102,百合股份,山东,医疗保健,主板,20220125,20260701,32.55,3.1042,19587025.0,2083200000.0,2083200000.0,20.832,20.832,0.99,16.2199,1.238
605255,天普股份,浙江,汽车配件,主板,20200825,20260701,68.9,4.7272,146548023.0,9238112000.0,9238112000.0,92.38112,92.38112,1.16,353.3197,11.3655
300864,南大环境,江苏,环境保护,创业板,20200824,20260701,19.58,2.0855,31413068.45,3091891506.0,3091891506.0,30.91891506,30.91891506,0.76,20.4438,2.2068
301199,迈赫股份,山东,专用机械,创业板,20211207,20260701,17.96,2.9817,41815943.4,3352700960.0,3226979164.0,33.5270096,32.26979164,1.25,30.9213,1.7261
300941,创识科技,福建,IT设备,创业板,20210209,20260701,14.27,3.933,62537249.55,2921782500.0,1766322049.0,29.217825,17.66322049,1.34,89.179,2.2616
300933,中辰股份,江苏,电气设备,创业板,20210122,20260701,6.2,1.9737,93475979.14,3391961100.0,3391961100.0,33.919611,33.919611,1.23,,1.597
605007,五洲特纸,浙江,造纸,主板,20201110,20260701,14.09,5.2278,82808654.0,6703035699.999999,6686791339.0,67.030357,66.86791339,1.31,27.3874,1.8652
003005,竞业达,北京,软件服务,主板,20200922,20260701,13.67,3.2477,59353360.08,3163083529.0,1735791994.0000002,31.63083529,17.357919940000002,1.21,368.5122,1.7564
605077,华康股份,浙江,食品,主板,20210209,20260701,10.96,1.3876,66443340.0,3321429096.0,3281748416.0,33.21429096,32.81748416,1.05,16.5823,1.0825
003023,彩虹集团,四川,家用电器,主板,20201211,20260701,19.77,1.6975,65454820.0,2082603432.0,2078228331.0,20.82603432,20.78228331,1.22,32.7093,1.3123
605186,健麾信息,上海,专用机械,主板,20201222,20260701,31.3,-0.1913,117646300.0,4256800000.0,4256800000.0,42.568,42.568,0.46,138.2862,3.8476
003026,中晶科技,浙江,半导体,主板,20201218,20260701,44.0,-3.5299,1488738436.26,8261774399.999999,6360679600.0,82.61774399999999,63.606796,1.29,191.7959,12.1275
603112,华翔股份,山西,机械基件,主板,20200917,20260701,16.7,-0.1793,102949169.0,9017355380.0,8927928550.0,90.1735538,89.2792855,0.76,16.164,1.9943
605336,*ST帅电,浙江,家用电器,主板,20201019,20260701,12.94,-4.9927,4992252.0,2373357750.0,2373357750.0,23.7335775,23.7335775,0.2,,1.3156
300893,松原安全,浙江,汽车配件,创业板,20200924,20260701,16.57,2.284,65520075.080000006,7837630978.0,4157062462.0,78.37630978,41.57062462,1.09,21.3925,3.7074
688566,吉贝尔,江苏,化学制药,科创板,20200518,20260701,26.52,3.6342,98812325.0,5333214432.0,5333214432.0,53.33214432,53.33214432,1.85,20.3864,2.1493
688189,ST南新,湖南,化学制药,科创板,20200326,20260701,6.39,6.8562,51020353.0,1753416000.0,1753416000.0,17.53416,17.53416,1.48,,2.2855
688579,地纬智能,山东,软件服务,科创板,20200717,20260701,7.78,3.183,35315450.0,3112077800.0000005,3112077800.0000005,31.120778000000005,31.120778000000005,1.11,51.7603,2.2454
688518,联赢激光,深圳,专用机械,科创板,20200622,20260701,30.19,-2.2977,828975829.0,10304604769.0,10304604769.0,103.04604769,103.04604769,0.97,61.6065,3.1172
688500,慧辰股份,北京,互联网,科创板,20200716,20260701,44.95,-0.8383,86600291.0,3415404385.0,3326367425.0,34.15404385,33.26367425,0.75,,4.7003
300932,三友联众,广东,电气设备,创业板,20210122,20260701,10.64,0.3774,416923501.46,4768269184.0,3396195432.0,47.68269184,33.96195432,2.06,65.6477,2.6802
300614,百川畅银,河南,环境保护,创业板,20210525,20260701,9.95,2.7893,45667262.84,1596384965.0,1596384965.0,15.96384965,15.96384965,1.24,,2.2096
301025,读客文化,上海,出版业,创业板,20210719,20260701,8.62,11.0825,179192121.32,3450667028.0000005,2389039034.0,34.50667028,23.89039034,3.81,394.2569,5.5296
003029,吉大正元,吉林,软件服务,主板,20201224,20260701,16.34,1.9975,58141764.92,3163754068.0,2877457660.0,31.63754068,28.7745766,1.08,,3.0886
605155,西大门,浙江,家居用品,主板,20201231,20260701,13.02,9.9662,48391583.0,2490701262.0,2432507070.0,24.90701262,24.3250707,0.84,22.3034,1.8176
003017,大洋生物,浙江,化工原料,主板,20201026,20260701,23.71,3.087,104689977.7,2389968000.0,1971382176.0,23.89968,19.71382176,1.76,23.9345,2.0478
605060,联德股份,浙江,机械基件,主板,20210301,20260701,57.17,0.7578,438259836.0,13754644640.0,13660222668.000002,137.5464464,136.60222668000003,0.86,60.4081,5.4418
301068,大地海洋,浙江,环境保护,创业板,20210928,20260701,24.07,1.1345,24163658.0,3401468899.0,2414738505.0,34.01468899,24.14738505,0.69,,4.2246
603931,格林达,浙江,化工原料,主板,20200819,20260701,56.55,-4.798,677294992.0,11285027520.0,11285027520.0,112.8502752,112.8502752,1.12,92.1119,5.655
301021,英诺激光,深圳,专用机械,创业板,20210706,20260701,116.07,-4.7826,962893490.41,17743620900.0,17723912214.0,177.436209,177.23912214,0.85,367.1825,16.9742
301010,晶雪节能,江苏,其他建材,创业板,20210618,20260701,16.36,0.4297,39597878.86,1766880000.0,1766880000.0,17.6688,17.6688,1.21,211.9423,2.1322
688096,京源环保,江苏,环境保护,科创板,20200409,20260701,12.89,-3.518,156579339.0,3042616182.9999995,3042616182.9999995,30.426161829999995,30.426161829999995,1.23,,3.6806
300774,倍杰特,北京,环境保护,创业板,20210804,20260701,10.89,1.3023,101586367.25,4451436693.0,2122247556.0,44.51436693,21.22247556,0.83,52.9311,3.0577
601825,沪农商行,上海,银行,主板,20210819,20260701,7.52,0.4005,229447171.0,72526221888.0,70495799328.0,725.26221888,704.95799328,1.08,5.8903,0.5508
688339,亿华通,北京,汽车配件,科创板,20200810,20260701,19.72,5.4545,102238101.0,4743293012.0,3860921611.9999995,47.43293012,38.60921611999999,1.27,,2.4611
300999,金龙鱼,上海,食品,创业板,20201015,20260701,24.21,4.0843,372919101.46,131256730215.0,13137486291.0,1312.56730215,131.37486291,1.48,41.6306,1.341
688398,赛特新材,福建,矿物制品,科创板,20200211,20260701,25.43,-1.8526,62752559.0,4267515106.0,4267515106.0,42.67515106,42.67515106,0.94,176.4462,4.148
688200,华峰测控,北京,半导体,科创板,20200218,20260701,529.85,0.9046,3125166010.0,106274716735.0,106274716735.0,1062.74716735,1062.74716735,1.07,198.2382,25.3701
688520,神州细胞,北京,生物制药,科创板,20200622,20260701,37.6,9.9094,257994651.0,17684622320.0,16744622320.0,176.8462232,167.4462232,1.82,,249.699
003031,中瓷电子,河北,元器件,主板,20210104,20260701,172.78,-4.1708,1755360176.51,77932920062.0,58772274626.0,779.32920062,587.72274626,0.65,138.5044,11.7922
003039,顺控发展,广东,水务,主板,20210308,20260701,11.24,2.089,34190739.0,6940910188.0,6940910188.0,69.40910188,69.40910188,0.92,22.8439,2.3346
688168,安博通,北京,软件服务,科创板,20190906,20260701,72.43,5.3527,359774989.0,7826713370.000001,7826713370.000001,78.26713370000002,78.26713370000002,0.74,,7.8231
688363,华熙生物,山东,医疗保健,科创板,20191106,20260701,36.5,2.0408,129172267.0,17581254300.0,17581254300.0,175.812543,175.812543,1.08,60.1977,2.4659
688186,广大特材,江苏,特种钢,科创板,20200211,20260701,15.76,4.0264,147617023.0,4420512944.0,4420512944.0,44.20512944,44.20512944,1.18,21.4702,0.935
605100,华丰股份,山东,机械基件,主板,20200811,20260701,41.35,2.3008,279485028.0,9883559700.0,9837363480.0,98.835597,98.3736348,0.83,433.7545,5.4852
688066,*ST航图,北京,软件服务,科创板,20190722,20260701,12.32,2.4106,98193140.0,3218949888.0,3218949888.0,32.18949888,32.18949888,0.69,,
002991,甘源食品,江西,食品,主板,20200731,20260701,40.61,2.7841,37815955.0,3785493638.0,2027807557.0,37.85493638,20.27807557,1.16,18.1615,2.1275
688057,金达莱,江西,环境保护,科创板,20201111,20260701,17.18,11.486,299183574.0,4741680000.0,4741680000.0,47.4168,47.4168,2.61,50.3632,1.492
688389,普门科技,深圳,医疗保健,科创板,20191105,20260701,10.75,9.8059,85043244.0,4606221275.0,4606221275.0,46.06221275,46.06221275,2.74,25.0038,2.1427
688199,久日新材,天津,化工原料,科创板,20191105,20260701,34.37,-0.4634,449672578.0,5541382301.0,5541382301.0,55.41382301,55.41382301,1.22,200.6265,2.1412
300862,蓝盾光电,安徽,电器仪表,创业板,20200824,20260701,20.8,-0.1919,81775779.78,3840052320.0,3150596800.0,38.4005232,31.505968,0.75,,1.9584
300850,新强联,河南,机械基件,创业板,20200713,20260701,27.18,1.4179,395728810.6,11254852044.0,8175341736.0,112.54852044,81.75341736,1.1,13.7563,1.574
605166,聚合顺,浙江,化纤,主板,20200618,20260701,9.73,1.4599,61806143.0,3062361819.9999995,3062361819.9999995,30.623618199999996,30.623618199999996,0.75,21.1424,1.5405
605168,三人行,陕西,互联网,主板,20200528,20260701,50.03,-1.2046,304007767.0,10547174509.999998,10547174509.999998,105.47174509999998,105.47174509999998,0.72,55.5301,3.857
605389,长龄液压,江苏,机械基件,主板,20210322,20260701,99.89,4.0521,232254013.0,18710715548.0,17695193852.0,187.10715548,176.95193852,0.81,148.2268,8.6745
688196,卓越新能,福建,环境保护,科创板,20191121,20260701,37.06,3.2312,50990399.0,4713691048.0,4713691048.0,47.13691048,47.13691048,0.94,30.4988,1.4668
688111,金山办公,北京,软件服务,科创板,20191118,20260701,221.6,4.0131,2620927596.0,102825369440.0,102825369440.0,1028.2536944,1028.2536944,1.37,55.9908,6.7963
300852,四会富仕,广东,元器件,创业板,20200713,20260701,83.09,20.0029,1640902465.7099998,13337706508.0,12875318967.0,133.37706508,128.75318967,1.72,104.1009,5.9296
300863,卡倍亿,浙江,汽车配件,创业板,20200824,20260701,62.98,-17.8129,1720853748.6699998,16463362475.999998,15815556494.0,164.63362475999998,158.15556494,2.18,137.8972,11.0588
300871,回盛生物,湖北,农业综合,创业板,20200824,20260701,23.17,5.0317,255223451.39999998,4675344548.0,4675344548.0,46.75344548,46.75344548,1.21,18.4682,2.0737
002998,优彩资源,江苏,化纤,主板,20200925,20260701,6.95,6.7588,215513140.84,2465955215.0,1879906890.0000002,24.65955215,18.7990689,3.21,47.3706,1.4033
300855,图南股份,江苏,小金属,创业板,20200723,20260701,31.85,1.8874,191688812.71,12597678274.999998,9330651785.0,125.97678274999998,93.30651785,0.84,81.1256,5.9888
003021,兆威机电,深圳,元器件,主板,20201204,20260701,93.06,6.5369,593804931.76,24899529105.000004,19299322548.0,248.99529105000005,192.99322548,1.23,97.917,4.8486
688138,清溢光电,深圳,半导体,科创板,20191120,20260701,50.39,7.2128,1081147611.0,15862772000.0,15862772000.0,158.62772,158.62772,1.14,84.6893,5.5967
300857,协创数据,深圳,IT设备,创业板,20200727,20260701,331.31,-2.5272,6246245462.08,162130855530.0,161301586600.0,1621.3085553,1613.015866,0.79,139.2418,31.2288
300889,爱克股份,深圳,电气设备,创业板,20200916,20260701,22.22,-0.4926,106070415.52,4893446162.0,3252274740.0,48.93446162,32.5227474,0.79,,3.4566
605169,洪通燃气,新疆,供气供热,主板,20201030,20260701,9.06,1.9123,24762521.0,2562892800.0,2562892800.0,25.628928,25.628928,0.93,21.0779,1.2709
300880,迦南智能,浙江,电器仪表,创业板,20200901,20260701,21.49,1.1294,219078153.51,4193500577.0,4193053584.9999995,41.93500577,41.93053585,1.16,52.0071,3.9086
688528,秦川物联,四川,电器仪表,科创板,20200701,20260701,9.3,1.7505,22466414.0,1562400000.0,1562400000.0,15.624,15.624,0.95,,3.5105
605123,派克新材,江苏,航空,主板,20200825,20260701,99.2,2.2575,362613721.0,12020153280.0,12020153280.0,120.2015328,120.2015328,1.2,47.6283,2.5796
605399,晨光新材,江西,化工原料,主板,20200804,20260701,14.57,-0.8169,154507421.0,4543717151.0,4538952761.0,45.43717151,45.38952761,0.95,,2.2066
605003,众望布艺,浙江,纺织,主板,20200908,20260701,21.8,6.3415,42649892.0,2398000000.0,2398000000.0,23.98,23.98,1.68,33.0764,1.6306
605377,华旺科技,浙江,造纸,主板,20201228,20260701,9.27,-0.3226,100490129.0,5160333681.0,5160333681.0,51.60333681,51.60333681,0.68,19.0499,1.2994
605199,ST葫芦娃,海南,中成药,主板,20200710,20260701,5.45,5.0096,12030761.0,2180592960.0,2180592960.0,21.8059296,21.8059296,1.06,,5.6829
688365,光云科技,浙江,软件服务,科创板,20200429,20260701,16.16,2.4731,196158858.0,6881327152.0,6881327152.0,68.81327152,68.81327152,1.08,,7.2052
301220,亚香股份,江苏,化工原料,创业板,20220622,20260701,34.43,6.8591,89742481.02000001,3882698644.0,2677999830.0,38.82698644,26.7799983,1.16,33.5762,2.2256
300876,蒙泰高新,广东,化纤,创业板,20200824,20260701,15.35,7.1179,73115530.83,2333777160.0,1740732980.0,23.3377716,17.4073298,1.6,,2.2913
003007,直真科技,北京,软件服务,主板,20200923,20260701,41.36,10.0,197404769.04000002,4945601320.0,3002227272.0,49.4560132,30.02227272,1.98,279.0408,5.6687
605338,巴比食品,上海,食品,主板,20201012,20260701,18.13,1.2849,41745492.0,4343344271.0,4343344271.0,43.43344271,43.43344271,0.61,15.9074,1.8214
300900,广联航空,黑龙江,航空,创业板,20201029,20260701,38.99,1.0889,991949259.5300001,12777818396.0,10012047150.0,127.77818396,100.1204715,0.83,,6.6
605268,王力安防,浙江,家居用品,主板,20210224,20260701,9.18,2.2272,43147627.0,4044249000.0,4044249000.0,40.44249,40.44249,1.72,32.1782,2.345
605179,一鸣食品,浙江,乳制品,主板,20201228,20260701,12.93,2.864,40595865.0,5184930000.0,5184930000.0,51.8493,51.8493,1.38,101.2813,4.5046
601279,英利汽车,吉林,汽车配件,主板,20210415,20260701,3.07,0.6557,40000505.0,4868363020.0,4868363020.0,48.6836302,48.6836302,1.12,,1.1739
688165,埃夫特,安徽,专用机械,科创板,20200715,20260701,21.9,7.3529,724655685.0,11426982000.0,11426982000.0,114.26982,114.26982,2.17,,9.454
300942,易瑞生物,深圳,医疗保健,创业板,20210209,20260701,6.16,6.5744,54168431.38,2495279864.0,2495279864.0,24.95279864,24.95279864,1.33,181.5629,2.9985
603155,新亚强,江苏,化工原料,主板,20200901,20260701,30.23,5.7733,890061640.0,9546234964.0,9546234964.0,95.46234964,95.46234964,1.14,116.5687,4.3152
300923,研奥股份,吉林,运输设备,创业板,20201224,20260701,22.45,0.763,43222586.0,1764570000.0,1713532170.0,17.6457,17.1353217,1.07,50.9755,1.5408
605005,合兴股份,浙江,汽车配件,主板,20210119,20260701,15.64,-1.0753,20518468.0,6271640000.0,6271640000.0,62.7164,62.7164,0.82,30.3213,2.948
301006,迈拓股份,江苏,电器仪表,创业板,20210607,20260701,13.0,3.5857,31686067.35,1810640000.0,1089671700.0,18.1064,10.896717,1.08,19.6242,1.3733
300906,日月明,江西,运输设备,创业板,20201105,20260701,25.43,2.0056,44920652.99,2034400000.0,1835778985.0,20.344,18.35778985,1.24,35.4685,2.1721
605018,长华集团,浙江,汽车配件,主板,20200929,20260701,14.35,-3.7559,250146905.0,6745444229.999999,6745444229.999999,67.4544423,67.4544423,1.63,70.8267,2.3826
605277,新亚电子,浙江,元器件,主板,20210106,20260701,18.49,-2.9906,363812657.0,7188642046.000001,7058773833.0,71.88642046000001,70.58773833,0.65,32.5892,4.1194
300917,特发服务,深圳,房产服务,创业板,20201221,20260701,25.22,3.4454,157956290.45,4262180000.0,4262180000.0,42.6218,42.6218,1.08,34.4076,3.47
600916,中国黄金,北京,服饰,主板,20210205,20260701,6.92,1.1696,149111674.0,11625600000.0,11625600000.0,116.256,116.256,1.01,42.2083,1.5921
601686,友发集团,天津,钢加工,主板,20201204,20260701,4.91,1.6563,25490637.0,7227342317.0,7227342317.0,72.27342317,72.27342317,0.89,10.6319,1.082
605319,无锡振华,江苏,汽车配件,主板,20210607,20260701,22.7,0.0441,58754271.0,7947217790.0,7903043590.000001,79.4721779,79.03043590000001,0.67,17.0838,2.7802
601156,东航物流,上海,仓储物流,主板,20210609,20260701,17.33,7.5062,469910689.0,27512338548.0,16369841748.0,275.12338548,163.69841748,2.6,10.2351,1.361
688180,君实生物,上海,生物制药,科创板,20200715,20260701,35.9,6.1502,1205662280.0,36858167410.0,27513551780.0,368.5816741,275.1355178,1.4,,6.2513
688377,迪威尔,江苏,专用机械,科创板,20200708,20260701,25.33,7.4215,80112494.0,5916361029.000001,5916361029.000001,59.16361029000001,59.16361029000001,1.33,49.5676,3.0942
300913,兆龙互连,浙江,通信设备,创业板,20201207,20260701,44.26,-7.6185,864447544.12,15171491486.0,12651911318.0,151.71491486,126.51911318,1.55,65.5743,5.7275
300884,狄耐克,福建,IT设备,创业板,20201112,20260701,10.96,10.4839,178207080.08,2782336288.0,2097852504.0,27.82336288,20.97852504,2.47,237.1609,2.1726
688157,松井股份,湖南,染料涂料,科创板,20200609,20260701,25.89,-1.8947,45746852.0,4050001179.0,4050001179.0,40.50001179,40.50001179,0.74,200.8757,3.0067
300828,锐新科技,天津,机械基件,创业板,20200421,20260701,20.32,0.6439,178222250.0,3381695040.0,2533275401.0,33.8169504,25.33275401,1.12,103.7402,4.2831
300766,每日互动,浙江,互联网,创业板,20190325,20260701,21.88,2.243,388039624.52000004,8637123436.0,7831571851.999999,86.37123436,78.31571851999999,1.1,,5.5152
002952,亚世光电,辽宁,元器件,主板,20190328,20260701,22.21,0.8171,107318139.5,3649991400.0,2923835450.0,36.499914,29.2383545,0.85,341.6614,4.1438
002946,新乳业,四川,乳制品,主板,20190125,20260701,14.05,-0.2131,92374503.5,12092514660.0,11952419300.0,120.9251466,119.524193,0.63,16.5391,3.163
002947,恒铭达,江苏,元器件,主板,20190201,20260701,73.2,-3.7475,813259415.41,18754523395.0,14515834354.0,187.54523395,145.15834354,0.79,35.2582,5.7993
300780,德恩精工,四川,机械基件,创业板,20190531,20260701,34.1,0.1174,326815614.1,5001447000.0,3666878710.0,50.01447,36.6687871,0.66,,4.9939
300845,捷安高科,河南,软件服务,创业板,20200703,20260701,12.9,-2.8614,111480107.98,2652770189.9999995,1854786510.0000002,26.527701899999997,18.547865100000003,0.85,65.8793,3.2271
001330,博纳影业,新疆,影视音像,主板,20220818,20260701,5.71,1.6014,426443395.20000005,7848503490.0,6639858083.0,78.4850349,66.39858083,0.72,,2.0649
300832,新产业,深圳,医疗保健,创业板,20200512,20260701,43.81,4.3095,464601470.65999997,34422340628.0,29927587963.0,344.22340628,299.27587963,1.36,21.2451,3.6285
601916,浙商银行,浙江,银行,主板,20191126,20260701,2.68,1.9011,427429441.0,73605224480.0,57739088480.0,736.0522448,577.3908848,0.84,5.6922,0.401
603045,福达合金,浙江,小金属,主板,20180517,20260701,73.5,2.9556,868418527.0,9955222200.0,9955222200.0,99.552222,99.552222,0.8,92.1274,7.9459
601577,长沙银行,湖南,银行,主板,20180926,20260701,8.69,-0.2296,154011373.0,34947301653.0,34939740484.0,349.47301653,349.39740484,1.03,4.3105,0.4736
300770,新媒股份,广东,影视音像,创业板,20190419,20260701,32.0,1.6196,67797624.49,7290835200.0,7290835200.0,72.908352,72.908352,0.99,11.0395,1.9635
300765,石药创新,河北,食品,创业板,20190322,20260701,30.75,12.9269,769316865.98,43191231675.00001,43191231675.00001,431.91231675000006,431.91231675000006,1.45,,16.76
300798,锦鸡股份,江苏,染料涂料,创业板,20191122,20260701,6.77,3.6753,115101684.86,3338640394.0,2746613372.0,33.38640394,27.46613372,1.17,,2.0294
603327,福蓉科技,四川,元器件,主板,20190523,20260701,8.32,-1.8868,317788418.0,8698222208.0,8698222208.0,86.98222208,86.98222208,0.69,73.4916,3.4742
600989,宝丰能源,宁夏,化工原料,主板,20190516,20260701,20.75,2.0659,1359346389.0,152167220000.0,152167220000.0,1521.6722,1521.6722,0.75,13.4065,2.9197
300782,卓胜微,江苏,半导体,创业板,20190618,20260701,104.5,-4.6359,2695528414.4,60086141500.0,46841863750.0,600.861415,468.4186375,0.78,,6.1827
603992,松霖科技,福建,家居用品,主板,20190826,20260701,32.55,0.463,122683373.0,14421010589.999998,14421010589.999998,144.21010589999997,144.21010589999997,0.87,70.2052,3.9342
605299,舒华体育,福建,文教休闲,主板,20201215,20260701,13.44,0.6742,104054835.0,5478940992.000001,5478940992.000001,54.78940992000001,54.78940992000001,0.94,61.4161,4.2662
002959,小熊电器,广东,家用电器,主板,20190823,20260701,32.55,2.6166,44780146.0,5072380425.0,4899377175.0,50.72380425,48.99377175,1.3,12.9219,1.6511
603815,交建股份,安徽,建筑工程,主板,20191021,20260701,5.34,2.6923,49024483.0,3305055228.0,3305055228.0,33.05055228,33.05055228,0.77,,2.099
601963,重庆银行,重庆,银行,主板,20210205,20260701,10.11,0.2976,111326513.0,36656603448.0,20564308182.0,366.56603448,205.64308182,0.99,6.4831,0.6268
002955,鸿合科技,深圳,IT设备,主板,20190523,20260701,35.68,-0.1958,576649258.13,8443315200.0,6980681392.0,84.433152,69.80681392,1.84,163.1069,2.6272
603053,成都燃气,四川,供气供热,主板,20191217,20260701,8.62,3.11,19646530.0,7662231800.000001,7662231800.000001,76.622318,76.622318,1.17,15.9227,1.5167
002973,侨银股份,广东,环境保护,主板,20200106,20260701,10.4,0.2893,45001513.0,4250123280.0,3303592240.0,42.5012328,33.0359224,1.08,23.1053,1.6426
003816,中国广核,深圳,新型电力,主板,20190826,20260701,3.88,-0.7673,331708269.12,195935319943.99997,152620454944.0,1959.3531994399998,1526.20454944,0.84,20.0643,1.5567
002969,嘉美包装,安徽,广告包装,主板,20191202,20260701,13.98,-0.7102,418160204.86,15356970026.0,15276438711.000002,153.56970026,152.76438711000003,0.89,177.3318,4.7158
603719,良品铺子,湖北,食品,主板,20200224,20260701,8.92,3.1214,50080570.0,3576920000.0,3576920000.0,35.7692,35.7692,1.21,,1.7506
300802,矩子科技,上海,专用机械,创业板,20191114,20260701,24.03,3.667,324392531.59999996,6826401549.0,4679044704.0,68.26401549,46.79044704,0.96,75.9075,4.4938
300809,华辰装备,江苏,机床制造,创业板,20191204,20260701,27.05,0.0,150685043.0,6858235360.0,4072904975.0,68.5823536,40.72904975,0.69,33.9266,3.748
002971,和远气体,湖北,化工原料,主板,20200113,20260701,68.2,10.0,2179841753.76,14364631820.0,10666575480.0,143.6463182,106.6657548,1.18,238.0982,7.9476
601609,金田股份,浙江,铜,主板,20200422,20260701,11.26,4.2593,992525819.0,19464466132.0,19464466132.0,194.64466132,194.64466132,1.24,25.868,1.9234
300825,阿尔特,北京,汽车服务,创业板,20200327,20260701,14.19,-0.6303,370509564.33000004,7022354295.0,6874883301.0,70.22354295,68.74883301,0.54,,3.456
300830,金现代,山东,软件服务,创业板,20200506,20260701,8.06,1.5113,87319299.0,3640224848.0,2716903488.0,36.40224848,27.16903488,1.05,,2.7683
601696,中银证券,上海,证券,主板,20200226,20260701,13.16,4.0316,1553156617.0,36558480000.0,36558480000.0,365.5848,365.5848,1.26,34.9747,1.8889
300831,ST派瑞,陕西,半导体,创业板,20200507,20260701,18.13,-6.4017,312026225.92,5801600000.0,3344698546.0,58.016,33.44698546,1.21,131.1754,5.9598
002985,北摩高科,北京,航空,主板,20200429,20260701,27.17,-1.9134,275455002.0,9016462312.0,8991623498.0,90.16462312,89.91623498,1.69,45.0744,3.2696
605333,沪光股份,江苏,汽车配件,主板,20200818,20260701,17.24,1.1144,40387635.0,8000056496.0,8000056496.0,80.00056496,80.00056496,0.73,16.6248,2.3201
300841,康华生物,四川,生物制药,创业板,20200616,20260701,48.98,2.9857,159450705.87,6364799162.0,5824608538.0,63.64799162,58.24608538,1.11,28.9443,1.7854
601598,中国外运,北京,仓储物流,主板,20190118,20260701,5.1,2.8226,75993383.0,36586131120.0,26303098020.0,365.8613112,263.0309802,1.07,9.097,0.8764
003008,开普检测,河南,电气设备,主板,20200923,20260701,17.47,2.3433,26898048.96,1816880000.0,1357824304.0000002,18.1688,13.578243040000002,0.79,20.6011,1.7
002987,京北方,北京,软件服务,主板,20200507,20260701,9.9,1.7472,132979863.14999999,10305425790.0,10020517650.0,103.0542579,100.2051765,0.96,31.4777,3.4296
002993,奥海科技,广东,元器件,主板,20200817,20260701,67.07,-6.3399,914649878.99,18514002800.0,15992633583.0,185.140028,159.92633583,1.07,43.8318,3.8177
688027,国盾量子,安徽,通信设备,科创板,20200709,20260701,488.8,-3.0178,1202831542.0,50278456800.0,39287006720.0,502.784568,392.8700672,0.89,9324.7976,15.5848
688010,福光股份,福建,元器件,科创板,20190722,20260701,46.66,-4.051,457325250.0,7491804256.0,7491804256.0,74.91804256,74.91804256,0.9,592.3977,4.3706
688036,传音控股,深圳,通信设备,科创板,20190930,20260701,54.98,-6.7345,1147062179.0,63292123810.0,63292123810.0,632.9212381,632.9212381,1.26,24.5258,2.9796
688568,中科星图,北京,软件服务,科创板,20200708,20260701,41.2,-0.6511,490453994.0,33292850680.0,33292850680.0,332.9285068,332.9285068,0.82,1132.4049,9.1559
688039,当虹科技,浙江,软件服务,科创板,20191211,20260701,36.51,-2.1704,86302300.0,4038057113.9999995,4038057113.9999995,40.380571139999994,40.380571139999994,0.83,,3.89
688011,新光光电,黑龙江,元器件,科创板,20190722,20260701,69.72,-0.2147,259411326.0,6972000000.0,6948469500.0,69.72,69.484695,1.03,,6.6489
688019,安集科技,上海,半导体,科创板,20190722,20260701,322.6,-4.9667,5666295104.0,73389145020.0,73389145020.0,733.8914502,733.8914502,1.3,93.6506,15.9937
688108,赛诺医疗,天津,医疗保健,科创板,20191030,20260701,19.23,3.7777,354472021.0,8037216960.0,8037216960.0,80.3721696,80.3721696,1.14,169.9692,8.1026
688012,中微公司,上海,半导体,科创板,20190722,20260701,462.0,-1.3874,16753888177.0,440140701000.0,435295014000.0,4401.40701,4352.95014,1.05,208.452,18.1059
688018,乐鑫科技,上海,半导体,科创板,20190722,20260701,126.76,-0.9068,1198919215.0,29710553868.0,29710553868.0,297.10553868,297.10553868,1.12,59.6789,6.6086
688513,苑东生物,四川,化学制药,科创板,20200902,20260701,51.0,16.0146,199397526.0,9003147300.0,9003147300.0,90.031473,90.031473,1.73,31.6946,3.0137
603565,中谷物流,上海,水运,主板,20200925,20260701,10.28,4.791,120608962.0,21588648668.0,21588648668.0,215.88648668,215.88648668,1.02,10.7886,1.9693
688100,威胜信息,湖南,通信设备,科创板,20200121,20260701,30.36,-0.7519,138981370.0,14927562671.999998,14927562671.999998,149.27562672,149.27562672,1.18,22.4048,4.2173
688188,柏楚电子,上海,专用机械,科创板,20190808,20260701,107.2,0.4686,512909688.0,43475742560.0,43475742560.0,434.7574256,434.7574256,1.06,39.0776,6.803
688016,心脉医疗,上海,医疗保健,科创板,20190722,20260701,90.86,2.5045,204878790.0,11199594406.0,11199594406.0,111.99594406,111.99594406,1.09,19.8812,2.6551
605001,威奥股份,山东,运输设备,主板,20200522,20260701,5.58,2.3853,34094382.0,2192303880.0,2192303880.0,21.9230388,21.9230388,0.92,25.5097,0.8012
688268,华特气体,广东,化工原料,科创板,20191226,20260701,277.95,3.9065,3439201429.0,35489211900.0,35489211900.0,354.892119,354.892119,0.97,262.1972,18.9035
688388,嘉元科技,广东,电气设备,科创板,20190722,20260701,41.84,-4.9091,2644352114.0,27610521432.0,27610521432.0,276.10521432,276.10521432,1.26,484.1852,3.4109
688122,西部超导,陕西,小金属,科创板,20190722,20260701,60.32,-3.9643,1707589425.0,39187762640.0,39187762640.0,391.8776264,391.8776264,1.15,46.6926,5.462
688080,映翰通,北京,通信设备,科创板,20200212,20260701,43.7,1.0405,210231817.0,3218771570.0,3218771570.0,32.1877157,32.1877157,2.34,21.5987,2.7378
688366,昊海生科,上海,医疗保健,科创板,20191030,20260701,30.65,6.1656,32309985.0,7013706930.0,5947690735.000001,70.1370693,59.47690735000001,1.49,27.9421,1.2885
688588,凌志软件,江苏,软件服务,科创板,20200511,20260701,9.43,3.7404,50993295.0,3772094300.0,3772094300.0,37.720943,37.720943,1.3,35.6252,3.072
688300,联瑞新材,江苏,矿物制品,科创板,20191115,20260701,231.0,-5.4828,2809064633.0,55779385199.99999,55779385199.99999,557.7938519999999,557.7938519999999,1.04,190.6044,31.3932
688058,宝兰德,北京,软件服务,科创板,20191101,20260701,21.45,2.5335,36903477.0,1626692925.0,1626692925.0,16.26692925,16.26692925,1.18,,2.6397
688368,晶丰明源,上海,半导体,科创板,20191014,20260701,201.99,-6.7107,781643870.0,41132253849.0,24952875048.000004,411.32253849,249.52875048000004,0.97,1155.3165,12.6829
688299,长阳科技,浙江,元器件,科创板,20191106,20260701,17.18,2.8127,177980445.0,4937410022.0,4937410022.0,49.37410022,49.37410022,1.32,,2.5179
688369,致远互联,北京,软件服务,科创板,20191031,20260701,20.79,-1.0471,98501786.0,2395384299.0,2395384299.0,23.95384299,23.95384299,0.83,,3.1361
688233,神工股份,辽宁,半导体,科创板,20200221,20260701,238.56,11.2583,4171508729.0,40628127792.0,40628127792.0,406.28127792,406.28127792,1.11,398.1703,21.2068
003009,中天火箭,陕西,航空,主板,20200925,20260701,62.37,4.0193,968223760.3299999,10273424238.0,10271546901.0,102.73424238,102.71546901,1.94,,5.0993
605366,宏柏新材,江西,化工原料,主板,20200812,20260701,12.85,-1.3814,1143091897.0,9930835945.0,9930835945.0,99.30835945,99.30835945,0.97,,3.7105
688126,沪硅产业,上海,半导体,科创板,20200420,20260701,41.06,2.9331,9701524153.0,135704260804.0,116696601364.0,1357.04260804,1166.96601364,1.01,,8.0617
301372,科净源,北京,环境保护,创业板,20230811,20260701,33.0,4.7287,72300896.36,2262856200.0,1358623200.0,22.628562,13.586232,1.45,,3.0533
605118,力鼎光电,福建,元器件,主板,20200730,20260701,35.9,2.8948,228404326.0,14764413500.0,14678379150.0,147.644135,146.7837915,0.89,56.7781,9.1272
300910,瑞丰新材,河南,化工原料,创业板,20201127,20260701,28.98,3.3524,192693209.5,11100565854.0,7774641378.0,111.00565854,77.74641378,1.07,15.0742,2.8042
003027,同兴科技,安徽,环境保护,主板,20201218,20260701,18.96,8.778,167117536.6,2478511872.0,1988164560.0,24.78511872,19.8816456,2.26,33.5027,1.4277
605228,神通科技,浙江,汽车配件,主板,20210120,20260701,13.61,1.3403,200863160.0,6521303633.0,6493811433.0,65.21303633,64.93811433,1.68,49.0372,2.8432
605388,均瑶健康,湖北,乳制品,主板,20200818,20260701,5.02,3.9337,52339252.0,3014429680.0,3014429680.0,30.1442968,30.1442968,1.26,,1.9619
688466,金科环境,北京,环境保护,科创板,20200508,20260701,13.21,2.9618,23238963.0,1613656982.0000002,1613656982.0000002,16.136569820000002,16.136569820000002,1.11,42.7049,1.3987
688069,德林海,江苏,环境保护,科创板,20200722,20260701,36.68,-1.8201,116910460.0,5745298440.0,5745298440.0,57.4529844,57.4529844,0.7,58.2069,4.4297
688026,洁特生物,广东,医疗保健,科创板,20200122,20260701,15.91,1.2731,100922838.0,2233197604.0,2232484836.0,22.33197604,22.32484836,0.76,46.297,2.0615
688090,瑞松科技,广东,专用机械,科创板,20200217,20260701,106.75,0.2818,893680629.0,16973068525.0,16973068525.0,169.73068525,169.73068525,0.73,1469.8519,18.3421
301395,仁信新材,广东,化工原料,创业板,20230703,20260701,12.78,-2.8137,68954078.96,3103628112.0,1627269732.0,31.03628112,16.27269732,0.56,92.6271,2.1524
300870,欧陆通,深圳,电气设备,创业板,20200824,20260701,324.71,-6.069,1784414772.26,49564850428.0,49559395300.0,495.64850428,495.593953,0.85,203.1326,18.9981
003022,联泓新科,山东,化工原料,主板,20201208,20260701,24.87,-3.9768,631167244.5699999,33215576160.0,33187318866.0,332.1557616,331.87318866,1.05,108.6503,4.3767
605500,森林包装,浙江,造纸,主板,20201222,20260701,6.31,2.1036,48691818.0,2614864000.0,2614864000.0,26.14864,26.14864,1.4,42.7023,1.0126
300922,天秦装备,河北,专用机械,创业板,20201225,20260701,15.46,2.0462,139153530.73999998,2486778104.0,1951222060.0,24.86778104,19.5122206,0.99,58.7285,2.4968
605133,嵘泰股份,江苏,汽车配件,主板,20210224,20260701,39.12,-0.635,673200595.0,11061927192.0,11036460072.000002,110.61927192,110.36460072000001,1.3,57.9716,2.8954
300939,秋田微,深圳,元器件,创业板,20210128,20260701,66.31,-4.1763,376034594.52,7957200000.0,7957200000.0,79.572,79.572,0.87,99.8434,5.4985
300952,恒辉安防,江苏,纺织,创业板,20210311,20260701,18.02,3.5632,145224964.54,4354019430.0,2677379164.0,43.5401943,26.77379164,1.26,42.7302,2.5665
003000,劲仔食品,湖南,食品,主板,20200914,20260701,10.14,2.8398,41619050.0,4572067188.0,3123731442.0,45.72067188,31.23731442,0.98,18.8355,3.1042
688228,开普云,广东,软件服务,科创板,20200327,20260701,80.78,4.4479,218505742.0,5456753624.0,5456753624.0,54.56753624,54.56753624,1.91,,4.3754
301007,德迈仕,辽宁,汽车配件,创业板,20210616,20260701,33.46,9.3464,217670869.81,5130756400.0,5063337846.0,51.307564,50.63337846,2.04,99.2707,7.796
601568,北元化工,陕西,化工原料,主板,20201020,20260701,3.47,2.0588,67448649.0,13783611034.0,13783611034.0,137.83611034,137.83611034,1.49,127.2695,1.2117
300982,苏文电能,江苏,建筑工程,创业板,20210427,20260701,15.79,4.5003,95830888.22,3267978929.0,3061635209.0,32.67978929,30.61635209,1.23,,1.147
300931,通用电梯,江苏,运输设备,创业板,20210121,20260701,14.48,-1.9634,79170856.74000001,3521116080.0,2830860272.0,35.2111608,28.30860272,0.62,,5.9645
605055,迎丰股份,浙江,纺织,主板,20210129,20260701,10.13,-0.6863,57346591.0,4457200000.0,4457200000.0,44.572,44.572,0.68,,4.5376
300891,惠云钛业,广东,化工原料,创业板,20200917,20260701,6.66,5.2133,95515652.09,2664055591.0,2220938652.0,26.64055591,22.20938652,1.1,,2.2056
300882,万胜智能,浙江,电器仪表,创业板,20200910,20260701,16.87,1.7491,130114648.12,4828214244.0,4492936490.0,48.28214244,44.9293649,0.97,39.4555,3.7397
003028,振邦智能,深圳,元器件,主板,20201228,20260701,22.42,2.0482,33010914.5,3244420620.0,1581466444.0,32.4442062,15.81466444,1.07,44.1953,1.8536
300881,盛德鑫泰,江苏,钢加工,创业板,20200901,20260701,37.88,1.1482,80908234.0,4166803788.0,2174550644.0,41.66803788,21.74550644,0.6,16.799,3.366
300879,大叶股份,浙江,农用机械,创业板,20200901,20260701,16.36,4.3367,82915684.0,3311244368.0000005,3288824624.0,33.112443680000005,32.88824624,1.47,,2.6804
605337,李子园,浙江,乳制品,主板,20210208,20260701,8.42,2.6829,39142963.0,3284663891.9999995,3284663891.9999995,32.84663892,32.84663892,1.42,16.7339,1.9663
688085,三友医疗,上海,医疗保健,科创板,20200409,20260701,12.89,7.6859,70696377.0,4728165432.0,4519435084.0,47.28165432,45.19435084,1.26,74.9311,2.2301
688622,*ST禾信,广东,电器仪表,科创板,20210913,20260701,127.25,-1.9646,60634221.0,8966734875.0,8966734875.0,89.66734875,89.66734875,0.66,,30.2963
603759,海天股,四川,水务,主板,20210326,20260701,7.06,2.6163,30378707.0,3260025600.0,3260025600.0,32.600256,32.600256,0.94,18.4403,1.1153
003015,日久光电,江苏,元器件,主板,20201021,20260701,12.9,-0.9977,175448848.96,3625760430.0,3190496370.0,36.2576043,31.9049637,1.06,34.6813,3.1307
605069,正和生态,北京,环境保护,主板,20210816,20260701,15.83,-3.9442,182624769.0,3351176174.0,3351176174.0,33.51176174,33.51176174,0.52,,4.8762
605258,协和电子,江苏,元器件,主板,20201203,20260701,32.48,-4.1322,146147708.0,2858240000.0,2858240000.0,28.5824,28.5824,0.99,42.8465,2.346
003018,金富科技,广东,塑料,主板,20201106,20260701,71.28,-6.4935,808499256.58,18532800000.0,16920981000.0,185.328,169.20981,0.73,183.7055,11.4304
605117,德业股份,浙江,电气设备,主板,20210420,20260701,101.5,-4.4076,2474368596.0,129219924050.0,129219924050.0,1292.1992405,1292.1992405,1.19,40.7535,11.1751
605068,明新旭腾,浙江,汽车配件,主板,20201123,20260701,17.32,3.2181,49943126.0,2809278020.0000005,2809278020.0000005,28.092780200000004,28.092780200000004,1.24,189.6762,1.8184
605058,澳弘电子,江苏,元器件,主板,20201021,20260701,33.56,-5.889,170659779.0,4796566356.0,4796566356.0,47.96566356,47.96566356,0.98,31.464,2.6395
300907,康平科技,江苏,电气设备,创业板,20201118,20260701,56.71,1.2679,292524245.07,5444160000.0,5444160000.0,54.4416,54.4416,0.78,113.7998,6.7521
603261,立航科技,四川,航空,主板,20220315,20260701,45.05,-9.8098,292732414.0,3491600250.0,3491600250.0,34.9160025,34.9160025,1.44,,6.9853
605011,杭州热电,浙江,供气供热,主板,20210630,20260701,16.07,3.9457,80374146.0,6429607000.0,6429607000.0,64.29607,64.29607,0.85,34.4788,2.6015
605378,野马电池,浙江,电气设备,主板,20210412,20260701,14.07,1.5152,47596055.0,3677143848.0,3677143848.0,36.77143848,36.77143848,0.83,63.138,2.9545
605376,博迁新材,江苏,小金属,主板,20201208,20260701,273.46,0.7962,3338791418.0,71537136000.0,71537136000.0,715.37136,715.37136,0.83,326.374,40.6391
300926,博俊科技,江苏,汽车配件,创业板,20210107,20260701,17.95,1.1268,57683007.65,7796044000.0,5348863060.0,77.96044,53.4886306,0.81,9.2353,2.1549
300937,药易购,四川,医药商业,创业板,20210127,20260701,20.06,3.9917,53671521.96,1919074002.0,1223359100.0,19.19074002,12.233591,1.13,,2.3458
605162,新中港,浙江,供气供热,主板,20210707,20260701,7.81,1.297,81797957.0,3458629603.0,3458629603.0,34.58629603,34.58629603,1.06,28.0902,2.6783
688318,财富趋势,深圳,软件服务,科创板,20200427,20260701,81.5,14.2897,1398168903.0,29223234950.0,29223234950.0,292.2323495,292.2323495,1.99,92.6536,7.5475
688037,芯源微,辽宁,半导体,科创板,20191216,20260701,408.0,-7.0721,4363607175.0,82263938400.0,82263938400.0,822.639384,822.639384,1.02,1147.2529,29.3703
688221,前沿生物,江苏,生物制药,科创板,20201028,20260701,26.59,18.7054,1018942886.0,9960047633.0,9960047633.0,99.60047633,99.60047633,1.71,,8.987
605286,同力天启,江苏,运输设备,主板,20210322,20260701,25.45,-0.1569,61902288.0,4275600000.0,4275600000.0,42.756,42.756,0.94,21.5193,1.9803
688567,孚能科技,江西,电气设备,科创板,20200717,20260701,10.43,-0.6667,156554924.0,12746543677.0,12746543677.0,127.46543677,127.46543677,0.99,,1.3962
605300,佳禾食品,江苏,乳制品,主板,20210430,20260701,9.38,-3.7949,144014342.0,4262258868.0,4262258868.0,42.62258868,42.62258868,1.45,138.4017,1.4773
688598,金博股份,湖南,矿物制品,科创板,20200518,20260701,50.08,1.274,1224090320.0,10395260848.0,10195066048.0,103.95260848,101.95066048,1.03,,2.6934
601816,京沪高铁,北京,铁路,主板,20200116,20260701,4.54,0.2208,528094573.0,222122584476.0,222122584476.0,2221.22584476,2221.22584476,0.61,16.8634,1.0557
688156,路德科技,湖北,饲料,科创板,20200922,20260701,31.3,3.4711,168060878.0,3152354460.0,3152354460.0,31.5235446,31.5235446,0.9,,4.0748
688286,DR敏芯股,江苏,半导体,科创板,20200810,20260701,133.33,15.8686,1445254651.0,7474453134.0,7474453134.0,74.74453134,74.74453134,1.83,207.6849,7.0426
300921,南凌科技,深圳,互联网,创业板,20201222,20260701,20.12,-0.9355,237142671.04,5165717448.0,3257124188.0,51.65717448,32.57124188,1.06,244.3216,6.2169
688004,博汇科技,北京,软件服务,科创板,20200612,20260701,18.44,1.3187,36536219.0,1476822720.0,1476822720.0,14.7682272,14.7682272,1.07,,2.5729
001299,美能能源,陕西,供气供热,主板,20221031,20260701,10.13,0.6958,50358741.96,3182999976.0,2865526789.0,31.82999976,28.65526789,0.91,31.0575,2.5631
300920,润阳科技,浙江,塑料,创业板,20201225,20260701,34.22,-0.9551,62182159.160000004,4448600000.0,2954859358.0,44.486,29.54859358,0.65,164.9637,3.774
688585,上纬新材,上海,化工原料,科创板,20200928,20260701,166.51,0.4282,735673716.0,67163756667.0,67163756667.0,671.63756667,671.63756667,0.99,1634.7271,51.6419
688338,赛科希德,北京,医疗保健,科创板,20200806,20260701,29.51,0.0,47415855.0,3132262224.0000005,3132262224.0000005,31.322622240000005,31.322622240000005,0.6,34.9595,1.8326
605028,世茂能源,浙江,供气供热,主板,20210712,20260701,21.78,2.2535,22611726.0,3484800000.0,3484800000.0,34.848,34.848,0.6,20.2155,2.535
688559,海目星,深圳,专用机械,科创板,20200909,20260701,81.4,-3.0029,1480819818.0,20167582600.0,20167582600.0,201.675826,201.675826,0.95,,8.3277
301024,霍普股份,上海,建筑工程,创业板,20210728,20260701,36.9,0.2173,41627670.0,2346286500.0,2271564000.0,23.462865,22.71564,1.23,,6.9412
688055,龙腾光电,江苏,元器件,科创板,20200817,20260701,5.81,0.8681,270977083.0,19366667054.0,19366667054.0,193.66667054,193.66667054,1.17,,4.8313
688289,圣湘生物,湖南,医疗保健,科创板,20200828,20260701,15.28,6.1111,153987964.0,8853048640.0,8853048640.0,88.5304864,88.5304864,1.33,44.5017,1.2358
688330,宏力达,上海,电气设备,科创板,20201015,20260701,34.75,2.7195,53963731.0,4865000000.0,4865000000.0,48.65,48.65,1.2,7.6301,1.1079
688313,仕佳光子,河南,通信设备,科创板,20200812,20260701,170.8,-7.5007,4803243907.0,77199260040.0,77199260040.0,771.9926004,771.9926004,0.9,207.3975,46.5484
688127,蓝特光学,浙江,元器件,科创板,20200921,20260701,95.93,-1.7111,1416915750.0,38937766361.0,38937766361.0,389.37766361,389.37766361,0.99,100.1432,16.6742
300972,万辰集团,福建,食品,创业板,20210419,20260701,179.98,3.7887,351892767.74,35516101328.0,32630571978.000004,355.16101328,326.30571978000006,1.05,26.4139,17.6139
301030,*ST仕净,江苏,环境保护,创业板,20210722,20260701,10.18,5.1653,138991099.24,2060261994.0000002,2057436026.0000002,20.602619940000004,20.574360260000002,0.76,,
688093,世华科技,江苏,化工原料,科创板,20200930,20260701,36.03,-2.3577,335620537.0,10102192284.0,10102192284.0,101.02192284,101.02192284,0.8,25.3242,3.5197
300946,恒而达,福建,机械基件,创业板,20210208,20260701,40.14,1.904,63796458.14,6262153092.0,3042784601.9999995,62.62153092,30.427846019999997,0.89,169.9341,5.2406
688659,元琛科技,安徽,环境保护,科创板,20210331,20260701,10.39,-0.4789,53669352.0,1662400000.0,1662400000.0,16.624,16.624,0.82,,3.2131
688529,豪森智能,辽宁,专用机械,科创板,20201109,20260701,16.01,1.78,35134115.0,2692497760.0,2692497760.0,26.9249776,26.9249776,1.12,,2.718
688013,天臣医疗,江苏,医疗保健,科创板,20200928,20260701,25.45,3.1617,40757589.0,2065410020.0,2065410020.0,20.6541002,20.6541002,1.27,24.246,3.5819
300964,本川智能,江苏,元器件,创业板,20210805,20260701,80.39,-6.7077,665621040.2900001,8590443244.0,6303685381.999999,85.90443244,63.03685381999999,0.96,270.5711,8.4177
300951,博硕科技,深圳,元器件,创业板,20210226,20260701,52.33,3.6238,253869842.52,8864733398.0,7922468952.0,88.64733398,79.22468952,0.79,61.582,3.8422
688510,航亚科技,江苏,航空,科创板,20201216,20260701,26.15,9.5059,283934194.0,6796975990.0,6796975990.0,67.9697599,67.9697599,1.41,66.6824,5.5336
688739,成大生物,辽宁,生物制药,科创板,20211028,20260701,20.07,2.9759,60068358.0,8358151500.0,8358151500.0,83.581515,83.581515,1.58,63.4201,0.8937
003040,楚天龙,广东,通信设备,主板,20210322,20260701,10.85,2.1657,107698666.13,5003325600.0,4956825755.0,50.033256,49.56825755,1.17,699.6753,3.4755
688079,美迪凯,浙江,元器件,科创板,20210302,20260701,28.43,-7.5447,1015514139.0,11699922992.0,11496196455.000002,116.99922992,114.96196455000002,0.8,,9.3703
688630,芯碁微装,安徽,专用机械,科创板,20210401,20260701,497.27,-9.4869,3992354860.0,71894998238.0,65510697889.0,718.94998238,655.10697889,1.38,247.9711,29.7224
688619,罗普特,福建,软件服务,科创板,20210223,20260701,16.24,0.0616,84401280.0,3011513120.0,3011513120.0,30.1151312,30.1151312,0.94,,4.5795
688686,奥普特,广东,电器仪表,科创板,20201231,20260701,170.12,1.0274,823297765.0,20794703260.0,20794703260.0,207.9470326,207.9470326,1.64,111.6918,6.6424
688678,福立旺,江苏,元器件,科创板,20201223,20260701,23.44,-3.0203,505030991.0,9448816360.0,9448816360.0,94.4881636,94.4881636,1.11,171.138,4.0417
003038,鑫铂股份,安徽,铝,主板,20210210,20260701,11.3,-0.0884,45266677.17,2753354610.0,1852883599.9999998,27.5335461,18.528836,0.85,,0.9781
688689,银河微电,江苏,半导体,科创板,20210127,20260701,77.5,19.7466,1795016739.0,10036273250.0,10036273250.0,100.3627325,100.3627325,3.36,125.6031,7.9478
688317,之江生物,上海,医疗保健,科创板,20210118,20260701,15.92,4.7368,42514025.0,3022311704.0,3022311704.0,30.22311704,30.22311704,1.0,,0.9151
688633,星球石,江苏,专用机械,科创板,20210324,20260701,30.64,3.0609,182462360.0,5221074384.0,5221074384.0,52.21074384,52.21074384,0.96,30.888,2.9513
688981,中芯国际,上海,半导体,科创板,20200716,20260701,154.48,-2.7327,18327904135.0,1322473310880.0,308892415000.0,13224.7331088,3088.92415,0.99,262.3573,8.8279
688636,智明达,四川,元器件,科创板,20210408,20260701,36.79,1.5457,148525408.0,6398016456.0,6398016456.0,63.98016456,63.98016456,0.85,62.6088,4.5236
688315,诺禾致源,北京,医疗保健,科创板,20210413,20260701,13.41,7.1942,81436093.0,5581242000.0,5581242000.0,55.81242,55.81242,1.55,33.4312,2.0848
688468,科美诊断,北京,医疗保健,科创板,20210409,20260701,5.97,4.9209,30079973.0,2394614760.0,2394614760.0,23.9461476,23.9461476,1.35,54.5315,1.6865
688345,博力威,广东,电气设备,科创板,20210611,20260701,60.4,3.9945,314311549.0,6163995159.999999,6123720440.0,61.63995159999999,61.2372044,1.9,110.3091,5.2385
688161,威高骨科,山东,医疗保健,科创板,20210630,20260701,21.96,4.6711,32631082.0,8784000000.0,8784000000.0,87.84,87.84,1.09,32.6976,2.0938
003042,中农联合,山东,农药化肥,主板,20210406,20260701,12.57,3.4568,45298763.0,1790973599.9999998,1549893570.0,17.909736,15.4989357,1.18,,1.4637
605566,福莱蒽特,浙江,染料涂料,主板,20211025,20260701,35.46,0.4817,175899102.0,4728236400.0,4728236400.0,47.282364,47.282364,0.58,105.4016,2.3263
688425,铁建重工,湖南,工程机械,科创板,20210622,20260701,4.07,1.2438,79169291.0,21707332790.0,21707332790.0,217.0733279,217.0733279,1.0,14.6372,1.1523
688076,ST诺泰,江苏,生物制药,科创板,20210520,20260701,27.9,3.7175,94404215.0,8817848010.0,8817848010.0,88.1784801,88.1784801,1.09,26.5263,2.83
688517,金冠电气,河南,电气设备,科创板,20210618,20260701,16.67,-4.6339,63386625.0,2277342044.0,2277342044.0,22.77342044,22.77342044,0.94,28.1692,2.8157
688132,邦彦技术,深圳,通信设备,科创板,20220923,20260701,13.33,1.3688,28066312.0,2029161916.0,2029161916.0,20.29161916,20.29161916,1.24,,1.7177
301181,标榜股份,江苏,汽车配件,创业板,20220221,20260701,23.19,0.2161,45941951.67,3483214527.0,2718693564.0,34.83214527,27.18693564,0.64,29.3334,2.343
001207,联科科技,山东,化工原料,主板,20210623,20260701,15.21,1.9437,62922617.400000006,4610725938.0,4450782141.0,46.10725938,44.50782141,0.63,15.753,1.9048
605167,利柏特,江苏,建筑工程,主板,20210726,20260701,16.8,4.3478,293776113.0,8566447680.0,8566447680.0,85.6644768,85.6644768,0.86,39.1977,4.1593
601921,浙版传媒,浙江,出版业,主板,20210723,20260701,6.79,1.4948,36102493.0,15088888738.0,15088888738.0,150.88888738,150.88888738,0.77,11.736,1.0396
001202,炬申股份,广东,仓储物流,主板,20210429,20260701,13.81,1.9188,30129197.67,2302005472.0,1613339440.0,23.02005472,16.1333944,1.05,31.7608,2.6814
688280,精进电动-W,北京,汽车配件,科创板,20211027,20260701,5.49,0.0,89652702.0,3240316584.0,2857787109.0,32.40316584,28.57787109,0.97,21.542,5.0247
688217,睿昂基因,上海,医疗保健,科创板,20210517,20260701,21.26,2.9042,22006334.0,1187496434.0,1187496434.0,11.87496434,11.87496434,0.98,,1.4139
001269,欧晶科技,内蒙,矿物制品,主板,20220930,20260701,22.86,10.0096,194903395.78,4398538320.0,4398538320.0,43.9853832,43.9853832,1.2,,6.5266
688355,明志科技,江苏,机械基件,科创板,20210512,20260701,20.61,7.0649,161942891.0,2554735221.0,2554735221.0,25.54735221,25.54735221,3.55,31.9799,2.3074
300983,尤安设计,上海,建筑工程,创业板,20210420,20260701,36.51,2.5562,62479273.36,6308928000.0,3898289532.0,63.08928,38.98289532,0.55,,2.281
301022,海泰科,山东,专用机械,创业板,20210702,20260701,22.68,0.5319,45095979.11,2256299388.0,1514255148.0,22.56299388,15.14255148,1.08,42.7842,1.6096
301052,果麦文化,浙江,出版业,创业板,20210830,20260701,23.65,6.4356,182483472.27,2340387445.0,1896633035.0,23.40387445,18.96633035,2.38,,3.4026
300984,金沃股份,浙江,机械基件,创业板,20210618,20260701,59.08,9.9572,304364631.96999997,8121503096.0,5234044900.0,81.21503096,52.340449,1.37,168.5,7.5328
001205,盛航股份,江苏,水运,主板,20210513,20260701,13.92,1.7544,183712852.5,2617009277.0,2317461860.0,26.17009277,23.1746186,1.52,24.0925,1.2081
688336,三生国健,上海,生物制药,科创板,20200722,20260701,58.5,10.1695,1718778489.0,52429185900.0,52318854900.0,524.291859,523.188549,1.63,18.0834,6.0822
688356,键凯科技,北京,化学制药,科创板,20200826,20260701,81.83,6.1624,168592509.0,4963046781.0,4963046781.0,49.63046781,49.63046781,1.22,80.4386,3.7068
301299,卓创资讯,山东,互联网,创业板,20221019,20260701,45.66,3.6314,87124773.48,2769854316.0,2044618272.0,27.69854316,20.44618272,1.65,42.1962,4.5497
688558,国盛智科,江苏,机床制造,科创板,20200630,20260701,34.29,4.3518,125029859.0,4526280000.0,4526280000.0,45.2628,45.2628,1.65,28.7833,2.5766
300911,亿田智能,浙江,家用电器,创业板,20201203,20260701,21.78,2.4941,187971162.75,3993170095.0,3731830394.0,39.93170095,37.31830394,0.66,,3.6845
688569,铁科轨道,北京,运输设备,科创板,20200831,20260701,16.66,3.1579,17721096.0,3509707222.0,3509707222.0,35.09707222,35.09707222,1.27,20.492,1.1832
605086,龙高股份,福建,矿物制品,主板,20210416,20260701,25.05,0.9267,47640448.0,4488960000.0,4488960000.0,44.8896,44.8896,0.7,37.0125,2.7553
688050,爱博医疗,北京,医疗保健,科创板,20200729,20260701,39.33,7.9012,229613306.0,7607904741.0,7607904741.0,76.07904741,76.07904741,1.71,28.3697,2.6565
300903,科翔股份,广东,元器件,创业板,20201105,20260701,97.2,-4.0569,1604149003.84,42319573924.0,32142835012.0,423.19573924,321.42835012,0.7,,23.1755
688602,康鹏科技,上海,化工原料,科创板,20230720,20260701,8.17,3.6802,150596246.0,4243293750.0,2120900954.0,42.4329375,21.20900954,1.19,,1.5635
688311,盟升电子,四川,元器件,科创板,20200731,20260701,26.95,2.9019,120449588.0,4719133650.0,4719133650.0,47.1913365,47.1913365,0.94,,2.6523
688577,浙海德曼,浙江,机床制造,科创板,20200916,20260701,46.8,2.1165,69671922.0,7291046880.0,7291046880.0,72.9104688,72.9104688,0.93,145.8658,7.0418
688393,安必平,广东,医疗保健,科创板,20200820,20260701,18.83,5.9055,45184205.0,1761879772.0,1761879772.0,17.61879772,17.61879772,1.44,,1.4912
605080,浙江自然,浙江,文教休闲,主板,20210506,20260701,19.54,1.4538,39833692.0,2753365768.0,2742462448.0,27.53365768,27.42462448,0.88,14.3839,1.2097
688819,天能股份,浙江,电气设备,科创板,20210118,20260701,22.57,1.6667,75281878.0,21940297000.0,21940297000.0,219.40297,219.40297,1.17,13.7862,1.2801
300961,深水海纳,深圳,环境保护,创业板,20210330,20260701,12.86,0.0778,168532626.23,2279820800.0,1953779934.0,22.798208,19.53779934,0.78,,4.1223
301116,益客食品,江苏,食品,创业板,20220118,20260701,8.97,4.7897,52383512.970000006,4027347012.0,4027320102.0,40.27347012,40.27320102,1.62,,2.5711
605089,味知香,江苏,食品,主板,20210427,20260701,21.08,0.4288,20978589.0,2909040000.0,2909040000.0,29.0904,29.0904,0.72,42.3145,2.2969
300947,德必集团,上海,房产服务,创业板,20210210,20260701,13.44,5.4118,52876498.98,2031290688.0,2030484288.0,20.31290688,20.30484288,1.42,,1.722
688595,芯海科技,深圳,半导体,科创板,20200928,20260701,41.71,-4.902,441813823.0,6010139885.0,6010139885.0,60.10139885,60.10139885,1.16,,9.2853
688551,科威尔,安徽,专用机械,科创板,20200910,20260701,67.15,-4.44,358324730.0,7318987389.999999,7318987389.999999,73.1898739,73.1898739,0.76,114.4492,5.5593
688316,青云科技,北京,软件服务,科创板,20210316,20260701,55.3,2.4074,152537999.0,2648764930.0,2648764930.0,26.4876493,26.4876493,1.16,,49.844
688308,欧科亿,湖南,机械基件,科创板,20201210,20260701,183.2,0.7645,1726613045.0,29088807440.0,29088807440.0,290.8880744,290.8880744,1.05,280.7514,10.2689
301023,奕帆传动,江苏,电气设备,创业板,20210707,20260701,34.92,2.8571,201685894.39999998,3258755352.0,1807623324.0000002,32.58755352,18.076233240000004,1.09,45.6785,3.9341
301011,华立科技,广东,文教休闲,创业板,20210617,20260701,14.35,1.4851,45346636.3,2216459385.0,2104736025.0,22.16459385,21.04736025,1.26,32.1012,2.3311
300967,晓鸣股份,宁夏,农业综合,创业板,20210413,20260701,15.96,10.9875,239370374.89000002,2993690153.0000005,1991749778.0,29.936901530000004,19.91749778,1.78,35.3377,4.2874
688557,兰剑智能,山东,专用机械,科创板,20201202,20260701,32.09,3.416,85060370.0,3294988363.9999995,3294988363.9999995,32.949883639999996,32.949883639999996,1.78,30.1003,2.6836
605499,东鹏饮料,深圳,软饮料,主板,20210527,20260701,128.53,4.1319,1301562287.0,94366636029.0,86888452157.0,943.66636029,868.88452157,1.11,21.3728,4.6108
688328,深科达,深圳,专用机械,科创板,20210309,20260701,90.47,-5.465,1288892359.0,8545461461.0,8545461461.0,85.45461461,85.45461461,1.51,349.9588,9.984
688665,四方光电,湖北,电器仪表,科创板,20210209,20260701,64.92,-1.1872,149550427.0,6569404116.0,6569404116.0,65.69404116,65.69404116,1.05,49.5884,5.5403
300919,中伟新材,贵州,电气设备,创业板,20201223,20260701,42.95,-1.8286,690501558.99,44764805005.0,39191681725.0,447.64805005,391.91681725,0.95,28.5624,1.8861
301190,善水科技,江西,染料涂料,创业板,20211224,20260701,16.75,4.4916,60934356.0,3595161375.0,2396992000.0,35.95161375,23.96992,1.13,50.0118,1.8148
301182,凯旺科技,河南,元器件,创业板,20211223,20260701,101.71,-1.5106,433463745.60999995,9746025107.0,8887846982.0,97.46025107,88.87846982,0.69,,14.703
688560,明冠新材,江西,电气设备,科创板,20201224,20260701,12.0,1.2658,52236242.0,2415622800.0,2415622800.0,24.156228,24.156228,0.9,,0.9415
688191,智洋创新,山东,软件服务,科创板,20210408,20260701,36.06,1.0084,266736142.99999997,11827777362.0,11827777362.0,118.27777362,118.27777362,0.94,189.9659,13.7726
688680,海优新材,上海,塑料,科创板,20210122,20260701,42.74,1.7619,91602638.0,4170184540.0000005,4170184540.0000005,41.7018454,41.7018454,0.75,,2.6897
688618,三旺通信,深圳,通信设备,科创板,20201230,20260701,32.83,7.2525,152675456.0,3617393248.0,3612869274.0,36.17393248,36.12869274,1.54,100.5641,4.3814
688628,优利德,广东,电器仪表,科创板,20210201,20260701,96.59,-2.3752,277748190.0,10795632484.0,10795632484.0,107.95632484,107.95632484,0.68,71.3874,8.0642
688687,凯因科技,北京,生物制药,科创板,20210208,20260701,17.18,5.3342,93165027.0,2936824792.0,2936824792.0,29.36824792,29.36824792,1.5,95.9797,1.7091
688082,盛美上海,上海,半导体,科创板,20211118,20260701,405.0,-6.25,4508562003.0,195451663500.0,193352265000.0,1954.516635,1933.52265,1.16,140.0154,14.3265
688329,艾隆科技,江苏,专用机械,科创板,20210329,20260701,21.8,7.8674,50193667.0,1682960000.0,1682960000.0,16.8296,16.8296,1.15,90.667,2.2286
688661,和林微纳,江苏,元器件,科创板,20210329,20260701,158.1,-0.5535,910167110.0,24013461179.999996,24013461179.999996,240.13461179999996,240.13461179999996,1.03,806.0423,19.7662
688075,安旭生物,浙江,医疗保健,科创板,20211118,20260701,30.38,2.0833,20003491.0,3860775464.0,3860775464.0,38.60775464,38.60775464,0.86,55.6137,0.7496
688733,壹石通,安徽,矿物制品,科创板,20210817,20260701,41.0,-0.8464,772560738.0,8190783199.999999,8190783199.999999,81.90783199999998,81.90783199999998,0.92,,3.9142
688226,威腾电气,江苏,电气设备,科创板,20210707,20260701,43.1,0.6304,269584966.0,8451293670.0,8136224050.0,84.5129367,81.3622405,0.78,277.7995,4.9351
688260,昀冢科技,江苏,元器件,科创板,20210406,20260701,130.7,-9.2361,1107176031.0,15684000000.0,15684000000.0,156.84,156.84,1.44,,97.1173
603216,梦天家居,浙江,家居用品,主板,20211215,20260701,20.98,1.9932,61855154.0,4672036200.0,4672036200.0,46.720362,46.720362,0.86,72.0881,2.5834
688789,宏华数科,浙江,专用机械,科创板,20210708,20260701,51.24,-3.6299,110544988.0,9236322564.0,9236322564.0,92.36322564,92.36322564,0.85,17.4836,2.5548
688682,霍莱沃,上海,软件服务,科创板,20210420,20260701,40.37,3.7789,105544364.0,4111236393.0,4111236393.0,41.11236393,41.11236393,1.17,,6.653
688690,纳微科技,江苏,化工原料,科创板,20210623,20260701,45.03,2.1088,826751970.0,18183780444.0,18183780444.0,181.83780444,181.83780444,1.07,133.6953,8.8942
688456,有研粉材,北京,铜,科创板,20210317,20260701,136.51,-2.2135,1007342129.0,14150626600.0,14150626600.0,141.506266,141.506266,0.68,202.3531,10.9924
688584,上海合晶,上海,半导体,科创板,20240208,20260701,38.1,5.9805,1408418197.0,25496340930.0,13079737620.000002,254.9634093,130.79737620000003,1.14,203.4017,6.1272
688112,鼎阳科技,深圳,电器仪表,科创板,20211201,20260701,79.47,8.1813,472259938.0,12683165643.0,12683165643.0,126.83165643,126.83165643,1.29,88.9483,7.724
688239,航宇科技,贵州,航空,科创板,20210705,20260701,60.5,1.1198,401124922.0,11550206250.0,11550206250.0,115.5020625,115.5020625,1.05,62.1075,5.5811
688216,气派科技,深圳,半导体,科创板,20210623,20260701,42.75,1.7615,517381619.0,4898662650.0,4541832675.0,48.9866265,45.41832675,1.17,,6.6747
688323,瑞华泰,深圳,塑料,科创板,20210428,20260701,51.39,-9.0442,1420867036.0,9250292502.0,9250292502.0,92.50292502,92.50292502,1.29,,12.9268
603511,爱慕股份,北京,服饰,主板,20210531,20260701,11.8,2.6087,16785330.0,4814843680.0,4742270140.0,48.1484368,47.4227014,1.0,31.6655,1.0757
688201,ST信安,北京,软件服务,科创板,20210421,20260701,7.21,3.2951,25961712.0,2286678898.0,2286678898.0,22.86678898,22.86678898,1.25,111.3249,1.7641
300985,致远新能,吉林,汽车配件,创业板,20210429,20260701,40.07,4.0779,248717208.51999998,7473555875.0,7473555875.0,74.73555875,74.73555875,1.26,,8.4546
300995,奇德新材,广东,塑料,创业板,20210526,20260701,27.17,1.3428,43472831.0,2502653153.0,1650025949.0,25.02653153,16.50025949,0.99,127.4819,3.9214
001213,中铁特货,北京,铁路,主板,20210908,20260701,3.42,2.0896,34226000.0,15199999848.0,15199999848.0,151.99999848,151.99999848,1.01,35.8133,0.7894
603107,上海汽配,上海,汽车配件,主板,20231101,20260701,11.58,2.0264,22898452.0,3906339300.0,2526454920.0,39.063393,25.2645492,0.93,24.9954,1.7919
001211,双枪科技,浙江,家居用品,主板,20210805,20260701,23.65,-0.797,103357195.23,2365000000.0,2207493365.0,23.65,22.07493365,0.57,965.8128,2.7394
001288,运机集团,四川,专用机械,主板,20211101,20260701,24.02,0.9668,90612511.4,5615004074.0,3649029526.0,56.15004074,36.49029526,0.75,28.6855,2.4035
001219,青岛食品,山东,食品,主板,20211021,20260701,11.79,2.8796,27983856.2,2298859002.0,2241539559.0,22.98859002,22.41539559,1.05,20.7345,2.1051
600955,维远股份,山东,化工原料,主板,20210915,20260701,15.9,8.0163,155793955.0,8745000000.0,8745000000.0,87.45,87.45,1.06,,1.1399
605588,冠石科技,江苏,元器件,主板,20210812,20260701,70.11,4.377,359077960.0,5137345305.0,5125012956.0,51.37345305,51.25012956,1.57,,5.4315
605580,恒盛能源,浙江,供气供热,主板,20210819,20260701,27.87,0.9417,414866924.0,7803600000.0,7803600000.0,78.036,78.036,0.73,50.024,7.2703
300969,恒帅股份,浙江,汽车配件,创业板,20210412,20260701,98.13,4.6608,520536367.3,16105085787.0,7681155189.0,161.05085787,76.81155189,1.7,96.6372,11.0864
300990,同飞股份,河北,专用机械,创业板,20210512,20260701,100.04,-4.7873,609353547.1899999,17128508664.0,7779500556.0,171.28508664,77.79500556,0.73,67.7275,7.9953
301070,开勒股份,上海,机械基件,创业板,20210923,20260701,88.6,0.6818,455295206.37,11179051839.999998,7514511540.0,111.79051839999998,75.1451154,1.08,,15.4154
301003,江苏博云,江苏,塑料,创业板,20210601,20260701,52.85,-1.215,100696359.36,5133500190.0,3971170140.0000005,51.3350019,39.7117014,0.69,50.3077,4.472
301152,天力锂能,河南,小金属,创业板,20220829,20260701,24.45,3.2953,103719619.86999999,2903193000.0,1735441440.0,29.03193,17.3544144,1.04,,2.3971
300971,博亚精工,湖北,机械基件,创业板,20210415,20260701,19.65,5.3055,92512470.88,2310840000.0,1812767520.0,23.1084,18.1276752,1.35,27.7049,2.1339
301049,超越科技,安徽,环境保护,创业板,20210824,20260701,18.38,2.9115,32719924.0,1732377492.0,787149232.0,17.32377492,7.87149232,1.03,,3.2856
301085,亚康股份,北京,软件服务,创业板,20211018,20260701,62.52,3.1513,184285847.0,5425210512.0,3683159484.0,54.25210512,36.83159484,1.16,,5.6788
301149,隆华新材,山东,化工原料,创业板,20211110,20260701,10.81,2.1739,106221022.89999999,4648300000.0,2823374177.0,46.483,28.23374177,1.27,32.6154,2.2003
301057,汇隆新材,浙江,化纤,创业板,20210909,20260701,22.98,-0.087,66593522.0,2687959110.0,1861777554.0,26.8795911,18.61777554,1.0,76.5504,3.4233
301005,超捷股份,上海,汽车配件,创业板,20210601,20260701,110.8,-0.6812,1533037041.1799998,20826566320.0,20402279880.0,208.2656632,204.0227988,0.93,1280.2351,26.6413
301041,金百泽,深圳,元器件,创业板,20210811,20260701,33.26,-1.4519,208163774.95,3548176800.0,2626585438.0,35.481768,26.26585438,0.64,175.9945,5.2162
301126,达嘉维康,湖南,医药商业,创业板,20211207,20260701,9.01,5.3801,42440360.0,1850682832.0,1242193383.0,18.50682832,12.42193383,1.14,,1.2336
301188,力诺药包,山东,玻璃,创业板,20211111,20260701,63.4,-5.2317,1141290491.25,16961820440.0,16961820440.0,169.6182044,169.6182044,0.67,427.6762,8.6524
688601,力芯微,江苏,半导体,科创板,20210628,20260701,58.83,-2.8406,439556527.0,7865141541.0,7865141541.0,78.65141541,78.65141541,1.09,212.1017,6.3059
301259,艾布鲁,湖南,环境保护,创业板,20220426,20260701,26.94,2.6286,285268669.11,6093828000.0,3907900236.0,60.93828,39.07900236,1.05,202.4445,6.8827
301050,雷电微力,四川,航空,创业板,20210824,20260701,33.87,1.2859,176456435.94,8385507504.0,7142204157.0,83.85507504,71.42204157,1.02,51.0243,2.7391
301234,五洲医疗,安徽,医疗保健,创业板,20220705,20260701,34.42,4.6519,70225977.54,2340560000.0,1382672052.0,23.4056,13.82672052,1.39,123.8849,3.0434
301039,中集车辆,深圳,汽车整车,创业板,20210708,20260701,7.3,3.5461,127794128.19,13681108120.0,10602720750.0,136.8110812,106.0272075,0.91,15.142,0.931
301239,普瑞眼科,四川,医疗保健,创业板,20220705,20260701,31.69,4.0722,100730001.31,4741426110.0,4501374360.0,47.4142611,45.0137436,0.98,,2.2444
688091,上海谊众,上海,化学制药,科创板,20210909,20260701,42.69,6.194,310691322.0,8824176684.0,8824176684.0,88.24176684,88.24176684,1.75,136.6907,6.092
301047,义翘神州,北京,生物制药,创业板,20210816,20260701,68.17,5.5917,179534183.66,8291973839.0,8151809502.0,82.91973839,81.51809502,1.82,56.127,1.5533
688621,阳光诺和,北京,医疗保健,科创板,20210621,20260701,56.38,2.6771,151628381.0,6314560000.0,6314560000.0,63.1456,63.1456,1.19,30.9739,5.0362
688303,大全能源,新疆,电气设备,科创板,20210722,20260701,17.98,3.1555,318496410.0,38570798486.0,38570798486.0,385.70798486,385.70798486,1.03,,1.0106
301665,泰禾股份,江苏,农药化肥,创业板,20250411,20260701,21.34,1.813,47924339.480000004,9603000000.0,2222987800.0,96.03,22.229878,1.0,20.6183,2.5705
301131,聚赛龙,广东,塑料,创业板,20220314,20260701,33.05,2.8634,41933947.71,1806595625.0,1294069445.0,18.06595625,12.94069445,1.15,55.2004,1.6301
688718,唯赛勃,上海,塑料,科创板,20210728,20260701,16.56,3.6944,66572433.99999999,2877372864.0,2877372864.0,28.77372864,28.77372864,1.18,63.273,3.5667
301063,海锅股份,江苏,电气设备,创业板,20210924,20260701,17.28,3.1026,32730028.900000002,1803352896.0,1670065344.0,18.03352896,16.70065344,1.08,35.2206,1.1411
688701,卓锦股份,浙江,环境保护,科创板,20210916,20260701,7.72,2.5232,27445050.0,1036621528.0,1036621528.0,10.36621528,10.36621528,1.13,,7.9785
688716,中研股份,吉林,化工原料,科创板,20230920,20260701,33.51,6.6179,165597212.0,4077496800.0,2343260472.0,40.774968,23.43260472,1.55,343.607,3.4578
688385,复旦微电,上海,半导体,科创板,20210804,20260701,70.14,-1.6131,2424794386.0,57775671701.99999,37832765502.0,577.7567170199999,378.32765502,1.08,248.6712,9.1961
301219,腾远钴业,江西,小金属,创业板,20220317,20260701,54.15,-1.1861,482438171.99,20730314895.0,14795951415.0,207.30314895,147.95951415,0.79,18.6625,2.1006
301213,观想科技,四川,软件服务,创业板,20211206,20260701,49.42,0.5698,127991492.28,5535040000.0,3577785610.0,55.3504,35.7778561,0.63,415.8115,6.8831
603213,镇洋发展,浙江,化工原料,主板,20211111,20260701,14.08,1.8077,60139633.0,6222971392.0,6222971392.0,62.22971392,62.22971392,1.4,82.2948,3.2435
301080,百普赛斯,北京,生物制药,创业板,20211018,20260701,49.1,2.2917,332687353.29,8208424825.0,6203097256.0,82.08424825,62.03097256,0.9,49.5775,3.038
688767,博拓生物,浙江,医疗保健,科创板,20210908,20260701,34.0,4.5832,63495318.0,5077332200.0,5077332200.0,50.773322,50.773322,0.89,103.0859,2.151
688511,天微电子,四川,元器件,科创板,20210730,20260701,31.83,5.3625,117979556.0,4254967557.0,4254967557.0,42.54967557,42.54967557,0.86,124.6568,5.1835
301201,诚达药业,浙江,生物制药,创业板,20220120,20260701,37.97,4.4279,375345693.51,5874482986.0,4121427071.0,58.74482986,41.21427071,1.3,,2.7954
301211,亨迪药业,湖北,化学制药,创业板,20211222,20260701,11.71,3.4452,206790258.73999998,4890096000.0,4890039792.0,48.90096,48.90039792,0.73,140.0748,2.1424
301257,普蕊斯,上海,医疗保健,创业板,20220517,20260701,51.21,12.8471,473802312.22999996,4045835808.0,3857080869.0,40.45835808,38.57080869,1.63,36.9017,3.157
688775,影石创新,深圳,IT设备,科创板,20250611,20260701,137.18,-1.0602,362281427.0,55009180000.0,35578757876.0,550.0918,355.78757876,1.1,59.2198,9.4829
301150,中一科技,湖北,电气设备,创业板,20220421,20260701,61.08,-3.2166,1135272352.8700001,19784050212.0,18558486120.0,197.84050212,185.5848612,0.7,302.8653,5.3927
301096,百诚医药,浙江,医疗保健,创业板,20211220,20260701,57.66,0.8218,213298684.44,6298103778.0,4790969400.0,62.98103778,47.909694,0.82,,2.5175
301127,武汉天源,湖北,环境保护,创业板,20211230,20260701,20.83,0.5309,666746175.73,14040976001.0,13627831698.0,140.40976001,136.27831698,0.72,63.9331,4.1478
605033,美邦股份,陕西,农药化肥,主板,20210916,20260701,17.11,2.8245,33867224.0,2313272000.0,2313272000.0,23.13272,23.13272,1.11,47.5349,1.9461
301196,唯科科技,福建,专用机械,创业板,20220111,20260701,122.24,-2.5355,673573045.92,20073446016.0,13176946368.0,200.73446016,131.76946368,0.69,78.1268,6.0048
688211,中科微至,江苏,专用机械,科创板,20211026,20260701,34.83,1.1912,58920908.0,4565965707.0,4565965707.0,45.65965707,45.65965707,1.12,,1.3071
688259,创耀科技,江苏,半导体,科创板,20220112,20260701,39.82,1.7894,279928787.0,4447894000.0,4447894000.0,44.47894,44.47894,1.91,56.3102,2.82
688255,凯尔达,浙江,机械基件,科创板,20211025,20260701,28.28,1.7266,90063875.0,3106809692.0,3106809692.0,31.06809692,31.06809692,1.02,118.702,2.9061
301207,华兰疫苗,河南,生物制药,创业板,20220218,20260701,16.94,3.9902,102225154.94,10181407544.0,10174980508.0,101.81407544,101.74980508,1.26,55.6605,1.7733
001317,三羊马,重庆,铁路,主板,20211130,20260701,40.03,1.1369,132929284.72,3425198974.0,3421820442.0,34.25198974,34.21820442,0.83,,3.373
001234,泰慕士,江苏,服饰,主板,20220111,20260701,20.26,3.1568,46956399.0,2200025296.0,1853496230.0,22.00025296,18.5349623,1.49,46.7042,2.3299
300986,志特新材,江西,建筑工程,创业板,20210430,20260701,19.0,10.7872,930664465.1800001,7827504100.0,7821046000.0,78.275041,78.21046,3.46,47.8488,3.5105
688418,震有科技,深圳,通信设备,科创板,20200722,20260701,49.34,2.6206,378375586.0,9500643964.0,9500643964.0,95.00643964,95.00643964,1.19,,11.6314
688589,力合微,深圳,半导体,科创板,20200722,20260701,23.88,3.9164,420450929.0,3470444580.0,3470444580.0,34.7044458,34.7044458,2.77,168.7384,3.6529
300940,南极光,深圳,元器件,创业板,20210203,20260701,15.2,0.7958,86523896.52,3384194880.0,2393686880.0,33.8419488,23.9368688,0.91,38.2274,2.8826
605287,德才股份,山东,装修装饰,主板,20210706,20260701,43.2,4.1215,189149122.0,6048000000.0,6048000000.0,60.48,60.48,1.03,86.469,3.8247
688077,大地熊,安徽,矿物制品,科创板,20200722,20260701,26.92,1.6233,86655163.0,3081761219.9999995,3081761219.9999995,30.817612199999996,30.817612199999996,0.88,53.6851,2.7748
605016,百龙创园,山东,食品,主板,20210421,20260701,26.0,0.5803,135669803.0,10920319800.0,10920319800.0,109.203198,109.203198,1.3,29.6305,5.245
688379,华光新材,浙江,机械基件,科创板,20200819,20260701,81.95,-2.4753,310242974.0,7783488075.0,7382506725.0,77.83488075,73.82506725,0.69,41.3849,5.5447
300977,深圳瑞捷,深圳,建筑工程,创业板,20210420,20260701,15.86,2.8534,35169142.0,2414315462.0,1503561306.0,24.14315462,15.03561306,0.66,80.9826,1.7464
688508,芯朋微,江苏,半导体,科创板,20200722,20260701,91.1,-2.0009,758338665.0,12063489330.0,12063489330.0,120.6348933,120.6348933,0.98,64.7529,4.3945
688600,皖仪科技,安徽,电器仪表,科创板,20200703,20260701,33.73,1.3522,154121834.0,4543717705.0,4543717705.0,45.43717705,45.43717705,0.98,82.5513,5.656
003037,三和管桩,广东,水泥,主板,20210204,20260701,5.58,1.8248,24179429.380000003,3342836826.0,3342836826.0,33.42836826,33.42836826,1.08,70.5555,1.197
600032,浙江新能,浙江,新型电力,主板,20210525,20260701,7.17,1.7021,226379174.0,17241521901.0,17241521901.0,172.41521901,172.41521901,0.89,34.0789,1.3416
688215,瑞晟智能,浙江,专用机械,科创板,20200828,20260701,39.13,-2.5647,37628722.0,3535446369.0,3535446369.0,35.35446369,35.35446369,0.85,100.5335,7.171
688550,瑞联新材,陕西,化工原料,科创板,20200902,20260701,59.55,2.9386,854123605.0,10352434020.0,10352434020.0,103.5243402,103.5243402,1.19,33.4726,3.0979
688095,福昕软件,福建,软件服务,科创板,20200908,20260701,61.14,2.8773,141515111.0,5585719830.0,5585719830.0,55.8571983,55.8571983,0.9,184.7351,2.1251
688383,新益昌,深圳,专用机械,科创板,20210428,20260701,184.28,-1.9996,466723647.0,18731417020.0,18731417020.0,187.3141702,187.3141702,1.25,,14.9647
600905,三峡能源,北京,新型电力,主板,20210610,20260701,3.76,1.3477,378386429.0,107489564376.0,107489564376.0,1074.89564376,1074.89564376,0.67,28.9386,1.1981
600935,华塑股份,安徽,化工原料,主板,20211126,20260701,2.37,0.8511,69982471.0,8519529060.0,8312542266.000001,85.1952906,83.12542266000001,0.69,,1.4343
688596,正帆科技,上海,专用机械,科创板,20200820,20260701,83.66,5.8184,4717282242.0,24607074754.0,24607074754.0,246.07074754,246.07074754,1.27,180.5356,6.7887
688129,东来技术,上海,染料涂料,科创板,20201023,20260701,26.94,2.8637,42740218.0,3245698872.0,3245698872.0,32.45698872,32.45698872,1.02,32.2698,3.1408
688017,绿的谐波,江苏,机械基件,科创板,20200828,20260701,423.98,1.4646,7939265026.0,77728295798.0,77728295798.0,777.28295798,777.28295798,1.3,624.9918,21.7798
688581,安杰思,浙江,医疗保健,科创板,20230519,20260701,54.1,4.6219,30478395.0,4388705610.0,2248379770.0,43.8870561,22.4837977,1.48,19.7946,1.7057
688135,利扬芯片,广东,半导体,科创板,20201111,20260701,40.92,-2.7567,1036946257.0,9538611588.0,9538611588.0,95.38611588,95.38611588,1.24,,6.0168
301002,崧盛股份,深圳,电气设备,创业板,20210607,20260701,38.71,0.285,174742619.58,5223399657.0,3289777092.0,52.23399657,32.89777092,0.97,,4.7629
301171,易点天下,陕西,互联网,创业板,20220819,20260701,34.18,0.6478,1520128009.97,21141047780.0,17154419046.0,211.4104778,171.54419046,1.1,133.714,5.7818
301036,双乐股份,江苏,染料涂料,创业板,20210729,20260701,22.89,4.3776,56444003.199999996,2289000000.0,1612236549.0,22.89,16.12236549,1.18,46.1679,1.3871
301029,怡合达,广东,专用机械,创业板,20210723,20260701,30.58,13.2173,1308476664.8999999,19393918566.0,14124314864.0,193.93918566,141.24314864,2.14,37.88,4.3147
688608,恒玄科技,上海,半导体,科创板,20201216,20260701,116.7,-1.4525,834022901.0,27644596200.0,27644596200.0,276.445962,276.445962,1.47,46.5398,3.8663
688575,亚辉龙,深圳,医疗保健,科创板,20210517,20260701,9.11,3.9954,70562401.0,5205347413.0,5205347413.0,52.05347413,52.05347413,0.98,223.0167,1.9186
300997,欢乐家,广东,软饮料,创业板,20210602,20260701,14.48,6.8635,205358449.04000002,6298414832.0,5713682023.999999,62.98414832,57.13682023999999,1.81,142.58,5.8383
688219,会通股份,安徽,塑料,科创板,20201118,20260701,12.99,0.3864,287908390.0,7139304000.0,7139304000.0,71.39304,71.39304,1.1,36.6525,2.3439
688092,爱科科技,浙江,专用机械,科创板,20210319,20260701,21.86,2.919,24241975.0,1807028482.0,1807028482.0,18.07028482,18.07028482,0.98,35.6452,2.7148
688179,阿拉丁,上海,化学制药,科创板,20201026,20260701,30.21,9.022,1004413577.0,10936204280.999998,10936204280.999998,109.36204280999998,109.36204280999998,1.32,107.1548,11.6781
688668,鼎通科技,广东,通信设备,科创板,20201221,20260701,358.28,-4.0236,2314771265.0,49897870568.0,49897870568.0,498.97870568,498.97870568,1.18,207.454,24.2546
688658,悦康药业,北京,化学制药,科创板,20201224,20260701,13.92,8.2426,253235815.0,6264000000.0,6264000000.0,62.64,62.64,1.51,,1.9085
300975,商络电子,江苏,元器件,创业板,20210421,20260701,50.61,-2.2029,6014873116.09,34769353416.0,24903829713.0,347.69353416,249.03829713,1.18,114.801,13.0952
300973,立高食品,广东,食品,创业板,20210415,20260701,25.18,2.4827,87819819.0,4263998826.0,2985461664.0,42.63998826,29.85461664,0.89,13.9938,1.6886
688779,五矿新能,湖南,电气设备,科创板,20210811,20260701,8.05,-0.7398,268100112.00000003,15530220195.0,15530220195.0,155.30220195,155.30220195,1.14,68.1032,2.1875
688788,科思科技,深圳,通信设备,科创板,20201022,20260701,45.83,1.8897,226714692.0,10032379486.0,10032379486.0,100.32379486,100.32379486,0.87,,5.7057
300959,线上线下,江苏,电信运营,创业板,20210322,20260701,149.11,0.8795,532718506.47999996,11983642658.0,7802657902.0,119.83642658,78.02657902,1.04,,10.8433
688136,科兴制药,山东,生物制药,科创板,20201214,20260701,21.96,6.0357,291799677.0,4419610308.0,4419610308.0,44.19610308,44.19610308,1.08,28.4096,2.558
688109,品茗科技,浙江,软件服务,科创板,20210330,20260701,78.06,3.1176,89826340.0,6154429938.000001,6154429938.000001,61.54429938000001,61.54429938000001,0.77,131.9647,7.7588
688607,康众医疗,江苏,医疗保健,科创板,20210201,20260701,50.85,-0.2941,110904073.0,4481359650.0,4033879650.0000005,44.8135965,40.33879650000001,0.73,,5.3382
001206,依依股份,天津,造纸,主板,20210518,20260701,19.14,2.0256,149848977.24,3538869246.0000005,2045386530.0,35.38869246,20.4538653,0.7,19.336,1.8979
605507,国邦医药,浙江,化学制药,主板,20210802,20260701,15.39,3.9865,82530415.0,12040411131.0,12040411131.0,120.40411131,120.40411131,1.02,14.6688,1.3818
688067,爱威科技,湖南,医疗保健,科创板,20210616,20260701,20.88,3.6228,33503680.999999996,1419840000.0,1419840000.0,14.1984,14.1984,1.4,49.1857,2.7207
688131,皓元医药,上海,化学制药,科创板,20210608,20260701,95.5,0.9514,1015710435.0,20363856550.0,20363856550.0,203.6385655,203.6385655,1.02,84.9178,6.5364
688305,科德数控,辽宁,机床制造,科创板,20210709,20260701,67.24,3.0182,354625135.0,8936646508.0,8890055912.0,89.36646508,88.90055912,1.12,100.8594,4.6556
688606,奥泰生物,浙江,医疗保健,科创板,20210325,20260701,42.53,3.5297,24279917.0,3371816677.0,3371816677.0,33.71816677,33.71816677,1.1,15.3131,0.8684
688609,九联科技,广东,家用电器,科创板,20210323,20260701,10.56,-4.0872,206711797.0,5511822624.0,5280000000.0,55.11822624,52.8,0.97,,7.0076
688667,菱电电控,湖北,汽车配件,科创板,20210312,20260701,134.65,0.7482,160601826.0,7095449075.0,7095449075.0,70.95449075,70.95449075,0.77,52.3138,3.8951
688625,呈和科技,广东,化工原料,科创板,20210607,20260701,82.0,-2.8551,387741910.0,21525943000.0,21525943000.0,215.25943,215.25943,0.67,78.0528,13.5541
688683,莱尔科技,广东,元器件,科创板,20210412,20260701,37.38,-1.4241,101785729.0,6021835764.0,5800549902.0,60.21835764,58.00549902,1.28,144.7529,4.9815
605365,立达信,福建,家用电器,主板,20210720,20260701,14.44,0.4172,65968913.0,7249066276.0,7249066276.0,72.49066276,72.49066276,1.07,34.7593,1.9063
688501,青达环保,山东,环境保护,科创板,20210716,20260701,19.23,0.1563,38073713.0,2388865980.0,2388865980.0,23.8886598,23.8886598,0.73,13.6557,2.0774
688147,微导纳米,江苏,专用机械,科创板,20221223,20260701,155.0,-4.2501,1937404480.0,71991780500.0,71991780500.0,719.917805,719.917805,0.94,328.1688,24.5295
688395,正弦电气,深圳,机械基件,科创板,20210429,20260701,22.31,0.9502,50504668.0,1931994687.0,1931994687.0,19.31994687,19.31994687,1.36,48.2147,2.4332
688319,欧林生物,四川,生物制药,科创板,20210608,20260701,38.6,-12.2328,1133604540.0,15648798980.0,15648798980.0,156.4879898,156.4879898,1.87,702.9964,16.811
688117,圣诺生物,四川,生物制药,科创板,20210603,20260701,28.88,6.8442,382429046.0,6363430752.0,6363430752.0,63.63430752,63.63430752,1.8,40.2942,5.6579
688793,倍轻松,深圳,家用电器,科创板,20210715,20260701,17.05,5.8349,45695551.0,1465369070.0,1465369070.0,14.6536907,14.6536907,1.28,,6.5755
688799,华纳药厂,湖南,化学制药,科创板,20210713,20260701,50.8,13.672,377614566.0,6788759600.0,6788759600.0,67.887596,67.887596,2.1,28.4908,3.2704
688113,联测科技,江苏,专用机械,科创板,20210506,20260701,35.55,1.2821,36102221.0,2289334680.0,2289334680.0,22.8933468,22.8933468,0.93,25.4015,2.2647
688700,东威科技,江苏,专用机械,科创板,20210615,20260701,83.66,-6.4206,1594472041.0,24964261124.0,24964261124.0,249.64261124,249.64261124,0.97,206.4238,13.3003
301099,雅创电子,上海,元器件,创业板,20211122,20260701,100.0,4.712,1604033970.49,14666580000.0,8978040000.0,146.6658,89.7804,1.47,116.3204,10.219
301027,华蓝集团,广西,建筑工程,创业板,20210715,20260701,21.79,5.3166,140540956.89999998,3203130000.0,2640775859.0,32.0313,26.40775859,0.84,,3.5622
301013,利和兴,深圳,专用机械,创业板,20210629,20260701,71.02,-1.7024,1980835658.85,16600427860.0,13439938432.0,166.0042786,134.39938432,0.63,,24.8032
300989,蕾奥规划,深圳,建筑工程,创业板,20210507,20260701,12.99,2.2835,51369117.96,2740364347.0,2116701236.0,27.40364347,21.16701236,0.87,140.3031,2.8349
300992,泰福泵业,浙江,机械基件,创业板,20210525,20260701,24.78,-0.6017,38004959.0,2361546390.0,1932542640.0,23.6154639,19.3254264,0.7,127.0548,2.7332
301055,张小泉,浙江,家居用品,创业板,20210906,20260701,43.15,1.6011,206051177.23,6731400000.0,6587611255.0,67.314,65.87611255,0.6,122.2496,9.607
301061,匠心家居,江苏,家居用品,创业板,20210913,20260701,35.02,-0.1426,67356896.39,9959603952.0,6616626270.0,99.59603952,66.1662627,0.69,11.615,2.284
688728,格科微,上海,半导体,科创板,20210818,20260701,25.25,20.0095,4298404959.0,65664814175.00001,63096901800.0,656.64814175,630.969018,2.38,1300.0585,8.3426
300991,创益通,深圳,元器件,创业板,20210520,20260701,33.55,-4.7146,119278747.0,4831200000.0,3091364099.9999995,48.312,30.913640999999995,0.88,,7.7005
301120,新特电气,北京,电气设备,创业板,20220419,20260701,16.74,0.6615,167383222.53,6246127566.0,3686131260.0,62.46127566,36.8613126,0.73,145.1886,4.0005
301108,洁雅股份,安徽,日用化工,创业板,20211203,20260701,23.48,-0.4663,30912169.2,2642819576.0,1522288232.0000002,26.42819576,15.222882320000002,1.11,34.2025,1.3937
300988,津荣天宇,天津,机械基件,创业板,20210512,20260701,15.86,1.4715,83223323.82000001,3123755466.0,2570931376.0,31.23755466,25.70931376,1.07,34.2124,2.3891
301129,瑞纳智能,安徽,电器仪表,创业板,20211102,20260701,21.18,1.4854,35527188.09,2878306932.0,1403863350.0,28.78306932,14.0386335,0.79,26.4673,1.5804
688071,华依科技,上海,专用机械,科创板,20210729,20260701,36.41,-0.0823,125845771.0,3087192977.0,3087192977.0,30.87192977,30.87192977,0.85,,3.0516
301053,远信工业,浙江,专用机械,创业板,20210901,20260701,35.96,-2.5474,125113424.10000001,4742598984.0,4404129080.0,47.42598984,44.0412908,0.67,285.3437,5.2955
301128,强瑞技术,深圳,专用机械,创业板,20211110,20260701,155.78,-0.077,899055390.53,22559716884.0,22559716884.0,225.59716884,225.59716884,0.74,159.263,24.0306
301056,森赫股份,浙江,运输设备,创业板,20210907,20260701,11.6,3.5714,33884580.0,3094724560.0,2041551280.0,30.9472456,20.4155128,0.67,41.2933,3.8925
301193,家联科技,浙江,家居用品,创业板,20211209,20260701,18.63,0.4854,81277164.68,4487622345.0,3431299482.0,44.87622345,34.31299482,0.81,,3.2518
301038,深水规院,深圳,建筑工程,创业板,20210804,20260701,16.46,1.8564,49082040.370000005,3671896800.0,3671896800.0,36.718968,36.718968,0.87,69.6601,4.0975
301071,力量钻石,河南,矿物制品,创业板,20210924,20260701,87.91,-4.9622,2193258926.32,22880537893.0,16955289609.999998,228.80537893,169.55289609999997,0.74,209.3341,4.2551
301058,中粮科工,江苏,建筑工程,创业板,20210909,20260701,7.93,1.928,34107432.0,4129967790.0,4062334405.9999995,41.2996779,40.623344059999994,0.79,17.7184,1.7647
301298,东利机械,河北,汽车配件,创业板,20220606,20260701,11.91,2.9386,32670132.0,1748388000.0,1288461912.0,17.48388,12.88461912,1.09,25.8782,1.833
301100,风光股份,辽宁,化工原料,创业板,20211217,20260701,14.35,3.2374,27242658.55,2887607450.0,1273232450.0,28.8760745,12.7323245,1.28,,1.4313
301112,信邦智能,广东,专用机械,创业板,20220629,20260701,32.86,8.664,133590022.81,3623360476.0,3623360476.0,36.23360476,36.23360476,2.6,,3.2534
688655,迅捷兴,深圳,元器件,科创板,20210511,20260701,50.73,-5.2838,479912885.0,6766874700.0,6766874700.0,67.668747,67.668747,0.89,,10.3701
301186,超达装备,江苏,专用机械,创业板,20211223,20260701,37.96,-7.4146,204974037.45999998,4355663260.0,4095242476.0,43.5566326,40.95242476,1.75,32.8777,2.6944
301091,深城交,深圳,建筑工程,创业板,20211029,20260701,15.9,2.5806,100463493.36,8383752000.0,8383752000.0,83.83752,83.83752,0.88,137.0645,3.5869
301138,华研精机,广东,专用机械,创业板,20211215,20260701,31.9,2.9032,112443703.51,3828000000.0,2187067190.0,38.28,21.8706719,0.85,39.0389,3.3275
301267,华厦眼科,福建,医疗保健,创业板,20221107,20260701,15.1,3.4955,122959064.53,12684000000.0,9791510440.0,126.84,97.9151044,1.46,28.7845,2.3308
301111,粤万年青,广东,中成药,创业板,20211207,20260701,26.62,2.8594,289072577.64,4259200000.0,4259200000.0,42.592,42.592,0.85,,5.6988
688778,厦钨新能,福建,电气设备,科创板,20210805,20260701,54.67,0.4963,509982178.0,27591462437.0,27591462437.0,275.91462437,275.91462437,1.18,36.5531,2.9294
688502,茂莱光学,江苏,元器件,科创板,20230309,20260701,670.0,-3.4025,1857842711.0,35376402000.0,35376402000.0,353.76402,353.76402,0.92,763.5698,29.6562
688359,三孚新科,广东,化工原料,科创板,20210521,20260701,213.5,7.5892,1532490506.0,21082292350.0,21082292350.0,210.8229235,210.8229235,1.34,,33.5537
301148,嘉戎技术,福建,环境保护,创业板,20220421,20260701,53.46,0.3755,71959528.0,6227934966.0,3147355925.9999995,62.27934966,31.473559259999995,0.59,121.6542,3.5359
605599,菜百股份,北京,服饰,主板,20210909,20260701,14.02,2.3358,70229867.0,10904444756.0,10904444756.0,109.04444756,109.04444756,1.04,9.6238,2.1556
688306,均普智能,浙江,专用机械,科创板,20220322,20260701,9.94,-1.5842,208816046.0,12209131032.0,12209131032.0,122.09131032,122.09131032,1.06,998.7906,6.9787
301160,翔楼新材,江苏,机械基件,创业板,20220606,20260701,50.6,8.4673,425934697.41999996,8331588540.000001,5605326320.0,83.31588540000001,56.0532632,1.11,40.0136,4.4718
301102,兆讯传媒,天津,广告包装,创业板,20220328,20260701,8.83,3.2749,18864860.39,3584980000.0,3584980000.0,35.8498,35.8498,0.89,295.1629,1.2085
301123,奕东电子,广东,元器件,创业板,20220125,20260701,114.51,-5.1441,1129949475.23,26868626400.0,18898913616.0,268.686264,188.98913616,0.75,,9.5847
301222,浙江恒威,浙江,电气设备,创业板,20220309,20260701,30.54,1.9359,129079987.0,4285928628.0,3255567054.0,42.85928628,32.55567054,1.03,51.4026,2.918
301177,迪阿股份,深圳,服饰,创业板,20211215,20260701,29.8,8.0885,103110856.16,11928180100.0,11920277140.0,119.281801,119.2027714,1.84,85.7495,1.8945
688776,国光电气,四川,元器件,科创板,20210831,20260701,61.65,0.5054,203997549.0,6681836610.0,6681836610.0,66.8183661,66.8183661,0.89,,3.9134
688257,新锐股份,江苏,机械基件,科创板,20211027,20260701,104.9,2.9441,2314365106.0,37175175320.0,37175175320.0,371.7517532,371.7517532,1.1,164.3768,13.8959
301110,青木科技,广东,互联网,创业板,20220311,20260701,38.63,2.0338,110360455.24,5004493322.0,3519907655.0,50.04493322,35.19907655,1.01,40.6723,3.2478
300834,星辉环材,广东,化工原料,创业板,20220113,20260701,41.5,-0.7177,112309145.16,8039064600.0,7985712200.0,80.390646,79.857122,0.76,160.0345,2.7925
301113,雅艺科技,浙江,家居用品,创业板,20211222,20260701,15.17,1.7438,26058612.38,1794611000.0,1087145914.0,17.94611,10.87145914,1.17,236.7772,2.6329
301265,华新科技,北京,环境保护,创业板,20221216,20260701,27.79,0.8711,252779099.35999998,8419625228.0,6786790429.999999,84.19625228,67.86790429999999,0.62,139.99,3.9592
301117,佳缘科技,四川,软件服务,创业板,20220117,20260701,23.43,0.3426,124469115.0,4236989822.9999995,2714482650.0,42.36989823,27.1448265,0.99,,3.4194
301217,铜冠铜箔,安徽,元器件,创业板,20220127,20260701,164.84,-0.1393,7542244655.16,136654915020.0,136654915020.0,1366.5491502,1366.5491502,0.94,2181.2481,24.8414
301233,盛帮股份,四川,汽车配件,创业板,20220706,20260701,37.04,-0.9096,37461107.4,2658242272.0,1458490744.0000002,26.58242272,14.584907440000002,0.46,30.507,2.6469
301439,泓淋电力,山东,电气设备,创业板,20230317,20260701,15.85,0.827,159158371.17999998,6167263530.0,2904463364.9999995,61.6726353,29.044633649999994,0.82,30.7109,2.0257
688343,云天励飞,深圳,软件服务,科创板,20230404,20260701,81.52,-0.1714,1603979017.0,29314869167.999996,29314869167.999996,293.14869167999996,293.14869167999996,1.06,,7.8805
688685,迈信林,江苏,航空,科创板,20210513,20260701,54.75,-0.2732,555169843.0,8040130575.0,8040130575.0,80.40130575,80.40130575,1.08,457.4119,10.0377
688182,灿勤科技,江苏,通信设备,科创板,20211116,20260701,43.14,0.1625,362060463.0,17256000000.0,17256000000.0,172.56,172.56,0.96,143.3665,7.6345
301037,保立佳,上海,染料涂料,创业板,20210730,20260701,12.51,4.25,34189949.0,1739286567.0,850652478.0,17.39286567,8.50652478,1.14,,3.1885
001217,华尔泰,安徽,化工原料,主板,20210929,20260701,9.15,8.5409,69339919.0,3036610500.0,3002776545.0,30.366105,30.02776545,2.26,,1.3921
605555,德昌股份,浙江,家用电器,主板,20211021,20260701,13.12,4.96,109151251.0,6350985280.000001,6350985280.000001,63.50985280000001,63.50985280000001,1.1,39.0388,2.1207
605598,上海港湾,上海,建筑工程,主板,20210917,20260701,38.99,1.4572,296577494.0,9475225032.0,9475225032.0,94.75225032,94.75225032,0.65,144.4128,5.53
001208,华菱线缆,湖南,电气设备,主板,20210624,20260701,14.28,0.6342,186135213.33,9115645140.0,4551517236.0,91.1564514,45.51517236,1.0,82.7228,3.0995
001209,洪兴股份,广东,服饰,主板,20210723,20260701,16.35,2.0599,35300493.4,2150396145.0,1571146710.0,21.50396145,15.7114671,1.04,102.133,1.6401
301033,迈普医学,广东,医疗保健,创业板,20210726,20260701,52.65,1.6606,126249159.26,3530166705.0,2967022305.0,35.30166705,29.67022305,1.17,31.2049,4.3053
300979,华利集团,广东,服饰,创业板,20210426,20260701,30.64,2.9916,100721510.64999999,35756883064.0,35756647136.0,357.56883064,357.56647136,1.56,11.1508,2.1812
301059,金三江,广东,化工原料,创业板,20210913,20260701,12.48,12.5338,117164785.39,2884801920.0,2577249792.0,28.8480192,25.77249792,2.73,37.7647,4.404
301001,凯淳股份,上海,互联网,创业板,20210528,20260701,22.6,4.2916,36737064.0,1808000000.0,1136780000.0,18.08,11.3678,1.26,,2.3514
301066,万事利,浙江,纺织,创业板,20210922,20260701,11.84,1.9811,57206880.3,2781489503.9999995,2760101728.0,27.814895039999996,27.60101728,1.12,83.383,2.1587
301004,嘉益股份,浙江,家居用品,创业板,20210625,20260701,32.1,3.5484,28205580.099999998,4680381010.0,4369046738.0,46.8038101,43.69046738,1.32,10.7063,2.6066
300854,中兰环保,深圳,环境保护,创业板,20210916,20260701,19.72,3.3543,178197414.6,2762697064.0000005,2247139356.0,27.626970640000003,22.47139356,0.97,,3.0195
301198,喜悦智行,浙江,塑料,创业板,20211202,20260701,13.49,0.6716,37737249.68,2279810000.0,2098428856.0,22.7981,20.98428856,0.81,,2.519
301077,星华新材,浙江,化工原料,创业板,20210930,20260701,23.29,3.1444,51152884.14,3961137581.0,2221926554.0,39.61137581,22.21926554,0.9,30.5344,3.3018
300980,祥源新材,湖北,塑料,创业板,20210421,20260701,31.34,6.5624,538176831.9,4326963368.0,3082019476.0,43.26963368,30.82019476,2.88,87.0546,3.0397
301065,本立科技,浙江,化学制药,创业板,20210914,20260701,18.35,3.966,28128298.0,1945467000.0,1583375625.0,19.45467,15.83375625,1.13,24.6786,1.4038
301040,中环海陆,江苏,机械基件,创业板,20210803,20260701,24.93,2.2979,111816293.0,2493024930.0,2352497013.0,24.9302493,23.52497013,1.19,,3.5574
301019,宁波色母,浙江,塑料,创业板,20210628,20260701,17.94,0.6169,32169839.830000002,2959443396.0,1876694430.0,29.59443396,18.7669443,1.01,26.9142,2.5957
301067,显盈科技,深圳,元器件,创业板,20210922,20260701,37.01,-2.1417,179575507.2,3598704360.0,2362307589.0,35.9870436,23.62307589,0.95,,4.6776
301336,趣睡科技,四川,家居用品,创业板,20220812,20260701,40.36,1.0263,44858524.24,2094865620.0,1621095724.0,20.9486562,16.21095724,0.74,68.5786,2.4862
301060,兰卫医学,上海,医疗保健,创业板,20210913,20260701,8.69,6.3647,101532836.12,3480492730.0,3129846016.0,34.8049273,31.29846016,1.37,,2.1948
300814,中富电路,深圳,元器件,创业板,20210812,20260701,188.82,-7.6675,1938632401.6299999,36145831482.0,36145831482.0,361.45831482,361.45831482,1.05,1240.2318,22.0713
301185,鸥玛软件,山东,软件服务,创业板,20211119,20260701,15.1,1.6151,30358897.0,2316605760.0,2093877740.0,23.1660576,20.9387774,0.81,39.7885,2.1298
301031,中熔电气,陕西,电气设备,创业板,20210715,20260701,114.1,-4.4789,627424690.88,16676205630.0,13109941669.999998,166.7620563,131.09941669999998,1.03,41.1676,10.1963
301231,荣信文化,陕西,出版业,创业板,20220908,20260701,26.48,4.4164,184912111.64,2234912000.0,1732612880.0,22.34912,17.3261288,0.97,,2.7515
301133,金钟股份,广东,汽车配件,创业板,20211126,20260701,38.92,1.8848,150906957.1,4727483964.0,4325413120.0,47.27483964,43.2541312,0.85,,3.4414
301008,宏昌科技,浙江,家用电器,创业板,20210611,20260701,26.61,3.9453,202745176.5,3484930752.0,3077199027.0,34.84930752,30.77199027,1.28,106.1301,2.3091
301087,可孚医疗,湖南,医疗保健,创业板,20211025,20260701,49.34,3.5467,188108414.53,11639157980.0,9571529262.0,116.3915798,95.71529262,1.45,31.321,2.4598
301101,明月镜片,江苏,文教休闲,创业板,20211216,20260701,28.29,3.8546,95995967.5,5700777309.0,5400510078.0,57.00777309,54.00510078,1.47,29.5496,3.1347
688087,英科再生,山东,环境保护,科创板,20210709,20260701,34.59,3.5009,74909883.0,6712355532.0,6442231845.0,67.12355532,64.42231845,0.52,23.4916,2.329
301083,百胜智能,江西,专用机械,创业板,20211021,20260701,13.36,1.4427,40435998.0,2376299112.0,1143748264.0,23.76299112,11.43748264,1.17,77.912,2.8339
301166,优宁维,上海,医药商业,创业板,20211228,20260701,27.11,5.1183,40330915.95,2336028035.0,1529559755.0,23.36028035,15.29559755,1.42,,1.172
301370,国科恒泰,北京,医药商业,创业板,20230712,20260701,8.35,3.2138,36908552.5,3929510000.0,2703300810.0,39.2951,27.0330081,1.33,57.6595,1.5665
301103,何氏眼科,辽宁,医疗保健,创业板,20220322,20260701,15.57,3.9386,46571541.0,2460472605.0,1893835152.0,24.60472605,18.93835152,1.42,90.007,1.2811
688232,新点软件,江苏,软件服务,科创板,20211117,20260701,18.29,2.8684,46337058.0,5889050780.0,5889050780.0,58.8905078,58.8905078,0.77,162.9565,1.0969
301079,邵阳液压,湖南,机械基件,创业板,20211019,20260701,35.37,5.1427,283256480.47,3852933117.0,2721134782.0,38.52933117,27.21134782,1.78,660.7526,8.0384
301178,天亿马,广东,软件服务,创业板,20211112,20260701,45.51,-8.5226,451012244.98,4237172142.0,3125972676.0,42.37172142,31.25972676,1.56,565.7398,5.4276
301088,戎美股份,江苏,服饰,创业板,20211028,20260701,11.76,2.6178,14908447.959999999,2680104000.0,2210880000.0,26.80104,22.1088,0.78,34.3879,1.0602
301045,天禄科技,江苏,元器件,创业板,20210813,20260701,92.59,3.9403,1545024531.43,10214371397.0,6455004440.0,102.14371397,64.5500444,2.81,314.7682,9.8401
688766,普冉股份,上海,半导体,科创板,20210823,20260701,870.0,13.4881,8213384045.0,129372132000.0,129372132000.0,1293.72132,1293.72132,1.13,623.4182,48.0127
688597,煜邦电力,北京,电器仪表,科创板,20210617,20260701,6.64,2.1538,40719951.0,2231440392.0,2231440392.0,22.31440392,22.31440392,0.91,29.7789,2.8032
301092,争光股份,浙江,化工原料,创业板,20211102,20260701,49.09,19.9951,278992732.96,6604337877.0,2991515146.0,66.04337877,29.91515146,1.34,65.8643,3.3406
688246,嘉和美康,北京,软件服务,科创板,20211214,20260701,20.3,-1.2165,79526298.0,2792987680.0,2792987680.0,27.9298768,27.9298768,0.93,,2.1651
688367,工大高科,安徽,运输设备,科创板,20210628,20260701,31.89,-4.2342,108042829.0,2794348494.0,2794348494.0,27.94348494,27.94348494,0.49,277.3474,4.6959
688110,东芯股份,上海,半导体,科创板,20211210,20260701,193.29,-5.1105,5703229274.0,85507127646.0,85507127646.0,855.07127646,855.07127646,0.85,,23.7919
301121,紫建电子,重庆,电气设备,创业板,20220808,20260701,34.77,8.5884,101199079.19999999,3436180020.0,1759069932.0,34.3618002,17.59069932,1.48,474.1123,2.0764
688798,艾为电子,上海,半导体,科创板,20210816,20260701,74.48,1.5821,503220484.0,17363418128.0,10110153536.0,173.63418128,101.10153536,1.31,54.7725,4.0837
301187,欧圣电气,江苏,家用电器,创业板,20220422,20260701,15.11,5.5905,66777783.4,3852045185.0,3852045185.0,38.52045185,38.52045185,1.61,36.8586,2.6302
301232,飞沃科技,湖南,机械基件,创业板,20230615,20260701,161.5,4.9042,1291034007.43,16978543450.0,10083607800.0,169.7854345,100.836078,0.99,449.2889,11.9968
688296,和达科技,浙江,软件服务,科创板,20210727,20260701,11.71,2.3601,31553951.0,1263493777.0,1257574372.0,12.63493777,12.57574372,1.26,,2.2142
688722,同益中,北京,化纤,科创板,20211019,20260701,15.43,1.7139,52003808.0,3457943236.0,3457943236.0,34.57943236,34.57943236,0.76,31.5868,2.363
301139,*ST元道,新疆,通信设备,创业板,20220708,20260701,4.35,-0.2294,60077918.0,528876480.0,331326884.99999994,5.2887648,3.3132688499999996,0.86,59.8476,0.2719
301086,鸿富瀚,深圳,元器件,创业板,20211020,20260701,199.39,-4.7257,515057363.42,25096062838.0,13070592731.000002,250.96062838,130.70592731000002,0.74,247.3395,12.6068
688768,容知日新,安徽,电器仪表,科创板,20210726,20260701,53.99,4.7536,91141440.0,4750509913.0,4711356365.0,47.50509913,47.11356365,1.01,56.3854,4.3943
301382,蜂助手,广东,互联网,创业板,20230517,20260701,45.5,-1.087,1111639585.4,12994522450.000002,10754243500.0,129.94522450000002,107.542435,1.27,84.3412,6.8019
301136,招标股份,福建,建筑工程,创业板,20220111,20260701,11.31,3.0055,91493547.69000001,3112566288.0,3109088462.9999995,31.12566288,31.090884629999994,1.41,,2.1511
301339,通行宝,江苏,IT设备,创业板,20220909,20260701,10.38,1.4663,41999063.93,6023859654.0,5914524000.0,60.23859654,59.14524,1.17,27.2565,2.1423
301155,海力风电,江苏,电气设备,创业板,20211124,20260701,43.13,0.5361,184419451.28,9376091082.0,5316130479.0,93.76091082,53.16130479,0.88,27.027,1.6215
688327,云从科技-UW,广东,软件服务,科创板,20220527,20260701,12.8,2.7287,377437052.0,13311683840.0,10686307840.0,133.1168384,106.8630784,1.0,,17.6899
301248,杰创智能,广东,软件服务,创业板,20220420,20260701,84.58,0.7745,979987164.8199999,13000368899.999998,9500761446.0,130.00368899999998,95.00761446,0.89,950.7737,8.6192
688114,华大智造,深圳,医疗保健,科创板,20220909,20260701,52.17,2.1339,317384713.0,21729644937.0,21683813592.0,217.29644937,216.83813592,1.21,,3.0655
603324,盛剑科技,上海,环境保护,主板,20210407,20260701,55.3,7.8814,1081120913.0,8166681880.0,8166681880.0,81.6668188,81.6668188,1.19,,5.0085
688309,恒誉环保,山东,环境保护,科创板,20200714,20260701,61.9,1.6754,149111030.0,4914940470.0,4914940470.0,49.1494047,49.1494047,1.29,147.0026,6.0446
300918,南山智尚,山东,纺织,创业板,20201222,20260701,10.94,2.0522,106317476.76,5537110336.0,5537110336.0,55.37110336,55.37110336,1.08,43.2305,1.4285
688586,江航装备,安徽,航空,科创板,20200731,20260701,11.63,-0.5133,69365276.0,9203274896.0,9203274896.0,92.03274896,92.03274896,0.73,167.289,3.6937
688229,博睿数据,北京,软件服务,科创板,20200817,20260701,85.0,10.8214,248462414.0,3774000000.0,3774000000.0,37.74,37.74,2.01,,10.3228
688065,凯赛生物,上海,化工原料,科创板,20200812,20260701,49.26,2.9467,356297517.0,35530735548.0,28737200280.0,355.30735548,287.3720028,1.01,63.3663,1.9881
300925,法本信息,深圳,软件服务,创业板,20201230,20260701,15.16,2.5017,177508184.07,6499228440.0,5298776260.0,64.9922844,52.9877626,1.02,62.2522,2.8937
688106,金宏气体,江苏,化工原料,科创板,20200616,20260701,49.78,20.0096,2658018019.0,26651460321.999996,26651460321.999996,266.51460321999997,266.51460321999997,0.94,202.0203,7.8859
688580,伟思医疗,江苏,医疗保健,科创板,20200721,20260701,56.7,6.4389,312634734.0,5430232709.999999,5430232709.999999,54.30232709999999,54.30232709999999,1.88,39.3288,3.0933
688060,云涌科技,江苏,IT设备,科创板,20200710,20260701,33.21,0.9729,16406098.999999998,1998933147.0,1998933147.0,19.98933147,19.98933147,1.13,,2.2541
600906,财达证券,河北,证券,主板,20210507,20260701,7.93,6.3003,1397535690.0,25732850793.0,16845183550.0,257.32850793,168.4518355,1.28,34.4444,2.0569
300950,德固特,山东,专用机械,创业板,20210303,20260701,16.74,-0.1789,55748688.54000001,2572000560.0,1641331890.0000002,25.7200056,16.413318900000004,1.49,27.9402,3.1031
688390,固德威,江苏,电气设备,科创板,20200904,20260701,100.55,-7.3357,1435606864.0,24439904210.0,24439904210.0,244.3990421,244.3990421,1.53,181.1525,8.5907
688155,先惠技术,上海,电气设备,科创板,20200811,20260701,80.4,-0.6058,350831803.0,10165454400.0,10165454400.0,101.654544,101.654544,1.17,28.9858,4.1404
688556,高测股份,山东,专用机械,科创板,20200807,20260701,13.15,-0.9789,802746294.0,10924676785.0,10924676785.0,109.24676785,109.24676785,1.05,,2.8055
688590,新致软件,上海,软件服务,科创板,20201207,20260701,12.99,4.5052,133112041.0,4064118948.0,3656908428.0,40.64118948,36.56908428,1.11,,2.7235
300948,冠中生态,山东,环境保护,创业板,20210225,20260701,25.46,-4.3935,229842458.0,4184552058.0,3949697892.0,41.84552058,39.49697892,1.21,,4.3777
300916,朗特智能,深圳,元器件,创业板,20201202,20260701,23.06,-1.3265,74500110.12,3335490640.0,2154168348.0,33.3549064,21.54168348,0.62,32.503,2.438
300998,宁波方正,浙江,专用机械,创业板,20210602,20260701,28.26,1.5451,102171661.0,3876404417.9999995,3043053756.0000005,38.76404417999999,30.430537560000005,0.53,142.08,3.0085
300895,铜牛信息,北京,软件服务,创业板,20200924,20260701,53.7,3.1899,387381364.17999995,7560997590.0,7419852510.0,75.6099759,74.1985251,1.09,,10.1103
688056,莱伯泰科,北京,电器仪表,科创板,20200902,20260701,68.0,5.3447,261266429.0,4586770000.0,4586770000.0,45.8677,45.8677,0.99,113.5439,5.6387
605589,圣泉集团,山东,化工原料,主板,20210810,20260701,62.73,-1.3214,2967995824.0,53093950605.0,53064498870.0,530.93950605,530.6449887,0.71,52.7488,4.8668
301081,严牌股份,浙江,环境保护,创业板,20211020,20260701,14.37,5.0439,80512567.64999999,3358446872.0,3225840943.0,33.58446872,32.25840943,1.18,193.4619,3.1078
300965,恒宇信通,北京,航空,创业板,20210402,20260701,42.62,0.6138,46207016.06,2557204262.0,2305477756.0,25.57204262,23.05477756,0.93,70.9024,2.0655
688335,复洁科技,上海,环境保护,科创板,20200817,20260701,24.26,0.9151,79084066.0,3591319396.0,3591319396.0,35.91319396,35.91319396,0.78,332.6544,3.1736
688185,康希诺,天津,生物制药,科创板,20200813,20260701,53.07,4.0792,162336510.0,13110614466.0,6069769803.000001,131.10614466,60.69769803000001,1.56,470.3745,2.6616
688519,南亚新材,上海,元器件,科创板,20200818,20260701,360.0,-5.2731,2681205475.0,84664944000.0,84664944000.0,846.64944,846.64944,0.92,352.2897,29.3534
688301,奕瑞科技,上海,医疗保健,科创板,20200918,20260701,123.82,-0.1452,1891608435.0,36649060812.0,36649060812.0,366.49060812,366.49060812,1.08,56.3822,5.8904
688777,中控技术,浙江,专用机械,科创板,20201124,20260701,113.9,-3.0638,2872025197.0,90116484050.0,89661977490.0,901.1648405,896.6197749,1.05,204.1241,8.9815
688256,寒武纪,北京,半导体,科创板,20200720,20260701,1485.33,-6.908,19179504251.0,933222441690.0,933222441690.0,9332.2244169,9332.2244169,0.85,453.1903,72.5041
003035,南网能源,广东,新型电力,主板,20210119,20260701,5.84,0.3436,187499267.0,22121212192.0,22121212192.0,221.21212192,221.21212192,1.07,63.8438,3.1433
688386,泛亚微透,江苏,化工原料,科创板,20201016,20260701,86.0,-4.2743,299355849.0,8566374000.0,7826000000.0,85.66374,78.26,0.88,78.901,5.645
688408,中信博,江苏,电气设备,科创板,20200828,20260701,31.63,-1.6174,246832314.0,6929054417.0,6929054417.0,69.29054417,69.29054417,0.65,,1.7087
688378,奥来德,吉林,专用机械,科创板,20200903,20260701,59.76,-3.6129,1042964107.0,15622769952.0,14399805456.0,156.22769952,143.99805456,1.34,216.0943,7.5965
688083,中望软件,广东,软件服务,科创板,20210311,20260701,65.01,0.4015,484004071.0,11028699461.999998,11028699461.999998,110.28699461999999,110.28699461999999,1.22,531.6207,4.1754
688578,艾力斯,上海,化学制药,科创板,20201202,20260701,125.81,15.2106,2259879704.0,56614500000.0,56614500000.0,566.145,566.145,1.66,25.8619,7.3109
688536,思瑞浦,江苏,半导体,科创板,20200921,20260701,350.0,-3.8699,2076467509.0,48326425000.0,47477150000.0,483.26425,474.7715,1.07,279.3567,7.5969
688160,步科股份,上海,电器仪表,科创板,20201112,20260701,124.0,14.002,832483483.0,11263192800.0,11263192800.0,112.631928,112.631928,2.04,155.3952,8.5746
688070,纵横股份,四川,航空,科创板,20210210,20260701,37.5,0.4554,60315888.0,3315768750.0,3315768750.0,33.1576875,33.1576875,1.04,310.465,5.7277
688617,惠泰医疗,深圳,医疗保健,科创板,20210107,20260701,190.35,4.8414,439030337.0,26940083220.0,26940083220.0,269.4008322,269.4008322,1.14,32.8283,9.0735
300993,玉马科技,山东,家居用品,创业板,20210524,20260701,9.78,0.6173,39869042.309999995,3013523136.0,2365344834.0,30.13523136,23.65344834,0.86,20.2551,1.8877
300956,英力股份,安徽,元器件,创业板,20210326,20260701,11.27,0.2669,86648841.75,2427870179.0,2371798548.0,24.27870179,23.71798548,1.04,185.098,1.8034
605189,富春染织,安徽,纺织,主板,20210528,20260701,13.26,10.0415,83278273.0,3158994773.9999995,3158994773.9999995,31.589947739999996,31.589947739999996,1.11,41.1735,1.6559
688677,海泰新光,山东,医疗保健,科创板,20210226,20260701,100.18,-0.9394,399956389.0,12009277860.0,12009277860.0,120.0927786,120.0927786,0.6,70.3349,8.6747
688699,明微电子,深圳,半导体,科创板,20201218,20260701,83.31,1.6595,831732381.0,9169481826.0,9169481826.0,91.69481826,91.69481826,1.37,,7.5507
688195,腾景科技,福建,元器件,科创板,20210326,20260701,189.5,-1.5993,1652306820.0,34316555000.0,34316555000.0,343.16555,343.16555,1.04,485.9576,33.7136
688698,伟创电气,江苏,电气设备,科创板,20201229,20260701,54.13,3.2031,396385435.0,11585054164.0,11585054164.0,115.85054164,115.85054164,1.11,44.0875,4.8393
301000,肇民科技,上海,汽车配件,创业板,20210528,20260701,32.74,2.2805,241021871.24,7963042444.0,7517516524.0,79.63042444,75.17516524,1.07,53.3769,6.0521
300955,嘉亨家化,福建,日用化工,创业板,20210324,20260701,38.1,5.5694,94048926.0,3840480000.0,3840480000.0,38.4048,38.4048,1.34,,4.4359
300966,共同药业,湖北,化学制药,创业板,20210409,20260701,28.31,2.908,210926829.88,3263607941.0,2170434277.0,32.63607941,21.70434277,0.93,,4.452
688669,聚石化学,广东,化工原料,科创板,20210125,20260701,112.0,4.6729,866484645.0,13589329600.0,13589329600.0,135.893296,135.893296,1.0,,12.507
688696,极米科技,四川,家用电器,科创板,20210303,20260701,65.92,2.1382,59657162.0,4615718400.0,4615718400.0,46.157184,46.157184,0.97,32.1773,1.5422
688571,杭华股份,浙江,染料涂料,科创板,20201211,20260701,10.5,20.0,300493712.0,4453792350.0,4453792350.0,44.5379235,44.5379235,2.11,41.0491,2.615
688561,奇安信,北京,软件服务,科创板,20200722,20260701,24.15,0.7089,182010907.0,16476402705.000002,16476402705.000002,164.76402705,164.76402705,0.94,,2.3335
688676,金盘科技,海南,电气设备,科创板,20210309,20260701,84.43,-0.2481,1316204650.0,38819596892.0,38819596892.0,388.19596892,388.19596892,1.02,58.8587,7.5108
688350,富淼科技,江苏,化工原料,科创板,20210128,20260701,34.28,-0.724,123468792.0,4910424888.0,4910424888.0,49.10424888,49.10424888,0.99,322.8346,2.6417
688679,通源环境,安徽,环境保护,科创板,20201225,20260701,40.3,-4.2528,138410109.0,5307094910.0,5307094910.0,53.0709491,53.0709491,0.83,,4.8349
601995,中金公司,北京,证券,主板,20201102,20260701,37.51,3.7621,2386275617.0,181070406319.0,109662075424.0,1810.70406319,1096.62075424,1.49,18.4944,1.7636
688616,西力科技,浙江,电器仪表,科创板,20210318,20260701,10.28,1.7822,27430627.0,1844008924.0,1844008924.0,18.44008924,18.44008924,1.08,17.7386,2.0244
605056,咸亨国际,浙江,电器仪表,主板,20210720,20260701,15.96,-0.25,95793501.0,6533915472.0,6438155472.0,65.33915472,64.38155472,0.81,25.1698,3.556
688063,派能科技,上海,电气设备,科创板,20201230,20260701,52.9,-0.6946,457069798.0,12979501680.0,12979501680.0,129.7950168,129.7950168,1.03,153.1889,1.4048
688183,生益电子,广东,元器件,科创板,20210225,20260701,123.97,-6.3671,3082029766.0,103836181064.0,103836181064.0,1038.36181064,1038.36181064,0.91,70.4859,16.9379
601399,国机重装,四川,工程机械,主板,20200608,20260701,3.48,-0.5714,421021781.0,25103174532.0,25103174532.0,251.03174532,251.03174532,0.9,54.1584,1.6873
688171,纬德信息,广东,软件服务,科创板,20220127,20260701,42.93,-2.343,53551127.0,3596392062.0,3596392062.0,35.96392062,35.96392062,0.71,302.2775,4.351
688626,翔宇医疗,河南,医疗保健,科创板,20210331,20260701,47.25,6.7555,168856934.0,7560000000.0,7560000000.0,75.6,75.6,1.32,96.7291,3.5929
605020,永和股份,浙江,化工原料,主板,20210709,20260701,43.99,8.0305,2553327887.0,22470914613.0,22123626760.0,224.70914613,221.2362676,1.26,40.0101,3.7874
688314,康拓医疗,陕西,医疗保健,科创板,20210518,20260701,36.25,6.9953,68437382.0,2944921000.0,2944921000.0,29.44921,29.44921,1.43,29.836,4.0057
688639,华恒生物,安徽,化学制药,科创板,20210422,20260701,16.37,1.425,182818763.0,4094394009.0,4094394009.0,40.94394009,40.94394009,0.7,30.9216,1.5231
688565,力源科技,浙江,环境保护,科创板,20210513,20260701,9.66,2.2222,40283205.0,1446391800.0,1446391800.0,14.463918,14.463918,1.22,161.8141,2.9087
688662,富信科技,广东,元器件,科创板,20210401,20260701,150.66,-10.3214,1627124268.0,17281545696.0,17281545696.0,172.81545696,172.81545696,0.94,438.5508,23.3998
688533,上声电子,江苏,汽车配件,科创板,20210419,20260701,21.42,2.6846,29960535.0,3534022418.0,3533799650.0000005,35.34022418,35.3379965,1.24,19.3533,1.9919
688148,芳源股份,广东,电气设备,科创板,20210806,20260701,9.23,7.5758,390004298.0,4708897713.0,4708897713.0,47.08897713,47.08897713,1.99,,12.2464
688269,凯立新材,陕西,化工原料,科创板,20210609,20260701,33.1,4.3835,79653066.0,4326302400.0,4326302400.0,43.263024,43.263024,1.05,39.6702,3.9299
688660,电气风电,上海,电气设备,科创板,20210519,20260701,8.72,1.1601,175273709.0,11626667248.0,11626667248.0,116.26667248,116.26667248,0.83,,2.9981
688611,杭州柯林,浙江,电气设备,科创板,20210412,20260701,70.38,-1.4976,109569472.0,10795560048.0,10795560048.0,107.95560048,107.95560048,0.84,,12.514
688613,奥精医疗,北京,医疗保健,科创板,20210521,20260701,15.18,7.5833,68407094.0,2079790548.0000002,2079790548.0000002,20.79790548,20.79790548,1.97,150.2821,1.4487
001215,千味央厨,河南,食品,主板,20210906,20260701,37.28,1.0298,168504547.6,3622139712.0000005,3612491648.0000005,36.221397120000006,36.12491648,0.75,56.9782,1.9486
605488,福莱新材,浙江,塑料,主板,20210513,20260701,31.2,10.0141,245248200.0,9418774560.0,8617742640.0,94.1877456,86.1774264,0.81,121.8779,4.1619
688663,新风光,山东,电气设备,科创板,20210413,20260701,86.35,-2.3853,404309114.0,12216331710.0,12216331710.0,122.1633171,122.1633171,0.96,128.0367,8.8088
688059,华锐精密,湖南,机械基件,科创板,20210208,20260701,215.0,7.6561,1238509979.0,21497162000.0,20119399000.0,214.97162,201.19399,1.6,115.1766,9.8993
605259,绿田机械,浙江,农用机械,主板,20210615,20260701,17.88,-0.3344,25988616.0,3083942400.0,3083942400.0,30.839424,30.839424,0.84,12.5605,1.6365
688681,科汇股份,山东,电气设备,科创板,20210616,20260701,14.51,3.7911,42846697.0,1518761700.0000002,1518761700.0000002,15.187617000000003,15.187617000000003,1.38,32.3982,2.4468
688509,正元地信,北京,软件服务,科创板,20210730,20260701,4.33,1.1682,40433639.0,3334100000.0,1666150226.0,33.341,16.66150226,0.81,,3.0242
688786,悦安新材,江西,小金属,科创板,20210826,20260701,48.1,4.3837,662508645.0,8300136000.0,8300136000.0,83.00136,83.00136,1.1,100.2156,10.4391
688227,品高股份,广东,软件服务,科创板,20211230,20260701,104.09,1.3633,801749894.0,11767926177.0,11767926177.0,117.67926177,117.67926177,0.95,,9.4462
301016,雷尔伟,江苏,运输设备,创业板,20210630,20260701,15.17,8.5898,128378963.72,4638379200.0,4447463233.0,46.383792,44.47463233,1.75,65.4985,4.4962
001212,中旗新材,广东,其他建材,主板,20210823,20260701,46.97,-0.8653,323535599.24,9439072412.0,8165673439.0,94.39072412,81.65673439,0.84,,4.9157
605138,盛泰集团,浙江,服饰,主板,20211027,20260701,5.77,4.529,42737002.0,3205648131.9999995,3205648131.9999995,32.056481319999996,32.056481319999996,1.46,105.552,1.2777
603836,海程邦达,山东,仓储物流,主板,20210526,20260701,8.1,2.5316,28819076.0,2318295330.0,2259327330.0,23.1829533,22.5932733,1.06,88.7246,1.3324
301069,凯盛新材,山东,化工原料,创业板,20210927,20260701,20.88,4.1916,283483599.33,9462277296.0,8911045296.0,94.62277296,89.11045296,0.68,73.7114,4.1058
301169,零点有数,北京,文教休闲,创业板,20211103,20260701,71.13,0.6652,89763976.0,5124240765.0,5122000170.0,51.24240765,51.2200017,0.75,,11.8222
300976,达瑞电子,广东,元器件,创业板,20210419,20260701,76.89,-3.4652,471965786.23,14388579480.0,9254934051.0,143.8857948,92.54934051,0.87,50.9955,3.9242
301093,华兰股份,江苏,医疗保健,创业板,20211101,20260701,139.01,2.4921,1163765001.61,22793553106.0,21761959896.0,227.93553106,217.61959896,1.48,378.7837,10.3427
301009,可靠股份,浙江,造纸,创业板,20210617,20260701,8.37,2.448,27135290.0,2275468200.0,1264162950.0,22.754682,12.6416295,0.87,62.9998,1.6937
301043,绿岛风,广东,机械基件,创业板,20210811,20260701,51.7,5.2739,135916018.24,3515605170.0,2933861260.0,35.1560517,29.3386126,1.35,51.2836,4.068
300957,贝泰妮,云南,日用化工,创业板,20210325,20260701,32.12,1.9359,258811377.81,13606032000.0,13606032000.0,136.06032,136.06032,1.16,26.9043,2.1736
300844,山水比德,广东,建筑工程,创业板,20210813,20260701,22.87,2.9716,41496417.650000006,2131733283.0,2054890082.9999998,21.31733283,20.548900829999997,0.94,,2.7863
301082,久盛电气,浙江,电气设备,创业板,20211027,20260701,9.07,1.2277,70522489.04,2668412140.0,2473460653.0,26.6841214,24.73460653,1.3,72.1949,2.5837
301159,三维天地,北京,软件服务,创业板,20220107,20260701,31.72,9.0034,125608175.21000001,2453542000.0,1681635799.9999998,24.53542,16.816357999999997,2.64,292.3952,3.7793
301118,恒光股份,湖南,化工原料,创业板,20211118,20260701,29.01,6.5369,247884673.21,3196797564.0,3083214711.0000005,31.96797564,30.832147110000005,0.95,,2.3511
301072,中捷精工,江苏,汽车配件,创业板,20210929,20260701,41.6,1.4387,184667627.36,4369913600.0,2793019840.0,43.699136,27.9301984,1.06,,6.1178
301089,拓新药业,河南,化学制药,创业板,20211027,20260701,22.65,10.9207,134774368.17,2866232925.0,2049147765.0,28.66232925,20.49147765,2.46,,1.9433
301078,孩子王,江苏,其他商业,创业板,20211014,20260701,6.89,1.9231,129807841.85,8713401294.0,8704361614.0,87.13401294,87.04361614,0.89,29.2743,2.0241
301012,扬电科技,江苏,电气设备,创业板,20210622,20260701,23.81,1.3623,205034159.82,4689622362.0,4689622362.0,46.89622362,46.89622362,1.07,119.3516,3.9362
301119,正强股份,浙江,汽车配件,创业板,20211122,20260701,24.31,-0.9372,74280617.14,3539536000.0,2862599740.0,35.39536,28.6259974,0.68,31.3973,3.3162
301362,民爆光电,深圳,电气设备,创业板,20230804,20260701,178.21,-3.1046,914416741.1400001,26008804987.0,7296754987.0,260.08804987,72.96754987,0.72,140.9995,10.1963
301345,涛涛车业,浙江,摩托车,创业板,20230321,20260701,227.99,-1.303,257514758.69,24862081510.0,7986421303.0,248.6208151,79.86421303,0.67,30.4562,6.5795
301398,星源卓镁,浙江,汽车配件,创业板,20221215,20260701,36.28,3.3324,67593565.14,4063399908.0000005,4063399908.0000005,40.63399908,40.63399908,1.01,88.3179,3.6868
301032,新柴股份,浙江,工程机械,创业板,20210722,20260701,9.58,3.0108,49648296.0,2310057972.0,1531581424.0,23.10057972,15.31581424,1.39,21.5312,1.8127
301090,华润材料,江苏,化工原料,创业板,20211026,20260701,6.48,3.3493,46378760.0,9541550040.0,9531582958.0,95.4155004,95.31582958,1.15,,1.446
301180,万祥科技,江苏,元器件,创业板,20211116,20260701,12.7,1.3567,58649126.0,5080127000.0,2084552600.0,50.80127,20.845526,0.94,,3.8816
300994,久祺股份,浙江,文教休闲,创业板,20210812,20260701,10.91,2.2493,36773486.44,2542990080.0,1272804240.0,25.4299008,12.7280424,1.17,17.1794,2.0635
301046,能辉科技,上海,建筑工程,创业板,20210817,20260701,28.26,10.1325,261704977.5,4764282750.0,3679310700.0,47.6428275,36.793107,1.25,682.0746,4.065
688276,百克生物,吉林,生物制药,科创板,20210625,20260701,14.67,5.2367,47842241.0,6068356992.0,6068356992.0,60.68356992,60.68356992,1.22,,1.5781
688538,和辉光电,上海,半导体,科创板,20210528,20260701,2.61,0.3846,573705813.0,36042632136.0,15013335177.0,360.42632136,150.13335177,1.25,,4.7472
688038,中科通达,湖北,软件服务,科创板,20210713,20260701,16.86,0.2378,40191303.0,1962055523.9999998,1962055523.9999998,19.620555239999998,19.620555239999998,0.79,,3.3122
301296,新巨丰,山东,广告包装,创业板,20220902,20260701,6.07,3.2313,18709813.24,2592627590.0,2592568407.0,25.9262759,25.92568407,1.08,59.3338,0.975
688376,美埃科技,江苏,专用机械,科创板,20221118,20260701,112.58,-3.1986,1018467412.0,15226658902.0,15226658902.0,152.26658902,152.26658902,0.99,125.7426,7.7765
301228,实朴检测,上海,电器仪表,创业板,20220128,20260701,78.15,-0.0128,210854670.09,9378000000.0,9334259445.0,93.78,93.34259445,0.71,,15.6515
301331,恩威医药,西藏,中成药,创业板,20220921,20260701,23.45,6.5909,63351021.96,2412814750.0,2406842575.0,24.1281475,24.06842575,1.28,46.4495,2.2213
301075,多瑞医药,西藏,化学制药,创业板,20210929,20260701,59.76,4.8237,99535151.07000001,4780800000.0,4780800000.0,47.808,47.808,0.92,,7.7481
301048,金鹰重工,湖北,运输设备,创业板,20210818,20260701,8.87,3.0197,45625050.84,4730667258.0,4730667258.0,47.30667258,47.30667258,1.39,23.4273,1.6509
688120,华海清科,天津,半导体,科创板,20220608,20260701,330.0,2.4272,6343332690.0,163261263000.0,163261263000.0,1632.61263,1632.61263,1.2,150.6483,21.1455
301167,建研设计,安徽,建筑工程,创业板,20211206,20260701,12.74,2.8249,36218656.4,1426880000.0,1346802729.9999998,14.2688,13.468027299999997,1.09,65.7727,1.4856
301179,泽宇智能,江苏,软件服务,创业板,20211208,20260701,20.93,2.2972,132516727.64,8464248975.0,4970351750.0,84.64248975,49.7035175,0.79,56.6328,3.3342
688486,龙迅股份,安徽,半导体,科创板,20230221,20260701,64.39,1.274,653361824.0,12032636568.0,12031908961.0,120.32636568,120.31908961,1.19,69.9915,7.5318
688670,金迪克,江苏,生物制药,科创板,20210802,20260701,17.2,1.5348,64470889.0,2119040000.0,2119040000.0,21.1904,21.1904,1.26,,1.968
605577,龙版传媒,黑龙江,出版业,主板,20210824,20260701,9.01,2.2701,35957388.0,4004444044.0,4004444044.0,40.04444044,40.04444044,1.38,17.8708,0.9941
688772,珠海冠宇,广东,电气设备,科创板,20211015,20260701,19.26,-1.8849,1137256020.0,21923265096.0,21923265096.0,219.23265096,219.23265096,0.7,46.4815,3.0428
301158,德石股份,山东,专用机械,创业板,20220117,20260701,14.03,6.3685,107161613.93,2736061853.0,2667895695.0,27.36061853,26.67895695,1.94,23.464,1.9534
301162,国能日新,北京,软件服务,创业板,20220429,20260701,43.39,-0.8229,159165615.16,8099841267.0,5255891446.0,80.99841267,52.55891446,0.93,62.1854,5.0402
301338,凯格精机,广东,专用机械,创业板,20220816,20260701,167.7,2.9529,1542270021.37,24980592000.0,18201319500.0,249.80592,182.013195,1.08,133.7826,14.7102
301189,奥尼电子,深圳,IT设备,创业板,20211228,20260701,59.81,1.4933,493134744.32,9787308400.0,9446469153.0,97.873084,94.46469153,1.21,,4.721
688553,汇宇制药-W,四川,化学制药,科创板,20211026,20260701,12.76,20.0376,455217325.0,7986495484.0,6474573292.0,79.86495484,64.74573292,2.92,,2.1124
301135,瑞德智能,广东,元器件,创业板,20220412,20260701,16.59,0.7286,46251706.86,2153197851.0,1675326219.0,21.53197851,16.75326219,0.76,79.0228,1.7532
605567,春雪食品,山东,食品,主板,20211013,20260701,8.34,4.3805,48461867.0,1668000000.0,1668000000.0,16.68,16.68,1.38,42.2089,1.5013
688220,翱捷科技,上海,半导体,科创板,20220114,20260701,120.0,-3.4749,3339955442.0,50196108000.0,50196108000.0,501.96108,501.96108,1.45,,9.2265
688103,国力电子,江苏,元器件,科创板,20210910,20260701,69.62,-6.4373,419687669.0,6635872071.999999,6635872071.999999,66.35872072,66.35872072,1.25,94.2083,5.8893
688062,迈威生物,上海,生物制药,科创板,20220118,20260701,31.0,9.7345,538789873.0,13848636200.000002,6329270000.0,138.486362,63.2927,1.61,,129.6506
301500,飞南资源,广东,环境保护,创业板,20230921,20260701,28.91,10.9789,723615149.48,16246032320.0,4164505737.0,162.4603232,41.64505737,1.91,56.5554,3.1315
688265,南模生物,上海,医疗保健,科创板,20211228,20260701,35.7,3.209,62902034.0,2783296950.0,2783296950.0,27.8329695,27.8329695,1.34,88.537,1.625
688800,瑞可达,江苏,元器件,科创板,20210722,20260701,91.76,-4.3868,1131366114.0,26388689488.0,26388689488.0,263.88689488,263.88689488,0.84,88.2365,11.0008
301381,赛维时代,深圳,互联网,创业板,20230712,20260701,18.17,-1.4642,88559740.14999999,7385830633.0,3606652333.0,73.85830633,36.06652333,1.11,26.1004,2.6377
688119,中钢洛耐,河南,其他建材,科创板,20220606,20260701,4.86,2.3158,118816115.0,5467500000.0,5467500000.0,54.675,54.675,1.1,,1.9407
688236,春立医疗,北京,医疗保健,科创板,20211230,20260701,15.31,5.8783,55051665.0,5872433735.0,4415832680.0,58.72433735,44.1583268,1.5,21.5469,1.9272
301256,华融化学,四川,化工原料,创业板,20220322,20260701,13.25,2.2377,245665730.94,6360000000.0,6360000000.0,63.6,63.6,1.47,88.5923,3.6448
688151,华强科技,湖北,医疗保健,科创板,20211206,20260701,15.51,4.304,41237522.0,5343195000.0,5343195000.0,53.43195,53.43195,1.3,124.9066,1.262
301229,纽泰格,江苏,汽车配件,创业板,20220222,20260701,12.29,1.4026,35542235.32,2234082345.0,1588858574.0,22.34082345,15.88858574,1.09,58.8834,1.8009
301373,凌玮科技,广东,化工原料,创业板,20230208,20260701,165.38,6.3537,1388717389.22,17939115898.0,6744709078.0,179.39115898,67.44709078,1.32,130.7088,10.5543
301268,铭利达,深圳,机械基件,创业板,20220407,20260701,14.25,1.9313,69543098.26,5705657022.000001,4911944705.0,57.05657022000001,49.11944705,0.9,,3.8211
603402,陕西旅游,陕西,旅游景点,主板,20260106,20260701,60.8,2.7895,81148794.0,6112424640.0,1528104640.0,61.1242464,15.2810464,1.11,15.9079,2.0808
301137,哈焊华通,江苏,机械基件,创业板,20220322,20260701,35.33,2.8231,267366321.82000002,6423467422.0,6423467422.0,64.23467422,64.23467422,1.16,171.1164,4.6242
301125,腾亚精工,江苏,机械基件,创业板,20220608,20260701,13.71,-4.5265,56488975.2,2718898650.0,2409942429.0,27.1889865,24.09942429,0.95,556.6464,4.6772
688262,国芯科技,江苏,半导体,科创板,20220106,20260701,42.01,-2.8221,874361664.0,14115355799.0,14115355799.0,141.15355799,141.15355799,1.08,,7.3242
301293,三博脑科,北京,医疗保健,创业板,20230505,20260701,50.79,5.4172,672601053.22,10462079730.0,10462079730.0,104.6207973,104.6207973,1.25,124.2782,4.4378
301221,光庭信息,湖北,软件服务,创业板,20211222,20260701,30.11,2.0332,65564169.330000006,3956463033.0000005,2690051488.0000005,39.56463033000001,26.900514880000006,0.82,52.8764,1.9417
301367,瑞迈特,北京,医疗保健,创业板,20221101,20260701,39.79,2.9229,79131979.8,4985062297.0,3903367168.0,49.85062297,39.03367168,1.78,22.0915,1.62
688235,百济神州,北京,生物制药,科创板,20211215,20260701,261.8,2.8239,2515475137.0,377273592079.99994,30121477540.0,3772.7359207999993,301.2147754,1.49,258.281,11.4216
003041,真爱美家,浙江,纺织,主板,20210406,20260701,45.02,3.1386,192038523.72,6482880000.0,6159789468.0,64.8288,61.59789468,1.42,27.7192,4.4051
301107,瑜欣电子,重庆,机械基件,创业板,20220524,20260701,21.92,2.9108,130168925.56,3116778496.0,1802058544.0,31.16778496,18.02058544,0.98,41.4425,3.2356
600927,永安期货,浙江,多元金融,主板,20211223,20260701,12.97,4.1767,97275963.0,18812267759.0,18812267759.0,188.12267759,188.12267759,1.08,28.862,1.4041
301183,东田微,湖北,元器件,创业板,20220524,20260701,250.99,-5.2403,1494359027.02,20098350537.0,14732862009.999998,200.98350537,147.3286201,0.79,199.8109,20.3862
301318,维海德,深圳,IT设备,创业板,20220810,20260701,20.76,1.7647,29990504.700000003,2808804853.0,1934441608.0000002,28.08804853,19.344416080000002,0.89,32.8891,1.4867
688349,三一重能,北京,电气设备,科创板,20220622,20260701,15.35,1.1199,309569052.0,24457712205.0,23720973605.0,244.57712205,237.20973605,1.03,34.3405,1.7025
301468,博盈特焊,广东,专用机械,创业板,20230724,20260701,42.37,1.5824,527281602.54,7166804997.0,4131219058.0,71.66804997,41.31219058,0.82,131.2459,3.1057
301097,天益医疗,浙江,医疗保健,创业板,20220407,20260701,36.52,2.2969,37659667.730000004,2980375287.9999995,1430386144.0,29.803752879999994,14.30386144,0.95,,2.6735
601059,信达证券,北京,证券,主板,20230201,20260701,16.75,3.4589,275170746.0,54320250000.0,54320250000.0,543.2025,543.2025,1.31,28.6847,2.4466
301288,清研环境,深圳,环境保护,创业板,20220422,20260701,17.62,2.4419,34587596.0,1903136200.0,1376291152.0,19.031362,13.76291152,0.75,,2.4283
688175,高凌信息,广东,通信设备,科创板,20220315,20260701,24.64,-2.0278,43140217.0,4142282144.0,4142282144.0,41.42282144,41.42282144,0.59,,2.3929
301260,格力博,江苏,专用机械,创业板,20230208,20260701,13.81,2.2206,42967165.24,6675139096.0,2835664888.0,66.75139096,28.35664888,0.95,,1.5471
688173,希荻微,广东,半导体,科创板,20220121,20260701,19.07,-0.3657,398051990.0,7913817346.0,7839562580.0,79.13817346,78.3956258,1.37,,5.5512
301357,北方长龙,陕西,专用机械,创业板,20230418,20260701,81.83,3.4644,217916769.73999998,7790216000.0,7790216000.0,77.90216,77.90216,1.65,269.8029,6.8282
301132,满坤科技,江西,元器件,创业板,20220810,20260701,49.94,-4.9124,526880305.96999997,7395424828.0,4731035936.0,73.95424828,47.31035936,0.77,61.8977,4.0277
603070,万控智造,浙江,电气设备,主板,20220310,20260701,12.57,-0.0795,64379032.0,5040570000.0,5040570000.0,50.4057,50.4057,0.59,56.5348,2.3306
688283,坤恒顺维,四川,电器仪表,科创板,20220215,20260701,33.9,2.386,55768333.0,4129020000.0,4129020000.0,41.2902,41.2902,0.9,88.2646,4.1689
688238,和元生物,上海,医疗保健,科创板,20220322,20260701,5.68,4.797,102030289.0,3686528456.0,3641707576.0,36.86528456,36.41707576,1.59,,2.7193
688209,英集芯,深圳,半导体,科创板,20220419,20260701,29.0,-0.2751,707741784.0,12579736000.0,12579736000.0,125.79736,125.79736,1.26,70.6828,5.626
301355,南王科技,福建,广告包装,创业板,20230612,20260701,10.31,5.4192,55983707.0,2011459349.0,1440491549.0,20.11459349,14.40491549,1.4,,1.3631
301320,豪江智能,山东,电气设备,创业板,20230609,20260701,12.96,0.4651,32228897.0,2358849600.0,1480151232.0,23.588496,14.80151232,0.88,229.2363,2.2379
688150,莱特光电,陕西,元器件,科创板,20220318,20260701,69.2,0.8452,1045517470.0,27848681919.999996,27848681919.999996,278.48681919999996,278.48681919999996,1.01,127.0716,14.2806
301195,北路智控,江苏,软件服务,创业板,20220801,20260701,27.84,2.7306,119430249.32000001,3676823232.0,2441284032.0,36.76823232,24.41284032,1.3,24.2872,1.489
301429,森泰股份,安徽,其他建材,创业板,20230417,20260701,15.89,1.404,27931967.0,1878515799.9999998,699493690.0000001,18.785158,6.994936900000001,1.09,36.6991,1.3849
688261,东微半导,江苏,半导体,科创板,20220210,20260701,103.38,-1.4772,1404751116.0,12671803500.0,12622346508.0,126.718035,126.22346508,1.31,274.22,4.2985
301567,贝隆精密,浙江,元器件,创业板,20240116,20260701,35.15,1.5602,45068971.0,2530803515.0,746582485.0,25.30803515,7.46582485,0.98,,3.4828
301205,联特科技,湖北,通信设备,创业板,20220913,20260701,346.0,3.5618,4059479601.58,45009237000.0,28975839200.0,450.09237,289.758392,1.25,436.6161,27.6462
688401,路维光电,深圳,半导体,科创板,20220817,20260701,99.49,3.657,1317757392.0,19236341755.0,19236341755.0,192.36341755,192.36341755,0.92,76.3394,11.4949
603418,友升股份,上海,汽车配件,主板,20250923,20260701,47.5,7.5391,152963888.0,9170749000.0,1964818500.0,91.70749,19.648185,1.72,18.7051,1.9815
001309,德明利,深圳,半导体,主板,20220701,20260701,893.22,-5.2689,15230925479.0,202623026832.00003,147305197656.0,2026.2302683200003,1473.05197656,0.9,294.3694,30.5921
688048,长光华芯,江苏,半导体,科创板,20220401,20260701,474.35,-5.508,7897316037.0,83618370565.0,83618370565.0,836.18370565,836.18370565,1.09,3842.0362,27.7462
301327,华宝新能,深圳,电气设备,创业板,20220919,20260701,47.3,-1.6018,84674359.02000001,8248240220.0,8248240220.0,82.4824022,82.4824022,1.12,480.8381,1.3538
688170,德龙激光,江苏,专用机械,科创板,20220429,20260701,91.23,-4.9786,856163042.0,9429532800.0,9429532800.0,94.295328,94.295328,0.86,364.808,7.6536
301115,联检科技,江苏,建筑工程,创业板,20220831,20260701,35.27,0.599,221794579.95000002,6472919696.0,5458621509.0,64.72919696,54.58621509,0.95,300.6309,2.612
001338,永顺泰,广东,啤酒,主板,20221116,20260701,8.65,3.0989,63814287.0,4339971420.0,4339971420.0,43.3997142,43.3997142,1.18,18.335,1.1607
603272,*ST联翔,浙江,家居用品,主板,20220520,20260701,25.17,5.0063,2350878.0,2608291590.0,2608291590.0,26.0829159,26.0829159,0.05,,4.8408
688213,思特威-W,上海,半导体,科创板,20220520,20260701,102.41,-4.3523,1756684583.0,41200239388.0,33130607895.0,412.00239388,331.30607895,1.13,41.1489,7.5462
688485,九州一轨,北京,运输设备,科创板,20230118,20260701,65.01,1.483,416707313.0,9770489421.0,5770157580.0,97.70489421,57.7015758,1.03,,7.8119
301337,亚华电子,山东,软件服务,创业板,20230526,20260701,28.03,0.8273,66887781.300000004,2920726000.0,2857204414.0,29.20726,28.57204414,0.71,,2.6941
301303,真兰仪表,上海,电器仪表,创业板,20230220,20260701,16.83,-1.8659,142638859.33,6880104000.0,1720026000.0,68.80104,17.20026,1.03,20.0552,1.9665
301323,新莱福,广东,橡胶,创业板,20230606,20260701,81.45,-0.1716,213490056.0,8600199615.0,5503332150.0,86.00199615,55.0333215,0.66,62.1908,3.8214
301396,宏景科技,广东,软件服务,创业板,20221111,20260701,327.5,-1.2364,3256559640.6899996,70387806500.0,46343542500.0,703.878065,463.435425,0.63,2661.3925,56.8476
603071,物产环能,浙江,批发业,主板,20211216,20260701,11.42,3.255,35839517.0,6371839248.0,6371839248.0,63.71839248,63.71839248,1.19,9.9827,1.0705
301212,联盛化学,浙江,化工原料,创业板,20220419,20260701,24.42,4.5824,84672226.14,2637360000.0,2289375000.0,26.3736,22.89375,2.13,190.3871,1.9544
688282,理工导航,北京,通信设备,科创板,20220318,20260701,64.76,11.2715,177390562.0,5698880000.0,5698880000.0,56.9888,56.9888,2.1,,4.5223
301216,万凯新材,浙江,化工原料,创业板,20220329,20260701,22.53,-2.0009,316307521.68,13071881217.0,12269957409.0,130.71881217,122.69957409,1.0,77.3005,1.9983
301163,宏德股份,江苏,电气设备,创业板,20220419,20260701,23.1,4.1479,43017916.0,1884960000.0,1264161360.0,18.8496,12.6416136,1.4,46.2332,1.6446
601956,东贝集团,湖北,家用电器,主板,20201225,20260701,4.77,3.2468,45822946.0,2965111182.0000005,2965111182.0000005,29.651111820000004,29.651111820000004,1.26,39.0161,1.2029
688285,高铁电气,陕西,运输设备,科创板,20211020,20260701,7.33,2.2315,28335029.0,2758204967.0,2758204967.0,27.58204967,27.58204967,1.38,53.5975,1.6202
688711,宏微科技,江苏,半导体,科创板,20210901,20260701,43.96,-3.2783,1280401381.0,9367559488.0,9367559488.0,93.67559488,93.67559488,0.95,547.3346,8.9084
301313,凡拓数创,广东,文教休闲,创业板,20220930,20260701,50.18,0.0399,707747094.3,5191291612.0,3941815383.0,51.91291612,39.41815383,0.78,,8.0443
688212,澳华内镜,上海,医疗保健,科创板,20211115,20260701,29.96,1.9048,60278013.0,4034572388.0,4034572388.0,40.34572388,40.34572388,0.86,352.3054,3.1375
301349,信德新材,辽宁,化工原料,创业板,20220909,20260701,72.79,-1.1005,631331071.08,10372465815.0,8190054198.0,103.72465815,81.90054198,0.76,268.5865,3.7521
301276,嘉曼服饰,北京,服饰,创业板,20220909,20260701,23.0,7.8799,96729306.3,2980800000.0,1662154800.0,29.808,16.621548,0.98,28.2443,1.3722
688707,振华新材,贵州,电气设备,科创板,20210914,20260701,12.92,0.5447,134272067.0,6572923384.0,6572923384.0,65.72923384,65.72923384,0.94,,1.6889
688272,富吉瑞,北京,元器件,科创板,20211018,20260701,46.47,4.6622,277399222.0,3531720000.0,3531720000.0,35.3172,35.3172,1.37,,8.8613
603176,汇通集团,河北,建筑工程,主板,20211231,20260701,4.37,2.1028,21067145.0,2076787875.0,2018138105.0,20.76787875,20.18138105,1.09,52.6011,1.9431
603048,浙江黎明,浙江,汽车配件,主板,20211116,20260701,18.41,3.7768,45770156.0,2704060800.0,2704060800.0,27.040608,27.040608,1.15,86.7909,2.1146
301230,泓博医药,上海,生物制药,创业板,20221101,20260701,39.38,6.8947,572928171.29,5496920307.999999,4946750204.0,54.96920307999999,49.46750204,1.57,160.2845,5.3371
688192,迪哲医药,江苏,生物制药,科创板,20211210,20260701,43.81,9.717,449551961.0,20378918079.0,20205789721.0,203.78918079,202.05789721,1.31,,16.5079
688225,亚信安全,江苏,软件服务,科创板,20220209,20260701,12.66,1.9324,62881465.0,5064126600.0,5064126600.0,50.641266,50.641266,1.02,,3.2624
688190,云路股份,山东,矿物制品,科创板,20211126,20260701,87.2,-3.8695,179701046.0,10464000000.0,10464000000.0,104.64,104.64,0.84,35.5447,3.8902
688045,必易微,深圳,半导体,科创板,20220526,20260701,78.8,-2.4511,238324200.0,5561467600.0,5561467600.0,55.614676,55.614676,1.23,460.561,3.904
603209,兴通股份,福建,水运,主板,20220324,20260701,12.85,2.5539,44119837.0,4176250000.0,4131167060.0,41.7625,41.3116706,1.14,15.4682,1.204
301312,智立方,深圳,专用机械,创业板,20220711,20260701,119.54,3.0428,905369588.6800001,20144928616.0,10133872006.0,201.44928616,101.33872006,1.22,267.2357,16.3076
301408,华人健康,安徽,医药商业,创业板,20230301,20260701,15.16,5.4242,247330746.37,6064151600.0,3471024503.9999995,60.641516,34.71024504,1.05,31.691,2.7864
688237,超卓航科,湖北,航空,科创板,20220701,20260701,53.6,0.337,111329876.0,4806955200.0,4806955200.0,48.069552,48.069552,0.63,379.5893,3.9609
603219,富佳股份,浙江,家用电器,主板,20211122,20260701,15.36,-1.4121,81895193.0,8623104000.0,8623104000.0,86.23104,86.23104,0.79,80.5231,5.335
688247,宣泰医药,上海,化学制药,科创板,20220825,20260701,9.02,19.9468,114095737.0,4089126800.0,4089126800.0,40.891268,40.891268,4.99,86.118,3.125
301379,天山电子,广西,元器件,创业板,20221101,20260701,29.09,2.2855,1239636193.23,8043033011.0,6332482831.0,80.43033011,63.32482831,1.71,56.651,5.4954
688053,ST思科瑞,四川,元器件,科创板,20220708,20260701,38.06,0.1315,17283886.0,3806000000.0,3806000000.0,38.06,38.06,0.55,,2.4032
301399,英特科技,浙江,机械基件,创业板,20230523,20260701,16.65,1.0316,50235403.400000006,3080583000.0,910481940.0,30.80583,9.1048194,0.53,95.0667,2.3343
603237,五芳斋,浙江,食品,主板,20220831,20260701,12.66,2.2617,16219490.0,2481508122.0,2402955354.0,24.81508122,24.02955354,0.82,20.404,1.5319
301317,鑫磊股份,浙江,机械基件,创业板,20230119,20260701,52.96,-5.6308,173647589.36,8324782400.0,2764337232.0,83.247824,27.64337232,0.81,29.6074,6.7867
300804,广康生化,广东,农药化肥,创业板,20230627,20260701,31.78,1.6635,72957123.29,2351720000.0,873950000.0,23.5172,8.7395,1.42,57.7629,1.7205
688248,南网科技,广东,电气设备,科创板,20211222,20260701,67.63,-2.2405,333452198.0,38190661000.0,38190661000.0,381.90661,381.90661,0.67,90.7488,11.5394
688337,普源精电,江苏,电器仪表,科创板,20220408,20260701,72.03,-3.8703,842913401.0,13964780234.999998,13391601510.0,139.64780234999998,133.9160151,1.33,162.2232,4.392
301289,国缆检测,上海,电器仪表,创业板,20220622,20260701,46.84,-0.3616,38239448.7,3653520000.0,3630142156.0,36.5352,36.30142156,0.77,42.3636,3.5307
301387,光大同创,深圳,元器件,创业板,20230418,20260701,90.11,-2.4995,347460937.03999996,9618990192.0,3846282273.0000005,96.18990192,38.462822730000006,0.74,530.9375,5.8941
688331,荣昌生物,山东,生物制药,科创板,20220331,20260701,139.0,6.7097,2466616873.0,78462372500.0,49469571800.0,784.623725,494.695718,1.37,110.5649,19.9728
301309,万得凯,浙江,机械基件,创业板,20220919,20260701,31.12,1.5334,34699050.0,3128630528.0,1885277608.0,31.28630528,18.85277608,0.57,27.5093,1.8674
301269,华大九天,北京,半导体,创业板,20220729,20260701,118.78,-0.5359,2869299185.8799996,64787078128.00001,64787078128.00001,647.8707812800001,647.8707812800001,1.05,1062.3702,12.453
301551,无线传媒,河北,影视音像,创业板,20240926,20260701,20.36,3.1931,129345854.8,8144203600.0,3146713332.0,81.442036,31.46713332,1.37,31.1365,3.2294
603325,博隆技术,上海,化工机械,主板,20240110,20260701,55.68,9.996,88656046.0,4454622720.0,1903320576.0,44.5462272,19.03320576,2.85,10.8609,1.6079
688207,格灵深瞳,北京,软件服务,科创板,20220317,20260701,22.59,12.3881,835613669.0,5850202328.999999,5850202328.999999,58.50202328999999,58.50202328999999,1.72,,3.2077
688279,峰岹科技,深圳,半导体,科创板,20220420,20260701,231.0,2.9228,871304702.0,26591357100.0,21611921100.0,265.913571,216.119211,1.43,121.4575,5.1126
301332,德尔玛,广东,家用电器,创业板,20230518,20260701,7.79,1.8301,15426926.36,3595571875.0,2063105158.0,35.95571875,20.63105158,0.76,27.7349,1.2098
688362,甬矽电子,浙江,半导体,科创板,20221116,20260701,91.31,-5.2801,3293410039.0,41365612309.0,41365612309.0,413.65612309,413.65612309,0.8,506.1336,15.8606
688295,中复神鹰,江苏,化纤,科创板,20220406,20260701,55.68,-8.0278,1188819498.0,50112000000.0,50112000000.0,501.12,501.12,1.02,521.0009,10.5448
688325,赛微微电,广东,半导体,科创板,20220422,20260701,126.28,-3.1669,294543561.0,10877632919.999998,10523026052.000002,108.77632919999998,105.23026052000002,1.05,111.7433,6.1288
001222,源飞宠物,浙江,文教休闲,主板,20220818,20260701,13.49,1.5813,31330939.72,2575106100.0,1524352463.0,25.751061,15.24352463,0.94,22.2233,1.8085
001226,拓山重工,安徽,工程机械,主板,20220622,20260701,45.94,-3.1823,47880447.0,3430188198.0,1558578816.0,34.30188198,15.58578816,0.64,167.2483,4.6152
001231,农心科技,陕西,农药化肥,主板,20220819,20260701,18.71,2.5768,31564176.0,1869877400.0,956505717.0,18.698774,9.56505717,1.21,28.0622,1.8274
301315,威士顿,上海,软件服务,创业板,20230621,20260701,39.9,4.505,112386559.36,3511200000.0,3511200000.0,35.112,35.112,1.65,121.5109,3.3971
301277,新天地,河南,化学制药,创业板,20221116,20260701,9.3,6.2857,46075173.44,3646329120.0,3646329120.0,36.4632912,36.4632912,1.39,30.0734,2.2974
688348,昱能科技,浙江,电气设备,科创板,20220608,20260701,35.12,0.9776,93707752.0,5488462288.0,5488462288.0,54.88462288,54.88462288,1.19,,1.6428
688370,丛麟科技,上海,环境保护,科创板,20220825,20260701,21.28,1.7208,12503976.0,2917656112.0,2917656112.0,29.17656112,29.17656112,0.79,125.947,1.0924
688326,经纬恒润-W,北京,汽车配件,科创板,20220419,20260701,70.29,-0.8324,120458405.0,8430645861.0,7846015815.0,84.30645861,78.46015815,0.99,84.1049,2.1313
688244,永信至诚,北京,软件服务,科创板,20221019,20260701,14.95,4.8387,53038729.0,2256874425.0,2256874425.0,22.56874425,22.56874425,1.82,,2.3807
688455,科捷智能,山东,机械基件,科创板,20220915,20260701,18.89,1.2326,38378768.0,3174099923.0,3174099923.0,31.74099923,31.74099923,0.65,104.2128,3.4485
688290,景业智能,浙江,专用机械,科创板,20220429,20260701,68.91,3.8427,133961834.99999999,7041892227.0,7041892227.0,70.41892227,70.41892227,1.47,,5.2544
301448,开创电气,浙江,机械基件,创业板,20230619,20260701,44.02,-2.9969,84030937.34,4604492000.0,3120269660.0,46.04492,31.2026966,0.55,,6.6531
603211,晋拓股份,上海,汽车配件,主板,20220725,20260701,33.16,-6.6179,401406715.0,9013153280.0,9013153280.0,90.1315328,90.1315328,1.08,130.9542,7.1945
601089,福元医药,北京,化学制药,主板,20220630,20260701,17.2,5.6511,96761883.0,8256000000.0,8256000000.0,82.56,82.56,1.2,17.5898,2.1307
001322,箭牌家居,广东,家居用品,主板,20221026,20260701,6.16,1.9868,27555364.42,5957724080.000001,4839369920.0,59.57724080000001,48.3936992,0.7,130.1261,1.2749
688251,井松智能,安徽,专用机械,科创板,20220606,20260701,24.91,-2.8092,69462233.0,2506008275.0,2488591203.0,25.06008275,24.88591203,0.85,79.3137,2.9717
688125,安达智能,广东,专用机械,科创板,20220415,20260701,179.55,9.8165,378695388.0,14745777165.000002,14705935020.0,147.45777165,147.0593502,1.64,,8.2191
301377,鼎泰高科,广东,机械基件,创业板,20221122,20260701,555.3,0.7987,3840627015.29,228457583370.0,54897457770.0,2284.5758337,548.9745777,1.17,526.8438,78.7327
688046,药康生物,江苏,生物制药,科创板,20220425,20260701,25.77,6.4876,267598549.0,10565700000.0,10565700000.0,105.657,105.657,1.2,74.0741,4.6363
688353,华盛锂电,江苏,化工原料,科创板,20220713,20260701,117.84,1.5249,1106169718.0,18795480000.0,18795480000.0,187.9548,187.9548,1.0,1417.8237,5.328
301360,荣旗科技,江苏,专用机械,创业板,20230425,20260701,66.88,-2.3507,135121660.94,4667254240.0,2278033120.0,46.6725424,22.7803312,0.95,109.7747,3.9051
300904,威力传动,宁夏,电气设备,创业板,20230809,20260701,41.46,2.1434,47475777.0,3001008799.0,904599073.0000001,30.01008799,9.045990730000002,1.02,,5.1362
301278,快可电子,江苏,电气设备,创业板,20220804,20260701,28.78,1.338,54806830.0,2581801996.0,1479349560.0,25.81801996,14.7934956,1.18,126.288,1.8131
301489,思泉新材,广东,元器件,创业板,20231024,20260701,167.44,1.7378,1547135024.68,18929996176.0,11650609152.0,189.29996176,116.50609152,0.86,314.1392,17.2989
301151,冠龙节能,上海,机械基件,创业板,20220411,20260701,18.0,9.0909,113208934.94000001,3042073800.0,3039188400.0000005,30.420738,30.391884000000005,1.67,50.1751,1.4675
603191,望变电气,重庆,电气设备,主板,20220428,20260701,16.0,1.33,187037204.0,5279433600.0,5279433600.0,52.794336,52.794336,1.47,76.2448,2.1092
603170,宝立食品,上海,食品,主板,20220715,20260701,11.75,3.9823,35739316.0,4700117500.0,4700117500.0,47.001175,47.001175,1.18,17.8983,3.0366
001301,尚太科技,河北,电气设备,主板,20221228,20260701,91.6,-2.0426,458017356.31,23885267920.0,17024583640.0,238.8526792,170.2458364,1.06,25.2535,3.3247
001316,润贝航科,深圳,批发业,主板,20220624,20260701,32.71,-0.8187,71143428.96000001,5271595936.0,4913064897.0,52.71595936,49.13064897,0.72,28.6688,3.8647
001238,浙江正特,浙江,家居用品,主板,20220919,20260701,27.23,0.6282,12977778.200000001,4224680040.0,3951996096.9999995,42.2468004,39.51996096999999,0.92,116.6446,3.6218
603291,联合水务,江苏,水务,主板,20230327,20260701,8.1,0.7463,35765892.0,3428086860.0,3428086860.0,34.2808686,34.2808686,0.93,33.8256,1.8772
001300,三柏硕,山东,文教休闲,主板,20221019,20260701,11.55,2.2124,45898697.0,2815611645.0,2815611645.0,28.15611645,28.15611645,0.8,,2.9252
301280,珠城科技,浙江,元器件,创业板,20221226,20260701,54.89,8.5426,427356162.74,10511006858.0,5457899325.999999,105.11006858,54.57899325999999,1.79,50.2973,5.318
301329,信音电子,江苏,元器件,创业板,20230717,20260701,23.97,-1.3174,127186813.76,4079694000.0,1436857680.0,40.79694,14.3685768,0.84,66.1845,2.5697
301386,未来电器,江苏,电气设备,创业板,20230329,20260701,20.55,-0.2911,37324757.519999996,2877000000.0,924750000.0,28.77,9.2475,0.98,29.8057,1.8886
301516,中远通,深圳,电气设备,创业板,20231208,20260701,14.23,0.5654,74308425.31,3994385190.9999995,998595942.0000001,39.94385190999999,9.98595942,1.04,,3.1529
301095,广立微,浙江,半导体,创业板,20220805,20260701,123.21,4.371,3113538369.41,24676634331.0,21317831163.0,246.76634331,213.17831163,1.26,278.2411,7.855
301290,东星医疗,江苏,医疗保健,创业板,20221130,20260701,28.21,3.5229,72795855.36,2825888792.9999995,2244909485.0,28.258887929999997,22.44909485,1.09,,1.305
301285,鸿日达,江苏,元器件,创业板,20220928,20260701,113.02,2.4381,513602724.21999997,23357843400.0,23357843400.0,233.578434,233.578434,1.09,,24.7474
301292,海科新源,山东,化工原料,创业板,20230707,20260701,81.16,1.7936,1323878121.6100001,18082099012.0,6904167576.0,180.82099012,69.04167576,0.81,,6.323
603153,上海建科,上海,建筑工程,主板,20230313,20260701,12.9,1.735,18780848.0,5287208190.0,5208764580.0,52.8720819,52.0876458,0.98,14.3628,1.3606
603255,鼎际得,辽宁,化工原料,主板,20220818,20260701,34.26,4.2288,92783222.0,4611108216.0,2078732352.0,46.11108216,20.78732352,1.62,403.7325,2.9097
920964,润农节水,河北,建筑工程,北交所,20200727,20260701,4.49,4.4186,15184554.56,1172823920.0,663160594.0,11.7282392,6.63160594,1.66,,1.3437
920418,苏轴股份,江苏,汽车配件,北交所,20200727,20260701,19.89,-0.0503,48733746.95,3231918143.9999995,3121109999.0,32.319181439999994,31.21109999,0.99,21.4425,3.3975
920198,微创光电,湖北,IT设备,北交所,20200727,20260701,7.12,4.5521,16821275.740000002,1148910769.0,501717941.0,11.48910769,5.01717941,1.33,,2.8025
920729,永顺生物,广东,农业综合,北交所,20200727,20260701,6.7,8.0645,14249227.16,1831445000.0,519397675.0,18.31445,5.19397675,2.23,44.3901,2.6876
920167,同享科技,江苏,小金属,北交所,20200727,20260701,17.57,3.0499,39663849.23,1933165605.0,1148442177.0,19.33165605,11.48442177,1.08,89.0911,2.9054
920961,创远信科,上海,电器仪表,北交所,20200727,20260701,24.08,-2.074,139946899.20000002,3439599433.0,2503124428.0,34.39599433,25.03124428,0.97,987.9481,4.5779
920415,恒拓开源,河南,软件服务,北交所,20200727,20260701,9.64,4.2162,30268668.36,1354530735.0,1043350147.0,13.54530735,10.43350147,1.26,54.5948,2.4258
920370,新安洁,重庆,环境保护,北交所,20200727,20260701,2.52,8.6207,22761703.85,756714024.0000001,661213224.0,7.567140240000001,6.61213224,3.05,,1.3428
920819,颖泰生物,北京,农药化肥,北交所,20200727,20260701,2.73,5.814,25049948.43,3346434000.0,3307736250.0,33.46434,33.0773625,1.31,,0.7039
920508,殷图网联,北京,电气设备,北交所,20200727,20260701,14.29,3.701,17749124.49,857400000.0,455935668.0,8.574,4.55935668,1.73,406.662,4.4472
920263,中航泰达,北京,环境保护,北交所,20200727,20260701,7.21,2.2695,8354026.43,1018361280.0,739379674.0,10.1836128,7.39379674,0.77,,1.8897
920090,*ST同辉,北京,IT设备,北交所,20210809,20260701,3.7,29.8246,46822786.73,737534120.0,551051334.0,7.3753412,5.51051334,3.41,,19.2114
920146,华阳变速,湖北,汽车配件,北交所,20210720,20260701,5.2,6.1224,20445767.74,701950304.0,564684338.0,7.01950304,5.64684338,1.51,,3.8287
920765,美之高,深圳,家居用品,北交所,20210705,20260701,10.96,2.2388,13500772.22,952644044.0,578765860.0,9.52644044,5.7876586,1.04,,3.0696
920523,德瑞锂电,广东,电气设备,北交所,20210603,20260701,16.53,2.7346,27403721.36,1674511630.0,1339583133.0,16.7451163,13.39583133,1.42,11.5306,2.2782
920225,利通科技,河南,橡胶,北交所,20210225,20260701,16.95,1.3756,38459442.49,2151275253.0,1403157510.0,21.51275253,14.0315751,0.77,25.8457,2.9037
920832,齐鲁华信,山东,化工原料,北交所,20210223,20260701,6.02,3.259,3869517.9,835358467.0,745670749.0000001,8.35358467,7.456707490000001,0.57,,1.1392
920275,驱动力,广东,农业综合,北交所,20210125,20260701,5.89,3.3333,11140590.63,938734064.0000001,776976529.0,9.387340640000001,7.76976529,1.28,212.4872,4.0166
920509,同惠电子,江苏,电器仪表,北交所,20210111,20260701,27.16,1.9902,94814915.6,4353902703.0,2281046506.0,43.53902703,22.81046506,0.71,63.0765,11.419
920510,丰光精密,山东,机械基件,北交所,20201228,20260701,23.62,-2.316,290218081.19,4346201147.0,2217896222.0,43.46201147,22.17896222,0.83,,11.1293
920856,浩淼科技,安徽,专用机械,北交所,20201225,20260701,8.75,2.459,16488331.610000001,832357994.9999999,464275323.99999994,8.32357995,4.642753239999999,1.73,47.9524,1.7744
688428,诺诚健华,北京,生物制药,科创板,20220921,20260701,29.57,3.8637,536914466.0,52252032211.0,8006905460.0,522.52032211,80.0690546,1.16,81.3303,7.1147
001376,百通能源,江西,供气供热,主板,20231103,20260701,10.56,1.5385,104125444.0,4867104000.0,2260278905.0,48.67104,22.60278905,1.01,24.3075,3.8058
301353,普莱得,浙江,专用机械,创业板,20230530,20260701,17.0,2.348,29225103.67,2159287300.0,694057300.0,21.592873,6.940573,1.03,29.6767,1.6416
601022,宁波远洋,浙江,水运,主板,20221208,20260701,7.75,1.706,36506193.0,10141908075.0,10141908075.0,101.41908075,101.41908075,0.52,15.5054,1.6153
688375,国博电子,江苏,元器件,科创板,20220722,20260701,102.06,-2.1477,687840670.0,60829280694.00001,60829280694.00001,608.2928069400001,608.2928069400001,0.95,119.8544,9.4044
688203,海正生材,浙江,塑料,科创板,20220816,20260701,10.23,2.505,33854552.0,2073396963.0,2073396963.0,20.73396963,20.73396963,0.92,210.1711,1.4058
001223,欧克科技,江西,专用机械,主板,20221212,20260701,47.84,-9.9567,277816513.79,6252343552.0,3340896832.0000005,62.52343552,33.40896832000001,0.97,153.0335,3.2437
001256,炜冈科技,浙江,轻工机械,主板,20221205,20260701,30.02,10.0037,96809929.0,4281230251.9999995,3209516252.0,42.812302519999996,32.09516252,0.46,32.1864,3.2641
920145,恒合股份,北京,环境保护,北交所,20211115,20260701,10.12,5.0883,9568368.51,713966000.0,494182370.0,7.13966,4.9418237,1.16,,2.7692
920925,锦好医疗,广东,医疗保健,北交所,20211025,20260701,11.0,4.7619,24422673.169999998,1084387073.0,608245583.0,10.84387073,6.08245583,1.4,70.6033,2.9571
600925,苏能股份,江苏,煤炭开采,主板,20230329,20260701,4.06,1.2469,32500580.0,27968888934.0,6520557316.000001,279.68888934,65.20557316000001,0.85,124.1466,1.7948
688416,恒烁股份,安徽,半导体,科创板,20220829,20260701,132.49,-5.3643,1231568114.0,14293113943.0,14293113943.0,142.93113943,142.93113943,0.96,,10.7419
920932,科达自控,山西,软件服务,北交所,20211115,20260701,12.69,2.4213,25314102.48,1336895942.0,1106486479.0,13.36895942,11.06486479,0.84,,2.2176
001368,通达创智,福建,文教休闲,主板,20230313,20260701,20.67,0.4861,44919912.0,2353008723.0,2236723437.0,23.53008723,22.36723437,1.21,23.9506,1.661
688291,金橙子,北京,软件服务,科创板,20221026,20260701,56.85,-2.7873,230577922.0,5836601895.0,5836601895.0,58.36601895,58.36601895,0.66,158.2715,5.7587
920564,天润科技,陕西,软件服务,北交所,20220617,20260701,16.39,1.8012,19041530.11,1752490015.0000002,806205022.0,17.524900150000004,8.06205022,1.17,290.6064,5.7245
920046,亿能电力,江苏,电气设备,北交所,20221013,20260701,22.69,7.4846,143222088.13,2295093500.0,1268984470.0,22.950935,12.6898447,1.46,156.0316,8.884
920943,优机股份,四川,机械基件,北交所,20220624,20260701,13.41,2.8374,10426222.5,1361401679.0,694743040.9999999,13.61401679,6.947430409999999,1.11,18.7152,2.088
301310,鑫宏业,江苏,汽车配件,创业板,20230602,20260701,53.01,-4.0369,656535403.21,10122725988.0,3232862559.0,101.22725988,32.32862559,0.72,76.2931,4.276
688073,毕得医药,上海,化学制药,科创板,20221011,20260701,55.83,3.7347,196369072.0,5073992307.0,5073992307.0,50.73992307,50.73992307,1.26,33.4388,2.4162
688419,耐科装备,安徽,半导体,科创板,20221107,20260701,75.05,-4.5772,524121817.0,8597105085.0,8597105085.0,85.97105085,85.97105085,1.07,107.0181,8.17
301390,经纬股份,浙江,建筑工程,创业板,20230508,20260701,31.98,-0.8679,68250921.0,1918800000.0,1568817276.0000002,19.188,15.688172760000002,1.1,364.0778,2.0434
301511,德福科技,江西,电气设备,创业板,20230817,20260701,155.02,7.765,7428598395.5199995,97712516440.0,58075305526.0,977.1251644,580.75305526,1.2,868.3819,23.5037
688496,*ST清越,江苏,元器件,科创板,20221228,20260701,0.91,-1.087,7228131.0,409500000.0,216530495.99999997,4.095,2.16530496,0.77,,0.4592
301459,丰茂股份,浙江,汽车配件,创业板,20231213,20260701,32.95,6.4964,41429609.49,3430813310.0,859962050.0,34.3081331,8.5996205,1.27,37.48,2.6934
001260,坤泰股份,山东,汽车配件,主板,20230216,20260701,16.29,4.0895,24028066.0,1873350000.0,1873350000.0,18.7335,18.7335,1.09,45.4998,2.2529
603190,亚通精工,山东,汽车配件,主板,20230217,20260701,23.08,2.0336,47039171.0,2874383200.0,948948048.0,28.743832,9.48948048,1.29,25.9328,1.2769
001331,胜通能源,山东,供气供热,主板,20220908,20260701,62.02,10.0035,861061299.15,25381567162.0,17727437084.0,253.81567162,177.27437084,0.9,1378.803,17.2588
301197,工大科雅,河北,软件服务,创业板,20220808,20260701,38.82,2.6441,257082082.96,4679366682.0,4221647826.0,46.79366682,42.21647826,0.9,147.6457,3.5419
301273,瑞晨环保,上海,机械基件,创业板,20221025,20260701,32.07,1.7772,75811846.68,3216572895.0,2468767842.0,32.16572895,24.68767842,1.17,,3.6792
301307,美利信,重庆,通信设备,创业板,20230424,20260701,76.95,2.2048,1029375133.27,16205670000.0,8370721035.0,162.0567,83.70721035,1.02,,6.637
301388,欣灵电气,浙江,电气设备,创业板,20221109,20260701,23.55,0.9863,40624792.6,2412640980.0,1711684650.0,24.1264098,17.1168465,1.11,114.0373,2.4497
301369,联动科技,广东,半导体,创业板,20220922,20260701,238.0,-2.8571,708528397.67,24349232599.999996,13054109600.0,243.49232599999996,130.541096,0.99,725.7068,16.0469
301305,朗坤科技,深圳,环境保护,创业板,20230523,20260701,28.85,1.1571,179107577.65,6980569080.000001,3585919405.0000005,69.80569080000001,35.859194050000006,0.45,26.3069,1.7956
001400,江顺科技,江苏,专用机械,主板,20250424,20260701,119.99,3.1817,452499696.14,10079160000.0,5547317685.0,100.7916,55.47317685,1.15,124.1954,7.8551
600941,中国移动,北京,电信运营,主板,20220105,20260701,86.49,0.418,855241957.0,1875052586052.0,78080395671.0,18750.52586052,780.80395671,0.92,13.677,1.3179
301301,川宁生物,新疆,化学制药,创业板,20221227,20260701,8.25,3.9043,156500932.20000002,18416417250.0,5114852325.0,184.1641725,51.14852325,1.34,23.9482,2.2476
920185,贝特瑞,深圳,化工原料,北交所,20200727,20260701,25.14,1.045,183184020.4,28614106606.0,28143217285.000004,286.14106606,281.43217285000003,1.03,32.699,2.2201
920163,方大新材,河北,塑料,北交所,20200727,20260701,9.47,4.5254,6912276.22,1218222315.0,574654136.0,12.18222315,5.74654136,1.17,27.4473,2.3579
920475,三友科技,浙江,专用机械,北交所,20200727,20260701,12.01,4.1631,8129157.7,1213730600.0,674943095.9999999,12.137306,6.749430959999999,0.93,,3.441
920799,艾融软件,上海,软件服务,北交所,20200727,20260701,37.18,10.7867,411008161.27,7776025972.0,4464199663.0,77.76025972,44.64199663,1.27,120.5726,18.5325
920010,凯添燃气,宁夏,供气供热,北交所,20200727,20260701,7.77,4.576,53618367.20999999,1822065000.0,1348078318.0000002,18.22065,13.480783180000003,1.28,66.5086,2.6172
920566,梓橦宫,四川,化学制药,北交所,20210813,20260701,9.69,4.9837,29713972.16,1399835617.0,1088638176.0,13.99835617,10.88638176,1.6,16.729,1.6302
920212,智新电子,山东,元器件,北交所,20210608,20260701,9.46,5.6983,10628796.459999999,1003706000.0,488157408.0,10.03706,4.88157408,1.42,95.1006,2.3521
920726,朱老六,吉林,食品,北交所,20210527,20260701,18.0,7.849,87154742.88000001,1823580000.0,1006442190.0,18.2358,10.0644219,1.58,92.3267,3.967
920599,同力股份,陕西,工程机械,北交所,20210222,20260701,16.44,-0.1821,49580482.940000005,7603911000.0,5763442248.0,76.03911,57.63442248,0.8,9.0593,1.9934
920427,华维设计,江西,建筑工程,北交所,20210205,20260701,9.59,2.0213,19825089.639999997,988681050.0,488207854.0,9.8868105,4.88207854,0.81,,3.1459
920826,盖世食品,辽宁,食品,北交所,20210112,20260701,8.15,4.7558,27508265.27,1145203884.0,509166955.0,11.45203884,5.09166955,1.78,24.0681,2.9271
920675,秉扬科技,四川,矿物制品,北交所,20201228,20260701,7.77,2.9139,15439814.81,1337714280.0000002,613968850.0,13.377142800000003,6.1396885,0.54,27.9595,2.1178
301141,中科磁业,浙江,矿物制品,创业板,20230403,20260701,42.31,1.075,95566724.25,5247819306.0,1883328106.0,52.47819306,18.83328106,0.85,158.1492,4.0903
603130,云中马,浙江,纺织,主板,20221118,20260701,41.45,-0.7186,147618312.0,5699963590.000001,5699963590.000001,56.99963590000001,56.99963590000001,1.85,54.5048,3.9727
603072,天和磁材,内蒙,矿物制品,主板,20250103,20260701,39.97,1.9643,295229051.0,10563271600.0,5045413100.0,105.632716,50.454131,1.24,65.545,4.7376
301358,湖南裕能,湖南,电气设备,创业板,20230209,20260701,76.8,1.2258,2368318263.21,64768527359.99999,58363246080.0,647.6852736,583.6324608,1.05,50.712,3.4021
920405,海希通讯,上海,电器仪表,北交所,20211105,20260701,19.33,6.1505,64401328.84,2711225800.0,2127851348.0,27.112258,21.27851348,0.83,34.4295,3.2478
920892,广咨国际,广东,建筑工程,北交所,20211028,20260701,11.25,2.5524,10957305.26,1916452721.0,1697091130.9999998,19.16452721,16.970911309999998,1.21,17.8025,4.2899
688371,菲沃泰,江苏,元器件,科创板,20220802,20260701,39.7,1.821,468686670.0,13318254280.0,13318254280.0,133.1825428,133.1825428,0.77,440.8492,6.8138
301252,同星科技,浙江,机械基件,创业板,20230525,20260701,37.99,-6.267,148699361.91,6428876745.0,5155573513.0,64.28876745,51.55573513,0.78,59.2075,4.7483
688130,晶华微,浙江,半导体,科创板,20220729,20260701,28.8,2.4182,144121309.0,3481663680.0,1736210880.0,34.8166368,17.3621088,1.49,,2.8151
301295,美硕科技,浙江,电气设备,创业板,20230628,20260701,43.12,2.2285,66009346.120000005,4346496000.0,1267728000.0,43.46496,12.67728,0.7,192.7277,4.4513
920171,志晟信息,河北,软件服务,北交所,20211115,20260701,19.87,7.3474,111882128.95,1991634379.0,1343847443.0,19.91634379,13.43847443,1.33,405.8723,9.1112
920873,中设咨询,重庆,建筑工程,北交所,20211115,20260701,7.25,6.305,22181559.06,1112055765.0,868596364.0,11.12055765,8.68596364,1.37,,4.4798
920720,吉冈精密,江苏,机械基件,北交所,20211124,20260701,10.1,1.2024,20410151.689999998,2675402534.0,747573447.0,26.75402534,7.47573447,1.04,42.4506,4.896
920436,大地电气,江苏,汽车配件,北交所,20211115,20260701,10.45,3.363,7901834.89,987274200.0,928672178.0,9.872742,9.28672178,0.98,,2.5461
603307,扬州金泉,江苏,文教休闲,主板,20230216,20260701,24.12,3.2976,25322287.0,2380926204.0,2343258000.0,23.80926204,23.43258,1.23,21.8005,1.6471
301287,康力源,江苏,文教休闲,创业板,20230614,20260701,32.9,1.8891,24966627.209999997,2193446290.0,560333060.0,21.9344629,5.6033306,1.33,31.5862,1.8603
920204,沪江材料,江苏,塑料,北交所,20220118,20260701,13.11,2.7429,12993027.63,1236113019.0,655378641.0000001,12.36113019,6.553786410000002,0.8,58.9524,2.4664
920970,大禹生物,山西,饲料,北交所,20220518,20260701,6.76,26.8293,121109496.18,749013408.0,473681988.0,7.49013408,4.73681988,4.48,,3.0436
301528,多浦乐,广东,电器仪表,创业板,20230828,20260701,85.34,4.2002,443098013.03999996,7659691700.0,3947512641.9999995,76.596917,39.475126419999995,1.18,115.1972,4.8932
920223,荣亿精密,浙江,机械基件,北交所,20220609,20260701,13.49,1.0487,31032710.94,2121774650.0,1100564788.0,21.2177465,11.00564788,0.63,,8.8921
920062,科润智控,浙江,电气设备,北交所,20220713,20260701,9.18,-1.0776,39825658.82,1732323623.0,1219691336.0,17.32323623,12.19691336,1.14,109.9127,2.3052
688657,浩辰软件,江苏,软件服务,科创板,20231010,20260701,36.15,1.0623,65522339.0,3449443845.0,2157956175.0,34.49443845,21.57956175,0.87,67.9003,2.4293
001287,中电港,深圳,元器件,主板,20230410,20260701,30.68,-1.5088,1652579523.0,23313735068.0,23313735068.0,233.13735068,233.13735068,1.09,82.0309,4.2101
688391,钜泉科技,上海,半导体,科创板,20220913,20260701,35.57,-0.8364,155026340.0,4111675023.0,4111675023.0,41.11675023,41.11675023,1.46,95.9307,2.2061
603282,亚光股份,浙江,专用机械,主板,20230315,20260701,14.63,2.5228,25570904.0,1957786600.0,1957786600.0,19.577866,19.577866,0.52,20.4107,1.4867
603373,安邦护卫,浙江,仓储物流,主板,20231220,20260701,36.03,-0.5795,79584275.0,5423873331.0,2291587266.0,54.23873331,22.91587266,0.64,42.8434,2.8987
001286,陕西能源,陕西,火力发电,主板,20230410,20260701,10.49,3.4517,213843978.5,39337500000.0,14161500000.0,393.375,141.615,1.23,13.0711,1.4309
301517,陕西华达,陕西,元器件,创业板,20231017,20260701,51.02,2.8007,248567353.76,7716132148.0,4977618342.0,77.16132148,49.77618342,1.24,,6.065
301510,固高科技,深圳,电器仪表,创业板,20230815,20260701,33.49,4.8857,527180973.65000004,13396334900.0,9349044957.0,133.963349,93.49044957,1.46,212.7916,9.2318
301383,天键股份,江西,元器件,创业板,20230609,20260701,23.88,-0.0837,48632202.0,3901115604.0,1686269484.0,39.01115604,16.86269484,0.95,,2.0004
920378,泰德股份,山东,汽车配件,北交所,20220620,20260701,6.97,3.7202,7107539.46,1084016220.0,776334380.0,10.8401622,7.7633438,0.92,42.4855,2.7195
301515,港通医疗,四川,医疗保健,创业板,20230725,20260701,18.21,3.8791,28552294.0,1821001821.0,1194040626.0,18.21001821,11.94040626,0.83,,1.4863
603280,南方路机,福建,工程机械,主板,20221108,20260701,25.56,3.0645,46318292.0,2770875251.9999995,2770875251.9999995,27.708752519999994,27.708752519999994,1.64,29.2674,1.9976
301109,军信股份,湖南,环境保护,创业板,20220413,20260701,12.62,1.2841,72781441.05,9958452096.0,2906866822.0,99.58452096,29.06866822,1.15,13.8973,1.2901
301282,金禄电子,广东,元器件,创业板,20220826,20260701,30.15,2.238,460077098.83,6359657084.999999,5323823685.0,63.59657084999999,53.23823685,0.93,70.3527,3.6829
301165,锐捷网络,福建,通信设备,创业板,20221121,20260701,85.92,6.7993,3545748277.15,95683639488.0,95683639488.0,956.83639488,956.83639488,2.9,137.4074,18.6409
301206,三元生物,山东,食品,创业板,20220210,20260701,23.0,3.4638,27327864.48,4653491100.0,2996338800.0,46.534911,29.963388,1.1,50.9075,1.0911
688102,斯瑞新材,陕西,铜,科创板,20220316,20260701,47.87,1.4625,1651516649.0,37390060250.0,37390060250.0,373.9006025,373.9006025,0.93,253.3236,19.1482
301218,华是科技,浙江,软件服务,创业板,20220307,20260701,40.7,-1.2136,468392970.4,4641428000.0,2851800160.0,46.41428,28.5180016,1.83,,5.1136
301227,森鹰窗业,黑龙江,家居用品,创业板,20220926,20260701,24.56,-2.5783,54541073.6,3228630584.0,1815190304.0,32.28630584,18.15190304,0.94,,2.0134
688187,时代电气,湖南,运输设备,科创板,20210907,20260701,64.5,-6.0588,1916583157.0,86926830600.0,56044533750.0,869.268306,560.4453375,1.26,21.2196,2.0152
688737,中自科技,四川,汽车配件,科创板,20211022,20260701,19.32,0.9404,51835794.0,2309986140.0,2309986140.0,23.0998614,23.0998614,0.61,,1.3018
301366,一博科技,深圳,元器件,创业板,20220926,20260701,62.71,2.5176,1009334493.0999999,13140015101.999998,7336844244.0,131.40015101999998,73.36844244,0.79,450.1753,6.0701
603122,合富中国,上海,医药商业,主板,20220216,20260701,11.39,3.9234,160711904.0,4533819114.0,4533819114.0,45.33819114,45.33819114,0.63,,4.3436
301161,唯万密封,上海,工程机械,创业板,20220914,20260701,40.15,3.9886,501272280.65999997,4818004015.0,3099511745.0,48.18004015,30.99511745,1.37,55.3544,5.0161
301262,海看股份,山东,影视音像,创业板,20230620,20260701,18.42,2.5042,81623915.2,7681140000.0,2248628868.0,76.8114,22.48628868,1.35,18.5085,2.0159
301300,远翔新材,福建,化工原料,创业板,20220819,20260701,32.01,2.0402,31271927.27,2094382290.0,1258441140.0,20.9438229,12.5844114,0.83,23.2945,2.4899
688197,首药控股,北京,化学制药,科创板,20220323,20260701,36.09,8.0216,98096601.0,5367283146.0,2309936841.0,53.67283146,23.09936841,1.46,,8.07
301283,聚胶股份,广东,日用化工,创业板,20220902,20260701,25.17,2.8186,30995191.95,2925325359.0,2299657050.0,29.25325359,22.9965705,0.84,15.3,1.7058
601728,中国电信,北京,电信运营,主板,20210820,20260701,5.27,1.5414,637598577.0,482242620949.0,409108670248.99994,4822.42620949,4091.0867024899994,0.86,14.5321,1.0297
603215,比依股份,浙江,家用电器,主板,20220218,20260701,14.09,1.7329,22842222.0,3023644959.0,2638048155.9999995,30.23644959,26.380481559999996,0.8,37.112,2.46
688107,安路科技,上海,半导体,科创板,20211112,20260701,44.44,-2.5439,549575626.0,17813747336.0,17813747336.0,178.13747336,178.13747336,0.96,,19.7324
688249,晶合集成,安徽,半导体,科创板,20230505,20260701,61.28,3.8116,4740522511.0,123025219376.0,123025219376.0,1230.25219376,1230.25219376,1.44,174.701,5.6122
301314,科瑞思,广东,元器件,创业板,20230328,20260701,49.09,0.8837,61856973.5,2712222500.0,896255766.0,27.122225,8.96255766,0.71,142.6255,2.5747
603132,金徽股份,甘肃,铅锌,主板,20220222,20260701,16.07,3.1451,87149701.0,15716460000.0,15716460000.0,157.1646,157.1646,0.82,28.9829,4.608
301200,大族数控,深圳,专用机械,创业板,20220228,20260701,376.61,4.4253,1813193579.23,184165227558.0,160148920841.0,1841.65227558,1601.48920841,1.05,223.4288,16.4431
688052,纳芯微,江苏,半导体,科创板,20220422,20260701,266.99,-7.3948,1367604730.0,43418821566.0,38053657516.0,434.18821566,380.53657516,0.87,,5.7162
603182,嘉华股份,山东,食品,主板,20220909,20260701,11.79,3.4211,23952743.0,1940044500.0,1940044500.0,19.400445,19.400445,1.03,20.4861,1.7129
001258,立新能源,新疆,新型电力,主板,20220727,20260701,7.09,2.4566,103729095.48,6617333806.0,6617264324.000001,66.17333806,66.17264324000001,0.9,77.7791,2.1685
301308,江波龙,深圳,半导体,创业板,20220805,20260701,667.84,-5.1094,16198385607.699999,282537058240.0,188231972896.0,2825.3705824,1882.31972896,1.02,198.5087,23.1886
301359,东南电子,浙江,元器件,创业板,20221109,20260701,16.38,3.1486,44149498.6,1968482880.0,1165387860.0,19.6848288,11.6538786,1.18,48.6733,2.2898
688253,英诺特,北京,医疗保健,科创板,20220728,20260701,64.74,7.3988,189715821.0,8868363582.0,8868363582.0,88.68363582,88.68363582,1.32,61.3841,4.2313
688193,仁度生物,上海,医疗保健,科创板,20220330,20260701,51.82,-6.2929,47692984.0,2076422218.0,2076422218.0,20.76422218,20.76422218,0.95,205.8434,2.2605
301311,昆船智能,云南,机械基件,创业板,20221130,20260701,13.36,2.8483,32359231.56,3206400000.0,3206400000.0,32.064,32.064,1.16,,1.8707
688153,唯捷创芯,天津,半导体,科创板,20220412,20260701,32.7,1.8057,302445867.0,14071235100.0,13383249990.0,140.712351,133.8324999,1.3,322.4958,3.5382
001311,多利科技,安徽,汽车配件,主板,20230227,20260701,16.52,2.4179,77170932.42,6668499544.0,2926197512.0,66.68499544,29.26197512,0.98,28.4482,1.4193
001230,劲旅环境,安徽,环境保护,主板,20220715,20260701,15.74,2.474,63069447.46,2955602110.0,1731066312.0,29.5560211,17.31066312,1.09,17.4609,1.4636
001318,阳光乳业,江西,乳制品,主板,20220520,20260701,10.24,3.33,25442574.16,2894438400.0000005,2894438400.0000005,28.944384000000003,28.944384000000003,1.27,27.7059,1.9582
603051,鹿山新材,广东,塑料,主板,20220325,20260701,19.55,1.4004,91789112.0,3159923195.0,3159923195.0,31.59923195,31.59923195,0.83,,1.8563
001323,慕思股份,广东,家居用品,主板,20220623,20260701,16.36,3.5443,34061848.11,7117920252.0,5092017280.0,71.17920252,50.9201728,1.1,13.2914,1.5459
001228,永泰运,浙江,仓储物流,主板,20220429,20260701,27.15,6.2622,76216596.0,2819923890.0000005,2168323890.0,28.199238900000005,21.6832389,1.97,26.3906,1.6337
688400,凌云光,北京,专用机械,科创板,20220706,20260701,67.16,1.4502,1567761127.0,32185113664.0,30959195172.0,321.85113664,309.59195172,1.02,199.4718,5.6402
688320,禾川科技,浙江,电器仪表,科创板,20220428,20260701,41.81,0.8685,385346721.0,6313882797.0,6313882797.0,63.13882797,63.13882797,1.12,,5.2032
301519,舜禹股份,安徽,专用机械,创业板,20230727,20260701,11.13,2.5806,31475448.0,1799085477.0,840031185.0,17.99085477,8.40031185,1.03,,1.3075
301361,众智科技,河南,电气设备,创业板,20221116,20260701,29.88,-0.4995,56899890.46,3476119680.0,1683319680.0,34.7611968,16.8331968,1.02,36.0314,2.7906
688380,中微半导,深圳,半导体,科创板,20220805,20260701,63.01,-4.3999,1570249436.0,25226998650.000004,25226998650.000004,252.26998650000004,252.26998650000004,0.89,88.7707,7.8148
688206,概伦电子,上海,半导体,科创板,20211228,20260701,48.2,8.632,1005094650.0,21043098160.0,21043098160.0,210.4309816,210.4309816,1.37,614.519,10.5678
688729,屹唐股份,北京,半导体,科创板,20250708,20260701,43.12,0.2791,1919841177.0,127443747200.0,9270838808.0,1274.437472,92.70838808,1.14,189.9936,14.1257
603173,福斯达,浙江,机械基件,主板,20230130,20260701,37.29,10.0,98902559.0,5966400000.0,5966400000.0,59.664,59.664,2.13,14.1602,2.8719
603061,金海通,天津,半导体,主板,20230303,20260701,523.0,4.1376,2207176460.0,45501000000.0,45501000000.0,455.01,455.01,1.25,257.7591,26.6418
688472,阿特斯,江苏,电气设备,科创板,20230609,20260701,10.9,0.7394,656706310.0,39710227090.0,39710227090.0,397.1022709,397.1022709,1.13,39.0937,1.6801
688479,友车科技,上海,软件服务,科创板,20230511,20260701,38.29,0.8428,122296698.0,7708711276.0,3313019276.0,77.08711276,33.13019276,1.02,180.6609,4.0923
301566,达利凯普,辽宁,元器件,创业板,20231229,20260701,36.52,-1.5102,1245325803.2199998,14608365200.0,7708889936.0,146.083652,77.08889936,0.92,91.7954,9.5924
688322,奥比中光-W,深圳,元器件,科创板,20220707,20260701,135.0,3.4087,3435843395.0,55518385500.0,43021314000.0,555.183855,430.21314,1.38,434.0427,18.5407
688252,天德钰,深圳,半导体,科创板,20220927,20260701,24.65,2.7083,358278781.0,10082375045.0,10082375045.0,100.82375045,100.82375045,1.54,43.1768,4.0991
688503,聚和材料,江苏,电气设备,科创板,20221209,20260701,130.8,-1.4318,4093549390.0,31657994880.0,31657994880.0,316.5799488,316.5799488,1.37,75.4335,5.9684
301297,富乐德,安徽,半导体,创业板,20221230,20260701,63.74,4.0823,2728479192.12,47565324852.0,23257610550.0,475.65324852,232.5761055,1.19,118.1004,8.7694
688351,微电生理,上海,医疗保健,科创板,20220831,20260701,23.35,3.045,153393624.0,10988510000.0,10988510000.0,109.8851,109.8851,1.09,215.1138,6.08
688115,思林杰,广东,电器仪表,科创板,20220314,20260701,82.99,0.8997,271419906.0,5532943300.0,5532943300.0,55.329433,55.329433,0.86,,4.3391
301246,宏源药业,湖北,化学制药,创业板,20230320,20260701,28.94,7.5836,465264415.5,11576199686.0,4922042850.0,115.76199686,49.2204285,1.21,97.2354,2.5119
301488,豪恩汽电,深圳,汽车配件,创业板,20230704,20260701,129.48,2.0975,321418497.3,13130916396.000002,3031774200.0,131.30916396,30.317742,1.27,175.1997,9.4656
603206,嘉环科技,江苏,通信设备,主板,20220506,20260701,15.8,-0.8161,127484254.0,4822160000.0,4822160000.0,48.2216,48.2216,0.55,90.5856,2.1139
603057,紫燕食品,上海,食品,主板,20220926,20260701,23.2,4.0359,70920024.0,9630668000.0,9558400000.0,96.30668,95.584,0.9,40.7831,4.5161
001339,智微智能,深圳,IT设备,主板,20220815,20260701,102.68,0.3911,1213622239.7,33677448460.0,16623861196.0,336.7744846,166.23861196,0.97,197.0077,14.257
001270,铖昌科技,浙江,半导体,主板,20220606,20260701,159.0,1.9296,2302765102.85,32772269100.0,32563724700.000004,327.722691,325.63724700000006,1.08,279.8421,21.0029
603151,邦基科技,山东,饲料,主板,20221019,20260701,11.41,3.8217,49354291.0,1954325338.0,1954325338.0,19.54325338,19.54325338,1.77,17.6306,1.4125
001319,铭科精技,广东,汽车配件,主板,20220512,20260701,20.08,2.449,49509356.0,2839312000.0,1274369168.0,28.39312,12.74369168,1.14,20.1603,2.0146
001255,博菲电气,浙江,电气设备,主板,20220930,20260701,25.74,2.5907,46599143.0,2239591068.0,1988873172.0,22.39591068,19.88873172,0.98,145.6859,2.4842
001366,播恩集团,江西,饲料,主板,20230307,20260701,11.43,5.4428,74770340.38,1836572400.0,1836572400.0,18.365724,18.365724,1.51,,2.2822
001229,魅视科技,广东,IT设备,主板,20220808,20260701,36.94,1.707,577616144.23,5298381774.0,2724369328.0,52.98381774,27.24369328,2.13,76.2603,5.2326
301389,隆扬电子,江苏,元器件,创业板,20221031,20260701,83.98,-3.2377,800796664.23,23808330000.0,23808330000.0,238.0833,238.0833,0.77,229.4178,10.6032
301306,西测测试,陕西,航空,创业板,20220726,20260701,166.45,5.0224,661578344.41,14048380000.0,9697793125.0,140.4838,96.97793125,0.96,,16.7085
301356,天振股份,浙江,家居用品,创业板,20221114,20260701,28.01,6.6235,180201416.56,6050160000.0,3548796975.0,60.5016,35.48796975,1.1,71.8158,2.0238
301397,溯联股份,重庆,汽车配件,创业板,20230628,20260701,33.3,2.9048,164599880.23000002,5183574570.0,2371273020.0,51.8357457,23.7127302,1.42,36.6545,2.5611
301255,通力科技,浙江,机械基件,创业板,20221227,20260701,21.66,2.218,42072320.910000004,3299251200.0,2895441654.0,32.992512,28.95441654,0.98,75.5704,3.0888
301526,国际复材,重庆,玻璃,创业板,20231226,20260701,46.75,0.1714,7986267811.36,176288546500.0,65655368075.0,1762.885465,656.55368075,0.86,646.9991,20.6529
301170,锡南科技,江苏,汽车配件,创业板,20230627,20260701,21.88,1.7201,30543219.0,2188000000.0,831520956.0,21.88,8.31520956,1.3,21.5779,1.2128
301325,曼恩斯特,深圳,专用机械,创业板,20230512,20260701,34.6,0.4354,85682954.16,4978687420.0,4978687420.0,49.7868742,49.7868742,0.88,,1.8816
301555,惠柏新材,上海,化工原料,创业板,20231031,20260701,46.87,3.2152,359219658.02,4324544916.0,2265920776.0,43.24544916,22.65920776,1.21,59.346,3.8269
001216,华瓷股份,湖南,家居用品,主板,20211019,20260701,14.45,2.4096,65874121.02,4218797984.0000005,1900943726.0,42.187979840000004,19.00943726,0.58,19.1367,2.2384
301391,卡莱特,深圳,IT设备,创业板,20221201,20260701,57.72,1.0858,111486258.3,5484254256.0,5358470832.0,54.84254256,53.58470832,1.12,280.5538,2.6176
301176,逸豪新材,江西,元器件,创业板,20220928,20260701,65.02,-4.3824,601788206.8499999,10992716834.0,10666765072.000002,109.92716834,106.66765072000003,0.88,,7.3913
301225,恒勃股份,浙江,汽车配件,创业板,20230616,20260701,81.16,3.008,157475895.8,8390320800.0,2586731520.0,83.903208,25.8673152,0.82,61.5233,5.2367
920149,旭杰科技,江苏,建筑工程,北交所,20200727,20260701,7.81,5.6834,13579822.620000001,597333636.0,494115293.0,5.97333636,4.94115293,1.87,,4.8876
920242,建邦科技,山东,汽车配件,北交所,20200727,20260701,13.75,2.2305,8821330.190000001,1295438375.0,725079644.0,12.95438375,7.25079644,1.02,15.1346,1.8819
920266,生物谷,云南,中成药,北交所,20200727,20260701,6.58,5.9581,12175891.100000001,815920046.0,779667207.0,8.15920046,7.79667207,1.45,,0.9313
920278,鹿得医疗,江苏,医疗保健,北交所,20200727,20260701,5.97,7.1813,19592901.59,1041765000.0,442066560.0,10.41765,4.4206656,2.22,53.5492,2.7058
920682,球冠电缆,浙江,电气设备,北交所,20200727,20260701,6.03,3.2534,18281667.76,2347937280.0,1361614920.0,23.4793728,13.6161492,1.07,24.3001,2.0154
920039,国义招标,广东,建筑工程,北交所,20210818,20260701,7.56,3.42,9651237.059999999,1162879200.0,1162878444.0,11.628792,11.62878444,0.99,37.2792,2.1391
920368,连城数控,辽宁,专用机械,北交所,20200727,20260701,30.05,2.8757,211785101.93,7055152222.0,6712239472.000001,70.55152222,67.12239472,0.96,83.2605,1.6663
920433,大唐药业,内蒙,中成药,北交所,20200727,20260701,4.56,7.2941,18319019.16,1166993745.0,772082766.0,11.66993745,7.72082766,2.05,,3.0737
920885,星辰科技,广西,电器仪表,北交所,20210708,20260701,12.81,2.562,32935734.299999997,2188202919.0,1133725941.0,21.88202919,11.33725941,1.08,64.5714,5.3151
920344,三元基因,北京,生物制药,北交所,20210108,20260701,19.62,3.481,37482004.22,2389912200.0,2231346480.0,23.899122,22.3134648,1.44,465.1929,3.8115
920000,安徽凤凰,安徽,汽车配件,北交所,20201223,20260701,11.68,1.1255,9281956.98,1070822400.0,672697044.0,10.708224,6.72697044,1.17,16.1928,1.5869
920030,德众汽车,湖南,汽车服务,北交所,20201127,20260701,4.33,4.5894,12080026.01,774375819.0,487012598.0,7.74375819,4.87012598,0.67,,1.7755
920047,诺思兰德,北京,生物制药,北交所,20201124,20260701,20.01,-2.6277,279241823.34,5488182200.0,3603929604.0,54.881822,36.03929604,1.08,,20.6628
920396,常辅股份,江苏,电器仪表,北交所,20201118,20260701,22.44,0.3578,58545516.949999996,1620642292.0,1151368417.0,16.20642292,11.51368417,1.02,39.664,4.389
603065,宿迁联盛,江苏,化工原料,主板,20230321,20260701,19.19,-5.2813,821684397.0,8039988244.0,8039988244.0,80.39988244,80.39988244,0.85,,4.0253
601868,中国能建,北京,建筑工程,主板,20210928,20260701,2.69,0.7491,1090306601.0,119006092808.0,87233277244.0,1190.06092808,872.33277244,1.04,20.3767,0.9969
688615,合合信息,上海,软件服务,科创板,20240926,20260701,115.18,1.8391,542622391.0,22575280000.0,15588265393.999998,225.7528,155.88265393999998,1.03,49.7097,7.3002
920092,汉鑫科技,山东,软件服务,北交所,20211115,20260701,25.93,4.053,35728578.5,1609726620.9999998,838482515.0,16.097266209999997,8.38482515,0.92,,4.5868
920924,广脉科技,浙江,通信设备,北交所,20211103,20260701,14.89,3.9804,37286737.81,1597644885.0,973391179.0,15.97644885,9.73391179,2.2,91.8145,4.9452
688426,康为世纪,江苏,生物制药,科创板,20221025,20260701,18.11,-1.2541,47031836.0,2037260907.0,2032441836.0,20.37260907,20.32441836,0.76,,1.5223
301520,万邦医药,安徽,生物制药,创业板,20230925,20260701,31.0,-4.6154,362191446.09,2888310300.0000005,1013650399.9999999,28.883103000000006,10.136503999999999,3.1,79.2741,1.9057
301202,朗威股份,江苏,机械基件,创业板,20230705,20260701,32.95,-1.1401,67307527.12,4494380000.0,1223680625.0,44.9438,12.23680625,0.85,67.0582,3.6979
001337,四川黄金,四川,黄金,主板,20230303,20260701,36.16,-1.3639,277996163.9,15187200000.0,15187200000.0,151.872,151.872,0.88,32.6029,7.2236
688205,德科立,江苏,通信设备,科创板,20220809,20260701,202.27,-2.8436,1335603572.0,32208969125.0,32208969125.0,322.08969125,322.08969125,0.73,450.1231,13.7588
001225,和泰机电,浙江,专用机械,主板,20230222,20260701,41.14,4.1255,52068561.0,2697582712.0,865536232.0,26.97582712,8.65536232,0.7,79.1037,1.9338
603073,彩蝶实业,浙江,纺织,主板,20230316,20260701,15.32,2.7498,29429299.0,1777120000.0,779677696.0,17.7712,7.79677696,1.01,25.5194,1.2809
688410,山外山,重庆,医疗保健,科创板,20221226,20260701,15.23,6.0585,146212663.0,4867517138.0,4867517138.0,48.67517138,48.67517138,1.64,33.3653,2.6535
301321,翰博高新,安徽,元器件,创业板,20220818,20260701,43.96,-0.4304,445632379.52000004,8195682600.0,6489194963.999999,81.956826,64.89194963999999,1.01,,8.3996
001267,汇绿生态,湖北,通信设备,主板,20211117,20260701,50.65,-5.3271,1777262846.83,39768592055.0,30823391790.0,397.68592055,308.2339179,0.72,451.4926,24.2248
920689,克莱特,山东,专用机械,北交所,20220321,20260701,21.88,2.6748,12097530.04,1605992000.0,829921900.0,16.05992,8.299219,0.77,29.1504,3.1781
920580,科创新材,河南,其他建材,北交所,20220513,20260701,11.13,1.0899,28944251.05,957180000.0,609513014.0,9.5718,6.09513014,1.11,54.0893,2.7585
920169,七丰精工,浙江,机械基件,北交所,20220415,20260701,20.84,2.1569,27025416.62,1683873875.9999998,1059538652.0,16.83873876,10.59538652,0.92,58.3341,4.9999
688293,奥浦迈,上海,生物制药,科创板,20220902,20260701,44.69,7.196,140466105.0,6353478982.000001,5086624738.0,63.53478982000001,50.86624738,1.19,152.367,2.398
301525,儒竞科技,上海,家用电器,创业板,20230830,20260701,48.42,2.563,100107550.81,6393207330.0,3348809514.0,63.9320733,33.48809514,0.86,50.9679,1.9631
601061,中信金属,北京,商贸代理,主板,20230410,20260701,11.25,4.4568,288169342.0,55125000000.0,55125000000.0,551.25,551.25,1.46,20.4968,2.2752
920879,基康技术,北京,电器仪表,北交所,20221220,20260701,13.62,3.653,23276764.490000002,2735833247.0,2047231993.0,27.35833247,20.47231993,1.45,33.1168,4.2083
301393,昊帆生物,江苏,化工原料,创业板,20230712,20260701,67.11,3.6128,332666783.19,7247880000.0,2825653128.0,72.4788,28.25653128,1.26,63.217,3.034
688489,三未信安,北京,IT设备,科创板,20221202,20260701,22.8,0.4405,37787027.0,3866389800.0,3836724720.0,38.663898,38.3672472,1.34,,2.1336
301330,熵基科技,广东,IT设备,创业板,20220817,20260701,26.0,3.751,97696086.76,6119141600.0,5052361600.0,61.191416,50.523616,0.99,28.4995,1.7628
301122,采纳股份,江苏,医疗保健,创业板,20220126,20260701,30.14,2.4821,113479135.1,3684485398.0000005,2279810698.0,36.84485398,22.79810698,1.14,655.5192,1.99
688105,诺唯赞,江苏,生物制药,科创板,20211115,20260701,18.6,7.2046,302317646.0,9615922860.0,9615922860.0,96.1592286,96.1592286,1.23,,2.5306
688162,巨一科技,安徽,专用机械,科创板,20211110,20260701,24.36,3.0457,47769058.0,3339775488.0,3339775488.0,33.39775488,33.39775488,1.25,41.2522,1.3806
688210,统联精密,深圳,元器件,科创板,20211227,20260701,39.37,-2.8141,134820707.0,6403943885.0,6403943885.0,64.03943885,64.03943885,0.76,,5.0247
301279,金道科技,浙江,工程机械,创业板,20220413,20260701,26.08,20.0184,113967525.42,4395124176.0,3403432175.9999995,43.95124176,34.03432176,1.7,68.1503,3.1932
301238,瑞泰新材,江苏,化工原料,创业板,20220617,20260701,24.02,-1.5574,576301709.09,17614665866.0,17614665866.0,176.14665866,176.14665866,1.08,79.213,2.3847
301175,中科环保,北京,环境保护,创业板,20220708,20260701,5.02,1.4141,100100533.33000001,7388837600.0,3121837600.0,73.888376,31.218376,1.09,19.3544,1.9452
688032,禾迈股份,浙江,电气设备,科创板,20211220,20260701,84.13,-0.4614,129707625.0,10438303555.0,10438303555.0,104.38303555,104.38303555,1.3,,1.8402
301106,骏成科技,江苏,元器件,创业板,20220128,20260701,20.39,-1.6876,80379600.67,2914970712.0,2914970712.0,29.14970712,29.14970712,0.81,32.0222,2.2461
301215,中汽股份,江苏,汽车服务,创业板,20220308,20260701,5.4,4.0462,90474040.55999999,7149060000.0,7140960000.0,71.4906,71.4096,1.49,33.6149,2.407
301235,华康洁净,湖北,医疗保健,创业板,20220128,20260701,76.0,1.3198,1086490706.3200002,8191041816.0,5528629424.000001,81.91041816,55.28629424000001,1.29,69.5061,4.3325
688049,炬芯科技,广东,半导体,科创板,20211129,20260701,46.96,0.1066,454118966.0,8225875192.0,8225875192.0,82.25875192,82.25875192,1.41,40.2074,3.9283
688697,纽威数控,江苏,机床制造,科创板,20210917,20260701,14.25,4.8565,238147072.0,9123800475.0,9123800475.0,91.23800475,91.23800475,1.48,29.9881,4.7664
301270,汉仪股份,北京,软件服务,创业板,20220831,20260701,26.3,2.4143,67020816.72,2630000000.0,2485160640.0,26.3,24.8516064,1.03,184.8396,2.7173
603230,内蒙新华,内蒙,出版业,主板,20211224,20260701,8.89,1.8328,16953413.0,3142819470.0,3142819470.0,31.4281947,31.4281947,0.87,17.9797,1.1102
688167,炬光科技,陕西,元器件,科创板,20211224,20260701,332.98,-5.9936,2290639177.0,43333684220.0,43333684220.0,433.3368422,433.3368422,0.88,,19.3781
301236,软通动力,北京,软件服务,创业板,20220315,20260701,41.64,-1.9081,1594666987.34,43105282452.0,32716935252.0,431.05282452,327.16935252,0.85,209.1339,3.2292
301319,唯特偶,深圳,元器件,创业板,20220929,20260701,172.38,3.018,1909971869.8899999,31345776747.0,23599438948.0,313.45776747,235.99438948,0.89,397.8232,25.7745
301223,中荣股份,广东,广告包装,创业板,20221026,20260701,16.25,0.8065,25819166.0,3138323500.0,3138323500.0,31.383235,31.383235,1.12,20.4585,1.0371
688230,芯导科技,上海,半导体,科创板,20211201,20260701,77.83,-1.2435,279490304.0,9152808000.0,9152808000.0,91.52808,91.52808,1.3,86.2229,4.0681
688382,益方生物,上海,生物制药,科创板,20220725,20260701,20.45,13.6111,538401756.0,11852656399.999998,11852656399.999998,118.52656399999998,118.52656399999998,1.47,,7.9239
301363,美好医疗,深圳,医疗保健,创业板,20221012,20260701,20.88,13.9116,766809346.49,16619786784.0,10899992664.0,166.19786784,108.99992664,2.14,58.7104,4.3915
688281,华秦科技,陕西,航空,科创板,20220307,20260701,50.9,1.3339,232122282.0,19423384010.0,19423384010.0,194.2338401,194.2338401,0.86,63.2214,4.064
688332,中科蓝讯,深圳,半导体,科创板,20220715,20260701,154.2,-2.0952,770400234.0,27522433260.0,27522433260.0,275.2243326,275.2243326,0.78,19.4442,5.2131
301156,美农生物,上海,饲料,创业板,20220617,20260701,11.31,4.0478,50143334.68,2069957331.0000002,1325596467.0000002,20.69957331,13.255964670000003,1.32,37.7657,2.7672
301326,捷邦科技,广东,元器件,创业板,20220921,20260701,134.15,-3.7454,195868881.20000002,9754006255.0,9668847835.0,97.54006255,96.68847835,0.8,,7.8984
688302,海创药业,四川,生物制药,科创板,20220412,20260701,37.65,7.0515,105303232.0,3727937340.0,3727937340.0,37.2793734,37.2793734,1.66,,3.6062
688176,亚虹医药,江苏,化学制药,科创板,20220107,20260701,11.19,12.8024,256421704.0,6402830718.0,6402830718.0,64.02830718,64.02830718,1.75,,4.3653
301157,华塑科技,浙江,电气设备,创业板,20230309,20260701,62.15,-0.5282,57981838.620000005,3729000000.0,1283882270.0,37.29,12.8388227,0.79,128.6899,3.3537
001268,联合精密,广东,机械基件,主板,20220630,20260701,36.14,2.0327,130016874.0,3900709462.0,2437039462.0,39.00709462,24.37039462,1.21,73.7066,3.8305
301322,绿通科技,广东,摩托车,创业板,20230306,20260701,54.34,1.8557,275522229.77,7751921605.999999,5228198118.0,77.51921605999999,52.28198118,0.67,176.0197,2.7374
301413,安培龙,深圳,电器仪表,创业板,20231218,20260701,73.93,4.303,549571009.38,9457317818.0,5646388964.0,94.57317818,56.46388964,1.3,104.2184,7.4455
301209,联合化学,山东,染料涂料,创业板,20220825,20260701,54.6,-1.7102,130928135.52,8561280000.0,7314008520.0,85.6128,73.1400852,0.64,162.6301,11.0784
688234,天岳先进,山东,半导体,科创板,20220112,20260701,162.2,-6.5184,3381479898.0,78605120700.0,69699124200.0,786.051207,696.991242,0.81,,11.0505
301486,致尚科技,深圳,元器件,创业板,20230707,20260701,200.3,-3.8498,1160451755.14,25774804300.0,14512496140.0,257.748043,145.1249614,0.86,273.9576,10.0891
301365,矩阵股份,深圳,建筑工程,创业板,20221122,20260701,38.5,1.5563,453517363.08,7023508800.0,4753425600.0,70.235088,47.534256,2.61,111.6277,3.9877
301328,维峰电子,广东,元器件,创业板,20220908,20260701,80.6,13.2022,541820554.88,12843263420.0,9282226460.0,128.4326342,92.8222646,1.23,129.9541,6.4425
688267,中触媒,辽宁,化工原料,科创板,20220216,20260701,19.71,0.0508,50744384.0,4496566473.0,4496566473.0,44.96566473,44.96566473,0.72,21.9508,1.5733
688292,浩瀚深度,北京,通信设备,科创板,20220818,20260701,18.6,0.0,44750152.0,2945328600.0,2945328600.0,29.453286,29.453286,0.79,,3.0229
001298,好上好,深圳,元器件,主板,20221031,20260701,20.62,-0.6265,239110774.75,8918438680.0,8400988027.999999,89.1843868,84.00988027999999,0.97,117.0403,5.2938
001259,利仁科技,北京,家用电器,主板,20220831,20260701,66.6,-0.5525,172224852.0,4901020740.0,3166463700.0,49.0102074,31.664637,0.74,526.1516,6.7446
001283,豪鹏科技,深圳,电气设备,主板,20220905,20260701,49.88,1.7544,215300521.47,6468443388.0,5157537132.0,64.68443388,51.57537132,1.0,31.8525,1.8166
001308,康冠科技,深圳,元器件,主板,20220318,20260701,21.03,0.815,115725544.13,14807040038.999998,10246587801.0,148.07040038999997,102.46587801,0.86,29.2941,1.8353
001266,宏英智能,上海,电器仪表,主板,20220228,20260701,47.74,-2.7699,173020471.0,4948330344.0,2775968668.0,49.48330344,27.75968668,0.62,323.6447,5.0168
301281,科源制药,山东,化学制药,创业板,20230404,20260701,56.29,14.1785,341307120.96999997,6095644100.0,3993888080.0,60.956441,39.9388808,1.6,368.2504,4.3781
688522,纳睿雷达,广东,通信设备,科创板,20230301,20260701,20.58,2.7972,136224721.0,8726794650.0,3543557010.0,87.2679465,35.4355701,1.29,79.7127,3.7314
301105,鸿铭股份,广东,专用机械,创业板,20221230,20260701,44.6,3.7692,41031786.0,2230000000.0,883637500.0,22.3,8.836375,1.34,,2.7291
001336,楚环科技,浙江,专用机械,主板,20220725,20260701,22.36,1.5441,38829399.0,1797151460.0,1102868988.0,17.9715146,11.02868988,0.97,46.6323,2.1938
603097,江苏华辰,江苏,电气设备,主板,20220512,20260701,26.8,0.0373,52905146.0,4401629320.0,4300955120.0,44.0162932,43.0095512,0.94,62.533,4.0802
688223,晶科能源,江西,电气设备,科创板,20220126,20260701,4.88,2.7368,757937138.0,50114726466.0,50114726466.0,501.14726466,501.14726466,1.26,,2.011
688273,麦澜德,江苏,医疗保健,科创板,20220811,20260701,40.4,4.285,87648100.0,4040000000.0,4040000000.0,40.4,40.4,1.21,39.3648,2.9483
688047,龙芯中科,北京,半导体,科创板,20220624,20260701,152.2,-1.5969,1863241055.0,61032200000.0,61032200000.0,610.322,610.322,1.06,,25.4449
688231,隆达股份,江苏,航空,科创板,20220722,20260701,37.0,0.7351,202123871.0,11824434100.0,11824434100.0,118.244341,118.244341,0.9,159.7241,4.2124
688420,美腾科技,天津,专用机械,科创板,20221209,20260701,21.5,2.0408,23702644.0,1901245000.0,1901245000.0,19.01245,19.01245,1.11,,1.3325
688270,ST臻镭,浙江,半导体,科创板,20220127,20260701,82.96,5.8703,1152614816.0,24847731216.0,24847731216.0,248.47731216,248.47731216,1.09,186.8447,10.8278
301376,致欧科技,河南,家居用品,创业板,20230621,20260701,18.0,1.5801,68190344.77,7244442000.0,3485572199.9999995,72.44442,34.85572199999999,0.59,21.5733,2.1083
301456,盘古智能,山东,电气设备,创业板,20230714,20260701,23.37,3.4987,39455022.03,3554326941.0,1422090207.0,35.54326941,14.22090207,1.04,42.637,1.5973
603235,天新药业,江西,化学制药,主板,20220712,20260701,22.7,4.6083,12741438.0,9937606000.0,9937606000.0,99.37606,99.37606,1.18,16.7984,1.9626
603201,常润股份,江苏,汽车配件,主板,20220729,20260701,14.06,2.853,107049974.0,2671114582.0,2648267082.0,26.71114582,26.48267082,1.03,12.3823,1.4935
001314,亿道信息,深圳,元器件,主板,20230214,20260701,60.25,-2.5081,357954167.8,8593698500.0,7494455988.0,85.936985,74.94455988,1.04,131.4843,4.0702
603163,圣晖集成,江苏,建筑工程,主板,20221013,20260701,144.0,-1.7065,806883217.0,14400000000.0,14400000000.0,144.0,144.0,0.88,93.1761,12.048
301368,丰立智能,浙江,机械基件,创业板,20221215,20260701,43.43,4.3238,202402867.18,5215943000.0,5215943000.0,52.15943,52.15943,1.58,,5.5336
301316,慧博云通,浙江,软件服务,创业板,20221013,20260701,38.39,-2.514,454169020.78000003,15509560000.0,15019987686.0,155.0956,150.19987686,0.91,158.597,13.9915
301272,英华特,江苏,专用机械,创业板,20230713,20260701,33.35,1.2447,40497984.1,1951051705.0,1047743610.0,19.51051705,10.4774361,1.0,53.7731,1.9087
301378,通达海,江苏,软件服务,创业板,20230320,20260701,24.71,3.0442,61182969.96,2386986000.0,1134547295.0,23.86986,11.34547295,1.02,,2.0089
301558,三态股份,深圳,互联网,创业板,20230928,20260701,6.32,2.4311,49436637.08,4985540216.0,1387125608.0,49.85540216,13.87125608,1.23,102.497,3.6044
001333,光华股份,浙江,化工原料,主板,20221208,20260701,19.04,4.2146,40068303.0,2437120000.0,2437120000.0,24.3712,24.3712,1.05,21.0407,1.3729
301371,敷尔佳,黑龙江,日用化工,创业板,20230801,20260701,27.27,4.8846,73037039.84,14183236080.0,2121316938.0,141.8323608,21.21316938,0.92,32.7805,2.4177
920184,国源科技,北京,软件服务,北交所,20200727,20260701,12.16,7.231,57109287.68,1601805403.0,1086713080.0,16.01805403,10.8671308,1.01,73.6377,2.5394
920640,富士达,陕西,通信设备,北交所,20200727,20260701,31.99,1.8465,132810117.36,6005418720.0,5777979608.999999,60.0541872,57.77979608999999,0.9,77.2643,6.3921
920021,流金科技,北京,影视音像,北交所,20200727,20260701,7.16,3.0216,85715146.12,2212439878.0,1772491459.0,22.12439878,17.72491459,1.1,219.6758,3.4089
920489,佳先股份,安徽,化工原料,北交所,20200727,20260701,20.38,-2.3946,276338796.13,2781038496.0,1769504281.0,27.81038496,17.69504281,0.98,,5.797
920946,森萱医药,江苏,化学制药,北交所,20200727,20260701,10.12,3.6885,65165731.11,4320413601.0,4319085351.0,43.20413601,43.19085351,1.44,32.8587,3.288
920077,吉林碳谷,吉林,化纤,北交所,20210831,20260701,17.66,-0.451,149856677.85999998,10378460888.0,5357222280.0,103.78460888,53.5722228,0.65,58.1154,3.884
920174,五新智能,湖南,工程机械,北交所,20210820,20260701,30.8,1.3491,31021455.99,6680670643.0,1702515768.9999998,66.80670643,17.025157689999997,0.84,33.5785,2.5041
920445,龙竹科技,福建,家居用品,北交所,20200727,20260701,6.5,2.8481,12955859.52,963079163.0,685829079.0,9.63079163,6.85829079,1.1,39.1605,3.1164
920642,通易航天,江苏,航空,北交所,20210816,20260701,11.2,1.083,46646962.27,1161107114.0,1119517034.0,11.61107114,11.19517034,1.01,,5.0891
920839,万通液压,山东,工程机械,北交所,20201109,20260701,26.52,1.3374,22394835.849999998,3134928431.0,1729172846.0000002,31.34928431,17.29172846,0.8,24.9731,4.6176
920553,凯腾精工,北京,专用机械,北交所,20210806,20260701,6.56,4.6252,9384031.209999999,942609418.0,597214843.0,9.42609418,5.97214843,1.17,41.1595,2.6353
920768,拾比佰,广东,家用电器,北交所,20210628,20260701,6.93,3.4328,12240628.21,1076630940.0,741201615.0,10.7663094,7.41201615,1.34,19.9323,1.4926
920735,德源药业,江苏,化学制药,北交所,20210219,20260701,25.8,8.1308,125084708.15,3329427796.0,2944630213.0,33.29427796,29.44630213,1.57,14.0524,2.531
920239,长虹能源,四川,电气设备,北交所,20210209,20260701,24.04,0.7544,24909638.200000003,4377063864.0,4324314719.0,43.77063864,43.24314719,0.8,17.5426,3.8035
920670,数字人,山东,软件服务,北交所,20201208,20260701,14.08,1.295,33488184.780000005,1495048192.0,938201201.0,14.95048192,9.38201201,0.74,182.6781,6.1741
603052,可川科技,江苏,元器件,主板,20221011,20260701,76.88,-5.0747,368629444.0,14445544424.0,14445544424.0,144.45544424,144.45544424,0.84,916.6044,13.5611
688297,中无人机,四川,航空,科创板,20220629,20260701,42.48,2.2383,395308168.0,28674000000.0,28674000000.0,286.74,286.74,1.1,323.7261,5.0092
601136,首创证券,北京,证券,主板,20221222,20260701,14.8,6.0932,412092171.0,40453340240.0,40453340240.0,404.5334024,404.5334024,1.88,38.2935,2.8597
301210,金杨精密,江苏,电气设备,创业板,20230630,20260701,30.2,0.6667,139352422.25,4867004820.0,1858764700.0,48.6700482,18.587647,1.01,95.4167,2.5833
920089,禾昌聚合,江苏,塑料,北交所,20211109,20260701,10.02,2.1407,11498873.719999999,1962601368.0,1117848996.0,19.62601368,11.17848996,0.76,11.8026,1.5055
603281,江瀚新材,湖北,化工原料,主板,20230131,20260701,41.2,1.4029,446790220.0,15381331960.0,15381331960.0,153.8133196,153.8133196,0.98,36.7753,3.1402
001388,信通电子,山东,电气设备,主板,20250701,20260701,29.65,7.9359,124917440.60000001,4625400000.0,2506682160.0,46.254,25.0668216,4.2,33.7536,3.194
688035,德邦科技,山东,半导体,科创板,20220919,20260701,93.9,2.2876,838685687.0,13356336000.0,13356336000.0,133.56336,133.56336,0.94,124.1207,5.6519
920454,同心传动,河南,汽车配件,北交所,20211115,20260701,11.42,1.1515,7111863.54,1200242000.0,562212310.0,12.00242,5.6221231,1.09,44.049,3.57
920260,中寰股份,四川,专用机械,北交所,20211115,20260701,7.45,2.9006,6977451.65,771447500.0,737257282.0,7.714475,7.37257282,0.93,18.355,1.7068
920981,晶赛科技,安徽,元器件,北交所,20211115,20260701,49.5,12.3723,503305732.48,3785166000.0,1903903501.9999998,37.85166,19.039035019999996,1.38,390.8788,7.3904
688403,汇成股份,安徽,半导体,科创板,20220818,20260701,40.35,1.6373,3686770454.0,39984356370.0,39984356370.0,399.8435637,399.8435637,0.81,258.4127,9.9675
688373,盟科药业,上海,化学制药,科创板,20220805,20260701,4.93,8.83,174487921.0,3235206011.9999995,3235206011.9999995,32.35206012,32.35206012,2.19,,17.782
688041,海光信息,天津,半导体,科创板,20220812,20260701,349.9,-5.509,14802262153.0,813285901190.0,813285901190.0,8132.8590119,8132.8590119,0.88,319.5759,34.6118
301192,泰祥股份,湖北,汽车配件,创业板,20220811,20260701,19.42,2.7513,38527154.0,1966121582.0,955673736.0000001,19.66121582,9.556737360000001,1.36,36.6334,3.0119
001358,兴欣新材,浙江,化工原料,主板,20231221,20260701,27.22,5.3406,169081837.39,3353504000.0,1352738730.0,33.53504,13.5273873,2.8,69.4092,2.3025
600938,中国海油,北京,石油开采,主板,20220421,20260701,27.02,-0.4788,1313070425.0,1284259357080.0,80789800000.0,12842.5935708,807.898,0.75,10.5196,1.5342
920533,骏创科技,江苏,汽车配件,北交所,20220524,20260701,20.18,1.6625,38738748.84,2638682879.0,1475907343.9999998,26.38682879,14.759073439999998,1.07,72.5703,6.9186
920419,路斯股份,山东,饲料,北交所,20220311,20260701,9.81,2.6151,8682527.53,1013435784.0,948541398.0,10.13435784,9.48541398,0.95,16.7622,1.6197
920152,昆工科技,云南,小金属,北交所,20220901,20260701,16.52,1.2876,51921368.17,1818913124.0,1356323933.0,18.18913124,13.56323933,1.52,,10.2306
920299,灿能电力,江苏,电气设备,北交所,20220610,20260701,16.82,4.3424,40983474.6,1515638022.0,763876347.0,15.15638022,7.63876347,1.52,60.8613,5.1803
920245,威博液压,江苏,机械基件,北交所,20220106,20260701,13.48,2.9008,10018354.129999999,931106736.0,717059798.0,9.31106736,7.17059798,1.28,72.1902,2.621
920857,泓禧科技,重庆,元器件,北交所,20220228,20260701,13.99,4.0149,13499476.06,1035360056.0,1035360056.0,10.35360056,10.35360056,1.02,,3.0374
920821,则成电子,深圳,元器件,北交所,20220706,20260701,19.98,0.3516,40611260.76,2764470741.9999995,1455611372.0,27.644707419999996,14.55611372,0.94,181.3359,5.2839
920346,威贸电子,上海,元器件,北交所,20220223,20260701,15.27,0.9921,10540174.01,1231572883.0,681098774.0,12.31572883,6.81098774,1.28,25.409,2.5328
920834,三维装备,江苏,塑料,北交所,20220822,20260701,9.79,1.9792,26573155.89,1174800049.0,614777138.0,11.74800049,6.14777138,1.07,24.9437,3.7285
688506,百利天恒,四川,化学制药,科创板,20230106,20260701,319.9,8.7984,1304775205.0,132078328620.0,132078328620.0,1320.7832862,1320.7832862,1.41,,23.4027
920179,凯德石英,北京,矿物制品,北交所,20220304,20260701,100.6,2.3919,831292606.3,7541982000.0,6007678484.0,75.41982,60.07678484,1.26,312.3309,9.9633
301261,恒工精密,河北,机械基件,创业板,20230710,20260701,80.84,3.5083,250062748.4,7105043768.0,3030149972.0,71.05043768,30.30149972,1.08,79.7241,4.397
688381,帝奥微,江苏,半导体,科创板,20220823,20260701,53.19,-0.5794,782293761.0,13164525000.0,13164525000.0,131.64525,131.64525,0.67,,5.2418
688439,振华风光,贵州,元器件,科创板,20220826,20260701,47.98,3.8528,199564607.0,9596000000.0,9596000000.0,95.96,95.96,1.29,56.4335,1.9127
688031,星环科技,上海,软件服务,科创板,20221018,20260701,118.01,2.457,889215091.0,14295247559.0,14295247559.0,142.95247559,142.95247559,1.2,,17.7247
301348,蓝箭电子,广东,半导体,创业板,20230810,20260701,29.45,-6.7448,859185864.6899999,7068000000.0,4568849440.0,70.68,45.6884944,1.02,,4.8105
688409,富创精密,辽宁,半导体,科创板,20221010,20260701,295.34,-3.5624,4006066505.0,90436297672.0,90436297672.0,904.36297672,904.36297672,1.16,,20.0137
688475,萤石网络,浙江,IT设备,科创板,20221228,20260701,27.62,0.9872,170224389.0,21750750000.0,21750750000.0,217.5075,217.5075,1.13,38.3898,3.6419
301512,智信精密,深圳,专用机械,创业板,20230720,20260701,44.04,-2.1333,79948135.66,2348802936.0,1092782136.0,23.48802936,10.92782136,0.57,67.3823,2.2262
688184,ST帕瓦,浙江,电气设备,科创板,20220919,20260701,11.12,4.2174,10576440.0,1742814248.0,1091627048.0,17.42814248,10.91627048,0.71,,1.6221
301548,崇德科技,湖南,机械基件,创业板,20230920,20260701,92.16,3.8189,323841221.29999995,8017920000.0,2417817600.0,80.1792,24.178176,0.82,59.594,5.0687
920402,硅烷科技,河南,化工原料,北交所,20220928,20260701,15.34,7.7247,410039241.39,6474401428.0,4185876069.0,64.74401428,41.85876069,1.27,,4.2959
301498,乖宝宠物,山东,饲料,创业板,20230816,20260701,41.57,2.4144,189301520.29,16647654296.0,7455271882.0,166.47654296,74.55271882,1.13,24.7312,3.5084
301632,广东建科,广东,建筑工程,创业板,20250812,20260701,15.7,1.4212,52169758.98,6571392000.0,1150213400.0,65.71392,11.502134,1.34,56.545,2.3715
301577,美信科技,广东,元器件,创业板,20240124,20260701,75.53,-2.5922,121206790.0,3401078135.0,1423075836.0000002,34.01078135,14.230758360000003,0.75,,4.6221
920130,立方控股,浙江,软件服务,北交所,20231102,20260701,13.75,2.6119,17938148.47,1268344495.0,787807886.0,12.68344495,7.87807886,1.05,,2.7179
688271,联影医疗,上海,医疗保健,科创板,20220822,20260701,103.88,2.6178,984623431.0,85613533040.0,85613533040.0,856.1353304,856.1353304,1.24,45.7998,3.8983
920267,鑫汇科,深圳,元器件,北交所,20220527,20260701,14.46,4.1787,16444149.010000002,722753327.0,429130114.00000006,7.22753327,4.291301140000001,1.77,,2.9969
688275,万润新能,湖北,电气设备,科创板,20220929,20260701,127.23,-0.2509,554300419.0,16046056754.999998,16046056754.999998,160.46056754999998,160.46056754999998,1.02,,2.9103
688549,中巨芯,浙江,元器件,科创板,20230908,20260701,40.6,10.2961,4608420137.0,59977405599.99999,23926351400.0,599.774056,239.263514,1.11,,19.9222
001289,龙源电力,北京,新型电力,主板,20220124,20260701,15.8,1.0877,193386797.2,132085095960.00002,79662560360.0,1320.8509596000001,796.6256036,0.92,29.1822,1.7222
301529,福赛科技,安徽,汽车配件,创业板,20230911,20260701,109.16,13.2835,604371141.0799999,12927142008.0,6938940972.0,129.27142008,69.38940972,1.99,97.3687,9.1798
688141,杰华特,浙江,半导体,科创板,20221223,20260701,148.54,-3.2313,1838590149.0,66890770464.0,66890770464.0,668.90770464,668.90770464,0.89,,53.5894
301580,爱迪特,河北,医疗保健,创业板,20240626,20260701,61.74,-4.0261,740858754.06,9211009122.0,6223484610.0,92.11009122,62.2348461,0.72,46.9423,4.2463
301535,浙江华远,浙江,汽车配件,创业板,20250327,20260701,13.66,1.7884,54852723.980000004,5809517406.0,2319414726.0,58.09517406,23.19414726,1.03,58.0185,4.9896
301598,博科测试,北京,专用机械,创业板,20241220,20260701,50.24,1.454,33545638.0,2958995328.0,881596448.0,29.58995328,8.81596448,1.15,24.5315,2.9399
603276,恒兴新材,江苏,化工原料,主板,20230925,20260701,15.48,1.1104,53234849.0,3214414260.0,1170942804.0,32.1441426,11.70942804,0.86,53.5479,1.7885
920866,绿亨科技,广东,农药化肥,北交所,20221209,20260701,5.73,3.2432,11818286.92,1032579807.0,653863473.0,10.32579807,6.53863473,1.82,32.2071,1.3252
920207,众诚科技,河南,软件服务,北交所,20220923,20260701,21.29,2.1103,41142972.309999995,1962831550.0,1198935024.0,19.6283155,11.98935024,1.13,2499.5041,6.9891
001282,三联锻造,安徽,汽车配件,主板,20230524,20260701,19.7,-3.3366,142767844.16,4377056320.0,3008725839.9999995,43.7705632,30.087258399999996,1.01,39.8767,2.6479
301608,博实结,深圳,通信设备,创业板,20240801,20260701,52.38,4.2181,117126701.19000001,6945331338.0,3116945232.0,69.45331338,31.16945232,1.27,29.5895,3.1225
920753,天纺标,天津,纺织,北交所,20221031,20260701,16.43,6.827,28088546.13,1337473766.0,532028456.0,13.37473766,5.32028456,1.07,40.8552,3.2626
920058,华洋赛车,浙江,摩托车,北交所,20230810,20260701,19.18,3.1737,7423081.46,1075156190.0,529260362.0,10.7515619,5.29260362,0.71,20.8087,3.0161
301538,骏鼎达,深圳,塑料,创业板,20240320,20260701,50.98,1.211,148675693.32,5595564800.0,2228208350.0,55.955648,22.2820835,0.8,28.6809,3.8041
301552,科力装备,河北,汽车配件,创业板,20240722,20260701,22.91,2.5974,22923543.68,2835341599.9999995,708835399.9999999,28.353415999999996,7.088353999999999,0.93,18.2652,2.3454
301629,矽电股份,深圳,半导体,创业板,20250324,20260701,439.0,1.9981,1181822258.75,18318284700.0,8427087900.0,183.182847,84.270879,1.0,346.7545,15.4897
001328,登康口腔,重庆,日用化工,主板,20230410,20260701,26.86,3.6665,43813331.0,4624588268.0,4343715934.0,46.24588268,43.43715934,0.79,25.5392,2.9393
603119,浙江荣泰,浙江,汽车配件,主板,20230801,20260701,68.54,3.3162,1345657527.0,32409824400.0,18165738790.0,324.098244,181.6573879,1.38,116.4229,15.3669
920982,锦波生物,山西,医疗保健,北交所,20230720,20260701,128.3,1.8335,164571523.78,14762883122.0,7116173100.000001,147.62883122,71.161731,1.15,22.638,7.252
920556,雅达股份,广东,电器仪表,北交所,20230317,20260701,6.95,2.8107,14732902.54,1121140640.0,813525396.9999999,11.2114064,8.135253969999999,1.15,48.1129,2.1237
301596,瑞迪智驱,四川,机械基件,创业板,20240513,20260701,51.78,2.7381,110355433.52000001,5593871070.0,2270206074.0,55.9387107,22.70206074,0.94,53.3079,6.251
920247,华密新材,河北,橡胶,北交所,20221223,20260701,15.28,1.0582,35959905.28,2888729825.0,2095551381.0,28.88729825,20.95551381,1.08,66.4658,5.8771
920685,新芝生物,浙江,电器仪表,北交所,20221010,20260701,10.49,2.3415,7389562.7,960002221.0,611713587.0,9.60002221,6.11713587,1.28,27.2691,1.698
301626,苏州天脉,江苏,元器件,创业板,20241024,20260701,343.5,-10.5376,1589921791.72,39736080000.0,18074626500.0,397.3608,180.746265,1.56,256.8635,24.5965
688708,佳驰科技,四川,化工原料,科创板,20241205,20260701,52.53,3.4055,143870733.0,21037093581.0,7498342320.0,210.37093581,74.9834232,1.37,47.7709,5.9538
301575,艾芬达,江西,家居用品,创业板,20250910,20260701,27.69,3.2824,20614495.07,3359851989.0,674860680.0,33.59851989,6.7486068,1.09,29.1695,2.3648
301628,强达电路,深圳,元器件,创业板,20241031,20260701,105.37,-0.0759,217884271.43,7942348046.0,2937273045.9999995,79.42348046,29.372730459999996,0.78,65.7003,6.6469
920087,秋乐种业,河南,种植业,北交所,20221207,20260701,10.43,7.1942,66820432.10000001,1723036000.0,1711001084.0,17.23036,17.11001084,1.84,137.6042,3.1867
920252,天宏锂电,浙江,电气设备,北交所,20230119,20260701,18.4,3.0235,44923403.400000006,1888772236.0,1255454798.0,18.88772236,12.55454798,0.99,207.9363,7.1133
688612,威迈斯,深圳,汽车配件,科创板,20230726,20260701,30.86,4.292,205423465.0,12936002810.0,7793773236.0,129.3600281,77.93773236,1.29,23.1697,3.4477
603275,众辰科技,上海,电器仪表,主板,20230823,20260701,39.89,4.7807,75321612.0,5934511091.0,1656871040.0,59.34511091,16.5687104,1.33,33.0709,1.9667
603205,健尔康,江苏,医疗保健,主板,20241107,20260701,20.93,2.2972,17285096.0,3265080000.0,865246200.0,32.6508,8.652462,1.04,29.3,2.1443
920906,舜宇精工,浙江,汽车配件,北交所,20230222,20260701,17.31,0.5811,11974126.55,1124630700.0,577387565.0,11.246307,5.77387565,0.95,38.398,1.9556
920195,三祥科技,山东,汽车配件,北交所,20221230,20260701,12.16,2.1849,6758572.87,1192044800.0,860429258.0,11.920448,8.60429258,0.94,10.6608,1.4183
920392,佳合科技,江苏,广告包装,北交所,20221230,20260701,14.35,2.0626,5325838.2700000005,1100284815.0,517172565.00000006,11.00284815,5.171725650000001,0.49,53.5318,3.2212
920810,春光智能,辽宁,专用机械,北交所,20221216,20260701,8.08,4.1237,8803590.82,774872000.0,504252964.0,7.74872,5.04252964,1.18,625.1729,3.3957
920493,并行科技,北京,软件服务,北交所,20231101,20260701,111.8,1.0302,232479741.35,6773062569.0,4990409333.0,67.73062569,49.90409333,1.1,554.3527,14.5793
920634,新威凌,湖南,铅锌,北交所,20221124,20260701,16.6,3.75,30781495.12,1060885516.0000001,672760235.0,10.608855160000001,6.72760235,1.07,59.8148,3.6217
920748,路桥信息,福建,软件服务,北交所,20230816,20260701,25.1,7.9106,55545526.3,1926174000.0,924584453.0000001,19.26174,9.245844530000001,1.48,,9.3031
688593,新相微,上海,半导体,科创板,20230601,20260701,38.8,-0.3083,1214322835.0,17829740720.0,17829740720.0,178.2974072,178.2974072,0.92,1961.9953,11.4705
920526,凯华材料,天津,化工原料,北交所,20221222,20260701,26.7,2.8902,94839826.36,2208090000.0,1398211876.0,22.0809,13.98211876,0.89,153.2482,9.4568
920663,明阳科技,江苏,汽车配件,北交所,20230315,20260701,12.81,1.586,8465611.17,1710807653.0,820820221.0,17.10807653,8.20820221,0.81,20.041,3.9527
920541,铁大科技,上海,运输设备,北交所,20230310,20260701,9.33,2.0788,14037277.55,1275411000.0,840247522.0,12.75411,8.40247522,1.34,18.0616,2.622
688515,裕太微,江苏,半导体,科创板,20230210,20260701,234.72,-5.644,1182577672.0,18777600000.0,11693609568.0,187.776,116.93609568,0.99,,12.8013
688692,达梦数据,湖北,软件服务,科创板,20240612,20260701,246.06,0.7245,457017514.0,27863834400.0,18248966082.0,278.638344,182.48966082,0.84,53.9349,7.1702
688629,华丰科技,四川,元器件,科创板,20230627,20260701,180.55,-3.7118,3958578734.0,84543422195.0,83232250040.0,845.43422195,832.3225004,0.8,235.7784,43.8688
301446,福事特,江西,机械基件,创业板,20230725,20260701,36.77,0.1907,34582834.0,3824080000.0,1142443900.0,38.2408,11.424439,0.71,50.0856,3.1516
920249,利尔达,浙江,元器件,北交所,20230217,20260701,11.03,6.3645,230966131.51999998,4650578900.0,1375105423.0,46.505789,13.75105423,0.95,109.8712,6.0015
920357,雅葆轩,安徽,元器件,北交所,20221118,20260701,19.4,2.7542,86455445.38000001,2019617600.0,1221344072.0,20.196176,12.21344072,0.92,30.6788,4.7628
688539,高华科技,江苏,电器仪表,科创板,20230418,20260701,32.99,3.4818,116731727.0,6133500800.0,6133500800.0,61.335008,61.335008,1.12,102.3771,3.495
688469,芯联集成,浙江,半导体,科创板,20230510,20260701,10.39,-2.0735,4276468997.9999995,87096120008.0,60987222000.0,870.96120008,609.87222,1.14,,6.7156
603194,中力股份,浙江,工程机械,主板,20241224,20260701,34.92,-4.4858,213168540.0,14002920000.0,5518299348.0,140.0292,55.18299348,1.62,16.3089,2.5372
603270,金帝股份,山东,机械基件,主板,20230901,20260701,33.0,-1.5219,395016113.0,7230521100.0,2333651100.0,72.305211,23.336511,1.31,49.1266,3.1472
603344,星德胜,江苏,电气设备,主板,20240320,20260701,24.18,-0.1652,68052927.0,4703759580.0,1306469580.0,47.0375958,13.0646958,0.84,27.0999,2.168
001239,永达股份,湖南,工程机械,主板,20231212,20260701,13.38,1.2103,24888104.0,3211200000.0,1525320000.0,32.112,15.2532,0.83,67.5562,2.3661
001379,腾达科技,山东,机械基件,主板,20240119,20260701,16.0,1.9108,31600367.0,3200000000.0,1076763200.0,32.0,10.767632,0.92,44.5311,2.1203
603271,永杰新材,浙江,铝,主板,20250311,20260701,44.86,0.9224,169964436.0,8888336100.0,4242679360.0,88.883361,42.4267936,0.8,21.4037,2.9208
603296,华勤技术,上海,元器件,主板,20230808,20260701,72.04,-3.0026,1283918137.0,109227156060.0,57530863044.0,1092.2715606,575.30863044,0.73,26.9411,4.0799
920001,纬达光电,广东,元器件,北交所,20221227,20260701,14.92,2.1918,70214279.88,2292550564.0,1323270018.0,22.92550564,13.23270018,1.02,,3.233
920694,中裕科技,江苏,塑料,北交所,20230424,20260701,13.73,3.0781,11061617.93,1813574775.0,857993755.0,18.13574775,8.57993755,1.13,20.176,1.9708
688603,天承科技,上海,化工原料,科创板,20230710,20260701,196.65,-5.434,1660144228.0,24527072925.0,9325457640.0,245.27072925,93.2545764,0.86,282.964,20.0557
301458,钧崴电子,广东,元器件,创业板,20250110,20260701,58.05,-0.7013,952428009.63,15480001935.0,6819830100.0,154.80001935,68.198301,0.86,117.9972,9.1015
920953,国子软件,山东,软件服务,北交所,20230823,20260701,23.1,3.8202,37438601.32,2959479368.9999995,1383360894.0,29.594793689999996,13.83360894,1.16,44.1404,4.9094
301585,蓝宇股份,浙江,染料涂料,创业板,20241220,20260701,25.94,2.8957,48061771.43,2697760000.0,1766744866.0,26.9776,17.66744866,0.82,38.1166,2.6863
601033,永兴股份,广东,环境保护,主板,20240118,20260701,13.61,1.5672,48969173.0,12249000000.0,3266400000.0,122.49,32.664,1.44,14.234,1.1079
001335,信凯科技,浙江,化工原料,主板,20250415,20260701,45.24,-4.7378,198971025.73,4240774980.0,1155610560.0,42.4077498,11.5561056,2.39,54.494,4.2754
688347,华虹宏力,上海,半导体,科创板,20230807,20260701,315.61,-6.1522,8463271585.999999,548428742946.0,128689977500.0,5484.28742946,1286.899775,1.1,1456.2191,12.1205
920469,富恒新材,深圳,塑料,北交所,20230918,20260701,5.86,5.0179,22348228.8,825943560.0,606206229.0,8.2594356,6.06206229,1.29,,2.8685
920651,天罡股份,山东,电器仪表,北交所,20230627,20260701,18.95,2.4878,7663468.74,1155950000.0,785806718.0,11.5595,7.85806718,1.02,15.0489,2.0961
688765,禾元生物,湖北,生物制药,科创板,20251028,20260701,53.34,4.5882,252781261.0,19069050000.0,2468575200.0,190.6905,24.685752,1.66,,6.6475
920496,许昌智能,河南,电气设备,北交所,20240126,20260701,6.33,3.4314,22891008.09,1048089750.0,917840075.0000001,10.4808975,9.178400750000002,2.04,95.3348,1.8614
603409,汇通控股,安徽,汽车配件,主板,20250304,20260701,18.63,1.5259,44494345.0,3498302277.0,1003747140.0000001,34.98302277,10.037471400000001,0.7,23.7355,2.2541
603262,技源集团,江苏,食品,主板,20250723,20260701,25.47,3.4525,106793775.0,10188254700.0,1019003760.0,101.882547,10.1900376,0.78,76.2077,6.488
603370,华新精科,江苏,电气设备,主板,20250905,20260701,36.49,1.4175,23484651.0,6383925500.0,1276785100.0,63.839255,12.767851,0.63,38.6035,3.2427
001382,新亚电缆,广东,电气设备,主板,20250321,20260701,15.78,0.8951,51378452.559999995,6501360000.0,994140000.0,65.0136,9.9414,0.88,64.7624,3.9639
920522,纳科诺尔,河北,专用机械,北交所,20231116,20260701,23.01,-2.9114,152648076.29,5049567694.0,4188377302.0,50.49567694,41.88377302,0.99,76.6027,4.6397
688545,兴福电子,湖北,元器件,科创板,20250122,20260701,140.9,5.8921,3108457296.0,50724000000.0,25679025000.0,507.24,256.79025,0.93,245.2596,16.8068
920061,西磁科技,浙江,专用机械,北交所,20231221,20260701,20.43,0.2453,21962306.59,1446239700.0,804214692.0000001,14.462397,8.04214692,0.78,326.058,5.1574
603248,锡华科技,江苏,机械基件,主板,20251223,20260701,21.14,0.2371,98179104.0,9724400000.0,1511615700.0,97.244,15.116157,0.99,48.3011,4.1628
688605,先锋精科,江苏,半导体,科创板,20241212,20260701,103.53,-0.4711,1309109024.0,20952380694.0,11217651501.0,209.52380694,112.17651501,1.28,110.9203,12.5475
688583,思看科技,浙江,电器仪表,科创板,20250115,20260701,84.17,-1.8655,179886938.0,10416879200.0,3629814416.0,104.168792,36.29814416,0.73,108.6284,8.7503
688726,拉普拉斯,深圳,专用机械,科创板,20241029,20260701,51.38,-2.7815,541987018.0,20825660156.0,11299720810.0,208.25660156,112.9972081,0.9,33.4353,4.947
301633,港迪技术,湖北,专用机械,创业板,20241107,20260701,49.94,6.6866,66694382.22,2780659200.0,1273999364.0,27.806592,12.73999364,1.78,38.5271,2.9887
920026,卓兆点胶,江苏,机械基件,北交所,20231019,20260701,20.99,-1.1305,28548871.459999997,2411921943.0,1818198656.0,24.11921943,18.18198656,0.89,46.6452,3.773
301609,山大电力,山东,电气设备,创业板,20250723,20260701,33.62,1.2346,60941325.0,5476025600.000001,1232105760.0,54.76025600000001,12.3210576,0.9,39.7837,4.2244
301449,天溯计量,深圳,电器仪表,创业板,20251223,20260701,38.94,0.6202,44065488.8,3555393336.0,799963890.0,35.55393336,7.9996389,0.99,34.4689,3.086
301687,新广益,江苏,化工原料,创业板,20251231,20260701,80.93,4.0499,579754851.38,11885703520.0,2521196104.0,118.8570352,25.21196104,1.06,96.4058,7.75
920806,云星宇,北京,软件服务,北交所,20240111,20260701,9.97,1.5275,22203904.21,2998344570.0,2998344570.0,29.9834457,29.9834457,1.09,39.271,1.9183
301667,纳百川,浙江,汽车配件,创业板,20251223,20260701,71.61,-0.9817,139328381.44,7996660056.0,1699290978.0,79.96660056,16.99290978,0.86,82.7386,6.2014
920088,科力股份,新疆,石油开采,北交所,20241029,20260701,33.79,3.0183,92886459.2,2975935985.0,1100412912.0,29.75935985,11.00412912,0.92,52.6054,4.2466
920003,中诚咨询,江苏,建筑工程,北交所,20251107,20260701,26.36,1.6583,10863020.73,1705868579.0,366524887.0,17.05868579,3.66524887,1.37,16.8077,2.6049
920106,林泰新材,江苏,汽车配件,北交所,20241218,20260701,37.73,0.8824,19279866.36,2135272755.0,1647362657.0,21.35272755,16.47362657,0.86,15.1227,3.524
920112,巴兰仕,上海,专用机械,北交所,20250828,20260701,16.14,0.875,8994254.97,1917270600.0,562475046.0,19.172706,5.62475046,0.68,13.1052,2.0718
920020,泰凯英,山东,汽车配件,北交所,20251028,20260701,16.03,1.5199,26940631.73,3605868350.0,891282443.0,36.0586835,8.91282443,1.26,20.7293,3.0157
920045,蘅东光,深圳,通信设备,北交所,20251231,20260701,593.0,-5.8894,510523419.34999996,40366427964.0,11935628255.0,403.66427964,119.35628255,0.72,132.473,34.9033
301656,联合动力,江苏,汽车配件,创业板,20250925,20260701,17.67,2.5537,160601838.22,42492655203.0,3598124430.0000005,424.92655203,35.98124430000001,1.2,37.4926,4.4049
301638,南网数字,广东,软件服务,创业板,20251118,20260701,23.79,-1.0811,341784991.99,75643878258.0,5953066860.0,756.43878258,59.5306686,1.12,120.1078,6.7412
688795,摩尔线程,北京,半导体,科创板,20251205,20260701,673.8,-5.9582,2612009994.0,316705001160.0,20365941900.0,3167.0500116,203.659419,1.18,,27.4929
920050,爱伦医疗,江苏,医疗保健,北交所,20260121,20260701,27.18,2.7211,6602995.050000001,1839524298.0000002,492030054.0,18.395242980000003,4.92030054,0.92,19.5514,1.6942
920086,科马材料,浙江,汽车配件,北交所,20260116,20260701,23.7,1.023,20897239.25,1983216000.0,633844650.0,19.83216,6.3384465,0.43,22.1056,2.2566
688785,恒运昌,深圳,半导体,科创板,20260128,20260701,432.0,-10.7493,743422389.0,29247134400.0,5498366400.0,292.471344,54.983664,1.49,256.9136,13.1033
601112,振石股份,浙江,玻璃,主板,20260129,20260701,17.75,-2.633,178412412.0,30891503600.0,3146185725.0,308.915036,31.46185725,0.91,42.0894,4.7003
688712,北芯生命,深圳,医疗保健,科创板,20260205,20260701,38.9,4.3455,131726125.99999999,16221300000.0,1443761830.0,162.213,14.4376183,1.25,202.727,9.1916
688818,电科蓝天,天津,航空,科创板,20260210,20260701,73.18,-1.3082,1321635588.0,127108091002.0,9660952834.0,1271.08091002,96.60952834,0.95,388.644,23.2774
688816,易思维,浙江,专用机械,科创板,20260211,20260701,59.13,0.3735,34483500.0,5913000000.0,1140274746.0,59.13,11.40274746,0.61,75.3641,3.25
301682,宏明电子,四川,元器件,创业板,20260325,20260701,173.5,-1.4708,665864952.47,21088803550.0,4456659800.0,210.8880355,44.566598,0.8,66.1668,4.2151
688781,视涯科技-UW,安徽,元器件,科创板,20260325,20260701,54.7,7.1918,285770792.0,54700000000.0,2233679970.0,547.0,22.3367997,1.48,,13.4858
603459,红板科技,江西,元器件,主板,20260408,20260701,104.69,-6.7017,3590030707.0,78910464384.0,8275943411.0,789.10464384,82.75943411,1.51,146.1715,32.3289
001367,海森药业,浙江,化学制药,主板,20230410,20260701,18.89,2.4959,34687502.75,2877914168.0,2297722930.0,28.77914168,22.9772293,1.04,21.1799,1.8861
688361,中科飞测,深圳,半导体,科创板,20230519,20260701,422.0,-1.8605,5939572286.0,147768870400.0,147768870400.0,1477.688704,1477.688704,1.37,2519.3937,29.1316
688143,长盈通,湖北,通信设备,科创板,20221212,20260701,162.11,-7.8292,1489582869.0,20876655488.0,19838113984.0,208.76655488,198.38113984,0.95,872.4497,15.4034
920870,恒进感应,湖北,机床制造,北交所,20220705,20260701,12.56,6.2606,51420457.72,1683040000.0,828996424.0,16.8304,8.28996424,3.55,102.2677,3.6714
301589,诺瓦星云,陕西,IT设备,创业板,20240208,20260701,147.16,-1.2216,134162595.7,13604647680.0,5071869400.0,136.0464768,50.718694,1.0,23.1433,3.553
688702,盛科通信,江苏,半导体,科创板,20230914,20260701,380.52,-2.4283,3563446724.0,156013200000.0,77242439736.0,1560.132,772.42439736,0.89,,69.9033
603125,常青科技,江苏,化工原料,主板,20230410,20260701,31.61,-3.4514,535806848.0,12796878603.999998,12796878603.999998,127.96878603999998,127.96878603999998,1.64,80.9245,5.059
301487,盟固利,天津,化工原料,创业板,20230809,20260701,19.76,3.1854,399651336.65999997,9082020064.0,5390409440.0,90.82020064,53.9040944,1.23,333.9705,4.7041
688137,近岸蛋白,江苏,生物制药,科创板,20220929,20260701,37.5,4.1667,51595800.0,2621906250.0,2621906250.0,26.2190625,26.2190625,1.21,,1.2973
688435,英方软件,上海,软件服务,科创板,20230119,20260701,31.68,-1.0,68572883.0,2645283167.9999995,1775606976.0000002,26.452831679999996,17.756069760000003,0.75,,2.4422
688392,骄成超声,上海,专用机械,科创板,20220927,20260701,231.0,1.6815,1317778981.0,26734415400.0,26734415400.0,267.344154,267.344154,0.84,227.4357,14.4002
920790,联迪信息,江苏,软件服务,北交所,20220902,20260701,28.72,14.2857,280673801.12,2267932814.0,1561074394.0,22.67932814,15.61074394,1.24,300.7547,7.313
920395,朗鸿科技,浙江,IT设备,北交所,20220901,20260701,7.33,2.5175,5824888.86,1118453210.0,767770324.0,11.1845321,7.67770324,0.78,27.2572,4.4709
688084,晶品特装,北京,专用机械,科创板,20221208,20260701,52.11,3.6396,87680217.0,3942595701.0,3942595701.0,39.42595701,39.42595701,1.15,,2.5711
301550,斯菱智驱,浙江,汽车配件,创业板,20230915,20260701,96.1,5.1077,1253066404.3,32227010070.000004,19724438510.0,322.27010070000006,197.2443851,1.86,186.7132,17.252
301507,民生健康,浙江,化学制药,创业板,20230905,20260701,12.37,2.8263,55585612.0,4410577928.0,1361589402.9999998,44.10577928,13.615894029999998,1.18,37.1287,2.6813
688498,源杰科技,陕西,半导体,科创板,20221221,20260701,1761.0,-6.6278,7765834198.0,219245028299.99997,216412988100.0,2192.4502829999997,2164.129881,0.89,1148.3365,86.839
920985,海泰新能,河北,电气设备,北交所,20220808,20260701,4.98,4.6218,23185194.45,1541191476.0,1092202938.0,15.41191476,10.92202938,1.66,,2.447
920725,惠丰钻石,河南,矿物制品,北交所,20220718,20260701,96.88,-7.2208,783735935.7,8842722000.0,4280224763.0,88.42722,42.80224763,0.83,,14.7103
001306,夏厦精密,浙江,机械基件,主板,20231116,20260701,56.9,4.2697,52385260.46,3576199140.0,881938619.9999999,35.7619914,8.819386199999999,1.16,,2.7849
920575,*ST康乐,北京,生物制药,北交所,20230315,20260701,3.92,6.812,30017109.33,1101284800.0,736327626.0,11.012848,7.36327626,1.59,,
920270,天铭科技,浙江,汽车配件,北交所,20220902,20260701,12.8,2.0734,12566393.4,1339084800.0,1040410458.0000001,13.390848,10.404104580000002,0.46,37.1259,3.2264
920122,中纺标,北京,综合类,北交所,20220927,20260701,25.17,11.1258,83062569.52999999,2321733858.0,940732222.9999999,23.21733858,9.407322229999998,1.37,107.7965,6.8222
603172,万丰股份,浙江,染料涂料,主板,20230510,20260701,16.75,1.9477,45914747.0,2234115000.0,2234115000.0,22.34115,22.34115,1.26,46.2944,2.0088
920230,欧康医药,四川,生物制药,北交所,20221209,20260701,10.53,7.1211,29766607.74,1057997570.0,497518785.99999994,10.5799757,4.975187859999999,1.2,92.0532,2.5084
688478,晶升股份,江苏,半导体,科创板,20230424,20260701,82.98,-6.2902,917790009.0,11481618978.0,11481618978.0,114.81618978,114.81618978,1.01,,7.6602
920261,一诺威,山东,化工原料,北交所,20230403,20260701,13.27,0.9125,14518791.370000001,3863331566.0,2121733665.0,38.63331566,21.21733665,0.82,20.6946,2.3282
300784,利安科技,浙江,塑料,创业板,20240607,20260701,42.23,-0.3304,46021730.669999994,2374913848.0,710097450.0,23.74913848,7.1009745,1.11,44.2371,2.9128
920110,雷特科技,广东,电气设备,北交所,20221206,20260701,25.4,3.252,3652772.34,990600000.0,412470600.0,9.906,4.124706,0.84,21.9059,2.637
001360,南矿集团,江西,工程机械,主板,20230410,20260701,17.8,0.6218,74439671.36,3631200000.0,2233622320.0,36.312,22.3362232,0.89,72.6654,2.5377
301501,恒鑫生活,安徽,造纸,创业板,20250319,20260701,26.92,3.4589,41955008.6,3981468000.0,1171020000.0,39.81468,11.7102,0.93,17.787,1.8772
920608,丰安股份,浙江,机械基件,北交所,20221216,20260701,12.37,1.3104,7483016.25,769908800.0,596467645.0,7.699088,5.96467645,1.2,22.943,1.5699
001326,联域股份,深圳,电气设备,主板,20231109,20260701,59.15,-0.2361,84872063.0,4329780000.0,1420623295.0,43.2978,14.20623295,1.16,170.8793,3.5029
603004,鼎龙科技,浙江,化工原料,主板,20231227,20260701,24.62,2.2001,211724970.0,5798502400.0,1449625600.0,57.985024,14.496256,1.1,38.8702,2.7903
920971,天马新材,河南,化工原料,北交所,20220927,20260701,37.57,-3.1202,315487034.89,3906077835.0,3219854270.9999995,39.06077835,32.19854271,0.93,102.3493,8.2684
920023,*ST田野,广西,食品,北交所,20230202,20260701,1.8,12.5,34864675.78,589147200.0,483855354.0,5.891472,4.83855354,2.91,47.4099,0.4883
301607,富特科技,浙江,汽车配件,创业板,20240904,20260701,51.59,-1.2632,942441219.13,12078704792.0,7830913167.0,120.78704792,78.30913167,1.07,56.1795,9.2047
688443,智翔金泰,重庆,生物制药,科创板,20230620,20260701,24.28,4.4301,180855348.0,8902990400.0,3481509200.0,89.029904,34.815092,1.26,,6.2026
301631,壹连科技,深圳,元器件,创业板,20241122,20260701,76.6,6.5962,371965388.90999997,9803298640.0,3339331040.0,98.0329864,33.3933104,1.79,33.4053,3.6767
688531,日联科技,江苏,专用机械,科创板,20230331,20260701,171.11,-3.7843,1532717168.0,28334772229.0,19639800468.0,283.34772229,196.39800468,1.22,160.9549,8.2895
301603,乔锋智能,广东,机床制造,创业板,20240710,20260701,138.86,-3.4353,422247868.35,16768733600.000002,5239534950.0,167.68733600000002,52.3953495,0.81,47.744,6.7037
920422,润普食品,江苏,食品,北交所,20230301,20260701,8.87,5.3444,9341510.43,784841638.0,587395438.0,7.84841638,5.87395438,1.16,42.7482,1.7986
920139,华岭股份,上海,半导体,北交所,20221028,20260701,18.3,1.2168,146303448.26,4931985274.0,4764053439.0,49.31985274,47.64053439,0.79,,4.7833
920942,恒立钻具,湖北,机械基件,北交所,20221208,20260701,18.2,2.6509,17079426.68,1113195720.0,753753255.0000001,11.1319572,7.537532550000001,1.15,55.8829,2.207
920802,保丽洁,江苏,环境保护,北交所,20230206,20260701,10.21,3.8657,7110492.7299999995,837304641.0,369782125.0,8.37304641,3.69782125,1.4,33.7408,1.8781
688543,国科军工,江西,专用机械,科创板,20230621,20260701,39.96,1.2928,195296541.0,10014391584.0,10014391584.0,100.14391584,100.14391584,1.03,40.611,4.0933
688646,ST逸飞,湖北,专用机械,科创板,20230728,20260701,74.92,1.0248,77364355.0,7054661992.0,4344236200.0,70.54661992,43.442362,0.92,,4.9881
920957,汉维科技,广东,化工原料,北交所,20221214,20260701,8.69,3.5757,6677336.32,932448592.0000001,371104138.0,9.32448592,3.71104138,0.99,190.2904,2.3508
603075,热威股份,浙江,家用电器,主板,20230911,20260701,22.38,0.0894,42429836.0,9007571778.0,923065338.0,90.07571778,9.23065338,0.97,27.8772,4.023
603350,安乃达,上海,电气设备,主板,20240703,20260701,31.7,0.4754,36676011.0,3692859800.0,1398746650.0,36.928598,13.9874665,0.78,32.1017,2.7048
920199,倍益康,四川,家用电器,北交所,20221201,20260701,24.56,8.1938,65520659.92,1672764408.0,931481103.0,16.72764408,9.31481103,0.92,421.1308,3.1764
920950,迅安科技,江苏,元器件,北交所,20230111,20260701,12.34,3.5235,5198402.63,904768800.0,440786034.0,9.047688,4.40786034,1.19,21.365,2.7491
920478,峆一药业,安徽,化学制药,北交所,20230223,20260701,10.45,15.9822,106038968.33,1151508281.0,691122161.0,11.51508281,6.91122161,2.16,22.9544,2.2175
920014,特瑞斯,江苏,专用机械,北交所,20221213,20260701,8.39,5.6675,17906952.19,1022378074.0,562526830.0,10.22378074,5.6252683,1.52,117.5925,1.2999
920351,华光源海,湖南,仓储物流,北交所,20221229,20260701,11.89,6.1607,20247723.95,1046741370.0,473701642.99999994,10.4674137,4.73701643,1.32,56.7606,2.3563
301618,长联科技,广东,染料涂料,创业板,20240930,20260701,48.27,5.0033,240178496.81,6096607193.999999,2324268078.0,60.96607193999999,23.24268078,1.06,149.9956,6.4308
301592,六九一二,四川,软件服务,创业板,20241024,20260701,145.56,9.9811,588558423.74,10189200000.0,3400048704.0,101.892,34.00048704,1.31,191.3665,10.8514
920033,康普化学,重庆,化工原料,北交所,20221221,20260701,15.05,0.939,12099836.020000001,1792985513.0,1246625438.0,17.92985513,12.46625438,0.89,81.1502,2.3247
688573,信宇人,深圳,专用机械,科创板,20230817,20260701,17.93,1.1851,47216852.0,1752736392.0,954166465.9999999,17.52736392,9.541664659999999,0.93,,5.0681
920770,艾能聚,浙江,电气设备,北交所,20230228,20260701,10.94,3.1103,41909535.74,1423645995.0,895918172.0,14.23645995,8.95918172,1.12,31.4994,2.2885
688507,索辰科技,上海,软件服务,科创板,20230418,20260701,273.7,1.4907,2265842925.0,24389078560.0,13475811090.0,243.8907856,134.7581109,0.94,774.202,8.8163
688695,中创股份,山东,软件服务,科创板,20240313,20260701,18.96,1.3904,25661671.0,1612574543.9999998,1012378680.0,16.12574544,10.1237868,0.94,,2.1179
920227,美登科技,浙江,软件服务,北交所,20221228,20260701,48.99,1.0311,23559074.169999998,1907744085.0,868015451.0,19.07744085,8.68015451,0.8,44.0355,4.4539
920792,东和新材,辽宁,其他建材,北交所,20230330,20260701,9.78,0.5139,12445605.149999999,1618981200.0,993905586.0,16.189812,9.93905586,1.1,21.3785,1.517
301509,金凯生科,辽宁,化学制药,创业板,20230803,20260701,30.98,1.8744,199059745.52999997,3731435667.9999995,1757833082.0,37.314356679999996,17.57833082,1.47,35.6028,1.6789
688448,磁谷科技,江苏,专用机械,科创板,20220921,20260701,58.42,-8.0868,331584349.0,5697054138.0,5697054138.0,56.97054138,56.97054138,1.3,572.4316,5.6442
603135,中重科技,天津,专用机械,主板,20230410,20260701,12.48,3.1405,175232114.0,7915528608.0,7856635488.0,79.15528608,78.56635488,0.72,,2.6792
301392,汇成真空,广东,专用机械,创业板,20240605,20260701,284.8,-1.3304,1885167011.83,28480000000.0,11618672320.0,284.8,116.1867232,0.83,1279.8141,37.6095
301563,云汉芯城,上海,元器件,创业板,20250930,20260701,167.2,-4.1229,441045184.75,14153630480.0,3199489040.0,141.5363048,31.9948904,0.77,143.1365,11.1858
920491,奥迪威,广东,元器件,北交所,20220614,20260701,28.55,-0.8681,120954359.86,4029637788.9999995,3306745108.0,40.296377889999995,33.06745108,0.93,42.8552,3.7143
301559,中集环科,江苏,专用机械,创业板,20231011,20260701,12.58,3.1993,26170525.0,7548000000.0,1132200000.0,75.48,11.322,0.95,66.9622,1.6454
301203,国泰环保,浙江,环境保护,创业板,20230404,20260701,39.72,-5.9882,87964514.64,3177600000.0,1741424100.0,31.776,17.414241,2.07,27.9031,2.2768
688480,赛恩斯,湖南,环境保护,科创板,20221125,20260701,86.08,-1.7239,114510105.0,8205679296.0,8205679296.0,82.05679296,82.05679296,0.64,77.3088,6.8016
301578,辰奕智能,广东,IT设备,创业板,20231228,20260701,20.55,0.7847,29170244.17,2176882050.0,618984495.0,21.7688205,6.18984495,1.18,85.4268,2.3386
301499,维科精密,上海,汽车配件,创业板,20230721,20260701,27.78,-4.7978,101813241.14,3840718344.0,960179586.0,38.40718344,9.60179586,0.63,71.3248,2.94
001278,一彬科技,浙江,汽车配件,主板,20230308,20260701,16.21,5.3966,60285367.52,2005718414.0,1382889689.0,20.05718414,13.82889689,1.34,,1.6981
603137,恒尚节能,江苏,装修装饰,主板,20230419,20260701,14.23,9.9691,7285760.0,2603140859.0,2603140859.0,26.03140859,26.03140859,0.31,,2.175
001373,翔腾新材,江苏,元器件,主板,20230601,20260701,30.4,0.8292,46411995.0,2088081760.0,1275599200.0,20.8808176,12.755992,0.86,,2.4749
301588,美新科技,广东,家居用品,创业板,20240313,20260701,46.23,5.6444,344424755.16,5495258394.000001,3391395815.9999995,54.95258394000001,33.91395815999999,1.29,179.6991,5.8011
688172,燕东微,北京,半导体,科创板,20221216,20260701,80.0,-4.3749,2187134825.0,114209448000.0,95900328000.0,1142.09448,959.00328,0.86,,6.2863
920429,康比特,北京,食品,北交所,20221215,20260701,9.74,2.0964,12285347.9,1212396240.0,1105493808.0,12.1239624,11.05493808,0.9,30.7451,1.4497
301568,思泰克,福建,专用机械,创业板,20231128,20260701,110.14,-1.3082,466030980.8,11372880176.0,5242597916.0,113.72880176,52.42597916,0.84,101.76,10.6398
920367,新赣江,江西,化学制药,北交所,20230209,20260701,24.22,8.0285,256451138.18,1716259475.0,1017060239.0,17.16259475,10.17060239,1.42,117.5967,3.544
688512,慧智微,广东,半导体,科创板,20230516,20260701,15.84,-0.814,407825667.0,7394802624.0,5141193552.0,73.94802624,51.41193552,1.11,,4.6527
603120,肯特催化,浙江,化工原料,主板,20250416,20260701,58.69,10.0094,383765252.0,5305576000.0,2224351000.0,53.05576,22.24351,1.29,64.3617,4.4534
920718,合肥高科,安徽,家用电器,北交所,20221222,20260701,9.94,5.6323,28005229.790000003,901226998.0,428514811.0,9.01226998,4.28514811,1.69,23.1007,1.5454
603193,润本股份,广东,日用化工,主板,20231017,20260701,18.88,1.779,55409255.0,7638721504.0,1950989344.0,76.38721504,19.50989344,1.04,24.2883,3.3597
001386,马可波罗,广东,家居用品,主板,20251022,20260701,14.47,2.1893,48556471.57,17290492400.0,1556144316.0,172.904924,15.56144316,0.99,14.2885,1.4142
688352,颀中科技,安徽,半导体,科创板,20230420,20260701,22.89,-5.335,1353946726.0,27217274385.0,8375228967.0,272.17274385,83.75228967,1.08,102.4011,4.672
301565,中仑新材,福建,塑料,创业板,20240620,20260701,23.63,3.6858,209777881.96,9452236300.0,3024876300.0,94.522363,30.248763,0.74,120.8214,3.8707
301616,浙江华业,浙江,机械基件,创业板,20250327,20260701,34.6,3.222,28322604.0,2768000000.0,982702280.0,27.68,9.8270228,1.11,14.0631,1.8964
688562,航天软件,北京,软件服务,科创板,20230524,20260701,15.31,1.66,63145624.0,6124000000.0,6124000000.0,61.24,61.24,0.88,,3.6738
920974,凯大催化,浙江,化工原料,北交所,20230308,20260701,6.11,3.9116,13406934.040000001,1000818000.0,784840461.0000001,10.00818,7.848404610000001,1.25,39.2538,1.5363
688620,安凯微,广东,半导体,科创板,20230627,20260701,17.03,5.1235,601497779.0,6675760000.0,6675760000.0,66.7576,66.7576,2.01,,5.2384
301571,国科天成,北京,元器件,创业板,20240821,20260701,64.68,-0.7671,270467109.46,11605267212.0,7707695688.0,116.05267212,77.07695688,0.96,56.8546,5.6212
688535,华海诚科,江苏,半导体,科创板,20230404,20260701,179.3,-4.1176,2876715190.0,25454916190.0,23942610340.0,254.5491619,239.4261034,0.93,1049.5949,11.8202
920876,慧为智能,深圳,元器件,北交所,20221109,20260701,17.33,1.9412,16846159.12,1112250820.0,680172155.0,11.1225082,6.80172155,0.92,170.1852,4.3792
920895,花溪科技,河南,农用机械,北交所,20230406,20260701,12.05,5.8875,13032569.729999999,681114200.0,346279645.0,6.811142,3.46279645,1.53,,3.5573
920017,星昊医药,北京,化学制药,北交所,20230531,20260701,17.37,4.3243,96475644.74000001,2152013020.0,2129039457.9999998,21.5201302,21.290394579999997,1.64,20.8842,1.2769
920237,力佳科技,湖北,电气设备,北交所,20221125,20260701,14.2,2.1583,16048466.909999998,1349455536.0000002,1323915672.0,13.494555360000003,13.23915672,0.79,32.1057,2.5499
301502,华阳智能,江苏,电气设备,创业板,20240202,20260701,70.85,1.9131,113950014.44,4044365974.9999995,1671138950.0,40.443659749999995,16.7113895,0.9,189.7657,4.8302
920374,云里物里,深圳,通信设备,北交所,20221129,20260701,14.8,3.4242,15277236.48,1266789720.0,516888342.0,12.6678972,5.16888342,1.03,81.941,4.8105
688484,南芯科技,上海,半导体,科创板,20230407,20260701,52.44,-7.1694,1377820329.0,22426658208.0,22426658208.0,224.26658208,224.26658208,1.3,93.9926,5.372
301251,威尔高,江西,元器件,创业板,20230906,20260701,51.75,-2.8716,317906443.62,9758192175.0,3911766975.0,97.58192175,39.11766975,0.69,144.9762,6.2764
920855,浙江大农,浙江,机床制造,北交所,20221229,20260701,11.65,2.6432,5779972.34,870643328.9999999,780980013.0,8.70643329,7.80980013,1.12,25.3314,1.4951
688610,埃科光电,安徽,电器仪表,科创板,20230719,20260701,245.79,-6.6856,387237842.0,16713720000.0,10060823754.0,167.1372,100.60823754,0.8,261.2845,10.766
688523,航天环宇,湖南,航空,科创板,20230602,20260701,53.13,1.3931,342519510.0,21617534400.0,21617534400.0,216.175344,216.175344,0.95,454.1764,12.8606
301662,宏工科技,广东,专用机械,创业板,20250417,20260701,95.39,-5.8527,229531558.3,11065240000.0,4253630880.0,110.6524,42.5363088,1.0,184.8027,7.143
688146,中船特气,河北,半导体,科创板,20230421,20260701,378.61,8.1774,5569781049.0,200440563737.0,54887394588.0,2004.40563737,548.87394588,0.85,580.1126,34.1596
688429,时创能源,江苏,电气设备,科创板,20230629,20260701,10.3,1.0795,35826885.0,4120008240.0,4120008240.0,41.2000824,41.2000824,1.19,,3.1953
301536,星宸科技,福建,半导体,创业板,20240328,20260701,123.35,-4.1644,1332988719.26,52018573867.0,23090288868.0,520.18573867,230.90288868,0.8,168.69,16.1354
688582,芯动联科,安徽,元器件,科创板,20230630,20260701,63.15,-2.8462,776366321.0,25369824165.0,25369824165.0,253.69824165,253.69824165,0.9,83.6154,10.2306
301556,托普云农,浙江,软件服务,创业板,20241017,20260701,60.8,4.0027,98300818.6,5185024000.0,1792384000.0,51.85024,17.92384,1.27,48.7287,5.238
603273,天元智能,江苏,专用机械,主板,20231023,20260701,13.15,1.5444,27207986.0,2818221210.0,737167960.0,28.1822121,7.3716796,0.67,110.7772,3.1764
603310,巍华新材,浙江,化工原料,主板,20240814,20260701,15.51,5.582,87021080.0,5356223400.0,3009095100.0,53.562234,30.090951,2.49,31.6522,1.3166
920781,瑞奇智造,四川,专用机械,北交所,20221226,20260701,5.49,5.1724,17515273.36,848573126.0,560633337.0,8.48573126,5.60633337,1.4,,2.4023
688651,盛邦安全,北京,软件服务,科创板,20230726,20260701,32.49,0.838,48493799.0,2449713510.0,1054443456.0,24.4971351,10.54443456,1.3,,2.6835
301630,同宇新材,广东,化工原料,创业板,20250710,20260701,244.5,-2.2626,449348097.02,13692000000.0,3423000000.0,136.92,34.23,0.73,107.5519,7.8227
920414,欧普泰,上海,电器仪表,北交所,20221212,20260701,8.4,3.5758,24393843.08,669884636.0,471051731.0,6.69884636,4.71051731,1.45,,2.4963
920992,中科美菱,安徽,医疗保健,北交所,20221018,20260701,12.04,4.6047,22309000.89,1164640445.0,590168087.0,11.64640445,5.90168087,1.46,60.9533,1.8441
920339,恒太照明,江苏,家用电器,北交所,20221117,20260701,13.6,-6.7215,52260351.45,2994771680.0,2056009036.0,29.9477168,20.56009036,0.97,74.9798,4.9845
920208,青矩技术,北京,建筑工程,北交所,20230629,20260701,12.53,1.8699,15509829.58,2333617585.0,1787155692.0,23.33617585,17.87155692,0.91,12.3653,2.1292
688759,必贝特,广东,生物制药,科创板,20251028,20260701,34.29,7.2233,254473156.0,15431755014.0,1830033297.0,154.31755014,18.30033297,1.7,,9.4858
688592,DR司南导,上海,通信设备,科创板,20230816,20260701,42.92,3.5714,87977061.0,3453368952.0000005,1653355656.0,34.53368952,16.53355656,0.98,219.223,3.6323
688552,航天南湖,湖北,通信设备,科创板,20230518,20260701,28.92,2.8084,132042859.0,9753212160.0,9753212160.0,97.5321216,97.5321216,1.12,305.2523,3.7767
920262,太湖雪,江苏,纺织,北交所,20221230,20260701,12.58,4.8333,12125076.02,1043347737.0,470774899.0,10.43347737,4.70774899,1.23,26.9872,2.8211
920300,辰光医疗,上海,医疗保健,北交所,20221207,20260701,10.52,1.0567,36182752.760000005,903111766.0000001,699913021.0,9.031117660000001,6.99913021,0.97,,5.6316
688648,中邮科技,上海,机床制造,科创板,20231113,20260701,35.62,-2.5445,92634569.0,4844320000.0,2476619418.0,48.4432,24.76619418,1.03,7.7298,2.2481
920807,奔朗新材,广东,机械基件,北交所,20221220,20260701,11.2,-1.9264,66891406.62,2037056000.0,1383770326.0,20.37056,13.83770326,0.86,92.7686,2.1758
920407,驰诚股份,河南,电器仪表,北交所,20230216,20260701,13.3,2.6235,9432075.01,1135607200.0,462319904.0,11.356072,4.62319904,0.81,60.6491,4.1432
920786,骑士乳业,内蒙,乳制品,北交所,20231013,20260701,6.23,3.4884,30816906.64,1302400190.0,881211415.0,13.0240019,8.81211415,1.16,26.5716,1.6873
688450,光格科技,江苏,电器仪表,科创板,20230724,20260701,66.99,0.0,253540364.0,4421340000.0,3277867592.9999995,44.2134,32.77867593,1.04,,4.726
920505,九菱科技,湖北,机械基件,北交所,20221221,20260701,30.53,-0.2614,24073865.94,1977900246.0,1099413571.0,19.77900246,10.99413571,0.68,117.975,5.8128
603231,索宝蛋白,浙江,食品,主板,20231215,20260701,15.03,1.5541,38188050.0,2877630273.0,1597177980.0,28.77630273,15.9717798,1.35,15.1681,1.421
001359,平安电工,湖北,矿物制品,主板,20240328,20260701,123.96,-1.0299,464888453.96999997,29893462236.0,7473511212.000001,298.93462236,74.73511212000001,0.6,123.7149,14.4611
001389,广合科技,广东,元器件,主板,20240402,20260701,216.5,-8.746,3648275176.8999996,102310279200.0,32954006250.0,1023.102792,329.5400625,1.12,100.72,14.1926
001390,古麒绒材,安徽,纺织,主板,20250529,20260701,20.3,0.9448,61239661.4,4060002030.0,2411219790.0,40.6000203,24.1121979,0.71,22.7706,2.4359
603395,红四方,安徽,农药化肥,主板,20241126,20260701,20.78,3.9,65074535.0,5402800000.0,1350700000.0,54.028,13.507,1.37,105.4432,3.7874
920455,汇隆活塞,辽宁,专用机械,北交所,20230621,20260701,5.82,4.1145,5994659.24,1032759000.0,566352592.0,10.32759,5.66352592,1.41,37.9292,2.9276
301622,英思特,内蒙,矿物制品,创业板,20241204,20260701,47.09,-0.0212,82656569.75,5459233171.0,3044811145.9999995,54.59233171,30.448111459999996,0.8,41.5042,3.5124
920837,华原股份,广西,汽车配件,北交所,20230515,20260701,9.53,1.8162,12037419.05,1445822860.0,1303587610.0,14.4582286,13.0358761,1.25,19.2553,2.4393
920717,瑞星股份,河北,专用机械,北交所,20230703,20260701,6.62,5.0794,11407920.86,759181600.0,293133600.0,7.591816,2.931336,1.6,,1.3811
001387,雪祺电气,安徽,家用电器,主板,20240111,20260701,13.02,1.9577,68829280.97000001,2383055808.0,1516759692.0,23.83055808,15.16759692,0.9,24.4559,1.8043
920274,宏裕包材,湖北,广告包装,北交所,20230818,20260701,15.99,2.8296,18364463.02,1300520011.0,1300520011.0,13.00520011,13.00520011,1.01,70.5488,2.5982
001396,誉帆科技,上海,建筑工程,主板,20251230,20260701,36.27,2.3998,51217814.09,3877350048.0,823960098.0,38.77350048,8.23960098,1.0,31.0164,2.71
920438,戈碧迦,湖北,元器件,北交所,20240325,20260701,158.2,-0.4155,1746699757.27,22853730200.0,22052138710.0,228.537302,220.5213871,1.02,772.4825,23.2306
920375,派诺科技,广东,电气设备,北交所,20231214,20260701,6.97,2.1994,29906062.14,1060244268.0,633452161.0,10.60244268,6.33452161,1.4,108.4666,1.3783
920006,晟楠科技,江苏,航空,北交所,20230518,20260701,15.13,0.8667,12990986.33,1366045336.0,723170304.9999999,13.66045336,7.231703049999999,0.89,171.8341,4.3467
688652,京仪装备,北京,半导体,科创板,20231129,20260701,225.0,12.4045,3799498906.0,37800000000.0,27168750000.0,378.0,271.6875,1.79,255.5342,16.8188
688653,康希通信,上海,半导体,科创板,20231117,20260701,17.13,-1.4384,370129208.0,7271342400.0,5420130708.0,72.713424,54.20130708,0.97,,5.0522
920504,博迅生物,上海,医疗保健,北交所,20230817,20260701,17.66,4.8071,30077201.73,765262546.0,301843042.0,7.65262546,3.01843042,2.93,51.3093,3.6809
920284,灵鸽科技,江苏,专用机械,北交所,20231219,20260701,20.93,1.5034,48961421.76,2193163550.0,1403580472.0,21.9316355,14.03580472,0.79,,6.9527
001391,国货航,北京,仓储物流,主板,20241230,20260701,4.19,2.9484,131340840.80999999,51155212228.0,6366093260.0,511.55212228,63.6609326,1.31,19.7916,1.8731
603376,大明电子,浙江,汽车配件,主板,20251106,20260701,25.23,1.816,25290451.0,10092025230.0,807380184.0,100.9202523,8.07380184,1.1,40.7174,5.7573
920099,瑞华技术,江苏,石油加工,北交所,20240925,20260701,23.04,0.0,13012731.17,2167603131.0,1340450058.0000002,21.67603131,13.404500580000002,0.67,20.2972,2.3757
920679,前进科技,浙江,机械基件,北交所,20231110,20260701,14.5,3.4237,5361581.11,809825000.0,539037500.0,8.09825,5.390375,0.81,41.7212,1.5952
920570,坤博精工,浙江,机械基件,北交所,20231123,20260701,24.9,5.4191,19112143.68,1249228543.0,634718828.0,12.49228543,6.34718828,1.25,111.1362,3.5046
603406,天富龙,江苏,化纤,主板,20250808,20260701,26.16,0.8092,26109384.0,10464261600.0,959091000.0,104.642616,9.59091,1.11,23.6809,2.2367
001233,海安集团,福建,汽车配件,主板,20251125,20260701,46.36,3.7136,114901505.04,8621722188.0,1748379316.0,86.21722188,17.48379316,1.76,15.4062,1.8278
920693,阿为特,上海,机械基件,北交所,20231027,20260701,30.8,1.7845,82968162.23,2239160000.0,1127588000.0,22.3916,11.27588,1.44,600.8076,6.3498
301275,汉朔科技,浙江,元器件,创业板,20250311,20260701,45.47,1.2695,342652570.09,19206528000.0,13680067824.0,192.06528,136.80067824,1.01,42.5167,4.6204
688750,金天钛业,湖南,小金属,科创板,20241120,20260701,16.77,0.8419,111203705.0,7756125000.0,3906039891.0,77.56125,39.06039891,0.79,130.8548,3.1349
920931,无锡鼎邦,江苏,化工机械,北交所,20240408,20260701,9.17,3.3822,5021435.21,861338100.0,263874086.0,8.613381,2.63874086,0.95,81.7577,2.1794
920123,芭薇股份,广东,日用化工,北交所,20240329,20260701,10.03,3.7229,13271429.37,1118746200.0,638237947.0,11.187462,6.38237947,1.24,28.939,2.6198
603382,海阳科技,江苏,化纤,主板,20250612,20260701,17.38,1.3411,31418358.0,3150149332.0000005,2007144941.9999998,31.501493320000005,20.071449419999997,1.07,27.4281,1.7787
920118,太湖远大,浙江,塑料,北交所,20240822,20260701,18.86,1.3978,14330629.67,975269460.0,591055426.0,9.7526946,5.91055426,0.85,37.9128,1.6859
920116,星图测控,安徽,软件服务,北交所,20250102,20260701,65.58,2.9675,277928281.44,14669262300.0,14669262300.0,146.692623,146.692623,1.12,145.4827,24.4016
920108,宏海科技,湖北,家用电器,北交所,20250206,20260701,9.88,0.7136,28637761.13,1701336000.0,720920382.0,17.01336,7.20920382,2.19,92.4481,3.5479
920066,科拜尔,安徽,塑料,北交所,20241031,20260701,19.19,-1.4887,13783396.07,1206155326.0,381369126.00000006,12.06155326,3.8136912600000006,1.13,42.637,2.9593
920035,精创电气,江苏,专用机械,北交所,20251202,20260701,28.78,3.1911,68827352.25,1997907600.0,452905104.0,19.979076,4.52905104,0.73,33.6664,3.3696
920018,宏远股份,辽宁,电气设备,北交所,20250820,20260701,14.88,1.9178,19233671.56,2463063083.0,855465187.0,24.63063083,8.55465187,0.92,23.1562,2.6371
920101,志高机械,浙江,专用机械,北交所,20250814,20260701,17.86,1.3046,6893891.1,2229060932.0,695574738.0000001,22.29060932,6.955747380000001,0.68,19.8541,2.0764
920037,广信科技,湖南,电气设备,北交所,20250626,20260701,41.17,3.8074,60888939.20999999,5271739083.0,1704027576.0,52.71739083,17.04027576,1.17,26.6467,5.8101
920005,鼎佳精密,江苏,元器件,北交所,20250731,20260701,26.88,1.0906,8571731.41,2231040000.0,577920000.0,22.3104,5.7792,0.76,37.3407,3.4051
688783,西安奕材,陕西,半导体,科创板,20251028,20260701,61.8,-0.1938,2369947268.0,249536046180.0,11443975680.0,2495.3604618,114.4397568,1.0,,20.3408
688727,恒坤新材,福建,半导体,科创板,20251118,20260701,73.85,-1.2701,1073274277.0,33182252460.0,3989982570.0,331.8225246,39.8998257,1.09,339.3137,13.121
688809,强一股份,江苏,半导体,科创板,20251230,20260701,605.74,-2.7705,2605045998.0,78479250382.0,15695874306.0,784.79250382,156.95874306,1.42,198.7194,18.7744
688802,沐曦股份,上海,半导体,科创板,20251217,20260701,780.0,-5.8312,2076771054.0,312078000000.0,14452308000.0,3120.78,144.52308,1.06,,23.8255
920076,国亮新材,河北,其他建材,北交所,20260122,20260701,12.66,2.5932,13520158.85,1482337713.0,466292297.00000006,14.82337713,4.66292297,0.91,18.686,1.4854
920119,美德乐,辽宁,专用机械,北交所,20260130,20260701,51.43,0.7049,36024500.94,5193019429.0,1366365136.0,51.93019429,13.66365136,0.83,19.1386,2.6457
920183,海菲曼,江苏,IT设备,北交所,20260304,20260701,29.45,1.5167,7414753.260000001,1441636400.0000002,331307405.0,14.416364000000002,3.31307405,0.64,19.2679,3.007
920055,隆源股份,浙江,汽车配件,北交所,20260331,20260701,27.92,1.5642,11815693.11,1898560000.0,427176000.0,18.9856,4.27176,0.68,13.2721,1.5506
688813,泰金新能,陕西,专用机械,科创板,20260331,20260701,213.3,1.5714,860526861.0,34128000000.0,6415424100.0,341.28,64.154241,0.96,167.203,19.0547
001257,盛龙股份,河南,小金属,主板,20260331,20260701,29.0,4.9584,1032571360.51,53242573200.0,3971492000.0,532.425732,39.71492,1.06,60.2347,6.9656
301683,慧谷新材,广东,染料涂料,创业板,20260401,20260701,144.41,3.2754,293486175.04,9114653765.0,2060109737.0,91.14653765,20.60109737,1.15,44.0776,3.8359
920011,晨光电机,浙江,电气设备,北交所,20260408,20260701,21.18,1.534,24186889.02,1750880007.0,393948021.0,17.50880007,3.93948021,0.88,18.7284,2.0622
688334,西高院,陕西,电气设备,科创板,20230619,20260701,18.46,1.7641,41694341.0,5844057570.0,5762678506.0,58.4405757,57.62678506,0.99,23.4964,1.9641
688717,艾罗能源,浙江,电气设备,科创板,20240103,20260701,77.42,-6.2371,505317771.0,12387200000.0,7668280675.999999,123.872,76.68280675999999,1.36,102.4408,2.7945
600930,华电新能,福建,新型电力,主板,20250716,20260701,4.86,1.8868,440557856.0,202731428502.0,15696894095.999998,2027.31428502,156.96894095999997,0.98,27.9134,1.8356
001221,悍高集团,广东,家居用品,主板,20250730,20260701,40.53,0.7708,49846499.150000006,16212405300.0,1459444770.0000002,162.124053,14.594447700000002,0.78,23.0451,5.5055
301600,慧翰股份,福建,通信设备,创业板,20240911,20260701,89.48,-2.1007,128642373.21000001,9352762780.0,2886490580.0,93.5276278,28.8649058,0.69,58.7517,7.3656
001277,速达股份,河南,专用机械,主板,20240903,20260701,28.06,1.7035,31814637.24,2132560000.0,1278118970.0,21.3256,12.7811897,1.07,24.6335,1.3571
920471,美邦科技,河北,化工原料,北交所,20230525,20260701,11.5,3.4173,16465028.160000002,956800000.0,609851981.0,9.568,6.09851981,0.71,,1.8687
920593,鼎智科技,江苏,机械基件,北交所,20230413,20260701,28.95,1.9366,124780328.29,5507617994.0,4678617519.0,55.07617994,46.78617519,1.16,184.0491,7.5121
920578,巨能股份,宁夏,专用机械,北交所,20230512,20260701,20.61,8.0755,77631779.49,1576234189.0,731676002.0,15.76234189,7.31676002,1.11,,5.9619
603091,众鑫股份,浙江,家居用品,主板,20240920,20260701,49.8,2.112,65480131.0,7128088140.0,2192111340.0,71.2808814,21.9211134,0.95,26.7742,3.1221
603062,麦加芯彩,上海,染料涂料,主板,20231107,20260701,41.98,4.5579,41497449.0,4533840000.0,1556328738.0,45.3384,15.56328738,1.28,21.5691,2.1552
920809,安达科技,贵州,电气设备,北交所,20230323,20260701,9.18,2.7996,176130061.56,5499279000.0,4223136429.0,54.99279,42.23136429,0.94,,3.3674
920701,豪声电子,浙江,元器件,北交所,20230719,20260701,10.95,2.1455,7689965.430000001,1502340000.0,1097269278.0,15.0234,10.97269278,1.16,21.4465,1.7707
688719,爱科赛博,陕西,电气设备,科创板,20230928,20260701,79.06,2.6753,381234040.0,9122369724.0,7093445037.999999,91.22369724,70.93445037999999,0.92,,5.4227
920175,东方碳素,河南,化工原料,北交所,20230630,20260701,10.1,-0.3945,51548435.32,1201900000.0,800686186.0,12.019,8.00686186,0.67,,1.8563
301595,太力科技,广东,橡胶,创业板,20250519,20260701,40.79,3.0051,59961952.8,4416741200.0,1665557674.9999998,44.167412,16.655576749999998,1.09,71.8776,4.827
688449,联芸科技,浙江,半导体,科创板,20241129,20260701,84.7,-1.8654,1507225059.0,38962000000.0,24834387270.0,389.62,248.3438727,0.99,274.0744,20.2148
920926,鸿智科技,广东,家用电器,北交所,20230808,20260701,10.05,5.2356,5979001.95,888035457.0,805832909.0000001,8.88035457,8.05832909,1.21,31.9316,3.2123
301613,新铝时代,重庆,汽车配件,创业板,20241025,20260701,37.21,2.1411,48827047.64,5352331052.0,3121963652.0,53.52331052,31.21963652,0.88,23.2654,3.1653
920016,中草香料,安徽,日用化工,北交所,20240913,20260701,12.54,3.894,8916906.569999998,965353390.0000001,429334714.0,9.653533900000001,4.29334714,1.02,50.4218,2.4732
688530,欧莱新材,广东,半导体,科创板,20240509,20260701,88.08,-9.1022,1498470161.0,14096754792.0,6146116703.999999,140.96754792,61.46116703999999,0.96,,16.6412
603049,中策橡胶,浙江,汽车配件,主板,20250605,20260701,44.72,-0.2008,101804800.0,39106996032.0,22582719016.0,391.06996032,225.82719016,1.01,9.4291,1.5302
603341,龙旗科技,上海,通信设备,主板,20240301,20260701,40.95,-3.6244,603198967.0,21400086872.0,10901415429.0,214.00086872,109.01415429,0.68,36.574,2.9629
603312,西典新能,江苏,电气设备,主板,20240111,20260701,33.54,-1.2949,54701262.0,5366383230.0,1707840030.0,53.6638323,17.0784003,1.55,20.5735,2.9105
920547,无锡晶海,江苏,化学制药,北交所,20231212,20260701,18.29,4.0979,15418433.11,1420913520.0000002,690720021.0,14.209135200000002,6.90720021,0.85,22.537,1.946
920665,科强股份,江苏,橡胶,北交所,20230926,20260701,9.31,1.0858,18582046.03,1210206900.0,596507229.0,12.102069,5.96507229,0.97,37.2953,1.6536
603381,永臻股份,江苏,电气设备,主板,20240626,20260701,15.51,0.6489,70217853.0,3679845213.0,2204555727.0,36.79845213,22.04555727,0.97,,1.1004
920132,泰鹏智能,山东,家居用品,北交所,20231116,20260701,7.79,4.1444,7512892.7700000005,838758648.0,284803903.0,8.38758648,2.84803903,1.32,45.6595,3.0934
301581,黄山谷捷,安徽,半导体,创业板,20250103,20260701,50.41,-0.9627,129453304.71,4032800000.0,2463939980.0,40.328,24.6393998,1.14,73.2842,3.9629
603210,泰鸿万立,浙江,汽车配件,主板,20250409,20260701,13.81,2.8295,43089256.0,4700924000.0,3213276275.0,47.00924,32.13276275,0.72,23.4132,2.4255
688721,龙图光罩,深圳,半导体,科创板,20240806,20260701,69.24,18.6023,1154067912.0,9243540000.0,3703266780.0,92.4354,37.0326678,2.41,164.8027,7.5552
301636,泽润新能,江苏,电气设备,创业板,20250516,20260701,42.51,0.9499,52111103.9,2750147169.0,1604685462.0,27.50147169,16.04685462,1.04,82.8116,2.5925
603334,丰倍生物,江苏,化工原料,主板,20251105,20260701,35.73,0.5629,67076623.99999999,5127255000.0,1136810691.0,51.27255,11.36810691,0.91,36.4787,2.9479
601026,道生天合,上海,电气设备,主板,20251017,20260701,14.91,2.2634,59748466.0,9831654000.0,1656287787.0,98.31654,16.56287787,0.93,48.5157,3.7286
688796,百奥赛图,北京,生物制药,科创板,20251210,20260701,122.01,11.5265,444481749.0,54526073784.0,4710501075.0,545.26073784,47.10501075,1.44,314.816,23.8964
920690,捷众科技,浙江,汽车配件,北交所,20240105,20260701,15.44,2.0489,14833745.83,1330773599.9999998,865084734.0,13.307735999999998,8.65084734,0.93,18.4616,2.1563
920363,莱赛激光,江苏,电器仪表,北交所,20231228,20260701,12.55,7.265,75536355.5,1556476099.9999998,884930633.0,15.564760999999997,8.84930633,0.97,328.5244,4.4627
920019,铜冠矿建,安徽,建筑工程,北交所,20241011,20260701,16.38,2.3111,35678407.07,3444168546.0,2744234209.0000005,34.44168546,27.442342090000004,0.66,85.3776,3.683
920706,铁拓机械,福建,工程机械,北交所,20240308,20260701,16.6,3.75,36066607.81,1533927067.0,791353042.0,15.33927067,7.91353042,0.93,31.8356,2.5423
301491,汉桑科技,江苏,IT设备,创业板,20250806,20260701,39.94,1.7061,26612957.86,5152263994.0,1141624990.0,51.52263994,11.4162499,1.04,23.05,2.3668
920008,成电光信,四川,通信设备,北交所,20240829,20260701,20.35,0.4938,21045212.35,1297312500.0,693297902.9999999,12.973125,6.9329790299999985,1.11,80.0091,3.9845
920002,万达轴承,江苏,工程机械,北交所,20240530,20260701,50.74,0.8948,68541060.10000001,3232348825.0,2262859543.0,32.32348825,22.62859543,0.97,51.5722,4.345
001285,瑞立科密,广东,汽车配件,主板,20250930,20260701,41.64,1.24,46684256.24,7502620248.0,1727926752.0,75.02620248,17.27926752,0.75,22.5283,1.9381
920009,丹娜生物,天津,医疗保健,北交所,20251103,20260701,37.3,3.1812,27209198.6,2892465800.0,375984000.0,28.924658,3.75984,0.77,29.5926,4.1549
688755,汉邦科技,江苏,专用机械,科创板,20250516,20260701,28.11,1.9956,37251497.0,3215784000.0,2245066992.0,32.15784,22.45066992,0.57,53.9097,2.5402
920100,三协电机,江苏,电气设备,北交所,20250908,20260701,38.28,0.4988,95333003.75,3955588006.0,1048802828.0,39.55588006,10.48802828,0.96,65.4911,8.3058
001280,中国铀业,北京,小金属,主板,20251203,20260701,66.8,0.1499,495415576.85999995,138154544240.0,11604983640.0,1381.5454424,116.0498364,0.99,83.9621,8.1136
920080,奥美森,广东,专用机械,北交所,20251010,20260701,23.0,-0.7765,13431775.36,1909000000.0,528441123.0,19.09,5.28441123,1.14,25.5998,3.2684
920007,酉立智能,江苏,电气设备,北交所,20250808,20260701,37.34,1.994,8668299.58,1662841683.0,397404019.0,16.62841683,3.97404019,1.2,18.1909,2.5648
920027,交大铁发,四川,运输设备,北交所,20250610,20260701,11.05,3.5614,13211011.65,1137758278.0,796140621.0,11.37758278,7.96140621,0.98,25.7167,2.4537
920160,北矿检测,北京,电器仪表,北交所,20251118,20260701,20.45,1.8934,12493319.799999999,2316576000.0,521229600.0,23.16576,5.212296,0.94,29.9986,4.1397
920124,南特科技,广东,机械基件,北交所,20251127,20260701,13.08,1.3953,20243035.06,1945431760.0,1001684829.9999999,19.4543176,10.0168483,0.83,19.6056,1.8013
688805,健信超导,浙江,医疗保健,科创板,20251224,20260701,47.2,0.4897,119731314.0,7914496000.0,1582899200.0000002,79.14496,15.828992000000003,0.84,105.4082,6.351
688807,优迅股份,福建,半导体,科创板,20251219,20260701,388.0,-3.5857,569861314.0,31040000000.0,6208000000.0,310.4,62.08,0.78,352.2227,17.2633
920159,农大科技,山东,农药化肥,北交所,20260128,20260701,28.32,2.6087,20150506.48,2152320000.0,407808000.0,21.5232,4.07808,1.33,15.1171,1.9369
001220,世盟股份,北京,仓储物流,主板,20260203,20260701,29.2,3.1438,29924970.4,2694868000.0,660171119.9999999,26.94868,6.601711199999999,1.23,19.3503,1.7258
920180,爱得科技,江苏,医疗保健,北交所,20260210,20260701,12.51,1.2136,9570593.5,1477719304.9999998,446225120.0,14.777193049999997,4.4622512,0.91,19.0054,1.8655
603284,林平发展,安徽,造纸,主板,20260210,20260701,36.68,3.0916,37397811.0,2766214864.0,677604312.0000001,27.66214864,6.7760431200000015,1.04,14.9289,1.2496
920166,海圣医疗,浙江,医疗保健,北交所,20260212,20260701,21.8,1.6317,11997942.97,1641411772.0,518070613.0,16.41411772,5.18070613,1.31,19.1271,2.633
920187,通领科技,上海,汽车配件,北交所,20260305,20260701,18.68,1.4666,12415649.85,1690166400.0000002,620087550.0,16.901664000000004,6.2008755,1.03,11.4215,1.3257
301680,固德电材,江苏,汽车配件,创业板,20260306,20260701,113.16,-6.4716,300004193.96,9369648000.0,1901370900.0,93.69648,19.013709,1.38,52.2992,4.9232
688811,有研复材,北京,小金属,科创板,20260410,20260701,33.06,6.6452,725185463.0,16585329216.0,3045688866.0000005,165.85329216,30.456888660000004,1.62,240.7151,20.5336
688061,灿瑞科技,上海,半导体,科创板,20221018,20260701,49.51,-0.3221,139924443.0,5688174194.0,5688174194.0,56.88174194,56.88174194,0.93,,2.4772
688152,麒麟信安,湖南,软件服务,科创板,20221028,20260701,28.15,2.4381,43245724.0,2868431515.0,2868431515.0,28.68431515,28.68431515,1.01,,2.3694
688387,信科移动,湖北,通信设备,科创板,20220926,20260701,20.41,2.873,1823029053.0,69776687500.0,41162422652.0,697.766875,411.62422652,0.99,,11.8869
688459,哈铁科技,黑龙江,运输设备,科创板,20221012,20260701,8.34,0.12,16340525.0,4003200000.0,4003200000.0,40.032,40.032,1.14,36.0358,1.1625
688432,有研硅,北京,半导体,科创板,20221110,20260701,45.8,14.5859,3683370928.0,57263827019.99999,57263827019.99999,572.6382702,572.6382702,1.21,273.6222,12.6921
601065,江盐集团,江西,化工原料,主板,20230410,20260701,6.84,1.9374,26027040.0,4396588524.0,4396588524.0,43.96588524,43.96588524,0.92,17.5313,0.9763
688372,伟测科技,上海,半导体,科创板,20221026,20260701,177.6,-4.5161,2750133273.0,29852499840.0,29852499840.0,298.5249984,298.5249984,1.08,98.4586,7.1475
301421,波长光电,江苏,元器件,创业板,20230823,20260701,121.0,16.8518,2277865353.36,14001878000.0,5603328500.0,140.01878,56.033285,1.98,394.515,11.6081
920639,晨光电缆,浙江,电气设备,北交所,20220712,20260701,6.25,2.459,12136689.65,1260000000.0,742210212.9999999,12.6,7.422102129999999,1.02,77.3841,1.4703
920871,派特尔,广东,塑料,北交所,20220722,20260701,10.75,2.6743,5639499.04,912215341.0,505401457.0,9.12215341,5.05401457,1.06,90.0008,3.3946
920271,邦德股份,山东,汽车配件,北交所,20220602,20260701,9.95,1.9467,11993327.89,1301688850.0,576009788.0,13.0168885,5.76009788,0.73,13.0066,2.0
301291,明阳电气,广东,电气设备,创业板,20230630,20260701,35.39,-1.6671,293780771.02,11121790255.0,5781674775.0,111.21790255,57.81674775,1.22,18.9053,2.1962
301533,威马农机,重庆,农用机械,创业板,20230818,20260701,24.3,2.705,37010386.08,2388852810.0,691011810.0,23.8885281,6.9101181,1.26,79.5441,2.1211
001324,长青科技,江苏,运输设备,主板,20230522,20260701,20.0,8.8139,114257867.0,2760000000.0,2760000000.0,27.6,27.6,1.55,65.2947,2.3951
601133,柏诚股份,江苏,建筑工程,主板,20230410,20260701,41.3,-6.2216,1881170475.0,21732163250.0,21657170710.0,217.3216325,216.5717071,1.21,105.9254,7.1787
301518,长华化学,江苏,化工原料,创业板,20230803,20260701,26.59,1.4885,58163027.12,3868034404.0,1421374512.9999998,38.68034404,14.213745129999998,1.04,39.7872,2.3257
001378,德冠新材,广东,塑料,主板,20231030,20260701,18.48,3.1826,86203435.7,3203206776.0,1558636464.0,32.03206776,15.58636464,1.12,38.7889,1.6852
688709,成都华微,四川,半导体,科创板,20240207,20260701,38.82,1.9165,473945511.0,24722404422.0,8608191366.0,247.22404422,86.08191366,1.27,160.9474,8.493
688525,佰维存储,深圳,半导体,科创板,20221230,20260701,463.07,-6.3995,19993305956.0,218368391769.0,218368391769.0,2183.68391769,2183.68391769,1.02,255.9899,25.6539
001380,华纬科技,浙江,汽车配件,主板,20230516,20260701,15.86,1.4066,24299196.14,4295747739.0,3691135309.0,42.95747739,36.91135309,0.79,15.6162,2.1848
301539,宏鑫科技,浙江,汽车配件,创业板,20240415,20260701,13.37,2.0611,27428599.61,1978760000.0,1003574929.0,19.7876,10.03574929,1.13,71.6762,2.5645
920273,一致魔芋,湖北,食品,北交所,20230221,20260701,18.77,4.3938,52802908.37,1934021458.0,1286452704.0,19.34021458,12.86452704,0.73,28.9851,2.8405
301508,中机认检,北京,电器仪表,创业板,20231201,20260701,23.33,0.8211,31762694.0,5274567716.0,1372653212.0,52.74567716,13.72653212,0.78,34.7894,2.5446
688307,中润光学,浙江,元器件,科创板,20230216,20260701,77.07,-3.6023,669967232.0,9578537052.0,9578537052.0,95.78537052,95.78537052,0.86,151.9288,10.4329
920627,力王股份,广东,电气设备,北交所,20230907,20260701,15.47,1.6426,14217904.6,1461141500.0,724266725.0,14.611415,7.24266725,1.02,54.5937,3.0861
301586,佳力奇,安徽,航空,创业板,20240828,20260701,33.7,0.1188,30493011.0,2796274350.0,1783104070.0,27.9627435,17.8310407,0.8,48.7821,2.1569
920476,海能技术,山东,电器仪表,北交所,20221014,20260701,23.73,-1.0425,73866184.03,2021316654.0,1913349497.0,20.21316654,19.13349497,0.94,47.9784,4.5143
920571,国航远洋,福建,水运,北交所,20221215,20260701,8.31,2.974,109470822.01,4615435934.0,2460460134.0,46.15435934,24.60460134,0.64,166.5416,3.346
688458,美芯晟,北京,半导体,科创板,20230522,20260701,41.85,0.2155,184578160.0,4667806710.0,3922667460.0,46.6780671,39.2266746,1.21,,2.5636
301606,绿联科技,深圳,元器件,创业板,20240726,20260701,60.49,-0.8686,199176360.95,25097893802.0,9980777412.0,250.97893802,99.80777412,0.88,35.6203,6.9334
603162,海通发展,福建,水运,主板,20230329,20260701,9.24,3.01,179021125.0,12688483500.0,3848666052.0,126.884835,38.48666052,0.9,27.2871,2.7331
688627,精智达,深圳,专用机械,科创板,20230718,20260701,662.06,-7.4042,4412170613.0,62318516092.0,47978230286.0,623.18516092,479.78230286,1.09,952.5738,35.7746
688671,碧兴物联,深圳,环境保护,科创板,20230809,20260701,35.55,-0.0562,101071998.0,2791346895.0,1665414405.0,27.91346895,16.65414405,0.51,,2.7916
920662,方盛股份,江苏,机械基件,北交所,20221128,20260701,26.67,-0.8919,142450488.29000002,2334958553.0,720252207.0,23.34958553,7.20252207,0.75,117.7296,5.0441
688693,锴威特,江苏,半导体,科创板,20230818,20260701,103.46,-0.4714,686405921.0,7623367332.0,4025049224.0,76.23367332,40.25049224,1.84,,9.8156
920914,远航精密,江苏,小金属,北交所,20221111,20260701,18.36,-0.2174,32361159.67,1830179880.0000002,1828734030.0,18.301798800000004,18.2873403,0.9,34.2202,1.8467
301602,超研股份,广东,医疗保健,创业板,20250122,20260701,14.34,4.3668,42377178.800000004,6142246464.0,2989881396.0,61.42246464,29.89881396,0.94,41.2446,4.485
301658,首航新能,深圳,电气设备,创业板,20250402,20260701,26.82,-0.5562,150957537.88,11059795584.0,2612715894.0,110.59795584,26.12715894,1.26,70.5281,3.4685
301601,惠通科技,江苏,专用机械,创业板,20250115,20260701,15.94,2.0487,36471085.019999996,2239251200.0,1346611200.0,22.392512,13.466112,1.05,29.8304,1.6865
301617,博苑新材,山东,化工原料,创业板,20241211,20260701,65.4,11.13,640522946.5400001,11362072800.0,4509460800.0,113.620728,45.094608,1.89,65.9457,6.3816
301678,新恒汇,山东,半导体,创业板,20250620,20260701,73.5,-6.7732,1004338127.95,17607329250.0,10214368500.0,176.0732925,102.143685,0.99,139.6031,9.1677
920808,曙光数创,北京,IT设备,北交所,20221118,20260701,82.8,-3.3839,333284637.85,16560000083.000002,16110576421.0,165.60000083000003,161.10576421,0.67,448.8089,23.2625
688570,天玛智控,北京,专用机械,科创板,20230605,20260701,14.46,1.6163,12454956.0,6261180000.0,2721372000.0,62.6118,27.21372,0.77,63.9971,1.4511
688623,双元科技,浙江,专用机械,科创板,20230608,20260701,71.47,3.715,135544314.0,6111549787.0,2538585812.0,61.11549787,25.38585812,2.93,97.7648,2.8592
688631,莱斯信息,江苏,软件服务,科创板,20230628,20260701,45.51,-2.9844,108516895.0,7439519700.0,7439519700.0,74.395197,74.395197,0.87,134.6235,3.9075
920641,格利尔,江苏,矿物制品,北交所,20221202,20260701,14.09,4.062,16259708.91,1057806750.0,638549120.0,10.5780675,6.3854912,1.05,121.1094,3.0356
688576,西山科技,重庆,医疗保健,科创板,20230606,20260701,43.41,8.9335,67621375.0,2936391312.0,1402946085.0,29.36391312,14.02946085,1.67,56.5691,1.6912
688563,航材股份,北京,航空,科创板,20230719,20260701,51.41,0.3514,132922802.0,23134500000.0,6014404490.0,231.345,60.1440449,0.76,43.145,2.2161
920527,夜光明,浙江,化工原料,北交所,20221027,20260701,13.05,2.1926,8782598.65,783557234.9999999,607572726.0,7.835572349999999,6.07572726,1.01,43.7248,1.9658
001395,亚联机械,吉林,专用机械,主板,20250127,20260701,23.53,0.9871,20254829.52,2668584360.0,1223712945.0,26.6858436,12.23712945,1.02,14.2683,2.1419
001279,强邦新材,安徽,广告包装,主板,20241011,20260701,27.25,2.6752,33605483.0,4360000000.0,1090000000.0,43.6,10.9,0.66,81.4641,4.2813
601096,宏盛华源,山东,钢加工,主板,20231222,20260701,4.3,-0.9217,130235132.0,11503166500.0,7064798950.0,115.031665,70.6479895,1.13,30.9937,2.4125
688433,华曙高科,湖南,专用机械,科创板,20230417,20260701,85.87,0.3154,510665439.0,35685639925.0,35685639925.0,356.85639925,356.85639925,0.77,517.1425,16.8037
301557,常友科技,江苏,电气设备,创业板,20250304,20260701,91.01,0.11,125945212.64,5645441310.000001,2263509710.0,56.45441310000001,22.6350971,1.06,63.5067,5.4436
920190,雷神科技,山东,IT设备,北交所,20221223,20260701,22.52,1.168,99631687.24,2252000023.0,2239457509.0,22.52000023,22.39457509,0.75,98.3649,2.5971
920579,机科股份,北京,机械基件,北交所,20231130,20260701,15.9,1.2739,26887161.45,2058732000.0,708733278.0,20.58732,7.08733278,1.18,,4.4077
920075,柏星龙,深圳,广告包装,北交所,20221214,20260701,15.54,5.0,16702262.46,1007225100.0,542017547.0,10.072251,5.42017547,1.46,46.4569,2.4768
920057,百甲科技,江苏,钢加工,北交所,20230314,20260701,4.66,4.7191,7569758.600000001,844686964.0,543040728.0,8.44686964,5.43040728,1.11,92.8017,1.1759
688638,誉辰智能,深圳,专用机械,科创板,20230712,20260701,31.22,0.1604,36699980.0,1748320000.0,826112420.0,17.4832,8.2611242,1.65,,2.288
301522,上大股份,河北,小金属,创业板,20241016,20260701,26.97,3.0569,198402047.11,10029244899.0,7463116824.000001,100.29244899,74.63116824000001,1.45,99.7785,5.1691
301584,建发致新,上海,医药商业,创业板,20250925,20260701,20.5,2.8084,50799080.650000006,8636414250.0,1101143150.0,86.3641425,11.0114315,0.56,32.0304,3.9824
301611,珂玛科技,江苏,半导体,创业板,20240816,20260701,184.48,2.449,3325753254.52,80433280000.0,27041576496.0,804.3328,270.41576496,0.86,278.2316,43.9455
920371,欧福蛋业,江苏,食品,北交所,20230118,20260701,7.07,5.997,24477297.76,1452499940.0,1377303900.0000002,14.5249994,13.773039000000002,1.31,16.7834,2.2879
920425,乐创技术,四川,专用机械,北交所,20230130,20260701,22.3,-0.6239,49067583.66,1604185020.0,1320456545.0,16.0418502,13.20456545,1.02,49.9658,5.5718
920592,华信永道,北京,软件服务,北交所,20230710,20260701,23.52,3.1579,114042299.91,1900298400.0,1182719923.0,19.002984,11.82719923,1.81,,5.724
688591,泰凌微,上海,半导体,科创板,20230825,20260701,35.13,2.1815,384019553.0,8486139807.0,5946023001.0,84.86139807,59.46023001,1.79,66.6728,3.4561
301560,众捷汽车,江苏,汽车配件,创业板,20250425,20260701,26.96,0.8605,49861051.67,3278336000.0,1646177600.0,32.78336,16.461776,1.1,52.046,3.3999
603207,小方制药,上海,化学制药,主板,20240826,20260701,23.26,4.025,44452463.0,3737258632.0,1270063454.0,37.37258632,12.70063454,1.3,18.0118,3.2483
603124,江南新材,江西,铜,主板,20250320,20260701,184.2,-1.4868,787719638.0,26846265839.999996,14295540959.999998,268.46265839999995,142.95540959999997,0.9,122.5211,13.9228
603082,北自科技,北京,运输设备,主板,20240130,20260701,42.04,0.0,271303000.0,6965145159.999999,1705012076.0,69.65145159999999,17.05012076,0.66,40.4187,4.1743
001369,双欣材料,内蒙,化纤,主板,20251230,20260701,13.69,1.2574,198302543.02,15702430000.0,2840037046.0,157.0243,28.40037046,0.96,29.2853,2.2238
001356,富岭股份,浙江,塑料,主板,20250123,20260701,8.4,1.6949,28957961.0,4950288840.0,1685433120.0,49.5028884,16.8543312,1.25,54.0882,2.4308
603257,中国瑞林,江西,建筑工程,主板,20250408,20260701,81.0,3.8595,257859986.0,9720000000.0,2016900000.0,97.2,20.169,1.09,60.2489,3.7865
603391,力聚热能,浙江,专用机械,主板,20240731,20260701,53.93,-0.8275,88489908.0,4907630000.0,1226907500.0,49.0763,12.269075,1.37,21.7241,2.1629
603285,键邦股份,山东,化工原料,主板,20240705,20260701,44.19,-1.3836,477808022.0,7070400000.0,2752895592.0,70.704,27.52895592,1.68,52.0483,4.1056
603375,盛景微,江苏,半导体,主板,20240124,20260701,50.4,2.5224,250202431.0,5073596640.0,3214557359.9999995,50.7359664,32.1455736,1.33,501.2009,3.2759
920221,易实精密,江苏,汽车配件,北交所,20230608,20260701,12.79,0.4713,13473876.05,1517533500.0,789973173.0,15.175335,7.89973173,1.0,26.1638,3.5054
920394,民士达,山东,造纸,北交所,20230425,20260701,66.88,-3.0022,165428563.05999997,9781200000.0,9709157667.0,97.812,97.09157667,0.58,76.7958,11.6008
920779,武汉蓝电,湖北,电器仪表,北交所,20230601,20260701,23.1,1.4938,18255678.32,1849726032.0000002,462766966.0,18.497260320000002,4.62766966,1.42,29.4515,3.698
920896,旺成科技,重庆,汽车配件,北交所,20230419,20260701,12.48,2.0442,9384047.290000001,1263278515.0,554134589.0,12.63278515,5.54134589,1.35,20.6186,2.7523
920699,海达尔,江苏,家用电器,北交所,20230509,20260701,92.93,29.9902,309655322.86999995,4239959129.0,1939941629.0,42.39959129,19.39941629,4.43,66.8648,12.0595
688720,艾森股份,江苏,半导体,科创板,20231206,20260701,94.42,-6.5149,992338421.0,11606956180.0,7410119368.0,116.0695618,74.10119368,1.16,226.531,11.1203
920304,迪尔化工,山东,化工原料,北交所,20230418,20260701,8.64,4.8544,15573878.9,1464808320.0,1178962836.0,14.6480832,11.78962836,1.18,25.0789,2.7074
920719,宁新新材,江西,化工原料,北交所,20230526,20260701,9.12,3.8724,21211532.23,849011808.0,667526197.0,8.49011808,6.67526197,0.95,,7.6631
301590,优优绿能,深圳,电气设备,创业板,20250605,20260701,132.55,0.8368,103237927.22,5574138405.000001,2307562950.0,55.74138405000001,23.0756295,0.97,51.9869,2.8765
688691,灿芯股份,上海,半导体,科创板,20240411,20260701,110.5,-4.6839,1170397990.0,13260000000.0,8062632500.0,132.6,80.626325,0.95,,10.9915
920519,万德股份,陕西,化工原料,北交所,20230915,20260701,9.34,3.6626,9384264.67,833670690.9999999,741290479.0,8.336706909999998,7.41290479,0.91,41.6498,1.5687
688548,广钢气体,广东,化工原料,科创板,20230815,20260701,55.0,5.5662,3497210025.0,72566917500.0,38016495000.0,725.669175,380.16495,1.16,254.0223,11.9079
920978,开特股份,湖北,汽车配件,北交所,20230928,20260701,20.7,-0.6241,42364019.28,3726589288.0,2089353424.0,37.26589288,20.89353424,0.88,21.5213,4.5534
920751,惠同新材,湖南,小金属,北交所,20230717,20260701,20.3,-0.5877,21371655.7,1761634000.0,1686262637.9999998,17.61634,16.86262638,0.79,37.9256,4.2613
920576,天力复合,陕西,小金属,北交所,20230712,20260701,62.32,0.8414,257040712.10999998,6789764000.0,6722467997.0,67.89764,67.22467997,1.11,334.3178,15.1819
920976,视声智能,广东,通信设备,北交所,20230901,20260701,16.62,3.3582,16103871.709999999,1179245508.0,733267752.0,11.79245508,7.33267752,1.2,17.5155,4.0369
688710,益诺思,上海,生物制药,科创板,20240903,20260701,68.38,1.756,195492968.0,9640191886.0,6201655720.0,96.40191886,62.0165572,0.95,,4.1241
688758,赛分科技,江苏,化工原料,科创板,20250110,20260701,22.88,3.9527,230785877.0,9528698608.0,6822443056.0,95.28698608,68.22443056,1.39,75.3037,6.8732
601083,锦江航运,上海,水运,主板,20231205,20260701,10.0,0.6036,43883607.0,12941200000.0,1941200000.0,129.412,19.412,0.64,8.6256,1.3365
603400,华之杰,江苏,机械基件,主板,20250620,20260701,54.16,0.2592,61983458.0,5416000000.0,1516480000.0,54.16,15.1648,0.72,43.5514,4.4165
920656,海昇药业,浙江,化学制药,北交所,20240202,20260701,14.07,3.6082,11089517.17,1407000000.0,455534274.0,14.07,4.55534274,1.16,20.2571,1.944
920403,康农种业,湖北,种植业,北交所,20240118,20260701,16.78,3.5163,32848874.000000004,1834006815.0,1090749300.0,18.34006815,10.907493,1.82,24.1526,3.2524
688757,胜科纳米,江苏,电器仪表,科创板,20250325,20260701,64.2,-3.7481,652087026.0,25892591880.0,11634343259.999998,258.9259188,116.34343259999999,0.93,418.4394,28.916
920703,广厦环能,北京,专用机械,北交所,20231205,20260701,9.7,2.2129,8738748.74,1462022800.0,739771926.0,14.620228,7.39771926,1.2,16.1335,1.2922
920060,万源通,江苏,元器件,北交所,20241119,20260701,26.02,-0.3447,74222633.64,3956202131.0,2467327557.0,39.56202131,24.67327557,0.78,31.7221,3.6263
688411,海博思创,北京,电气设备,科创板,20250127,20260701,262.89,-9.7218,3030422175.0,47965568661.0,34852457727.0,479.65568661,348.52457727,1.79,50.4264,9.6037
301479,弘景光电,广东,元器件,创业板,20250318,20260701,62.81,4.3355,259116543.44,7823079715.0,4478409529.0,78.23079715,44.78409529,1.13,40.5758,5.981
001325,元创股份,浙江,橡胶,主板,20251218,20260701,37.33,6.1114,64800167.0,2926672000.0,731668000.0,29.26672,7.31668,1.85,18.5472,1.6034
301668,昊创瑞通,北京,电气设备,创业板,20250926,20260701,33.32,1.2766,30024106.479999997,3665200000.0,810628952.0,36.652,8.10628952,0.84,34.9033,3.6214
301173,毓恬冠佳,上海,汽车配件,创业板,20250303,20260701,30.16,1.5146,25652756.0,2649097567.9999995,929793592.0000001,26.490975679999995,9.29793592,0.94,15.3092,1.7106
920833,美心翼申,重庆,汽车配件,北交所,20231108,20260701,9.16,2.0045,10317704.0,1048856640.0,792842591.0,10.4885664,7.92842591,1.21,36.2703,1.7034
603202,天有为,黑龙江,汽车配件,主板,20250424,20260701,50.14,2.035,86906500.0,8022400000.0,2517709904.0,80.224,25.17709904,0.81,8.7018,1.167
920098,科隆新材,陕西,橡胶,北交所,20241205,20260701,18.33,1.7203,11669743.91,1490602364.0,1015035921.0,14.90602364,10.15035921,0.71,25.3448,1.5654
920091,大鹏工业,黑龙江,专用机械,北交所,20251121,20260701,38.32,0.183,36538255.120000005,2355346464.0,555647664.0,23.55346464,5.55647664,1.06,61.6655,4.9958
920029,开发科技,四川,电器仪表,北交所,20250328,20260701,34.55,1.3791,35727614.97,7149816145.0,6957154116.0,71.49816145,69.57154116,0.57,10.1183,1.8899
920111,聚星科技,浙江,电气设备,北交所,20241111,20260701,34.11,4.3758,167924053.24,5292319995.0,2568077944.0,52.92319995,25.68077944,1.28,44.116,5.1608
920082,方正阀门,浙江,机械基件,北交所,20241226,20260701,8.05,3.2051,11564399.24,1638150850.0,445920235.0,16.3815085,4.45920235,1.19,28.5157,3.0294
920128,胜业电气,广东,元器件,北交所,20241129,20260701,21.23,1.0952,30280873.96,1723663700.0,515889000.0,17.236637,5.15889,0.69,92.5901,3.3578
920068,天工股份,江苏,小金属,北交所,20250513,20260701,16.55,1.4715,27642030.610000003,10850180248.0,2874446020.0,108.50180248,28.7444602,0.88,77.5318,8.0836
603014,威高血净,山东,医疗保健,主板,20250519,20260701,36.0,9.9908,125130274.0,15039147600.0,3653456400.0,150.391476,36.534564,1.04,31.1824,2.0734
603175,超颖电子,湖北,元器件,主板,20251024,20260701,89.1,0.0112,479015659.0,38939310630.0,4051751219.9999995,389.3931063,40.5175122,1.31,168.3137,14.2174
920015,锦华新材,浙江,化工原料,北交所,20250925,20260701,53.25,0.0564,175763535.42,7218925018.0,2130662429.9999998,72.18925018,21.3066243,0.89,37.1127,4.2294
920056,能之光,浙江,塑料,北交所,20250822,20260701,17.99,1.4664,12806130.12,1469633683.0,554881419.0,14.69633683,5.54881419,0.84,26.7065,2.6677
920022,世昌股份,河北,汽车配件,北交所,20250919,20260701,19.86,1.794,6966457.970000001,1197975060.0,329973900.0,11.9797506,3.299739,1.07,17.3942,2.6908
920121,江天科技,江苏,广告包装,北交所,20251225,20260701,29.0,1.5762,6429967.93,1915977306.9999998,344875945.99999994,19.159773069999996,3.4487594599999993,1.12,17.4938,2.3623
920158,长江能科,江苏,专用机械,北交所,20251016,20260701,8.36,2.2005,12118654.62,1668756320.0000002,446383538.0,16.687563200000003,4.46383538,0.89,30.6578,2.9797
603092,德力佳,江苏,机械基件,主板,20251107,20260701,54.09,0.2223,69649648.0,21636005409.0,1869983253.0,216.36005409,18.69983253,0.85,26.1503,3.7721
688790,昂瑞微-UW,北京,半导体,科创板,20251216,20260701,133.9,0.0523,162113937.0,13327294630.0,1697289620.0,133.2729463,16.9728962,1.22,,4.9041
603352,至信股份,重庆,汽车配件,主板,20260115,20260701,26.6,2.1898,37131973.0,6029334220.0,1181635840.0,60.2933422,11.8163584,1.26,26.5074,2.0396
920168,通宝光电,江苏,汽车配件,北交所,20260226,20260701,16.01,1.9096,8234867.0,1203526134.0,451073969.0,12.03526134,4.51073969,0.89,15.0344,1.4714
920036,觅睿科技,浙江,IT设备,北交所,20260309,20260701,37.36,0.0536,43825547.24,2033199457.0,487969309.0,20.33199457,4.87969309,0.77,25.6901,3.4235
920078,族兴新材,湖南,小金属,北交所,20260318,20260701,30.31,3.4471,97638185.6,3637200000.0,627417000.0,36.372,6.27417,0.75,44.4487,3.6761
920028,新恒泰,浙江,塑料,北交所,20260320,20260701,17.38,-2.3596,39645538.54,2856576800.0,1128997848.0,28.565768,11.28997848,0.85,25.6816,2.52
920069,普昂医疗,浙江,医疗保健,北交所,20260327,20260701,35.33,3.6374,29506646.75,1869451620.0,522097378.0,18.6945162,5.22097378,1.01,20.8236,2.3618
920188,悦龙科技,山东,橡胶,北交所,20260330,20260701,25.32,1.1182,23127813.98,2101387772.9999998,501181016.0,21.013877729999997,5.01181016,0.42,23.277,2.5767
301696,三瑞智能,江西,电气设备,创业板,20260410,20260701,118.22,0.0423,515471396.74,47289182200.0,3556459548.0,472.891822,35.56459548,1.19,112.2278,36.573
920181,赛英电子,江苏,元器件,北交所,20260410,20260701,105.12,-4.1838,205322039.04999998,4541184000.0,1053302400.0,45.41184,10.533024,0.9,51.5587,9.1278
920012,创达新材,江苏,元器件,北交所,20260413,20260701,69.77,1.3362,208337026.48999998,3440873603.0,1346387273.0,34.40873603,13.46387273,0.99,52.4546,5.6133
920191,瑞尔竞达,安徽,其他建材,北交所,20260420,20260701,9.35,1.3001,17056096.669999998,1658646990.0,373205250.0,16.5864699,3.7320525,1.24,17.9048,2.3469
001312,福恩股份,浙江,纺织,主板,20260421,20260701,19.66,2.6632,83193479.64999999,4587334644.0,1123771498.0,45.87334644,11.23771498,1.52,19.9151,3.392
920186,中科仪,辽宁,机械基件,北交所,20260429,20260701,116.61,1.5767,1855450405.85,26101877451.0,13652202390.999998,261.01877451,136.52202390999997,1.18,30.9313,9.8661
301599,理奇智能,江苏,专用机械,创业板,20260430,20260701,44.97,-0.4648,319834175.9,19409052000.0,2459881485.0,194.09052,24.59881485,0.73,70.8724,15.0816
603293,埃泰克,安徽,汽车配件,主板,20260416,20260701,41.58,1.1187,100967765.0,7446587148.0,1459312470.0,74.46587148,14.5931247,0.92,29.9785,4.789
920096,嘉晨智能,河南,电器仪表,北交所,20260518,20260701,45.2,-2.9626,73950789.17,3118800000.0,732240000.0,31.188,7.3224,0.82,43.7845,7.1063
001365,天海电子,河南,汽车配件,主板,20260518,20260701,43.23,10.0,260156772.82000002,22695750000.0,2485967088.0,226.9575,24.85967088,0.69,35.3909,4.3039
001237,惠康科技,浙江,电气设备,主板,20260522,20260701,73.17,2.0218,899714102.4100001,10854871938.0,2550413520.0,108.54871938,25.5041352,2.22,27.7459,7.3079
920211,新睿电子,浙江,专用机械,北交所,20260605,20260701,128.1,0.8741,100229928.94,4406640000.0,737856000.0,44.0664,7.37856,0.6,74.6278,16.9709
920083,金戈新材,广东,矿物制品,北交所,20260611,20260701,47.08,-6.9565,272974074.49,4202806836.0,945808575.0,42.02806836,9.45808575,0.71,73.1142,9.5295
920178,锐翔智能,广东,专用机械,北交所,20260515,20260701,133.85,0.6391,222128624.17,8825811071.0,2577310394.0,88.25811071,25.77310394,0.62,67.5387,15.3339
603435,嘉德利,福建,元器件,主板,20260522,20260701,66.7,-2.2854,453503206.0,30626472250.0,2380356250.0,306.2647225,23.8035625,1.24,125.7655,21.5516
920218,新天力,浙江,塑料,北交所,20260529,20260701,18.45,1.3736,49407190.53,1728234378.0000002,388856425.0,17.28234378,3.88856425,0.75,22.6907,2.9171
920126,永大股份,江苏,专用机械,北交所,20260615,20260701,12.19,0.4119,67710740.97,2268315200.0,544502920.0,22.683152,5.4450292,0.72,20.7378,2.9265
920177,恒道科技,浙江,专用机械,北交所,20260416,20260701,25.3,0.837,15484691.24,1323696000.0,468771202.0,13.23696,4.68771202,0.92,16.712,3.137
301513,尚水智能,深圳,专用机械,创业板,20260417,20260701,67.78,-2.4327,429633706.19,6778000000.0,1365699220.0,67.78,13.6569922,2.82,43.377,8.8981
920156,海昌智能,河南,专用机械,北交所,20260427,20260701,49.93,2.3575,77674576.05,5198711600.0,1083880440.0,51.987116,10.8388044,1.0,33.7944,6.9241
920200,振宏股份,江苏,电气设备,北交所,20260507,20260701,32.33,0.5599,68908185.32000001,3283434800.0,1434449770.0000002,32.834348,14.344497700000002,0.78,22.5647,4.5679
603407,长裕集团,山东,化工原料,主板,20260511,20260701,103.25,-2.6127,944424948.0,42113114400.00001,3707914000.0,421.13114400000006,37.07914,0.76,168.9229,26.8144
001393,维通利,北京,电气设备,主板,20260515,20260701,54.89,2.2922,270622378.32,13685910326.0,2636926578.0,136.85910326,26.36926578,0.87,45.4415,7.2519
301666,大普微,深圳,IT设备,创业板,20260416,20260701,624.53,-5.1875,2857081689.04,272430165839.0,16560224839.000002,2724.30165839,165.60224839000003,0.89,,339.6615
688820,盛合晶微,江苏,半导体,科创板,20260421,20260701,187.25,-3.285,4398729211.0,348804450225.0,32376011850.0,3488.04450225,323.7601185,0.83,378.9285,24.1182
920125,鸿仕达,江苏,专用机械,北交所,20260424,20260701,194.12,-4.3744,311998808.77,10901779200.0,3199396351.0,109.017792,31.99396351,1.09,156.2949,22.3209
688808,联讯仪器,江苏,电器仪表,科创板,20260424,20260701,2245.0,-3.3298,3331623706.0,230486517000.0,43319744500.0,2304.86517,433.197445,1.0,1327.2931,224.6269
301531,春光集团,山东,矿物制品,创业板,20260511,20260701,73.88,-1.4802,587651053.51,16233903592.0,3463767756.0,162.33903592,34.63767756,0.92,130.6849,20.1496
920220,朗信电气,江苏,汽车配件,北交所,20260522,20260701,54.88,2.5986,97332133.87,3633399659.0,1137982735.0,36.33399659,11.37982735,0.71,27.6053,4.6764
920161,龙辰科技,湖北,元器件,北交所,20260527,20260701,35.47,2.9608,213157976.04000002,4823705087.0,1308801855.0,48.23705087,13.08801855,0.95,56.3864,6.7597
688635,长进光子,湖北,通信设备,科创板,20260527,20260701,424.0,-6.7107,1089493745.0,39716080000.0,7528756000.0,397.1608,75.28756,0.89,415.2646,61.2971
920206,彩客科技,河北,染料涂料,北交所,20260608,20260701,50.68,1.4412,116739254.09,3625962784.0,722485566.0,36.25962784,7.22485566,0.82,24.7757,6.1855
301669,高特电子,浙江,电气设备,创业板,20260609,20260701,41.98,2.0666,1152081454.5700002,20150400000.0,3437637250.0,201.504,34.3763725,0.91,147.1577,21.1117
001399,C惠科,,,主板,19700101,20260701,46.28,21.2153,9252312953.92,337743789916.0,19926626876.0,3377.43789916,199.26626876,,88.8518,12.7904
688797,臻宝科技,,,科创板,20260624,20260701,742.18,7.5452,8280257235.0,115253354854.0,21666238086.0,1152.53354854,216.66238086,0.76,510.1267,91.2358
920072,科莱瑞迪,,,北交所,20260629,20260701,38.75,2.3778,254225373.28,2968250000.0,560518750.0,29.6825,5.6051875,,46.3511,5.8639
920222,益坤电气,,,北交所,20260630,20260701,39.25,8.5153,293017241.53,3361648675.0,453831658.0,33.61648675,4.53831658,,56.9046,9.8468
