代码,名称,地区,行业,市场,上市日期,交易日,最新价,涨跌幅,成交额,总市值,流通市值,总市值_亿元,流通市值_亿元,量比,市盈率,市净率
000001,平安银行,深圳,银行,主板,19910403,20260805,11.25,-1.6608,1703942517.43,218316579750.0,218313007875.0,2183.1657975,2183.13007875,0.88,5.1208,0.4704
000002,万科A,深圳,全国地产,主板,19910129,20260805,3.28,0.6135,326826457.02,39132727160.0,31871549752.000004,391.3272716,318.71549752000004,0.56,,0.354
000006,深振业A,深圳,区域地产,主板,19920427,20260805,6.79,1.3433,109014567.91,9166466050.0,9166396792.0,91.6646605,91.66396792,0.74,,1.7073
000007,全新好,深圳,其他商业,主板,19920413,20260805,9.55,2.9095,102049590.6,3308578400.0000005,3308578400.0000005,33.085784000000004,33.085784000000004,1.22,1716.7594,18.4741
000008,神州高铁,北京,运输设备,主板,19920507,20260805,2.42,-0.8197,69786573.0,6573634033.999999,6573438740.0,65.73634033999998,65.7343874,0.93,,3.0458
000009,中国宝安,深圳,电气设备,主板,19910625,20260805,7.64,-3.4134,527018798.34,19705194960.0,19680796620.0,197.0519496,196.8079662,0.78,97.05,1.9646
000010,*ST美丽,深圳,建筑工程,主板,19951027,20260805,1.57,-2.4845,61782432.52,1804954111.0,1440666069.0000002,18.04954111,14.406660690000002,1.84,,6.1326
000011,深物业A,深圳,房产服务,主板,19920330,20260805,8.13,1.625,83064285.0,4845310083.0,4280245814.9999995,48.45310083,42.80245814999999,0.43,142.9923,1.4394
000012,南玻A,深圳,玻璃,主板,19920228,20260805,3.96,0.2532,111035897.36,12048176447.999998,7758893736.000001,120.48176447999998,77.58893736,1.06,95.8728,0.9244
000014,沙河股份,深圳,全国地产,主板,19920602,20260805,10.13,0.297,56737038.0,2451928006.0,2451928006.0,24.51928006,24.51928006,0.61,,1.7755
000016,*ST康佳A,深圳,家用电器,主板,19920327,20260805,2.62,1.5504,49804085.0,6308816948.000001,4183075756.0,63.08816948000001,41.83075756,1.19,,
000017,深中华A,深圳,服饰,主板,19920331,20260805,6.2,2.1417,58522702.169999994,4272946380.0,2733096400.0,42.7294638,27.330964,1.04,103.8909,10.9466
000019,深粮控股,深圳,农业综合,主板,19921012,20260805,6.09,-0.3273,31077763.14,7018939976.999999,2534696976.0,70.18939977,25.34696976,0.83,28.8589,1.3889
000020,深华发A,深圳,元器件,主板,19920428,20260805,10.92,0.6452,39942310.0,3092120304.0,1978326168.0,30.92120304,19.78326168,0.86,87.2473,6.9595
000021,深科技,深圳,元器件,主板,19940202,20260805,38.7,5.9113,6181916477.05,60928110486.0,60919820946.00001,609.28110486,609.19820946,1.06,53.6491,4.5604
000025,特力A,深圳,综合类,主板,19930621,20260805,15.28,-1.6731,139056518.85,6586570824.0,6001652424.0,65.86570824,60.01652424,0.71,46.1032,3.5413
000026,飞亚达,深圳,服饰,主板,19930603,20260805,17.08,4.5288,226794008.45,6930449120.0,6226696756.0,69.3044912,62.26696756,1.38,79.3704,2.0396
000027,深圳能源,深圳,火力发电,主板,19930903,20260805,6.44,-1.227,162318984.39999998,30637590956.0,30637590956.0,306.37590956,306.37590956,0.96,14.5661,0.9158
000028,国药一致,深圳,医药商业,主板,19930809,20260805,20.6,-1.1042,66968919.03,12611762900.0,10832676860.0,126.117629,108.3267686,1.1,11.1026,0.6674
000029,深深房A,深圳,区域地产,主板,19930915,20260805,22.06,2.2717,92989487.36,22317219600.0,19670019600.0,223.172196,196.700196,0.6,223.2704,6.1762
000030,富奥股份,吉林,汽车配件,主板,19930929,20260805,4.29,-0.464,37181599.730000004,7377988761.0,7168187169.0,73.77988761,71.68187169,0.84,10.5007,0.8645
000031,大悦城,深圳,全国地产,主板,19931008,20260805,2.24,0.0,56130634.0,9601341792.0,9601322528.0,96.01341792,96.01322528,0.8,,0.9388
000032,深桑达A,深圳,建筑工程,主板,19931028,20260805,14.62,5.0287,769406815.7199999,17765921366.0,17765921366.0,177.65921366,177.65921366,0.82,,2.4052
000034,神州数码,深圳,软件服务,主板,19940509,20260805,25.9,4.0161,1610935274.73,26333555639.999996,21992928020.0,263.3355564,219.9292802,1.3,50.3564,2.3456
000035,中国天楹,江苏,环境保护,主板,19940408,20260805,5.17,2.988,269590472.82000005,12346129058.999998,11958342869.0,123.46129058999998,119.58342869,1.13,43.48,1.1475
000036,华联控股,深圳,全国地产,主板,19940617,20260805,4.18,1.9512,100548733.5,5867962166.0,5864461416.0,58.67962166,58.64461416,0.86,83.6543,1.141
000037,深南电A,深圳,火力发电,主板,19940701,20260805,10.11,0.099,434005479.42,6093929886.0,3426361902.0,60.93929886,34.26361902,1.26,37.8415,3.6061
000039,中集集团,深圳,运输设备,主板,19940408,20260805,8.68,0.9302,278906882.38,46807076204.0,19976213628.0,468.07076204,199.76213628,0.79,211.9694,1.0019
000042,中洲控股,深圳,全国地产,主板,19940921,20260805,8.31,0.9721,37148460.0,5524746441.0,5518599534.0,55.24746441,55.18599534,0.88,,2.4377
000045,深纺织A,深圳,元器件,主板,19940815,20260805,9.98,1.3198,78560443.56,5055087564.0,4561077564.0,50.55087564,45.61077564,0.74,73.8846,1.6839
000048,京基智农,深圳,农业综合,主板,19941101,20260805,21.17,6.8113,743048464.0,11224393276.0,11205340276.0,112.24393276,112.05340276,1.89,73.4539,2.9887
000049,德赛电池,深圳,电气设备,主板,19950320,20260805,25.08,1.0475,232784916.19,9646736088.0,9644135292.0,96.46736088,96.44135292,1.07,33.0062,1.4186
000050,深天马A,深圳,元器件,主板,19950315,20260805,6.72,2.1277,242042624.27,16368412032.000002,16368283680.0,163.68412032,163.6828368,1.09,97.7943,0.6048
000055,方大集团,深圳,其他建材,主板,19960415,20260805,3.43,-0.2907,31200023.290000003,3683388506.0,2318180592.0,36.83388506,23.18180592,0.94,,0.659
000056,*ST皇庭,深圳,其他商业,主板,19960708,20260805,2.09,10.0,83270646.47000001,2471483980.0,1888802405.0000002,24.7148398,18.888024050000002,2.85,,
000058,深赛格,深圳,商品城,主板,19961226,20260805,6.91,-0.2886,57338789.67,8507596837.000001,6804549253.999999,85.07596837000001,68.04549253999998,0.61,122.5971,4.1752
000059,华锦股份,辽宁,石油加工,主板,19970130,20260805,4.53,-0.4396,76578188.0,7245474978.0,7245340890.0,72.45474978,72.4534089,0.74,,0.7434
000060,中金岭南,深圳,铅锌,主板,19970123,20260805,6.71,4.031,1690438388.19,29800267475.0,29799889702.0,298.00267475,297.99889702,2.63,37.1687,1.4919
000061,农产品,深圳,农业综合,主板,19970110,20260805,5.92,-2.1488,158123295.58,11750970304.0,10622327040.0,117.50970304,106.2232704,1.29,31.5488,1.3596
000062,深圳华强,深圳,元器件,主板,19970130,20260805,23.27,2.9646,832216452.3399999,24338309411.0,24314825327.0,243.38309411,243.14825327,1.49,52.5735,3.5442
000063,中兴通讯,深圳,通信设备,主板,19971118,20260805,34.74,1.0765,5759753866.79,166180002426.0,139919560488.0,1661.80002426,1399.19560488,1.43,29.5813,2.167
000065,北方国际,北京,建筑工程,主板,19980605,20260805,9.29,0.5411,194857174.95,10789798038.000002,9894022794.0,107.89798038000002,98.94022794,1.03,14.9172,0.964
000066,中国长城,深圳,IT设备,主板,19970626,20260805,14.72,2.9371,2119638726.1000001,47483762752.0,47480093055.99999,474.83762752,474.8009305599999,1.15,,4.3436
000068,华控赛格,深圳,环境保护,主板,19970611,20260805,2.88,0.0,32556476.6,2899213920.0,2899213920.0,28.9921392,28.9921392,0.88,,4.9528
000069,华侨城A,深圳,全国地产,主板,19970910,20260805,1.83,3.3898,94623407.23,14709097323.0,12624441294.0,147.09097323,126.24441294,0.94,,0.4305
000070,特发信息,深圳,通信设备,主板,20000511,20260805,14.17,4.8853,1098135720.27,12305127393.0,12139821590.0,123.05127393,121.3982159,1.75,,12.2978
000078,ST海王,深圳,医药商业,主板,19981218,20260805,1.69,1.1976,166298864.29,4446598377.0,4436614533.0,44.46598377,44.36614533,1.16,,3.5813
000088,盐田港,深圳,港口,主板,19970728,20260805,4.51,-0.6608,98845750.64,23449669683.0,14264614507.0,234.49669683,142.64614507,0.69,16.1997,1.2738
000089,深圳机场,深圳,机场,主板,19980420,20260805,6.62,-0.8982,93737043.61999999,13576094090.0,13575855108.0,135.7609409,135.75855108,0.89,25.8491,1.142
000090,天健集团,深圳,建筑工程,主板,19990721,20260805,3.35,-0.5935,39912538.94,6259627090.0,6259245190.0,62.5962709,62.5924519,0.66,28.0149,0.5567
000096,广聚能源,深圳,石油贸易,主板,20000724,20260805,7.72,-1.2788,57051011.76,4076160000.0,3943746560.0,40.7616,39.4374656,1.21,35.5094,1.4791
000099,中信海直,深圳,空运,主板,20000731,20260805,14.56,-0.7498,109726662.3,11295212656.0,11295212656.0,112.95212656,112.95212656,0.83,36.5933,2.0219
000100,TCL科技,广东,元器件,主板,20040130,20260805,4.87,2.0964,3612251139.22,101300199888.0,97959953574.0,1013.00199888,979.59953574,1.32,22.4275,1.616
000151,中成股份,北京,商贸代理,主板,20000906,20260805,9.98,0.4024,58758036.26,3502044874.0,3073188306.0,35.02044874,30.73188306,0.8,9.7394,3.9996
000153,丰原药业,安徽,化学制药,主板,20000920,20260805,5.51,-0.5415,39537380.8,2560417105.0,2528365435.0,25.60417105,25.28365435,1.02,25.7546,1.1731
000155,川能动力,四川,新型电力,主板,20000926,20260805,12.2,0.6601,521647518.94,22523253260.0,22523253260.0,225.2325326,225.2325326,0.84,44.8229,2.0963
000156,华数传媒,浙江,影视音像,主板,20000906,20260805,7.07,-1.257,65617695.099999994,13100232775.0,12018122612.999998,131.00232775,120.18122612999998,0.81,28.0853,0.863
000157,中联重科,湖南,工程机械,主板,20001012,20260805,7.29,-0.6812,439420402.13,63047821608.0,51537891383.99999,630.47821608,515.3789138399999,1.07,12.9768,1.081
000158,常山北明,河北,软件服务,主板,20000724,20260805,14.08,0.9319,799092247.57,22508523136.0,22357795328.0,225.08523136,223.57795328,1.3,672.9714,4.2453
000159,国际实业,新疆,石油贸易,主板,20000926,20260805,5.75,-1.2027,50373943.120000005,2763944500.0,2763843875.0,27.639445,27.63843875,0.63,72.7025,1.3408
000166,申万宏源,新疆,证券,主板,20150126,20260805,4.64,-0.6424,372352949.45,116185342480.0,104564753872.0,1161.8534248,1045.64753872,1.08,12.2207,1.0135
000301,东方盛虹,江苏,化纤,主板,20000529,20260805,12.59,2.5244,375009318.03000003,83235416797.0,83199416360.0,832.35416797,831.9941636,0.91,622.338,2.3963
000333,美的集团,广东,家用电器,主板,20130918,20260805,85.47,0.3876,2473355698.13,650720622783.0,587135771838.0,6507.20622783,5871.35771838,0.68,14.8075,2.8011
000338,潍柴动力,山东,汽车配件,主板,20070430,20260805,30.22,5.5168,2940341967.21,261107466532.0,149782181350.0,2611.07466532,1497.8218135,0.91,23.888,2.7379
000400,许继电气,河南,电气设备,主板,19970418,20260805,23.48,-1.4687,770921084.27,23917249256.000004,23833740288.0,239.17249256000005,238.33740288,1.23,20.491,1.9488
000401,金隅冀东,河北,水泥,主板,19960614,20260805,3.63,-0.5479,26197930.0,9641813610.0,9551817561.0,96.4181361,95.51817561,0.85,44.0861,0.3674
000402,金融街,北京,全国地产,主板,19960626,20260805,2.49,0.4032,78554605.19,7442435451.0,7441748210.999999,74.42435451,74.41748211,0.72,,0.3749
000403,派林生物,山西,生物制药,主板,19960628,20260805,10.5,0.0,90821267.2,9979172553.0,9877180730.0,99.79172553,98.7718073,0.85,23.8015,1.2303
000404,长虹华意,江西,家用电器,主板,19960619,20260805,7.78,0.1287,82140771.78999999,5414848101.999999,5389425396.0,54.14848101999999,53.89425396,0.82,10.9442,1.2261
000407,胜利股份,山东,供气供热,主板,19960703,20260805,4.03,-0.9828,71766969.0,3546741341.0000005,3529372444.0000005,35.467413410000006,35.293724440000005,1.14,22.7684,1.1467
000408,藏格矿业,青海,农药化肥,主板,19960628,20260805,86.57,6.969,1974672786.74,135820954236.0,135819525831.0,1358.20954236,1358.19525831,1.94,35.2566,7.698
000409,云鼎科技,山东,软件服务,主板,19960627,20260805,8.97,-0.3333,62563591.699999996,6078640698.000001,5296550882.999999,60.78640698000001,52.96550882999999,0.88,73.7653,3.7026
000410,沈阳机床,辽宁,机床制造,主板,19960718,20260805,4.92,0.2037,72419271.05,13033439160.0,9697410036.0,130.3343916,96.97410036,0.91,,3.1204
000411,英特集团,浙江,医药商业,主板,19960716,20260805,9.52,-0.8333,36026741.6,5377363432.0,5366765768.0,53.77363432,53.66765768,1.0,10.7282,0.9949
000415,渤海租赁,新疆,多元金融,主板,19960716,20260805,4.58,2.2321,244948251.0,28325107554.0,24699545661.999996,283.25107554,246.99545661999997,0.77,,0.9486
000417,合百集团,安徽,百货,主板,19960812,20260805,6.03,2.7257,257236034.79,4702701726.0,4697535825.0,47.02701726,46.97535825,0.94,29.3524,0.987
000419,通程控股,湖南,百货,主板,19960816,20260805,4.89,-0.2041,36060260.0,2658119403.0,2658119403.0,26.58119403,26.58119403,1.06,21.6182,0.7779
000420,吉林化纤,吉林,化纤,主板,19960802,20260805,3.82,0.5263,155416959.76,9392876906.0,9389695992.0,93.92876906,93.89695992,0.95,413.23,2.1153
000421,南京公用,江苏,供气供热,主板,19960806,20260805,5.42,0.0,41316227.3,3113333094.0000005,3112685946.0,31.133330940000004,31.12685946,1.03,64.7527,1.1047
000422,湖北宜化,湖北,农药化肥,主板,19960815,20260805,13.47,1.2021,296615046.97999996,14649765909.0,14376341073.0,146.49765909,143.76341073,0.94,18.1177,2.3541
000423,东阿阿胶,山东,中成药,主板,19960729,20260805,54.25,-0.641,465408121.41,34710603900.0,34649491275.0,347.106039,346.49491275,0.95,19.9631,3.2161
000425,徐工机械,江苏,工程机械,主板,19960828,20260805,8.41,-0.3555,982096174.61,98491279876.0,75694670561.0,984.91279876,756.94670561,0.76,14.986,1.5718
000426,兴业银锡,内蒙,铅锌,主板,19960828,20260805,36.3,9.0745,3420723399.17,64455579540.0,64439959650.0,644.5557954,644.3995965,1.54,37.8207,5.9541
000428,华天酒店,湖南,酒店餐饮,主板,19960808,20260805,4.1,2.5,359895311.93,4177596599.9999995,4177596599.9999995,41.775966,41.775966,0.86,,3.2724
000429,粤高速A,广东,路桥,主板,19980220,20260805,14.2,-0.9763,147076125.12,29689446620.0,18507284580.0,296.8944662,185.0728458,0.94,16.4819,2.5764
000430,张家界,湖南,旅游景点,主板,19960829,20260805,6.57,0.0,42589405.0,5319304578.0,2434556205.0,53.19304578,24.34556205,0.79,,2.9271
000488,ST晨鸣,山东,造纸,主板,20001120,20260805,1.95,-1.0152,13581014.0,5735839590.0,3303728609.9999995,57.3583959,33.037286099999996,0.77,,13.7705
000498,山东路桥,山东,建筑工程,主板,19970609,20260805,5.06,-0.7843,54586810.0,7855356520.0,7333699868.0,78.5535652,73.33699868,0.79,3.527,0.4705
000501,武商集团,湖北,百货,主板,19921120,20260805,7.17,-0.9669,42427410.01,5513677659.0,5508667263.0,55.13677659,55.08667263,0.68,30.5581,0.4996
000503,国新健康,山东,软件服务,主板,19921130,20260805,7.64,0.1311,160010331.99,7481489100.0,7481359220.0,74.814891,74.8135922,0.61,,7.8
000504,南华生物,湖南,医疗保健,主板,19921208,20260805,8.11,0.0,54001416.8,2676487341.0,2669182664.0,26.76487341,26.69182664,1.03,92.8411,9.6676
000505,京粮控股,海南,食品,主板,19921221,20260805,5.6,-0.7092,39256376.58,4070921120.0,3541329680.0,40.7092112,35.4132968,1.03,,1.4179
000506,招金黄金,山东,黄金,主板,19930312,20260805,15.62,5.3981,1815578385.04,14511258036.0,14506403340.0,145.11258036,145.0640334,1.33,91.3476,16.3214
000507,珠海港,广东,新型电力,主板,19930326,20260805,4.99,0.0,40570536.0,4589477151.0,4502748955.0,45.89477151,45.02748955,0.64,19.0279,0.7678
000509,华塑控股,四川,元器件,主板,19930507,20260805,3.16,2.9316,88833812.5,3391084479.9999995,3391074368.0000005,33.91084479999999,33.91074368,0.97,,28.046
000510,新金路,四川,化工原料,主板,19930507,20260805,16.12,10.0341,901889108.88,10454522832.0,9778559648.0,104.54522832,97.78559648,1.23,,10.1371
000513,丽珠集团,广东,化学制药,主板,19931028,20260805,30.37,-1.4601,219370114.39000002,26965741664.0,17254405726.0,269.65741664,172.54405726,1.2,13.3279,1.8585
000514,渝开发,重庆,区域地产,主板,19930712,20260805,3.91,0.2564,31696730.89,3299144610.0,3299144610.0,32.9914461,32.9914461,0.73,488.2733,0.8989
000516,国际医学,陕西,医疗保健,主板,19930809,20260805,4.25,-0.9324,79772924.0,9515311200.0,9370499284.0,95.153112,93.70499284,0.96,,2.91
000517,荣安地产,浙江,区域地产,主板,19930806,20260805,2.14,2.8846,74970777.0,6813594150.0,5332850895.999999,68.1359415,53.32850895999999,0.64,,1.4672
000518,四环生物,江苏,生物制药,主板,19930908,20260805,3.89,1.039,163651139.98000002,4004973618.0,4004893873.0,40.04973618,40.04893873,1.15,,12.3875
000519,中兵红箭,河南,专用机械,主板,19931008,20260805,14.8,2.3513,757254370.89,20609873200.0,20609873200.0,206.098732,206.098732,1.09,494.2885,1.9804
000520,凤凰航运,湖北,水运,主板,19931025,20260805,3.94,2.0725,71965100.0,3987608989.9999995,3987608989.9999995,39.8760899,39.8760899,1.0,,9.4691
000521,长虹美菱,安徽,家用电器,主板,19931018,20260805,4.98,-0.5988,43937737.61,5129020524.0,4358644404.0,51.29020524,43.58644404,0.96,12.4973,0.8401
000523,红棉股份,广东,食品,主板,19931108,20260805,2.9,-0.6849,57520722.14,5322858650.0,3842964580.0,53.2285865,38.4296458,0.65,67.071,2.716
000524,岭南控股,广东,旅游服务,主板,19931118,20260805,9.37,-0.213,75031993.0,6279854582.0,6277593601.000001,62.79854582,62.77593601000001,0.65,89.6341,2.7148
000525,红太阳,江苏,农药化肥,主板,19931028,20260805,4.6,-0.8621,107646116.42999999,5994299100.0,5114096000.0,59.942991,51.14096,1.04,,2.4143
000526,学大教育,福建,文教休闲,主板,19931101,20260805,35.5,1.1396,186258533.16,4326069050.0,4312309250.0,43.2606905,43.1230925,0.68,22.1738,4.1563
000528,柳工,广西,工程机械,主板,19931118,20260805,8.46,-0.4706,242244459.0,17240070023.0,17216123493.0,172.40070023,172.16123493,0.8,10.7133,0.9061
000529,广弘控股,广东,食品,主板,19931118,20260805,4.72,-0.6316,19706287.55,2755490688.0,2689854368.0000005,27.55490688,26.898543680000003,0.96,22.4247,0.8559
000530,冰山冷热,辽宁,机械基件,主板,19931208,20260805,5.02,0.0,62440649.0,4232926750.0,3012585834.0,42.3292675,30.12585834,1.02,68.2303,1.3332
000531,穗恒运A,广东,火力发电,主板,19940106,20260805,5.98,-0.1669,66919325.78,6227579774.0,5440278090.0,62.27579774,54.4027809,1.0,20.5873,0.8962
000532,华金资本,广东,多元金融,主板,19940103,20260805,10.82,1.3109,59423696.980000004,3729743805.9999995,3717207754.0,37.29743806,37.17207754,1.18,22.8199,2.299
000533,顺钠股份,广东,电气设备,主板,19940103,20260805,12.7,0.7937,2593626687.65,8773363200.0,8698260480.0,87.733632,86.9826048,1.37,86.056,8.8997
000534,万泽股份,广东,生物制药,主板,19940110,20260805,26.76,3.5203,475693215.24,13635517860.0,13447916880.0,136.3551786,134.4791688,1.2,69.2093,7.9387
000536,华映科技,福建,元器件,主板,19931126,20260805,3.33,1.8349,201594945.0,9210889224.0,9201039750.0,92.10889224,92.0103975,1.32,,10.9648
000537,绿发电力,天津,新型电力,主板,19931210,20260805,7.75,-0.7682,156664794.57,15931813725.0,15931813725.0,159.31813725,159.31813725,0.91,19.8971,0.8005
000538,云南白药,云南,中成药,主板,19931215,20260805,50.9,-1.5474,682452387.0,90818966340.0,90242310059.99998,908.1896634,902.4231005999999,1.13,17.6228,2.1574
000539,粤电力A,广东,火力发电,主板,19931126,20260805,5.98,1.7007,563259887.63,31396698320.0,15281213662.0,313.9669832,152.81213662,1.06,52.3329,1.3468
000541,佛山照明,广东,家用电器,主板,19931123,20260805,5.0,0.0,33758285.38,7678891150.0,6152474110.0,76.7889115,61.5247411,0.83,35.7414,1.1171
000543,皖能电力,安徽,火力发电,主板,19931220,20260805,7.94,-1.2438,222419970.49,17998894602.0,17998894602.0,179.98894602,179.98894602,0.96,8.3749,1.0251
000544,中原环保,河南,环境保护,主板,19931208,20260805,7.41,-0.2692,28313275.099999998,7222412145.0,7222412145.0,72.22412145,72.22412145,0.71,6.7176,0.7677
000545,金浦钛业,吉林,化工原料,主板,19931215,20260805,2.56,0.7874,87421932.36,2526292736.0,2522631936.0,25.26292736,25.22631936,1.15,,4.0498
000546,金圆股份,吉林,环境保护,主板,19931215,20260805,4.73,5.1111,167742324.88,3678276459.0,3295415596.0,36.78276459,32.95415596,2.35,,0.9579
000547,航天发展,福建,通信设备,主板,19931130,20260805,15.39,2.1912,1015377631.3399999,24600427137.000004,24456573729.0,246.00427137000003,244.56573729,1.08,,6.5211
000548,湖南投资,湖南,路桥,主板,19931220,20260805,4.37,-0.2283,30423184.0,2181573046.0,2181573046.0,21.81573046,21.81573046,0.94,51.8591,1.0544
000550,江铃汽车,江西,汽车整车,主板,19931201,20260805,16.73,-0.2385,59952606.82,14441570220.000002,8673889336.0,144.41570220000003,86.73889336,0.88,12.1617,1.1995
000551,创元科技,江苏,专用机械,主板,19940106,20260805,13.53,2.968,410772948.03000003,6558437490.0,6555923615.999999,65.5843749,65.55923616,1.36,22.2346,2.1538
000552,甘肃能化,甘肃,煤炭开采,主板,19940106,20260805,2.55,-0.7782,132548713.64,13647132585.0,9500824425.0,136.47132585,95.00824425,0.88,,0.8351
000553,安道麦A,湖北,农药化肥,主板,19931203,20260805,5.36,0.0,32922186.999999996,12487791248.000002,11669105920.0,124.87791248000002,116.6910592,0.75,,0.697
000554,泰山石油,山东,石油贸易,主板,19931215,20260805,6.44,-0.4637,109864058.2,3074745156.0,2313922912.0,30.74745156,23.13922912,0.71,19.8816,2.5831
000555,神州信息,深圳,软件服务,主板,19940408,20260805,11.07,0.3626,323003431.86999995,10801823714.999998,10789171812.0,108.01823714999998,107.89171812,0.73,191.4255,1.8992
000557,西部创业,宁夏,铁路,主板,19940617,20260805,3.73,0.2688,29253565.0,5439737631.0,5438027426.0,54.39737631,54.38027426,0.93,18.5937,0.8515
000558,天府文旅,四川,旅游景点,主板,19940509,20260805,3.46,0.0,81141920.67999999,4460714694.0,4458848716.0,44.60714694,44.58848716,0.89,,4.2462
000559,万向钱潮,浙江,汽车配件,主板,19940110,20260805,11.99,2.4786,622691724.22,39751147216.0,39739042112.0,397.51147216,397.39042112,1.16,38.3855,4.5281
000560,我爱我家,云南,房产服务,主板,19940202,20260805,2.23,0.905,166904549.86999997,5252767007.0,5214712726.0,52.52767007,52.14712726,1.03,,0.5659
000561,烽火电子,陕西,通信设备,主板,19940509,20260805,7.62,-0.6519,66398778.99999999,6583819446.0,5915005188.0,65.83819446,59.15005188,0.78,,2.2657
000563,陕国投A,陕西,多元金融,主板,19940110,20260805,3.06,-0.6494,115678686.44,15648749424.0,15648749424.0,156.48749424,156.48749424,0.83,10.9236,0.8417
000564,供销大集,陕西,百货,主板,19940110,20260805,1.45,0.6944,367518759.23,26184191785.0,21887575275.0,261.84191785,218.87575275,1.05,,1.8076
000565,渝三峡A,重庆,染料涂料,主板,19940408,20260805,5.87,-0.6768,47888981.54,2545186214.0,2545186214.0,25.45186214,25.45186214,0.71,314.2066,1.9831
000566,海南海药,海南,化学制药,主板,19940525,20260805,6.13,4.6075,1664376243.0400002,7952848063.000001,7948989227.999999,79.52848063,79.48989227999999,1.01,,1788.1853
000567,海德股份,海南,多元金融,主板,19940525,20260805,6.24,-0.16,100841922.86,12196654704.0,12158888352.0,121.96654704,121.58888352,0.56,31.6804,2.0248
000568,泸州老窖,四川,白酒,主板,19940509,20260805,87.52,-1.9933,1140235759.54,128820810528.0,128747179952.0,1288.20810528,1287.47179952,0.89,11.894,2.4966
000570,苏常柴A,江苏,农用机械,主板,19940701,20260805,5.0,-0.1996,54409970.0,3528462500.0,2778462500.0,35.284625,27.784625,1.01,69.4292,0.999
000571,新大洲A,海南,煤炭开采,主板,19940525,20260805,6.93,3.5874,274285895.20000005,5815164663.0,5640965946.0,58.15164663,56.40965946,1.12,,385.6626
000572,海马汽车,海南,汽车整车,主板,19940808,20260805,3.92,0.5128,185353390.88,6446975080.0,6437632152.0,64.4697508,64.37632152,0.71,,4.0923
000573,粤宏远A,广东,区域地产,主板,19940815,20260805,3.71,1.9231,61773885.0,2368021026.0,2348299408.0,23.68021026,23.48299408,1.0,34.5129,1.4442
000576,甘化科工,广东,电气设备,主板,19940907,20260805,7.02,0.2857,60190673.05,3063656466.0,3045383406.0,30.63656466,30.45383406,0.87,40.4401,1.8548
000581,威孚高科,江苏,汽车配件,主板,19980924,20260805,17.66,-0.1131,113819072.15,17073435462.0,14020367598.000002,170.73435462,140.20367598,0.7,15.9839,0.8428
000582,北部湾港,广西,港口,主板,19951102,20260805,12.91,2.2169,719640160.7800001,32495560894.999996,27844910262.000004,324.95560894999994,278.44910262,1.27,31.3052,1.5918
000586,汇源通信,四川,通信设备,主板,19951220,20260805,11.66,2.7313,72335305.0,2255510400.0,2229275400.0,22.555104,22.292754,1.03,,7.0823
000589,贵州轮胎,贵州,汽车配件,主板,19960308,20260805,4.33,-0.9153,96876348.19999999,6730509133.0,6685999331.0,67.30509133,66.85999331,0.76,10.8553,0.7323
000590,古汉医药,湖南,中成药,主板,19960119,20260805,8.52,-1.7301,29130757.0,2040294624.0,2039334420.0,20.40294624,20.3933442,1.01,,3.7727
000591,太阳能,重庆,新型电力,主板,19960208,20260805,4.55,-0.2193,192018314.2,17767080695.0,17760451800.0,177.67080695,177.604518,0.88,21.5974,0.7396
000592,平潭发展,福建,林业,主板,19960327,20260805,6.61,2.7994,1185861756.05,12769071088.0,12658760763.999998,127.69071088,126.58760763999999,1.18,,7.206
000593,德龙汇能,四川,供气供热,主板,19960312,20260805,22.52,10.0147,547852516.6899999,8076370120.0,8073041664.0,80.7637012,80.73041664,2.46,397.1369,9.1333
000595,新能股份,宁夏,新型电力,主板,19960419,20260805,6.67,1.6768,1358444689.29,7594838188.0,7594838188.0,75.94838188,75.94838188,4.02,91.1517,15.6906
000596,古井贡酒,安徽,白酒,主板,19960927,20260805,90.0,-1.5748,709834119.96,47574000000.0,36774000000.0,475.74,367.74,0.99,13.4045,1.8211
000597,东北制药,辽宁,化学制药,主板,19960523,20260805,4.61,-1.4957,51588905.52,6578139301.999999,6496429227.999999,65.78139302,64.96429228,1.12,25.2937,1.184
000598,兴蓉环境,四川,水务,主板,19960529,20260805,7.14,-1.2448,209550330.0,21305822118.0,21302963975.999996,213.05822118,213.02963975999995,1.01,10.6263,1.052
000599,青岛双星,山东,汽车配件,主板,19960430,20260805,4.95,-0.2016,76998274.0,12093409938.999998,4042873454.0,120.93409938999999,40.42873454,1.02,,2.2871
000600,建投能源,河北,火力发电,主板,19960606,20260805,8.85,1.0274,288596699.27,15958624439.999998,9646950465.0,159.58624439999997,96.46950465,1.06,8.4953,1.2789
000601,韶能股份,广东,水力发电,主板,19960830,20260805,6.69,0.753,395462348.39,7118727981.0,7021947765.0,71.18727981,70.21947765,1.18,66.4298,1.7222
000603,盛达资源,北京,铅锌,主板,19960823,20260805,29.15,10.0,1429855842.99,20112608010.0,19434783060.0,201.1260801,194.3478306,0.93,37.7733,5.3549
000605,渤海股份,北京,水务,主板,19960913,20260805,5.78,-0.1727,23781794.25,2038366708.0,2038366708.0,20.38366708,20.38366708,0.82,239.0702,0.9506
000607,华媒控股,浙江,广告包装,主板,19960830,20260805,3.67,-0.8108,77390172.47,3734953128.0,3248072578.0,37.34953128,32.48072578,1.3,,3.1421
000608,阳光股份,广西,区域地产,主板,19960919,20260805,6.92,5.0076,322025433.68,5189400728.0,5158358992.0,51.89400728,51.58358992,1.36,,2.5271
000609,*ST中迪,北京,区域地产,主板,19961010,20260805,10.4,4.3129,135935660.47,3112362240.0,3027006320.0,31.1236224,30.2700632,2.07,,
000610,*ST西旅,陕西,旅游服务,主板,19960926,20260805,5.72,0.0,20946344.700000003,1354197988.0,1347068580.0,13.54197988,13.4706858,1.4,,
000612,焦作万方,河南,铝,主板,19960926,20260805,11.5,1.0545,418051890.56,13710293100.0,13698344600.0,137.102931,136.983446,1.0,12.7999,1.7791
000615,*ST美谷,湖北,医疗保健,主板,19961016,20260805,3.24,1.8868,24163953.2,5791476348.0,2997869940.0,57.91476348,29.9786994,1.08,,3.5426
000617,中油资本,新疆,多元金融,主板,19961022,20260805,7.14,-0.1399,469174172.22,90264444774.0,90264444774.0,902.64444774,902.64444774,0.78,20.992,0.8481
000619,海螺新材,安徽,其他建材,主板,19961023,20260805,4.62,-0.6452,25795024.0,2038199856.0000002,1663200000.0,20.381998560000003,16.632,0.79,,0.8209
000620,盈新发展,北京,全国地产,主板,19961029,20260805,2.79,2.5735,641143546.25,16382363850.0,13034179152.0,163.8236385,130.34179152,1.27,,4.4704
000623,吉林敖东,吉林,中成药,主板,19961028,20260805,18.3,0.0547,228008458.32,21884885820.0,21794686950.0,218.8488582,217.9468695,0.96,9.1368,0.6949
000625,长安汽车,重庆,汽车整车,主板,19970610,20260805,7.56,-0.7874,629755001.68,74941566336.0,62500087944.0,749.41566336,625.00087944,0.63,18.3896,0.9707
000626,远大控股,江苏,商贸代理,主板,19961128,20260805,7.28,1.3928,52212408.0,3688243104.0,3667019720.0,36.88243104,36.6701972,0.76,,1.6796
000628,高新发展,四川,建筑工程,主板,19961118,20260805,39.7,1.4049,338641261.6,13985516000.0,7631872420.0,139.85516,76.3187242,0.84,128.0312,6.3593
000629,钒钛股份,四川,小金属,主板,19961115,20260805,3.17,1.6026,338419370.03,29452304526.0,29450708748.0,294.52304526,294.50708748,1.09,,2.3819
000630,铜陵有色,安徽,铜,主板,19961120,20260805,6.67,5.205,2935848842.0299997,89441174905.0,74323740632.0,894.41174905,743.23740632,1.93,37.0356,2.386
000631,顺发恒能,浙江,综合类,主板,19961122,20260805,2.93,-0.3401,37082462.64,6739000293.000001,6739000293.000001,67.39000293000001,67.39000293000001,1.15,114.2646,1.2231
000632,ST三木,福建,综合类,主板,19961121,20260805,3.31,-0.8982,28701085.299999997,1540869876.0,1540744096.0000002,15.40869876,15.407440960000002,0.68,,24.5636
000633,合金投资,新疆,小金属,主板,19961112,20260805,5.1,-1.1628,45191357.0,1964042640.0,1964042640.0,19.6404264,19.6404264,0.99,259.3928,9.8063
000635,英力特,宁夏,化工原料,主板,19961120,20260805,6.44,0.3115,21084212.0,2538220384.0,2362319512.0,25.38220384,23.62319512,0.75,,2.3018
000636,风华高科,广东,元器件,主板,19961129,20260805,57.8,6.3869,12758604779.4,66875368740.0,66875339840.0,668.7536874,668.7533984,1.03,236.0446,5.3573
000637,茂化实华,广东,石油加工,主板,19961114,20260805,3.73,-0.5333,31363462.0,1939135242.0000002,1359918089.0,19.391352420000004,13.59918089,0.81,,4.0518
000639,ST西王,山东,食品,主板,19961126,20260805,1.53,-0.6494,69242227.8,1651524993.0,1651523004.0,16.51524993,16.51523004,0.73,,1.0001
000650,仁和药业,江西,中成药,主板,19961210,20260805,5.39,-1.6423,106293028.0,7545666898.000001,7176169462.0,75.45666898,71.76169462,1.15,19.19,1.1688
000651,格力电器,广东,家用电器,主板,19961118,20260805,40.27,-0.617,2047070531.6399999,225568609190.0,222371320189.0,2255.6860919,2223.71320189,0.7,7.7774,1.4838
000652,泰达股份,天津,批发业,主板,19961128,20260805,3.54,-0.5618,38102830.92,5166042360.0,5162107650.0,51.6604236,51.6210765,1.01,,0.9518
000655,金岭矿业,山东,普钢,主板,19961128,20260805,6.88,0.2915,37050967.0,4095940576.0,4095940576.0,40.95940576,40.95940576,0.98,15.2785,1.1596
000656,金科股份,重庆,全国地产,主板,19961128,20260805,1.21,-0.8197,142022526.82,12812365236.0,9180692290.0,128.12365236,91.8069229,0.83,0.4369,3.1143
000657,中钨高新,海南,小金属,主板,19961205,20260805,57.43,9.9981,4590736258.059999,130860250692.0,83471748360.0,1308.60250692,834.7174836,1.28,102.1813,12.2481
000659,珠海中富,广东,广告包装,主板,19961203,20260805,2.77,1.4652,63323357.42,3561395925.0000005,3561395925.0000005,35.61395925000001,35.61395925000001,0.6,,38.7223
000661,长春高新,吉林,生物制药,主板,19961218,20260805,76.95,-0.2851,630203147.66,31390798320.0,30750343470.0,313.9079832,307.5034347,0.84,202.5586,1.4088
000663,永安林业,福建,林业,主板,19961206,20260805,5.35,-0.3724,31887620.900000002,1801258865.0,1638711420.0,18.01258865,16.3871142,0.99,,1.9787
000665,湖北广电,湖北,影视音像,主板,19961210,20260805,4.01,-0.2488,58027652.0,4559969495.0,4559850398.0,45.59969495,45.59850398,1.0,,1.4287
000668,荣丰控股,山东,房产服务,主板,19961210,20260805,19.76,2.8631,53763698.900000006,2901595944.0,2901595944.0,29.01595944,29.01595944,0.6,110.9731,3.8831
000669,ST金鸿,湖南,供气供热,主板,19961210,20260805,3.59,0.0,19098513.0,2442667592.0,2442667592.0,24.42667592,24.42667592,1.26,89.2599,40.1729
000670,盈方微,湖北,元器件,主板,19961217,20260805,7.08,5.3571,449571613.0,5989286897.0,5879586544.999999,59.89286897,58.795865449999994,0.99,,194.6942
000672,上峰材料,甘肃,水泥,主板,19961218,20260805,13.75,3.4612,302240237.36,13329188125.0,13329188125.0,133.29188125,133.29188125,0.73,20.9038,1.4668
000676,智度股份,广东,互联网,主板,19961224,20260805,7.85,2.7487,1564994204.29,9889345220.0,9883373725.0,98.8934522,98.83373725,1.15,69.8419,2.3098
000677,ST海龙,山东,化纤,主板,19961226,20260805,1.71,0.0,67250043.0,1477402208.9999998,1477402208.9999998,14.774022089999997,14.774022089999997,0.91,425.6618,2.8768
000678,襄阳轴承,湖北,汽车配件,主板,19970106,20260805,9.02,1.4623,115657851.33999999,4145698436.0,4145698436.0,41.45698436,41.45698436,1.02,,5.3211
000679,大连友谊,辽宁,百货,主板,19970124,20260805,5.83,0.3442,30341317.0,2077812000.0,2077812000.0,20.77812,20.77812,0.77,,14.3671
000680,山推股份,山东,工程机械,主板,19970122,20260805,11.21,0.991,249911853.12,16816599667.0,14737547106.000002,168.16599667,147.37547106000002,0.84,13.8868,2.5977
000681,视觉中国,江苏,互联网,主板,19970121,20260805,18.88,0.586,992733534.33,13226901312.0,12765428799.999998,132.26901312,127.65428799999998,1.16,159.3075,3.4503
000682,东方电子,山东,电气设备,主板,19970121,20260805,12.52,-0.3185,306909019.94000006,16785902040.0,16784303236.0,167.8590204,167.84303236,1.05,18.4057,2.7285
000683,博源化工,内蒙,化工原料,主板,19970131,20260805,5.96,0.3367,640285301.76,22152316336.0,19897852168.0,221.52316336,198.97852168,0.97,23.512,1.7957
000685,中山公用,广东,水务,主板,19970123,20260805,11.17,0.5401,169452560.25,16394556387.0,13924319823.0,163.94556387,139.24319823,0.94,8.7235,0.8522
000686,东北证券,吉林,证券,主板,19970227,20260805,8.17,0.0,135372953.2,19121500193.0,19121500193.0,191.21500193,191.21500193,0.84,13.1746,0.9255
000688,国城矿业,四川,铅锌,主板,19970120,20260805,30.14,3.5739,583632841.57,35717940478.0,35717810876.0,357.17940478,357.17810876,0.98,33.1802,11.9037
000690,宝新能源,广东,火力发电,主板,19970128,20260805,4.9,-1.0101,267824075.39999998,10661850710.0,10654894180.0,106.6185071,106.5489418,0.62,10.4069,0.8145
000691,亚太实业,甘肃,化工原料,主板,19970228,20260805,9.72,7.0485,198019010.16,4713276600.0,3142184400.0,47.132766,31.421844,1.54,,10.3636
000692,惠天热电,辽宁,供气供热,主板,19970227,20260805,3.85,0.0,37834919.68,2051407049.9999998,2051407049.9999998,20.5140705,20.5140705,0.85,,11.0616
000695,滨海能源,天津,化工原料,主板,19970218,20260805,12.88,2.2222,75786549.99,2984968336.0,2856928256.0,29.84968336,28.56928256,1.16,,9.9816
000697,炼石航空,陕西,航空,主板,19970325,20260805,8.55,0.47,62686463.0,11936554964.999998,5584067415.0,119.36554964999998,55.84067415,1.12,,3.542
000698,ST沈化,辽宁,石油加工,主板,19970220,20260805,3.33,0.3012,7818256.42,2728982952.0,2616428952.0,27.28982952,26.16428952,0.73,,1.9631
000700,模塑科技,江苏,汽车配件,主板,19970228,20260805,11.3,2.5408,672257191.8199999,10373574020.0,10373574020.0,103.7357402,103.7357402,1.05,21.4785,2.6166
000701,厦门信达,福建,商贸代理,主板,19970226,20260805,4.92,0.4082,56301832.0,3288100452.0,3285313272.0,32.88100452,32.85313272,1.02,215.7231,
000702,正虹科技,湖南,饲料,主板,19970318,20260805,5.3,-0.5629,33967909.0,1837112500.0,1413163380.0,18.371125,14.1316338,0.84,,5.5402
000703,恒逸石化,广西,化纤,主板,19970328,20260805,16.39,3.9315,1722850184.69,62635404458.0,62321170461.0,626.35404458,623.21170461,1.52,242.4613,2.3691
000705,浙江震元,浙江,医药商业,主板,19970410,20260805,6.55,-1.7991,43328370.5,2188507615.0,1846873370.0,21.88507615,18.4687337,1.37,96.443,1.1252
000707,双环科技,湖北,化工原料,主板,19970415,20260805,4.49,-0.6637,33323004.999999996,2625380228.0,2472659164.0,26.25380228,24.72659164,0.88,,0.9494
000708,中信特钢,湖北,特种钢,主板,19970326,20260805,14.16,-1.1863,216281743.48999998,71467765776.0,71467447176.0,714.67765776,714.67447176,1.03,12.0546,1.6022
000709,河钢股份,河北,普钢,主板,19970416,20260805,2.15,-0.463,162072937.31,22224810365.0,22221136660.000004,222.24810365,222.21136660000005,0.7,22.1806,0.427
000710,贝瑞基因,四川,医疗保健,主板,19970422,20260805,9.19,-0.5411,501177482.78999996,3248861666.0,3028379781.0,32.48861666,30.28379781,2.96,,2.2359
000711,ST京蓝,黑龙江,环境保护,主板,19970411,20260805,5.17,0.1938,473629249.48,15266607893.0,12311256297.0,152.66607893,123.11256297,1.08,,23.0564
000712,锦龙股份,广东,证券,主板,19970415,20260805,9.81,9.9776,458910845.06,8789760000.0,8787151521.0,87.8976,87.87151521,1.96,31.0058,3.291
000713,国投丰乐,安徽,种植业,主板,19970422,20260805,5.78,-0.3448,19777256.0,4613708710.0,3549006700.0,46.1370871,35.490067,0.64,69.8824,1.475
000715,中兴商业,辽宁,百货,主板,19970508,20260805,4.82,-0.4132,28735689.060000002,2604894772.0,2342670866.0,26.04894772,23.42670866,0.81,22.8056,1.2802
000716,黑芝麻,广西,食品,主板,19970418,20260805,4.74,0.6369,57650738.0,3568670397.0,3487332408.9999995,35.68670397,34.87332409,0.59,,1.4111
000717,中南股份,广东,普钢,主板,19970508,20260805,2.24,0.0,30557453.28,5429414144.0,5428776640.0,54.29414144,54.2877664,0.69,,0.8116
000718,苏宁环球,吉林,区域地产,主板,19970408,20260805,1.89,-0.5263,39535605.0,5735462796.0,4312658322.0,57.35462796,43.12658322,0.94,308.4374,0.6267
000719,中原传媒,河南,出版业,主板,19970331,20260805,12.48,-1.8868,80954202.67,12769582176.0,8326000800.0,127.69582176,83.260008,1.1,9.2826,1.0317
000720,新能泰山,山东,电气设备,主板,19970509,20260805,3.57,0.2809,106505043.0,4485817812.0,4485817812.0,44.85817812,44.85817812,0.73,,2.3846
000721,西安饮食,陕西,酒店餐饮,主板,19970430,20260805,6.56,0.6135,130488194.0,3764877808.0,3361083568.0,37.64877808,33.61083568,0.69,,29.6768
000722,湖南发展,湖南,水力发电,主板,19970522,20260805,13.46,-0.6642,272236435.86,7690435433.0,6247570476.000001,76.90435433,62.475704760000006,0.8,106.6075,2.4274
000723,美锦能源,山西,焦炭加工,主板,19970515,20260805,3.57,-2.1918,179372730.5,15720502854.0,15690778320.0,157.20502854,156.9077832,0.97,,1.2728
000725,京东方A,北京,元器件,主板,20010112,20260805,5.97,6.0391,14655953763.1,221154638160.0,211141790577.0,2211.5463816,2111.41790577,1.39,37.7592,1.625
000726,鲁泰A,山东,纺织,主板,20001225,20260805,5.93,-0.67,27993326.150000002,4847926808.0,3494765445.0,48.47926808,34.94765445,0.87,8.1672,0.4948
000727,冠捷科技,江苏,元器件,主板,19970520,20260805,2.28,-0.8696,131814671.99999999,10327412760.0,10327412760.0,103.2741276,103.2741276,0.82,,5.7293
000728,国元证券,安徽,证券,主板,19970616,20260805,7.33,-0.2721,167018203.2,31986492007.0,31986492007.0,319.86492007,319.86492007,0.81,13.184,0.8228
000729,燕京啤酒,北京,啤酒,主板,19970716,20260805,12.58,-0.8668,431638298.78000003,35457225652.0,31570852286.0,354.57225652,315.70852286,1.08,21.1166,2.2519
000731,四川美丰,四川,农药化肥,主板,19970617,20260805,5.78,-1.1966,33230331.530000005,3172213702.0,3172213702.0,31.72213702,31.72213702,0.93,,0.8308
000733,振华科技,贵州,元器件,主板,19970703,20260805,42.45,2.3878,868570321.0699999,23524491030.0,23521320014.999996,235.2449103,235.21320014999995,1.24,22.9414,1.4926
000735,罗牛山,海南,农业综合,主板,19970611,20260805,5.24,-0.7576,142175558.56,6033931263.999999,6030702900.0,60.33931263999999,60.307029,1.12,39.2394,1.4474
000736,中交发展,重庆,全国地产,主板,19970425,20260805,4.45,0.6787,55556664.0,3324587880.0,3324587880.0,33.2458788,33.2458788,0.64,,2.7435
000737,北方铜业,山西,铜,主板,19970428,20260805,14.39,3.974,1164519991.9,27408870435.0,27406320527.0,274.08870435,274.06320527,1.97,34.6678,3.6862
000738,航发控制,江苏,航空,主板,19970626,20260805,18.37,0.0545,199944985.72,24159930080.0,24159930080.0,241.5993008,241.5993008,0.78,72.2434,1.9181
000739,普洛药业,浙江,化学制药,主板,19970509,20260805,21.88,-1.085,1005787498.15,25346745968.0,25336595836.0,253.46745968,253.36595836,2.73,28.4578,3.8632
000750,国海证券,广西,证券,主板,19970709,20260805,3.87,0.2591,144499158.74,24714495315.0,22431309480.0,247.14495315,224.3130948,0.78,32.1291,1.0821
000751,锌业股份,辽宁,铅锌,主板,19970626,20260805,5.12,10.1075,390901134.8,8272028672.0,8272026112.0,82.72028672,82.72026112,1.88,121.382,2.2387
000752,*ST西发,西藏,啤酒,主板,19970625,20260805,8.83,7.2904,50118337.4,2328987555.0,2328987555.0,23.28987555,23.28987555,2.73,16.1733,3.7496
000753,漳州发展,福建,综合类,主板,19970626,20260805,4.82,-0.6186,98028183.44,4778938902.0,4778938902.0,47.78938902,47.78938902,0.85,73.5249,1.7373
000755,山西高速,山西,路桥,主板,19970627,20260805,4.69,-0.8457,19654154.259999998,6881684838.0,6881684838.0,68.81684838,68.81684838,0.85,14.792,1.222
000756,新华制药,山东,化学制药,主板,19970806,20260805,13.67,-1.2283,134005317.78000002,9523662078.0,6819953431.000001,95.23662078,68.19953431,1.16,32.8528,1.7802
000757,浩物股份,四川,汽车服务,主板,19970627,20260805,3.83,0.0,60363581.41,2040302643.9999998,2040302643.9999998,20.403026439999998,20.403026439999998,1.27,42.7318,1.2703
000758,中色股份,北京,铅锌,主板,19970416,20260805,6.19,2.4834,218777429.02,12320823600.000002,12273241689.0,123.20823600000001,122.73241689,1.29,25.9093,1.9764
000759,中百集团,湖北,超市连锁,主板,19970519,20260805,6.93,0.2894,498059857.91999996,4590872748.0,4544042580.0,45.90872748,45.4404258,0.76,,6.3428
000761,本钢板材,辽宁,普钢,主板,19980115,20260805,2.35,-0.4237,29158332.0,9654716735.0,8714716735.0,96.54716735,87.14716735,0.77,,1.6298
000762,西藏矿业,西藏,小金属,主板,19970708,20260805,23.84,2.2298,358202250.17999995,12416329728.000002,12415886304.0,124.16329728000002,124.15886304,0.88,,4.2198
000766,通化金马,吉林,化学制药,主板,19970430,20260805,17.27,-2.4845,303332398.78,16691363469.0,16682952978.999998,166.91363469,166.82952978999998,0.93,486.8206,7.1956
000767,晋控电力,山西,火力发电,主板,19970609,20260805,3.81,0.5277,489342713.21999997,11723149782.0,11095658784.0,117.23149782,110.95658784,0.85,59.7632,1.9408
000768,中航西飞,陕西,航空,主板,19970626,20260805,20.86,-0.8084,450121338.75,58003526686.00001,57915996040.0,580.0352668600001,579.1599604,0.96,50.3835,2.5743
000776,广发证券,广东,证券,主板,19970611,20260805,21.37,2.1999,1442509422.99,167216948335.0,126169533541.0,1672.16948335,1261.69533541,1.01,12.2042,1.2138
000777,中核科技,江苏,机械基件,主板,19970710,20260805,18.7,2.4658,431594185.57,7169909120.0,7169781960.0,71.6990912,71.6978196,1.49,42.2025,2.9186
000778,新兴铸管,河北,钢加工,主板,19970606,20260805,3.87,-0.2577,189133765.7,15337515501.000002,15067923947.999998,153.37515501000001,150.67923947999998,0.67,16.1931,0.5755
000779,甘咨询,甘肃,建筑工程,主板,19970528,20260805,13.49,-1.0271,804861598.69,6270548606.0,6269787770.0,62.70548606,62.6978777,0.86,42.0917,1.5726
000782,恒申新材,广东,化纤,主板,19970619,20260805,7.47,7.3276,155026638.0,5128763805.0,3945202812.0000005,51.28763805,39.45202812,1.72,,3.172
000783,长江证券,湖北,证券,主板,19970731,20260805,8.96,1.4723,1115993540.68,49549453184.0,49549453184.0,495.49453184,495.49453184,1.24,13.4047,1.3452
000785,居然智家,湖北,百货,主板,19970711,20260805,2.28,-0.8696,113662501.28,14197671264.0,13234218732.0,141.97671264,132.34218732,0.69,,0.7427
000786,北新建材,北京,其他建材,主板,19970606,20260805,18.69,-0.7435,452281566.23,31814790839.999996,31576900782.0,318.14790839999995,315.76900782,0.94,10.9465,1.1388
000788,北大医药,重庆,化学制药,主板,19970616,20260805,5.26,-0.9416,68735556.48,3134893724.0,3134893724.0,31.34893724,31.34893724,1.09,37.8231,2.1057
000789,万年青,江西,水泥,主板,19970923,20260805,4.07,-0.7317,12976601.0,3245500214.0000005,3245500214.0000005,32.455002140000005,32.455002140000005,0.49,111.8488,0.503
000790,华神科技,四川,中成药,主板,19980327,20260805,3.81,-1.5504,65317333.31,2376370914.0,2372161626.0,23.76370914,23.72161626,1.33,,3.3085
000791,甘肃能源,甘肃,水力发电,主板,19971014,20260805,7.91,0.1266,170067778.01000002,25658772818.0,15310740753.0,256.58772818,153.10740753,0.76,12.5076,1.6498
000792,盐湖股份,青海,农药化肥,主板,19970904,20260805,28.28,2.4267,1624916712.8300002,149645673128.0,149644338312.0,1496.45673128,1496.44338312,0.91,17.6562,3.3482
000793,ST华闻,海南,出版业,主板,19970729,20260805,2.24,-0.4444,30308066.0,9842425600.0,5968935168.0,98.424256,59.68935168,0.85,,321.5014
000795,英洛华,浙江,矿物制品,主板,19970808,20260805,8.64,1.2896,135997706.26000002,9644406048.0,9644391360.0,96.44406048,96.4439136,1.31,38.5835,3.547
000796,凯撒旅业,海南,旅游服务,主板,19970703,20260805,3.9,-0.2558,106996830.0,6254776710.0,5189971410.0,62.5477671,51.8997141,0.81,223.3744,6.8861
000797,中国武夷,福建,全国地产,主板,19970715,20260805,2.4,0.4184,39563666.26,3769810079.9999995,3769237199.9999995,37.69810079999999,37.69237199999999,0.75,,0.8142
000798,中水渔业,北京,渔业,主板,19980212,20260805,8.02,-0.6196,45915447.0,2934186774.0,2934006324.0,29.34186774,29.34006324,0.93,35.0333,7.2444
000799,酒鬼酒,湖南,白酒,主板,19970718,20260805,41.09,0.6614,458657025.90000004,13351332610.0,13350067038.0,133.5133261,133.50067038,0.79,,3.5403
000800,一汽解放,吉林,汽车整车,主板,19970618,20260805,6.37,-1.2403,89888224.36,31348559970.0,31345739334.0,313.4855997,313.45739334,0.77,43.2665,1.1836
000801,四川九洲,四川,家用电器,主板,19980506,20260805,11.64,-0.2571,129497279.16000001,11830019508.0,11825868684.0,118.30019508,118.25868684,0.84,66.0338,3.7976
000802,北京文化,北京,影视音像,主板,19980108,20260805,4.28,1.182,183550513.0,3064053284.0,3062078920.0,30.64053284,30.6207892,0.52,,5.0194
000803,山高环能,四川,环境保护,主板,19980303,20260805,7.09,0.8535,72556230.36,3306040058.0,3259895502.0,33.06040058,32.59895502,0.78,109.1152,2.2195
000807,云铝股份,云南,铝,主板,19980408,20260805,26.82,3.0746,2724857181.53,93010617468.0,93009643902.0,930.10617468,930.09643902,1.14,15.3618,2.6088
000809,和展能源,辽宁,电气设备,主板,19980616,20260805,3.28,0.9231,46449847.62,2705315464.0,2705315464.0,27.05315464,27.05315464,1.0,,1.018
000810,创维数字,四川,家用电器,主板,19980602,20260805,9.84,1.8634,203233632.60000002,11317924704.0,10928365008.0,113.17924704,109.28365008,0.93,62.9252,1.7179
000811,冰轮环境,山东,工程机械,主板,19980528,20260805,39.47,10.0056,2240526041.8500004,39173106660.0,38617278279.0,391.7310666,386.17278279,1.0,69.4085,5.9964
000812,陕西金叶,陕西,广告包装,主板,19980623,20260805,3.49,-0.2857,67975873.46000001,2639595888.0000005,2637356354.9999995,26.395958880000006,26.373563549999997,0.84,,1.7687
000813,德展健康,新疆,化学制药,主板,19980519,20260805,3.34,-2.0528,90948892.0,7004332370.0,7003180070.0,70.0433237,70.0318007,1.15,,1.5222
000815,美利云,宁夏,通信设备,主板,19980609,20260805,18.85,2.613,4156226349.5,13105707549.999998,13105707549.999998,131.05707549999997,131.05707549999997,2.86,196.6979,9.3151
000816,智慧农业,江苏,农用机械,主板,19970818,20260805,2.67,1.1364,76747312.98,3863525511.0,3843489297.0,38.63525511,38.43489297,1.1,,1.982
000818,航锦科技,辽宁,化工原料,主板,19971017,20260805,13.69,0.514,464263424.58,9035400000.0,9010914066.0,90.354,90.10914066,1.13,,4.1346
000819,岳阳兴长,湖南,石油加工,主板,19970625,20260805,12.04,-0.1658,50287190.779999994,4448834180.0,4406882004.0,44.4883418,44.06882004,0.83,,2.14
000820,神雾节能,江西,综合类,主板,19980630,20260805,4.12,-3.2864,389252839.03999996,2663807424.0,1223503628.0,26.63807424,12.23503628,2.71,,30.9722
000821,ST京机,湖北,电气设备,主板,19980626,20260805,7.44,2.0576,82167753.0,4634188512.0,4498601952.0,46.34188512,44.98601952,1.71,23.4482,1.1107
000822,山东海化,山东,化工原料,主板,19980703,20260805,4.29,-1.6055,62405555.0,3839944251.0,3839944251.0,38.39944251,38.39944251,0.88,,1.0262
000823,超声电子,广东,元器件,主板,19971008,20260805,14.08,5.0746,1017132474.85,8376964992.0,8376645376.0,83.76964992,83.76645376,1.44,37.6579,1.7483
000825,太钢不锈,山西,特种钢,主板,19981021,20260805,3.63,-0.2747,85508025.25999999,20677379514.0,20677379514.0,206.77379514,206.77379514,0.66,401.2823,0.6327
000826,*ST启环,湖北,环境保护,主板,19980225,20260805,1.79,-1.105,46651747.0,2551382228.0,2551027629.0,25.51382228,25.51027629,0.46,,
000828,东莞控股,广东,路桥,主板,19970617,20260805,10.06,-0.2973,60054547.059999995,10457541020.0,10457541020.0,104.5754102,104.5754102,0.92,12.6988,0.9986
000829,天音控股,江西,其他商业,主板,19971202,20260805,8.58,0.7042,182258833.72,8795362290.0,8787032826.0,87.9536229,87.87032826,0.94,,3.0352
000830,鲁西化工,山东,化工原料,主板,19980807,20260805,13.0,1.5625,476404827.09,24756148300.0,24754291900.0,247.561483,247.542919,1.11,27.3033,1.2768
000831,中国稀土,江西,小金属,主板,19980911,20260805,51.6,4.9634,2072985184.69,54758993280.0,54758993280.0,547.5899328,547.5899328,2.01,317.303,11.0688
000833,粤桂股份,广西,综合类,主板,19981111,20260805,20.35,2.9337,533291263.24,16322372770.0,9232835700.0,163.2237277,92.328357,1.45,34.0081,3.9278
000837,秦川机床,陕西,机床制造,主板,19980928,20260805,9.9,0.304,143017180.9,10129143420.0,9973292670.0,101.2914342,99.7329267,0.88,191.4996,2.0565
000839,国安股份,北京,综合类,主板,19971031,20260805,2.85,-0.6969,374167088.5,11171505240.0,11171505240.0,111.7150524,111.7150524,0.73,118.5892,7.1933
000848,承德露露,河北,软饮料,主板,19971113,20260805,8.99,-0.5531,133151037.92999999,9169800899.0,9090185459.0,91.69800899,90.90185459,0.48,14.6224,2.4709
000850,华茂股份,安徽,纺织,主板,19981007,20260805,4.05,0.2475,26244095.0,3821843250.0,3820670370.0,38.2184325,38.2067037,0.93,18.5629,0.8537
000852,石化机械,湖北,化工机械,主板,19981126,20260805,5.37,-0.7394,70802991.93,5132485974.0,5102890293.0,51.32485974,51.02890293,1.14,472.6845,1.6414
000856,冀东装备,河北,专用机械,主板,19980813,20260805,7.81,-1.2642,41565532.480000004,1772870000.0,1772870000.0,17.7287,17.7287,1.15,67.8869,4.2379
000858,五粮液,四川,白酒,主板,19980427,20260805,75.5,-1.795,3275120700.71,293061404000.0,293054261700.0,2930.61404,2930.542617,0.96,32.7287,2.2896
000859,国风新材,安徽,塑料,主板,19981119,20260805,8.63,3.2297,477253476.19,7732275469.0,7731835339.0,77.32275469,77.31835339,0.96,,2.8666
000860,顺鑫农业,北京,白酒,主板,19981104,20260805,10.9,-1.6245,130931185.73,8085260300.0,8085260300.0,80.852603,80.852603,0.97,,1.1776
000862,银星能源,宁夏,新型电力,主板,19980915,20260805,5.63,0.0,164682363.79999998,5168084961.0,3535454773.0000005,51.68084961,35.35454773000001,0.67,116.2285,1.1892
000863,三湘印象,上海,区域地产,主板,19970925,20260805,3.94,0.5102,56597842.6,4651956424.0,4583070252.0,46.51956424,45.83070252,0.92,,1.0688
000868,安凯客车,安徽,汽车整车,主板,19970725,20260805,3.63,-0.2747,28144481.64,3410438361.0,3410146872.0,34.10438361,34.10146872,0.76,,4.2482
000869,张裕A,山东,红黄酒,主板,20001026,20260805,17.49,-0.3419,21464714.0,11495129839.000002,7959914040.0,114.95129839000002,79.5991404,0.92,161.2417,1.096
000875,电投绿能,吉林,火力发电,主板,20020926,20260805,5.35,-0.7421,196195764.8,19405898245.0,17881729790.0,194.05898245,178.8172979,0.55,37.694,1.1041
000876,新希望,四川,饲料,主板,19980311,20260805,6.97,0.7225,236130015.03,31384344537.999996,31365045305.0,313.84344537999993,313.65045305,1.06,,1.6661
000877,天山股份,新疆,水泥,主板,19990107,20260805,3.8,-0.7833,44052914.0,27019868460.0,27019862760.0,270.1986846,270.1986276,0.75,,0.3656
000878,云南铜业,云南,铜,主板,19980602,20260805,16.77,4.1615,1103468803.54,40670335680.0,33600720816.0,406.7033568,336.00720816,1.95,31.2498,2.207
000880,潍柴重机,山东,专用机械,主板,19980402,20260805,22.81,1.6488,221846222.61999997,10580391128.0,5178481308.0,105.80391128,51.78481308,1.02,44.0757,4.9026
000881,中广核技,辽宁,化工原料,主板,19980902,20260805,6.54,-0.9091,67988751.0,6183085386.0,5910409896.0,61.83085386,59.10409896,1.02,,1.2424
000882,华联股份,北京,其他商业,主板,19980616,20260805,1.44,0.0,76344756.42999999,3941786804.0,3938884043.0,39.41786804,39.38884043,0.89,,0.6023
000883,湖北能源,湖北,水力发电,主板,19980519,20260805,4.68,-1.2658,123701111.0,33131534436.0,30324460140.0,331.31534436,303.2446014,0.82,17.3511,0.8769
000885,城发环境,河南,环境保护,主板,19990319,20260805,12.93,-0.9954,62751001.76,8302072419.0,8302072419.0,83.02072419,83.02072419,0.89,6.7162,0.8478
000886,海南高速,海南,区域地产,主板,19980123,20260805,4.63,-1.0684,70986435.0,4578275029.0,4527341788.0,45.78275029,45.27341788,1.13,29.6074,1.441
000887,中鼎股份,安徽,汽车配件,主板,19981203,20260805,18.64,1.6912,908430838.03,24539368008.0,24499867984.000004,245.39368008,244.99867984000005,1.75,15.4394,1.6746
000888,峨眉山A,四川,旅游景点,主板,19971021,20260805,9.73,-0.3074,75552556.0,5126864463.0,5126864463.0,51.26864463,51.26864463,1.0,23.3011,1.8815
000889,中嘉博创,河北,通信设备,主板,19971218,20260805,3.92,0.0,211024169.4,3670261112.0,3409792792.0,36.70261112,34.09792792,0.89,,52.8462
000890,法尔胜,江苏,环境保护,主板,19990119,20260805,7.43,2.6243,125773826.42,3116913976.9999995,3116818130.0,31.169139769999994,31.1681813,0.94,,159.4484
000892,欢瑞世纪,重庆,影视音像,主板,19990115,20260805,4.09,-1.9185,593685006.7800001,4012210245.0,2907321285.0,40.12210245,29.07321285,1.27,,6.6408
000893,亚钾国际,广东,农药化肥,主板,19981224,20260805,49.0,1.2397,708390282.9,45278508800.0,39778508700.0,452.785088,397.785087,0.82,27.0711,3.2588
000895,双汇发展,河南,食品,主板,19981210,20260805,25.33,-0.7445,287509277.59999996,87759868195.99998,87748426635.0,877.5986819599998,877.48426635,0.71,17.1923,3.8733
000897,津滨发展,天津,区域地产,主板,19990422,20260805,1.76,-0.565,42267297.550000004,2846399072.0,2846343456.0,28.46399072,28.46343456,0.88,,0.9458
000898,鞍钢股份,辽宁,普钢,主板,19971225,20260805,2.06,0.0,59195720.21,19300595878.0,16392398500.0,193.00595878,163.923985,0.62,,0.4547
000899,赣能股份,江西,火力发电,主板,19971126,20260805,11.07,0.2717,193430430.18,10800753246.0,10800753246.0,108.00753246,108.00753246,0.84,10.7298,1.623
000900,现代投资,湖南,路桥,主板,19990128,20260805,3.73,-0.5333,35984196.97,5661499558.999999,5661163859.0,56.61499558999999,56.61163859,0.77,13.995,0.5061
000901,航天科技,黑龙江,汽车配件,主板,19990401,20260805,14.93,1.1518,232835345.31,11917146902.0,11917027462.0,119.17146902,119.17027462,1.08,169.6428,2.8057
000902,新洋丰,湖北,农药化肥,主板,19990408,20260805,13.73,1.0302,171838157.18,17227499193.0,15690414709.0,172.27499193,156.90414709,1.07,10.685,1.4007
000903,ST云动,云南,汽车配件,主板,19990415,20260805,1.89,3.2787,78138716.36,3656855916.0,3629294424.0,36.56855916,36.29294424,2.57,,5.9447
000905,厦门港务,福建,港口,主板,19990429,20260805,8.73,0.8083,83464376.86999999,13464347967.0,6475980348.0,134.64347967,64.75980348,0.9,65.4458,1.4683
000906,浙商中拓,浙江,仓储物流,主板,19990707,20260805,5.49,-0.5435,31144629.36,3896050968.0,3849806501.9999995,38.96050968,38.49806502,0.74,17.4933,0.7869
000908,石药景峰,湖南,化学制药,主板,19990203,20260805,6.21,0.0,88247600.8,10926798048.0,5463399024.0,109.26798048,54.63399024,0.77,,5.235
000909,*ST数源,浙江,区域地产,主板,19990507,20260805,4.46,1.3636,20317704.0,1952205778.0,1952189276.0,19.52205778,19.52189276,0.66,,3.1866
000910,大亚圣象,江苏,家居用品,主板,19990630,20260805,5.23,0.0,23456923.419999998,2862888925.0,2861756630.0,28.62888925,28.6175663,0.89,214.657,0.4366
000911,*ST广糖,广西,食品,主板,19990527,20260805,4.42,-0.4505,15684205.700000001,1769413516.0,1769413516.0,17.69413516,17.69413516,0.99,,
000912,泸天化,四川,农药化肥,主板,19990603,20260805,3.64,-0.274,59052330.0,5707520000.0,5707520000.0,57.0752,57.0752,0.88,179.5541,0.8997
000913,钱江摩托,浙江,摩托车,主板,19990514,20260805,11.97,0.2513,55417412.43,6301139669.999999,6225629319.0,63.01139669999999,62.25629319,0.53,6.4486,1.1824
000915,华特达因,山东,化学制药,主板,19990609,20260805,25.45,-0.9342,58744617.160000004,5963736675.0,5959942080.0,59.63736675,59.5994208,0.73,11.1455,2.007
000917,电广传媒,湖南,广告包装,主板,19990325,20260805,7.21,-0.4144,191357084.65,10220581644.0,10219882274.0,102.20581644,102.19882274,0.9,74.2344,0.9931
000919,金陵药业,江苏,化学制药,主板,19991118,20260805,6.33,-0.4717,66006865.300000004,3936782085.0,3935783211.0,39.36782085,39.35783211,1.08,73.0188,1.0344
000920,沃顿科技,贵州,塑料,主板,19990616,20260805,11.45,2.8751,144729445.0,5411511594.999999,5411253970.0,54.11511594999999,54.1125397,0.93,24.5367,2.6906
000921,海信家电,山东,家用电器,主板,19990713,20260805,27.22,1.5672,248204900.54,37695919142.0,25144826138.0,376.95919142,251.44826138,0.65,11.8296,2.0377
000922,佳电股份,黑龙江,电气设备,主板,19990618,20260805,11.68,2.0979,204998806.44,9740912096.0,8233573056.0,97.40912096,82.33573056,1.19,38.339,2.0766
000923,河钢资源,河北,普钢,主板,19990714,20260805,14.97,3.1702,267429549.92999998,9771353130.0,9399683958.0,97.7135313,93.99683958,1.34,17.2267,0.9729
000925,众合科技,浙江,运输设备,主板,19990611,20260805,7.59,1.2,190565624.4,5133646782.0,5094046716.0,51.33646782,50.94046716,1.05,,1.5943
000926,福星股份,湖北,区域地产,主板,19990618,20260805,2.16,1.4085,81881962.19999999,3440803752.0,3398131656.0,34.40803752,33.98131656,1.64,,0.6574
000927,中国铁物,天津,仓储物流,主板,19990727,20260805,2.5,-0.7937,89458394.5,15125884250.0,15125876500.0,151.2588425,151.258765,0.76,26.2637,1.5357
000928,中钢国际,吉林,建筑工程,主板,19990312,20260805,5.17,-0.3854,64481779.629999995,7417113099.0,7417022107.000001,74.17113099,74.17022107000001,0.72,15.2854,0.8629
000929,兰州黄河,甘肃,啤酒,主板,19990623,20260805,8.86,0.7964,28955848.98,1645886760.0,1645782212.0,16.4588676,16.45782212,0.79,,4.719
000930,中粮科技,安徽,农业综合,主板,19990712,20260805,4.75,-0.6276,63204549.0,8818101400.0,8817653475.0,88.181014,88.17653475,0.77,229.832,0.8475
000931,中关村,北京,化学制药,主板,19990712,20260805,4.07,0.0,30532261.62,3065226890.0,3056690065.0,30.6522689,30.56690065,0.56,64.0116,1.893
000932,华菱钢铁,湖南,普钢,主板,19990803,20260805,3.84,-1.0309,283174346.71999997,26314019328.0,26314019328.0,263.14019328,263.14019328,0.66,10.0796,0.4712
000933,神火股份,河南,铝,主板,19990831,20260805,26.2,1.9852,1878821820.55,58923915280.0,58886320900.0,589.2391528,588.863209,1.16,14.7113,2.1288
000935,四川双马,四川,水泥,主板,19990824,20260805,22.88,3.2957,145505157.79,17467514064.0,17467514064.0,174.67514064,174.67514064,0.96,58.5615,2.2305
000936,华西股份,江苏,化纤,主板,19990810,20260805,5.28,0.3802,65439498.25,4678148112.0,4677484944.0,46.78148112,46.77484944,0.99,62.386,0.9163
000937,冀中能源,河北,煤炭开采,主板,19990909,20260805,4.61,-1.2848,108774595.32,17918616376.0,17410741435.0,179.18616376,174.10741435,1.09,29.2479,0.9281
000938,紫光股份,北京,IT设备,主板,19991104,20260805,36.94,7.634,15917765833.5,105651351506.0,105651085538.0,1056.51351506,1056.51085538,1.4,62.6817,6.8043
000948,南天信息,云南,软件服务,主板,19991014,20260805,15.49,1.6404,478660710.41,6039377512.000001,6027922657.0,60.39377512000001,60.27922657,0.72,164.925,2.2293
000949,新乡化纤,河南,化纤,主板,19991021,20260805,6.45,0.939,336076545.51000005,10687004497.0,10684434985.0,106.87004497,106.84434985,1.04,53.9741,1.5696
000950,重药控股,重庆,医药商业,主板,19990916,20260805,5.37,-3.5907,280933813.39000005,9197618397.0,9197618397.0,91.97618397,91.97618397,2.27,23.784,0.7856
000951,中国重汽,山东,汽车整车,主板,19991125,20260805,22.02,1.1484,252034165.07,25741269900.000004,25741269900.000004,257.41269900000003,257.41269900000003,0.83,15.4528,1.5481
000952,广济药业,湖北,化学制药,主板,19991112,20260805,5.87,-1.3445,43986119.0,2019279413.0,2019247715.0,20.19279413,20.19247715,1.04,,3.2382
000953,中哲精化,广西,化学制药,主板,19991202,20260805,5.58,-1.2389,32926809.999999996,2042961876.0,2042961876.0,20.42961876,20.42961876,1.0,313.0945,13.235
000955,欣龙控股,海南,纺织,主板,19991209,20260805,4.15,0.9732,40792211.0,2234339250.0,2233998535.0,22.3433925,22.33998535,0.9,3111.4912,3.4478
000957,中通客车,山东,汽车整车,主板,20000113,20260805,10.27,-0.388,85651378.17,6089123053.0,6089123053.0,60.89123053,60.89123053,0.69,16.9307,1.8865
000958,电投产融,河北,新型电力,主板,19991223,20260805,5.5,-0.9009,147598455.74,100740886950.0,29608801750.0,1007.4088695,296.0880175,1.02,30.591,2.2224
000959,首钢股份,北京,普钢,主板,19991216,20260805,3.79,0.2646,98168215.0,29391326446.000004,28241592046.0,293.91326446000005,282.41592046,0.59,29.5202,0.5846
000960,锡业股份,云南,小金属,主板,20000221,20260805,38.6,6.219,2676517416.62,63513675199.99999,63513675199.99999,635.1367519999999,635.1367519999999,1.15,32.3031,3.0654
000962,东方钽业,宁夏,小金属,主板,20000120,20260805,51.63,9.9915,1235731308.49,27232764963.000004,25979064651.0,272.32764963000005,259.79064651,0.98,105.4487,6.8015
000963,华东医药,浙江,化学制药,主板,20000127,20260805,27.92,-2.0007,957942284.92,48964334248.0,48944125752.0,489.64334248,489.44125752,1.68,14.3408,1.9028
000965,天保基建,天津,区域地产,主板,20000406,20260805,3.17,0.0,36341533.199999996,3518163952.9999995,3518163952.9999995,35.18163953,35.18163953,0.89,183.1481,0.6385
000966,长源电力,湖北,火力发电,主板,20000316,20260805,4.29,-1.3793,205553510.4,14933640149.999998,14933640149.999998,149.3364015,149.3364015,1.0,,1.1099
000967,盈峰环境,浙江,环境保护,主板,20000330,20260805,9.47,4.1804,2580595269.48,31811518883.000004,31797121642.0,318.11518883,317.97121642,2.03,57.8602,1.85
000968,蓝焰控股,山西,石油开采,主板,20000622,20260805,6.93,-1.5625,195653046.42,6704793711.0,6704793711.0,67.04793711,67.04793711,0.78,20.0186,1.0485
000969,安泰科技,北京,小金属,主板,20000529,20260805,17.19,1.6558,622233919.95,18058428486.0,17900804781.0,180.58428486,179.00804781,1.01,49.492,3.0691
000970,中科三环,北京,矿物制品,主板,20000420,20260805,13.22,1.1477,1083661369.66,16071895075.999998,16071895075.999998,160.71895075999998,160.71895075999998,1.26,175.998,2.4594
000972,中基健康,新疆,食品,主板,20000926,20260805,3.37,-1.173,32282678.0,2599225732.0,2599225732.0,25.99225732,25.99225732,1.17,,400.3255
000973,佛塑科技,广东,塑料,主板,20000525,20260805,12.49,2.2932,462589194.62,30703377632.0,12083115768.0,307.03377632,120.83115768,1.15,284.2256,3.3552
000975,山金国际,内蒙,黄金,主板,20000608,20260805,24.22,7.3582,1776924486.08,67150613628.0,61112807406.0,671.50613628,611.12807406,1.14,22.597,4.1353
000977,浪潮信息,山东,IT设备,主板,20000608,20260805,77.2,4.1273,8685708532.08,113366401240.0,113239414960.0,1133.6640124,1132.3941496,1.24,46.9841,5.0831
000978,桂林旅游,广西,旅游景点,主板,20000518,20260805,6.08,1.1647,58526067.94,2846231008.0,2846171424.0,28.46231008,28.46171424,0.86,257.9798,2.6571
000980,众泰汽车,浙江,汽车配件,主板,20000616,20260805,1.8,1.1236,247970452.2,9076585860.0,9076501620.0,90.7658586,90.7650162,0.96,,277.5734
000981,山子高科,甘肃,汽车配件,主板,20000622,20260805,3.17,10.0694,1885141836.68,31691982753.0,30157338837.0,316.91982753,301.57338837,1.71,30.8956,10.2256
000983,山西焦煤,山西,煤炭开采,主板,20000726,20260805,6.46,0.0,274776400.65999997,36674072460.0,36673847652.0,366.7407246,366.73847652,0.66,30.542,0.9908
000985,大庆华科,黑龙江,化工原料,主板,20000726,20260805,14.67,-1.4775,25690700.0,1901811465.0,1901811465.0,19.01811465,19.01811465,1.02,256.1057,3.1082
000987,越秀资本,广东,多元金融,主板,20000718,20260805,7.89,0.5096,259603086.5,39585174636.0,39555288894.0,395.85174636,395.55288894,1.03,11.2478,1.1889
000988,华工科技,湖北,专用机械,主板,20000608,20260805,100.43,-0.2186,10345950821.0,100982646204.0,100930713851.0,1009.82646204,1009.30713851,1.81,68.6586,8.6402
000989,九芝堂,湖南,中成药,主板,20000628,20260805,9.09,-1.6234,277377543.85,7780513689.0,6309858042.0,77.80513689,63.09858042,0.97,34.9525,2.0126
000990,诚志股份,江西,化工原料,主板,20000706,20260805,6.55,1.0802,304361140.32,11143727875.0,11143727875.0,111.43727875,111.43727875,1.14,,0.621
000993,闽东电力,福建,水力发电,主板,20000731,20260805,10.28,-0.0972,104370571.52,4707741420.0,4707741420.0,47.0774142,47.0774142,1.01,79.9593,1.8481
000995,皇台酒业,甘肃,白酒,主板,20000807,20260805,10.9,2.6365,169281103.0,1933747200.0,1933747200.0,19.337472,19.337472,0.86,136.9394,11.6986
000997,新大陆,福建,IT设备,主板,20000807,20260805,18.68,-1.0593,501421407.98,18924668772.0,18818967992.0,189.24668772,188.18967992,0.87,18.72,2.5107
000998,隆平高科,湖南,种植业,主板,20001211,20260805,8.28,-1.0753,114849380.56,12167029439.999998,10883319768.0,121.67029439999997,108.83319768,0.83,73.3739,1.7959
000999,华润三九,深圳,中成药,主板,20000309,20260805,25.32,-1.6699,468371803.39,42137997228.0,42099412080.0,421.37997228,420.9941208,1.16,12.3174,1.8127
001201,东瑞股份,广东,农业综合,主板,20210428,20260805,11.4,0.2639,36334511.440000005,2938737600.0,2296416000.0,29.387376,22.96416,1.16,,0.9677
001202,炬申股份,广东,仓储物流,主板,20210429,20260805,13.09,2.0265,39132724.36,2181987808.0,1529226160.0,21.81987808,15.2922616,0.82,30.1049,2.5416
001203,大中矿业,内蒙,普钢,主板,20210510,20260805,28.02,1.8539,440346057.09999996,42956912808.0,36592959972.0,429.56912808,365.92959972,1.04,58.3626,5.8526
001205,盛航股份,江苏,水运,主板,20210513,20260805,13.66,1.0355,41212847.16,2568127810.0,2274175538.0,25.6812781,22.74175538,0.71,23.6425,1.1856
001206,依依股份,天津,造纸,主板,20210518,20260805,16.27,0.0,88248644.64,3008223753.0,1738685415.0,30.08223753,17.38685415,0.7,16.4366,1.6133
001207,联科科技,山东,化工原料,主板,20210623,20260805,15.54,0.3228,41724401.2,4710761412.0,4547347434.0,47.10761412,45.47347434,0.79,16.0948,1.9461
001208,华菱线缆,湖南,电气设备,主板,20210624,20260805,15.41,0.8508,627609545.0,9836981205.0,4911686317.0,98.36981205,49.11686317,1.6,89.2688,3.3448
001209,洪兴股份,广东,服饰,主板,20210723,20260805,16.54,1.286,25041310.2,2175385458.0,1589404684.0000002,21.75385458,15.894046840000003,0.94,103.3199,1.6591
001210,金房能源,北京,供气供热,主板,20210729,20260805,20.79,10.0,76097558.32,4564190862.0,2773799721.0,45.64190862,27.73799721,0.78,33.9564,3.0958
001211,双枪科技,浙江,家居用品,主板,20210805,20260805,20.71,2.5248,84207536.58,2071000000.0,1933073471.0000002,20.71,19.33073471,1.21,845.7498,2.3988
001212,中旗新材,广东,其他建材,主板,20210823,20260805,34.57,4.1893,187048515.0,6947173371.999999,6009949558.999999,69.47173371999999,60.09949558999999,0.98,,3.618
001213,中铁特货,北京,铁路,主板,20210908,20260805,3.55,-0.5602,24964017.0,15777777620.000002,15777777620.000002,157.7777762,157.7777762,0.82,37.1747,0.8194
001215,千味央厨,河南,食品,主板,20210906,20260805,32.92,0.7961,63028788.0,3198520368.0,3190000672.0,31.98520368,31.90000672,0.86,50.3144,1.7207
001216,华瓷股份,湖南,家居用品,主板,20211019,20260805,14.18,2.0144,44095430.0,4139969233.0000005,1865424362.0,41.39969233000001,18.65424362,1.21,18.7792,2.1966
001217,华尔泰,安徽,化工原料,主板,20210929,20260805,9.78,-0.7107,46532590.0,3245688600.0,3213499686.0,32.456886,32.13499686,0.51,,1.4903
001218,丽臣实业,湖南,化工原料,主板,20211015,20260805,23.02,0.6999,40528694.0,3090626066.0,2756382572.0,30.90626066,27.56382572,0.76,19.1389,1.2762
001219,青岛食品,山东,食品,主板,20211021,20260805,12.33,-0.8045,26185147.52,2404150254.0,2345135175.0,24.04150254,23.45135175,0.68,21.6842,2.2015
001220,世盟股份,北京,仓储物流,主板,20260203,20260805,30.28,-0.4275,36424647.81,2794541200.0,698635300.0,27.945412,6.986353,1.09,20.0659,1.7896
001221,悍高集团,广东,家居用品,主板,20250730,20260805,40.5,0.6211,89719425.61999999,16200405000.0,3113218800.0,162.00405,31.132188,0.64,23.028,5.5014
001222,源飞宠物,浙江,文教休闲,主板,20220818,20260805,14.16,-0.4919,52576418.0,2703002400.0,1600061592.0,27.030024,16.00061592,0.71,23.327,1.8983
001223,欧克科技,江西,专用机械,主板,20221212,20260805,38.45,-2.5596,200665999.44000003,5025138160.0,2685148060.0,50.2513816,26.8514806,1.74,122.9962,2.607
001225,和泰机电,浙江,专用机械,主板,20230222,20260805,45.22,9.9976,95362793.0,2965111576.0,951374535.9999999,29.65111576,9.513745359999998,1.11,86.9487,2.1256
001226,拓山重工,安徽,工程机械,主板,20220622,20260805,41.05,-0.1217,22126979.0,3065068035.0,1392678720.0,30.65068035,13.9267872,0.71,149.4458,4.1239
001227,兰州银行,甘肃,银行,主板,20220117,20260805,2.19,-1.3514,155435820.68,12473576649.0,9236325000.0,124.73576649,92.36325,0.66,6.6889,0.4052
001228,永泰运,浙江,仓储物流,主板,20220429,20260805,27.81,1.9802,28815421.0,2888474526.0,2221034526.0,28.88474526,22.21034526,1.15,27.0322,1.6734
001229,魅视科技,广东,IT设备,主板,20220808,20260805,42.32,9.9792,480449157.40000004,6070046472.0,3121150784.0,60.70046472,31.21150784,2.1,87.3669,5.9946
001230,劲旅环境,安徽,环境保护,主板,20220715,20260805,18.74,0.9155,100714630.76,3518931610.0,2061002712.0,35.1893161,20.61002712,0.94,20.7889,1.7426
001231,农心科技,陕西,农药化肥,主板,20220819,20260805,19.15,-0.2604,19953392.5,1908864340.0,975939535.0,19.0886434,9.75939535,0.72,28.6473,1.8655
001232,嘉立创,,,主板,19700101,20260805,199.91,-3.894,4686727968.620001,111061999600.00002,8837321415.0,1110.6199960000001,88.37321415,,85.0194,14.6738
001233,海安集团,福建,汽车配件,主板,20251125,20260805,44.9,0.6501,60196441.28,8350201170.0,1693318190.0,83.5020117,16.9331819,0.89,14.921,1.7702
001234,泰慕士,江苏,服饰,主板,20220111,20260805,20.16,-0.5917,38316347.0,2189166336.0,1844347680.0,21.89166336,18.4434768,1.38,46.4737,2.3184
001236,弘业期货,江苏,多元金融,主板,20220805,20260805,7.72,0.0,74010913.0,7780044616.0,5852360616.0,77.80044616,58.52360616,0.74,1948.5701,4.1536
001237,惠康科技,浙江,电气设备,主板,20260522,20260805,55.22,1.3955,120477089.67,8191964308.0,1924748320.0,81.91964308,19.2474832,1.14,20.9393,5.5151
001238,浙江正特,浙江,家居用品,主板,20220919,20260805,25.26,-0.7855,10935715.200000001,3919038480.0,3666082314.0,39.1903848,36.66082314,0.8,108.2058,3.3598
001239,永达股份,湖南,工程机械,主板,20231212,20260805,11.69,1.1246,30002256.19,2805600000.0,1332660000.0,28.056,13.3266,0.73,59.0234,2.0673
001248,华润新能,,,主板,19700101,20260805,13.7,2.8529,2351888095.11,182506096730.0,14554932060.0,1825.0609673,145.5493206,1.22,29.9102,1.9702
001255,博菲电气,浙江,电气设备,主板,20220930,20260805,24.85,2.2634,35340786.0,2162153770.0,1920104830.0,21.6215377,19.2010483,1.21,140.6486,2.3983
001256,炜冈科技,浙江,轻工机械,主板,20221205,20260805,26.64,3.376,144058030.0,3799199663.9999995,2848151664.0,37.991996639999996,28.48151664,1.61,28.5625,2.8966
001257,盛龙股份,河南,小金属,主板,20260331,20260805,25.67,1.4224,562915254.1999999,47128857036.0,3515455160.0,471.28857036,35.1545516,1.52,53.3181,6.1658
001258,立新能源,新疆,新型电力,主板,20220727,20260805,13.53,0.9701,2045542103.8899999,12628000902.0,12627868308.000002,126.28000902,126.27868308000002,0.92,148.4276,4.1383
001259,利仁科技,北京,家用电器,主板,20220831,20260805,45.79,0.859,58051292.79,3369635731.0,2177062655.0,33.69635731,21.77062655,0.76,361.749,4.6372
001260,坤泰股份,山东,汽车配件,主板,20230216,20260805,16.43,-0.9047,22102703.4,1889450000.0,1889450000.0,18.8945,18.8945,1.23,45.8909,2.2723
001266,宏英智能,上海,电器仪表,主板,20220228,20260805,33.6,0.9615,226710884.88,3482695843.0,1953760939.0,34.82695843,19.53760939,2.37,227.7851,3.5309
001267,汇绿生态,湖北,通信设备,主板,20211117,20260805,35.28,10.0094,1031135877.71,27694923480.000004,21469876848.0,276.94923480000006,214.69876848,0.94,314.4203,16.8702
001268,联合精密,广东,机械基件,主板,20220630,20260805,19.62,2.4543,62769390.6,2956786974.0,1850903712.0,29.56786974,18.50903712,0.98,55.8705,2.9036
001269,欧晶科技,内蒙,矿物制品,主板,20220930,20260805,19.32,0.2075,55126474.0,3717407567.9999995,3717407567.9999995,37.174075679999994,37.174075679999994,0.8,,5.5159
001270,铖昌科技,浙江,半导体,主板,20220606,20260805,114.42,7.7706,1474708330.3400002,23583666858.0,23433593586.0,235.83666858,234.33593586,1.26,201.3807,15.1142
001277,速达股份,河南,专用机械,主板,20240903,20260805,27.74,-0.3234,30516030.0,2108240000.0,1263543130.0,21.0824,12.6354313,1.08,24.3526,1.3417
001278,一彬科技,浙江,汽车配件,主板,20230308,20260805,15.21,0.0,27611784.009999998,1881985014.0,1297578789.0,18.81985014,12.97578789,0.84,,1.5933
001279,强邦新材,安徽,广告包装,主板,20241011,20260805,24.92,0.201,20407105.0,3987200000.0,996800000.0,39.872,9.968,0.6,74.4986,3.9152
001280,中国铀业,北京,小金属,主板,20251203,20260805,65.48,2.1051,599779313.57,135424544264.0,11375663603.999998,1354.24544264,113.75663603999998,1.17,82.3029,7.9532
001282,三联锻造,安徽,汽车配件,主板,20230524,20260805,16.9,6.6919,78044989.43,3754936640.0,2581089680.0,37.5493664,25.8108968,1.93,34.2089,2.2716
001283,豪鹏科技,深圳,电气设备,主板,20220905,20260805,42.45,1.3852,152080124.48999998,5504920245.000001,4389283305.0,55.04920245000001,43.89283305,1.28,27.1078,1.546
001285,瑞立科密,广东,汽车配件,主板,20250930,20260805,42.39,-0.2823,53869965.27,7637753898.0,1759049352.0,76.37753898,17.59049352,0.88,22.9341,1.973
001286,陕西能源,陕西,火力发电,主板,20230410,20260805,10.29,0.1947,244186046.49,38587500000.0,13891500000.0,385.875,138.915,0.8,12.8219,1.4036
001287,中电港,深圳,元器件,主板,20230410,20260805,22.7,3.0413,636815090.3499999,17249732270.0,17249732270.0,172.4973227,172.4973227,1.16,60.6943,3.115
001288,运机集团,四川,专用机械,主板,20211101,20260805,26.29,-0.3789,136526049.8,6145652931.0,3992741170.0000005,61.45652931,39.92741170000001,0.95,31.3964,2.6306
001289,龙源电力,北京,新型电力,主板,20220124,20260805,16.33,-0.7898,110986030.65,136515798546.0,82334785486.0,1365.15798546,823.34785486,1.11,30.1611,1.7799
001296,长江材料,重庆,其他建材,主板,20211224,20260805,17.99,1.9263,29209721.580000002,2691143889.0,1386969633.0,26.91143889,13.86969633,0.99,21.7117,1.4814
001298,好上好,深圳,元器件,主板,20221031,20260805,17.31,2.5474,168173489.73999998,7486817340.000001,7052429814.000001,74.8681734,70.52429814000001,1.09,98.2526,4.444
001299,美能能源,陕西,供气供热,主板,20221031,20260805,9.86,0.6122,27440674.62,3098161872.0,2789150458.0,30.98161872,27.89150458,1.09,30.2297,2.4948
001300,三柏硕,山东,文教休闲,主板,20221019,20260805,10.63,2.0154,33976993.0,2591337817.0,2591337817.0,25.91337817,25.91337817,0.98,,2.6922
001301,尚太科技,河北,电气设备,主板,20221228,20260805,53.77,0.2985,227172255.29999998,19605413074.0,13984985530.0,196.05413074,139.8498553,0.85,20.7285,2.7289
001306,夏厦精密,浙江,机械基件,主板,20231116,20260805,53.03,2.4141,60807127.0,3337045324.9999995,821965000.0,33.37045325,8.21965,1.59,,2.5987
001308,康冠科技,深圳,元器件,主板,20220318,20260805,19.04,5.7778,123251147.87,13405898352.0,9276986768.0,134.05898352,92.76986768,2.16,26.5221,1.6616
001309,德明利,深圳,半导体,主板,20220701,20260805,386.24,6.0574,10394934859.8,87616883168.0,63741109952.0,876.16883168,637.41109952,0.92,127.2892,13.2284
001311,多利科技,安徽,汽车配件,主板,20230227,20260805,16.22,1.8844,66279642.36,6547400884.0,2873058332.0,65.47400884,28.73058332,0.72,27.9315,1.3935
001312,福恩股份,浙江,纺织,主板,20260421,20260805,17.88,0.393,39178520.45,4172001192.0,1022026164.0,41.72001192,10.22026164,0.95,18.112,3.0849
001313,粤海饲料,广东,饲料,主板,20220216,20260805,7.22,0.1387,79929541.0,5054000000.0,5047886826.0,50.54,50.47886826,0.91,284.0146,1.972
001314,亿道信息,深圳,元器件,主板,20230214,20260805,52.08,2.6814,241151348.88,7428378720.0,6463096752.000001,74.2837872,64.63096752000001,0.72,113.6548,3.5183
001316,润贝航科,深圳,批发业,主板,20220624,20260805,26.69,2.065,57789120.61,4301403104.0,4013321920.0,43.01403104,40.1332192,1.05,23.3926,3.1535
001317,三羊马,重庆,铁路,主板,20211130,20260805,54.96,1.6272,330884924.96,4702696368.0,4698057744.0,47.02696368,46.98057744,0.85,,4.6311
001318,阳光乳业,江西,乳制品,主板,20220520,20260805,11.02,1.0082,62057574.0,3114913200.0,3114913200.0,31.149132,31.149132,0.6,29.8164,2.1073
001319,铭科精技,广东,汽车配件,主板,20220512,20260805,19.19,0.8408,31730871.0,2713466000.0,1217885674.0,27.13466,12.17885674,0.95,19.2667,1.9253
001322,箭牌家居,广东,家居用品,主板,20221026,20260805,6.19,0.0,16189743.0,5986738970.0,4862938280.0,59.8673897,48.6293828,0.63,130.7598,1.2811
001323,慕思股份,广东,家居用品,主板,20220623,20260805,17.36,1.2835,76875785.0,7553000952.0,5403265280.000001,75.53000952,54.03265280000001,0.75,14.1038,1.6404
001324,长青科技,江苏,运输设备,主板,20230522,20260805,18.9,-0.8395,40078222.0,2608200000.0,2608200000.0,26.082,26.082,1.3,61.7035,2.2634
001325,元创股份,浙江,橡胶,主板,20251218,20260805,36.6,1.1888,53072388.18,2869440000.0,717360000.0,28.6944,7.1736,1.94,18.1845,1.572
001326,联域股份,深圳,电气设备,主板,20231109,20260805,54.68,5.8459,117406729.30000001,4002576000.0,1313265964.0,40.02576,13.13265964,1.49,157.9658,3.2382
001328,登康口腔,重庆,日用化工,主板,20230410,20260805,30.38,1.0309,64175435.0,5230640044.0,4912959422.0,52.30640044,49.12959422,0.71,28.8861,3.3244
001330,博纳影业,新疆,影视音像,主板,20220818,20260805,5.23,0.5769,298145163.0,7188734370.0,6081691379.0,71.8873437,60.81691379,0.81,,1.8914
001331,胜通能源,山东,供气供热,主板,20220908,20260805,50.2,6.6044,802535728.81,20544254620.0,14348876839.999998,205.4425462,143.48876839999997,1.45,1116.0257,13.9696
001332,锡装股份,江苏,专用机械,主板,20220920,20260805,31.23,1.462,69513061.04,4830843780.0,2098809027.0,48.3084378,20.98809027,1.13,21.2534,1.8169
001333,光华股份,浙江,化工原料,主板,20221208,20260805,19.62,3.2632,46088084.7,2511360000.0,2511360000.0,25.1136,25.1136,2.08,21.6817,1.4147
001335,信凯科技,浙江,化工原料,主板,20250415,20260805,31.81,1.3057,24409143.0,2981853495.0,812554640.0000001,29.81853495,8.125546400000001,1.09,38.3168,3.0062
001336,楚环科技,浙江,专用机械,主板,20220725,20260805,17.46,-0.1144,28128547.8,1824318576.0,1122655302.0,18.24318576,11.22655302,0.78,47.3372,2.227
001337,四川黄金,四川,黄金,主板,20230303,20260805,43.27,9.9898,849700706.16,18173400000.0,18173400000.0,181.734,181.734,1.21,39.0134,8.6439
001338,永顺泰,广东,啤酒,主板,20221116,20260805,8.78,-0.5663,35789613.0,4405196424.0,4405196424.0,44.05196424,44.05196424,0.86,18.6106,1.1782
001339,智微智能,深圳,IT设备,主板,20220815,20260805,77.01,7.0029,1417333199.97,25184795928.000004,12467895896.999998,251.84795928000003,124.67895896999998,1.63,147.327,9.2655
001356,富岭股份,浙江,塑料,主板,20250123,20260805,8.72,-0.3429,32313356.0,5138870400.0,1845993480.0,51.388704,18.4599348,0.7,56.1487,2.5234
001358,兴欣新材,浙江,化工原料,主板,20231221,20260805,26.11,2.9574,187453724.20999998,3216752000.0,1330991193.0,32.16752,13.30991193,0.72,66.5788,2.2086
001359,平安电工,湖北,矿物制品,主板,20240328,20260805,86.17,9.9949,380166110.17,20780248797.0,5195258236.0,207.80248797,51.95258236,0.78,85.9997,10.0668
001360,南矿集团,江西,工程机械,主板,20230410,20260805,15.47,2.6543,59297041.3,3155880000.0,1941243668.0,31.5588,19.41243668,1.0,63.1536,2.2055
001365,天海电子,河南,汽车配件,主板,20260518,20260805,37.9,1.9365,294607529.54,19897500000.0,2179462240.0,198.975,21.7946224,1.34,31.0274,3.7733
001366,播恩集团,江西,饲料,主板,20230307,20260805,11.46,-0.3478,38544955.5,1841392800.0,1841392800.0,18.413928,18.413928,1.11,,2.2882
001367,海森药业,浙江,化学制药,主板,20230410,20260805,18.18,-0.6014,35005980.48,2769744816.0,2211360660.0,27.69744816,22.1136066,1.46,20.3838,1.8152
001368,通达创智,福建,文教休闲,主板,20230313,20260805,21.29,1.0921,28384464.25,2408329058.0,2301035974.0,24.08329058,23.01035974,0.83,24.5137,1.7001
001369,双欣材料,内蒙,化纤,主板,20251230,20260805,13.05,0.7722,144024140.62,14968350000.0,2707266870.0,149.6835,27.0726687,0.97,27.9162,2.1198
001373,翔腾新材,江苏,元器件,主板,20230601,20260805,26.89,-0.6649,50973613.0,1846990741.0,1128317845.0,18.46990741,11.28317845,0.92,,2.1892
001376,百通能源,江西,供气供热,主板,20231103,20260805,11.4,0.5291,182638785.8,5254260000.0,2440073818.0,52.5426,24.40073818,0.55,26.241,4.1085
001378,德冠新材,广东,塑料,主板,20231030,20260805,17.81,1.6553,68880991.46000001,3087073197.0,1502127458.0,30.87073197,15.02127458,1.02,37.3826,1.6241
001379,腾达科技,山东,机械基件,主板,20240119,20260805,15.69,0.5125,24573172.2,3138000000.0,1055900913.0,31.38,10.55900913,0.87,43.6684,2.0792
001380,华纬科技,浙江,汽车配件,主板,20230516,20260805,16.46,-0.1819,20320978.35,4458260264.0,3830774728.0,44.58260264,38.30774728,0.77,16.207,2.2675
001382,新亚电缆,广东,电气设备,主板,20250321,20260805,17.52,-1.1844,88604661.76,7218240000.0,1103760000.0,72.1824,11.0376,0.75,71.9035,4.4009
001386,马可波罗,广东,家居用品,主板,20251022,20260805,15.04,0.1332,55745931.46,17971596800.0,1617443712.0,179.715968,16.17443712,0.93,14.8514,1.4699
001387,雪祺电气,安徽,家用电器,主板,20240111,20260805,11.63,0.2586,34241641.0,2128643552.0,1354832198.0,21.28643552,13.54832198,0.9,21.845,1.6117
001388,信通电子,山东,电气设备,主板,20250701,20260805,23.41,4.4157,416935778.33,5472462060.0,2929026426.0,54.7246206,29.29026426,2.47,39.935,3.7789
001389,广合科技,广东,元器件,主板,20240402,20260805,160.32,5.0039,1558260857.49,75784733172.0,24425857246.0,757.84733172,244.25857246,0.95,74.6068,10.513
001390,古麒绒材,安徽,纺织,主板,20250529,20260805,17.78,0.6225,18440871.200000003,3556001778.0,2111895954.0,35.56001778,21.11895954,1.11,19.9439,2.1335
001391,国货航,北京,仓储物流,主板,20241230,20260805,4.32,-0.2309,98066985.4,52742366784.0,6563609280.0,527.42366784,65.6360928,0.92,20.4057,1.9312
001393,维通利,北京,电气设备,主板,20260515,20260805,45.94,2.1116,167320696.23999998,11454376396.000002,2206966788.0,114.54376396000002,22.06966788,1.24,38.0321,6.0694
001395,亚联机械,吉林,专用机械,主板,20250127,20260805,29.84,1.1525,78020413.8,3384214080.0,1551873960.0,33.8421408,15.5187396,0.82,18.0947,2.7163
001396,誉帆科技,上海,建筑工程,主板,20251230,20260805,34.7,0.4923,42391198.230000004,3709513280.0,788293780.0,37.0951328,7.8829378,1.02,29.6739,2.5927
001399,惠科股份,,,主板,19700101,20260805,24.01,4.0746,1355000237.66,177849325821.99997,10337906467.0,1778.4932582199997,103.37906467,1.34,46.7876,6.7352
001400,江顺科技,江苏,专用机械,主板,20250424,20260805,73.28,4.017,147402977.01999998,6155520000.0,3387844319.9999995,61.5552,33.87844319999999,1.16,75.8483,4.7972
001696,宗申动力,重庆,摩托车,主板,19970306,20260805,15.53,0.3878,833472447.36,17782267757.0,13843210603.0,177.82267757,138.43210603,0.96,26.7196,3.1995
001872,招商港口,深圳,港口,主板,19930505,20260805,21.95,-1.1706,46938793.019999996,54483155185.0,50534451155.0,544.83155185,505.34451155,0.6,11.815,0.8305
001896,豫能控股,河南,火力发电,主板,19980122,20260805,13.49,4.331,1461774207.5400002,20582789737.0,20582789737.0,205.82789737,205.82789737,1.2,52.7279,5.7765
001914,招商积余,深圳,房产服务,主板,19940928,20260805,8.79,-1.7877,80443939.35,9262197921.0,9262164519.0,92.62197921,92.62164519,1.24,14.1499,0.8453
001965,招商公路,天津,路桥,主板,20171225,20260805,9.58,-2.045,162618701.29999998,65097010100.0,65097010100.0,650.970101,650.970101,0.83,14.1203,0.9286
001979,招商蛇口,深圳,全国地产,主板,20151230,20260805,6.88,0.8798,561479470.36,62030301536.0,61023630256.0,620.30301536,610.23630256,0.8,60.5892,0.6357
002001,新和成,浙江,化学制药,主板,20040625,20260805,29.8,-1.0296,1156182574.42,91587966660.0,90498127020.0,915.8796666,904.9812702,1.32,13.5401,2.607
002003,伟星股份,浙江,服饰,主板,20040625,20260805,10.41,0.0962,172006946.98000002,12376341776.999998,10640070369.0,123.76341776999998,106.40070369,0.92,19.2001,2.6479
002004,华邦健康,重庆,农药化肥,主板,20040625,20260805,4.42,-0.8969,86763680.07000001,8751242864.0,8324285008.0,87.51242864,83.24285008,0.9,12.2706,0.8418
002005,德豪润达,安徽,家用电器,主板,20040625,20260805,2.33,-1.6878,43804915.0,4083150017.0,4082100119.0,40.83150017,40.82100119,0.86,119.752,12.2786
002006,精工科技,浙江,专用机械,主板,20040625,20260805,13.9,0.7977,106239472.44,7225128260.0,7225128260.0,72.2512826,72.2512826,0.99,38.9494,2.8899
002007,华兰生物,河南,生物制药,主板,20040625,20260805,13.3,-1.4085,138545070.54,24281690299.999996,20928123230.0,242.81690299999997,209.2812323,0.74,25.8206,2.0718
002008,大族激光,深圳,专用机械,主板,20040625,20260805,94.8,7.4221,4963342880.900001,97606402320.00002,90697757520.0,976.0640232000002,906.9775752,1.07,82.0439,4.7225
002009,天奇股份,江苏,工程机械,主板,20040629,20260805,17.97,-0.6633,571045425.64,7228130604.0,6362235372.0,72.28130604,63.62235372,1.98,132.1826,3.5201
002010,传化智联,浙江,仓储物流,主板,20040629,20260805,4.97,-0.4008,96166330.01,13737233573.0,13703905250.0,137.37233573,137.0390525,0.73,23.2971,0.7565
002011,盾安环境,浙江,家用电器,主板,20040705,20260805,10.55,0.2852,111599392.72,11335735515.0,11198988525.0,113.35735515,111.98988525,0.95,10.5162,1.661
002012,凯恩股份,浙江,造纸,主板,20040705,20260805,6.44,0.625,155508719.66,3011508220.0,3011508220.0,30.1150822,30.1150822,1.2,95.0055,1.9293
002014,永新股份,安徽,塑料,主板,20040708,20260805,10.97,0.8272,33506508.6,6719035046.0,6611556470.999999,67.19035046,66.11556470999999,0.58,15.3356,2.6172
002015,协鑫能科,江苏,新型电力,主板,20040708,20260805,16.12,0.1242,1534031727.59,26167992552.0,26167992552.0,261.67992552,261.67992552,1.15,64.7427,2.1648
002016,世荣兆业,广东,区域地产,主板,20040708,20260805,4.56,4.5872,75093631.55999999,3689475936.0,3689475936.0,36.89475936,36.89475936,1.65,26.8553,0.7478
002017,东信和平,广东,通信设备,主板,20040713,20260805,14.0,-0.1427,221016353.14,8126046600.0,8121202600.0,81.260466,81.212026,1.05,49.8116,4.3481
002019,亿帆医药,浙江,化学制药,主板,20040713,20260805,10.22,-1.256,106269934.7,12431506669.0,8610537077.0,124.31506669,86.10537077,1.12,30.9225,1.3975
002020,京新药业,浙江,化学制药,主板,20040715,20260805,13.83,0.655,222148673.04,11908032453.0,10012481589.0,119.08032453,100.12481589,1.31,15.7102,1.9541
002021,中捷资源,浙江,纺织机械,主板,20040715,20260805,2.71,4.6332,137013566.09,3239743483.0,3239636709.0000005,32.39743483,32.396367090000005,1.53,,5.2867
002022,科华生物,上海,医疗保健,主板,20040721,20260805,5.18,-0.956,33693484.080000006,2664576978.0,2664198320.0,26.64576978,26.6419832,1.0,,1.0513
002023,海特高新,四川,航空,主板,20040721,20260805,10.33,4.4489,291093490.9,7653086899.0,7583875899.0,76.53086899,75.83875899,1.42,,2.0561
002024,ST易购,江苏,电器连锁,主板,20040721,20260805,1.22,-0.813,28793261.17,11303016472.0,11215333973.999998,113.03016472,112.15333973999998,0.8,194.4103,0.9169
002025,航天电器,贵州,元器件,主板,20040726,20260805,66.33,4.5061,1314875753.3700001,30115133334.0,30105283328.999996,301.15133334,301.05283328999997,1.16,164.7015,4.5243
002026,山东威达,山东,机械基件,主板,20040727,20260805,10.3,-0.675,69690674.97999999,4537478570.0,4537087170.0,45.3747857,45.3708717,1.04,17.9944,1.1745
002027,分众传媒,上海,广告包装,主板,20040804,20260805,5.28,-0.7519,949127634.28,76254814416.0,76254814416.0,762.54814416,762.54814416,0.74,25.8813,4.937
002028,思源电气,上海,电气设备,主板,20040805,20260805,160.95,3.5048,1434736414.75,125955172635.0,98309145225.00002,1259.55172635,983.0914522500002,0.82,39.984,7.8148
002029,七匹狼,福建,服饰,主板,20040806,20260805,8.77,0.3432,158971951.38000003,6183056972.000001,5835610620.0,61.83056972000001,58.3561062,0.78,18.5871,0.9103
002030,达安基因,广东,医疗保健,主板,20040809,20260805,5.55,-0.3591,105704613.92,7789125300.0,7789125300.0,77.891253,77.891253,0.96,,1.1065
002031,巨轮智能,广东,汽车配件,主板,20040816,20260805,5.38,2.4762,691738510.53,11832748866.0,10295278828.0,118.32748866,102.95278828,1.39,,6.0969
002032,苏泊尔,浙江,家用电器,主板,20040817,20260805,41.52,-1.3308,89973198.88,33209697264.0,33194579832.0,332.09697264,331.94579832,0.62,15.8389,4.8928
002033,丽江股份,云南,旅游景点,主板,20040825,20260805,8.75,0.344,113511531.36999999,4808043625.0,4807951750.0,48.08043625,48.0795175,0.88,22.5226,1.8311
002034,旺能环境,浙江,环境保护,主板,20040826,20260805,14.37,-0.4848,131959330.96,7424996244.0,7394046138.000001,74.24996244,73.94046138000002,1.21,10.2955,1.0186
002035,华帝股份,广东,家用电器,主板,20040901,20260805,4.85,-0.4107,37007650.0,4111120445.0,3792882845.0,41.11120445,37.92882845,0.81,13.6589,1.0681
002036,联创电子,江西,元器件,主板,20040903,20260805,7.8,10.0141,285907073.96000004,8249265180.0,8232648840.0,82.4926518,82.3264884,0.43,,8.546
002037,保利联合,贵州,化工原料,主板,20040908,20260805,6.82,-0.438,59121646.26,3300086152.0,3300086152.0,33.00086152,33.00086152,0.61,,3.213
002038,双鹭药业,北京,生物制药,主板,20040909,20260805,5.73,-0.5208,152869571.02,5886715500.0,4881451749.0,58.867155,48.81451749,0.9,,1.1553
002039,黔源电力,贵州,水力发电,主板,20050303,20260805,19.93,0.2011,128024908.93,8521232933.0,8521209017.0,85.21232933,85.21209017,0.76,14.199,1.8786
002040,南京港,江苏,港口,主板,20050325,20260805,8.18,0.1224,41511523.56,3976096772.0,3976096772.0,39.76096772,39.76096772,0.92,21.5178,1.1457
002041,登海种业,山东,种植业,主板,20050418,20260805,8.74,-0.5688,100270436.0,7691200000.0,7691200000.0,76.912,76.912,0.81,83.9162,2.0818
002042,华孚时尚,安徽,纺织,主板,20050427,20260805,3.87,-0.7692,128691866.39,6581637018.0,6581637018.0,65.81637018,65.81637018,1.17,114.6652,1.1138
002043,兔宝宝,浙江,其他建材,主板,20050510,20260805,12.82,-0.4658,114652100.08,10637452690.0,10352448706.0,106.3745269,103.52448706,0.53,15.1469,3.085
002044,美年健康,浙江,医疗保健,主板,20050518,20260805,4.93,1.4403,535745851.07,19297271727.0,19099942068.0,192.97271727,190.99942068,0.91,67.6321,2.445
002045,国光电器,广东,元器件,主板,20050523,20260805,8.66,0.6977,203144179.59,4871104512.0,4864537634.0,48.71104512,48.64537634,0.74,,1.15
002046,国机精工,河南,机械基件,主板,20050526,20260805,45.35,4.0854,616109630.65,24316257315.000004,24043572300.0,243.16257315000004,240.435723,1.02,93.4009,5.5749
002047,宝鹰股份,深圳,装修装饰,主板,20050531,20260805,3.33,1.2158,106353609.72,5049108171.0,5048809137.0,50.49108171,50.48809137,1.21,85.2773,124.0454
002048,宁波华翔,浙江,汽车配件,主板,20050603,20260805,19.41,1.623,343038819.69,15764827233.0,13745585523.000002,157.64827233,137.45585523000003,0.92,37.6989,1.3146
002049,紫光国微,河北,半导体,主板,20050606,20260805,67.2,2.5172,2128036348.6700003,56665304640.0,56657657280.0,566.6530464,566.5765728,1.34,39.4296,4.0695
002050,三花智控,浙江,家用电器,主板,20050607,20260805,39.41,1.7295,3350640453.7999997,165837827799.0,145464083450.0,1658.37827799,1454.6408345,1.2,40.8177,5.0827
002051,中工国际,北京,建筑工程,主板,20060619,20260805,9.48,1.826,381560779.41,11627059788.0,11626384812.0,116.27059788,116.26384812,1.16,37.0027,1.0
002052,同洲电子,深圳,家用电器,主板,20060627,20260805,8.86,0.6818,82795308.39999999,6666615742.0,6107970592.0,66.66615742,61.07970592,0.97,36.9915,23.9332
002053,云南能投,云南,新型电力,主板,20060627,20260805,9.74,0.1028,59405482.1,8967904356.0,8967841046.0,89.67904356,89.67841046,0.74,37.9517,1.176
002054,德美化工,广东,染料涂料,主板,20060725,20260805,7.16,0.9873,82018869.42,3451946264.0,2749528068.0,34.51946264,27.49528068,0.68,29.2084,1.319
002055,ST得润,深圳,元器件,主板,20060725,20260805,5.54,0.7273,61726856.0,3348874600.0,3290704600.0,33.488746,32.907046,0.89,,2.4704
002056,横店东磁,浙江,电气设备,主板,20060802,20260805,21.94,5.9392,935948819.0,35690063474.0,35653193304.0,356.90063474,356.53193304,1.32,19.2796,3.2388
002057,中钢天源,安徽,矿物制品,主板,20060802,20260805,8.43,1.9347,218433467.26999998,6355239591.0,6350436176.999999,63.55239591,63.50436176999999,1.04,36.0577,1.9475
002058,威尔泰,上海,电气设备,主板,20060802,20260805,16.92,1.1962,89743880.75,2427145236.0,2421387360.0,24.27145236,24.2138736,1.44,12.0279,38.3113
002059,云南旅游,云南,旅游景点,主板,20060810,20260805,4.5,0.0,27455080.0,4555957050.0,4423707450.0,45.5595705,44.2370745,0.59,,4.3068
002060,广东建工,广东,建筑工程,主板,20060810,20260805,3.4,0.5917,67671466.73,12764937220.0,5313569980.0,127.6493722,53.1356998,1.09,11.5115,0.8811
002061,浙江交科,浙江,建筑工程,主板,20060816,20260805,3.58,-1.6484,69530639.71000001,9462484160.0,9304913682.0,94.6248416,93.04913682,0.82,9.8125,0.5902
002062,宏润建设,浙江,建筑工程,主板,20060816,20260805,7.95,1.4031,120825798.6,9836303655.0,8941372950.0,98.36303655,89.4137295,1.23,35.168,1.9797
002063,远光软件,广东,软件服务,主板,20060823,20260805,5.81,0.6932,440806088.51,11128897549.0,10278831801.0,111.28897549,102.78831801,1.95,37.0888,2.7884
002064,华峰化学,浙江,化纤,主板,20060823,20260805,11.55,6.1581,786354810.84,57317382045.0,57195491430.0,573.17382045,571.9549143,1.3,30.8564,1.9917
002065,东华软件,北京,软件服务,主板,20060823,20260805,7.58,-0.2632,581487160.8100001,24297555834.0,22042045728.000004,242.97555834,220.42045728000005,1.22,50.9072,1.9622
002066,瑞泰科技,北京,其他建材,主板,20060823,20260805,20.74,3.2354,86346142.22,4871971180.0,4790940000.0,48.7197118,47.9094,1.53,,7.8304
002067,景兴纸业,浙江,造纸,主板,20060915,20260805,4.57,1.1062,399653059.92,6740082323.0,6112849823.0,67.40082323,61.12849823,1.06,121.5347,1.0081
002068,黑猫股份,江西,化工原料,主板,20060915,20260805,8.1,2.2727,214085496.1,5956296120.0,5953332330.0,59.5629612,59.5333233,0.89,,2.554
002069,獐子岛,辽宁,渔业,主板,20060928,20260805,3.23,-0.9202,30986960.0,2296892406.0,2293998326.0,22.96892406,22.93998326,0.96,,83.6639
002072,凯瑞德,湖北,商贸代理,主板,20061018,20260805,7.18,-0.4161,54787835.41,2639942400.0,2638878324.0,26.399424,26.38878324,1.38,,11.4241
002073,软控股份,山东,专用机械,主板,20061018,20260805,5.73,-1.2069,123383007.39,5869716882.0,5810282457.0,58.69716882,58.10282457,1.17,14.5616,0.9213
002074,国轩高科,安徽,电气设备,主板,20061018,20260805,28.27,0.9643,856116846.12,51302284231.0,49097566298.0,513.02284231,490.97566298,0.88,21.526,1.7733
002075,沙钢股份,江苏,特种钢,主板,20061025,20260805,4.1,0.0,204645156.37,8994684140.0,8994669790.0,89.9468414,89.9466979,0.9,33.6346,1.3587
002076,星光股份,广东,家用电器,主板,20061025,20260805,2.08,1.4634,122098973.97999999,2306978960.0,2167922016.0,23.0697896,21.67922016,2.14,,7.5777
002077,大港股份,江苏,半导体,主板,20061116,20260805,12.5,4.3406,665003014.57,7254356250.0,7254356250.0,72.5435625,72.5435625,1.57,136.5154,2.1436
002078,太阳纸业,山东,造纸,主板,20061116,20260805,14.11,-0.5638,200341473.1,39430890261.0,39188471995.0,394.30890261,391.88471995,0.71,12.1303,1.2626
002079,苏州固锝,江苏,电气设备,主板,20061116,20260805,9.52,2.4758,484329862.95,8648810520.0,7721923328.0,86.4881052,77.21923328,1.09,117.7694,2.7035
002080,中材科技,江苏,玻璃,主板,20061120,20260805,48.81,10.0068,2649229277.8599997,81909212916.0,81909212916.0,819.09212916,819.09212916,0.95,45.0601,4.0056
002081,金螳螂,江苏,装修装饰,主板,20061120,20260805,3.98,1.5306,401224139.65000004,10568188326.0,10524088732.0,105.68188326,105.24088732,0.97,23.8201,0.7585
002082,ST万邦,浙江,中成药,主板,20061120,20260805,10.26,2.7027,130616906.5,6275930166.0,5826117402.0,62.75930166,58.26117402,0.79,,2.403
002083,孚日股份,山东,纺织,主板,20061124,20260805,11.68,3.4544,929670876.2,11056743660.0,11056743660.0,110.5674366,110.5674366,0.79,25.8077,2.2636
002084,海鸥住工,广东,家居用品,主板,20061124,20260805,3.51,-0.2841,56614620.18,2267656911.0,2262339963.0,22.67656911,22.62339963,0.94,,1.7507
002085,万丰奥威,浙江,汽车配件,主板,20061128,20260805,10.83,0.2778,281035664.51,22995311925.0,22995311925.0,229.95311925,229.95311925,0.88,23.2931,3.0107
002086,东方海洋,山东,渔业,主板,20061128,20260805,1.87,-0.5319,47733399.0,3663229955.0,2957003137.0,36.63229955,29.57003137,0.75,,2.8887
002088,鲁阳节能,山东,矿物制品,主板,20061130,20260805,7.58,-1.0444,25359091.799999997,3861556716.0,3835211668.0,38.61556716,38.35211668,0.91,90.0063,1.5251
002090,金智科技,江苏,电气设备,主板,20061208,20260805,9.54,-0.8316,75807645.1,3821505533.9999995,3798720198.0,38.21505533999999,37.98720198,0.66,57.8829,2.4392
002091,江苏国泰,江苏,商贸代理,主板,20061208,20260805,7.8,-0.3831,82721440.64,12696276839.999998,12498502379.999998,126.96276839999999,124.98502379999998,0.79,9.8123,0.7932
002092,中泰化学,新疆,化工原料,主板,20061208,20260805,4.44,-0.6711,274313716.0,11499686580.0,11435422020.0,114.9968658,114.3542202,0.93,,0.5377
002093,国脉科技,福建,文教休闲,主板,20061215,20260805,7.15,0.8463,114358896.94999999,7203625000.0,7203625000.0,72.03625,72.03625,0.93,40.7724,1.8751
002094,青岛金王,山东,日用化工,主板,20061215,20260805,4.78,-0.4167,88681587.0,3302490050.0,3300367730.0,33.0249005,33.0036773,0.79,155.8599,2.2373
002095,生意宝,浙江,互联网,主板,20061215,20260805,14.48,0.2076,66782212.36000001,3659385600.0,3644737632.0,36.593856,36.44737632,1.32,,4.1756
002096,易普力,湖南,化工原料,主板,20061222,20260805,9.48,-0.8368,53451233.0,11759378784.0,11759358876.0,117.59378784,117.59358876,0.67,14.836,1.4474
002097,山河智能,湖南,工程机械,主板,20061222,20260805,7.37,-0.1355,152524957.3,7919929501.0,7905277941.000001,79.19929501,79.05277941000001,1.05,94.1035,1.6909
002098,浔兴股份,福建,服饰,主板,20061222,20260805,6.67,-1.0386,23092768.0,2387860000.0,2387860000.0,23.8786,23.8786,1.18,11.6004,1.5698
002099,海翔药业,浙江,化学制药,主板,20061226,20260805,5.41,-1.4572,52922005.71,8757249519.0,8747121999.0,87.57249519,87.47121999,0.62,,1.7724
002100,天康生物,新疆,饲料,主板,20061226,20260805,7.05,0.8584,157309485.56,9625023075.0,9625023075.0,96.25023075,96.25023075,1.08,45.6953,1.4033
002101,广东鸿图,广东,汽车配件,主板,20061229,20260805,8.98,-0.9923,45567406.199999996,5952150540.0,5946665556.0,59.5215054,59.46665556,0.94,16.4297,0.7475
002102,ST能特,湖北,化学制药,主板,20061229,20260805,2.26,-0.4405,24384581.0,5594916568.0,4813688582.0,55.94916568,48.13688582,0.99,22.5191,1.8048
002103,广博股份,浙江,文教休闲,主板,20070110,20260805,6.73,-1.895,120525282.00999999,3595657290.0,2612152588.0,35.9565729,26.12152588,1.38,21.8504,2.8617
002104,恒宝股份,江苏,通信设备,主板,20070110,20260805,10.69,0.8491,360652939.46000004,7572263638.000001,6410810104.0,75.72263638000001,64.10810104,0.87,128.905,3.5481
002105,信隆健康,深圳,摩托车,主板,20070112,20260805,5.43,-0.7313,44367014.0,1988694060.0,1979077530.0,19.8869406,19.7907753,0.96,,2.49
002106,莱宝高科,深圳,元器件,主板,20070112,20260805,10.49,3.4517,313950601.99,7404011938.0,7394427225.0,74.04011938,73.94427225,1.38,30.2076,1.3182
002107,沃华医药,山东,中成药,主板,20070124,20260805,6.15,-0.8065,63300687.2,3549839040.0,3514087860.0,35.4983904,35.1408786,1.17,37.0875,5.0202
002108,沧州明珠,河北,塑料,主板,20070124,20260805,4.4,0.4566,110991869.60000001,7253832106.0,7251192106.0,72.53832106,72.51192106,1.04,47.2317,1.4394
002109,ST兴化,陕西,化工原料,主板,20070126,20260805,2.58,-0.3861,14355207.58,3292776341.9999995,3292776341.9999995,32.92776342,32.92776342,0.84,,0.8401
002110,三钢闽光,福建,普钢,主板,20070126,20260805,3.21,0.0,64167432.9,7797334602.0,7797334602.0,77.97334602,77.97334602,0.65,287.7752,0.4025
002111,威海广泰,山东,航空,主板,20070126,20260805,9.61,0.1042,61844484.74,5112626671.0,4696902876.0,51.12626671,46.96902876,0.77,39.6236,1.6553
002112,三变科技,浙江,电气设备,主板,20070208,20260805,17.12,-1.7222,557428507.37,5035527856.0,4486802752.0,50.35527856,44.86802752,0.81,361.3594,5.8195
002114,罗平锌电,云南,铅锌,主板,20070215,20260805,7.1,3.4985,84723563.99,2296105920.0,2296074680.0,22.9610592,22.9607468,1.76,,3.1772
002115,三维通信,浙江,互联网,主板,20070215,20260805,11.8,1.7241,988912123.84,9499440140.0,8805941160.0,94.9944014,88.0594116,1.04,,4.5986
002116,中国海诚,上海,建筑工程,主板,20070215,20260805,7.09,-0.4213,20386303.2,3962975763.0,3914764515.0000005,39.62975763,39.14764515,0.89,11.6383,1.4075
002117,东港股份,山东,广告包装,主板,20070302,20260805,8.22,0.612,53351141.48,4304986620.0,4303544832.0,43.0498662,43.03544832,0.97,29.8616,2.9057
002119,康强电子,浙江,半导体,主板,20070302,20260805,22.3,10.0148,670859425.84,8368833199.999999,8368833199.999999,83.68833199999999,83.68833199999999,0.78,71.8536,5.9491
002120,韵达股份,浙江,仓储物流,主板,20070306,20260805,6.81,-0.5839,207394151.54,19743560853.0,19171034619.0,197.43560853,191.71034619,0.87,16.854,0.9278
002121,科陆电子,深圳,电器仪表,主板,20070306,20260805,5.31,-0.3752,138502664.3,8881243728.0,7495888443.0,88.81243728,74.95888443,0.83,,25.035
002122,ST汇洲,浙江,机床制造,主板,20070328,20260805,2.45,0.823,39174177.0,4903676470.0,4869914000.0,49.0367647,48.69914,1.32,106.8027,2.2469
002123,梦网科技,辽宁,互联网,主板,20070328,20260805,8.69,1.0465,293654931.96000004,6999122394.0,6261423949.0,69.99122394,62.61423949,1.13,,4.5995
002124,天邦食品,浙江,农业综合,主板,20070403,20260805,2.26,0.8929,116640215.67999999,5021570388.0,4457101036.0,50.21570388,44.57101036,1.05,,3.0274
002125,湘潭电化,湖南,化工原料,主板,20070403,20260805,12.75,1.1102,250394580.38,8026416975.0,8026416975.0,80.26416975,80.26416975,0.94,35.6021,2.3585
002126,银轮股份,浙江,汽车配件,主板,20070418,20260805,41.19,4.0152,1006350919.29,34880565228.0,32752125525.000004,348.80565228,327.52125525,1.17,36.4385,4.6628
002127,南极电商,江苏,互联网,主板,20070418,20260805,3.15,-0.3165,125326964.0,7732841769.0,6283408941.0,77.32841769,62.83408941,0.88,,1.9857
002128,电投能源,内蒙,煤炭开采,主板,20070418,20260805,27.11,1.8025,275527558.62,84758794181.0,60769057585.00001,847.58794181,607.6905758500001,0.79,15.6408,2.1348
002129,TCL中环,天津,电气设备,主板,20070420,20260805,9.14,1.1062,1029594238.16,36953969646.0,36921953140.0,369.53969646,369.2195314,1.0,,1.847
002130,沃尔核材,深圳,电气设备,主板,20070420,20260805,17.52,-0.057,742104793.02,24526026582.0,20094603490.0,245.26026582,200.9460349,0.74,21.4413,2.6803
002131,利欧股份,浙江,互联网,主板,20070427,20260805,5.67,4.4199,6971375059.38,38395985229.0,33196707495.0,383.95985229,331.96707495,1.28,1137.8491,2.9761
002132,恒星科技,河南,钢加工,主板,20070427,20260805,4.07,1.75,243788066.26,5704286929.0,5694688648.0,57.04286929,56.94688648,1.02,303.8357,1.6138
002133,广宇集团,浙江,全国地产,主板,20070427,20260805,2.61,0.3846,28907199.990000002,2020516362.0,2009361222.0000002,20.20516362,20.09361222,0.99,52.8027,0.6973
002134,天津普林,天津,元器件,主板,20070516,20260805,20.46,4.1752,170588823.47,5070352106.0,5067078977.0,50.70352106,50.67078977,0.9,1064.1652,9.8929
002135,东南网架,浙江,钢加工,主板,20070530,20260805,6.38,2.4077,77041985.04,7117035464.0,6659905912.0,71.17035464,66.59905912,0.88,145.2781,1.1476
002136,安纳达,安徽,化工原料,主板,20070530,20260805,12.3,1.8212,106132930.0,2644746000.0,2637806340.0,26.44746,26.3780634,1.49,,2.4284
002137,实益达,深圳,元器件,主板,20070613,20260805,7.88,2.8721,321491784.60999995,4550738612.0,3124089828.0,45.50738612,31.24089828,1.21,105.5627,2.9602
002138,顺络电子,深圳,元器件,主板,20070613,20260805,49.6,5.018,2594495787.7000003,39993392640.0,38010702080.0,399.9339264,380.1070208,0.99,39.1702,6.092
002139,拓邦股份,深圳,元器件,主板,20070629,20260805,10.43,-0.8555,248820730.69,13004488007.0,11171466614.000002,130.04488007,111.71466614000002,0.92,35.7391,1.8579
002140,东华科技,安徽,建筑工程,主板,20070712,20260805,9.09,-0.4381,55627223.76,6435846351.0,6426279126.0,64.35846351,64.26279126,0.88,12.0779,1.3191
002141,贤丰控股,广东,农业综合,主板,20070720,20260805,5.63,2.7372,1166703314.16,5815428554.0,5815428554.0,58.15428554,58.15428554,0.8,370.4762,7.2061
002142,宁波银行,浙江,银行,主板,20070719,20260805,31.65,0.4762,938045650.93,209003648820.0,208872342465.0,2090.0364882,2088.72342465,0.74,7.1252,0.899
002144,宏达高科,浙江,纺织,主板,20070803,20260805,10.38,-0.2882,34705620.0,1834795788.0,1428720846.0,18.34795788,14.28720846,0.77,42.4246,0.8555
002145,钛能化学,甘肃,化工原料,主板,20070803,20260805,4.62,-0.6452,291872942.44,17586825564.0,17585911266.0,175.86825564,175.85911266,1.42,49.2881,1.3295
002146,荣盛发展,河北,全国地产,主板,20070808,20260805,1.13,-0.8772,74474614.0,4913425207.0,4420019182.0,49.13425207,44.20019182,0.73,,0.9689
002148,北纬科技,北京,互联网,主板,20070810,20260805,6.38,-0.1565,128347983.44,3564833294.0,2876841528.0,35.64833294,28.76841528,1.04,,2.9223
002149,西部材料,陕西,小金属,主板,20070810,20260805,38.06,6.3128,1875958236.4699998,18581436258.0,18578581758.0,185.81436258,185.78581758,1.45,179.7587,4.9903
002150,正泰电源,江苏,机械基件,主板,20070810,20260805,21.32,1.2346,124730468.25999999,7693722816.0,7643315940.0,76.93722816,76.4331594,0.69,27.3458,3.5564
002151,北斗星通,北京,通信设备,主板,20070813,20260805,29.65,0.6791,419789663.27000004,16097308185.0,13129467715.0,160.97308185,131.29467715,0.96,,3.3288
002152,广电运通,广东,IT设备,主板,20070813,20260805,10.36,0.1934,335060624.96,25727846844.0,25714905132.0,257.27846844,257.14905132,1.0,29.8864,2.0236
002153,石基信息,北京,软件服务,主板,20070813,20260805,8.57,0.2339,340321924.33,23389190866.0,13709975766.0,233.89190866,137.09975766,0.87,,3.4943
002154,报喜鸟,浙江,服饰,主板,20070816,20260805,4.1,-0.4854,132059128.94,5983268170.0,4837070530.0,59.8326817,48.3707053,0.73,17.5078,1.227
002155,湖南黄金,湖南,黄金,主板,20070816,20260805,24.68,7.1181,1639491468.72,38566234479.0,38566234479.0,385.66234479,385.66234479,1.55,25.9183,4.4267
002156,通富微电,江苏,半导体,主板,20070816,20260805,58.0,4.3165,9492062316.810001,88020620200.0,88012227600.0,880.206202,880.122276,0.98,72.2245,5.6213
002157,正邦科技,江西,农业综合,主板,20070817,20260805,2.96,0.6803,222965228.02,27380481000.0,23051507344.0,273.80481,230.51507344,0.78,,2.6212
002158,汉钟精机,上海,工程机械,主板,20070817,20260805,27.33,2.5901,359058983.58,14614009653.0,14582380644.0,146.14009653,145.82380644,0.9,31.1772,3.276
002159,三特索道,湖北,旅游服务,主板,20070817,20260805,13.27,-0.2256,39126357.0,2352789578.0,1837531402.0,23.52789578,18.37531402,0.78,16.4133,1.5895
002160,常铝股份,江苏,铝,主板,20070821,20260805,3.9,0.5155,69457180.00999999,4027846680.0,4019845050.0,40.2784668,40.1984505,1.09,57.9227,1.0683
002161,远望谷,深圳,通信设备,主板,20070821,20260805,5.57,1.2727,95671025.0,4120449275.0,4119624358.0,41.20449275,41.19624358,0.86,267.6433,2.7091
002162,悦心健康,上海,陶瓷,主板,20070823,20260805,4.01,0.5013,51606569.33,3688000609.0,3682469616.0,36.88000609,36.82469616,0.72,548.2298,4.4527
002163,海南发展,深圳,装修装饰,主板,20070823,20260805,8.39,0.479,146306406.0,7089196781.0,6741775270.999999,70.89196781,67.41775270999999,0.67,,11.9252
002164,宁波东力,浙江,机械基件,主板,20070823,20260805,11.3,0.983,139438878.8,6013561679.999999,5421458630.0,60.135616799999994,54.2145863,1.18,30.6961,3.7823
002165,红宝丽,江苏,化工原料,主板,20070913,20260805,6.69,1.3636,348497152.81,4918954962.0,4867538298.0,49.18954962,48.67538298,0.87,283.7349,2.4602
002166,莱茵生物,广西,中成药,主板,20070913,20260805,6.7,-0.8876,76954972.25,4968782980.0,4948522180.0,49.6878298,49.4852218,0.87,34.7165,1.5584
002167,东方锆业,广东,小金属,主板,20070913,20260805,16.57,7.5974,2052157597.3799999,12836336580.999998,12571874410.000002,128.36336580999998,125.71874410000002,1.55,243.1922,7.2139
002168,ST惠程,重庆,电气设备,主板,20070919,20260805,3.8,6.7416,45184930.56,2979820920.0,2979820920.0,29.7982092,29.7982092,2.65,,265.8285
002169,智光电气,广东,电气设备,主板,20070919,20260805,12.45,5.6876,380289647.03,9744666045.0,9445491300.0,97.44666045,94.454913,1.28,71.9068,3.4852
002170,芭田股份,深圳,农药化肥,主板,20070919,20260805,11.67,1.1265,178913167.54,11324523654.0,9206167749.0,113.24523654,92.06167749,0.8,12.4237,2.7968
002171,楚江新材,安徽,铜,主板,20070921,20260805,9.98,3.9583,543563415.31,16196920242.000002,16105140170.0,161.96920242000002,161.0514017,1.29,42.2675,1.8185
002172,澳洋健康,江苏,医疗保健,主板,20070921,20260805,3.25,-1.5152,56320387.0,2488629975.0,2486707275.0,24.88629975,24.86707275,1.12,60.27,13.7367
002173,创新医疗,浙江,医疗保健,主板,20070925,20260805,21.26,1.6252,1749863147.29,9381704218.0,8947589900.0,93.81704218,89.475899,1.1,,5.4395
002174,游族网络,福建,互联网,主板,20070925,20260805,12.22,0.1639,398391700.16,11973289198.0,11966544980.0,119.73289198,119.6654498,0.94,,2.6384
002175,*ST东智,广西,电器仪表,主板,20071012,20260805,2.47,-1.2,55066140.0,3153648329.0,3153648329.0,31.53648329,31.53648329,1.03,,4.0749
002176,江特电机,江西,小金属,主板,20071012,20260805,9.47,2.1575,1041290082.44,16120313182.000002,16096732882.0,161.20313182,160.96732882,1.43,,5.4531
002177,御银股份,广东,其他商业,主板,20071101,20260805,5.93,-0.1684,242693140.25,4513864409.0,4002269670.0,45.13864409,40.0226967,1.09,348.6256,2.6311
002178,延华智能,上海,软件服务,主板,20071101,20260805,4.61,-0.6466,72402083.0,3283025330.0,3281320552.0,32.8302533,32.81320552,1.41,366.8669,7.5973
002179,中航光电,河南,元器件,主板,20071101,20260805,34.75,0.9881,1286177422.33,72983558925.0,72850949450.0,729.83558925,728.5094945,1.53,33.7649,2.958
002180,奔图科技,广东,IT设备,主板,20071113,20260805,17.9,4.495,402005512.78,25451632310.0,24349146250.0,254.5163231,243.4914625,1.49,,2.7893
002181,粤传媒,广东,出版业,主板,20071116,20260805,9.87,9.1814,1069656596.47,11459644434.0,11197881177.0,114.59644434,111.97881177,2.56,124.4558,2.6949
002182,宝武镁业,江苏,小金属,主板,20071113,20260805,13.12,9.9749,429582928.23999995,13012304480.0,11355429535.999998,130.1230448,113.55429535999998,2.03,,2.4638
002183,怡亚通,深圳,仓储物流,主板,20071113,20260805,4.75,0.211,242710822.66,12335793225.0,12335721975.0,123.35793225,123.35721975,1.09,,1.3611
002184,海得控制,上海,机械基件,主板,20071116,20260805,9.9,0.1011,74947378.32000001,3483893160.0,2379666960.0,34.8389316,23.7966696,1.06,,2.7401
002185,华天科技,甘肃,半导体,主板,20071120,20260805,16.59,6.8255,7359051988.53,55135597789.0,55122792649.0,551.35597789,551.22792649,1.26,77.6002,3.0772
002186,全聚德,北京,酒店餐饮,主板,20071120,20260805,9.19,-0.4334,34754544.4,2820609503.9999995,2819506704.0,28.206095039999994,28.19506704,0.66,363.8721,3.3054
002187,广百股份,广东,百货,主板,20071122,20260805,5.34,-0.5587,51039503.0,3742777163.9999995,3742777163.9999995,37.427771639999996,37.427771639999996,0.61,,0.9352
002188,中天服务,浙江,房产服务,主板,20071122,20260805,5.28,0.3802,48663254.0,1727108592.0,1358876640.0,17.27108592,13.5887664,0.83,53.84,4.7891
002189,中光学,河南,元器件,主板,20071203,20260805,18.81,1.129,68058349.0,4913158833.0,4912417719.0,49.13158833,49.12417719,0.98,,11.7592
002190,成飞集成,四川,汽车配件,主板,20071203,20260805,23.43,0.4717,117611570.92,8405027499.000001,8405027499.000001,84.05027499,84.05027499,0.9,,1.9331
002191,劲嘉股份,深圳,广告包装,主板,20071205,20260805,3.75,-0.266,36673426.0,5302420500.0,5260183125.0,53.024205,52.60183125,0.8,,0.8518
002192,融捷股份,广东,小金属,主板,20071205,20260805,67.56,5.2173,995830716.24,17542305312.0,17505985056.0,175.42305312,175.05985056,0.97,62.9287,4.527
002193,ST如意,山东,纺织,主板,20071207,20260805,3.92,0.5128,10256736.0,1025925152.0,1025919272.0,10.25925152,10.25919272,0.74,,3.8099
002194,武汉凡谷,湖北,通信设备,主板,20071207,20260805,9.17,0.5482,146907145.67999998,6265731703.0,4684759513.0,62.65731703,46.84759513,1.03,,2.5294
002195,岩山科技,上海,软件服务,主板,20071212,20260805,7.15,1.707,1997411590.3,40515781020.0,40153208810.0,405.1578102,401.5320881,0.85,439.1828,4.0896
002196,方正电机,浙江,纺织机械,主板,20071212,20260805,11.2,2.0966,374497918.94,5553765280.000001,5470196480.0,55.53765280000001,54.7019648,1.16,264.3423,3.8948
002197,证通电子,深圳,IT设备,主板,20071218,20260805,7.18,-0.554,475599597.20000005,4411125622.0,3834120000.0,44.11125622,38.3412,0.88,,2.5039
002198,ST嘉应,广东,中成药,主板,20071218,20260805,3.39,1.497,15308911.700000001,1720458561.0,1720357878.0,17.20458561,17.20357878,0.93,56.4502,2.3555
002199,东晶电子,浙江,元器件,主板,20071221,20260805,13.75,1.626,359261194.02,3347333000.0,3175316375.0,33.47333,31.75316375,1.03,,18.4821
002200,交投生态,云南,建筑工程,主板,20071221,20260805,6.93,-0.431,23455078.0,3126300408.0,1356381179.9999998,31.26300408,13.563811799999998,0.78,,2.4038
002201,九鼎新材,江苏,玻璃,主板,20071226,20260805,8.21,2.2416,160134386.60999998,5349934023.0,4942610472.0,53.49934023,49.42610472,1.2,59.0751,4.5149
002202,金风科技,新疆,电气设备,主板,20071226,20260805,20.16,3.4377,2814557450.3700004,85151580192.00002,67808262816.0,851.5158019200002,678.08262816,1.33,30.6924,2.1414
002203,海亮股份,浙江,铜,主板,20080116,20260805,19.43,1.5152,529858424.09,44528805479.0,42981905459.0,445.28805479,429.81905459,0.71,47.2123,2.6103
002204,大连重工,辽宁,专用机械,主板,20080116,20260805,5.4,-0.9174,111370102.0,10429398000.0,10429398000.0,104.29398,104.29398,0.83,17.8868,1.2967
002205,国统股份,新疆,水泥,主板,20080123,20260805,10.25,0.2935,24296302.2,1904892800.0,1904892800.0,19.048928,19.048928,1.03,,7.4245
002206,海利得,浙江,化纤,主板,20080123,20260805,5.36,0.7519,66457671.16,6228465792.0,5665364560.0,62.28465792,56.6536456,1.24,12.1092,1.5102
002207,*ST准油,新疆,石油开采,主板,20080128,20260805,5.98,1.7007,71958253.2,1567091292.0,1559655162.0000002,15.67091292,15.596551620000003,0.88,,133.8176
002208,合肥城建,安徽,区域地产,主板,20080128,20260805,11.31,5.7998,874361773.23,9085231389.0,9082747713.0,90.85231389,90.82747713,1.14,,1.534
002209,达意隆,广东,轻工机械,主板,20080130,20260805,10.76,0.0,35880801.5,2200743876.0,1698453088.0,22.00743876,16.98453088,0.99,18.0789,2.5611
002210,飞马国际,深圳,环境保护,主板,20080130,20260805,2.32,0.8696,121135896.04,6174059864.000001,6160221296.0,61.74059864000001,61.60221296,0.91,400.4975,6.5871
002211,ST宏达,上海,橡胶,主板,20080201,20260805,3.85,2.122,40094118.0,1665031830.0,1665031830.0,16.6503183,16.6503183,0.51,,34.4917
002212,天融信,广东,软件服务,主板,20080201,20260805,6.69,0.4505,478055946.26,7890546451.0,7806185912.0,78.90546451,78.06185912,0.66,106.3093,0.828
002213,大为股份,深圳,半导体,主板,20080201,20260805,28.86,9.9848,582451214.7099999,6856178137.000001,5965878565.0,68.56178137,59.65878565,1.46,,12.4261
002214,*ST大立,浙江,电器仪表,主板,20080218,20260805,14.85,10.0,20410924.05,8890141095.0,7104487995.0,88.90141095,71.04487995,0.3,,7.0689
002215,诺普信,深圳,农药化肥,主板,20080218,20260805,9.18,0.2183,107221611.0,9219095784.0,7418009160.0,92.19095784,74.1800916,0.63,14.1741,1.889
002216,三全食品,河南,食品,主板,20080220,20260805,12.98,1.0117,94247899.5,11411809618.0,8183921152.0,114.11809618,81.83921152,0.76,20.9457,2.3402
002217,ST合力泰,福建,元器件,主板,20080220,20260805,1.56,0.6452,288990874.88,11667862284.0,11355742944.0,116.67862284,113.55742944,1.09,513.4766,6.2346
002218,拓日新能,深圳,新型电力,主板,20080228,20260805,4.19,0.2392,244743124.67,5900777419.0,5814369982.0,59.00777419,58.14369982,0.63,,1.5015
002219,新里程,甘肃,医疗保健,主板,20080306,20260805,2.1,-0.9434,131511349.4,7249035570.0,6870929939.999999,72.4903557,68.70929939999999,0.85,234.2718,3.675
002221,东华能源,广东,石油加工,主板,20080306,20260805,5.71,-0.349,97408243.71,8999689738.0,8341681329.0,89.99689738,83.41681329,0.71,,0.9018
002222,福晶科技,福建,元器件,主板,20080319,20260805,58.21,9.9962,2249065554.87,27373252500.0,27251110457.0,273.732525,272.51110457,1.05,98.2619,14.9732
002223,鱼跃医疗,江苏,医疗保健,主板,20080418,20260805,27.57,-0.863,294158782.15,27638288933.0,25979026804.999996,276.38288933,259.79026804999995,0.95,18.6519,2.0248
002224,三力士,浙江,橡胶,主板,20080425,20260805,3.49,-0.5698,32732320.5,3148386236.0,2814267596.0,31.48386236,28.14267596,0.93,171.4183,0.9788
002225,濮耐股份,河南,其他建材,主板,20080425,20260805,3.76,0.2667,78758844.03999999,4358739392.0,3566819096.0,43.58739392,35.66819096,0.82,50.3379,1.0555
002226,江南化工,安徽,化工原料,主板,20080506,20260805,5.09,-0.7797,115704120.2,13483017561.000002,13482993129.0,134.83017561000003,134.82993129,0.87,17.7982,1.39
002227,*ST特迅,深圳,电气设备,主板,20080506,20260805,6.23,-1.1111,17367027.0,1543832625.9999998,1532186264.0,15.438326259999998,15.32186264,1.12,,1.6759
002228,合兴包装,福建,广告包装,主板,20080508,20260805,3.11,-0.639,49140679.0,3773629216.0,3760990487.0,37.73629216,37.60990487,0.8,36.4655,1.2538
002229,鸿博股份,福建,广告包装,主板,20080508,20260805,11.01,-0.4521,586556790.46,5463068415.0,5429649762.0,54.63068415,54.29649762,1.39,,5.1024
002230,科大讯飞,安徽,软件服务,主板,20080512,20260805,44.17,1.5636,3462621377.57,106099866577.0,96730839740.0,1060.99866577,967.3083974,1.32,126.401,5.6278
002232,启明信息,吉林,软件服务,主板,20080509,20260805,14.96,1.1494,113895574.38000001,6111885560.0,6111885560.0,61.1188556,61.1188556,1.6,187.8116,4.3228
002233,塔牌集团,广东,水泥,主板,20080516,20260805,7.41,-0.4032,81573184.0,8700455205.0,8693951448.0,87.00455205,86.93951448,0.72,13.7222,0.7133
002234,民和股份,山东,农业综合,主板,20080516,20260805,7.18,0.8427,25395272.3,2505534236.0,2164113748.0,25.05534236,21.64113748,0.79,,1.4719
002235,安妮股份,福建,造纸,主板,20080516,20260805,8.35,1.0896,201956729.35999998,4839428705.0,4622378805.0,48.39428705,46.22378805,0.7,,6.6341
002236,大华股份,浙江,IT设备,主板,20080520,20260805,17.18,0.2919,943829800.24,56165922878.0,41079561860.0,561.65922878,410.7956186,0.95,14.5586,1.4617
002237,恒邦股份,山东,黄金,主板,20080520,20260805,13.98,4.4063,454706752.63,19990986192.0,16669136880.0,199.90986192,166.6913688,1.63,31.3509,1.4836
002238,天威视讯,深圳,影视音像,主板,20080526,20260805,6.13,-1.6051,27377893.0,4919687896.0,4919687896.0,49.19687896,49.19687896,0.86,,2.522
002239,奥特佳,江苏,汽车配件,主板,20080522,20260805,2.55,-1.5444,121765128.0,8959411995.0,8328687855.0,89.59411995,83.28687855,0.88,45.9585,1.5516
002240,盛新锂能,四川,小金属,主板,20080523,20260805,30.72,4.4188,1416314542.8,28117828608.0,28044555264.0,281.17828608,280.44555264,1.06,,2.6197
002241,歌尔股份,山东,元器件,主板,20080522,20260805,23.71,2.5963,2693078835.97,84224349630.0,74584792422.0,842.2434963,745.84792422,1.34,21.375,2.2534
002242,九阳股份,山东,家用电器,主板,20080528,20260805,9.13,-0.2186,76808600.52000001,6966345209.999999,6954190441.000001,69.66345209999999,69.54190441000001,0.73,59.2146,1.9998
002243,力合科创,深圳,广告包装,主板,20080528,20260805,7.43,0.8141,128278233.17,8994789206.0,8946777289.0,89.94789206,89.46777289,0.83,50.8624,1.2333
002244,滨江集团,浙江,区域地产,主板,20080529,20260805,8.63,1.2911,279566122.49,26851760857.0,23797650458.999996,268.51760857,237.97650458999996,0.78,12.688,0.8867
002245,蔚蓝锂芯,江苏,电气设备,主板,20080605,20260805,16.79,2.5657,1254859591.28,28671268783.0,26974809937.0,286.71268783,269.74809937,0.93,40.3474,3.6594
002246,北化股份,四川,化工原料,主板,20080605,20260805,20.26,1.3,248614548.0,11123445048.0,11123445048.0,111.23445048,111.23445048,0.74,42.2907,3.5557
002247,聚力文化,浙江,其他建材,主板,20080612,20260805,2.21,-1.3393,52499814.0,1880422921.0,1422224947.0,18.80422921,14.22224947,1.03,38.9475,2.7965
002248,华东数控,山东,机床制造,主板,20080612,20260805,8.97,1.7007,96262815.0,2758235532.0000005,2758235532.0000005,27.582355320000005,27.582355320000005,1.1,81.723,24.0434
002249,大洋电机,广东,电气设备,主板,20080619,20260805,7.56,0.2653,335595768.02000004,18650422476.0,14090151096.0,186.50422476,140.90151096,0.94,17.2256,1.838
002250,联化科技,浙江,化工原料,主板,20080619,20260805,16.3,2.1944,359281214.11,14667934790.0,14588105540.0,146.6793479,145.8810554,1.28,40.5254,2.1461
002251,步步高,湖南,超市连锁,主板,20080619,20260805,3.78,0.8,313967849.45,10163284866.0,8400944538.0,101.63284866,84.00944538,0.81,90.0881,1.1963
002252,上海莱士,上海,生物制药,主板,20080623,20260805,5.06,-3.0651,348048972.26,33358924798.0,33336595018.000004,333.58924798,333.36595018,1.41,21.1532,1.0257
002253,川大智胜,四川,软件服务,主板,20080623,20260805,10.11,-0.0988,73824120.2,2281079871.0,2122584390.0000002,22.81079871,21.2258439,1.17,,2.6896
002254,泰和新材,山东,化纤,主板,20080625,20260805,12.24,3.4658,351364424.92,10422705168.0,10411012296.0,104.22705168,104.11012296,1.24,251.3622,1.4731
002255,海陆重工,江苏,专用机械,主板,20080625,20260805,8.73,0.2296,198573407.70000002,7253591130.0,5569497306.0,72.5359113,55.69497306,0.91,17.4007,1.5699
002256,兆新股份,深圳,新型电力,主板,20080625,20260805,3.43,0.5865,164926885.0,6999381823.0,6909209867.0,69.99381823,69.09209867,0.85,164.352,5.7954
002258,利尔化学,四川,农药化肥,主板,20080708,20260805,14.62,-0.5442,420229752.2,11702391864.0,11683551070.0,117.02391864,116.8355107,0.6,24.4428,1.4616
002259,升达林业,四川,供气供热,主板,20080716,20260805,3.9,1.0363,70848660.0,2934080370.0,2934080370.0,29.3408037,29.3408037,1.06,22.2555,6.4037
002261,拓维信息,湖南,软件服务,主板,20080723,20260805,27.81,1.5705,1831423608.3500001,35039714919.0,31873193427.0,350.39714919,318.73193427,1.09,549.7033,13.4563
002262,恩华药业,江苏,化学制药,主板,20080723,20260805,21.62,-1.3236,236839368.51999998,21961305924.0,19107243714.0,219.61305924,191.07243714,0.81,20.7704,2.6224
002263,大东南,浙江,塑料,主板,20080728,20260805,3.05,0.6601,167211542.0,5728998305.0,5728952555.0,57.28998305,57.28952555,1.04,310.3035,2.0624
002264,新华都,福建,互联网,主板,20080731,20260805,6.7,1.0558,133973312.89999999,4822735710.0,4361082742.0,48.2273571,43.61082742,0.93,28.4574,2.3146
002265,建设工业,云南,专用机械,主板,20080806,20260805,19.23,-0.4658,302570150.02,19865366892.0,19865366892.0,198.65366892,198.65366892,0.69,85.3681,5.0943
002266,浙富控股,浙江,环境保护,主板,20080806,20260805,4.98,2.2587,397186314.68,25991971571.999996,24116074296.0,259.91971571999994,241.16074296,0.84,23.2536,2.0551
002267,陕天然气,陕西,供气供热,主板,20080813,20260805,7.21,-1.6371,53132394.769999996,8018063634.0,8018063634.0,80.18063634,80.18063634,1.01,13.7312,1.1423
002268,电科网安,四川,IT设备,主板,20080811,20260805,14.73,-0.6073,182906390.51,12456219753.0,12450598785.000002,124.56219753,124.50598785000003,0.95,216.0843,2.2659
002269,美邦服饰,上海,服饰,主板,20080828,20260805,1.43,0.0,80124855.0,3592875000.0,3351532613.0,35.92875,33.51532613,1.13,,16.7844
002270,华明装备,山东,电气设备,主板,20080905,20260805,21.05,1.9864,528831543.25,18865546775.0,18865243655.0,188.65546775,188.65243655,0.81,26.581,6.0439
002271,东方雨虹,北京,其他建材,主板,20080910,20260805,11.81,1.113,371452008.65999997,28210545819.0,22610149339.0,282.10545819,226.10149339,0.74,249.0622,1.3752
002272,川润股份,四川,机械基件,主板,20080919,20260805,14.54,4.6043,450349454.77000004,7050115942.000001,5934255274.0,70.50115942000001,59.34255274,0.93,,4.8317
002273,水晶光电,浙江,元器件,主板,20080919,20260805,27.14,4.7472,1718420651.1599998,37741758478.0,37075448572.0,377.41758478,370.75448572,1.18,32.1913,3.7015
002274,华昌化工,江苏,农药化肥,主板,20080925,20260805,5.54,0.0,99938388.35,5276099884.0,5195684014.0,52.76099884,51.95684014,1.04,,0.9997
002275,桂林三金,广西,中成药,主板,20090710,20260805,13.15,-1.2763,29405714.0,7726527090.0,7325904449.999999,77.2652709,73.25904449999999,1.11,17.8386,2.3245
002276,万马股份,浙江,电气设备,主板,20090710,20260805,10.66,0.0,233639124.29999998,10778063764.0,10735585796.0,107.78063764,107.35585796,0.77,31.0505,1.7598
002277,友阿股份,湖南,百货,主板,20090717,20260805,5.82,0.1721,115029460.0,8114085696.0,8114085696.0,81.14085696,81.14085696,0.72,,1.2692
002278,神开股份,上海,化工机械,主板,20090811,20260805,7.97,-0.2503,84342521.28,3097284662.9999995,2859644767.0,30.972846629999996,28.59644767,1.07,55.3941,2.1917
002279,久其软件,北京,软件服务,主板,20090811,20260805,6.99,-0.1429,601112824.62,6026826231.0,5560540107.0,60.26826231,55.60540107,0.89,134.695,4.316
002281,光迅科技,湖北,通信设备,主板,20090821,20260805,171.55,-0.4468,11051122651.900002,142017478795.0,134894997274.99998,1420.17478795,1348.94997275,1.6,150.0733,13.7342
002282,博深股份,河北,机械基件,主板,20090821,20260805,5.87,0.0,21383593.64,3092541408.0,2964377589.0,30.92541408,29.64377589,0.88,19.9939,0.8499
002283,天润工业,山东,汽车配件,主板,20090821,20260805,8.98,5.0292,266239901.19,10232324758.0,9005381970.0,102.32324758,90.0538197,1.01,27.8193,1.6386
002284,亚太股份,浙江,汽车配件,主板,20090828,20260805,9.7,1.4644,280236515.37,7169272910.0,7089627180.0,71.6927291,70.8962718,1.5,14.6273,2.045
002285,世联行,深圳,房产服务,主板,20090828,20260805,2.16,0.4651,54782681.0,4304510856.0,4266515160.0,43.04510856,42.6651516,0.76,,1.9656
002286,保龄宝,山东,食品,主板,20090828,20260805,8.05,1.1307,78482652.0,3058818069.9999995,2976001280.0000005,30.588180699999995,29.760012800000005,0.69,20.3073,1.3284
002287,奇正藏药,西藏,中成药,主板,20090828,20260805,20.6,-1.2464,39559683.78,11785634920.0,11761475240.0,117.8563492,117.6147524,0.85,18.1758,2.3377
002289,宇顺电子,深圳,元器件,主板,20090903,20260805,32.36,3.3206,257059667.97,9069009732.0,8880593632.0,90.69009732,88.80593632,1.42,,34.181
002290,禾盛新材,江苏,家用电器,主板,20090903,20260805,56.35,3.7753,414481335.71999997,13981128105.0,13936865180.0,139.81128105,139.3686518,0.77,85.578,13.2878
002291,遥望科技,广东,广告包装,主板,20090903,20260805,5.9,2.4306,829075706.42,5517269360.0,5127839270.0,55.1726936,51.2783927,3.46,,1.8545
002292,奥飞娱乐,广东,影视音像,主板,20090910,20260805,8.31,-0.3597,467607347.87,12287994482.0,8458611727.0,122.87994482,84.58611727,0.79,170.9639,4.1328
002293,罗莱生活,江苏,纺织,主板,20090910,20260805,11.21,2.3744,85176030.19999999,9385136431.0,9306987037.0,93.85136431,93.06987037,0.98,18.0532,2.1621
002294,信立泰,深圳,化学制药,主板,20090910,20260805,34.35,0.7923,769759702.4100001,38293946775.0,38285331795.0,382.93946775,382.85331795,1.13,58.7777,4.1859
002295,精艺股份,广东,铜,主板,20090929,20260805,8.57,1.4201,26142600.36,2147779120.0,2146159390.0000002,21.4777912,21.461593900000004,1.02,,1.6535
002296,辉煌科技,河南,通信设备,主板,20090929,20260805,9.04,0.333,103446916.03999999,3521806816.0,3140635216.0,35.21806816,31.40635216,1.07,18.8225,1.4125
002297,博云新材,湖南,航空,主板,20090929,20260805,17.86,5.743,1199470462.9599998,10235651728.0,10235651728.0,102.35651728,102.35651728,1.51,165.482,4.5298
002298,中电鑫龙,安徽,电气设备,主板,20090929,20260805,8.78,0.0,662966914.46,6498173702.0,5801446459.999999,64.98173702,58.01446459999999,0.69,,3.4826
002299,圣农发展,福建,农业综合,主板,20091021,20260805,16.64,0.3014,139603639.27,20679697792.0,20277499008.0,206.79697792,202.77499008,0.76,14.9847,1.8024
002300,太阳电缆,福建,电气设备,主板,20091021,20260805,7.39,-0.1351,333855238.91999996,5338046043.0,5337760050.0,53.38046043,53.3776005,0.79,64.2014,2.8042
002301,齐心集团,深圳,文教休闲,主板,20091021,20260805,6.92,-0.1443,96032031.0,5010134668.0,4968492184.0,50.10134668,49.68492184,0.76,62.1167,1.6053
002302,西部建设,新疆,水泥,主板,20091103,20260805,4.62,-1.2821,29141558.76,5832076866.0,5832076866.0,58.32076866,58.32076866,0.94,,0.7524
002303,美盈森,深圳,造纸,主板,20091103,20260805,5.23,6.5173,730364184.22,8008822951.0,5056788153.0,80.08822951,50.56788153,1.58,30.6924,1.783
002304,洋河股份,江苏,白酒,主板,20091106,20260805,41.29,-1.5029,331609131.06,62201118179.0,62199648255.0,622.01118179,621.99648255,0.74,28.1956,1.2632
002305,*ST南置,湖北,区域地产,主板,20091106,20260805,2.06,2.4876,47457984.05,3572484548.0,3572252798.0,35.72484548,35.72252798,1.25,,14.2714
002306,ST云网,北京,酒店餐饮,主板,20091111,20260805,1.85,3.352,17125920.83,1609060625.0,1503473805.0,16.09060625,15.03473805,0.99,,23.2011
002307,北新路桥,新疆,建筑工程,主板,20091111,20260805,3.1,0.0,73659528.39999999,5111214900.0,5050281300.0,51.112149,50.502813,1.11,,1.1844
002309,中利集团,江苏,电气设备,主板,20091127,20260805,3.31,0.303,702307822.68,9955372474.0,7964297913.0,99.55372474,79.64297913,0.73,,5.311
002310,东方新能,北京,新型电力,主板,20091127,20260805,2.55,0.0,358732704.99,15298271610.0,11217474225.000002,152.9827161,112.17474225000002,0.53,,6.3855
002311,海大集团,广东,饲料,主板,20091127,20260805,46.99,-1.2815,556089560.5699999,77798167087.0,77723226636.0,777.98167087,777.23226636,1.23,18.1757,3.0593
002312,川发龙蟒,四川,化工原料,主板,20091203,20260805,8.58,1.4184,194536987.20000002,16196544936.0,16163168736.0,161.96544936,161.63168736,1.13,39.1217,1.6699
002313,日海智能,深圳,通信设备,主板,20091203,20260805,8.18,0.9877,81864989.34,3062592000.0,3062376866.0,30.62592,30.62376866,1.29,,39.9351
002314,南山控股,深圳,区域地产,主板,20091203,20260805,2.11,-0.4717,44521647.24,5713421075.0,2823863640.0,57.13421075,28.2386364,1.06,,0.8481
002315,焦点科技,江苏,互联网,主板,20091209,20260805,28.15,1.5879,406546445.7,11609248605.0,7401009395.0,116.09248605,74.01009395,1.0,23.0536,4.035
002316,亚联发展,吉林,软件服务,主板,20091209,20260805,4.34,-2.2523,52936185.0,1706140799.9999998,1478789900.0,17.061407999999997,14.787899,0.89,276.6824,21.7893
002317,众生药业,广东,中成药,主板,20091211,20260805,27.52,1.5498,827165735.67,23390087360.0,20959710848.0,233.9008736,209.59710848,0.97,84.822,5.6223
002318,久立特材,浙江,特种钢,主板,20091211,20260805,20.33,-1.5019,248067234.63,19865880738.0,19395330263.0,198.65880738,193.95330263,0.95,13.1617,2.1788
002319,乐通股份,广东,染料涂料,主板,20091211,20260805,10.73,0.3742,114884524.47999999,2247639925.0,2247639925.0,22.47639925,22.47639925,1.01,,12.5768
002320,海峡股份,海南,水运,主板,20091216,20260805,6.88,0.7321,107995826.92,15382290240.0,15382290240.0,153.8229024,153.8229024,0.72,88.842,3.7331
002321,华英农业,河南,农业综合,主板,20091216,20260805,1.91,-0.5208,46524196.0,4073820091.0000005,4056584251.0,40.73820091,40.56584251,1.02,,4.4189
002322,理工能科,浙江,软件服务,主板,20091218,20260805,10.71,0.2809,41747171.4,3914804880.0,3763490787.0,39.1480488,37.63490787,0.86,18.228,1.3786
002323,*ST雅博,山东,建筑工程,主板,20091218,20260805,1.36,2.2556,84235648.56,2884362935.9999995,2883867624.0,28.843629359999994,28.83867624,1.66,,15.0515
002324,普利特,上海,塑料,主板,20091218,20260805,9.45,0.7463,190958350.70000002,10511578035.0,7335808199.999999,105.11578035,73.358082,0.81,28.6043,2.2413
002326,永太科技,浙江,化工原料,主板,20091222,20260805,19.2,2.4,615892971.75,17762451840.0,15585966720.0,177.6245184,155.8596672,0.96,,6.3892
002327,富安娜,深圳,纺织,主板,20091230,20260805,6.51,-0.1534,21384812.720000003,5428480029.0,3196301934.0,54.28480029,31.96301934,0.65,16.134,1.4401
002328,新朋股份,上海,汽车配件,主板,20091230,20260805,6.92,1.6153,172633000.18,5340648400.0,3949875104.0000005,53.406484,39.49875104,0.95,37.9618,1.5634
002329,皇氏集团,广西,乳制品,主板,20100106,20260805,3.29,-0.6042,242886178.22,2738609160.0000005,2143740641.0,27.386091600000004,21.43740641,1.14,,5.4966
002330,得利斯,山东,食品,主板,20100106,20260805,3.82,-0.7792,32290062.0,2426904446.0,2426269944.0,24.26904446,24.26269944,0.78,,1.0556
002331,皖通科技,安徽,软件服务,主板,20100106,20260805,6.99,-0.7102,48542778.65,2994584502.0,2810529414.0,29.94584502,28.10529414,0.73,,2.0746
002332,仙琚制药,浙江,化学制药,主板,20100112,20260805,8.6,-0.9217,95457807.0,8507162140.0,8467333820.0,85.0716214,84.6733382,1.06,18.9199,1.3995
002333,罗普斯金,江苏,其他建材,主板,20100112,20260805,5.36,0.5629,48640412.279999994,3617596928.0,3572490920.0,36.17596928,35.7249092,1.34,67.8307,1.8722
002334,英威腾,深圳,电气设备,主板,20100113,20260805,6.76,-0.295,81396429.0,5543596136.0,4968681796.0,55.43596136,49.68681796,1.01,26.6102,1.8132
002335,科华数据,福建,电气设备,主板,20100113,20260805,31.6,1.9684,1012378925.49,23839368640.0,20847616520.0,238.3936864,208.4761652,1.41,57.0336,3.6741
002337,赛象科技,天津,化工机械,主板,20100115,20260805,4.55,-0.655,29776578.57,2678201435.0,2675384074.9999995,26.78201435,26.753840749999995,0.73,54.514,2.0074
002338,奥普光电,吉林,电器仪表,主板,20100115,20260805,41.92,5.0363,428529644.61,10060800000.0,10060800000.0,100.608,100.608,1.0,124.9396,6.9606
002339,积成电子,山东,电气设备,主板,20100122,20260805,7.38,-0.6729,138911023.0,3720201174.0,3532957290.0,37.20201174,35.3295729,0.84,184.5115,2.13
002340,格林美,深圳,小金属,主板,20100122,20260805,6.84,1.3333,845897731.35,34900140348.0,34719716196.0,349.00140348,347.19716196,1.2,22.0841,1.5995
002342,巨力索具,河北,机械基件,主板,20100126,20260805,8.08,2.4081,438633574.35,7756800000.0,7713895200.0,77.568,77.138952,0.81,444.8631,3.1715
002343,慈文传媒,江西,影视音像,主板,20100126,20260805,5.2,0.5803,56135994.8,2463137560.0,2463137560.0,24.6313756,24.6313756,0.87,,2.5776
002344,海宁皮城,浙江,商品城,主板,20100126,20260805,3.75,-0.7937,27385456.24,4809813750.0,4804762875.0,48.0981375,48.04762875,0.77,68.1192,0.5687
002345,潮宏基,广东,服饰,主板,20100128,20260805,10.65,5.7597,383468229.24,9462660255.0,9235993110.0,94.62660255,92.3599311,1.32,19.0391,2.3522
002346,柘中股份,上海,电气设备,主板,20100128,20260805,20.0,10.011,115231951.78,8831508000.0,7842270000.0,88.31508,78.4227,0.89,20.7608,3.0521
002347,泰尔股份,安徽,机械基件,主板,20100128,20260805,5.91,0.1695,66865081.00000001,2982790593.0,2915892939.0,29.82790593,29.15892939,0.82,,2.7017
002348,高乐股份,广东,文教休闲,主板,20100203,20260805,12.12,9.9819,1129971216.0,12036847104.0,10950819960.0,120.36847104,109.5081996,6.55,,30.2556
002349,精华制药,江苏,中成药,主板,20100203,20260805,6.68,-1.62,75616923.0,5551937044.0,5438728412.0,55.51937044,54.38728412,1.26,25.3184,1.9657
002350,北京科锐,北京,电气设备,主板,20100203,20260805,16.14,6.9583,417334324.41,8753228796.0,8563078614.000001,87.53228796,85.63078614000001,1.93,160.5449,4.8861
002351,漫步者,深圳,IT设备,主板,20100205,20260805,10.36,-0.8612,92514719.02000001,9211148520.0,5398148448.0,92.1114852,53.98148448,0.96,21.3719,2.9956
002352,顺丰控股,深圳,仓储物流,主板,20100205,20260805,34.01,-1.2772,912660184.9399999,179073128481.0,163217911353.0,1790.73128481,1632.17911353,1.14,16.1077,1.7841
002353,杰瑞股份,山东,化工机械,主板,20100205,20260805,148.99,5.0557,2888813120.6800003,152544275642.0,102957841013.99998,1525.44275642,1029.57841014,0.89,56.9094,6.4934
002354,天娱数科,辽宁,互联网,主板,20100209,20260805,7.92,0.5076,4360854154.73,13104319535.999998,12875494896.0,131.04319535999997,128.75494896,2.35,,9.5289
002355,兴民智通,山东,汽车配件,主板,20100209,20260805,4.94,10.0223,62846402.88,3302296634.0,3053743498.0000005,33.02296634,30.537434980000004,1.06,,4.0349
002356,鹏飞绿能,深圳,其他商业,主板,20100209,20260805,2.7,0.3717,50782403.0,3540387150.0000005,3540366900.0,35.40387150000001,35.403669,1.15,92.2293,5.9067
002357,富临运业,四川,公共交通,主板,20100210,20260805,8.94,1.3605,55741855.0,2802592554.0,2802491532.0,28.02592554,28.02491532,0.83,16.3564,1.5835
002358,森源电气,河南,电气设备,主板,20100210,20260805,5.73,-0.5208,154780143.0,5327507610.000001,5327500161.0,53.27507610000001,53.27500161,0.88,60.9325,1.5886
002360,ST同德,山西,化工原料,主板,20100303,20260805,5.17,-0.3854,27857073.0,2077172614.0,1682936849.0,20.77172614,16.82936849,1.04,,2.26
002361,神剑股份,安徽,化工原料,主板,20100303,20260805,11.41,2.7928,2492949490.05,10851309350.0,9230906790.0,108.5130935,92.3090679,2.34,815.9991,4.9521
002362,汉王科技,北京,软件服务,主板,20100303,20260805,16.23,0.62,107299522.0,3967498158.0,3369248997.0,39.67498158,33.69248997,1.25,,4.3717
002363,隆基机械,山东,汽车配件,主板,20100305,20260805,6.41,-0.1558,30720270.0,2672298873.0,2665010062.0,26.72298873,26.65010062,0.93,39.9013,1.2246
002364,中恒电气,浙江,电气设备,主板,20100305,20260805,39.01,3.8328,1396118654.49,21984670650.0,21771629238.0,219.8467065,217.71629238,1.07,173.9643,8.7909
002365,永安药业,湖北,化学制药,主板,20100305,20260805,12.75,-0.1566,248827501.5,3757201875.0,3127428375.0,37.57201875,31.27428375,0.93,167.0355,1.8828
002366,融发核电,四川,专用机械,主板,20100312,20260805,6.74,4.6584,1293439989.79,14025519694.0,12471405001.0,140.25519694,124.71405001,1.79,,3.0211
002367,康力电梯,江苏,运输设备,主板,20100312,20260805,5.41,0.1852,42531779.0,4315802614.0,4298654537.0,43.15802614,42.98654537,0.76,13.0711,1.1813
002368,太极股份,北京,软件服务,主板,20100312,20260805,14.98,0.2007,165490101.28,9336004874.0,9290864142.0,93.36004874,92.90864142,1.0,,2.3464
002369,卓翼科技,深圳,通信设备,主板,20100316,20260805,5.7,1.7857,124692297.68,3231650910.0,3227359950.0,32.3165091,32.2735995,0.59,,17.2788
002370,亚太药业,浙江,化学制药,主板,20100316,20260805,5.09,0.7921,117054787.64,3795447575.0,3795218525.0,37.95447575,37.95218525,1.14,39.4095,3.3958
002371,北方华创,北京,半导体,主板,20100316,20260805,734.2,6.8705,9945944277.17,532801010640.0,532375650402.0,5328.0101064,5323.75650402,0.94,96.4871,13.5592
002372,伟星新材,浙江,其他建材,主板,20100318,20260805,8.65,-2.1493,164507946.12,13771128700.000002,12722919970.0,137.71128700000003,127.2291997,1.05,18.5901,2.7544
002373,千方科技,北京,软件服务,主板,20100318,20260805,8.15,0.246,177964176.82,12878533830.0,11227391915.0,128.7853383,112.27391915,0.89,47.976,1.1183
002374,中锐股份,山东,广告包装,主板,20100318,20260805,3.1,0.9772,65978266.8,3364148829.9999995,3364148829.9999995,33.64148829999999,33.64148829999999,1.05,,6.287
002375,亚厦股份,浙江,装修装饰,主板,20100323,20260805,3.53,-0.2825,50977314.0,4730187645.0,4678640114.0,47.30187645,46.78640114,1.14,14.3357,0.5683
002376,新北洋,山东,IT设备,主板,20100323,20260805,6.35,-0.1572,53798360.0,5147071875.0,4998297090.0,51.47071875,49.9829709,0.89,68.3357,1.3501
002377,国创高新,湖北,其他建材,主板,20100323,20260805,2.6,0.3861,45987041.0,2382445520.0,2268299020.0,23.8244552,22.6829902,0.87,120.6205,5.9934
002378,章源钨业,江西,小金属,主板,20100331,20260805,25.21,7.5512,1592284951.1100001,30287740217.0,30129010494.0,302.87740217,301.29010494,2.05,104.2874,11.1349
002379,宏桥控股,山东,铝,主板,20100331,20260805,18.84,-2.1299,1746175283.45,245506266888.0,21409282392.0,2455.06266888,214.09282392,1.1,13.7434,4.6964
002380,科远智慧,江苏,软件服务,主板,20100331,20260805,29.49,0.272,198454481.0,7077355233.0,4193595960.0,70.77355233,41.9359596,0.82,50.9544,2.9083
002381,双箭股份,浙江,橡胶,主板,20100402,20260805,5.3,-0.9346,28773630.5,2181362870.0,1706740450.0000002,21.8136287,17.067404500000002,1.08,33.4041,1.0103
002382,蓝帆医疗,山东,医疗保健,主板,20100402,20260805,5.93,-0.5034,88804342.0,5975012851.0,5916907746.0,59.75012851,59.16907746,0.55,,0.8652
002383,合众思壮,北京,通信设备,主板,20100402,20260805,7.01,0.0,83455264.0,5189925703.0,5189925703.0,51.89925703,51.89925703,1.26,,3.4571
002384,东山精密,江苏,元器件,主板,20100409,20260805,188.83,5.4386,24440703483.899998,345862444225.0,261779126611.0,3458.62444225,2617.79126611,1.29,249.528,15.2782
002385,大北农,北京,饲料,主板,20100409,20260805,3.04,-0.6536,161520910.0,13072238838.0,10529336117.0,130.72238838,105.29336117,0.89,,1.7623
002386,天原股份,四川,化工原料,主板,20100409,20260805,5.85,0.3431,91128144.01,7614634950.0,7613216324.999999,76.1463495,76.13216324999999,1.11,86.7444,0.995
002387,维信诺,江苏,元器件,主板,20100413,20260805,7.12,0.8499,113514159.75,9945187520.0,9932142256.0,99.4518752,99.32142256,0.76,,3.8143
002388,新亚制程,浙江,元器件,主板,20100413,20260805,4.91,1.8672,192558702.8,2507525216.0,2485090444.0,25.07525216,24.85090444,0.43,,2.6142
002389,航天彩虹,浙江,航空,主板,20100413,20260805,18.47,-0.1082,355866888.15000004,18191398520.0,18188539364.0,181.9139852,181.88539364,0.85,675.3971,2.2424
002390,信邦制药,贵州,医药商业,主板,20100416,20260805,2.94,-1.3423,66083061.0,5714924586.0,5667704658.0,57.14924586,56.67704658,1.09,47.5112,0.8357
002391,长青股份,江苏,农药化肥,主板,20100416,20260805,5.26,0.0,33212633.159999996,3416857076.0,2388921576.0,34.16857076,23.88921576,0.75,84.2861,0.7981
002392,北京利尔,北京,其他建材,主板,20100423,20260805,7.43,0.8141,93074704.71000001,8845347387.0,8600571238.0,88.45347387,86.00571238,1.05,22.0597,1.4852
002393,力生制药,天津,化学制药,主板,20100423,20260805,14.43,-0.6882,32447389.86,4448667990.0,4332137082.0,44.4866799,43.32137082,0.94,10.6866,0.9659
002394,联发股份,江苏,纺织,主板,20100423,20260805,9.14,1.3304,37668742.0,2958618000.0,2953328682.0000005,29.58618,29.533286820000004,0.72,9.7423,0.6819
002395,双象股份,江苏,塑料,主板,20100429,20260805,12.33,0.6531,36671280.95999999,3307016970.0,3306730913.9999995,33.0701697,33.06730913999999,1.08,16.3659,2.1301
002396,星网锐捷,福建,通信设备,主板,20100623,20260805,28.7,10.0038,2722637810.2400002,21827911280.0,21737813370.0,218.2791128,217.3781337,1.09,53.3871,3.1096
002397,梦洁股份,湖南,纺织,主板,20100429,20260805,3.52,-0.565,54214685.2,2632190528.0,2280425312.0,26.32190528,22.80425312,1.04,55.2165,2.1483
002398,垒知集团,福建,其他建材,主板,20100506,20260805,4.03,-1.2255,56067513.0,2773765176.0,2416954618.0,27.73765176,24.16954618,0.97,51.2434,0.7647
002399,海普瑞,深圳,化学制药,主板,20100506,20260805,9.71,-1.0194,47410863.0,14247446102.0,12110328507.0,142.47446102,121.10328507,1.21,40.7669,1.1698
002400,省广集团,广东,广告包装,主板,20100506,20260805,7.13,2.0029,938127181.17,12429993523.0,12307553598.0,124.29993523,123.07553598,0.93,138.1579,2.4802
002401,中远海科,上海,软件服务,主板,20100506,20260805,12.6,0.8807,71299043.82000001,4683021840.0,4679003700.0,46.8302184,46.790037,1.32,143.91,2.819
002402,和而泰,深圳,元器件,主板,20100511,20260805,21.65,3.6877,897126469.74,19991382675.0,17720061690.0,199.91382675,177.2006169,1.38,30.1333,2.8983
002403,爱仕达,浙江,家用电器,主板,20100511,20260805,9.39,0.8593,51529264.0,3198596454.0,2790346485.0,31.98596454,27.90346485,0.71,,2.3126
002404,嘉欣丝绸,浙江,纺织,主板,20100511,20260805,5.89,0.1701,39609826.0,3298703335.0,2683150626.0,32.98703335,26.83150626,0.9,18.3174,1.5922
002405,四维图新,北京,软件服务,主板,20100518,20260805,6.88,-0.4342,518159806.31,16306534304.0,16207614352.0,163.06534304,162.07614352,1.36,157.4972,1.8504
002406,远东传动,河南,汽车配件,主板,20100518,20260805,6.8,0.1473,91676195.2,4965530680.0,4095047720.0,49.6553068,40.9504772,0.97,31.7861,1.2058
002407,多氟多,河南,化工原料,主板,20100518,20260805,32.81,4.6237,5885347913.51,39058090325.0,35394355113.0,390.58090325,353.94355113,1.2,183.5567,4.4534
002408,齐翔腾达,山东,化工原料,主板,20100518,20260805,5.08,-0.3922,123481111.67,14441812620.000002,13975532628.0,144.41812620000002,139.75532628,0.95,,1.3177
002409,雅克科技,江苏,半导体,主板,20100525,20260805,140.62,8.6036,5890828251.7699995,66924939112.0,44790662074.0,669.24939112,447.90662074,0.99,66.9038,8.2611
002410,广联达,北京,软件服务,主板,20100525,20260805,9.74,0.309,390240640.74,16089937482.0,15292953216.0,160.89937482,152.92953216,0.93,39.7171,2.6476
002412,汉森制药,湖南,中成药,主板,20100525,20260805,7.0,-0.1427,180840664.35,3522400000.0,3484915000.0,35.224,34.84915,0.67,17.7791,1.4538
002413,雷科防务,北京,通信设备,主板,20100528,20260805,8.45,1.6847,390865368.58,11148428915.0,10946387725.0,111.48428915,109.46387725,1.05,,3.3889
002414,高德红外,湖北,电器仪表,主板,20100716,20260805,13.58,5.1084,1740825976.3799999,57996596238.0,46153156392.0,579.96596238,461.53156392,1.27,84.5194,7.8297
002415,海康威视,浙江,IT设备,主板,20100528,20260805,38.44,-0.4918,4045573964.0299997,352297660459.99994,347731841828.0,3522.9766045999995,3477.31841828,0.79,24.8178,4.1768
002416,爱施德,深圳,电器连锁,主板,20100528,20260805,9.84,-0.2028,150596733.2,12194532912.0,12043218311.999998,121.94532912,120.43218311999998,0.6,32.5721,2.0379
002418,康盛股份,浙江,家用电器,主板,20100601,20260805,3.69,2.2161,163809076.46,4193316000.0,4193304930.0,41.93316,41.9330493,1.27,167.222,2.8797
002419,天虹股份,深圳,百货,主板,20100601,20260805,4.57,-0.8677,44395790.0,5215542662.0,5215465429.0,52.15542662,52.15465429,0.79,62.6965,1.2594
002420,毅昌科技,广东,家用电器,主板,20100601,20260805,5.63,0.1779,46427757.839999996,2315562700.0,2278500973.0,23.155627,22.78500973,0.86,12.0974,2.9164
002421,达实智能,深圳,软件服务,主板,20100603,20260805,3.53,1.4368,2480565406.5,7485653401.0,7071921516.0,74.85653401,70.71921516,3.72,,2.7566
002422,科伦药业,四川,化学制药,主板,20100603,20260805,42.9,1.4424,1098869074.11,68244513480.0,55710467670.0,682.4451348,557.1046767,0.72,40.0982,2.7699
002423,中粮资本,河南,多元金融,主板,20100603,20260805,9.19,-0.7559,126291788.66000001,21174730464.0,21174730464.0,211.74730464,211.74730464,0.9,18.6929,0.8877
002424,ST百灵,贵州,中成药,主板,20100603,20260805,4.6,0.6565,28676536.0,6428952640.0,5298638529.000001,64.2895264,52.98638529000001,1.17,,2.0193
002425,凯撒文化,广东,互联网,主板,20100608,20260805,3.47,10.1587,52004543.0,3319627550.0,3193045073.0,33.1962755,31.93045073,0.29,,1.3388
002426,胜利精密,江苏,元器件,主板,20100608,20260805,2.74,2.6217,281956025.03999996,9323194966.0,9323123726.0,93.23194966,93.23123726,0.98,,5.679
002427,尤夫股份,浙江,化纤,主板,20100608,20260805,4.36,1.1601,52535942.8,4296487008.0,4292498480.0,42.96487008,42.9249848,1.05,112.9618,4.5388
002428,云南锗业,云南,小金属,主板,20100608,20260805,82.71,10.0013,2573391859.62,54019555199.99999,54012574475.99999,540.1955519999999,540.12574476,0.52,2681.4041,36.7681
002429,兆驰股份,深圳,家用电器,主板,20100610,20260805,7.99,2.6992,812688579.8199999,36170255394.0,36149417474.0,361.70255394,361.49417474,1.44,27.7528,2.1384
002430,杭氧股份,浙江,化工机械,主板,20100610,20260805,24.15,1.9848,476797123.59,23627386755.0,23617195455.0,236.27386755,236.17195455,1.5,24.901,2.3463
002431,ST棕榈,河南,建筑工程,主板,20100610,20260805,1.37,1.4815,28262813.36,2469294576.0,2469294576.0,24.69294576,24.69294576,1.13,,8.3117
002432,九安医疗,天津,医疗保健,主板,20100610,20260805,69.69,3.5513,2991418307.7400002,32468144567.0,32424827980.999996,324.68144567,324.24827981,1.11,14.3237,1.5019
002434,万里扬,浙江,汽车配件,主板,20100618,20260805,5.9,1.3746,107182093.55999999,7744340000.0,7736789770.0,77.4434,77.3678977,1.03,32.2555,1.3076
002436,兴森科技,深圳,元器件,主板,20100618,20260805,30.51,6.1956,4119321020.4900002,51857040407.0,46312057450.0,518.57040407,463.1205745,1.08,384.2799,9.716
002437,誉衡药业,黑龙江,化学制药,主板,20100623,20260805,2.92,-1.6835,199046085.03,6511215144.0,6132449388.0,65.11215144,61.32449388,1.09,17.2755,2.7266
002438,江苏神通,江苏,机械基件,主板,20100623,20260805,15.29,5.4483,540241476.3299999,7760248375.0,7169185903.0,77.60248375,71.69185903,2.46,27.1899,2.0389
002439,启明星辰,北京,软件服务,主板,20100623,20260805,14.29,-0.3487,564721288.1500001,17310908858.0,10411682568.0,173.10908858,104.11682568,0.92,,1.5895
002440,闰土股份,浙江,染料涂料,主板,20100706,20260805,13.05,2.3529,741832245.77,14668198695.0,12349990170.0,146.68198695,123.4999017,0.74,21.9137,1.4488
002441,众业达,广东,电气设备,主板,20100706,20260805,8.02,-0.2488,43595178.0,4367239672.0,3196403882.0,43.67239672,31.96403882,0.95,23.1872,0.9613
002442,龙星科技,河北,化工原料,主板,20100706,20260805,4.97,1.4286,55751972.0,2501767289.0,2442808676.0,25.01767289,24.42808676,1.18,63.2291,1.361
002443,金洲管道,浙江,钢加工,主板,20100706,20260805,8.4,2.8152,191667418.0,4372498200.0,4372498200.0,43.724982,43.724982,1.57,31.7448,1.2479
002444,巨星科技,浙江,轻工机械,主板,20100713,20260805,30.22,2.8591,448743562.26,36097131204.0,34654150380.0,360.97131204,346.5415038,1.17,14.3829,1.8876
002445,中南文化,江苏,钢加工,主板,20100713,20260805,2.98,1.0169,101889262.99000001,7082290648.000001,7051591880.0,70.82290648000001,70.5159188,0.84,94.8516,3.0998
002446,盛路通信,广东,通信设备,主板,20100713,20260805,8.27,3.5044,275593584.83,7570487839.0,7011118271.0,75.70487839,70.11118271,1.3,108.7255,2.9743
002448,中原内配,河南,汽车配件,主板,20100716,20260805,12.22,3.2967,357719886.39,7190365312.0,7093826090.000001,71.90365312,70.9382609,1.16,17.5656,1.8276
002449,国星光电,广东,半导体,主板,20100716,20260805,6.42,0.3125,54502404.64,3970623624.0,3970623624.0,39.70623624,39.70623624,1.03,,1.0568
002451,摩恩电气,上海,电气设备,主板,20100720,20260805,7.32,0.274,107073153.38000001,3225704400.0,3214570680.0000005,32.257044,32.145706800000006,0.72,304.8281,4.1797
002452,长高电气,湖南,电气设备,主板,20100720,20260805,11.5,0.9658,208240251.24,7133819150.0,5925332450.0,71.3381915,59.2533245,1.23,20.8207,2.5718
002453,华软科技,北京,化工原料,主板,20100720,20260805,4.33,1.1682,41823994.879999995,3517549976.0,2609476232.0,35.17549976,26.09476232,0.87,,4.7144
002454,松芝股份,上海,汽车配件,主板,20100720,20260805,5.04,-0.9823,47548453.14,4430530944.0,4421863656.0,44.30530944,44.21863656,0.8,17.9053,1.0858
002455,百川股份,江苏,化工原料,主板,20100803,20260805,6.94,1.7595,225043697.94000003,5013889750.0,4586035280.0,50.1388975,45.8603528,0.96,,1.8285
002456,欧菲光,深圳,元器件,主板,20100803,20260805,7.87,1.8111,1016838976.57,27512852624.0,26109630050.0,275.12852624,261.0963005,1.32,660.8231,7.3015
002457,青龙管业,宁夏,塑料,主板,20100803,20260805,11.11,2.5854,390216154.94,3705038348.0,3702633033.0000005,37.05038348,37.02633033000001,1.35,28.5818,1.4593
002458,益生股份,山东,农业综合,主板,20100810,20260805,8.95,1.5891,275762952.47,12809178245.000002,8649151120.0,128.09178245,86.4915112,0.73,77.4343,2.7616
002459,晶澳科技,河北,电气设备,主板,20100810,20260805,7.78,-0.1284,245751611.45999998,25749603706.0,25726707944.0,257.49603706,257.26707944,0.62,,1.2393
002460,赣锋锂业,江西,小金属,主板,20100810,20260805,52.98,2.4758,2267447051.5299997,111082869312.0,64170329640.0,1110.82869312,641.7032964,0.97,68.8681,2.391
002461,珠江啤酒,广东,啤酒,主板,20100818,20260805,8.84,-1.3393,62386582.0,19565823940.0,19565823940.0,195.6582394,195.6582394,0.66,21.6483,1.7445
002462,嘉事堂,北京,医药商业,主板,20100818,20260805,11.82,-0.922,36571961.0,3447977922.0000005,3445180128.0000005,34.479779220000005,34.451801280000005,0.97,30.9572,0.7854
002463,沪电股份,江苏,元器件,主板,20100818,20260805,115.6,3.4267,9348712422.51,222456432159.99997,222276893800.0,2224.5643216,2222.768938,1.19,58.1995,13.2494
002465,海格通信,广东,通信设备,主板,20100831,20260805,10.63,1.3346,632069869.49,26381894356.999996,26339939873.0,263.81894357,263.39939873,1.02,,2.3095
002466,天齐锂业,四川,小金属,主板,20100831,20260805,47.77,2.0726,2345779631.63,81840439194.0,70495335241.0,818.40439194,704.95335241,1.08,176.9043,1.7656
002467,二六三,北京,互联网,主板,20100908,20260805,4.88,0.0,281905587.61,6711814872.0,6670026456.0,67.11814872,66.70026456,1.06,,4.2934
002468,申通快递,浙江,仓储物流,主板,20100908,20260805,14.01,-2.1648,520004180.73,21446538346.0,20682817730.0,214.46538346,206.8281773,2.05,15.6701,1.8822
002469,三维化学,山东,化工原料,主板,20100908,20260805,5.83,-0.6814,35156144.0,3782868958.0,3663588907.0,37.82868958,36.63588907,0.92,20.2865,1.427
002470,金正大,山东,农药化肥,主板,20100908,20260805,1.98,1.0204,144769555.0,6506334846.0,6505757082.0,65.06334846,65.05757082,0.93,188.0692,3.0517
002471,中超控股,江苏,电气设备,主板,20100910,20260805,5.78,0.0,576025676.1600001,7911432800.0,7768623670.0,79.114328,77.6862367,0.96,,4.3842
002472,双环传动,浙江,汽车配件,主板,20100910,20260805,39.72,2.2657,1147407013.4699998,33761908644.0,29734209288.0,337.61908644,297.34209288,1.0,26.7629,3.2762
002474,榕基软件,福建,软件服务,主板,20100915,20260805,6.44,1.4173,165889081.0,4006968000.0,3405679368.0000005,40.06968,34.056793680000006,0.95,,3.0381
002475,立讯精密,深圳,元器件,主板,20100915,20260805,55.87,0.703,12223426528.0,431611270686.0,409251951423.99994,4316.11270686,4092.5195142399994,1.39,26.001,4.8858
002476,新叶股份,山东,化工原料,主板,20100915,20260805,4.51,0.2222,32673610.0,2760120000.0,2760120000.0,27.6012,27.6012,0.83,88.1309,2.8643
002478,常宝股份,江苏,钢加工,主板,20100921,20260805,6.41,0.6279,88764231.0,5774154922.0,4632660199.0,57.74154922,46.32660199,0.79,11.9728,0.9511
002479,富春环保,浙江,新型电力,主板,20100921,20260805,5.54,0.0,75733843.12,4792100000.0,4781423312.0,47.921,47.81423312,0.75,23.5691,1.1203
002480,新筑股份,四川,运输设备,主板,20100921,20260805,5.62,0.1783,71035883.0,4322727532.0,4314079476.0,43.22727532,43.14079476,1.27,,5.3589
002481,双塔食品,山东,食品,主板,20100921,20260805,4.16,-0.4785,35450883.48,5132177440.0,4651514816.0,51.3217744,46.51514816,1.0,157.1276,2.112
002482,广田集团,深圳,装修装饰,主板,20100929,20260805,1.27,0.0,60413341.0,4763722248.0,4754511446.0,47.63722248,47.54511446,0.88,,10.7056
002483,润邦股份,江苏,专用机械,主板,20100929,20260805,5.26,0.0,65218388.28,4662823784.0,4656419208.0,46.62823784,46.56419208,1.07,12.9343,1.0123
002484,江海股份,江苏,元器件,主板,20100929,20260805,64.24,8.3123,3636665808.25,54637661760.0,52707140552.0,546.3766176,527.07140552,1.1,80.9934,8.5031
002485,ST雪发,山东,商贸代理,主板,20101015,20260805,5.36,-0.9242,12551395.21,2915840000.0,2915840000.0,29.1584,29.1584,1.07,,2.8727
002486,嘉麟杰,上海,服饰,主板,20101015,20260805,2.31,-1.2821,46944415.5,1904093961.0000002,1895211780.0000002,19.040939610000002,18.952117800000003,0.79,41.0824,1.7696
002487,大金重工,辽宁,电气设备,主板,20101015,20260805,42.56,2.3815,1227666854.8300002,31498053733.0,26851966521.0,314.98053733,268.51966521,0.97,28.549,3.6178
002488,金固股份,浙江,汽车配件,主板,20101021,20260805,9.18,1.2128,248559188.56,9138130938.0,8446371120.0,91.38130938,84.4637112,0.83,219.8575,2.6342
002489,浙江永强,浙江,家居用品,主板,20101021,20260805,2.75,-0.722,49053600.86,5964794825.0,5260808850.0,59.64794825,52.6080885,0.74,12.8243,1.298
002490,山东墨龙,山东,化工机械,主板,20101021,20260805,7.51,-0.2656,276952154.33,6184686268.0,4068332220.0,61.84686268,40.6833222,0.63,1199.6049,12.2777
002491,通鼎互联,江苏,通信设备,主板,20101021,20260805,16.06,10.0,2006444574.7,19753711670.0,18894090534.0,197.5371167,188.94090534,0.95,,7.8378
002492,恒基达鑫,广东,仓储物流,主板,20101102,20260805,5.53,1.0969,45300223.0,2239650000.0,2200025891.0,22.3965,22.00025891,1.21,,1.3799
002493,荣盛石化,浙江,化纤,主板,20101102,20260805,12.39,2.8216,666353127.46,123769190097.0,115698653847.0,1237.69190097,1156.98653847,1.07,145.9002,2.6687
002494,华斯股份,河北,服饰,主板,20101102,20260805,4.59,-1.2903,47135565.55,1731856113.0,1316276136.0,17.31856113,13.16276136,0.86,84.3058,1.3763
002495,佳隆股份,广东,食品,主板,20101102,20260805,2.29,-0.4348,44253411.0,2142582624.0,1589072678.0,21.42582624,15.89072678,0.82,109.4594,1.9351
002496,辉丰股份,江苏,农药化肥,主板,20101109,20260805,2.04,2.0,59136999.0,3075482988.0,2409746940.0,30.75482988,24.0974694,1.33,,2.7597
002497,雅化集团,四川,小金属,主板,20101109,20260805,18.4,2.279,663362672.9,21207150368.0,19496412116.0,212.07150368,194.96412116,0.99,33.5354,1.9222
002498,汉缆股份,山东,电气设备,主板,20101109,20260805,7.25,-1.7615,1519463722.4099998,24119271000.0,24119271000.0,241.19271,241.19271,0.91,43.5795,2.7368
002500,山西证券,山西,证券,主板,20101115,20260805,5.42,-0.1842,90308444.13000001,19456561530.0,19456561530.0,194.5656153,194.5656153,0.65,21.0474,1.0376
002501,*ST利源,吉林,铝,主板,20101117,20260805,1.33,-3.6232,100546640.19000001,4721500000.0,4716804036.0,47.215,47.16804036,2.54,,29.4327
002506,协鑫集成,上海,电气设备,主板,20101118,20260805,2.76,1.845,621137327.9499999,16146873263.999998,16130647224.0,161.46873263999998,161.30647224,0.87,,17.15
002507,涪陵榨菜,重庆,食品,主板,20101123,20260805,11.75,-1.3434,169832674.16,13558548250.0,13480930100.0,135.5854825,134.809301,0.87,17.6536,1.5027
002508,老板电器,浙江,家用电器,主板,20101123,20260805,15.71,-0.6325,126703460.08999999,14844990119.0,14666098777.999998,148.44990119,146.66098777999997,0.66,11.8204,1.2574
002510,天汽模,天津,汽车配件,主板,20101125,20260805,5.76,1.5873,149471746.60000002,5847198912.0,5787918144.0,58.47198912,57.87918144,1.43,88.7865,2.3064
002511,中顺洁柔,广东,造纸,主板,20101125,20260805,7.34,-0.4071,80542268.2,9403557324.0,9285128626.0,94.03557324,92.85128626,0.7,29.5146,1.6916
002512,ST达华,福建,IT设备,主板,20101203,20260805,3.82,1.3263,139898024.0,4211231794.0,4180805876.0000005,42.11231794,41.80805876,0.88,,12.9445
002513,蓝丰生化,江苏,新型电力,主板,20101203,20260805,4.98,0.0,36888956.0,1870458120.0,1439425674.0,18.7045812,14.39425674,0.86,,46.6572
002514,*ST宝馨,江苏,机械基件,主板,20101203,20260805,2.09,4.5,105105242.0,1504871687.0,1157928134.0,15.04871687,11.57928134,0.81,,
002515,金字火腿,浙江,食品,主板,20101203,20260805,6.91,0.2903,457173396.21,8365343431.000001,7613796629.0,83.65343431000001,76.13796629,0.71,330.6074,3.2252
002516,旷达科技,湖南,汽车配件,主板,20101207,20260805,5.51,1.8484,151879815.70000002,8104321237.0,8047347837.0,81.04321237,80.47347837,2.32,44.0028,2.1148
002517,恺英网络,福建,互联网,主板,20101207,20260805,18.38,-1.0764,2228927416.2599998,39267827854.0,34721413546.0,392.67827854,347.21413546,0.87,20.6279,3.7924
002518,科士达,深圳,电气设备,主板,20101207,20260805,33.65,4.7308,469642264.27,19591874615.0,19016843225.0,195.91874615,190.16843225,1.2,32.0711,3.9375
002519,银河电子,江苏,通信设备,主板,20101207,20260805,5.54,0.9107,174455728.0,6240427186.0,6191528930.0,62.40427186,61.9152893,0.95,,2.8138
002520,日发精机,浙江,机床制造,主板,20101210,20260805,5.68,-0.1757,176283156.5,4261392736.0,4075060336.0000005,42.61392736,40.75060336000001,1.11,,14.3954
002521,齐峰新材,山东,造纸,主板,20101210,20260805,6.96,0.8696,34873143.0,3898025256.0,2917448256.0,38.98025256,29.17448256,1.33,25.1834,0.9776
002522,浙江众成,浙江,塑料,主板,20101210,20260805,5.04,0.8,142581371.72,4565128176.0,4561300296.0,45.65128176,45.61300296,0.91,78.3558,1.9589
002523,天桥起重,湖南,专用机械,主板,20101210,20260805,3.32,-0.3003,74371991.0,4703247456.0,4686321764.0,47.03247456,46.86321764,0.96,39.393,1.9029
002524,光正眼科,新疆,医疗保健,主板,20101217,20260805,3.8,2.1505,85169930.24,1958260080.0,1940844680.0,19.5826008,19.4084468,2.0,,21.2722
002526,山东矿机,山东,工程机械,主板,20101217,20260805,2.69,-0.3704,67124281.11,4795715322.0,4764217036.0,47.95715322,47.64217036,1.1,39.1163,1.4772
002527,新时达,上海,电器仪表,主板,20101224,20260805,11.81,1.9862,156483305.47,7830753953.0,6246174366.0,78.30753953,62.46174366,1.36,1421.7755,6.2956
002528,*ST英飞,深圳,IT设备,主板,20101224,20260805,4.63,-1.4894,33430006.0,5549865713.0,4862502858.0,55.49865713,48.62502858,1.02,,
002529,海源复材,江西,专用机械,主板,20101224,20260805,6.82,-1.4451,36764052.0,1773200000.0,1773200000.0,17.732,17.732,1.08,,22.2524
002530,金财互联,江苏,专用机械,主板,20101231,20260805,7.68,5.3498,387603754.08,5984241408.000001,5338546944.0,59.84241408000001,53.38546944,3.52,92.2685,4.4385
002531,天顺风能,江苏,电气设备,主板,20101231,20260805,6.9,-0.289,325251162.28,12398463030.0,12328818570.0,123.9846303,123.2881857,0.88,,1.4302
002532,天山铝业,新疆,铝,主板,20101231,20260805,13.46,2.2796,1299500380.01,62302806750.0,55278301950.0,623.0280675,552.7830195,0.91,12.9317,1.9892
002533,金杯电工,湖南,电气设备,主板,20101231,20260805,11.75,-0.2547,141907922.62,8623807925.0,7592192000.0,86.23807925,75.92192,0.79,14.3751,1.9329
002534,西子洁能,浙江,专用机械,主板,20110110,20260805,15.22,3.1864,279837260.40000004,12722932222.0,12562020294.000002,127.22932222,125.62020294000001,0.7,29.1424,2.2449
002535,林州重机,河南,工程机械,主板,20110111,20260805,2.41,-0.823,33189593.9,1932056271.0000002,1798579385.0,19.32056271,17.98579385,0.89,,3.2465
002536,飞龙股份,河南,汽车配件,主板,20110111,20260805,38.17,9.9683,2226191733.41,21939577803.000004,20779789987.0,219.39577803000003,207.79789987,1.27,69.2268,6.247
002537,海联金汇,山东,汽车配件,主板,20110110,20260805,5.9,0.1698,128457332.33,6926698530.0,6907234430.0,69.2669853,69.0723443,0.87,23.0561,1.5779
002538,ST司特,安徽,农药化肥,主板,20110118,20260805,6.85,-0.436,104798044.0,5846857230.0,5843024655.000001,58.4685723,58.43024655000001,1.33,35.4097,1.1036
002539,云图控股,四川,农药化肥,主板,20110118,20260805,12.29,2.8452,216141703.4,14842924273.000002,10935563344.0,148.42924273000003,109.35563344,0.73,17.9462,1.5279
002540,亚太科技,江苏,铝,主板,20110118,20260805,5.16,-1.1494,44256096.35,6437482356.0,4428319224.0,64.37482356,44.28319224,0.69,15.124,1.1521
002541,鸿路钢构,安徽,钢加工,主板,20110118,20260805,19.34,0.7292,265194772.52,13344969394.0,9596123134.0,133.44969394,95.96123134,1.07,21.1432,1.354
002542,*ST中岩,北京,建筑工程,主板,20110128,20260805,1.77,-1.1173,64857651.5,3196826736.0,3113025201.0,31.96826736,31.13025201,0.95,,
002543,万和电气,广东,家用电器,主板,20110128,20260805,6.67,-1.7673,28987569.0,4959812000.0,4412992727.0,49.59812,44.12992727,1.06,22.9979,1.0266
002544,普天科技,广东,通信设备,主板,20110128,20260805,16.87,2.3665,210384115.96,11480606893.0,11479501908.0,114.80606893,114.79501908,1.0,457.1384,3.0817
002545,东方铁塔,山东,农药化肥,主板,20110211,20260805,18.6,4.2601,476123091.69,23139555060.0,21021044820.0,231.3955506,210.2104482,1.01,19.1831,2.2651
002546,新联电子,江苏,电气设备,主板,20110211,20260805,8.98,1.9296,494227561.65,7489760918.000001,7195064258.0,74.89760918,71.95064258,1.15,12.9512,1.9277
002547,*ST春兴,江苏,汽车配件,主板,20110218,20260805,2.54,1.1952,84101715.0,2865265287.9999995,2806210287.9999995,28.652652879999994,28.062102879999994,0.98,,
002548,金新农,深圳,饲料,主板,20110218,20260805,3.98,2.0513,108358660.44000001,3296131326.0,3201796570.0,32.96131326,32.0179657,1.15,,3.1485
002549,凯美特气,湖南,环境保护,主板,20110218,20260805,14.01,3.9318,506719502.89,9741824079.0,9699956595.0,97.41824079,96.99956595,1.11,142.1009,4.744
002550,千红制药,江苏,生物制药,主板,20110218,20260805,6.92,-1.2839,137603068.06,8856216000.0,6513382184.0,88.56216,65.13382184,1.18,22.2074,3.1028
002551,尚荣医疗,深圳,医疗保健,主板,20110225,20260805,3.04,-0.9772,45476848.0,2570303280.0,1857994192.0,25.7030328,18.57994192,1.13,,1.0378
002552,宝鼎科技,浙江,元器件,主板,20110225,20260805,39.34,10.0112,705948037.0,15263341702.0,14496919822.0,152.63341702,144.96919822,1.13,122.8559,9.747
002553,南方精工,江苏,汽车配件,主板,20110225,20260805,16.26,0.4324,161280864.97,5746440096.0,4165968096.0,57.46440096,41.65968096,0.89,16.6271,3.6566
002554,惠博普,湖南,石油开采,主板,20110225,20260805,2.86,-0.3484,38322786.0,3814439486.0,3813726774.0,38.14439486,38.13726774,0.78,,1.9976
002555,三七互娱,安徽,互联网,主板,20110302,20260805,20.23,0.2478,1162358610.14,44753566648.0,32112268524.000004,447.53566648,321.12268524,0.77,15.4311,3.0872
002556,辉隆股份,安徽,农药化肥,主板,20110302,20260805,4.95,0.2024,45218736.07,4627956960.0,4623502950.0,46.2795696,46.2350295,0.82,23.8967,1.2656
002557,洽洽食品,安徽,食品,主板,20110302,20260805,19.84,0.4557,161279218.51000002,10036169152.0,10004694976.0,100.36169152,100.04694976,0.74,31.5161,1.8401
002558,巨人网络,重庆,互联网,主板,20110302,20260805,30.07,0.4342,3220599640.4,57149898468.00001,57149597768.0,571.49898468,571.49597768,0.75,32.5731,3.5027
002559,亚威股份,江苏,机床制造,主板,20110303,20260805,9.46,2.938,315477698.0,6072029656.0,4767887300.0,60.72029656,47.678873,1.13,57.4768,3.4191
002560,通达股份,河南,电气设备,主板,20110303,20260805,6.49,0.9331,224978892.41,4771913333.0,4110429169.0,47.71913333,41.10429169,0.87,29.5636,1.7348
002561,徐家汇,上海,百货,主板,20110303,20260805,6.64,-1.0432,25488179.84,2760666320.0,2751878944.0,27.6066632,27.51878944,0.88,,1.2732
002562,兄弟科技,浙江,化学制药,主板,20110310,20260805,4.57,0.2193,87979731.0,5222696083.0,3717783201.0,52.22696083,37.17783201,1.04,54.9148,1.419
002563,森马服饰,浙江,服饰,主板,20110311,20260805,6.12,-0.1631,142064941.98999998,16487832024.0,13507407936.0,164.87832024,135.07407936,0.77,18.4755,1.4088
002564,天沃科技,江苏,化工机械,主板,20110310,20260805,4.44,0.0,62500512.0,3813535980.0,3813535980.0,38.1353598,38.1353598,1.21,81.184,20.0804
002565,顺灏股份,上海,造纸,主板,20110318,20260805,9.46,2.7144,367679115.96000004,10027495940.0,10027176192.0,100.2749594,100.27176192,0.88,170.1315,5.4568
002566,益盛药业,吉林,中成药,主板,20110318,20260805,6.45,0.0,77066157.0,2134637820.0,1495048725.0,21.3463782,14.95048725,0.85,73.61,0.9497
002567,唐人神,湖南,饲料,主板,20110325,20260805,3.63,0.554,42674721.230000004,5201976582.0,5196949032.0,52.01976582,51.96949032,0.8,,1.2517
002568,百润股份,上海,红黄酒,主板,20110325,20260805,19.72,0.5609,431883340.01,20540819364.0,15028779620.0,205.40819364,150.2877962,0.91,32.2247,4.1145
002569,*ST步森,浙江,服饰,主板,20110412,20260805,12.7,0.316,12126789.0,1828927000.0,1778127000.0,18.28927,17.78127,0.43,210.8832,46.0534
002570,贝因美,浙江,乳制品,主板,20110412,20260805,4.43,0.4535,76111503.0,4784591819.0,4784379179.0,47.84591819,47.84379179,0.52,31.0538,2.937
002571,德力股份,安徽,家居用品,主板,20110412,20260805,10.72,1.2276,62460224.0,4201711504.0,3197842464.0,42.01711504,31.97842464,0.99,,5.2805
002572,索菲亚,广东,家居用品,主板,20110412,20260805,8.47,-0.5869,76412276.0,8157008937.0,5517896692.0,81.57008937,55.17896692,0.49,9.0504,1.1077
002573,清新环境,北京,环境保护,主板,20110422,20260805,3.23,-0.6154,25264794.52,4571312733.0,4564000336.0,45.71312733,45.64000336,0.88,,0.8321
002574,明牌珠宝,浙江,服饰,主板,20110422,20260805,4.55,0.4415,31776030.0,2402400000.0,2402400000.0,24.024,24.024,1.02,,0.884
002575,群兴玩具,广东,文教休闲,主板,20110422,20260805,5.32,-0.9311,196113317.88,3279780000.0,3108611660.0000005,32.7978,31.086116600000004,0.81,,3.8893
002576,通达动力,江苏,电气设备,主板,20110428,20260805,14.65,-2.1376,95131463.33,2418715000.0,2373704340.0,24.18715,23.7370434,1.37,29.3608,1.8366
002577,雷柏科技,深圳,IT设备,主板,20110428,20260805,18.7,1.1905,107892143.0,5248865600.000001,5248585100.0,52.48865600000001,52.485851,1.04,,4.4742
002578,闽发铝业,福建,铝,主板,20110428,20260805,3.17,1.278,81430159.0,2975457734.0,2729885442.0,29.75457734,27.29885442,1.04,,1.9738
002579,中京电子,广东,元器件,主板,20110506,20260805,12.98,10.0,594510711.9200001,7951789428.0,7572686462.0,79.51789428,75.72686462,0.91,290.5406,3.3094
002580,圣阳股份,山东,电气设备,主板,20110506,20260805,20.39,5.6477,2060150267.1399999,9254388910.0,9216237181.0,92.5438891,92.16237181,0.98,49.7785,3.8364
002581,*ST未名,山东,生物制药,主板,20110520,20260805,3.45,-2.2663,23550402.0,2276087820.0,1382729640.0,22.7608782,13.8272964,1.42,,1.2618
002582,好想你,河南,食品,主板,20110520,20260805,10.17,1.8018,316276058.88000005,4553189343.0,3500916732.0,45.53189343,35.00916732,0.74,5.2572,0.8904
002583,海能达,深圳,通信设备,主板,20110527,20260805,8.64,-0.9174,261974341.75,15712871616.0,11082708576.0,157.12871616,110.82708576,1.0,,7.7163
002584,西陇科学,广东,化工原料,主板,20110602,20260805,7.79,3.1788,285117786.0,4558835756.0,3649042435.0,45.58835756,36.49042435,1.07,,2.0836
002585,双星新材,江苏,塑料,主板,20110602,20260805,9.41,5.1397,1341902046.3799999,10739845666.0,8344380547.0,107.39845666,83.44380547,1.17,,1.2902
002586,ST围海,浙江,建筑工程,主板,20110602,20260805,3.59,2.8653,17224427.0,4107763082.9999995,3904189620.0,41.07763083,39.0418962,1.55,15.0265,1.2814
002587,奥拓电子,深圳,元器件,主板,20110610,20260805,5.56,0.5425,109340200.52,3639042796.0,2961882612.0,36.39042796,29.61882612,1.24,333.3889,2.7174
002588,史丹利,山东,农药化肥,主板,20110610,20260805,8.76,-0.3413,99406054.32,10090573920.0,7521187956.0,100.9057392,75.21187956,0.94,9.7667,1.2771
002589,瑞康医药,山东,医药商业,主板,20110610,20260805,2.77,-0.7168,72904778.0,4168047808.0,3782688455.0,41.68047808,37.82688455,1.09,259.3493,0.784
002590,万安科技,浙江,汽车配件,主板,20110610,20260805,9.78,1.9812,108621320.0,5076333450.0,4840678482.0,50.7633345,48.40678482,1.76,23.779,1.6465
002591,恒大高新,江西,环境保护,主板,20110621,20260805,6.1,0.4942,54932887.99,1831216950.0,1363426250.0,18.3121695,13.6342625,0.84,,2.8627
002592,ST八菱,广西,汽车配件,主板,20111111,20260805,6.04,0.8347,18562292.0,1715518248.0,1587559640.0,17.15518248,15.8755964,0.78,14.6737,1.735
002593,日上集团,福建,钢加工,主板,20110628,20260805,4.36,0.0,48085069.0,3504820880.0,2443798748.0,35.0482088,24.43798748,0.84,31.8486,1.4175
002594,比亚迪,深圳,汽车整车,主板,20110630,20260805,90.82,-0.362,4654039884.58,828023886032.0,316654238070.0,8280.23886032,3166.5423807,1.05,25.3847,3.5704
002595,豪迈科技,山东,专用机械,主板,20110628,20260805,53.15,1.1995,225589680.5,61654000000.0,61227662589.99999,616.54,612.2766258999999,0.7,25.7608,4.9191
002596,海南瑞泽,海南,水泥,主板,20110707,20260805,3.23,0.9375,58163851.0,3706685337.9999995,3703276719.0,37.06685338,37.03276719,0.82,,6.974
002597,金禾实业,安徽,食品,主板,20110707,20260805,20.6,0.6351,160614945.55,11707389940.0,11685284080.0,117.0738994,116.8528408,0.67,33.733,1.4808
002598,ST章鼓,山东,机械基件,主板,20110707,20260805,6.62,0.0,15439102.0,2065790860.0,1896828599.9999998,20.6579086,18.968286,0.9,32.7306,1.6493
002599,盛通股份,北京,广告包装,主板,20110715,20260805,6.35,0.9539,92286137.10000001,3432903980.0,2624906485.0,34.3290398,26.24906485,1.08,456.1309,2.7806
002600,领益智造,广东,元器件,主板,20110715,20260805,12.97,2.4487,1743379669.76,105319206708.0,93382841779.0,1053.19206708,933.82841779,1.3,46.0367,4.3175
002601,龙佰集团,河南,化工原料,主板,20110715,20260805,16.7,1.0896,239177722.92999998,39816943270.0,33192966760.0,398.1694327,331.9296676,0.82,31.9926,1.7429
002602,世纪华通,浙江,互联网,主板,20110728,20260805,14.12,0.0,1665847881.01,104074034076.0,95971205712.0,1040.74034076,959.71205712,0.68,18.5675,3.2225
002603,以岭药业,河北,中成药,主板,20110728,20260805,16.44,-2.0846,538690138.9,27466396776.0,22630218960.0,274.66396776,226.3021896,1.35,21.3501,2.4097
002605,姚记科技,上海,互联网,主板,20110805,20260805,18.78,-1.1058,160557974.37,7841913894.0,6352006350.0,78.41913894,63.5200635,0.79,16.7874,2.0138
002606,大连电瓷,辽宁,电气设备,主板,20110805,20260805,14.69,-1.8704,587988505.4399999,6449985307.999999,6189513980.0,64.49985308,61.8951398,0.82,30.4445,3.2748
002607,中公教育,安徽,文教休闲,主板,20110810,20260805,2.35,9.8131,1529251342.37,14493388590.0,13027084470.0,144.9338859,130.2708447,2.19,296.4407,18.014
002608,江苏国信,江苏,火力发电,主板,20110810,20260805,7.4,-0.6711,165469581.48,27957789780.0,27957789780.0,279.5778978,279.5778978,0.97,8.0684,0.78
002609,捷顺科技,深圳,软件服务,主板,20110815,20260805,7.83,-0.1276,56349076.0,5038125804.0,3592873017.0,50.38125804,35.92873017,1.19,79.248,2.0993
002611,东方精工,广东,轻工机械,主板,20110830,20260805,16.51,-0.4822,549966343.55,20097390209.0,16575419224.0,200.97390209,165.75419224,0.82,27.7106,2.1209
002612,朗姿股份,北京,服饰,主板,20110830,20260805,14.9,-0.134,217365604.82,6592434970.0,3791442080.0,65.9243497,37.9144208,0.54,6.5971,1.9724
002613,北玻股份,河南,专用机械,主板,20110830,20260805,3.34,0.3003,96417374.0,3675899458.0,2584064146.0,36.75899458,25.84064146,1.1,117.2231,1.6652
002614,奥佳华,福建,家用电器,主板,20110909,20260805,4.77,-0.4175,33303233.500000004,2975235984.0,2104838342.9999998,29.75235984,21.048383429999998,1.05,242.3905,0.6894
002615,哈尔斯,浙江,家居用品,主板,20110909,20260805,6.67,1.214,48637314.449999996,3733944038.9999995,2015157742.0000002,37.33944038999999,20.151577420000002,1.0,53.1879,1.5664
002616,长青集团,广东,环境保护,主板,20110920,20260805,4.76,-0.4184,57870684.379999995,4089870064.0,2796406228.0,40.89870064,27.96406228,1.36,14.595,1.099
002617,露笑科技,浙江,电气设备,主板,20110920,20260805,6.41,1.746,660357643.8299999,12237804699.0,12035555737.999998,122.37804699,120.35555737999998,1.14,57.7167,1.9
002620,*ST瑞和,深圳,装修装饰,主板,20110929,20260805,5.26,2.3346,57096309.1,1985618440.0,1662538720.0,19.8561844,16.6253872,1.37,,
002622,皓宸医疗,吉林,医疗保健,主板,20111018,20260805,2.32,-0.4292,50363421.300000004,1948800232.0,1948742696.0,19.48800232,19.48742696,0.85,,7.2868
002623,亚玛顿,江苏,玻璃,主板,20111013,20260805,16.0,-1.3564,89701987.91,3089000000.0,3082177600.0,30.89,30.821776,0.8,,1.1287
002624,完美世界,浙江,互联网,主板,20111028,20260805,11.54,0.0867,733352731.39,22387235336.000004,21092038820.000004,223.87235336000003,210.92038820000005,0.76,30.6314,3.1057
002625,光启技术,深圳,航空,主板,20111103,20260805,30.9,0.0,658950707.7199999,66576764936.0,66576282896.0,665.76764936,665.76282896,0.92,96.9169,6.8093
002626,金达威,福建,医疗保健,主板,20111028,20260805,14.14,-1.1189,57466698.02,8624495040.0,8623434540.0,86.2449504,86.2343454,1.09,25.3731,1.9588
002627,三峡旅游,湖北,旅游景点,主板,20111103,20260805,6.42,0.3125,96775083.5,4530461748.0,4482175002.0,45.30461748,44.82175002,0.87,70.8706,1.465
002628,成都路桥,四川,建筑工程,主板,20111103,20260805,4.62,1.3158,77393059.6,3497803848.0,3482485776.0,34.97803848,34.82485776,0.93,,1.2394
002629,仁智股份,浙江,石油开采,主板,20111103,20260805,4.57,-0.4357,45655509.0,1947267860.0,1655500780.0,19.4726786,16.5550078,0.76,207.3151,30.8778
002630,*ST华西,四川,专用机械,主板,20111111,20260805,1.68,-0.5917,22506587.4,1983744000.0,1808585184.0,19.83744,18.08585184,0.88,,
002631,德尔未来,江苏,家居用品,主板,20111111,20260805,7.43,4.6479,263155991.77999997,5923811947.0,5896242932.0,59.23811947,58.96242932,1.3,,2.928
002632,道明光学,浙江,塑料,主板,20111122,20260805,8.28,1.0989,140291450.0,5171680548.0,4756245624.0,51.71680548,47.56245624,1.01,23.3333,2.3225
002633,申科股份,浙江,机械基件,主板,20111122,20260805,14.72,2.507,30413846.880000003,2208000000.0,2200174848.0,22.08,22.00174848,0.86,427.9087,5.1341
002634,*ST棒杰,浙江,服饰,主板,20111205,20260805,4.09,-0.4866,17803983.0,1878751724.9999998,1808741968.0,18.787517249999997,18.08741968,0.78,,
002635,安洁科技,江苏,元器件,主板,20111125,20260805,14.65,4.1222,354885084.48999995,9664411620.0,5794559915.0,96.6441162,57.94559915,0.9,86.9003,1.6553
002636,金安国纪,上海,元器件,主板,20111125,20260805,56.18,10.0059,2847505239.47,40899040000.0,40692039172.0,408.9904,406.92039172,1.13,135.9905,10.7234
002637,赞宇科技,浙江,日用化工,主板,20111125,20260805,10.65,0.7569,144437133.14,5009770650.0,4951980193.0,50.0977065,49.51980193,0.93,27.4694,1.3274
002638,勤上股份,广东,家用电器,主板,20111125,20260805,3.66,1.9499,69332687.0,5257935317.000001,4950808833.0,52.57935317000001,49.50808833,0.85,,2.7815
002639,雪人集团,福建,专用机械,主板,20111205,20260805,12.87,0.7042,759289519.87,10025153578.0,8489484947.0,100.25153578,84.89484947,1.2,274.41,3.9099
002640,跨境通,山西,互联网,主板,20111208,20260805,3.47,0.5797,356475335.0,5406403310.999999,5372469140.0,54.06403310999999,53.7246914,0.9,,8.3952
002641,公元股份,浙江,塑料,主板,20111208,20260805,3.89,-0.5115,37699808.72,4781175271.0,4411239383.0,47.81175271,44.11239383,1.01,76.5096,0.8792
002642,荣联科技,北京,软件服务,主板,20111220,20260805,7.5,-0.266,177914785.73999998,4961852250.0,4961852250.0,49.6185225,49.6185225,0.71,247.8972,4.1758
002643,万润股份,山东,化工原料,主板,20111220,20260805,13.78,3.7651,359145360.45,12621103378.000002,12432522700.0,126.21103378000002,124.325227,1.11,44.3654,1.7649
002644,佛慈制药,甘肃,中成药,主板,20111222,20260805,7.73,-1.4031,23146844.5,3947378609.9999995,3947378609.9999995,39.4737861,39.4737861,0.77,80.2196,2.1391
002645,华宏科技,江苏,专用机械,主板,20111220,20260805,18.03,4.7647,996741864.2900001,13578760811.999998,12264249405.0,135.78760812,122.64249405,1.63,66.462,3.182
002646,天佑德酒,青海,白酒,主板,20111222,20260805,6.82,-1.016,35790209.92,3267516560.0,3245245850.0,32.6751656,32.4524585,0.64,760.2254,1.1335
002647,仁东控股,广东,多元金融,主板,20111228,20260805,9.87,0.6116,180826371.0,11155979079.0,10020929079.0,111.55979079,100.20929079,0.65,31.0261,17.9254
002648,卫星化学,浙江,化工原料,主板,20111228,20260805,25.26,0.2381,1406476566.97,85091990382.0,85037347950.0,850.91990382,850.3734795,1.27,16.0228,2.4001
002649,博彦科技,北京,软件服务,主板,20120106,20260805,10.26,9.9678,267961488.69000003,6068118996.0,5503105926.0,60.68118996,55.03105926,1.89,58.2688,1.4584
002650,ST加加,湖南,食品,主板,20120106,20260805,6.04,3.0717,35613645.0,6686786152.0,6686559652.0,66.86786152,66.86559652,0.96,,3.8418
002651,利君股份,四川,航空,主板,20120106,20260805,7.86,-1.0076,54815816.0,8122995600.000001,4444543896.0,81.22995600000002,44.44543896,0.86,144.9364,2.8977
002652,扬子新材,江苏,其他建材,主板,20120119,20260805,3.77,-0.7895,65318263.0,1930481280.0,1930481280.0,19.3048128,19.3048128,1.02,,8.2211
002653,海思科,西藏,化学制药,主板,20120117,20260805,64.09,4.8593,562378450.8699999,71775538211.0,34402621149.0,717.75538211,344.02621149,0.95,276.5067,14.8162
002654,万润科技,深圳,互联网,主板,20120217,20260805,12.57,4.0563,791918123.7099999,10625452425.0,10624698225.0,106.25452425,106.24698225,1.21,330.8466,6.7938
002655,共达电声,山东,元器件,主板,20120217,20260805,27.07,9.9959,644918786.1500001,9869288880.0,9849768703.0,98.6928888,98.49768703,0.79,132.9929,11.8434
002656,摩登大道,广东,服饰,主板,20120228,20260805,2.94,-0.339,38289491.92,2094808506.0,2018716896.0000002,20.94808506,20.18716896,0.87,,5.0774
002657,中科金财,北京,软件服务,主板,20120228,20260805,15.87,0.5066,321161979.89000005,5396625240.0,5334341838.0,53.9662524,53.34341838,0.84,,3.3827
002658,雪迪龙,北京,环境保护,主板,20120309,20260805,7.34,0.4104,35725228.0,4666485006.0,2631841410.0,46.66485006,26.3184141,0.94,30.9169,1.7354
002659,凯文教育,北京,文教休闲,主板,20120309,20260805,5.0,-1.3807,501549161.87,2991402000.0,2991388000.0,29.91402,29.91388,2.3,,1.3942
002660,茂硕电源,深圳,电气设备,主板,20120316,20260805,6.76,-0.295,30399131.0,2410791760.0,2318590092.0,24.1079176,23.18590092,0.87,,2.4173
002661,克明食品,湖南,食品,主板,20120316,20260805,7.53,-0.6596,19537285.0,2438562639.0,2322383022.0,24.38562639,23.22383022,0.66,26.4261,1.0657
002662,峰璟股份,北京,汽车配件,主板,20120309,20260805,3.22,-0.3096,34314933.86,4830000000.0,4829939142.0,48.3,48.29939142,1.06,19.4094,1.0807
002663,普邦股份,广东,建筑工程,主板,20120316,20260805,1.61,0.0,46282056.02,2774591729.0,2748457082.0,27.74591729,27.48457082,0.79,,1.4366
002664,信质集团,浙江,汽车配件,主板,20120316,20260805,16.36,1.2376,96427953.82,6678152000.0,6586144996.0,66.78152,65.86144996,1.18,49.9578,1.8734
002666,德联集团,广东,化工原料,主板,20120327,20260805,4.12,-0.2421,33006055.0,3246557116.0,2062751748.0,32.46557116,20.62751748,0.76,71.1509,0.9194
002667,*ST威领,湖南,小金属,主板,20120329,20260805,12.25,2.8547,204904710.0,3192245875.0,2898484750.0,31.92245875,28.9848475,0.56,,
002668,TCL智家,广东,家用电器,主板,20120416,20260805,10.57,5.8058,280436321.3,11459057498.000002,11459057498.000002,114.59057498000001,114.59057498000001,1.39,10.2005,2.9777
002669,康达新材,上海,化工原料,主板,20120416,20260805,12.17,3.7511,194939815.16,3692378000.0,3684075626.0,36.92378,36.84075626,1.19,29.4354,1.3309
002670,国盛证券,江西,证券,主板,20120416,20260805,11.46,2.965,493213500.46000004,22176069515.999996,18603597876.0,221.76069515999995,186.03597876,0.97,81.2433,1.9562
002671,龙泉股份,山东,水泥,主板,20120426,20260805,3.82,-0.2611,46540157.0,2145277238.0,2106333102.0,21.45277238,21.06333102,1.04,45.1923,1.3081
002672,东江环保,深圳,环境保护,主板,20120426,20260805,3.59,1.9886,68090923.58,3967868322.0,3249374697.0,39.67868322,32.49374697,2.32,,1.7807
002673,西部证券,陕西,证券,主板,20120503,20260805,6.79,-0.2937,151589774.07000002,30348459743.0,30348459743.0,303.48459743,303.48459743,0.71,17.3059,0.9942
002674,兴业科技,福建,纺织,主板,20120507,20260805,26.93,10.0082,816299127.4200001,7959188430.0,7878740441.000001,79.5918843,78.78740441000001,1.0,78.4864,3.2477
002675,东诚药业,山东,化学制药,主板,20120525,20260805,12.84,-0.3879,68956494.54,10587808788.0,9545050560.0,105.87808788,95.4505056,0.86,54.1219,2.4701
002676,顺威股份,广东,家用电器,主板,20120525,20260805,5.04,-0.198,45202216.0,3628800000.0,3628681560.0,36.288,36.2868156,0.87,45.5176,2.6969
002677,浙江美大,浙江,家用电器,主板,20120525,20260805,6.66,1.0622,51072087.24,4302704322.0,3673055934.0,43.02704322,36.73055934,0.77,372.7763,2.9208
002678,珠江钢琴,广东,文教休闲,主板,20120530,20260805,4.46,-0.6682,28117887.599999998,6058108538.0,6054781824.000001,60.58108538,60.54781824000001,0.82,,1.9897
002679,福建金森,福建,林业,主板,20120605,20260805,8.68,-0.4587,21585675.220000003,2046362080.0000002,2046362080.0000002,20.4636208,20.4636208,0.74,221.6934,2.7476
002681,奋达科技,深圳,元器件,主板,20120605,20260805,4.75,0.6356,270056842.0,8524597950.0,7454007800.0,85.2459795,74.540078,0.93,,4.0002
002682,龙洲股份,福建,仓储物流,主板,20120612,20260805,4.46,0.4505,78830100.98,2508163956.0,2508163956.0,25.08163956,25.08163956,0.85,,4.76
002683,广东宏大,广东,化工原料,主板,20120612,20260805,28.53,0.8484,183609291.75,21679519049.999996,19016931123.0,216.79519049999996,190.16931123,0.69,22.6493,3.0853
002685,华东重机,江苏,机床制造,主板,20120612,20260805,5.41,0.9328,148735818.34,5451606687.0,5450875796.000001,54.51606687,54.50875796000001,1.04,81.703,3.3052
002686,亿利达,浙江,专用机械,主板,20120703,20260805,5.97,1.3582,174682007.35999998,3380447624.0,3120691282.0,33.80447624,31.20691282,0.92,110.8506,2.0952
002687,乔治白,浙江,服饰,主板,20120713,20260805,4.99,1.8367,80664892.24,2518849705.0,2062833565.0,25.18849705,20.62833565,0.61,29.4892,1.61
002688,金河生物,内蒙,农业综合,主板,20120713,20260805,5.07,-0.7828,43109965.0,3901387308.0,3789640452.0,39.01387308,37.89640452,1.3,141.5767,1.7073
002689,ST远智,辽宁,运输设备,主板,20120717,20260805,2.66,1.1407,18820005.06,2775206462.0,2774144589.9999995,27.75206462,27.741445899999995,1.09,27.5715,2.2269
002690,美亚光电,安徽,专用机械,主板,20120731,20260805,15.54,-0.5122,84836828.46000001,13709837106.000002,6740428380.0,137.09837106,67.4042838,0.71,19.0648,4.5307
002691,*ST冀凯,河北,专用机械,主板,20120731,20260805,4.24,2.6634,11914980.0,1441600000.0,1424552656.0000002,14.416,14.245526560000002,0.83,,1.7705
002692,远程股份,江苏,电气设备,主板,20120808,20260805,4.05,-0.4914,63142537.0,2908491300.0,2906822700.0,29.084913,29.068227,0.9,1640.0019,2.5457
002693,双成药业,海南,生物制药,主板,20120808,20260805,9.51,-1.6546,410684560.6,3943699998.0,3908435016.0,39.43699998,39.08435016,2.53,207.0927,9.4822
002694,*ST顾地,湖北,塑料,主板,20120816,20260805,2.13,0.0,5619937.0,1625370624.0,1531038675.0,16.25370624,15.31038675,0.59,,
002695,煌上煌,江西,食品,主板,20120905,20260805,10.07,-2.6112,195104583.4,5635029006.000001,5150352857.0,56.350290060000006,51.50352857,0.94,69.0596,2.0044
002696,百洋股份,广西,饲料,主板,20120905,20260805,5.43,-0.1838,27997933.819999997,1877445306.0,1815025827.0,18.77445306,18.15025827,0.63,46.2071,1.3804
002697,红旗连锁,四川,超市连锁,主板,20120905,20260805,4.64,-0.6424,72575761.0,6310400464.0,5314378992.0,63.10400464,53.14378992,0.8,13.1302,1.28
002698,博实股份,黑龙江,化工机械,主板,20120911,20260805,13.12,-1.0558,292335200.0,13416008192.0,11075094496.0,134.16008192,110.75094496,1.16,23.7975,3.1752
002700,万憬能源,新疆,供气供热,主板,20120921,20260805,5.9,0.0,40577810.0,2440405790.0,1267236220.0,24.4040579,12.6723622,0.83,30.0223,1.7453
002701,奥瑞金,北京,广告包装,主板,20121011,20260805,4.91,0.409,156031210.29,12568424055.000002,12556665587.0,125.68424055000001,125.56665587,0.99,12.4848,1.2264
002702,海欣食品,福建,食品,主板,20121011,20260805,4.82,-0.823,319675075.44,2678763682.0000005,2211145116.0,26.787636820000003,22.11145116,0.91,,2.5839
002703,浙江世宝,浙江,汽车配件,主板,20121102,20260805,16.28,10.0,207130342.32,13392455472.0,9540863068.0,133.92455472,95.40863068,0.23,74.1895,6.3288
002705,新宝股份,广东,家用电器,主板,20140121,20260805,11.63,0.0,83630025.71000001,9442114391.0,9392746204.0,94.42114391,93.92746204,0.86,9.4481,1.0881
002706,良信股份,上海,电气设备,主板,20140121,20260805,9.34,-0.107,260422986.6,10489987500.0,8540320408.0,104.899875,85.40320408,1.16,39.553,2.4247
002707,众信旅游,北京,旅游服务,主板,20140123,20260805,5.18,-0.5758,71336932.88,5090463700.0,4480637322.0,50.904637,44.80637322,0.77,721.1611,5.6544
002708,光洋股份,江苏,汽车配件,主板,20140121,20260805,10.6,3.1128,177872993.68,5958238800.0,5476559960.0,59.582388,54.7655996,0.92,59.0053,3.3684
002709,天赐材料,广东,化工原料,主板,20140123,20260805,39.05,5.2277,3127338472.21,79605834385.0,58926879550.0,796.05834385,589.2687955,1.31,58.4513,4.1719
002712,思美传媒,浙江,广告包装,主板,20140123,20260805,4.82,-0.6186,89575163.5,2623411284.0,2607139446.0,26.23411284,26.07139446,0.7,,1.8964
002713,东易日盛,北京,装修装饰,主板,20140219,20260805,10.0,3.4126,225874724.78,9514052000.0,5265008000.0,95.14052,52.65008,1.11,261.0506,10.9552
002714,牧原股份,河南,农业综合,主板,20140128,20260805,38.36,0.8943,1944391155.1200001,221452130396.0,125839953148.0,2214.52130396,1258.39953148,0.79,14.2993,2.5672
002715,登云股份,广东,汽车配件,主板,20140219,20260805,13.47,0.6726,31559419.0,1858860000.0,1858860000.0,18.5886,18.5886,0.79,,3.9945
002716,湖南白银,湖南,小金属,主板,20140128,20260805,8.77,6.821,1393720964.96,24758487899.000004,20368111889.0,247.58487899000005,203.68111889,1.24,72.7794,6.0982
002717,*ST岭南,广东,环境保护,主板,20140219,20260805,1.06,0.0,68175582.84,1929447616.0,1821667239.9999998,19.29447616,18.216672399999997,1.11,,
002718,友邦吊顶,浙江,其他建材,主板,20140128,20260805,83.75,3.651,116036732.0,10841255679.0,7870894010.0,108.41255679,78.7089401,0.96,876.3823,11.7793
002719,ST麦趣,新疆,乳制品,主板,20140128,20260805,5.88,-0.1698,24245257.0,1023940260.0,951809124.0,10.2394026,9.51809124,0.72,,9.3889
002721,金一文化,北京,服饰,主板,20140127,20260805,2.67,9.8765,128309409.0,7100540862.0,7100540862.0,71.00540862,71.00540862,1.22,246.6979,3.2994
002722,物产金轮,江苏,钢加工,主板,20140128,20260805,12.78,0.5507,50975062.99,2841914160.0000005,2841722460.0,28.419141600000003,28.4172246,1.19,18.6818,0.951
002723,小崧股份,广东,家用电器,主板,20140129,20260805,7.25,3.4237,72783655.36999999,2409536050.0,2298611050.0,24.0953605,22.9861105,1.18,,3.284
002724,海洋王,深圳,元器件,主板,20141104,20260805,5.35,-0.1866,40891213.48,4127514300.0,3037596785.0,41.275143,30.37596785,1.26,37.5009,1.5004
002725,跃岭股份,浙江,汽车配件,主板,20140129,20260805,11.32,1.5247,73405102.8,2897920000.0,2818266050.0,28.9792,28.1826605,1.1,198.9332,2.9689
002726,ST龙大,山东,食品,主板,20140626,20260805,2.04,-1.4493,180786948.17,2776714594.0,2775043834.0,27.76714594,27.75043834,0.75,,5.3137
002727,一心堂,云南,医药商业,主板,20140702,20260805,11.32,-1.8213,92986937.14,6629038412.0,4447802328.0,66.29038412,44.47802328,0.92,25.1641,0.8863
002728,特一药业,广东,中成药,主板,20140731,20260805,9.19,-0.5411,162418970.20000002,4717317062.0,4607028791.0,47.17317062,46.07028791,1.05,57.7596,2.5537
002729,好利科技,福建,元器件,主板,20140912,20260805,13.71,0.073,75075263.7,2508518700.0,2405571681.0,25.085187,24.05571681,1.17,51.995,4.4271
002730,电光科技,浙江,专用机械,主板,20141009,20260805,21.76,2.6899,207055931.56,7878858624.0,7529610624.000001,78.78858624,75.29610624000001,0.91,117.4656,4.7757
002731,*ST萃华,辽宁,服饰,主板,20141104,20260805,1.99,2.5773,107774432.4,509750440.0,457016236.0,5.0975044,4.57016236,1.22,2.3524,0.2725
002732,燕塘乳业,广东,乳制品,主板,20141205,20260805,13.35,-0.8909,25467919.0,2100622500.0,2090158770.0,21.006225,20.9015877,0.54,36.4533,1.3922
002733,雄韬股份,深圳,电气设备,主板,20141203,20260805,18.84,3.1199,265912831.53000003,7238610600.000001,6949375152.0,72.38610600000001,69.49375152,1.09,90.8149,2.6634
002734,利民股份,江苏,农药化肥,主板,20150127,20260805,15.16,10.0145,486095110.36,7213728700.0,6607054607.000001,72.137287,66.07054607,3.36,15.036,1.761
002735,王子新材,深圳,塑料,主板,20141203,20260805,11.67,2.1891,241655338.1,4379217681.0,3326642031.0,43.79217681,33.26642031,0.95,,2.8022
002736,国信证券,深圳,证券,主板,20141229,20260805,10.3,-0.097,259883414.59,105489953929.99998,99008022820.0,1054.8995392999998,990.0802282,0.96,9.527,1.0518
002737,葵花药业,黑龙江,中成药,主板,20141230,20260805,13.23,-1.4892,70272366.0,7726320000.0,7726316030.999999,77.2632,77.26316030999999,0.88,,1.9567
002738,中矿资源,北京,小金属,主板,20141230,20260805,51.56,4.7542,1402617216.13,37200122364.0,36670915680.0,372.00122364,366.7091568,1.24,81.2869,2.916
002739,儒意电影,北京,影视音像,主板,20150122,20260805,8.9,1.0216,595523287.03,18794830430.0,18689220360.0,187.9483043,186.8922036,0.95,36.5643,2.4676
002741,光华科技,广东,化工原料,主板,20150216,20260805,22.91,5.3818,651728720.28,10735678692.999998,9851909406.0,107.35678692999998,98.51909406,1.23,103.3213,5.4173
002742,冀衡医药,重庆,水泥,主板,20150217,20260805,3.74,0.5376,43144920.42,2558541480.0,1959610774.0,25.5854148,19.59610774,1.15,,15.9602
002743,富煌钢构,安徽,钢加工,主板,20150217,20260805,3.84,-0.7752,32806752.0,1671431040.0,1668752640.0,16.7143104,16.6875264,0.9,,0.7203
002745,木林森,广东,元器件,主板,20150217,20260805,10.69,5.3202,897915464.0300001,15865738816.0,11375111410.0,158.65738816,113.7511141,1.44,,1.3376
002746,仙坛股份,山东,农业综合,主板,20150216,20260805,6.12,-0.4878,109571295.09,5266496844.0,4343218344.0,52.66496844,43.43218344,1.2,21.6711,1.1272
002747,埃斯顿,江苏,机械基件,主板,20150320,20260805,34.27,6.0991,3354588536.18,33166452984.000004,26813006602.0,331.66452984000006,268.13006602,1.13,737.4879,10.2436
002748,世龙实业,江西,化工原料,主板,20150319,20260805,10.75,3.2661,48170591.0,2580000000.0,2580000000.0,25.8,25.8,1.14,44.7868,1.8055
002749,国光股份,四川,农药化肥,主板,20150320,20260805,8.66,-0.5741,28212751.0,4819043190.0,4713803406.0,48.1904319,47.13803406,0.47,15.4354,2.5811
002752,昇兴股份,福建,广告包装,主板,20150422,20260805,6.01,0.67,81170948.67,5871279584.0,5862916067.999999,58.71279584,58.62916067999999,1.17,19.1156,1.5939
002753,永东股份,山西,化工原料,主板,20150519,20260805,6.11,0.0,15269349.56,2619231745.0,1807270179.0,26.19231745,18.07270179,0.75,67.2676,0.9868
002755,奥赛康,北京,化学制药,主板,20150515,20260805,13.33,-0.8185,100379362.06,12372378132.0,12372246165.0,123.72378132,123.72246165,0.84,52.2922,3.7482
002756,永兴材料,浙江,小金属,主板,20150515,20260805,48.06,2.6046,567492300.72,25909218090.0,18602963874.0,259.0921809,186.02963874,0.9,39.1696,1.9638
002757,南兴股份,广东,专用机械,主板,20150527,20260805,17.51,0.5166,440152134.34,5173432809.0,4938751532.0,51.73432809,49.38751532,1.07,43.1062,2.513
002758,浙农股份,浙江,批发业,主板,20150527,20260805,7.88,-0.3793,31548243.0,4088163692.0,4083792672.0,40.88163692,40.83792672,0.9,7.4979,0.7867
002759,ST天际,广东,电气设备,主板,20150528,20260805,15.16,0.5972,506904791.75,7600960216.0,7594277688.0,76.00960216,75.94277688,0.78,92.4901,2.1803
002760,凤形股份,江西,机械基件,主板,20150611,20260805,17.28,1.9469,86809552.46000001,1866044736.0,1866044736.0,18.66044736,18.66044736,1.32,92.5109,2.2288
002761,浙江建投,浙江,建筑工程,主板,20150610,20260805,7.3,-1.084,79932663.72,9671564870.0,7897060429.999999,96.7156487,78.97060429999999,0.72,45.0814,1.1152
002762,金发拉比,广东,服饰,主板,20150610,20260805,9.26,2.5471,86220506.88,3278271500.0,1957363984.0,32.782715,19.57363984,1.25,,4.9039
002763,汇洁股份,深圳,服饰,主板,20150610,20260805,7.28,-0.4104,47011584.02,2984246720.0,2210311376.0,29.8424672,22.10311376,0.78,54.4406,1.5792
002765,蓝黛科技,重庆,元器件,主板,20150612,20260805,7.12,1.2802,69598570.5,4643152072.0,4242523912.0,46.43152072,42.42523912,0.84,25.125,1.7447
002766,索菱股份,深圳,汽车配件,主板,20150611,20260805,4.39,10.0251,41637631.06,3774723062.0,3762133859.0,37.74723062,37.62133859,0.34,,3.5389
002767,先锋电子,浙江,电器仪表,主板,20150612,20260805,17.28,2.3091,42081908.0,2592000000.0,2250104832.0,25.92,22.50104832,0.71,93.2782,3.0078
002768,国恩股份,山东,塑料,主板,20150630,20260805,57.1,6.5299,1034898525.86,24929860000.0,14403948930.0,249.2986,144.0394893,1.23,29.6329,3.6149
002769,普路通,广东,仓储物流,主板,20150629,20260805,6.9,-0.289,38821932.5,2575894200.0,2573770380.0,25.758942,25.7377038,0.84,78.5431,2.1907
002771,真视通,北京,软件服务,主板,20150629,20260805,13.01,0.931,134530783.0,2729030941.0,2270436247.0,27.29030941,22.70436247,1.29,,4.6086
002772,众兴菌业,甘肃,种植业,主板,20150626,20260805,10.5,0.7678,99141779.0,3934796250.0,3902184300.0,39.3479625,39.021843,0.72,11.7469,1.0823
002773,康弘药业,四川,化学制药,主板,20150626,20260805,21.4,-0.6038,152157937.57000002,19716382820.0,14696948620.0,197.1638282,146.9694862,1.13,16.9535,2.0524
002774,快意电梯,广东,运输设备,主板,20170324,20260805,15.5,5.0136,156025833.0,5218662450.0,4367407100.0,52.1866245,43.674071,0.64,72.7967,4.2982
002775,文科股份,广东,建筑工程,主板,20150629,20260805,3.85,0.0,75730018.24000001,2484497785.0,2236149685.0,24.84497785,22.36149685,0.73,,
002777,久远银海,四川,软件服务,主板,20151231,20260805,13.4,-0.5935,153037055.6,5470295400.0,5420454100.0,54.702954,54.204541,1.03,71.165,3.218
002778,中晟高科,江苏,环境保护,主板,20160106,20260805,15.08,0.6004,31335015.0,1881279764.0000002,1861304796.0,18.812797640000003,18.61304796,0.64,25.5147,5.8624
002779,中坚科技,浙江,农用机械,主板,20151209,20260805,69.72,3.0751,249504528.89,12884256000.0,11560154676.0,128.84256,115.60154676,1.23,74.6616,13.6979
002780,三夫户外,北京,服饰,主板,20151209,20260805,13.11,0.0,64111980.0,2167893198.0,1712845098.0,21.67893198,17.12845098,0.65,40.6344,2.6415
002782,可立克,深圳,元器件,主板,20151222,20260805,14.98,2.3224,182129732.13,7427293720.0,7338944676.0,74.2729372,73.38944676,0.93,24.7874,3.3146
002783,凯龙股份,湖北,化工原料,主板,20151209,20260805,7.48,0.5376,38179522.620000005,3734894900.0,3449152168.0,37.348949,34.49152168,0.84,26.225,1.403
002785,万里石,福建,其他建材,主板,20151223,20260805,34.23,0.7357,175625815.64,7757192331.0,6623333850.0,77.57192331,66.2333385,0.97,,9.7541
002786,银宝山新,深圳,专用机械,主板,20151223,20260805,7.73,0.651,60475515.0,3831080760.0,3819485760.0,38.3108076,38.1948576,1.04,,19.2282
002787,华源控股,江苏,广告包装,主板,20151231,20260805,20.83,5.8435,423598398.0,6923864921.0,5167573056.0,69.23864921,51.67573056,0.84,61.0159,3.7992
002788,鹭燕医药,福建,医药商业,主板,20160218,20260805,10.76,0.2796,156676547.87,4180439692.0,4108454216.0,41.80439692,41.08454216,0.84,14.8832,1.2388
002789,*ST建艺,深圳,装修装饰,主板,20160311,20260805,9.93,-2.6471,27653672.98,1585061355.0,1553776890.0000002,15.85061355,15.537768900000003,1.04,,10.424
002790,瑞尔特,福建,家居用品,主板,20160308,20260805,5.7,-0.8696,25151575.88,2381872110.0,1485975750.0,23.8187211,14.8597575,0.97,130.109,1.1526
002791,坚朗五金,广东,其他建材,主板,20160329,20260805,15.29,-0.7787,72882459.8,5410901650.0,3328701805.0,54.1090165,33.28701805,0.73,,1.0122
002792,通宇通讯,广东,通信设备,主板,20160328,20260805,30.74,6.9217,2288923641.14,16102718640.0,10384725130.0,161.0271864,103.8472513,4.22,391.539,5.7087
002793,罗欣药业,山东,化学制药,主板,20160415,20260805,5.08,-0.7813,397303919.53000003,5524949580.0,5516542688.0,55.2494958,55.16542688,2.08,,5.0236
002795,永和智控,浙江,机械基件,主板,20160428,20260805,6.56,0.4594,103839491.36,2897469344.0000005,2849853584.0000005,28.974693440000006,28.498535840000006,0.63,,6.4966
002796,世嘉科技,江苏,通信设备,主板,20160510,20260805,27.84,3.8419,575840048.5,7025894496.000001,6339396287.999999,70.25894496000001,63.39396287999999,2.31,,8.3398
002797,第一创业,深圳,证券,主板,20160511,20260805,6.68,0.1499,332741903.13,28072032000.0,28072032000.0,280.72032,280.72032,0.96,33.3631,1.5881
002798,帝欧水华,四川,家居用品,主板,20160525,20260805,5.5,1.6636,48027229.0,3231330850.0,2842120600.0,32.3133085,28.421206,0.86,,1.8666
002799,环球印务,陕西,广告包装,主板,20160608,20260805,6.58,-0.7541,39848774.0,2105863200.0,2105826352.0,21.058632,21.05826352,1.19,,1.6573
002800,天顺股份,新疆,仓储物流,主板,20160530,20260805,13.18,0.3044,33215031.34,2006695858.0,1948569422.0,20.06695858,19.48569422,0.72,,4.0616
002801,微光股份,浙江,电气设备,主板,20160622,20260805,28.28,-0.2117,41266995.0,6493992960.0,3274900356.0,64.9399296,32.74900356,1.15,17.8201,3.1803
002802,洪汇新材,江苏,化工原料,主板,20160629,20260805,11.08,-0.3597,27836962.84,2008204572.0,1658489856.0000002,20.08204572,16.584898560000003,1.01,48.743,3.0742
002803,吉宏股份,福建,互联网,主板,20160712,20260805,19.58,-1.0611,465655546.13,8966010944.0,5826307036.0,89.66010944,58.26307036,1.47,32.3879,3.2379
002805,丰元股份,山东,电气设备,主板,20160707,20260805,18.29,4.934,315593024.09000003,5122343125.0,5099531837.0,51.22343125,50.99531837,1.08,,5.4777
002806,华锋股份,广东,汽车配件,主板,20160726,20260805,13.56,4.3077,119366107.3,2881217952.0,2360865156.0,28.81217952,23.60865156,0.98,,2.5828
002807,江阴银行,江苏,银行,主板,20160902,20260805,4.04,-1.4634,163621850.4,10938429280.0,10922257160.0,109.3842928,109.2225716,0.75,5.3372,0.5481
002809,红墙股份,广东,化工原料,主板,20160823,20260805,7.96,0.1258,44672791.68,1912471191.9999998,1352963587.9999998,19.12471192,13.529635879999997,0.96,,1.1573
002810,山东赫达,山东,化工原料,主板,20160826,20260805,20.33,0.8433,94070093.91,7073516517.0,6565803229.0,70.73516517,65.65803229,0.75,49.9164,3.1775
002811,郑中设计,深圳,装修装饰,主板,20160908,20260805,10.31,2.5871,53086541.0,3175170700.0,2913471970.0,31.751707,29.1347197,0.96,20.6345,2.187
002812,恩捷股份,云南,电气设备,主板,20160914,20260805,54.75,2.5665,1254060598.68,53727193350.0,45037946775.0,537.2719335,450.37946775,1.12,376.9051,2.1003
002813,路畅科技,深圳,汽车配件,主板,20161012,20260805,21.16,0.6182,74441017.46000001,2539200000.0,2536155076.0,25.392,25.36155076,1.68,,12.2981
002815,崇达技术,深圳,元器件,主板,20161012,20260805,12.31,3.3585,526738515.99,15192402503.0,9566618020.0,151.92402503,95.6661802,1.18,46.894,1.7082
002816,*ST和科,深圳,专用机械,主板,20161025,20260805,25.4,0.5941,44544359.0,2540000000.0,2540000000.0,25.4,25.4,0.98,143.487,10.6616
002817,黄山胶囊,安徽,化学制药,主板,20161025,20260805,6.24,-0.7949,37910609.0,1866372768.0,1809845232.0,18.66372768,18.09845232,0.98,28.7197,1.9096
002818,富森美,四川,其他商业,主板,20161109,20260805,10.82,-0.7339,43218518.0,8098326380.0,3227983618.0,80.9832638,32.27983618,0.72,14.5787,1.355
002819,东方中科,北京,电器仪表,主板,20161111,20260805,21.01,0.9126,41388991.0,6294808201.0,4994948621.0,62.94808201,49.94948621,0.78,,1.6057
002820,桂发祥,天津,食品,主板,20161118,20260805,9.15,0.5495,72421404.36,1837944945.0,1837944945.0,18.37944945,18.37944945,0.91,,2.1034
002821,凯莱英,天津,生物制药,主板,20161118,20260805,163.38,1.0952,2344294068.23,58944399780.0,51798632381.99999,589.4439978,517.9863238199999,1.7,52.0448,3.2833
002822,ST中装,深圳,装修装饰,主板,20161129,20260805,3.18,1.2739,26286399.369999997,6201000000.0,3399249870.0,62.01,33.9924987,0.88,,5.7358
002823,凯中精密,深圳,机械基件,主板,20161124,20260805,13.35,0.8308,64703012.11000001,4383726150.0,2922164145.0,43.8372615,29.22164145,0.93,18.7661,2.0795
002824,和胜股份,广东,铝,主板,20170112,20260805,22.0,5.6676,411533373.86,6845801600.0,4975874200.0,68.458016,49.758742,0.98,44.2038,2.9329
002825,纳尔股份,上海,化工原料,主板,20161129,20260805,8.44,0.9569,33684341.39,2885978664.0,2165932724.0,28.85978664,21.65932724,1.33,20.4775,1.7366
002826,易明医药,西藏,化学制药,主板,20161209,20260805,16.5,0.304,61477406.57,3146182050.0,3048033449.9999995,31.4618205,30.480334499999994,1.28,33.9831,3.7543
002827,高争民爆,西藏,化工原料,主板,20161209,20260805,44.76,6.9023,2014173341.84,12400578960.0,12353701812.0,124.0057896,123.53701812,2.46,62.6258,11.4855
002828,贝肯能源,新疆,石油开采,主板,20161208,20260805,12.4,2.7341,326682078.0,2492246240.0,2492246240.0,24.9224624,24.9224624,0.89,112.7436,3.81
002829,星网宇达,北京,航空,主板,20161213,20260805,20.76,1.8646,227724195.60999998,4314123144.0,3032049900.0,43.14123144,30.320499,0.74,,2.7863
002830,名雕股份,深圳,装修装饰,主板,20161213,20260805,13.12,3.0636,40961938.0,2438955520.0,1217988640.0,24.3895552,12.1798864,0.82,56.9421,3.5679
002831,裕同科技,深圳,广告包装,主板,20161216,20260805,27.96,2.1183,274475380.08,36021737556.0,19969647120.0,360.21737556,199.6964712,0.98,22.6217,2.9204
002832,比音勒芬,广东,服饰,主板,20161223,20260805,25.89,2.332,469699594.28000003,14775606819.0,10082039787.0,147.75606819,100.82039787,0.71,26.831,2.5793
002833,弘亚数控,广东,专用机械,主板,20161228,20260805,18.03,0.8954,103417686.36000001,7736126691.000001,5283990797.999999,77.36126691000001,52.83990797999999,0.67,17.9666,2.5894
002835,同为股份,深圳,IT设备,主板,20161228,20260805,12.14,0.4136,29565196.0,2664655946.0,1545265394.0,26.64655946,15.45265394,0.81,19.1216,2.0876
002836,新宏泽,广东,广告包装,主板,20161229,20260805,9.43,1.3978,29116962.43,2172672000.0,2172672000.0,21.72672,21.72672,1.09,51.4467,5.4698
002837,英维克,深圳,专用机械,主板,20161229,20260805,52.33,5.8669,2802380591.3399997,66686714568.0,59156872373.0,666.86714568,591.56872373,1.2,127.7732,19.2637
002838,道恩股份,山东,塑料,主板,20170106,20260805,26.35,5.0638,215265732.32000002,12605797840.0,11083645295.0,126.0579784,110.83645295,1.19,66.7314,3.3544
002839,张家港行,江苏,银行,主板,20170124,20260805,4.46,-1.3274,148010708.24,10901778700.000002,10891409646.0,109.01778700000001,108.91409646,0.85,5.5088,0.5703
002840,华统股份,浙江,食品,主板,20170110,20260805,8.33,3.4783,173182310.54,6682046112.0,6635907908.0,66.82046112,66.35907908,1.03,,1.8581
002841,视源股份,广东,元器件,主板,20170119,20260805,49.03,6.2635,830180031.85,34281114095.0,25561564962.0,342.81114095,255.61564962,1.33,33.8263,2.5237
002842,翔鹭钨业,广东,小金属,主板,20170119,20260805,34.56,9.9936,1348349040.52,11307081600.0,9278060544.0,113.070816,92.78060544,1.47,78.6831,7.7455
002843,泰嘉股份,湖南,钢加工,主板,20170120,20260805,16.27,2.9747,150143316.4,4095770752.0,4070698682.0000005,40.95770752,40.706986820000004,0.77,,3.0462
002845,同兴达,深圳,元器件,主板,20170125,20260805,12.65,1.8519,113278373.99,4143530270.0,3165465160.0,41.4353027,31.6546516,1.03,99.2171,1.6946
002846,英联股份,广东,广告包装,主板,20170207,20260805,10.69,2.0038,185422889.82000002,4489732653.0,2781063363.9999995,44.89732653,27.810633639999995,0.99,127.2149,3.15
002847,盐津铺子,湖南,食品,主板,20170208,20260805,50.57,0.0198,205505370.63,13663378790.0,12332552323.0,136.6337879,123.32552323,0.64,18.2565,6.2963
002848,高斯贝尔,湖南,家用电器,主板,20170213,20260805,12.73,-1.5468,94300645.67,2127819500.0,2105808057.0,21.278195,21.05808057,1.39,,30.2981
002849,威星智能,浙江,电器仪表,主板,20170217,20260805,15.45,7.8158,122211097.59,3408795300.0000005,3381179969.9999995,34.087953000000006,33.811799699999995,1.74,63.1838,2.4755
002850,科达利,深圳,电气设备,主板,20170302,20260805,183.96,1.4504,824547143.9300001,52673671512.0,38569219164.0,526.73671512,385.69219164,0.94,29.8599,3.8528
002851,麦格米特,深圳,电气设备,主板,20170306,20260805,116.5,9.0824,4367554674.66,68121848850.0,53729939800.00001,681.2184885,537.2993980000001,1.12,467.3809,7.594
002852,道道全,湖南,食品,主板,20170310,20260805,7.72,-1.0256,29525558.0,2655435275.9999995,2206383720.0,26.554352759999997,22.0638372,0.99,11.3691,1.176
002853,皮阿诺,广东,家居用品,主板,20170310,20260805,20.79,0.7267,25684989.0,3802821561.0,2675772792.0,38.02821561,26.75772792,0.7,,4.275
002855,捷荣技术,广东,元器件,主板,20170321,20260805,9.81,0.9259,27814746.0,2417377257.0,2415488832.0,24.17377257,24.15488832,0.74,,11.6708
002856,*ST美芝,深圳,装修装饰,主板,20170320,20260805,15.08,-0.7895,76657493.0,2040517024.0,1868478352.0,20.40517024,18.68478352,0.74,,
002857,三晖电气,河南,电器仪表,主板,20170323,20260805,16.53,-0.8993,42267565.0,2159381673.0,2125513356.0,21.59381673,21.25513356,0.75,,4.6298
002858,力盛体育,上海,文教休闲,主板,20170324,20260805,11.63,0.8673,59343726.0,2171069792.0,1714406212.0,21.71069792,17.14406212,0.85,,4.163
002859,洁美科技,浙江,元器件,主板,20170407,20260805,65.36,8.9333,1476275914.5500002,29650041120.000004,27994681472.0,296.50041120000003,279.94681472,0.83,134.8827,9.6434
002860,星帅尔,浙江,家用电器,主板,20170412,20260805,16.7,-0.2389,213146676.22,5880823170.0,5744344090.0,58.8082317,57.4434409,0.45,29.4734,2.5043
002861,瀛通通讯,湖北,元器件,主板,20170413,20260805,16.15,2.9974,93561427.89999999,3008486599.9999995,2425216430.0,30.084865999999995,24.2521643,0.76,,2.9123
002862,实丰文化,广东,文教休闲,主板,20170411,20260805,13.75,0.9545,52914584.7,2330487500.0,1767940625.0,23.304875,17.67940625,0.92,,8.0036
002863,今飞凯达,浙江,汽车配件,主板,20170418,20260805,4.4,-0.4525,41968086.0,2637727840.0,2637727840.0,26.3772784,26.3772784,1.01,44.0047,0.934
002864,盘龙药业,陕西,中成药,主板,20171116,20260805,21.25,0.0471,62790691.400000006,2904894125.0,2095179875.0,29.04894125,20.95179875,1.14,30.1715,1.7002
002865,钧达股份,海南,电气设备,主板,20170425,20260805,44.3,3.1432,382347914.2,13789086103.999998,9902306259.0,137.89086103999998,99.02306259,0.97,,3.4227
002866,传艺科技,江苏,IT设备,主板,20170426,20260805,15.56,1.9659,233415129.35999998,4504966988.0,2819666500.0,45.04966988,28.196665,0.98,52.4805,2.1361
002867,周大生,深圳,服饰,主板,20170427,20260805,12.77,0.2355,92594744.27,13861501703.000002,13780066136.0,138.61501703000002,137.80066136,0.75,12.5645,2.046
002868,绿康生化,福建,农业综合,主板,20170503,20260805,22.79,1.1989,35220967.0,3541926082.0,2448402628.0,35.41926082,24.48402628,0.93,,49.9208
002869,金溢科技,深圳,通信设备,主板,20170515,20260805,16.04,0.1248,85529389.25,2837716599.9999995,2526575888.0,28.377165999999995,25.26575888,1.28,,1.4076
002870,香山股份,广东,汽车配件,主板,20170515,20260805,39.61,1.4081,111985433.69999999,5231518477.0,5108168976.0,52.31518477,51.08168976,1.22,55.1084,3.1972
002871,伟隆股份,山东,机械基件,主板,20170511,20260805,16.64,3.8702,80011342.11,4190847232.0,2483796224.0,41.90847232,24.83796224,1.27,31.2321,3.5772
002872,ST天圣,重庆,医药商业,主板,20170519,20260805,5.06,0.198,10397664.0,1609080000.0,1087485586.0,16.0908,10.87485586,1.18,,0.8289
002873,新天药业,贵州,中成药,主板,20170519,20260805,7.8,-0.5102,47574761.0,1904009640.0,1869585900.0,19.0400964,18.695859,0.97,208.9683,1.5114
002875,安奈儿,深圳,服饰,主板,20170601,20260805,13.48,4.6584,73989176.7,2863294888.0,2863294888.0,28.63294888,28.63294888,1.39,,4.6351
002876,三利谱,深圳,元器件,主板,20170525,20260805,27.62,2.9445,120862370.27,4802700938.0,4113766991.9999995,48.02700938,41.13766991999999,1.28,101.9965,1.9856
002877,智能自控,江苏,机械基件,主板,20170605,20260805,7.19,-0.1389,37074622.5,2558516203.0,1729300693.0,25.58516203,17.29300693,1.09,110.0874,2.1087
002878,元隆雅图,北京,广告包装,主板,20170606,20260805,12.6,0.3185,91548522.03999999,3301095420.0,2972318580.0,33.0109542,29.7231858,0.9,,2.6414
002879,长缆科技,湖南,电气设备,主板,20170707,20260805,19.01,1.3326,743565924.6999999,3670976236.0,2607012789.0,36.70976236,26.07012789,1.09,27.4436,2.0617
002880,卫光生物,深圳,生物制药,主板,20170616,20260805,20.94,3.3054,93811807.98,4749192000.0,4749192000.0,47.49192,47.49192,3.66,19.2805,1.9437
002881,美格智能,深圳,元器件,主板,20170622,20260805,37.87,2.8517,353978807.48,11439436344.000002,6931005270.0,114.39436344000002,69.3100527,1.04,80.1528,4.1962
002882,金龙羽,深圳,电气设备,主板,20170717,20260805,22.94,-0.6496,509939169.07,9930728294.0,5661192844.0,99.30728294,56.61192844,1.04,92.8153,4.6776
002883,*ST中设,江苏,建筑工程,主板,20170620,20260805,8.55,-0.4657,11283757.99,1335143205.0,1310851800.0,13.35143205,13.108518,1.22,,2.8507
002884,凌霄泵业,广东,机械基件,主板,20170711,20260805,16.25,0.1232,23196809.0,5812340625.0,4437428125.0,58.12340625,44.37428125,0.59,12.7768,2.3123
002885,京泉华,深圳,元器件,主板,20170627,20260805,26.19,4.7181,491106324.58000004,7095313611.0,6213729402.0,70.95313611,62.13729402,1.18,84.2554,4.5991
002886,沃特股份,深圳,塑料,主板,20170627,20260805,18.91,3.9011,185954777.70000002,4977180076.0,3953668762.0,49.77180076,39.53668762,1.06,77.2888,2.687
002887,绿茵生态,天津,环境保护,主板,20170801,20260805,10.23,3.9634,89524177.61,3130255194.0,2222276199.0,31.30255194,22.22276199,2.09,25.7801,1.3143
002888,惠威科技,广东,元器件,主板,20170721,20260805,17.27,3.8485,70858423.0,2549801518.0,1293920210.0,25.49801518,12.9392021,1.43,120.5443,6.6983
002889,东方嘉盛,深圳,仓储物流,主板,20170731,20260805,12.28,2.1631,118863936.16,4637756900.0,3085298424.0,46.377569,30.85298424,0.69,45.1644,1.8484
002890,弘宇股份,山东,农用机械,主板,20170802,20260805,13.44,0.3734,23377828.2,2283122688.0,2170246848.0,22.83122688,21.70246848,0.84,220.5744,3.7699
002891,中宠股份,山东,饲料,主板,20170821,20260805,31.64,-0.0947,477679185.28,10184843228.0,10184843228.0,101.84843228,101.84843228,0.76,27.8942,3.0189
002892,科力尔,湖南,电气设备,主板,20170817,20260805,9.89,0.0,73239866.03999999,7348561755.0,4956115371.0,73.48561755,49.56115371,0.87,221.7136,5.7761
002893,京能热力,北京,供气供热,主板,20170915,20260805,9.73,0.206,54868525.0,2565217200.0,1973035778.0,25.652172,19.73035778,0.84,41.1892,1.823
002895,川恒股份,贵州,化工原料,主板,20170825,20260805,34.74,3.6396,259299526.53,21049188336.0,20828669238.0,210.49188336,208.28669238,0.95,16.7025,2.6573
002896,中大力德,浙江,机械基件,主板,20170829,20260805,78.92,3.692,1909366490.8700001,15509571484.0,15509571484.0,155.09571484,155.09571484,2.31,247.3379,12.873
002897,意华股份,浙江,元器件,主板,20170907,20260805,55.6,6.0259,661005790.6700001,10779766920.0,10253924360.0,107.7976692,102.5392436,0.97,33.8672,3.7922
002899,英派斯,山东,文教休闲,主板,20170915,20260805,19.52,1.1399,68061375.98,2884997440.0,2884997440.0,28.8499744,28.8499744,0.81,45.8019,1.6311
002900,哈三联,黑龙江,化学制药,主板,20170922,20260805,12.71,2.5,520785969.3,4020866966.0000005,2047865704.0,40.208669660000005,20.47865704,1.77,,2.2771
002901,大博医疗,福建,医疗保健,主板,20170922,20260805,43.42,0.5093,64062759.57,17976726690.0,12522857723.999998,179.7672669,125.22857723999998,0.82,29.9796,4.8267
002902,铭普光磁,广东,通信设备,主板,20170929,20260805,23.63,1.5471,965115863.23,5553262670.0,4197444160.0000005,55.5326267,41.974441600000006,2.13,,9.1511
002903,宇环数控,湖南,机床制造,主板,20171013,20260805,26.15,5.5287,317333581.77,4097652700.0,2789305440.0,40.976527,27.8930544,0.8,,5.2623
002905,金逸影视,广东,影视音像,主板,20171016,20260805,7.6,0.0,31895027.0,2860032000.0,2655744000.0,28.60032,26.55744,0.86,96.8727,43.8467
002906,华阳集团,广东,汽车配件,主板,20171013,20260805,26.7,2.7714,277663312.25,14015339970.0,14007156420.0,140.1533997,140.0715642,1.62,17.9315,1.9583
002907,华森制药,重庆,中成药,主板,20171020,20260805,13.06,-0.7599,50553791.0,5453807678.0,4385766102.0,54.53807678,43.85766102,0.95,83.7929,3.1628
002908,德生科技,广东,软件服务,主板,20171020,20260805,7.58,10.0145,78479674.08,3270255318.0,2439506268.0,32.70255318,24.39506268,1.6,365.854,2.9799
002909,集泰股份,广东,化工原料,主板,20171026,20260805,4.96,-0.8,27287120.16,1934400000.0,1886768128.0000002,19.344,18.867681280000003,0.85,,2.2744
002910,庄园牧场,甘肃,乳制品,主板,20171031,20260805,9.0,1.1236,76397003.0,1759854600.0,1539558000.0,17.598546,15.39558,0.57,,1.776
002911,佛燃能源,广东,供气供热,主板,20171122,20260805,11.31,-1.4808,99224059.05,14682368298.0,14330199779.999998,146.82368298,143.30199779999998,1.12,14.251,3.4737
002912,中新赛克,深圳,IT设备,主板,20171121,20260805,22.2,5.5635,369930675.88,3790694400.0,3601321740.0,37.906944,36.0132174,4.57,54.6126,2.3193
002913,奥士康,湖南,元器件,主板,20171201,20260805,47.92,6.9643,555513452.8299999,15207915352.0,14636633237.999998,152.07915352,146.36633238,1.64,49.3912,3.4329
002915,中欣氟材,浙江,化工原料,主板,20171205,20260805,16.95,2.4169,128241646.17,5682882944.0,4882856419.0,56.82882944,48.82856419,1.26,301.9175,3.8221
002916,深南电路,深圳,元器件,主板,20171213,20260805,349.18,5.0039,4980754264.58,237849753387.99997,232138181210.0,2378.4975338799995,2321.3818121,1.12,72.6095,13.1478
002917,金奥博,深圳,化工原料,主板,20171208,20260805,10.42,0.0,30791988.0,3622139964.0,2714875774.0,36.22139964,27.14875774,0.97,20.7487,2.0716
002918,蒙娜丽莎,广东,陶瓷,主板,20171219,20260805,9.63,0.3125,95703343.08000001,3936935637.0,2062794150.0,39.36935637,20.6279415,0.74,75.0932,1.2186
002919,名臣健康,广东,互联网,主板,20171218,20260805,17.5,1.3318,71988637.0,4657381750.0,4623643500.0,46.5738175,46.236435,0.85,164.5248,5.704
002920,德赛西威,广东,汽车配件,主板,20171226,20260805,95.98,3.3488,1314386107.1599998,57281756614.0,57263760364.0,572.81756614,572.63760364,1.22,23.3461,3.7787
002921,联诚精密,山东,汽车配件,主板,20171227,20260805,23.05,3.0398,240536140.64999998,3433760805.0,2960613455.0,34.33760805,29.60613455,0.9,,2.6184
002922,伊戈尔,广东,电气设备,主板,20171229,20260805,25.69,3.0899,399555668.7,10856157270.0,9685132569.0,108.5615727,96.85132569,0.97,54.2152,2.8645
002923,润都股份,广东,化学制药,主板,20180105,20260805,10.89,0.0919,104879022.72,3646988037.0,2810543472.0,36.46988037,28.10543472,1.21,,3.4601
002925,盈趣科技,福建,元器件,主板,20180115,20260805,23.48,3.2088,421614563.11,18118788120.0,17165009387.999998,181.1878812,171.65009388,1.24,31.3981,3.5067
002926,华西证券,四川,证券,主板,20180205,20260805,8.4,0.2387,123919177.23,22050000000.0,22050000000.0,220.5,220.5,0.85,14.9967,0.874
002927,泰永长征,贵州,电气设备,主板,20180223,20260805,15.53,1.3046,82146995.7,3466174866.0,3427637171.0,34.66174866,34.27637171,0.83,,3.4421
002928,华夏航空,贵州,空运,主板,20180302,20260805,6.77,1.9578,175620579.56,8653695632.0,8653651627.0,86.53695632,86.53651627,0.95,13.8258,2.1744
002929,润建股份,广西,通信设备,主板,20180301,20260805,57.77,6.9617,1525078110.72,16544051283.0,12511237346.0,165.44051283,125.11237346,1.76,436.3324,2.6097
002930,宏川智慧,广东,仓储物流,主板,20180328,20260805,8.96,0.9009,93299884.05,4103726592.0,3883425280.0,41.03726592,38.8342528,1.21,,2.0966
002931,锋龙股份,浙江,机械基件,主板,20180403,20260805,49.5,3.082,592154454.4499999,10816042050.0,10027507050.0,108.1604205,100.2750705,1.07,476.7184,11.3327
002932,*ST明德,湖北,医疗保健,主板,20180710,20260805,14.89,0.6761,19037018.240000002,3462237050.0,2324254476.0,34.6223705,23.24254476,1.36,,0.6264
002933,新兴装备,北京,航空,主板,20180828,20260805,26.34,1.8956,39596650.0,3090999000.0,3075029058.0,30.90999,30.75029058,1.42,78.3029,2.0093
002935,天奥电子,四川,航空,主板,20180903,20260805,15.99,0.6927,84321766.37,6781398975.0,6617682162.0,67.81398975,66.17682162,0.98,104.6321,4.1978
002936,郑州银行,河南,银行,主板,20180919,20260805,1.81,-1.0929,169545805.32000002,16456685434.0,12723025578.999998,164.56685434,127.23025578999999,0.82,8.6842,0.3562
002937,兴瑞科技,浙江,元器件,主板,20180926,20260805,28.52,3.5585,223696908.07999998,9012596644.0,8989067644.0,90.12596644,89.89067644,0.61,62.3245,6.0504
002938,鹏鼎控股,深圳,元器件,主板,20180918,20260805,91.13,2.3933,3275055477.82,211197119471.0,210585600719.0,2111.97119471,2105.85600719,1.29,56.5024,6.0952
002939,长城证券,深圳,证券,主板,20181026,20260805,8.31,0.0,176469493.7,33526087539.0,29938101275.999996,335.26087539,299.38101276,0.87,14.2567,1.0277
002940,昂利康,浙江,化学制药,主板,20181023,20260805,25.57,1.3074,275808803.84000003,5158190074.0,4737476636.0,51.58190074,47.37476636,1.21,41.1203,3.1337
002941,新疆交建,新疆,建筑工程,主板,20181128,20260805,10.93,-0.6364,160596656.07999998,7976180616.0,7976180616.0,79.76180616,79.76180616,0.86,16.8828,1.7016
002942,新农股份,浙江,农药化肥,主板,20181205,20260805,15.04,-0.1328,21687637.7,2338429728.0,2086921824.0,23.38429728,20.86921824,0.89,24.5101,1.8331
002943,宇晶股份,湖南,机床制造,主板,20181129,20260805,30.93,6.3252,304099197.47,8253237480.0,5841198546.0,82.5323748,58.41198546,0.91,627.4759,9.5361
002945,华林证券,西藏,证券,主板,20190117,20260805,15.03,-0.9881,367869366.88,40581000000.0,40581000000.0,405.81,405.81,0.71,80.163,5.5194
002946,新乳业,四川,乳制品,主板,20190125,20260805,17.3,0.2317,119700713.18,14889815900.0,14717366040.0,148.898159,147.1736604,0.44,20.365,3.8947
002947,恒铭达,江苏,元器件,主板,20190201,20260805,56.59,4.4867,440927573.0,14473962051.0,11222006383.0,144.73962051,112.22006383,1.01,27.2108,4.4757
002948,青岛银行,山东,银行,主板,20190116,20260805,5.73,0.5263,196586284.69,33350632431.0,20182176204.0,333.50632431,201.82176204,0.69,6.4287,0.7838
002949,华阳国际,深圳,建筑工程,主板,20190226,20260805,10.26,-1.2512,27337303.58,2011861853.9999998,1558756656.0,20.118618539999996,15.58756656,0.87,22.2084,1.3705
002950,奥美医疗,湖北,医疗保健,主板,20190311,20260805,9.32,-0.5336,57676542.62,5902034460.0,4004070516.0,59.0203446,40.04070516,0.77,23.714,1.5962
002951,金时科技,四川,广告包装,主板,20190315,20260805,13.83,1.3187,74341859.0,5601150000.0,5547550452.000001,56.0115,55.47550452000001,0.71,,3.6894
002952,亚世光电,辽宁,元器件,主板,20190328,20260805,19.27,1.6887,65432766.949999996,3166831800.0,2536799150.0,31.668318,25.3679915,1.11,296.4347,3.5953
002953,日丰股份,广东,电气设备,主板,20190509,20260805,9.71,-0.5123,68355214.7,4773238887.0,2634433694.0000005,47.73238887,26.344336940000005,0.67,30.1553,2.1387
002955,鸿合科技,深圳,IT设备,主板,20190523,20260805,33.78,6.0264,231684660.42999998,7993699200.0,6608952282.0,79.936992,66.08952282,1.02,154.4213,2.4873
002956,西麦食品,广西,食品,主板,20190619,20260805,18.1,2.7825,123557479.24,5657077169.999999,5656445479.999999,56.57077169999999,56.56445479999999,0.74,32.9448,3.2938
002957,科瑞技术,深圳,专用机械,主板,20190726,20260805,38.47,10.0086,329918021.04,16156726775.0,16106569589.0,161.56726775,161.06569589,0.52,59.1639,4.881
002958,青农商行,山东,银行,主板,20190326,20260805,3.1,-0.9585,199147448.81,17222445250.0,16862637860.0,172.2244525,168.6263786,0.68,5.5055,0.455
002959,小熊电器,广东,家用电器,主板,20190823,20260805,34.3,-0.1456,29968627.5,5345092480.0,4794947920.0,53.4509248,47.9494792,0.81,13.6167,1.7399
002960,青鸟智控,河北,专用机械,主板,20190809,20260805,8.25,1.227,62919783.72,8693310450.0,7987822425.000001,86.9331045,79.87822425000002,0.74,27.199,1.383
002961,瑞达期货,福建,多元金融,主板,20190905,20260805,20.03,0.856,102255636.96000001,9552978005.0,9552931936.0,95.52978005,95.52931936,0.77,17.4658,2.325
002962,五方光电,湖北,元器件,主板,20190917,20260805,12.97,2.9365,155651334.46,3782898940.9999995,2713116480.0,37.82898941,27.1311648,1.29,101.8779,2.1319
002963,豪尔赛,北京,装修装饰,主板,20191028,20260805,17.59,10.0063,52784546.0,2644830641.0,2163464460.0,26.44830641,21.6346446,0.66,,2.2303
002965,祥鑫科技,广东,汽车配件,主板,20191025,20260805,30.85,6.5999,680282730.14,8186982254.999999,5874324345.0,81.86982255,58.74324345,0.94,52.8239,1.9304
002966,苏州银行,江苏,银行,主板,20190802,20260805,8.25,-0.6024,361180762.75,36882961500.0,36262714950.0,368.829615,362.6271495,0.69,6.8962,0.7119
002967,广电计量,广东,电器仪表,主板,20191108,20260805,17.39,0.2305,66898659.49999999,11123012668.000002,9559855131.0,111.23012668000001,95.59855131,0.86,26.2003,2.2604
002968,新大正,重庆,房产服务,主板,20191203,20260805,8.87,-0.3371,26717527.0,2007084086.0,1889412005.0,20.07084086,18.89412005,0.75,21.1557,1.6109
002969,嘉美包装,安徽,广告包装,主板,20191202,20260805,13.33,2.8549,925767876.3,14642947814.0,14566160803.0,146.42947814,145.66160803,0.59,169.0868,4.4966
002970,锐明技术,深圳,IT设备,主板,20191217,20260805,53.12,6.8598,250871298.43,9770414720.0,6713648649.0,97.7041472,67.13648649,1.04,25.532,4.5723
002971,和远气体,湖北,化工原料,主板,20200113,20260805,37.5,10.0029,329908834.5,7898437500.0,6037670475.0,78.984375,60.37670475,0.59,130.919,4.37
002972,科安达,深圳,运输设备,主板,20191227,20260805,12.99,4.6737,67286131.2,3195654312.0,1749055437.0,31.95654312,17.49055437,0.61,36.5491,2.5279
002973,侨银股份,广东,环境保护,主板,20200106,20260805,9.99,4.3887,104166485.08,4082570343.0,3173354469.0,40.82570343,31.73354469,1.38,22.1945,1.5779
002975,博杰股份,广东,专用机械,主板,20200205,20260805,84.61,9.9974,278314814.04,17609938527.0,11621521939.999998,176.09938527,116.21521939999998,0.32,120.3492,7.4827
002976,瑞玛精密,江苏,汽车配件,主板,20200306,20260805,21.56,6.8914,111762913.3,4195808848.0,2624485863.9999995,41.95808848,26.244858639999997,0.96,531.4661,2.9148
002977,*ST天箭,四川,通信设备,主板,20200317,20260805,22.29,2.6716,30774889.8,2677474800.0,1485566087.9999998,26.774748,14.855660879999997,0.92,,3.148
002978,安宁股份,四川,小金属,主板,20200417,20260805,27.04,1.4634,109741083.21,12762609600.0,9985320384.0,127.626096,99.85320384,1.42,17.7268,1.4543
002979,雷赛智能,深圳,专用机械,主板,20200408,20260805,60.02,5.7621,1132893842.82,18968606762.0,13371531691.999998,189.68606762,133.71531692,1.34,84.1657,10.1255
002980,华盛昌,深圳,电器仪表,主板,20200415,20260805,76.14,9.9971,960963857.1999999,14420999754.000002,7711992180.0,144.20999754000002,77.1199218,1.48,161.9347,12.7731
002981,朝阳科技,广东,元器件,主板,20200417,20260805,23.72,2.7285,53469205.99,3239174736.0000005,2883993828.0,32.391747360000004,28.83993828,1.09,43.911,3.1007
002982,湘佳股份,湖南,农业综合,主板,20200424,20260805,11.89,1.1915,38490607.96,2415976660.0,1546784368.0,24.1597666,15.46784368,0.95,73.3297,1.4875
002983,芯瑞达,安徽,元器件,主板,20200428,20260805,19.4,2.9178,46251262.199999996,4328434880.0,2486255500.0,43.2843488,24.862555,1.2,34.5116,3.1175
002984,森麒麟,山东,汽车配件,主板,20200911,20260805,14.5,-1.1588,159052247.89999998,15026160049.999998,10351842900.0,150.2616005,103.518429,0.85,13.3587,1.1105
002985,北摩高科,北京,航空,主板,20200429,20260805,26.37,1.0732,138840135.01999998,8750979432.0,8726871978.0,87.50979432,87.26871978,1.21,43.7472,3.1733
002986,宇新股份,广东,化工原料,主板,20200602,20260805,12.23,1.158,63085010.16,4648884722.0,3691471402.0,46.48884722,36.91471402,1.16,,1.2243
002987,京北方,北京,软件服务,主板,20200507,20260805,11.69,1.3877,634528819.64,12162943499.0,11852786757.0,121.62943499,118.52786757,1.89,37.1515,4.0478
002988,豪美新材,广东,铝,主板,20200518,20260805,21.14,1.8795,71324221.0,5280867130.0,5280867130.0,52.8086713,52.8086713,1.07,44.6123,1.9635
002989,中天精装,深圳,装修装饰,主板,20200610,20260805,22.75,4.3578,249230001.6,4586791710.0,4500745522.0,45.8679171,45.00745522,1.52,,3.2912
002990,盛视科技,深圳,软件服务,主板,20200525,20260805,49.29,9.9978,853927726.15,12906694938.0,6802936794.0,129.06694938,68.02936794,1.71,151.2836,5.1721
002991,甘源食品,江西,食品,主板,20200731,20260805,42.9,-0.6715,34676097.0,3998957820.0,2142155730.0,39.9895782,21.4215573,0.66,19.1856,2.2474
002992,宝明科技,深圳,元器件,主板,20200803,20260805,36.19,10.0,75734285.55,6545634634.0,5654148269.0,65.45634634,56.54148269,1.29,548.174,8.8925
002993,奥海科技,广东,元器件,主板,20200817,20260805,37.35,5.5085,293631953.66,10310094000.0,8905991715.0,103.10094,89.05991715,1.07,24.4091,2.126
002995,天地在线,北京,互联网,主板,20200805,20260805,18.28,0.2743,283721143.90000004,3243868260.0,2054986416.0,32.4386826,20.54986416,0.72,,4.0431
002996,顺博合金,重庆,铝,主板,20200828,20260805,6.28,0.3195,45530391.559999995,4204063104.0,2878610700.0,42.04063104,28.786107,1.13,18.9676,1.2705
002997,瑞鹄模具,安徽,汽车配件,主板,20200903,20260805,27.28,1.2997,59425769.6,5710285064.0,5710285064.0,57.10285064,57.10285064,0.85,14.5737,2.2155
002998,优彩资源,江苏,化纤,主板,20200925,20260805,7.9,7.9235,178314612.01000002,2803066940.0,2136911289.9999998,28.0306694,21.369112899999998,1.68,53.8464,1.6023
002999,天禾股份,广东,批发业,主板,20200903,20260805,5.67,-0.7005,28557036.0,1970846640.0,1947893913.0,19.7084664,19.47893913,0.86,32.9471,1.6003
003000,劲仔食品,湖南,食品,主板,20200914,20260805,10.71,-0.5571,52254598.41,4829076882.0,3299325813.0,48.29076882,32.99325813,0.74,19.8943,3.2787
003001,中岩大地,北京,建筑工程,主板,20201013,20260805,20.75,-0.7652,549009207.5,3621920676.0,2373106577.0,36.21920676,23.73106577,1.39,261.9051,3.0289
003002,壶化股份,山西,化工原料,主板,20200922,20260805,16.7,2.5799,61069856.0,3340000000.0,3053549910.0,33.4,30.5354991,1.33,19.4146,2.152
003003,天元股份,广东,广告包装,主板,20200921,20260805,10.46,-0.0955,42270466.0,1848491200.0,1232149298.0,18.484912,12.32149298,1.06,31.7633,1.4037
003004,声迅股份,北京,IT设备,主板,20201126,20260805,64.12,3.5864,113378914.0,5249109677.0,4407789554.0,52.49109677,44.07789554,0.77,,8.3166
003005,竞业达,北京,软件服务,主板,20200922,20260805,14.29,3.2514,237309962.18,3306544523.0,1814518478.0,33.06544523,18.14518478,2.67,385.226,1.8361
003006,百亚股份,重庆,造纸,主板,20200921,20260805,14.62,-0.8814,58548227.0,6281450836.0,6265737260.0,62.81450836,62.6573726,0.61,30.2029,3.9864
003007,直真科技,北京,软件服务,主板,20200923,20260805,38.77,2.9748,136403889.0,4635903365.0,2814225128.9999995,46.35903365,28.142251289999994,1.35,261.567,5.3137
003008,开普检测,河南,电气设备,主板,20200923,20260805,18.39,0.5467,26571860.5,1912560000.0,1429329647.9999998,19.1256,14.293296479999997,1.18,21.686,1.7895
003009,中天火箭,陕西,航空,主板,20200925,20260805,49.12,0.9453,216957351.28,8090918688.000001,8089440176.0,80.90918688000001,80.89440176,1.04,,4.016
003010,若羽臣,广东,互联网,主板,20200925,20260805,26.51,1.532,238807482.72,8246187345.0,5995029722.0,82.46187345,59.95029722,0.72,42.4184,10.4185
003011,海象新材,浙江,家居用品,主板,20200930,20260805,18.65,0.6476,48059087.2,1914907400.0,1433161115.0,19.149074,14.33161115,1.06,19.2528,1.3792
003012,东鹏控股,广东,陶瓷,主板,20201019,20260805,4.71,-1.0504,35732623.760000005,5449381254.0,5343906197.0,54.49381254,53.43906197,0.61,15.4837,0.7205
003013,地铁设计,广东,建筑工程,主板,20201022,20260805,18.2,0.497,194400182.84,8385791978.0,7325070407.0,83.85791978,73.25070407,1.39,18.0088,2.4899
003015,日久光电,江苏,元器件,主板,20201021,20260805,11.01,1.5683,55220842.3,3094544004.0,2719941415.0000005,30.94544004,27.199414150000006,0.73,29.6001,2.672
003016,欣贺股份,福建,服饰,主板,20201026,20260805,6.75,-0.2954,20807096.78,2838520800.0,2773458900.0,28.385208,27.734589,0.87,158.1871,1.0533
003017,大洋生物,浙江,化工原料,主板,20201026,20260805,21.5,0.4673,39206080.96,2167200000.0,1787630400.0,21.672,17.876304,1.01,21.7036,1.857
003018,金富科技,广东,塑料,主板,20201106,20260805,38.24,10.0115,446494127.51,12005448000.0,10879723584.0,120.05448,108.79723584,0.99,119.0034,7.4045
003019,宸展光电,福建,元器件,主板,20201117,20260805,23.54,3.7004,114748862.46000001,4165457142.0,4070727474.0,41.65457142,40.70727474,0.88,21.4513,2.4176
003020,立方制药,安徽,化学制药,主板,20201215,20260805,17.36,-0.1725,155709166.95000002,3961876632.0,2925998488.0,39.61876632,29.25998488,0.86,23.983,2.1481
003021,兆威机电,深圳,元器件,主板,20201204,20260805,81.17,1.5895,316653026.57,21718190173.0,16833505386.0,217.18190173,168.33505386,1.22,85.4064,4.2291
003022,联泓新科,山东,化工原料,主板,20201208,20260805,19.83,0.6599,206455220.34,26484313440.0,26461782594.0,264.8431344,264.61782594,0.88,86.6319,3.4897
003023,彩虹集团,四川,家用电器,主板,20201211,20260805,21.66,3.8351,96281780.0,2281699056.0,2276905698.0,22.81699056,22.76905698,1.3,35.8362,1.4377
003025,思进智能,浙江,机床制造,主板,20201211,20260805,12.02,1.2637,56213714.4,3413121070.0,2721519118.0,34.1312107,27.21519118,1.07,22.0843,2.6245
003026,中晶科技,浙江,半导体,主板,20201218,20260805,28.0,5.4614,334803838.68,5257492800.0,4047705200.0,52.574928,40.477052,1.38,122.0519,7.7175
003027,同兴科技,安徽,环境保护,主板,20201218,20260805,16.42,1.233,48438507.0,2146474944.0,1721817619.9999998,21.46474944,17.2181762,1.33,29.0145,1.2365
003028,振邦智能,深圳,元器件,主板,20201228,20260805,22.49,1.3063,22636078.0,3241261049.0,1589899064.0,32.41261049,15.89899064,1.11,44.1523,1.8518
003029,吉大正元,吉林,软件服务,主板,20201224,20260805,17.05,-0.2924,56255754.0,3301224410.0,3002487950.0,33.0122441,30.0248795,1.06,,3.2228
003030,祖名股份,浙江,食品,主板,20210106,20260805,21.73,3.2304,79050040.78999999,2711469400.0,1759236897.0,27.114694,17.59236897,0.84,107.1905,2.6986
003031,中瓷电子,河北,元器件,主板,20210104,20260805,108.63,8.3051,1487563231.83,48997876527.00001,36951222321.0,489.97876527000005,369.51222321,1.37,87.0803,7.414
003032,传智教育,江苏,文教休闲,主板,20210112,20260805,11.73,10.0375,626026430.37,4720709175.0,3336969168.0,47.20709175,33.36969168,2.33,,4.0341
003033,征和工业,山东,汽车配件,主板,20210111,20260805,61.9,6.9085,129753938.32000001,5060325000.0,4998028840.0,50.60325,49.9802884,1.2,28.8924,3.5401
003035,南网能源,广东,新型电力,主板,20210119,20260805,5.7,-0.3497,144833765.32999998,21590909160.000004,21590909160.000004,215.90909160000004,215.90909160000004,0.76,62.3133,3.068
003036,泰坦股份,浙江,纺织机械,主板,20210128,20260805,47.5,5.5556,548510280.2199999,10288808750.0,10288542750.0,102.8880875,102.8854275,1.62,217.3005,7.2452
003037,三和管桩,广东,水泥,主板,20210204,20260805,5.64,0.0,20313916.0,3378781308.0,3378781308.0,33.78781308,33.78781308,0.86,71.3141,1.2099
003038,鑫铂股份,安徽,铝,主板,20210210,20260805,10.76,0.2796,39217423.0,2621778372.0,1764338720.0,26.21778372,17.6433872,0.8,,0.9313
003039,顺控发展,广东,水务,主板,20210308,20260805,11.97,-1.5625,46780469.0,7391698839.0,7391698839.0,73.91698839,73.91698839,0.96,24.3275,2.4863
003040,楚天龙,广东,通信设备,主板,20210322,20260805,11.33,0.8007,138186882.58,5224670880.0,5176113899.0,52.2467088,51.76113899,0.88,730.6287,3.6293
003041,真爱美家,浙江,纺织,主板,20210406,20260805,44.86,7.3206,151237023.38,6459840000.0,6137897724.0,64.5984,61.37897724,0.98,27.6207,4.3895
003042,中农联合,山东,农药化肥,主板,20210406,20260805,12.82,-0.1558,38600364.1,1826593599.9999998,1580718820.0000002,18.265935999999996,15.807188200000002,0.84,,1.4928
003043,华亚智能,江苏,半导体,主板,20210406,20260805,66.6,7.4194,397257070.27000004,9591072660.0,6261545520.0,95.9107266,62.6154552,0.9,113.3821,5.4308
003816,中国广核,深圳,新型电力,主板,20190826,20260805,3.99,-1.9656,543602843.5,201490283420.99997,156947419671.0,2014.9028342099996,1569.47419671,1.16,20.6332,1.6008
300001,特锐德,山东,电气设备,创业板,20091030,20260805,35.82,-1.1589,723699566.5899999,37801838680.0,36936643653.0,378.0183868,369.36643653,1.03,30.4102,4.3723
300002,神州泰岳,北京,互联网,创业板,20091030,20260805,8.89,1.2528,716814049.22,17488175669.0,16455826081.0,174.88175669,164.55826081,0.99,21.8191,2.2377
300003,乐普医疗,北京,医疗保健,创业板,20091030,20260805,12.95,0.1547,393604791.46999997,23872351160.0,20446911695.0,238.7235116,204.46911695,1.08,24.8152,1.4521
300004,南风股份,广东,电气设备,创业板,20091030,20260805,8.33,2.3342,172513989.5,3998346688.0,3998346688.0,39.98346688,39.98346688,0.98,128.9692,2.2562
300005,探路者,北京,服饰,创业板,20091030,20260805,10.5,4.2701,629508518.5500001,9278872953.0,9203768028.0,92.78872953,92.03768028,0.93,117.472,4.2866
300006,莱美药业,重庆,化学制药,创业板,20091030,20260805,5.04,-0.7874,96625960.12,5321792448.0,5321337336.0,53.21792448,53.21337336,0.76,,3.057
300007,汉威科技,河南,电器仪表,创业板,20091030,20260805,35.13,0.2855,461652683.36,11503163928.0,9939903519.0,115.03163928,99.39903519,1.01,72.431,3.8933
300008,天海防务,上海,船舶,创业板,20091030,20260805,6.29,-0.1587,305426675.8,10869303668.0,10361454729.0,108.69303668,103.61454729,1.07,36.4276,4.3381
300009,安科生物,安徽,生物制药,创业板,20091030,20260805,8.29,-1.1919,141942722.12,13850108803.0,10198749288.0,138.50108803,101.98749288,1.12,18.8387,2.9198
300010,ST豆神,北京,软件服务,创业板,20091030,20260805,2.42,2.9787,223330063.88,5001202734.0,4025262714.0000005,50.01202734,40.25262714,1.12,71.1512,2.886
300011,鼎汉技术,北京,运输设备,创业板,20091030,20260805,5.95,-0.335,30142355.0,3603054630.0,3018173200.0,36.0305463,30.181732,1.07,,2.3837
300012,华测检测,深圳,电器仪表,创业板,20091030,20260805,14.23,0.2819,337671743.78999996,23946646708.999996,20366576506.0,239.46646708999995,203.66576506,0.73,23.5598,3.0351
300013,新宁物流,河南,仓储物流,创业板,20091030,20260805,3.82,4.0872,67699680.0,2132930998.0,2130503388.0,21.32930998,21.30503388,1.06,,11.8703
300014,亿纬锂能,广东,电气设备,创业板,20091030,20260805,55.81,1.5835,2547739563.17,121291699989.0,117897810174.0,1212.91699989,1178.97810174,1.05,29.3379,2.7773
300015,爱尔眼科,湖南,医疗保健,创业板,20091030,20260805,8.88,-0.6711,697783529.12,82580134536.0,70659690024.0,825.80134536,706.59690024,0.84,25.4857,3.5834
300016,北陆药业,北京,化学制药,创业板,20091030,20260805,8.03,0.2497,110544818.50999999,4670968291.0,4514175314.0,46.70968291,45.14175314,0.92,50.3691,2.027
300017,网宿科技,上海,软件服务,创业板,20091030,20260805,14.98,1.6972,3318526350.7,37385357959.0,35449714653.0,373.85357959,354.49714653,1.2,46.7593,3.5421
300018,中元股份,湖北,电气设备,创业板,20091030,20260805,12.12,1.8487,178253814.60000002,5923171260.0,4412219340.0,59.2317126,44.1221934,1.19,42.5791,4.1051
300019,硅宝科技,四川,化工原料,创业板,20091030,20260805,15.18,0.4633,156296732.17999998,5967511506.000001,5595498282.0,59.67511506000001,55.95498282,1.28,21.4269,2.1663
300020,ST银江,浙江,软件服务,创业板,20091030,20260805,3.5,-0.2849,45837576.730000004,2781373000.0,2683042250.0,27.81373,26.8304225,0.62,,2.084
300021,大禹节水,甘肃,建筑工程,创业板,20091030,20260805,3.92,0.2558,42191761.08,4007680600.0,3423685664.0,40.076806,34.23685664,0.95,81.9565,1.528
300022,吉峰科技,四川,农用机械,创业板,20091030,20260805,7.97,1.5287,62676969.0,3939095988.0,3938979626.0000005,39.39095988,39.389796260000004,1.21,,7.7074
300024,机器人,辽宁,专用机械,创业板,20091030,20260805,16.08,1.9658,1034992181.13,25175167991.999996,25168250376.0,251.75167991999996,251.68250376,1.65,,6.222
300025,华星创业,浙江,通信设备,创业板,20091030,20260805,4.77,0.2101,80236658.07000001,2426942133.0,2416737195.0,24.26942133,24.16737195,1.05,,5.6918
300026,红日药业,天津,中成药,创业板,20091030,20260805,3.39,-2.0231,198810499.45999998,10184084772.0,10174493106.0,101.84084772,101.74493106,1.24,550.6358,1.187
300027,ST华谊,浙江,影视音像,创业板,20091030,20260805,1.86,0.5405,53998368.1,5160580974.0,4622214948.0,51.60580974,46.22214948,0.8,,
300030,阳普医疗,广东,医疗保健,创业板,20091225,20260805,6.49,-0.7645,44858613.68,2006626226.0,1766757124.0,20.06626226,17.66757124,0.94,138.0986,3.1254
300031,宝通科技,江苏,互联网,创业板,20091225,20260805,21.92,3.0559,731954782.46,9178927664.0,7713689648.0,91.78927664,77.13689648,1.45,44.3647,2.2451
300032,金龙机电,浙江,元器件,创业板,20091225,20260805,3.72,1.3624,73383727.19999999,2987790912.0000005,2987790912.0000005,29.877909120000005,29.877909120000005,0.91,445.2064,4.6156
300033,同花顺,浙江,软件服务,创业板,20091225,20260805,242.33,3.7771,4920001658.58,182387251200.0,106240113397.0,1823.872512,1062.40113397,1.25,56.9056,26.0941
300034,钢研高纳,北京,航空,创业板,20091225,20260805,16.19,0.7467,161223990.85,12902806685.0,12418647973.0,129.02806685,124.18647973,0.82,147.5495,3.3472
300035,中科电气,湖南,电气设备,创业板,20091225,20260805,14.18,1.1412,220925326.04000002,9719349188.0,8271920016.0,97.19349188,82.71920016,0.83,20.681,1.9296
300036,超图软件,北京,软件服务,创业板,20091225,20260805,12.0,0.0834,151383745.01000002,5913200400.0,5340632400.0,59.132004,53.406324,0.85,126.2286,2.2413
300037,新宙邦,深圳,化工原料,创业板,20100108,20260805,67.0,5.3956,1250302665.6599998,50510388800.0,36634219800.0,505.103888,366.342198,0.93,46.0317,4.6056
300039,上海凯宝,上海,中成药,创业板,20100108,20260805,5.55,-1.5957,250026010.64,5805300000.0,5088940410.0,58.053,50.8894041,0.83,20.8386,1.2416
300040,九洲集团,黑龙江,新型电力,创业板,20100108,20260805,6.63,1.2214,345591895.63,4265810952.0,3430202880.0,42.65810952,34.3020288,0.8,104.184,1.6323
300041,回天新材,湖北,化工原料,创业板,20100108,20260805,10.97,3.1985,303817031.55,6137011823.0,5972335668.0,61.37011823,59.72335668,1.25,27.8208,2.0265
300042,朗科科技,深圳,IT设备,创业板,20100108,20260805,44.09,5.8329,893546123.9399999,8835640409.0,8834824744.0,88.35640409,88.34824744,1.18,325.4667,7.7831
300043,星辉娱乐,广东,互联网,创业板,20100120,20260805,4.94,-0.202,250040322.12,6146340096.0,6143085130.0,61.46340096,61.4308513,0.78,20.3795,3.4374
300044,*ST赛为,深圳,软件服务,创业板,20100120,20260805,5.31,1.9194,135455852.0,4056145452.0,3798658241.9999995,40.56145452,37.98658242,1.87,,
300045,华力创通,北京,IT设备,创业板,20100120,20260805,13.39,1.8251,207977656.06,8873222267.0,6913433748.0,88.73222267,69.13433748,0.71,,5.8491
300046,台基股份,湖北,半导体,创业板,20100120,20260805,24.51,2.6382,203471839.24,5797384614.0,5797384614.0,57.97384614,57.97384614,1.34,118.0874,5.0437
300047,天源迪科,深圳,软件服务,创业板,20100120,20260805,10.3,0.0972,232072635.07,6568770410.0,5911287420.0,65.6877041,59.1128742,0.98,213.9516,1.9876
300048,合康新能,北京,电气设备,创业板,20100120,20260805,5.46,-2.847,99833544.54,6182616804.0,6171064536.0,61.82616804,61.71064536,0.95,99.7003,3.4067
300049,福瑞医科,内蒙,医疗保健,创业板,20100120,20260805,46.68,-0.5115,317725492.95,12323104548.0,10903990536.0,123.23104548,109.03990536,0.87,79.9739,6.2182
300050,世纪鼎利,广东,通信设备,创业板,20100120,20260805,5.82,3.0088,116230314.0,3171007794.0,3169072644.0,31.71007794,31.69072644,1.16,204.5933,7.6836
300051,琏升科技,江苏,综合类,创业板,20100211,20260805,7.96,1.4013,115641556.41999999,2961260892.0,2924628176.0,29.61260892,29.24628176,0.83,,30.992
300052,中青宝,深圳,互联网,创业板,20100211,20260805,11.82,-1.9087,592703844.4300001,3095169834.0000005,3095081184.0,30.951698340000004,30.95081184,2.21,,8.9848
300053,航宇微,广东,半导体,创业板,20100211,20260805,13.12,2.2603,376004159.8,9142990816.0,8538743968.0,91.42990816,85.38743968,1.49,,6.465
300054,鼎龙股份,湖北,化工原料,创业板,20100211,20260805,74.02,5.6674,3510049955.91,70651631076.0,55092701096.0,706.51631076,550.92701096,1.06,98.0994,12.9358
300055,万邦达,北京,石油加工,创业板,20100226,20260805,5.99,0.6723,92164582.0,5012130104.0,3790767307.0,50.12130104,37.90767307,0.72,,1.0213
300056,中创环保,福建,环境保护,创业板,20100226,20260805,8.66,0.1156,87922156.98,3338347730.0,3335815545.9999995,33.3834773,33.35815545999999,0.8,,46.5819
300057,万顺新材,广东,铝,创业板,20100226,20260805,6.35,1.6,222693962.63,6372679025.0,5276697600.0,63.72679025,52.766976,1.07,,1.2439
300058,蓝色光标,北京,广告包装,创业板,20100226,20260805,15.73,0.0636,11061765636.3,56474179475.99999,54707843619.0,564.74179476,547.07843619,1.26,251.3697,7.0903
300059,东方财富,上海,证券,创业板,20100319,20260805,20.36,1.5461,7045557959.83,322139989964.0,271873102487.99997,3221.39989964,2718.7310248799995,1.28,26.6571,3.3693
300061,旗天科技,上海,互联网,创业板,20100319,20260805,6.77,0.4451,131204150.32,4461387349.0,4212088869.0,44.61387349,42.12088869,0.87,,9.6214
300062,中能电气,福建,电气设备,创业板,20100319,20260805,6.82,0.1468,271632808.71000004,4296173068.0,3126003606.0,42.96173068,31.26003606,0.7,,2.7876
300063,天龙集团,广东,互联网,创业板,20100326,20260805,9.68,1.574,849273460.4200001,7342542328.0,6064683591.999999,73.42542328,60.646835919999994,0.98,64.6051,4.1542
300065,海兰信,北京,船舶,创业板,20100326,20260805,16.71,2.327,652914870.35,12056919364.0,10976716987.0,120.56919364,109.76716987,0.92,299.2736,6.8634
300066,三川智慧,江西,电器仪表,创业板,20100326,20260805,5.39,0.3724,128775240.32,5605778948.0,5379755227.0,56.05778948,53.79755227,1.04,39.4563,2.1325
300067,安诺其,上海,染料涂料,创业板,20100421,20260805,5.75,-0.1736,452647917.98,6637653950.0,5389266274.999999,66.3765395,53.89266274999999,0.64,,2.668
300068,ST南都,浙江,电气设备,创业板,20100421,20260805,4.34,0.463,203068023.79999998,3898914082.0,3704978143.9999995,38.98914082,37.04978144,1.09,,3.5409
300069,金利华电,山西,电气设备,创业板,20100421,20260805,28.21,3.3333,267711142.26,3300570000.0,3300570000.0,33.0057,33.0057,0.97,,12.0979
300070,碧水源,北京,环境保护,创业板,20100421,20260805,3.55,-1.3889,111535721.24,12865943370.0,12193426044.999998,128.6594337,121.93426044999998,0.83,210.9756,0.4704
300071,福石控股,北京,广告包装,创业板,20100421,20260805,4.61,-0.8602,558074108.37,4443507084.0,4358067649.0,44.43507084,43.58067649,0.79,,27.6044
300072,海新能科,北京,化工原料,创业板,20100427,20260805,3.56,0.0,81406999.0,8365004268.0,8299646228.0,83.65004268,82.99646228,1.01,,1.5996
300073,当升科技,北京,电气设备,创业板,20100427,20260805,42.6,1.2357,615922080.99,23186911620.0,21554377380.0,231.8691162,215.5437738,0.99,36.669,1.5495
300074,华平股份,上海,软件服务,创业板,20100427,20260805,3.7,0.0,83466555.60000001,2036138120.0,2034403745.0,20.3613812,20.34403745,1.14,,2.3884
300075,数字政通,北京,软件服务,创业板,20100427,20260805,11.49,0.0871,169716987.35999998,7136785998.0,5922388365.0,71.36785998,59.22388365,1.04,,2.2517
300076,*ST宁视,浙江,IT设备,创业板,20100430,20260805,4.22,-1.6317,26292577.0,1789280000.0,1789280000.0,17.8928,17.8928,1.28,,2.1315
300077,国民技术,深圳,半导体,创业板,20100430,20260805,18.48,2.0994,1333774426.8100002,12531781416.0,10465739592.0,125.31781416,104.65739592,1.57,,7.1953
300078,思创智联,浙江,软件服务,创业板,20100430,20260805,3.06,0.9901,80374381.08000001,3420688932.0,3406903326.0,34.20688932,34.06903326,0.98,,6.7821
300079,数码视讯,北京,IT设备,创业板,20100430,20260805,4.64,-0.4292,169097320.96,6616770384.0,5946065808.0,66.16770384,59.46065808,1.12,199.45,1.6075
300080,易成新能,河南,电气设备,创业板,20100625,20260805,3.79,-0.7853,60120917.05,7100111716.0,7090448732.0,71.00111716,70.90448732,0.86,,1.6521
300081,ST恒信,北京,文教休闲,创业板,20100520,20260805,3.11,-0.9554,28379983.36,1880913694.0,1880558843.0,18.80913694,18.80558843,0.6,,2.3861
300082,奥克股份,辽宁,化工原料,创业板,20100520,20260805,7.86,1.8135,53625210.0,5345571851.999999,5330491655.999999,53.45571851999999,53.30491655999999,0.83,786.4331,1.9486
300083,创世纪,广东,机床制造,创业板,20100520,20260805,12.97,9.9153,1455231789.86,21593267922.0,19352824934.0,215.93267922,193.52824934,1.25,150.7356,4.0661
300084,海默科技,甘肃,专用机械,创业板,20100520,20260805,11.34,2.5316,99653220.0,6222937266.000001,5340508362.0,62.22937266000001,53.40508362,0.83,,4.9263
300085,银之杰,深圳,软件服务,创业板,20100526,20260805,31.82,4.0209,2194230259.9,22485303892.0,20747050478.0,224.85303892,207.47050478,1.38,,53.5757
300086,康芝药业,海南,化学制药,创业板,20100526,20260805,6.57,0.1524,121539992.75,2990167308.0,2895231464.9999995,29.90167308,28.952314649999995,0.81,,3.3675
300087,ST荃银,安徽,种植业,创业板,20100526,20260805,5.16,0.0,42790106.69,4888232088.0,4655846844.0,48.88232088,46.55846844,0.97,,2.8802
300088,长信科技,安徽,元器件,创业板,20100526,20260805,7.55,7.5499,1882032947.0800002,18857888680.0,18765543120.0,188.5788868,187.6554312,1.68,92.6244,2.1719
300091,*ST金灵,江苏,机械基件,创业板,20100625,20260805,2.48,-0.8,10025897.0,7048271848.0,4055846064.0,70.48271848,40.55846064,0.73,,5.4295
300092,科新机电,四川,专用机械,创业板,20100708,20260805,11.59,0.0864,41564764.0,3174771047.0000005,2432350417.0,31.747710470000005,24.32350417,0.77,49.5921,1.9133
300093,金刚光伏,甘肃,电气设备,创业板,20100708,20260805,23.26,-2.7592,275570967.66999996,12560400000.0,5372543628.0,125.604,53.72543628,0.99,61.8536,6.4557
300094,国联水产,广东,渔业,创业板,20100708,20260805,2.8,-0.3559,82568335.99000001,3158868440.0,3095448719.9999995,31.5886844,30.954487199999996,0.9,,33.2477
300095,华伍股份,江西,专用机械,创业板,20100728,20260805,8.48,1.3142,54513128.0,3344724848.0,2693843296.0,33.44724848,26.93843296,1.08,,2.2874
300096,ST易联众,福建,软件服务,创业板,20100728,20260805,8.61,3.7349,29552761.54,3702300000.0,3702295695.0,37.023,37.02295695,1.36,75.0628,11.1048
300097,智云股份,辽宁,专用机械,创业板,20100728,20260805,8.78,6.1669,95838608.58,2533465488.0,2370673752.0,25.33465488,23.70673752,1.02,,12.7944
300098,高新兴,广东,软件服务,创业板,20100728,20260805,4.82,-0.207,253057926.18,8376110686.0,7431202224.0,83.76110686,74.31202224,1.1,,3.1637
300099,尤洛卡,山东,电器仪表,创业板,20100806,20260805,6.15,0.4902,90618728.36,4534180980.0,3575106930.0000005,45.3418098,35.751069300000005,1.11,24.7443,1.8891
300100,双林股份,浙江,汽车配件,创业板,20100806,20260805,23.66,0.9386,189566255.0,13699066654.0,13206302200.0,136.99066654,132.063022,0.94,27.2223,4.1288
300101,振芯科技,四川,通信设备,创业板,20100806,20260805,15.2,0.9296,124361500.11999999,8632166640.0,8602880800.0,86.3216664,86.028808,0.87,304.9504,4.8979
300102,乾照光电,福建,半导体,创业板,20100812,20260805,18.47,2.3836,588813241.2,16998565286.0,16917110739.0,169.98565286,169.17110739,1.0,148.2647,3.9079
300103,达刚控股,陕西,专用机械,创业板,20100812,20260805,7.49,3.5961,48509310.5,2378831490.0,2376856355.0,23.7883149,23.76856355,1.16,,5.3023
300105,龙源技术,山东,环境保护,创业板,20100820,20260805,8.03,1.0063,251129278.76,4141990435.0000005,4139247387.0,41.41990435,41.39247387,0.74,,2.2185
300106,西部牧业,新疆,乳制品,创业板,20100820,20260805,9.52,2.2556,129641336.82,2011883495.9999998,2011883495.9999998,20.118834959999997,20.118834959999997,0.61,,5.3397
300107,建新股份,河北,化工原料,创业板,20100820,20260805,6.35,-0.626,60433420.68,3573667604.9999995,2205883320.0,35.73667604999999,22.0588332,0.81,,2.4186
300109,新开源,河南,化工原料,创业板,20100825,20260805,13.07,0.9266,80658192.45,7539514455.0,6763796885.0,75.39514455,67.63796885,0.77,39.6638,2.0374
300110,华仁药业,山东,化学制药,创业板,20100825,20260805,2.7,-1.4599,56077122.0,3191975100.0,3189179520.0,31.919751,31.8917952,0.93,,3.7384
300111,向日葵,浙江,化学制药,创业板,20100827,20260805,2.99,-0.3333,100345863.0,3848759993.0000005,3848759993.0000005,38.48759993,38.48759993,0.86,,5.6858
300112,万讯自控,深圳,电器仪表,创业板,20100827,20260805,8.31,-0.479,195550016.11999997,2392898571.0,1974401154.0,23.92898571,19.74401154,0.96,,2.5784
300113,顺网科技,浙江,互联网,创业板,20100827,20260805,19.02,-0.523,713760776.81,12822597378.0,9681566106.0,128.22597378,96.81566106,0.94,30.703,4.869
300115,长盈精密,深圳,元器件,创业板,20100902,20260805,28.6,2.2524,1391240391.25,38934612860.0,38819778140.0,389.3461286,388.1977814,1.08,65.1444,4.5826
300118,东方日升,浙江,电气设备,创业板,20100902,20260805,10.27,0.1951,390740816.9,11707942753.000002,9518437292.0,117.07942753000002,95.18437292,0.85,,1.4115
300119,瑞普生物,天津,农业综合,创业板,20100917,20260805,18.11,2.4321,154736049.5,8416707617.0,6041921585.0,84.16707617,60.41921585,1.24,21.0148,1.7495
300120,经纬辉开,天津,元器件,创业板,20100917,20260805,6.72,2.1277,190697550.28,3859927008.0,3544443840.0,38.59927008,35.4444384,0.97,,1.5388
300121,阳谷华泰,山东,化工原料,创业板,20100917,20260805,9.7,2.1053,144466478.6,4318810540.0,4165246930.0000005,43.1881054,41.65246930000001,1.28,21.8846,1.2023
300122,智飞生物,重庆,生物制药,创业板,20100928,20260805,13.15,-0.4542,315494000.06,31478335173.0,18598127161.0,314.78335173,185.98127161,1.01,,2.0372
300123,ST亚光,湖南,半导体,创业板,20100928,20260805,4.4,-4.1394,296086647.69,4496070040.0,4373689760.0,44.9607004,43.7368976,1.99,,14.4051
300124,汇川技术,深圳,电器仪表,创业板,20100928,20260805,64.39,0.4524,1847806617.11,174342615121.0,155200163533.0,1743.42615121,1552.00163533,0.85,34.5233,4.792
300125,*ST聆达,辽宁,电气设备,创业板,20101013,20260805,8.88,2.3041,27539579.01,5912748000.0,3203996352.0,59.12748,32.03996352,0.78,290.9425,5.6611
300126,锐奇股份,上海,轻工机械,创业板,20101013,20260805,5.99,-0.8278,37548419.9,1820706024.0,1261794698.0,18.20706024,12.61794698,1.25,,1.8299
300127,银河磁体,四川,矿物制品,创业板,20101013,20260805,24.71,3.2164,185759086.60999998,7984945073.000001,5703465831.0,79.84945073000002,57.03465831,2.01,44.929,5.0911
300128,锦富技术,江苏,元器件,创业板,20101013,20260805,4.66,3.5556,170250256.85999998,6053878230.0,6046188297.999999,60.5387823,60.46188297999999,1.02,,14.3537
300129,泰胜风能,上海,电气设备,创业板,20101019,20260805,8.1,0.7463,166800319.8,8981711730.0,5821552620.0,89.8171173,58.2155262,0.84,41.8562,1.5572
300130,新国都,深圳,IT设备,创业板,20101019,20260805,19.85,3.6554,397177560.47,11261012190.0,8618228845.0,112.6101219,86.18228845,1.16,24.0202,2.4927
300131,英唐智控,深圳,元器件,创业板,20101019,20260805,14.8,-0.6711,1043777119.5600001,16798288600.000002,15425559000.0,167.982886,154.25559,1.04,635.9546,9.7339
300132,青松股份,福建,化工原料,创业板,20101026,20260805,6.63,-0.1506,131394898.63000001,3424931366.9999995,3368579019.0,34.24931366999999,33.68579019,0.88,22.3519,2.3249
300133,华策影视,浙江,影视音像,创业板,20101026,20260805,7.61,0.7947,664285034.61,14267324646.999998,12654991664.0,142.67324646999998,126.54991664,1.04,74.6446,1.937
300134,大富科技,安徽,通信设备,创业板,20101026,20260805,8.32,0.4831,82843670.75,6385583360.0,6385583360.0,63.8558336,63.8558336,0.99,,1.7468
300135,宝利国际,江苏,石油加工,创业板,20101026,20260805,3.29,-0.9036,44588226.72,3032064000.0,3032064000.0,30.32064,30.32064,0.74,,3.5022
300136,信维通信,深圳,元器件,创业板,20101105,20260805,63.95,7.3887,4714583300.099999,61876014400.00001,52771555220.0,618.7601440000001,527.7155522,1.28,87.3109,7.7122
300137,先河环保,河北,环境保护,创业板,20101105,20260805,12.13,4.6592,369166240.39,6508742086.0,6429313633.0,65.08742086,64.29313633,0.8,501.6792,3.9702
300138,晨光生物,河北,食品,创业板,20101105,20260805,11.62,0.2588,100202110.0,5613623162.0,4628400546.0,56.13623162,46.28400546,0.55,15.2184,1.6169
300139,晓程科技,北京,黄金,创业板,20101112,20260805,44.71,11.8869,2724695193.6,12250540000.0,10446902832.0,122.5054,104.46902832,1.73,80.9016,10.2813
300140,节能环境,陕西,环境保护,创业板,20101112,20260805,5.53,-0.8961,60162780.76,17137840510.0,17116820427.000002,171.3784051,171.16820427000002,0.82,19.6722,1.193
300141,和顺电气,江苏,电气设备,创业板,20101112,20260805,10.46,-2.1515,175440600.0,2697054515.9999995,2663312648.0,26.970545159999997,26.63312648,0.83,,4.3537
300142,沃森生物,云南,生物制药,创业板,20101112,20260805,12.56,1.7828,755180210.92,20087817160.0,19599915168.0,200.8781716,195.99915168,1.29,113.017,2.7115
300143,盈康生命,山东,医疗保健,创业板,20101209,20260805,7.51,-0.6614,76941102.85,7306717818.0,6250216274.999999,73.06717818,62.50216274999999,0.85,106.604,2.8749
300144,宋城演艺,浙江,旅游景点,创业板,20101209,20260805,6.19,-0.6421,186425054.96,16148935012.0,15980091620.0,161.48935012,159.8009162,0.79,19.7499,2.0639
300145,南方泵业,浙江,机械基件,创业板,20101209,20260805,4.45,1.5982,369701507.82,8545076899.999999,8503187715.0,85.450769,85.03187715,1.31,36.1546,2.8716
300146,汤臣倍健,广东,食品,创业板,20101215,20260805,10.3,0.4878,218407665.76,17424274130.0,11543052410.0,174.2427413,115.4305241,0.92,22.2774,1.5124
300147,*ST香雪,广东,中成药,创业板,20101215,20260805,7.26,6.7647,108610061.44999999,4800886266.0,4772483694.0,48.00886266,47.72483694,1.32,,
300148,天舟文化,湖南,出版业,创业板,20101215,20260805,3.53,-0.5634,96139801.0,2976352481.0000005,2873825582.9999995,29.763524810000003,28.738255829999996,0.88,43.9555,2.8837
300149,睿智医药,广东,生物制药,创业板,20101222,20260805,9.7,1.8908,404815530.25,4898362260.0,4671377410.0,48.9836226,46.7137741,1.37,365.218,3.8204
300150,世纪瑞尔,北京,软件服务,创业板,20101222,20260805,4.1,-0.4854,28666842.0,2398934600.0,1901019120.0,23.989346,19.0101912,1.0,46.5754,1.5252
300151,昌红科技,深圳,专用机械,创业板,20101222,20260805,15.07,5.311,256531901.88,8024918165.0,5556275845.999999,80.24918165,55.56275845999999,1.02,124.2476,5.0806
300152,*ST动力,河北,环境保护,创业板,20101229,20260805,1.54,0.6536,28474738.8,1097712000.0,1097670112.0,10.97712,10.97670112,0.94,,5.1944
300153,科泰电源,上海,电气设备,创业板,20101229,20260805,21.6,2.3212,185308022.10999998,6912000000.0,6875930159.999999,69.12,68.75930159999999,1.0,135.6871,7.3753
300154,瑞凌股份,深圳,机械基件,创业板,20101229,20260805,8.48,3.163,69613636.0,3812228944.0,2672510160.0,38.12228944,26.7251016,0.86,36.5213,2.1177
300155,安居宝,广东,IT设备,创业板,20110107,20260805,4.13,-0.9592,49291542.36,2317870814.0,1360600416.0,23.17870814,13.60600416,1.43,,1.9398
300157,新锦动力,北京,专用机械,创业板,20110107,20260805,4.38,-0.6803,234448305.12,3352211976.0,3200064792.0,33.52211976,32.00064792,0.84,82.3982,
300158,振东制药,山西,化学制药,创业板,20110107,20260805,5.03,-0.1984,71102572.0,4991284593.0,4987212305.0,49.91284593,49.87212305,1.05,,1.4908
300159,新研股份,新疆,农用机械,创业板,20110107,20260805,3.15,0.0,183280061.04,10364826150.0,5803393680.0,103.6482615,58.0339368,0.92,240.3042,3.7102
300160,秀强股份,江苏,家用电器,创业板,20110113,20260805,4.34,-0.4587,32322714.12,3354586942.0000005,3307772230.0,33.54586942,33.0777223,1.15,17.3712,1.2528
300161,华中数控,湖北,机床制造,创业板,20110113,20260805,26.13,1.5152,114542079.35,5191949997.0,5095201059.0,51.91949997,50.95201059,1.06,318.1332,3.3635
300162,雷曼光电,深圳,元器件,创业板,20110113,20260805,7.74,2.381,232746826.87,3247008174.0,2648332332.0,32.47008174,26.48332332,1.13,,3.9305
300163,先锋新材,浙江,家居用品,创业板,20110113,20260805,6.22,0.8104,196076763.4,2948280000.0,2840028363.9999995,29.4828,28.400283639999994,0.8,42.1861,5.3669
300164,通源石油,陕西,石油开采,创业板,20110113,20260805,10.66,-5.3286,1801524439.0400002,6272969742.000001,6217027128.0,62.72969742000001,62.17027128,0.99,171.3014,4.5563
300165,天瑞仪器,江苏,电器仪表,创业板,20110125,20260805,5.08,2.008,64563866.0,2517199436.0,2136316276.0,25.17199436,21.36316276,0.84,,2.3845
300166,东方国信,北京,软件服务,创业板,20110125,20260805,14.4,0.4885,1016442597.85,16397938080.0,13042931040.0,163.9793808,130.4293104,1.12,,2.8753
300167,ST迪威迅,深圳,软件服务,创业板,20110125,20260805,4.32,4.0964,41651071.0,1798540848.0,1529647200.0,17.98540848,15.296472,1.59,,30.0368
300168,万达信息,上海,软件服务,创业板,20110125,20260805,5.27,0.5725,199697316.26,7592112195.0,7584491775.0,75.92112195,75.84491775,1.28,,7.3834
300169,天晟新材,江苏,塑料,创业板,20110125,20260805,5.54,0.5445,84668895.0,1880798976.0,1671616332.0,18.80798976,16.71616332,0.4,144.0444,29.6852
300170,汉得信息,上海,软件服务,创业板,20110201,20260805,17.58,4.0853,1859656671.6499999,18290578326.0,17470624272.0,182.90578326,174.70624272,1.26,80.7179,3.205
300171,东富龙,上海,医疗保健,创业板,20110201,20260805,12.52,-1.8039,154245901.06,9588167812.0,7044470648.000001,95.88167812,70.44470648000001,1.04,47.8505,1.2052
300172,中电环保,江苏,环境保护,创业板,20110201,20260805,4.53,0.6667,75367023.8,3065496300.0,2368898721.0,30.654963,23.68898721,1.24,37.5256,1.5655
300173,ST福能,广东,轻工机械,创业板,20110201,20260805,3.31,2.795,34284525.0,2431942067.0,2431942067.0,24.31942067,24.31942067,1.63,,2.9957
300174,元力股份,福建,化工原料,创业板,20110201,20260805,18.99,4.6281,394278662.76,6916354736.0,6878074675.0,69.16354736,68.78074675,1.1,30.3089,1.9805
300175,朗源股份,山东,食品,创业板,20110215,20260805,5.9,1.8998,55894227.0,2777720000.0,2777720000.0,27.7772,27.7772,1.23,,5.5746
300176,鸿特科技,广东,汽车配件,创业板,20110215,20260805,5.19,0.0,50937618.300000004,2009987352.0,2009987352.0,20.09987352,20.09987352,1.04,40.8255,2.0454
300177,中海达,广东,通信设备,创业板,20110215,20260805,6.37,0.9509,81689328.15,4740357167.0,3862152021.0,47.40357167,38.62152021,1.35,,3.7553
300179,四方达,河南,矿物制品,创业板,20110215,20260805,33.73,10.373,1499140918.5,16383470520.0,12614409487.0,163.8347052,126.14409487,1.39,175.8187,12.889
300180,华峰超纤,上海,化纤,创业板,20110222,20260805,4.5,-0.2217,120045927.07000001,7924770450.0,7707010950.0,79.2477045,77.0701095,0.81,118.6937,1.6929
300181,佐力药业,浙江,中成药,创业板,20110222,20260805,14.11,-1.5352,276915903.85,9896574803.0,8507072799.0,98.96574803,85.07072799,1.08,15.6608,2.89
300182,捷成股份,北京,影视音像,创业板,20110222,20260805,5.61,-1.9231,1764894209.54,14944062177.0,12675049431.0,149.44062177,126.75049431,1.66,78.517,1.7558
300183,东软载波,山东,通信设备,创业板,20110222,20260805,10.7,0.5639,42557139.92,4949917370.0,3970010300.0000005,49.4991737,39.700103000000006,0.72,472.4877,1.6002
300184,力源信息,湖北,元器件,创业板,20110222,20260805,12.58,3.9669,1023276948.1999999,14455163478.000002,13234547464.0,144.55163478000003,132.34547464,1.28,84.0698,3.4296
300185,通裕重工,山东,工程机械,创业板,20110308,20260805,2.85,-1.0417,218652089.11,11503174560.0,10962407294.999998,115.0317456,109.62407294999998,0.9,175.6487,1.6274
300187,永清环保,湖南,环境保护,创业板,20110308,20260805,4.73,2.1598,66054810.800000004,3053793006.0,3036076791.0,30.53793006,30.36076791,1.36,27.1719,2.6363
300188,国投智能,福建,软件服务,创业板,20110316,20260805,12.13,3.6752,548719987.07,10425459649.0,10377319318.0,104.25459649,103.77319318,2.36,,4.1763
300189,神农种业,海南,种植业,创业板,20110316,20260805,4.67,0.8639,334952384.94,4782080000.0,4138789368.0000005,47.8208,41.387893680000005,0.9,44.6265,6.9478
300190,维尔利,江苏,环境保护,创业板,20110316,20260805,3.75,1.9022,50667832.8,3555333750.0,3540906000.0,35.5533375,35.40906,1.25,,1.1599
300191,潜能恒信,北京,石油开采,创业板,20110316,20260805,30.3,2.8164,619937993.4799999,9696000000.0,6702208500.0,96.96,67.022085,0.83,222.9872,8.3854
300192,科德教育,江苏,文教休闲,创业板,20110322,20260805,13.47,2.5114,311101474.0,6206985429.0,6134774105.999999,62.06985429,61.34774105999999,0.93,50.1823,6.2155
300193,佳士科技,深圳,专用机械,创业板,20110322,20260805,7.63,0.2628,28797077.0,3633785974.0000005,3199838117.0,36.337859740000006,31.99838117,1.0,18.3393,1.5205
300194,福安药业,重庆,化学制药,创业板,20110322,20260805,3.72,-0.8,64463839.440000005,4425730128.0,3602240424.0,44.25730128,36.02240424,1.09,57.4792,1.0004
300195,长荣股份,天津,轻工机械,创业板,20110329,20260805,5.53,5.1331,153300531.92000002,2343103581.0,1735673450.0,23.43103581,17.3567345,2.56,97.3741,0.8772
300196,长海股份,江苏,玻璃,创业板,20110329,20260805,17.3,5.2952,423575484.88,7072622330.0,4273615540.0,70.7262233,42.7361554,1.28,21.666,1.4697
300197,节能铁汉,深圳,环境保护,创业板,20110329,20260805,1.89,0.0,149110530.0,5604413408.999999,5604271659.0,56.04413408999999,56.04271659,0.8,,
300198,*ST纳川,福建,塑料,创业板,20110407,20260805,2.28,3.1674,27511225.119999997,2351930580.0,2339773620.0,23.5193058,23.3977362,1.41,,4.891
300199,翰宇药业,深圳,化学制药,创业板,20110407,20260805,22.34,5.08,1106843106.42,19731610642.0,16647039716.0,197.31610642,166.47039716,1.24,539.5588,26.6084
300200,高盟新材,北京,化工原料,创业板,20110407,20260805,8.64,2.2485,80409110.4,3723608448.0,3662323200.0,37.23608448,36.623232,1.11,35.8108,2.2493
300201,海伦哲,江苏,工程机械,创业板,20110407,20260805,15.38,3.0831,705561467.88,15519090567.999998,15436186216.0,155.19090568,154.36186216,1.19,50.2172,8.2419
300203,聚光科技,浙江,电器仪表,创业板,20110415,20260805,12.75,2.0817,130368679.89,5721404399.999999,5716475250.0,57.21404399999999,57.1647525,1.66,,2.2061
300204,舒泰神,北京,生物制药,创业板,20110415,20260805,22.95,2.4096,557511636.68,12423852718.0,10411600298.0,124.23852718,104.11600298,1.04,,15.3414
300205,*ST天喻,湖北,通信设备,创业板,20110421,20260805,5.15,2.7944,10443430.32,2214788400.0,2214788400.0,22.147884,22.147884,1.19,,5.3255
300206,理邦仪器,深圳,医疗保健,创业板,20110421,20260805,12.14,0.8306,47785211.410000004,7037113676.0,4107928344.0,70.37113676,41.07928344,0.78,23.0244,3.064
300207,欣旺达,深圳,电气设备,创业板,20110421,20260805,18.93,1.5013,1144804268.56,34972464103.0,32444614088.0,349.72464103,324.44614088,0.81,33.0792,1.4193
300209,行云科技,湖南,互联网,创业板,20110426,20260805,36.97,9.8989,7824286774.9,34331676617.0,27465342033.0,343.31676617,274.65342033,1.85,,36.537
300210,森远股份,辽宁,专用机械,创业板,20110426,20260805,9.12,1.2209,89167488.0,4416086400.0,4416086400.0,44.160864,44.160864,0.84,,11.7785
300211,*ST亿通,江苏,通信设备,创业板,20110505,20260805,7.47,5.6577,54586043.0,2270354859.0,2229659046.0,22.70354859,22.29659046,2.63,,5.1527
300212,*ST易录,北京,软件服务,创业板,20110505,20260805,8.15,-0.6098,134083076.13,5867123060.0,5692870355.0,58.6712306,56.92870355,1.13,,
300213,佳讯飞鸿,北京,通信设备,创业板,20110505,20260805,6.31,-0.4732,86500233.0,3750441256.9999995,3484520189.0000005,37.50441256999999,34.845201890000006,0.86,,1.8312
300214,日科化学,山东,化工原料,创业板,20110511,20260805,13.23,1.2242,832632085.6800001,6150661398.0,6150661398.0,61.50661398,61.50661398,0.95,,2.5687
300215,电科院,江苏,电气设备,创业板,20110511,20260805,6.39,0.0,66873698.99999999,4786711938.0,4786711938.0,47.86711938,47.86711938,0.89,708.3667,2.404
300217,东方电热,江苏,家用电器,创业板,20110518,20260805,4.68,1.0799,163349100.0,6916931892.0,5742133020.0,69.16931892,57.4213302,1.01,44.3888,1.6287
300218,安利股份,安徽,塑料,创业板,20110518,20260805,12.02,-0.0831,29262422.0,2608183740.0,2599642328.0,26.0818374,25.99642328,1.2,19.8568,1.6602
300219,鸿利智汇,广东,元器件,创业板,20110518,20260805,6.89,2.5298,127426584.22,4877730715.0,4868755112.0,48.77730715,48.68755112,1.06,50.0177,1.8704
300220,金运激光,湖北,专用机械,创业板,20110525,20260805,10.43,-0.572,28356208.0,1577016000.0,1575131299.0,15.77016,15.75131299,0.85,1047.1195,26.012
300221,银禧科技,广东,塑料,创业板,20110525,20260805,12.34,2.5769,313270733.0,5846132998.0,5701299652.0,58.46132998,57.01299652,0.96,52.7987,3.8823
300222,科大智能,上海,电气设备,创业板,20110525,20260805,10.73,1.8027,307468512.94,8393233476.0,6997177855.0,83.93233476,69.97177855,0.81,103.9118,4.6258
300223,北京君正,北京,半导体,创业板,20110531,20260805,136.03,7.738,6789167176.7,65792854729.00001,57363062026.00001,657.9285472900001,573.6306202600001,0.97,174.8759,5.1742
300224,正海磁材,山东,矿物制品,创业板,20110531,20260805,11.47,1.4147,207498909.61,10675133588.0,10635828192.0,106.75133588,106.35828192,1.49,34.7319,2.0558
300225,金力泰,上海,染料涂料,创业板,20110531,20260805,6.83,1.4859,71993355.0,3247184168.0,3224073497.0,32.47184168,32.24073497,0.87,191.9122,3.7037
300226,上海钢联,上海,互联网,创业板,20110608,20260805,17.22,1.773,202084082.85,6586059354.0,6331740618.0,65.86059354,63.31740618,1.02,30.9569,2.9379
300227,光韵达,深圳,专用机械,创业板,20110608,20260805,10.45,5.9838,296191369.59999996,6225706629.999999,4768911840.0,62.25706629999999,47.6891184,1.58,,4.5598
300228,富瑞特装,江苏,化工机械,创业板,20110608,20260805,7.46,0.9472,116070690.0,4456794230.0,4169423840.0,44.5679423,41.6942384,1.0,18.4853,1.7549
300229,拓尔思,北京,软件服务,创业板,20110615,20260805,16.15,2.1505,1090732149.9,14108979150.0,14099263310.0,141.0897915,140.9926331,1.6,,3.7437
300230,永利股份,上海,塑料,创业板,20110615,20260805,4.23,-0.2358,42157696.0,3439892682.0,2664149175.0,34.39892682,26.64149175,0.99,20.1222,1.0494
300231,银信科技,北京,软件服务,创业板,20110615,20260805,8.88,1.7182,237858239.35,3949348920.0,3949146456.0,39.4934892,39.49146456,1.14,64.9099,2.3995
300232,洲明科技,深圳,元器件,创业板,20110622,20260805,5.4,-0.1848,84515675.0,5872214880.0,4782467340.0,58.7221488,47.8246734,0.83,92.9707,1.2989
300233,金城医药,山东,化学制药,创业板,20110622,20260805,13.13,-0.9057,112971116.89999999,5040273498.0,4855673576.0,50.40273498,48.55673576,1.03,114.0688,1.354
300234,开尔新材,浙江,陶瓷,创业板,20110622,20260805,9.39,4.3333,96032318.0,4724775690.0,3230037930.0,47.2477569,32.3003793,0.53,,4.1844
300235,方直科技,深圳,软件服务,创业板,20110629,20260805,11.83,2.7802,116408251.56,2978162278.0,2403061024.0,29.78162278,24.03061024,1.5,160.1961,4.1973
300236,上海新阳,上海,半导体,创业板,20110629,20260805,90.01,5.6207,1174435602.82,28207531822.0,25072294501.0,282.07531822,250.72294501,1.07,93.8147,5.8623
300237,ST美晨,山东,汽车配件,创业板,20110629,20260805,1.99,1.0152,38150165.07,2869410651.0,2869383786.0,28.69410651,28.69383786,1.36,,64.2678
300238,冠昊生物,广东,医疗保健,创业板,20110706,20260805,11.35,0.265,51916500.0,3009517195.0,3009272035.0,30.09517195,30.09272035,0.9,123.6143,5.1878
300239,东宝生物,内蒙,生物制药,创业板,20110706,20260805,4.87,-0.6122,34212322.35,2890944984.0,2872213989.9999995,28.90944984,28.722139899999995,0.98,53.2037,1.6829
300240,飞力达,江苏,仓储物流,创业板,20110706,20260805,5.57,-0.5357,36875107.8,2069605353.0,2023873982.0,20.69605353,20.23873982,0.9,212.7408,1.4479
300241,瑞丰光电,深圳,半导体,创业板,20110712,20260805,5.56,2.963,149779902.89999998,3984575373.0000005,3341868535.9999995,39.845753730000006,33.41868536,1.24,60.4219,1.7468
300242,佳云科技,广东,互联网,创业板,20110712,20260805,4.52,-1.31,154863485.95999998,2868189503.9999995,2868188148.0,28.681895039999993,28.68188148,0.64,,11.829
300243,瑞丰高材,山东,化工原料,创业板,20110712,20260805,14.0,4.1667,208203558.66,3913869400.0,3131084600.0,39.138694,31.310846,0.95,129.0325,2.5256
300244,迪安诊断,浙江,医疗保健,创业板,20110719,20260805,19.75,7.5708,1043177882.5600001,12343345125.0,9903817225.0,123.43345125,99.03817225,1.5,280.1952,1.8912
300245,ST天玑,上海,软件服务,创业板,20110719,20260805,5.8,1.5762,45765859.8,1769290000.0,1703190880.0,17.6929,17.0319088,0.99,,1.4658
300247,融捷健康,安徽,医疗保健,创业板,20110729,20260805,3.87,-0.2577,34797279.0,3111635961.0000005,3107688560.9999995,31.116359610000003,31.076885609999994,0.97,41.5976,2.6899
300248,新开普,河南,软件服务,创业板,20110729,20260805,10.07,20.0238,344396238.98,4796828388.0,4119057975.0,47.96828388,41.19057975,3.14,61.3947,2.2296
300249,依米康,四川,IT设备,创业板,20110803,20260805,12.9,2.5437,216294664.88,5913691530.000001,4826013840.0,59.13691530000001,48.2601384,1.04,193.2878,18.5712
300250,初灵信息,浙江,软件服务,创业板,20110803,20260805,16.25,4.0999,396968156.88,3473429034.0,2558147605.0,34.73429034,25.58147605,1.29,85.0745,6.2872
300251,光线传媒,北京,影视音像,创业板,20110803,20260805,12.24,0.0,675608555.42,35907122016.0,33970489632.0,359.07122016,339.70489632,0.91,21.4736,3.5788
300252,金信诺,深圳,通信设备,创业板,20110818,20260805,11.66,2.4605,375323805.49,7977935240.0,6515077470.0,79.7793524,65.1507747,1.38,555.8487,3.6231
300253,卫宁健康,上海,软件服务,创业板,20110818,20260805,7.8,0.7752,715638580.71,17169944220.0,14466046920.0,171.6994422,144.6604692,1.14,,3.1169
300254,仟源医药,山西,化学制药,创业板,20110819,20260805,8.26,0.1212,73219930.75,2124543036.0000002,1877811054.0,21.245430360000004,18.77811054,0.88,85.4916,4.8257
300255,常山药业,河北,生物制药,创业板,20110819,20260805,26.58,3.1032,1028261451.69,24428638722.0,24390429972.0,244.28638722,243.90429972,1.19,,20.1865
300256,星星科技,江西,元器件,创业板,20110819,20260805,2.73,2.6316,124767386.0,6192713982.000001,6124463982.000001,61.92713982000001,61.24463982000001,2.0,,6.8278
300257,开山股份,上海,机械基件,创业板,20110819,20260805,19.35,6.0855,202687623.49,19226837250.0,18473255370.0,192.2683725,184.7325537,0.88,52.797,2.8962
300258,精锻科技,江苏,汽车配件,创业板,20110826,20260805,10.41,1.561,91627683.38,6090342393.0,5932570514.999999,60.90342393,59.32570514999999,1.04,47.3792,1.2945
300259,新天科技,河南,电器仪表,创业板,20110831,20260805,4.12,3.0,213903770.67999998,4759032744.0,4757927410.0,47.59032744,47.5792741,1.42,18.9871,1.5489
300260,新莱应材,江苏,机械基件,创业板,20110906,20260805,52.5,10.5496,1530798617.02,21409851750.0,15100937250.0,214.0985175,151.0093725,0.9,122.2981,9.9643
300261,雅本化学,江苏,农药化肥,创业板,20110906,20260805,5.22,0.9671,116842080.0,5028475590.0,4921575210.0,50.2847559,49.2157521,0.65,,2.761
300263,隆华科技,河南,专用机械,创业板,20110916,20260805,9.41,4.9052,727073049.72,9739409283.0,9179717539.0,97.39409283,91.79717539,1.41,51.2463,2.3225
300264,佳创视讯,深圳,软件服务,创业板,20110916,20260805,6.78,4.3077,136885007.4,2921214528.0000005,2511220470.0,29.212145280000005,25.1122047,1.06,,335.0601
300265,通光线缆,江苏,电气设备,创业板,20110916,20260805,14.72,2.0097,628949683.05,6883091136.0,6878658944.0,68.83091136,68.78658944,1.34,213.9671,2.924
300266,兴源环境,浙江,环境保护,创业板,20110927,20260805,1.86,-0.5348,37928684.0,2890081578.0,2888656446.0,28.90081578,28.88656446,1.04,,94.6173
300267,尔康制药,湖南,化学制药,创业板,20110927,20260805,3.14,0.3195,102694595.0,6476579386.0,4466246510.0,64.76579386,44.6624651,0.97,,1.6102
300268,佳沃食品,湖南,农业综合,创业板,20110927,20260805,10.99,-1.5233,28147083.83,1914458000.0,1469445425.0,19.14458,14.69445425,1.1,,
300269,联建光电,深圳,元器件,创业板,20111012,20260805,4.74,1.0661,89836847.5,2592665292.0,2491558722.0,25.92665292,24.91558722,0.84,303.793,31.2077
300270,中威电子,浙江,IT设备,创业板,20111012,20260805,13.25,5.1587,511306727.84000003,4012179500.0,3457325150.0,40.121795,34.5732515,1.66,,7.289
300271,华宇软件,北京,软件服务,创业板,20111026,20260805,5.81,2.109,135040646.0,4716910667.0,4615263555.0,47.16910667,46.15263555,0.8,,1.3353
300272,开能健康,上海,家用电器,创业板,20111102,20260805,5.6,-0.5329,36177175.300000004,3424229200.0,2600903200.0,34.242292,26.009032,0.93,61.1372,2.7085
300274,阳光电源,安徽,电气设备,创业板,20111102,20260805,108.25,1.7961,5338004985.22,224425144875.0,171849765275.0,2244.25144875,1718.49765275,0.93,16.6719,4.612
300275,梅安森,重庆,工程机械,创业板,20111102,20260805,8.6,0.0,51186915.2,2648843860.0,2334568900.0,26.4884386,23.345689,0.93,64.9645,2.7725
300276,三丰智能,湖北,专用机械,创业板,20111115,20260805,7.1,2.4531,366285858.26,9947405300.0,7505581110.0,99.474053,75.0558111,1.55,,5.682
300277,汽轮科技,浙江,机械基件,创业板,20111123,20260805,12.5,1.7087,182887001.97,18957427500.0,9568103750.0,189.574275,95.6810375,0.9,8446.8084,1.8757
300278,华昌达,湖北,专用机械,创业板,20111216,20260805,3.91,-0.2551,68996675.5,5528296215.0,5510930732.0,55.28296215,55.10930732,0.82,,3.3099
300279,和晶科技,江苏,元器件,创业板,20111229,20260805,5.62,1.2613,92621216.6,2748739190.0,2736626403.9999995,27.4873919,27.366264039999994,1.28,42.4815,2.6281
300281,金明精机,广东,专用机械,创业板,20111229,20260805,5.86,0.1709,32266435.0,2454892296.0,2328329774.0,24.54892296,23.28329774,0.82,,1.9681
300283,温州宏丰,浙江,电气设备,创业板,20120110,20260805,14.44,7.1217,575278949.4000001,7176365208.000001,5302635140.0,71.76365208000001,53.0263514,1.24,285.0689,6.1254
300284,苏交科,江苏,建筑工程,创业板,20120110,20260805,5.52,-0.7194,71432330.3,6970809456.0,6614514984.0,69.70809456,66.14514984,0.76,296.445,0.84
300285,国瓷材料,山东,陶瓷,创业板,20120113,20260805,67.27,11.7813,11928904716.7,67071439141.0,56320468827.0,670.71439141,563.20468827,1.21,109.8957,9.3028
300286,安科瑞,上海,电器仪表,创业板,20120113,20260805,21.33,0.1408,142928472.79,5349237651.0,4431842883.0,53.49237651,44.31842883,1.1,26.072,2.3217
300287,飞利信,北京,软件服务,创业板,20120201,20260805,3.97,-0.75,258889636.9,5698036986.0,5233633532.0,56.98036986,52.33633532,1.17,,5.7522
300288,朗玛信息,贵州,软件服务,创业板,20120216,20260805,10.0,-0.6951,56034709.0,3379414000.0,2565694000.0,33.79414,25.65694,0.96,361.7629,3.1294
300289,利德曼,北京,医疗保健,创业板,20120216,20260805,5.75,0.349,30150107.5,3128066125.0,3123149875.0,31.28066125,31.23149875,1.04,,1.913
300290,ST荣科,辽宁,软件服务,创业板,20120216,20260805,6.27,2.7869,499598093.68,4011122775.0000005,4009930848.0,40.111227750000005,40.09930848,1.31,,5.3824
300291,百纳千成,北京,影视音像,创业板,20120209,20260805,5.47,-0.1825,242439346.04,5152136659.0,5086361003.0,51.52136659,50.86361003,0.67,,2.5266
300292,吴通控股,江苏,互联网,创业板,20120229,20260805,4.29,0.2336,248834467.39000002,5756171850.000001,4787403192.0,57.56171850000001,47.87403192,1.12,49.0476,3.9181
300293,蓝英装备,辽宁,专用机械,创业板,20120308,20260805,16.21,2.7901,200497459.73,5486081601.0,5486081601.0,54.86081601,54.86081601,0.77,,7.3762
300294,博雅生物,江西,生物制药,创业板,20120308,20260805,15.82,-0.0632,82614995.0,7977214434.0,7977214434.0,79.77214434,79.77214434,0.92,70.7838,1.0691
300295,*ST三六,江苏,互联网,创业板,20120315,20260805,11.98,0.0,27711010.0,2271572126.0,2007300514.0,22.71572126,20.07300514,0.56,,2.0993
300296,利亚德,北京,元器件,创业板,20120315,20260805,5.53,0.9124,306236762.8,14997234038.0,12808804319.0,149.97234038,128.08804319,1.08,48.8174,1.8576
300298,三诺生物,湖南,医疗保健,创业板,20120319,20260805,16.52,2.1014,172397779.16,9199094268.0,7400978172.000001,91.99094268,74.00978172,1.27,99.2899,3.1103
300299,富春股份,福建,互联网,创业板,20120319,20260805,5.52,0.0,159473137.41,3810456552.0,3805790496.0000005,38.10456552,38.05790496,0.83,,9.6072
300300,海峡创新,福建,软件服务,创业板,20120319,20260805,8.07,1.1278,503102206.09,5381456097.0,5381113122.0,53.81456097,53.81113122,1.02,37.8081,20.2343
300301,ST长方,深圳,半导体,创业板,20120321,20260805,3.35,-1.4706,26016723.0,2780060480.0,2645827990.0,27.8006048,26.4582799,1.3,,38.2826
300302,同有科技,北京,IT设备,创业板,20120321,20260805,29.8,6.0121,974029354.87,14282061240.0,10990654220.0,142.8206124,109.9065422,1.15,,12.9678
300303,聚飞光电,深圳,半导体,创业板,20120319,20260805,7.32,1.2448,470054576.66999996,10371016260.0,9725693844.0,103.7101626,97.25693844,1.33,34.0063,2.6984
300304,云意电气,江苏,汽车配件,创业板,20120321,20260805,11.38,3.643,263852486.96,9993275511.0,9724386777.0,99.93275511,97.24386777,1.05,21.4125,2.935
300305,裕兴股份,江苏,塑料,创业板,20120329,20260805,6.25,0.1603,277563226.4,2346252500.0,2009224375.0,23.462525,20.09224375,2.14,,1.2123
300306,远方信息,浙江,电器仪表,创业板,20120329,20260805,9.6,0.1043,24215097.0,2582004480.0,1512984000.0,25.8200448,15.12984,0.83,36.1165,1.7235
300307,慈星股份,浙江,纺织机械,创业板,20120329,20260805,6.99,0.5755,216384459.18,5595870894.000001,5500427044.0,55.95870894000001,55.00427044,1.47,57.4599,1.6962
300308,中际旭创,山东,通信设备,创业板,20120410,20260805,947.74,-7.2652,67510515544.6,1108604364578.0,1051934346051.9999,11086.04364578,10519.343460519998,1.41,102.6747,31.1519
300310,宜通世纪,广东,通信设备,创业板,20120425,20260805,4.49,0.8989,136315460.5,3958646665.0,3104262974.0,39.58646665,31.04262974,1.06,361.5579,2.0984
300311,ST任子行,深圳,软件服务,创业板,20120425,20260805,5.97,7.5676,725883644.74,4021572294.0,3208332327.0,40.21572294,32.08332327,10.71,174.5715,6.146
300313,天山生物,新疆,农业综合,创业板,20120425,20260805,8.27,1.722,35972033.0,1982972330.0,1632107656.0000002,19.8297233,16.32107656,0.86,,53.973
300314,戴维医疗,浙江,医疗保健,创业板,20120508,20260805,9.99,-0.9911,28801320.5,2877120000.0,1435976586.0,28.7712,14.35976586,0.98,33.0501,2.3157
300315,掌趣科技,北京,互联网,创业板,20120511,20260805,4.44,-1.1136,414476078.94,12021792840.0,11284171200.000002,120.2179284,112.84171200000002,0.86,,2.5684
300316,晶盛机电,浙江,专用机械,创业板,20120511,20260805,41.37,3.425,698571535.2199999,54175413306.0,50949446898.0,541.75413306,509.49446898,1.1,61.2335,3.1459
300317,珈伟新能,深圳,电气设备,创业板,20120511,20260805,4.68,0.4292,381175324.8,3885281712.0,3879314712.0000005,38.85281712,38.79314712000001,0.71,,2.7349
300318,博晖创新,北京,医疗保健,创业板,20120523,20260805,4.83,-1.0246,32562197.0,3945628932.0,3827384253.0,39.45628932,38.27384253,1.0,,3.0848
300319,麦捷科技,深圳,元器件,创业板,20120523,20260805,16.08,6.1386,1754958061.2,14272419864.0,13688424816.0,142.72419864,136.88424816,1.1,45.1189,2.8951
300320,海达股份,江苏,橡胶,创业板,20120601,20260805,8.37,0.722,60932684.04,5032330254.0,4062208752.0,50.32330254,40.62208752,1.2,21.6569,1.9408
300321,同大股份,山东,塑料,创业板,20120523,20260805,31.83,8.0081,111081695.0,2826504000.0,2823190496.9999995,28.26504,28.231904969999995,1.0,251.896,4.4552
300322,硕贝德,广东,元器件,创业板,20120608,20260805,17.83,4.269,385940056.08,8202481106.0,7852881164.000001,82.02481106,78.52881164000001,1.09,126.8079,8.0566
300323,华灿光电,湖北,半导体,创业板,20120601,20260805,11.65,5.621,862678425.96,18907936020.0,13836635100.0,189.0793602,138.366351,1.09,,2.8505
300324,旋极信息,北京,软件服务,创业板,20120608,20260805,3.83,-1.2887,209361001.28,6616671615.0,6549264764.0,66.16671615,65.49264764,1.4,,2.674
300326,ST凯利,上海,医疗保健,创业板,20120613,20260805,5.9,1.8998,36933366.12,4230374930.0,4228633840.0,42.3037493,42.2863384,1.36,31.3626,1.4507
300327,中颖电子,上海,半导体,创业板,20120613,20260805,22.78,3.3575,319816104.09,7776410878.0,7719098676.0,77.76410878,77.19098676,1.23,129.2545,4.2961
300328,宜安科技,广东,小金属,创业板,20120619,20260805,14.46,2.9915,558379154.87,9983525256.0,9934634550.0,99.83525256,99.3463455,0.62,,9.7059
300329,海伦钢琴,浙江,文教休闲,创业板,20120619,20260805,11.64,3.0088,35287966.0,2943624467.9999995,2934914256.0,29.436244679999994,29.34914256,1.06,,4.8473
300331,苏大维格,江苏,元器件,创业板,20120628,20260805,42.45,6.9539,686973393.05,11022664635.0,9429452460.0,110.22664635,94.2945246,0.91,,7.1549
300332,天壕能源,北京,供气供热,创业板,20120628,20260805,4.78,-0.4167,87669236.52000001,4051952942.0,3883591782.0000005,40.51952942,38.835917820000006,0.76,,1.0455
300334,津膜科技,天津,专用机械,创业板,20120705,20260805,8.19,2.1197,64944245.0,2473915626.0,2473624062.0,24.73915626,24.73624062,0.81,,4.5171
300335,迪森股份,广东,供气供热,创业板,20120710,20260805,5.42,0.7435,84363445.0,2585406666.0,2082143406.0,25.85406666,20.82143406,0.8,58.8121,1.339
300337,银邦股份,江苏,铝,创业板,20120718,20260805,9.98,2.045,156109303.89000002,8203047796.0,7099888876.0,82.03047796,70.99888876,1.0,177.3262,4.6387
300338,*ST开元,湖南,文教休闲,创业板,20120726,20260805,3.0,1.6949,20645051.0,1207874076.0,1049810226.0,12.07874076,10.49810226,0.95,,
300339,润和软件,江苏,软件服务,创业板,20120718,20260805,39.9,3.1808,1626730141.87,31776792555.999996,31029692028.0,317.76792556,310.29692028,1.43,327.6895,8.7167
300340,科恒股份,广东,电气设备,创业板,20120726,20260805,8.5,0.2358,45380286.24,2341875800.0,2324436350.0,23.418758,23.2443635,0.81,,36.366
300341,麦克奥迪,福建,电气设备,创业板,20120726,20260805,13.59,1.3423,64767100.0,7031605977.0,7003857915.000001,70.31605977,70.03857915,0.58,40.9715,3.5584
300342,天银机电,江苏,家用电器,创业板,20120726,20260805,35.45,3.7156,605519399.03,15067497840.0,14846421005.0,150.6749784,148.46421005,1.01,1177.9463,9.6169
300343,联创股份,山东,化工原料,创业板,20120801,20260805,5.94,1.1925,191125499.44000003,6346146906.0,6333343236.0,63.46146906,63.33343236,1.49,162.4388,3.2398
300345,华民股份,湖南,电气设备,创业板,20120801,20260805,5.72,0.1751,112387870.0,3325222334.9999995,2748173005.0,33.252223349999994,27.48173005,0.72,,8.2595
300346,南大光电,江苏,半导体,创业板,20120807,20260805,53.15,7.4823,3621339223.44,36734989235.0,34865868500.0,367.34989235,348.658685,1.2,114.8846,10.2038
300347,泰格医药,浙江,医疗保健,创业板,20120817,20260805,50.77,-1.1295,982118822.75,43714292559.0,28759930978.0,437.14292559,287.59930978,1.02,49.2339,2.09
300348,长亮科技,深圳,软件服务,创业板,20120817,20260805,9.79,1.3458,200159360.98999998,7953144397.0,7151127038.0,79.53144397,71.51127038,0.93,386.1364,3.7533
300349,金卡智能,浙江,电器仪表,创业板,20120817,20260805,10.72,3.1761,225360201.39999998,4472527648.0,3963395184.0,44.72527648,39.63395184,3.04,16.82,0.9877
300350,华鹏飞,深圳,仓储物流,创业板,20120821,20260805,4.32,0.4651,73891234.0,2427893136.0,2037162527.9999998,24.27893136,20.371625279999996,1.16,,2.7681
300351,永贵电器,浙江,运输设备,创业板,20120920,20260805,14.18,1.7947,166087495.85,5514773762.000001,3735262390.0,55.14773762000001,37.3526239,1.16,88.2382,2.2662
300352,ST信源,北京,软件服务,创业板,20120912,20260805,2.49,-0.4,77891479.06,3610061760.0,3177555234.0,36.1006176,31.77555234,1.12,,3.5746
300353,东土科技,北京,通信设备,创业板,20120927,20260805,19.84,2.3208,432261894.5,12199473152.0,10714814208.0,121.99473152,107.14814208,1.3,147.4351,5.531
300354,东华测试,江苏,电器仪表,创业板,20120920,20260805,29.97,1.9388,65648430.13999999,4145456394.0,2436830730.0,41.45456394,24.3683073,1.16,30.276,4.6796
300355,蒙草生态,内蒙,环境保护,创业板,20120927,20260805,2.96,-0.6711,67214012.24,4748556616.0,4044220768.0,47.48556616,40.44220768,0.89,233.766,1.1254
300357,我武生物,浙江,生物制药,创业板,20140121,20260805,24.1,-0.7414,234143051.34,12618374400.0,11662332220.0,126.183744,116.6233222,1.28,33.1242,4.6075
300358,楚天科技,湖南,医疗保健,创业板,20140121,20260805,8.98,-1.8579,352278812.56,6421531548.0,6329676924.000001,64.21531548,63.29676924000001,1.06,25.2171,1.1528
300359,全通教育,广东,文教休闲,创业板,20140121,20260805,4.5,0.0,307001482.03000003,2850000300.0000005,2849857650.0,28.500003000000003,28.4985765,1.07,,5.5595
300360,炬华科技,浙江,电器仪表,创业板,20140121,20260805,12.59,-0.788,70079600.0,6473615588.999999,6298482394.0,64.73615588999999,62.98482394,0.84,11.4214,1.5228
300363,博腾股份,重庆,化学制药,创业板,20140129,20260805,17.6,-0.7332,590030092.88,9564582720.0,8721755680.0,95.6458272,87.2175568,1.44,99.2796,1.7851
300364,中文在线,北京,出版业,创业板,20150121,20260805,26.46,3.1981,2752839431.87,19276112646.0,17474858730.0,192.76112646,174.7485873,1.37,,76.3572
300365,恒华科技,北京,软件服务,创业板,20140123,20260805,4.86,0.0,61669315.0,2915297730.0,2486981556.0,29.1529773,24.86981556,1.06,,1.8238
300366,ST创意,四川,软件服务,创业板,20140127,20260805,4.75,1.4957,51226914.54,2885986950.0,2519886875.0,28.8598695,25.19886875,1.43,,2.5083
300368,汇金股份,河北,IT设备,创业板,20140123,20260805,9.46,1.1765,422590727.34,5003805510.0,5003805510.0,50.0380551,50.0380551,1.03,,103.8118
300369,绿盟科技,北京,软件服务,创业板,20140129,20260805,7.73,1.4436,759882889.45,6266107287.0,6243543417.0,62.66107287,62.43543417,0.97,,2.4458
300370,安控科技,四川,电器仪表,创业板,20140123,20260805,2.14,0.0,54675873.0,3349905067.9999995,3341546014.0,33.499050679999996,33.41546014,1.05,,7.7556
300371,汇中股份,河北,电器仪表,创业板,20140123,20260805,9.99,-0.1,27528539.39,2010160827.0,1398557043.0000002,20.10160827,13.985570430000003,0.94,30.3604,1.7054
300373,扬杰科技,江苏,半导体,创业板,20140123,20260805,91.01,4.8502,2035792204.46,49450083278.0,49340015784.0,494.50083278,493.40015784,1.24,39.2903,4.9902
300374,中铁装配,北京,其他建材,创业板,20150319,20260805,10.99,-0.3626,37466236.900000006,2702576177.0,2702258566.0,27.02576177,27.02258566,0.89,,3.8055
300375,鹏翎股份,天津,汽车配件,创业板,20140127,20260805,3.97,-0.2513,37963736.0,3033650886.0,2114631219.0,30.33650886,21.14631219,1.13,,1.4725
300376,易事特,广东,电气设备,创业板,20140127,20260805,4.91,-0.4057,98066484.39,11431660855.0,11427705359.0,114.31660855,114.27705359,0.79,476.0758,1.7618
300377,赢时胜,深圳,软件服务,创业板,20140127,20260805,14.58,1.532,647106277.81,10949625197.999998,10073644218.0,109.49625197999998,100.73644218,1.15,,4.5508
300378,鼎捷数智,上海,软件服务,创业板,20140127,20260805,36.59,3.5078,772686560.84,9936186473.0,9861487988.0,99.36186473,98.61487988,0.93,60.7772,4.2796
300380,安硕信息,上海,软件服务,创业板,20140128,20260805,30.9,1.4445,111233313.48,4277765100.0,3935593950.0,42.777651,39.3559395,0.97,143.569,10.3715
300381,溢多利,广东,化学制药,创业板,20140128,20260805,5.91,0.3396,48571927.65,2837827749.0,2827658412.0000005,28.37827749,28.276584120000006,1.08,,1.1058
300382,斯莱克,江苏,专用机械,创业板,20140129,20260805,13.75,2.7653,347558446.2,8915500000.0,8914650250.0,89.155,89.1465025,0.93,,3.9159
300383,光环新网,北京,软件服务,创业板,20140129,20260805,14.01,-0.6383,1671970354.6200001,25184276529.0,25138264887.0,251.84276529,251.38264887,1.17,,2.1222
300384,三联虹普,北京,建筑工程,创业板,20140801,20260805,12.41,0.2423,43527932.97,3958880593.0,2731608535.0000005,39.58880593,27.316085350000005,1.02,17.6927,1.3943
300385,ST雪浪,江苏,环境保护,创业板,20140626,20260805,11.3,0.8029,79755796.0,3764548670.0000005,3284487380.0,37.645486700000006,32.8448738,1.11,,
300386,飞天诚信,北京,IT设备,创业板,20140626,20260805,10.47,0.6731,71202765.0,4376920680.0,2625433118.9999995,43.7692068,26.254331189999995,1.12,746.1904,3.0391
300387,富邦科技,湖北,农药化肥,创业板,20140702,20260805,7.16,0.5618,46877411.0,2069648120.0,2068929255.9999998,20.6964812,20.68929256,1.2,34.9395,1.423
300388,节能国祯,安徽,环境保护,创业板,20140801,20260805,6.82,-0.438,47107034.2,4644707804.0,4644707804.0,46.44707804,46.44707804,1.21,13.0449,0.9674
300389,艾比森,深圳,元器件,创业板,20140801,20260805,12.55,0.8032,61112613.120000005,4632208765.0,2753939370.0,46.32208765,27.5393937,0.92,18.3911,2.7573
300390,天华新能,江苏,电气设备,创业板,20140731,20260805,59.95,6.219,2373349097.32,49803510460.0,40302442620.0,498.0351046,403.0244262,1.26,123.831,4.0355
300393,中来股份,江苏,塑料,创业板,20140912,20260805,6.34,3.4258,164236208.77999997,6908237716.0,6060362254.0,69.08237716,60.60362254,1.12,,3.9005
300394,天孚通信,江苏,通信设备,创业板,20150217,20260805,216.85,2.2877,17769307344.7,236545422935.0,236016959485.0,2365.45422935,2360.16959485,1.48,117.2604,39.5569
300395,菲利华,湖北,玻璃,创业板,20140910,20260805,79.94,6.5157,2079302565.19,42026624374.0,40972727390.0,420.26624374,409.7272739,1.29,94.8293,8.7898
300396,ST迪瑞,吉林,医疗保健,创业板,20140910,20260805,6.95,-0.7143,38891554.0,1895266390.0,1892518360.0,18.9526639,18.9251836,2.2,,1.2254
300397,天和防务,陕西,通信设备,创业板,20140910,20260805,10.83,1.8815,187871250.98000002,5606005461.0,4382030268.0,56.06005461,43.82030268,1.07,,3.9119
300398,飞凯材料,上海,化工原料,创业板,20141009,20260805,34.36,7.0405,1509179315.38,19586340752.0,19479955320.0,195.86340752,194.7995532,1.01,50.1704,3.8837
300399,天利科技,江西,互联网,创业板,20141009,20260805,17.69,0.8552,78497265.9,3495544000.0,3495202583.0,34.95544,34.95202583,0.87,,6.9119
300400,劲拓股份,深圳,专用机械,创业板,20141010,20260805,23.81,7.6888,431652644.0,5776920298.0,5757591340.0,57.76920298,57.5759134,1.47,68.7905,8.175
300401,花园生物,浙江,化学制药,创业板,20141009,20260805,13.48,4.8212,337230415.62,7344127768.0,7225689791.999999,73.44127768,72.25689791999999,0.91,24.0898,2.2362
300402,宝色股份,江苏,专用机械,创业板,20141010,20260805,14.65,0.6873,48700932.99,3615480825.0,3569011025.0,36.15480825,35.69011025,0.95,66.8125,2.3814
300403,汉宇集团,广东,家用电器,创业板,20141030,20260805,9.71,1.569,138343023.25,5855130000.0,4146741919.0,58.5513,41.46741919,1.2,24.7983,2.6143
300404,博济医药,广东,医疗保健,创业板,20150424,20260805,9.91,-0.502,216902599.84,3822771599.0000005,2829459596.0,38.22771599000001,28.29459596,1.06,125.3604,3.5794
300405,科隆股份,辽宁,化工原料,创业板,20141030,20260805,5.37,-2.5408,61296143.82,1527081399.0,1175081658.0,15.27081399,11.75081658,1.13,,3.9213
300406,九强生物,北京,医疗保健,创业板,20141030,20260805,11.66,-0.6814,47770499.83,6834398230.0,4947142112.0,68.3439823,49.47142112,0.8,35.9944,1.826
300407,凯发电气,天津,电气设备,创业板,20141203,20260805,12.72,1.5974,208202459.0,4406706624.0,3295412376.0,44.06706624,32.95412376,0.48,62.6015,2.3413
300408,三环集团,广东,元器件,创业板,20141203,20260805,128.19,5.9597,10003928991.2,254823991323.0,239690456778.0,2548.23991323,2396.90456778,0.85,97.3211,11.3777
300409,道氏技术,广东,电气设备,创业板,20141203,20260805,18.61,1.694,352461034.6,14557653890.0,12956399243.0,145.5765389,129.56399243,0.76,28.7219,1.802
300410,正业科技,广东,专用机械,创业板,20141231,20260805,7.46,3.6111,183415719.04,2738676408.0,2738676408.0,27.38676408,27.38676408,1.23,74.4695,9.9301
300411,金盾股份,浙江,专用机械,创业板,20141231,20260805,7.41,-0.5369,72433710.92,3012313200.0,2290545855.0,30.123132,22.90545855,0.91,282.9414,3.1232
300412,迦南科技,浙江,医疗保健,创业板,20141231,20260805,4.25,-0.2347,61892052.72,2115465550.0,1988411800.0,21.1546555,19.884118,1.22,71.3675,2.0292
300413,芒果超媒,湖南,影视音像,创业板,20150121,20260805,16.47,-1.1998,445000150.93,30810773223.0,16827399000.0,308.10773223,168.27399,1.09,25.1077,1.3073
300414,中光防雷,四川,通信设备,创业板,20150513,20260805,11.4,0.0878,177630518.52,3716621160.0,3574353719.9999995,37.1662116,35.7435372,0.91,213.7917,3.7136
300415,伊之密,广东,专用机械,创业板,20150123,20260805,21.27,2.2105,191680910.0,9966313740.0,9637268967.0,99.6631374,96.37268967,1.2,14.0637,2.937
300416,苏试试验,江苏,电器仪表,创业板,20150122,20260805,15.08,1.9608,266343339.17,7668900824.0,7617286507.999999,76.68900824,76.17286508,1.04,29.7888,2.7171
300417,南华仪器,广东,电器仪表,创业板,20150123,20260805,10.56,-1.676,39258270.0,1420987392.0,882714624.0,14.20987392,8.82714624,0.8,,3.1335
300418,昆仑万维,北京,互联网,创业板,20150121,20260805,44.41,1.6247,3808663242.75,57068391027.0,52196134399.0,570.68391027,521.96134399,0.87,,4.6595
300419,ST浩丰,北京,软件服务,创业板,20150122,20260805,8.87,4.9704,113529679.48,3261976206.0,3261976206.0,32.61976206,32.61976206,0.8,,9.7914
300420,五洋自控,江苏,机械基件,创业板,20150217,20260805,7.89,19.7269,1674182395.3,8808266604.0,8807405805.0,88.08266604,88.07405805,1.88,186.9107,3.7034
300421,力星股份,江苏,机械基件,创业板,20150217,20260805,17.57,2.0325,124153636.67,5166115885.0,4046420196.0,51.66115885,40.46420196,0.96,74.6368,3.9973
300422,博世科,广西,环境保护,创业板,20150217,20260805,4.43,0.2262,50527347.47,2365090172.0,2288927840.0,23.65090172,22.8892784,1.05,,3.5672
300423,昇辉科技,山东,电气设备,创业板,20150217,20260805,5.85,0.5155,73332256.0,2910441105.0,1949159160.0,29.10441105,19.4915916,1.14,,2.5285
300424,航新科技,广东,航空,创业板,20150422,20260805,14.16,1.0707,115918360.88,3633808584.0000005,3631756800.0,36.338085840000005,36.317568,0.95,,5.1524
300425,中建环能,四川,环境保护,创业板,20150216,20260805,3.95,-1.0025,45115921.0,2694788355.0,2688916680.0,26.94788355,26.8891668,0.88,217.0317,1.1394
300426,华智数媒,浙江,影视音像,创业板,20150217,20260805,5.95,-0.335,59491754.0,2679777660.0,2380000000.0,26.7977766,23.8,0.69,,28.8315
300427,红相股份,福建,电气设备,创业板,20150217,20260805,7.01,1.3006,278517906.0,3564727303.0,3526064349.0,35.64727303,35.26064349,0.58,,2.966
300428,立中集团,河北,汽车配件,创业板,20150319,20260805,19.17,0.6828,145075279.29999998,13142599272.0,11439912204.0,131.42599272,114.39912204,0.93,14.8357,1.4468
300429,强力新材,江苏,化工原料,创业板,20150324,20260805,10.33,5.6237,313647069.29,5737258541.0,4315272722.0,57.37258541,43.15272722,1.1,,3.451
300430,*ST益通,北京,电器仪表,创业板,20150319,20260805,4.8,1.6949,49236868.47,1310624640.0,1247282400.0,13.1062464,12.472824,1.04,,1.022
300432,富临精工,四川,汽车配件,创业板,20150319,20260805,16.25,0.9944,701707622.5600001,27783603250.0,27473832750.0,277.8360325,274.7383275,1.23,64.9818,5.6685
300433,蓝思科技,湖南,元器件,创业板,20150318,20260805,35.09,6.4947,5128345941.139999,185231018181.00003,174386773000.0,1852.3101818100004,1743.86773,1.37,46.1023,3.3916
300434,金石亚药,四川,化学制药,创业板,20150424,20260805,10.61,2.0192,181011700.57,4262502779.0,3629841211.0,42.62502779,36.29841211,1.1,32.3841,1.5977
300435,中泰股份,浙江,供气供热,创业板,20150326,20260805,17.18,4.2476,209445706.47,6626549340.0,6336227956.0,66.2654934,63.36227956,1.17,14.7139,1.9136
300436,广生堂,福建,化学制药,创业板,20150422,20260805,93.05,2.2303,494161634.61,14819794350.0,12721982100.0,148.1979435,127.219821,1.24,,58.9019
300437,清水源,河南,化工原料,创业板,20150423,20260805,11.08,2.1198,72115772.02999999,2716850348.0,1925156648.0,27.16850348,19.25156648,0.84,,1.9638
300438,鹏辉能源,广东,电气设备,创业板,20150424,20260805,63.81,5.856,1320898877.6,32118335973.0,25789717602.0,321.18335973,257.89717602,1.27,155.8972,5.6379
300439,美康生物,浙江,医疗保健,创业板,20150422,20260805,8.7,-1.4723,32141614.28,3343574430.0000005,2543289270.0,33.4357443,25.4328927,1.2,52.9034,1.1192
300440,运达科技,四川,软件服务,创业板,20150423,20260805,18.72,9.4737,252767828.56,8272680624.000001,8240950224.0,82.72680624000002,82.40950224,1.03,95.0334,4.9466
300441,鲍斯股份,浙江,机床制造,创业板,20150423,20260805,6.9,-0.1447,39738132.26,4446469710.0,4318945290.0,44.4646971,43.1894529,0.47,22.9687,1.7637
300442,润泽科技,河北,软件服务,创业板,20150424,20260805,69.92,2.8235,3697487812.52,114741656640.00002,114405089728.0,1147.4165664000002,1144.05089728,1.43,22.7214,8.0315
300443,金雷股份,山东,电气设备,创业板,20150422,20260805,21.64,0.2316,105984437.09,6927712744.0,5253629360.0,69.27712744,52.5362936,0.72,22.0286,1.0895
300444,双杰电气,北京,电气设备,创业板,20150423,20260805,10.91,0.0,825341798.54,8778405291.0,6845388946.999999,87.78405291,68.45388947,0.77,47.3339,4.1727
300445,康斯特,北京,电器仪表,创业板,20150424,20260805,18.86,2.5,63624954.599999994,4006429800.0,2650810720.0,40.064298,26.5081072,1.04,38.3681,3.0502
300446,航天智造,河北,汽车配件,创业板,20150423,20260805,14.01,0.5743,107374457.86,11844195501.000002,5233578402.0,118.44195501000002,52.33578402,1.02,13.4427,1.9577
300447,全信股份,江苏,电气设备,创业板,20150422,20260805,13.69,-0.2913,46008479.0,4275529376.0,2757888832.0,42.75529376,27.57888832,0.87,144.1761,2.1282
300448,浩云科技,广东,软件服务,创业板,20150424,20260805,5.74,0.0,106854864.3,3883208154.0,3688335728.0,38.83208154,36.88335728,0.87,,3.1891
300449,汉邦高科,北京,IT设备,创业板,20150422,20260805,6.99,1.7467,79545286.0,2698391640.0,2698391640.0,26.9839164,26.9839164,1.19,,9.6982
300450,先导智能,江苏,专用机械,创业板,20150518,20260805,35.18,2.476,1648390782.2,58899112370.0,54860198592.0,588.9911237,548.60198592,1.19,37.6646,3.2961
300451,创业慧康,浙江,软件服务,创业板,20150514,20260805,3.69,-0.2703,132848338.1,5716270143.0,5633500122.0,57.16270143,56.33500122,1.01,,1.4535
300452,山河药辅,安徽,化学制药,创业板,20150515,20260805,12.24,-0.3257,55674346.68,2869745112.0,2431227528.0,28.69745112,24.31227528,1.54,16.2543,2.8007
300453,三鑫医疗,江西,医疗保健,创业板,20150515,20260805,9.55,-0.5208,123683013.13000001,4985905065.0,3436660135.0,49.85905065,34.36660135,0.83,18.8192,3.2618
300454,深信服,深圳,软件服务,创业板,20180516,20260805,127.97,4.4653,3911559716.3999996,55226605230.0,36855731113.0,552.2660523,368.55731113,1.19,140.6001,5.0812
300455,航天智装,北京,IT设备,创业板,20150515,20260805,19.22,0.1042,139134105.13000003,13795499038.0,13619722527.999998,137.95499038,136.19722527999997,0.92,,8.2643
300456,赛微电子,北京,半导体,创业板,20150514,20260805,31.52,3.1751,927420309.7700001,23079356911.999996,18831589328.0,230.79356911999997,188.31589328,1.09,15.6634,3.4843
300457,赢合科技,深圳,专用机械,创业板,20150514,20260805,20.62,0.782,192434160.24,13303599228.0,13090528644.0,133.03599228,130.90528644,0.65,24.7203,1.933
300458,全志科技,广东,半导体,创业板,20150515,20260805,34.21,3.2287,3391712140.53,33992332033.0,27854041996.0,339.92332033,278.54041996,0.95,129.6761,10.239
300459,汤姆猫,浙江,互联网,创业板,20150515,20260805,3.91,-0.7614,584610653.38,13746821010.0,12852919156.0,137.4682101,128.52919156,1.03,,18.6742
300460,ST惠伦,广东,元器件,创业板,20150515,20260805,8.5,1.7964,43189167.0,2386836550.0,2386836550.0,23.8683655,23.8683655,1.16,,5.194
300461,田中精机,浙江,专用机械,创业板,20150519,20260805,31.12,3.1146,106967046.0,4902604344.0,4503415656.0,49.02604344,45.03415656,0.89,312.1024,9.038
300462,ST华铭,上海,IT设备,创业板,20150527,20260805,11.22,-0.2667,11419348.0,2033309718.0,1548741479.9999998,20.33309718,15.487414799999998,0.78,,1.4676
300463,迈克生物,四川,医疗保健,创业板,20150528,20260805,9.14,-0.9751,63964900.0,5526652724.0,4493213946.0,55.26652724,44.93213946,0.84,,0.876
300464,星徽股份,广东,机械基件,创业板,20150610,20260805,6.41,1.4241,43722458.0,2995391077.0,2276464707.0,29.95391077,22.76464707,0.54,615.9674,21.0467
300465,高伟达,北京,软件服务,创业板,20150528,20260805,13.66,3.6419,510983094.0,6061616804.0,6061616804.0,60.61616804,60.61616804,1.38,211.2365,9.0698
300466,赛摩智能,江苏,电器仪表,创业板,20150528,20260805,7.36,-0.271,40693463.0,3941500064.0,3303699392.0,39.41500064,33.03699392,0.98,,5.6866
300467,迅游科技,四川,互联网,创业板,20150527,20260805,34.29,3.6578,151218496.12,6967896021.0,5836905522.0,69.67896021,58.36905522,1.25,272.3606,10.7251
300468,四方精创,深圳,软件服务,创业板,20150527,20260805,22.28,0.5415,600855970.08,11822864176.0,11803712288.0,118.22864176,118.03712288,0.8,159.1206,7.1547
300469,信息发展,浙江,软件服务,创业板,20150611,20260805,55.48,0.5072,470208080.9,13772288624.0,13765353624.0,137.72288624,137.65353624,1.01,,58.8386
300470,中密控股,四川,机械基件,创业板,20150612,20260805,29.93,-0.894,64454163.0,6223488564.000001,5906227571.0,62.23488564000001,59.06227571,1.12,16.1482,2.094
300471,厚普股份,四川,专用机械,创业板,20150611,20260805,9.86,2.1762,149272093.64000002,4635764782.0,3695173040.0,46.35764782,36.9517304,2.23,590.9339,2.8075
300472,*ST新元,江西,专用机械,创业板,20150611,20260805,6.8,0.8902,23447058.68,1871758480.0,1672428040.0,18.7175848,16.7242804,1.06,,81.3966
300473,德尔股份,辽宁,汽车配件,创业板,20150612,20260805,22.23,4.1706,115040470.24,3838284773.9999995,3345975971.0,38.382847739999995,33.45975971,1.19,24.4362,2.0036
300474,景嘉微,湖南,元器件,创业板,20160331,20260805,53.96,0.6904,591083019.17,28200537428.0,21933342436.0,282.00537428,219.33342436,1.29,,4.1336
300475,香农芯创,安徽,元器件,创业板,20150610,20260805,151.35,6.4346,5229702217.05,71065151430.0,68112918330.0,710.6515143,681.1291833,0.99,130.492,14.624
300476,胜宏科技,广东,元器件,创业板,20150611,20260805,236.35,17.1209,16387473363.800001,232281187480.0,204488814615.0,2322.8118748,2044.88814615,1.84,53.8687,13.3463
300477,ST合纵,北京,电气设备,创业板,20150610,20260805,2.72,-0.7299,98729029.0,2915890863.9999995,2695555360.0,29.158908639999996,26.9555536,0.91,,35.1639
300478,杭州高新,浙江,塑料,创业板,20150610,20260805,27.93,5.3167,148766993.1,3537976890.0,3537976890.0,35.3797689,35.3797689,0.71,,112.7474
300479,神思电子,山东,软件服务,创业板,20150612,20260805,14.04,0.7897,77502210.39999999,2766454236.0,2764874736.0000005,27.66454236,27.648747360000005,1.12,164.7841,5.2377
300480,光力科技,河南,专用机械,创业板,20150702,20260805,30.87,7.636,893316013.41,11428771662.0,8339897853.0,114.28771662,83.39897853,1.04,283.7209,6.7411
300481,濮阳惠成,河南,化工原料,创业板,20150630,20260805,13.93,2.7286,214513065.42,4065545722.0,4040753108.0,40.65545722,40.40753108,1.51,30.9566,1.6648
300482,万孚生物,广东,医疗保健,创业板,20150630,20260805,17.3,-0.6318,114311038.94,8097936240.0,7440148720.0,80.9793624,74.4014872,0.77,,1.4969
300483,首华燃气,上海,石油开采,创业板,20150630,20260805,22.27,1.8756,250707572.60000002,8576348479.000001,8570335579.0,85.76348479,85.70335579,0.55,50.652,2.3381
300484,蓝海华腾,深圳,电气设备,创业板,20160322,20260805,12.9,0.86,51916880.74,2672414310.0,2145948540.0,26.7241431,21.4594854,1.2,51.8781,3.8584
300485,赛升药业,北京,生物制药,创业板,20150626,20260805,9.15,0.1094,49818005.2,4407247560.0,2505427380.0,44.0724756,25.0542738,0.81,302.4673,1.3058
300486,东杰智能,山西,专用机械,创业板,20150630,20260805,20.0,7.1811,438873026.74,9542978000.0,9540110000.0,95.42978,95.4011,1.74,495.075,5.6149
300487,蓝晓科技,陕西,化工原料,创业板,20150702,20260805,64.08,1.0407,493026846.41,32625415656.0,19737883152.0,326.25415656,197.37883152,0.76,36.3673,7.3265
300488,恒锋工具,浙江,机械基件,创业板,20150701,20260805,30.96,2.212,163956258.37,5920195968.000001,5023365264.0,59.20195968000001,50.23365264,1.0,34.9392,2.7058
300489,光智科技,浙江,专用机械,创业板,20150701,20260805,182.45,7.831,3412426995.6,25389340610.000004,25296382335.0,253.89340610000005,252.96382335,1.47,,35.1811
300490,华自科技,湖南,专用机械,创业板,20151231,20260805,12.09,0.9182,170173059.0,4819928763.0,4754423934.0,48.19928763,47.54423934,0.88,,2.1655
300491,通合科技,河北,电气设备,创业板,20151231,20260805,27.95,4.3689,326587822.6,4965785635.0,4404924668.0,49.65785635,44.04924668,0.81,123.6708,4.1122
300492,华图山鼎,四川,文教休闲,创业板,20151223,20260805,27.12,0.8178,227874042.84,7466298720.0,7466298720.0,74.6629872,74.6629872,0.79,31.0293,29.2204
300493,润欣科技,上海,元器件,创业板,20151210,20260805,13.34,0.9841,193785486.03,6837031474.0,6758194742.000001,68.37031474,67.58194742,0.89,123.7977,5.9009
300494,盛天网络,湖北,互联网,创业板,20151231,20260805,9.07,1.9101,186689070.0,4448926607.0,3613017267.0,44.48926607,36.13017267,1.66,197.5034,3.0713
300496,中科创达,北京,软件服务,创业板,20151210,20260805,63.25,2.5288,1341864855.56,29203606575.000004,23375106425.0,292.03606575000003,233.75106425,1.26,64.877,2.8056
300497,富祥股份,江西,化学制药,创业板,20151222,20260805,17.55,6.3636,611049025.44,9453289950.0,7942080510.0,94.5328995,79.4208051,1.05,,4.2075
300498,温氏股份,广东,农业综合,创业板,20151102,20260805,13.59,0.816,668349699.04,90426899187.0,80804509200.0,904.26899187,808.045092,0.86,17.1705,2.2856
300499,高澜股份,广东,专用机械,创业板,20160202,20260805,27.9,3.1423,600163569.57,8516435940.0,7572294360.0,85.1643594,75.7229436,1.27,300.0532,6.1164
300500,启迪设计,江苏,建筑工程,创业板,20160204,20260805,9.01,-1.4223,28300711.9,1567513849.0,1510057980.0,15.67513849,15.1005798,0.87,,1.5735
300501,海顺新材,上海,广告包装,创业板,20160204,20260805,10.17,0.8929,41545232.02,2829118059.0,2819355876.0000005,28.29118059,28.193558760000005,0.79,,2.033
300502,新易盛,四川,通信设备,创业板,20160303,20260805,424.3,-5.2902,36400926251.7,591583117810.0,532175389760.00006,5915.8311781,5321.7538976000005,1.26,62.0634,29.0295
300503,昊志机电,广东,机械基件,创业板,20160309,20260805,71.19,4.2466,1890285585.0500002,21942665892.0,17171989065.0,219.42665892,171.71989065,1.23,184.001,13.832
300504,天邑股份,四川,通信设备,创业板,20180330,20260805,14.6,2.8169,110784181.0,3956957700.0,3186471900.0,39.569577,31.864719,1.02,,1.888
300505,川金诺,云南,农药化肥,创业板,20160315,20260805,19.69,3.5771,428741710.21,5412141075.0,4279842028.0000005,54.12141075,42.79842028,0.82,11.9259,1.8325
300506,名家汇,深圳,建筑工程,创业板,20160324,20260805,6.15,2.1595,146940675.8,8767419090.0,4518383475.0,87.6741909,45.18383475,0.94,,6.4157
300507,苏奥传感,江苏,汽车配件,创业板,20160429,20260805,6.67,1.6768,46695070.84,5340314823.0,5169193305.0,53.40314823,51.69193305,0.91,44.6641,2.4656
300508,维宏股份,上海,软件服务,创业板,20160419,20260805,44.87,6.2766,262927990.45,4883933481.0,3675844626.9999995,48.83933481,36.75844626999999,1.23,55.619,5.6435
300509,新美星,江苏,专用机械,创业板,20160425,20260805,8.32,-0.9524,47268879.0,2466048000.0,2055901120.0,24.66048,20.5590112,0.84,19.9659,3.5986
300510,金冠股份,吉林,电气设备,创业板,20160506,20260805,3.51,-0.2841,96007535.92999999,2894664356.9999995,2894664356.9999995,28.946643569999996,28.946643569999996,0.83,,1.5097
300511,雪榕生物,上海,种植业,创业板,20160504,20260805,5.26,0.3817,79667403.0,3370855746.0,2871976305.9999995,33.70855746,28.719763059999995,0.94,113.1388,1.8895
300512,中亚股份,浙江,专用机械,创业板,20160526,20260805,6.95,-0.7143,28431954.41,2844199930.0,2251155040.0,28.4419993,22.5115504,0.88,106.1198,1.7392
300513,恒实科技,北京,软件服务,创业板,20160530,20260805,7.21,0.5579,54967168.7,2261713552.0,2070887202.9999998,22.61713552,20.70887203,1.17,,4.1923
300514,友讯达,深圳,电器仪表,创业板,20170426,20260805,9.48,0.2114,25031680.0,1896000000.0,1519248684.0,18.96,15.19248684,0.78,27.1042,1.8609
300515,三德科技,湖南,电器仪表,创业板,20160608,20260805,15.87,-0.4391,103872097.0,3265323915.0000005,3201896286.0,32.653239150000005,32.01896286,0.85,17.7821,3.3857
300516,久之洋,湖北,电器仪表,创业板,20160602,20260805,29.92,3.1724,166119747.31,7539840000.0,7539840000.0,75.3984,75.3984,1.07,312.0627,5.8569
300517,海波重科,湖北,建筑工程,创业板,20160719,20260805,9.54,1.1665,29201388.0,1911982950.0000002,1204261866.0,19.1198295,12.04261866,0.81,1073.6629,1.8283
300518,新迅达,广西,互联网,创业板,20160624,20260805,21.14,13.0481,263750494.35,4215561224.0,4214734650.0000005,42.15561224,42.147346500000005,1.26,,6.3766
300519,新光药业,浙江,中成药,创业板,20160624,20260805,13.7,-0.2185,63870708.94,2192000000.0,1563170000.0,21.92,15.6317,0.84,40.4343,2.5358
300520,科大国创,安徽,软件服务,创业板,20160708,20260805,26.92,2.0857,332577484.34999996,7861477212.0,7597340864.0,78.61477212,75.97340864,0.95,,4.594
300521,爱司凯,广东,专用机械,创业板,20160705,20260805,23.31,5.6664,111409098.0,3490206300.0,3446500050.0,34.902063,34.4650005,1.62,,6.5473
300522,世名科技,江苏,染料涂料,创业板,20160705,20260805,12.98,8.1667,302075634.45,4185420470.0,3415110688.0,41.8542047,34.15110688,1.32,205.057,5.2871
300523,辰安科技,北京,软件服务,创业板,20160726,20260805,19.8,0.304,40469676.0,4606225232.0,4606082672.0,46.06225232,46.06082672,0.62,,4.759
300525,博思软件,福建,软件服务,创业板,20160726,20260805,9.37,3.9956,468549633.86,7042824635.0,5777911178.0,70.42824635,57.77911178,1.22,40.5403,2.8164
300527,ST应急,湖北,专用机械,创业板,20160805,20260805,7.69,1.8543,51469842.879999995,7818964375.999999,7818964375.999999,78.18964376,78.18964376,1.02,439.1173,2.7031
300528,幸福蓝海,江苏,影视音像,创业板,20160808,20260805,13.98,0.8658,178665365.0,5209061238.0,5209061238.0,52.09061238,52.09061238,0.62,,13.573
300529,健帆生物,广东,医疗保健,创业板,20160802,20260805,18.31,-0.9735,121865473.41000001,14622463043.0,9382082451.0,146.22463043,93.82082451,0.85,27.4435,4.0836
300530,领湃科技,湖南,电气设备,创业板,20160809,20260805,19.84,0.202,179409094.5,3411515776.0,3411515776.0,34.11515776,34.11515776,0.68,,46.9216
300531,优博讯,深圳,IT设备,创业板,20160809,20260805,17.2,-0.6928,317258249.8,5522557080.0,5359662760.0,55.2255708,53.5966276,1.16,66.2031,3.8393
300532,今天国际,深圳,软件服务,创业板,20160818,20260805,7.1,-0.5602,83042240.41,4513046130.0,4292528721.0,45.1304613,42.92528721,0.92,19.1929,2.4473
300533,冰川网络,深圳,互联网,创业板,20160818,20260805,15.58,0.3866,193981955.95000002,5114083586.0,3598405098.0,51.14083586,35.98405098,0.83,10.5776,3.3615
300534,陇神戎发,甘肃,中成药,创业板,20160913,20260805,13.61,3.2625,1232180184.91,4128525450.0,4110920915.0,41.2852545,41.10920915,1.06,93.9352,5.6315
300535,达威股份,四川,化工原料,创业板,20160812,20260805,14.66,0.4798,36654504.0,1568911191.9999998,1189820934.0,15.689111919999998,11.89820934,1.05,43.8086,1.6397
300536,农尚环境,湖北,建筑工程,创业板,20160920,20260805,8.87,0.3394,116886148.62,2601466334.0,2601277403.0,26.01466334,26.01277403,1.21,,9.2355
300537,广信材料,江苏,染料涂料,创业板,20160830,20260805,18.93,4.7013,249509641.54000002,3922472049.0,2872856553.0,39.22472049,28.72856553,1.33,286.7123,4.3253
300538,同益股份,深圳,塑料,创业板,20160826,20260805,13.82,2.6746,69751274.99000001,2514113670.0,1672015464.0,25.1411367,16.72015464,0.93,,2.7649
300539,横河精密,浙江,塑料,创业板,20160830,20260805,19.35,1.4151,161820483.27999997,5187746610.0,4216136670.0,51.8774661,42.1613667,0.96,98.3362,4.347
300540,蜀道装备,四川,专用机械,创业板,20160823,20260805,28.01,6.7048,385268192.76,6374846318.0,5790428872.0,63.74846318,57.90428872,1.17,106.104,5.5685
300541,先进数通,北京,软件服务,创业板,20160913,20260805,10.81,0.5581,165512361.20000002,4648781045.0,4194475661.0,46.48781045,41.94475661,1.25,38.9285,2.6632
300542,新晨科技,北京,软件服务,创业板,20160920,20260805,12.28,1.3201,68178072.75999999,3666315572.0,3040306960.0,36.66315572,30.4030696,0.82,,6.8749
300543,朗科智能,深圳,元器件,创业板,20160908,20260805,7.59,-0.2628,59429710.71,2325358167.0,1899008892.0,23.25358167,18.99008892,1.1,252.5328,1.6442
300545,联得装备,深圳,专用机械,创业板,20160928,20260805,27.89,2.7634,224293503.85999998,5172515657.0,3334497721.0,51.72515657,33.34497721,1.12,46.5373,2.3744
300546,雄帝科技,深圳,IT设备,创业板,20160928,20260805,15.97,0.8844,74259785.18,2996765709.0,2154848070.0,29.96765709,21.5484807,0.83,80.2958,2.6703
300547,川环科技,四川,汽车配件,创业板,20160930,20260805,25.12,2.9508,218131739.0,5448683744.0,4476976832.0,54.48683744,44.76976832,0.92,26.7042,3.9356
300548,长芯博创,浙江,通信设备,创业板,20161012,20260805,159.43,-0.1065,3766613825.61,47000729264.0,46905677098.0,470.00729264,469.05677098,1.19,140.3631,22.48
300549,优德精密,江苏,专用机械,创业板,20160930,20260805,13.6,-0.4392,29168158.3,1813425360.0,1374337120.0,18.1342536,13.7433712,1.2,229.0342,3.2877
300550,和仁科技,浙江,软件服务,创业板,20161018,20260805,12.28,0.821,83147991.72,3224239256.0,3221051368.0,32.24239256,32.21051368,0.93,67.6449,2.8218
300551,古鳌科技,上海,软件服务,创业板,20161018,20260805,9.82,0.925,94165324.0,3339417677.9999995,3329695878.0,33.394176779999995,33.29695878,0.83,,10.8982
300552,万集科技,北京,IT设备,创业板,20161021,20260805,24.88,20.0193,527675696.32,5302751528.0,3360991928.0,53.02751528,33.60991928,4.47,,3.0546
300553,集智股份,浙江,电器仪表,创业板,20161021,20260805,43.6,4.2813,184650776.65,4840690000.0,3709889120.0,48.4069,37.0988912,0.65,255.5013,5.7003
300554,三超新材,江苏,矿物制品,创业板,20170421,20260805,20.09,2.6571,76413512.57000001,2294509035.0,1589016541.0000002,22.94509035,15.890165410000002,0.89,,4.634
300555,ST路通,江苏,通信设备,创业板,20161018,20260805,12.5,1.5435,7771201.0,2500000000.0,2474811250.0,25.0,24.7481125,1.02,,6.068
300556,丝路视觉,深圳,软件服务,创业板,20161104,20260805,16.28,0.2463,89954545.0,1979083084.0,1766485820.0,19.79083084,17.6648582,0.96,,4.9212
300557,理工光科,湖北,电器仪表,创业板,20161101,20260805,25.56,2.24,84763678.11999999,4016199348.0,3996221652.0,40.16199348,39.96221652,1.01,86.3984,3.962
300558,贝达药业,浙江,化学制药,创业板,20161107,20260805,59.59,2.4587,656518842.42,25226336003.0,25146413895.0,252.26336003,251.46413895,0.96,82.6201,3.7126
300559,佳发教育,四川,软件服务,创业板,20161101,20260805,11.72,0.2566,157682234.51000002,4682309940.0,3646523296.0,46.8230994,36.46523296,0.8,147.9093,3.9926
300560,中富通,福建,通信设备,创业板,20161101,20260805,15.36,7.941,272269662.3,3528861696.0,2871779328.0,35.28861696,28.71779328,1.14,,3.9709
300561,汇金科技,广东,软件服务,创业板,20161117,20260805,18.72,1.8498,706540509.0899999,6142181760.0,4512598272.0,61.4218176,45.12598272,1.16,,10.5852
300562,乐心医疗,广东,医疗保健,创业板,20161116,20260805,15.13,2.9952,196693509.0,3307020081.0,2525625179.0,33.07020081,25.25625179,1.08,40.33,3.1135
300563,神宇股份,江苏,通信设备,创业板,20161114,20260805,23.7,2.1552,80054682.56,4316672970.0,3003498630.0,43.1667297,30.0349863,0.95,58.3424,3.7454
300564,筑博设计,西藏,建筑工程,创业板,20191108,20260805,11.78,-0.1695,37141986.0,1900294234.0,1333399404.0,19.00294234,13.33399404,0.99,78.1141,1.5308
300565,科信技术,深圳,通信设备,创业板,20161122,20260805,9.49,1.2807,86878564.18,2369696654.0,2165666399.0,23.69696654,21.65666399,1.01,,4.5446
300566,激智科技,浙江,元器件,创业板,20161115,20260805,24.52,1.9543,473396274.21,6426804791.999999,5558203408.0,64.26804791999999,55.58203408,0.89,31.5531,2.8859
300567,精测电子,湖北,电器仪表,创业板,20161122,20260805,204.0,11.7686,2403486741.19,57068347200.0,46318138800.0,570.683472,463.181388,0.97,695.7795,13.6638
300568,星源材质,深圳,化工原料,创业板,20161201,20260805,14.24,5.4034,900744455.77,21292133583.999996,17209921456.0,212.92133583999995,172.09921456,0.91,585.4672,2.1825
300569,天能重工,山东,电气设备,创业板,20161125,20260805,4.92,-0.6061,95615696.05,5031812412.0,5016667668.0,50.31812412,50.16667668,1.29,46.0008,0.9605
300570,太辰光,深圳,通信设备,创业板,20161206,20260805,132.3,-1.1211,4464135573.28,30048888870.0,25427107440.0,300.4888887,254.2710744,1.61,100.5102,16.9866
300571,平治信息,浙江,互联网,创业板,20161213,20260805,35.13,2.6593,487956364.24,4901629179.0,4062334836.0,49.01629179,40.62334836,1.26,,3.9716
300572,安车检测,深圳,电器仪表,创业板,20161206,20260805,20.37,6.5377,164178942.45,4664501856.0,3692630823.0,46.64501856,36.92630823,1.37,,2.8987
300573,兴齐眼药,辽宁,化学制药,创业板,20161208,20260805,42.25,-0.189,276409630.65000004,15096888300.0,11593514075.0,150.968883,115.93514075,0.72,21.6954,6.909
300575,中旗股份,江苏,农药化肥,创业板,20161220,20260805,5.54,-1.0714,78420055.0,2651363670.0000005,1918477070.0,26.513636700000006,19.1847707,0.66,,1.3661
300576,容大感光,深圳,染料涂料,创业板,20161220,20260805,28.05,6.0491,705739990.11,11323459620.0,7126966440.0,113.2345962,71.2696644,1.11,95.8541,6.505
300577,开润股份,安徽,纺织,创业板,20161221,20260805,18.4,3.0812,133620821.25999999,4412987920.0,2615832320.0,44.1298792,26.1583232,1.03,13.329,2.0154
300578,会畅科技,上海,通信设备,创业板,20170125,20260805,16.43,2.7517,91793742.0,3257571170.9999995,3256690523.0,32.57571170999999,32.56690523,1.06,,2.8253
300579,数字认证,北京,软件服务,创业板,20161223,20260805,22.69,-0.5261,95099709.5,6126300000.0,5910139177.0,61.263,59.10139177,0.81,,7.7407
300580,贝斯特,江苏,汽车配件,创业板,20170111,20260805,21.5,0.4673,284269206.39,10799940200.0,10160738750.0,107.999402,101.6073875,0.9,38.8477,3.2144
300581,晨曦航空,陕西,航空,创业板,20161220,20260805,10.08,-0.198,134926293.2,5545103760.0,5545103760.0,55.4510376,55.4510376,0.9,,6.0563
300582,英飞特,浙江,元器件,创业板,20161228,20260805,11.05,2.2202,73323328.38000001,3298828325.0,2448288830.0,32.98828325,24.4828883,0.96,,3.7521
300583,赛托生物,山东,化学制药,创业板,20170106,20260805,12.16,-0.9772,32059367.0,2306777536.0,2263570624.0,23.06777536,22.63570624,0.93,,1.3064
300584,海辰药业,江苏,化学制药,创业板,20170112,20260805,33.69,1.232,125197549.64,4042800000.0,2766282530.9999995,40.428,27.662825309999995,0.9,96.1235,3.7762
300585,奥联电子,江苏,汽车配件,创业板,20161229,20260805,14.77,3.2867,80098716.0,2527310947.0,2527310947.0,25.27310947,25.27310947,0.61,,3.9883
300586,美联新材,广东,化工原料,创业板,20170104,20260805,8.69,4.6988,223754691.75,6180473123.0,4645643585.0,61.80473123,46.45643585,1.01,,3.3504
300587,天铁科技,浙江,橡胶,创业板,20170105,20260805,4.7,2.8446,259532893.25,6101863360.0,4947278750.0,61.0186336,49.4727875,1.06,,2.7233
300588,熙菱信息,新疆,IT设备,创业板,20170105,20260805,22.82,2.0572,98224869.0,4369368220.0,4035078040.0,43.6936822,40.3507804,0.95,,17.0558
300589,江龙船艇,广东,船舶,创业板,20170113,20260805,12.96,0.5431,196791314.73000002,4894577280.0,3038194656.0,48.9457728,30.38194656,0.82,,7.0444
300590,移为通信,上海,通信设备,创业板,20170111,20260805,10.87,2.644,257893312.2,5024510755.0,3889444702.0,50.24510755,38.89444702,1.09,67.3904,2.6607
300591,万里马,广东,服饰,创业板,20170110,20260805,7.38,-0.1353,131427014.0,2993872644.0,2586282624.0,29.93872644,25.86282624,0.71,,17.5115
300592,华凯易佰,湖南,互联网,创业板,20170120,20260805,16.69,9.8026,684997802.87,6529617017.0,5739459009.0,65.29617017,57.39459009,1.36,44.5069,2.7261
300593,新雷能,北京,电气设备,创业板,20170113,20260805,26.63,4.1862,1122949136.14,14446732392.0,11938340846.0,144.46732392,119.38340846,1.4,,6.2978
300594,ST朗进,山东,运输设备,创业板,20190621,20260805,14.45,0.2776,24709047.82,1327572075.0,1314847405.0000002,13.27572075,13.148474050000003,0.96,,1.7383
300595,欧普康视,安徽,医疗保健,创业板,20170117,20260805,11.41,-0.7826,91409336.03999999,10215249772.0,7627525668.0,102.15249772,76.27525668,0.76,21.3029,2.0187
300596,利安隆,天津,化工原料,创业板,20170119,20260805,40.99,5.0487,192040183.67999998,9412111503.0,9209952922.0,94.12111503,92.09952922,1.03,18.9545,1.898
300597,吉大通信,吉林,通信设备,创业板,20170123,20260805,7.49,-0.3989,39995175.0,2041549300.0,2032577778.0,20.415493,20.32577778,1.04,,2.1794
300598,诚迈科技,江苏,软件服务,创业板,20170120,20260805,31.27,4.7571,465789262.17,6785020886.0,6783119669.999999,67.85020886,67.83119669999999,2.59,,4.804
300599,雄塑科技,广东,塑料,创业板,20170123,20260805,11.18,2.0073,124867401.0,4003911288.0,2102224592.0000002,40.03911288,21.022245920000003,1.32,,2.0479
300600,国瑞科技,江苏,船舶,创业板,20170125,20260805,10.18,0.4936,59228031.0,2995307210.0,2995307210.0,29.9530721,29.9530721,0.74,,2.4963
300601,康泰生物,深圳,生物制药,创业板,20170207,20260805,12.48,0.1605,131578965.41000001,13939290144.0,11236957056.0,139.39290144,112.36957056,0.84,198.197,1.5228
300602,飞荣达,深圳,元器件,创业板,20170126,20260805,36.29,5.5863,817659693.1,21282038243.999996,14558796797.0,212.82038243999997,145.58796797,1.03,58.3773,5.1283
300603,立昂技术,新疆,通信设备,创业板,20170126,20260805,8.11,-0.4908,122284745.0,3769513402.0,3032582032.0,37.69513402,30.32582032,1.15,,2.9886
300604,长川科技,浙江,半导体,创业板,20170417,20260805,272.0,10.6501,8138201329.01,172561863008.0,133136230320.0,1725.61863008,1331.3623032,0.91,129.611,33.8811
300605,恒锋信息,福建,软件服务,创业板,20170208,20260805,11.09,-1.0705,299303453.17,1831449178.0,1401587470.0,18.31449178,14.0158747,0.89,,4.1952
300606,金太阳,广东,机械基件,创业板,20170208,20260805,32.66,11.62,506885334.46,4518439148.0,3843249170.0,45.18439148,38.4324917,1.66,226.8983,6.5832
300607,拓斯达,广东,专用机械,创业板,20170209,20260805,32.83,3.239,1172991811.12,15659007175.0,11080105302.0,156.59007175,110.80105302,0.99,211.9734,5.366
300608,思特奇,北京,软件服务,创业板,20170213,20260805,10.52,0.6699,139641129.62,3661267184.0,3201931372.0,36.61267184,32.01931372,0.95,,2.8974
300609,汇纳科技,上海,软件服务,创业板,20170215,20260805,25.82,3.115,110473739.0,3101353808.0,3096571944.0,31.01353808,30.96571944,1.03,,3.3798
300610,晨化股份,江苏,化工原料,创业板,20170213,20260805,9.72,-0.1028,37162289.0,2061488556.0,1609414272.0,20.61488556,16.09414272,0.94,31.2426,1.7412
300611,美力科技,浙江,汽车配件,创业板,20170220,20260805,24.19,-0.6571,104925840.4,5105896993.0,3587449570.0,51.05896993,35.8744957,1.97,34.9956,3.9658
300612,宣亚国际,北京,广告包装,创业板,20170215,20260805,12.5,0.8878,124287752.08000001,2287325000.0,2275137500.0,22.87325,22.751375,1.0,,5.34
300613,富瀚微,上海,半导体,创业板,20170220,20260805,70.86,0.7966,2135592415.8600001,16502946786.0,15567240486.000002,165.02946786,155.67240486000003,1.79,113.8514,5.6594
300614,百川畅银,河南,环境保护,创业板,20210525,20260805,10.34,0.0968,31701928.96,1658956838.0,1658956838.0,16.58956838,16.58956838,0.93,,2.2962
300615,欣天科技,深圳,通信设备,创业板,20170215,20260805,15.02,19.9681,61372891.559999995,2898697784.0,2299371246.0,28.98697784,22.99371246,1.25,,6.1511
300616,尚品宅配,广东,家居用品,创业板,20170307,20260805,10.45,1.8519,55343219.37,2346191155.0,1622009290.0,23.46191155,16.2200929,0.91,,0.8147
300617,安靠智电,江苏,电气设备,创业板,20170228,20260805,44.03,1.0326,214737336.70000002,7296105628.0,6116810511.0,72.96105628,61.16810511,0.99,99.1372,2.4116
300618,寒锐钴业,江苏,小金属,创业板,20170306,20260805,34.52,1.6789,227343429.93,10690743892.0,9406586084.0,106.90743892,94.06586084,1.06,42.0034,1.921
300619,金银河,广东,专用机械,创业板,20170301,20260805,27.7,4.8845,259697406.94,6265726150.0,5274977480.0,62.6572615,52.7497748,1.39,325.8632,3.9671
300620,光库科技,广东,通信设备,创业板,20170310,20260805,260.98,2.6147,5705713130.94,65031152988.0,64488993136.0,650.31152988,644.88993136,1.8,368.0879,29.4968
300621,维业股份,深圳,装修装饰,创业板,20170316,20260805,6.99,-1.6878,32113459.0,1454316332.9999998,1415677710.0,14.543163329999997,14.1567771,0.78,,2.7085
300622,博士眼镜,深圳,其他商业,创业板,20170315,20260805,16.13,0.1241,339452452.86,5145402254.0,3517656207.9999995,51.45402254,35.17656208,1.01,34.6245,5.4339
300623,捷捷微电,江苏,半导体,创业板,20170314,20260805,25.35,3.8934,722861266.89,21093225465.0,19452497415.0,210.93225465,194.52497415,1.09,44.2494,3.4393
300624,万兴科技,西藏,软件服务,创业板,20180118,20260805,57.06,5.3545,1086898381.57,11031769278.0,9770566392.0,110.31769278,97.70566392,1.2,,11.2963
300625,三雄极光,广东,家用电器,创业板,20170317,20260805,9.28,-0.4292,14693279.0,2592191680.0,1503098304.0,25.9219168,15.03098304,0.96,,1.344
300626,华瑞股份,浙江,电气设备,创业板,20170320,20260805,30.25,6.2895,227847703.0,5445000000.0,5442020375.0,54.45,54.42020375,1.09,548.2964,10.2315
300627,华测导航,上海,通信设备,创业板,20170321,20260805,28.77,0.3838,318598182.74,22842537039.0,18917336613.0,228.42537039,189.17336613,1.06,33.3263,5.2283
300628,亿联网络,福建,通信设备,创业板,20170317,20260805,39.43,-0.5549,672179905.2,49954592512.0,28621081701.000004,499.54592512,286.21081701,0.92,19.2088,5.0035
300629,新劲刚,广东,元器件,创业板,20170324,20260805,17.75,1.1396,111527781.14,4462765350.0,3847997650.0,44.6276535,38.4799765,1.08,54.7673,2.5157
300631,久吾高科,江苏,环境保护,创业板,20170323,20260805,21.26,1.3346,51902295.0,2658167564.0,2585324426.0,26.58167564,25.85324426,1.15,36.0798,1.9595
300632,光莆股份,福建,半导体,创业板,20170406,20260805,18.05,2.4404,472268110.0,5508529685.0,3992580580.0,55.08529685,39.9258058,1.6,,3.1801
300633,开立医疗,深圳,医疗保健,创业板,20170406,20260805,20.63,-0.8173,103123193.0,8764397625.0,5366199269.0,87.64397625,53.66199269,0.89,44.4262,2.6857
300634,彩讯股份,深圳,软件服务,创业板,20180323,20260805,21.02,2.4866,286163794.15,9484453118.0,9128428970.0,94.84453118,91.2842897,1.04,32.6318,3.1118
300635,中达安,广东,建筑工程,创业板,20170331,20260805,11.48,-2.381,54820911.5,1607360719.9999998,1382355016.0,16.073607199999998,13.82355016,0.89,,5.2268
300636,同和药业,江西,化学制药,创业板,20170331,20260805,6.79,-0.8759,45668326.0,2851470685.0,2494358783.0,28.51470685,24.94358783,1.11,39.0124,1.1961
300637,扬帆新材,浙江,化工原料,创业板,20170412,20260805,8.63,1.889,60039473.0,2025893363.0,2023629714.0,20.25893363,20.23629714,0.7,133.3451,2.8907
300638,广和通,深圳,通信设备,创业板,20170413,20260805,21.32,1.0427,700901909.41,19172348988.0,11309166284.0,191.72348988,113.09166284,1.18,55.2453,3.0691
300639,凯普生物,广东,医疗保健,创业板,20170412,20260805,5.74,-0.1739,109528994.83,3710913869.0,3617360318.0,37.10913869,36.17360318,0.86,,0.975
300640,德艺文创,福建,家居用品,创业板,20170417,20260805,6.5,1.0886,106225709.0,2021457100.0,1434869150.0,20.214571,14.3486915,1.06,156.4883,2.4881
300641,正丹股份,江苏,化工原料,创业板,20170418,20260805,14.74,1.3755,117520221.78999999,7746530352.0,7746530352.0,77.46530352,77.46530352,1.21,10.8474,2.3634
300642,透景生命,上海,医疗保健,创业板,20170421,20260805,12.79,-0.8527,36456997.4,2075462717.0000002,1761254624.0,20.754627170000003,17.61254624,0.85,578.4602,1.4608
300643,万通智控,浙江,汽车配件,创业板,20170505,20260805,17.49,3.4299,180821517.72,4050367431.0,4041139707.0,40.50367431,40.41139707,0.96,25.6456,3.0834
300644,南京聚隆,江苏,塑料,创业板,20180206,20260805,21.49,1.2247,44155500.160000004,2378502455.0,1895699518.9999998,23.78502455,18.956995189999997,0.97,17.9568,2.1988
300645,正元智慧,浙江,软件服务,创业板,20170421,20260805,13.0,0.6192,67029838.0,1847384500.0,1811165200.0,18.473845,18.111652,0.91,141.0847,1.7553
300647,超频三,深圳,化工原料,创业板,20170503,20260805,5.57,5.6926,127325611.36,2547277970.0,2543496497.0,25.4727797,25.43496497,1.93,,5.9405
300648,星云股份,福建,电气设备,创业板,20170425,20260805,37.1,2.6563,111838830.14,6465839939.999999,4922683990.0,64.6583994,49.2268399,0.91,,5.572
300649,杭州园林,浙江,建筑工程,创业板,20170505,20260805,20.29,0.0987,103572378.0,2686732814.0,2153053060.0,26.86732814,21.5305306,0.8,,6.0825
300650,太龙股份,福建,元器件,创业板,20170503,20260805,11.32,1.0714,68791185.75,2732677432.0000005,1928308795.9999998,27.326774320000006,19.283087959999996,0.87,68.4462,1.9038
300651,金陵体育,江苏,文教休闲,创业板,20170509,20260805,17.7,1.4908,120272186.82000001,2499411690.0,1829778210.0,24.9941169,18.2977821,0.86,41.0743,2.2843
300652,雷迪克,浙江,汽车配件,创业板,20170516,20260805,29.49,1.5846,52872539.4,3933685845.0,3530480871.0,39.33685845,35.30480871,0.85,27.8536,2.543
300653,正海生物,山东,医疗保健,创业板,20170516,20260805,14.67,-0.3397,29846882.0,2640600000.0,2640600000.0,26.406,26.406,1.35,32.0422,2.9203
300654,世纪天鸿,山东,出版业,创业板,20170926,20260805,12.5,12.6126,796140336.24,4576560000.0,4407952500.0,45.7656,44.079525,3.39,183.1944,5.3318
300655,晶瑞电材,江苏,半导体,创业板,20170523,20260805,12.76,5.7167,1044636791.6,14375754140.000002,14310239196.0,143.7575414,143.10239196,1.28,96.2531,5.585
300656,民德电子,深圳,IT设备,创业板,20170519,20260805,24.73,3.4728,126311134.0,4231923723.0,3286565067.0000005,42.31923723,32.86565067000001,0.72,,4.9233
300657,弘信电子,福建,元器件,创业板,20170523,20260805,35.48,2.3954,1154614604.68,17105816288.0,16622518372.0,171.05816288,166.22518372,1.25,116.186,12.0403
300658,延江股份,福建,纺织,创业板,20170602,20260805,10.44,1.4577,76000737.61,3474057204.0,2305610316.0,34.74057204,23.05610316,0.77,85.7398,2.5716
300659,中孚信息,山东,IT设备,创业板,20170526,20260805,10.29,0.1947,60657880.0,2679437796.0,1947267251.9999998,26.79437796,19.472672519999996,0.77,,2.2935
300660,江苏雷利,江苏,电气设备,创业板,20170602,20260805,28.46,1.0295,314014565.79999995,16543157649.999998,16533208034.0,165.43157649999998,165.33208034,1.18,55.3379,4.6205
300661,圣邦股份,北京,半导体,创业板,20170606,20260805,104.02,2.4222,2125838393.82,71302911862.0,62591580128.0,713.02911862,625.91580128,1.05,130.3385,13.0387
300662,科锐国际,北京,文教休闲,创业板,20170608,20260805,20.78,4.1604,203798234.22,4089636991.9999995,4077767456.0,40.89636992,40.77767456,1.01,13.0441,1.7403
300663,科蓝软件,北京,软件服务,创业板,20170608,20260805,10.22,-3.128,860245716.26,4889782506.0,4705165360.0,48.89782506,47.0516536,0.73,,15.2584
300664,鹏鹞环保,江苏,环境保护,创业板,20180105,20260805,4.58,-0.6508,43330888.0,3448100174.0,3321323942.0,34.48100174,33.21323942,1.06,20.2394,0.7894
300665,飞鹿股份,湖南,染料涂料,创业板,20170613,20260805,9.57,1.5924,103078477.25,2196704499.0,2086364313.0,21.96704499,20.86364313,0.98,,5.568
300666,江丰电子,浙江,半导体,创业板,20170615,20260805,222.4,11.1555,4994867617.150001,61375972640.00001,49176153920.0,613.7597264000001,491.7615392,1.27,122.8741,11.8414
300667,必创科技,北京,电器仪表,创业板,20170619,20260805,14.17,2.0158,80802615.0,2899693537.0,2446174185.0,28.99693537,24.46174185,0.97,,2.8058
300668,杰恩股份,深圳,装修装饰,创业板,20170619,20260805,39.97,7.3308,206190906.0,4811640561.0,3984765183.0,48.11640561,39.84765183,1.01,323.7246,6.1705
300669,沪宁股份,浙江,运输设备,创业板,20170629,20260805,22.35,3.3287,31091615.8,4306967925.0,4078872765.0,43.06967925,40.78872765,1.05,224.4916,4.8915
300670,大烨智能,江苏,电气设备,创业板,20170703,20260805,5.95,0.5068,38821618.0,1885676975.0,1336930490.0,18.85676975,13.3693049,0.88,,4.4554
300671,富满微,深圳,半导体,创业板,20170705,20260805,58.97,7.6291,1116815486.9299998,13055161905.0,13019691450.0,130.55161905,130.1969145,1.05,,7.7922
300672,国科微,湖南,半导体,创业板,20170712,20260805,144.51,8.0045,1911149620.75,31373482275.0,30395901027.0,313.73482275,303.95901027,0.94,,8.1355
300673,佩蒂股份,浙江,饲料,创业板,20170711,20260805,13.27,2.709,63377360.0,3281749293.0,2129321451.0,32.81749293,21.29321451,1.07,28.372,1.8667
300674,宇信科技,北京,软件服务,创业板,20181107,20260805,16.85,0.8982,366427326.58,11863360450.0,11845750515.0,118.6336045,118.45750515,1.02,27.4714,2.564
300675,建科院,深圳,建筑工程,创业板,20170719,20260805,12.35,-1.0417,33745262.0,1811333745.0,1811333745.0,18.11333745,18.11333745,0.9,,3.6819
300676,华大基因,深圳,医疗保健,创业板,20170714,20260805,39.44,1.1541,439975862.55,16498426424.0,16408459840.0,164.98426424,164.0845984,1.58,,1.9577
300677,英科医疗,山东,医疗保健,创业板,20170721,20260805,49.54,4.7357,620756448.77,32436478482.0,23066477928.0,324.36478482,230.66477928,1.0,32.0931,1.7774
300678,中科信息,四川,软件服务,创业板,20170728,20260805,24.25,-0.1236,253051902.73,7187367775.0,7061532100.0,71.87367775,70.615321,0.91,502.1998,8.351
300679,电连技术,深圳,元器件,创业板,20170731,20260805,40.89,5.2781,842500134.89,17370889800.0,14697556597.0,173.708898,146.97556597,1.17,64.4289,3.4717
300680,隆盛科技,江苏,汽车配件,创业板,20170725,20260805,22.28,1.6423,165467936.1,6552857692.0,5043425568.0,65.52857692,50.43425568,0.9,27.2697,3.1572
300681,英搏尔,广东,汽车配件,创业板,20170725,20260805,21.02,2.3369,196187462.28,6433284508.0,4851306696.0,64.33284508,48.51306696,1.04,34.6325,2.0816
300682,朗新科技,江苏,软件服务,创业板,20170801,20260805,11.8,-0.3378,310180938.03000003,12723182440.0,12169626740.000002,127.2318244,121.69626740000002,0.93,121.218,1.8916
300683,海特生物,湖北,生物制药,创业板,20170808,20260805,26.71,0.2251,154141716.0,3496189424.0,3260329440.0,34.96189424,32.6032944,0.87,,1.6354
300684,中石科技,北京,元器件,创业板,20171227,20260805,47.2,4.9355,723614189.4300001,14136835326.0,9655948354.0,141.36835326,96.55948354,0.96,41.7542,6.3371
300685,艾德生物,福建,医疗保健,创业板,20170802,20260805,17.72,0.0,104638450.36,6912664144.0,6903208752.0,69.12664144,69.03208752,0.96,19.1351,3.3596
300686,智动力,深圳,元器件,创业板,20170804,20260805,15.06,20.0,219063961.60000002,3925000452.0,2555740734.0,39.25000452,25.55740734,1.76,,5.1926
300687,赛意信息,广东,软件服务,创业板,20170803,20260805,27.19,9.0654,644752320.8399999,11104711676.0,9132143220.0,111.04711676,91.3214322,1.2,,4.1486
300688,创业黑马,北京,文教休闲,创业板,20170810,20260805,31.3,-2.9758,936472660.4000001,5238978350.0,4644247050.0,52.3897835,46.4424705,1.39,,14.2905
300689,澄天伟业,深圳,通信设备,创业板,20170809,20260805,46.78,2.8132,117064097.22,5407768000.0,4759579642.0,54.07768,47.59579642,0.67,351.8019,7.7488
300690,双一科技,山东,电气设备,创业板,20170808,20260805,21.63,-0.1385,66380811.010000005,3576497118.0,2413480981.0,35.76497118,24.13480981,0.99,22.3952,2.2076
300691,联合光电,广东,元器件,创业板,20170811,20260805,13.62,2.6375,80155236.39,3664443294.0,3006452922.0000005,36.64443294,30.064529220000004,1.15,395.6181,2.2274
300692,中赋科技,安徽,环境保护,创业板,20170821,20260805,8.5,0.7109,136293574.34,4779346850.0,4361367000.0,47.7934685,43.61367,1.04,69.9641,1.5326
300693,盛弘股份,深圳,电气设备,创业板,20170822,20260805,36.93,2.4126,501318939.40999997,11551548894.0,9928741290.0,115.51548894,99.2874129,1.27,24.2622,5.1293
300694,蠡湖股份,江苏,汽车配件,创业板,20181015,20260805,10.44,1.9531,64392039.76,2266214976.0,2263223916.0,22.66214976,22.63223916,1.15,18.4692,1.4963
300695,兆丰股份,浙江,汽车配件,创业板,20170908,20260805,50.61,2.5532,53256644.0,5175221709.0,5175221709.0,51.75221709,51.75221709,0.83,14.7669,1.797
300696,爱乐达,四川,航空,创业板,20170822,20260805,20.28,1.4507,118147514.12,5967369719.999999,5416660236.0,59.67369719999999,54.16660236,0.94,107.8156,3.1248
300697,电工合金,江苏,铜,创业板,20170907,20260805,14.31,3.3213,183106103.01,6191078400.0,4740044400.0,61.910784,47.400444,1.4,37.3143,4.7208
300698,万马科技,浙江,通信设备,创业板,20170831,20260805,26.36,3.6571,253250075.12,3532240000.0,3124869924.0,35.3224,31.24869924,3.3,75.0858,6.5993
300699,光威复材,山东,化纤,创业板,20170901,20260805,26.32,0.5732,342014398.78,21881184640.0,21619534888.0,218.8118464,216.19534888,1.03,36.263,3.7697
300700,岱勒新材,湖南,矿物制品,创业板,20170912,20260805,16.98,1.2522,235506013.03,6741550722.000001,6034848216.0,67.41550722000001,60.34848216,0.83,,8.7388
300701,森霸传感,河南,元器件,创业板,20170915,20260805,9.58,2.2412,53999123.26,2678503814.0,2415632446.0,26.78503814,24.15632446,1.1,36.087,2.7005
300702,天宇股份,浙江,化学制药,创业板,20170919,20260805,21.0,-2.8228,124626779.0,7307521200.0,4418610000.0,73.075212,44.1861,1.79,52.3039,1.9846
300703,创源股份,浙江,文教休闲,创业板,20170919,20260805,13.4,0.0747,56908078.66,2417251460.0,2228051500.0,24.1725146,22.280515,0.6,39.8019,3.1281
300705,九典制药,湖南,化学制药,创业板,20171010,20260805,11.0,-1.168,69704736.21000001,5503203199.999999,4069410400.0,55.032031999999994,40.694104,0.94,11.6392,2.0737
300706,阿石创,福建,元器件,创业板,20170926,20260805,48.71,7.7417,613593518.2,7478753173.0,5544683655.0,74.78753173,55.44683655,1.15,,10.8417
300707,威唐工业,江苏,汽车配件,创业板,20171010,20260805,11.99,0.5029,42367102.0,2085061000.0,1721530195.0,20.85061,17.21530195,0.74,71.2776,1.8624
300708,聚灿光电,江苏,半导体,创业板,20171016,20260805,7.88,0.1271,202416691.47,7433418368.000001,5684878746.0,74.33418368000001,56.84878746,1.45,36.2572,2.5252
300709,精研科技,江苏,元器件,创业板,20171019,20260805,36.88,4.7727,473350429.96999997,6883423344.000001,5526250408.0,68.83423344,55.26250408,1.15,134.1328,3.1933
300710,万隆光电,浙江,通信设备,创业板,20171019,20260805,28.09,2.4061,65260534.6,2794682527.0,2094952200.0,27.94682527,20.949522,1.02,,6.4487
300711,广哈通信,广东,通信设备,创业板,20171101,20260805,15.86,0.507,53663081.58,4447677404.0,3940031507.0,44.47677404,39.40031507,1.06,46.4201,2.8939
300712,永福股份,福建,建筑工程,创业板,20171031,20260805,21.24,-0.4219,40721505.0,3983479164.0,3966349104.0,39.83479164,39.66349104,1.51,169.0506,3.1112
300713,英可瑞,深圳,电气设备,创业板,20171101,20260805,12.71,-0.3137,39495845.0,2018866568.0,1136366783.0,20.18866568,11.36366783,0.9,,4.5527
300715,凯伦股份,江苏,其他建材,创业板,20171026,20260805,12.71,5.8285,220600218.2,4805085405.0,3977705077.0,48.05085405,39.77705077,1.41,235.5811,2.7376
300716,*ST泉为,广东,塑料,创业板,20171109,20260805,17.56,1.5029,44896652.650000006,2809951200.0,2809951200.0,28.099512,28.099512,1.3,,
300717,华信新材,江苏,塑料,创业板,20171106,20260805,17.99,1.3521,50475504.0,1848922250.0,1832342666.0,18.4892225,18.32342666,0.7,33.592,2.4956
300718,长盛轴承,浙江,机械基件,创业板,20171106,20260805,69.94,5.3789,1290197312.6999998,20896603260.0,13754211562.0,208.9660326,137.54211562,1.45,82.4828,11.5894
300719,安达维尔,北京,航空,创业板,20171109,20260805,11.59,0.6076,38409131.35,2946492089.0000005,2081507208.9999998,29.464920890000005,20.815072089999997,0.99,,2.9184
300720,海川智能,广东,电器仪表,创业板,20171106,20260805,64.68,8.251,1272554696.8,12604657296.0,11910511536.0,126.04657296,119.10511536,1.42,545.332,21.4118
300721,怡达股份,江苏,化工原料,创业板,20171115,20260805,21.91,4.5823,230314184.29999998,3611793388.0000005,3031285747.0,36.11793388,30.31285747,1.01,,3.2377
300722,新余国科,江西,航空,创业板,20171110,20260805,21.86,-0.5007,67684422.56,6049897090.0,6049897090.0,60.4989709,60.4989709,0.93,73.3472,8.9616
300723,一品红,广东,化学制药,创业板,20171116,20260805,36.22,1.6559,351000910.39,16360313216.0,15183018336.0,163.60313216,151.83018336,1.18,,8.4519
300724,捷佳伟创,深圳,专用机械,创业板,20180810,20260805,59.82,1.0132,587359617.51,20834827440.0,17211075408.0,208.3482744,172.11075408,0.99,7.9612,1.5318
300725,药石科技,江苏,化学制药,创业板,20171110,20260805,40.85,1.5159,758858417.1700001,9551028205.0,8280842389.999999,95.51028205,82.8084239,1.14,51.9825,1.737
300726,宏达电子,湖南,元器件,创业板,20171121,20260805,52.8,6.5805,945651912.79,21745141440.0,11322347520.0,217.4514144,113.2234752,1.17,54.2037,4.1784
300727,润禾材料,浙江,化工原料,创业板,20171127,20260805,28.23,3.3309,83538628.7,5085250572.0,4576337070.0,50.85250572,45.7633707,1.35,42.3876,3.6833
300729,乐歌股份,浙江,家居用品,创业板,20171201,20260805,10.21,-0.4873,30710731.32,3487872814.0,3349742745.0,34.87872814,33.49742745,1.11,13.4423,0.9511
300730,科创信息,湖南,软件服务,创业板,20171205,20260805,12.04,0.922,68329983.0,2903313560.0000005,2489335016.0,29.033135600000005,24.89335016,1.11,,18.2599
300731,科创新源,深圳,橡胶,创业板,20171208,20260805,36.87,9.7321,319986118.83,6536483202.0,6203410683.0,65.36483202,62.03410683,1.03,183.5593,10.5711
300732,设研院,河南,建筑工程,创业板,20171212,20260805,5.93,-0.1684,31190510.2,2197421393.0,2194987128.0,21.97421393,21.94987128,0.86,,0.7851
300733,西菱动力,四川,汽车配件,创业板,20180116,20260805,14.22,1.5714,134858234.01,5639684706.0,4158210978.0,56.39684706,41.58210978,1.05,62.6024,3.245
300735,光弘科技,广东,元器件,创业板,20171229,20260805,20.76,0.6302,415287995.96,16797235704.0,15723972768.000002,167.97235704,157.23972768000002,1.28,58.1681,3.3829
300736,百邦科技,北京,通信设备,创业板,20180109,20260805,28.01,1.8916,140590802.0,3583439743.0,3493057075.0,35.83439743,34.93057075,1.03,,54.4539
300737,科顺股份,广东,其他建材,创业板,20180125,20260805,5.13,2.3952,164713029.4,5695614819.0,4551219036.0,56.95614819,45.51219036,1.37,,1.4222
300738,奥飞数据,广东,软件服务,创业板,20180119,20260805,23.62,2.9643,2806037621.63,23270518480.000004,23263196280.0,232.70518480000004,232.6319628,1.58,175.8385,6.3446
300739,明阳电路,深圳,元器件,创业板,20180201,20260805,21.82,5.106,293358661.71999997,8148792463.999999,6610929774.0,81.48792463999999,66.10929774,1.22,98.2502,2.939
300740,水羊股份,湖南,日用化工,创业板,20180208,20260805,21.48,2.726,501813925.34999996,9407117713.0,8742839434.0,94.07117713,87.42839434,0.71,63.412,4.2422
300741,华宝股份,西藏,食品,创业板,20180301,20260805,13.4,-0.2976,28421557.0,8252793340.0,8252747780.000001,82.5279334,82.52747780000001,0.57,98.4779,1.2072
300743,天地数码,浙江,IT设备,创业板,20180427,20260805,14.81,-0.2022,36398711.32,2239335683.0,1886955429.0,22.39335683,18.86955429,0.84,20.6912,3.3057
300745,欣锐科技,深圳,汽车配件,创业板,20180523,20260805,27.54,4.7945,275524878.93,4642321410.0,3919258710.0,46.4232141,39.1925871,0.98,,2.0963
300746,汉嘉数智,浙江,建筑工程,创业板,20180525,20260805,14.0,0.1431,106059830.56,3160337600.0,3129637000.0,31.603376,31.29637,0.62,44.0099,3.8364
300747,锐科激光,湖北,专用机械,创业板,20180625,20260805,35.26,3.8892,885883182.32,19802016000.0,18404940754.0,198.02016,184.04940754,1.23,122.3621,5.7532
300748,金力永磁,江西,矿物制品,创业板,20180921,20260805,27.13,2.6097,893207298.3000001,37566729148.0,30657759831.0,375.66729148,306.57759831,1.3,53.2403,4.9297
300749,顶固集创,广东,家居用品,创业板,20180925,20260805,19.59,4.5916,87241343.0,4019268546.0,3083379804.0,40.19268546,30.83379804,0.8,451.0668,7.2989
300750,宁德时代,福建,电气设备,创业板,20180611,20260805,405.2,2.5563,12124213245.6,1874720565480.0,1726184821200.0,18747.2056548,17261.848212,0.87,25.9652,4.9419
300751,迈为股份,江苏,专用机械,创业板,20181109,20260805,166.55,6.8519,1505998026.08,46451094790.0,32119034260.0,464.5109479,321.1903426,0.97,64.371,5.7718
300752,隆利科技,深圳,元器件,创业板,20181130,20260805,10.09,3.0644,78774467.72,3257753255.0,2251805480.0,32.57753255,22.5180548,0.85,53.5112,2.5919
300753,爱朋医疗,江苏,医疗保健,创业板,20181213,20260805,23.7,0.2962,389691859.42,2987337600.0,2083087800.0,29.873376,20.830878,0.75,,4.5054
300755,华致酒行,云南,其他商业,创业板,20190129,20260805,11.57,-0.7719,76446204.0,4822357488.0,4819841013.0,48.22357488,48.19841013,0.8,,1.7184
300756,金马游乐,广东,专用机械,创业板,20181228,20260805,28.32,5.5928,132259082.40000002,6248454000.0,5437326720.0,62.48454,54.3732672,1.11,77.5129,4.2141
300757,罗博特科,江苏,专用机械,创业板,20190108,20260805,475.0,6.0268,4960288769.190001,79613847500.0,77219230000.0,796.138475,772.1923,1.13,,48.9736
300758,七彩化学,辽宁,染料涂料,创业板,20190222,20260805,10.42,1.6585,61009125.36,4158784552.0000005,3748510598.0,41.58784552,37.48510598,0.92,68.0039,2.327
300759,康龙化成,北京,化学制药,创业板,20190128,20260805,39.96,0.1002,2773363574.02,73417852656.0,56744478720.00001,734.17852656,567.4447872000001,1.1,44.124,4.4608
300760,迈瑞医疗,深圳,医疗保健,创业板,20181016,20260805,154.3,0.0194,1265406204.58,187079707093.99997,186918909367.0,1870.7970709399997,1869.18909367,0.68,22.9947,4.6642
300761,立华股份,江苏,农业综合,创业板,20190218,20260805,18.95,2.4878,115875303.0,16038091835.0,12072673580.0,160.38091835,120.7267358,0.8,27.7578,1.6892
300762,上海瀚讯,上海,通信设备,创业板,20190314,20260805,32.08,3.987,890178224.04,20145142864.0,20145142864.0,201.45142864,201.45142864,1.18,,8.8634
300763,锦浪科技,浙江,电气设备,创业板,20190319,20260805,63.11,1.6264,651108605.46,25035219498.0,20295847828.0,250.35219498,202.95847828,0.98,33.6851,2.7684
300765,石药创新,河北,食品,创业板,20190322,20260805,38.0,1.7131,463310191.5,53374530199.99999,53374530199.99999,533.7453019999999,533.7453019999999,0.7,,20.7116
300766,每日互动,浙江,互联网,创业板,20190325,20260805,25.06,3.2125,1249078304.01,9892427482.0,8969798474.0,98.92427482,89.69798474,1.26,,6.3168
300767,震安科技,云南,橡胶,创业板,20190329,20260805,17.68,5.5522,165693446.63,4884824880.0,4241287024.0,48.8482488,42.41287024,1.35,,3.215
300768,迪普科技,浙江,软件服务,创业板,20190412,20260805,16.92,1.4388,338450512.62,10893586680.0,7117685640.0,108.9358668,71.1768564,1.33,60.108,3.0834
300769,德方纳米,深圳,化工原料,创业板,20190415,20260805,46.65,5.2097,784954596.65,13070774865.000002,11744487375.0,130.70774865,117.44487375,1.33,,2.5054
300770,新媒股份,广东,影视音像,创业板,20190419,20260805,34.88,-1.7465,82815393.59,7947010368.0,7947010368.0,79.47010368,79.47010368,0.87,12.033,2.1402
300771,智莱科技,深圳,IT设备,创业板,20190422,20260805,12.12,6.6901,122336730.67999999,2908800000.0,2164305972.0,29.088,21.64305972,1.22,35.1537,1.4594
300772,运达股份,浙江,电气设备,创业板,20190426,20260805,12.9,1.6548,237587111.42,10150335330.0,9002593950.0,101.5033533,90.0259395,0.77,29.8598,1.5068
300773,拉卡拉,北京,软件服务,创业板,20190425,20260805,16.06,0.7528,691591024.71,17462534254.0,16519487842.000002,174.62534254,165.19487842,0.95,14.9171,3.5847
300774,倍杰特,北京,环境保护,创业板,20210804,20260805,10.46,1.85,74762317.0,4275667884.0,2134650399.0,42.75667884,21.34650399,0.96,50.841,2.9369
300775,三角防务,陕西,航空,创业板,20190521,20260805,21.83,0.4602,284461894.88,11953089958.0,11605775444.0,119.53089958,116.05775444,0.87,30.7587,2.0296
300776,帝尔激光,湖北,专用机械,创业板,20190517,20260805,112.25,7.1599,1273404952.8300002,32017572625.0,20127805675.0,320.17572625,201.27805675,0.92,61.6644,8.1347
300777,中简科技,江苏,化纤,创业板,20190516,20260805,24.97,0.6449,227555132.34,10979496275.0,10546985911.0,109.79496275,105.46985911,1.19,34.8951,2.393
300778,新城市,深圳,建筑工程,创业板,20190510,20260805,10.31,-0.3865,26432792.75,2099731507.0,2099170643.0,20.99731507,20.99170643,0.6,,1.7474
300779,惠城环保,山东,环境保护,创业板,20190522,20260805,86.61,3.1071,1333170266.3400002,25749850384.0,19675388313.0,257.49850384,196.75388313,0.88,440.4154,11.4769
300780,德恩精工,四川,机械基件,创业板,20190531,20260805,19.32,5.1715,153463623.8,2833664400.0,2077539492.0,28.336644,20.77539492,0.98,,2.8294
300781,因赛集团,广东,广告包装,创业板,20190606,20260805,29.52,0.6478,249166939.13000003,4846457808.0,3575979000.0,48.46457808,35.75979,1.07,,8.8044
300782,卓胜微,江苏,半导体,创业板,20190618,20260805,72.87,0.7327,1380333811.19,41899302690.0,32663795325.000004,418.9930269,326.63795325000007,1.3,,4.3113
300783,三只松鼠,安徽,食品,创业板,20190712,20260805,18.04,0.1666,132553592.0,7246422656.0,5056294496.0,72.46422656,50.56294496,0.55,46.6438,2.2537
300784,利安科技,浙江,塑料,创业板,20240607,20260805,39.34,-0.3546,22556501.9,2212387184.0,661502100.0000001,22.12387184,6.615021000000001,0.87,41.2097,2.7135
300785,值得买,北京,互联网,创业板,20190715,20260805,40.9,0.0979,788715302.91,8133181770.0,5003472870.0,81.3318177,50.0347287,1.18,94.0072,4.1399
300786,国林科技,山东,环境保护,创业板,20190723,20260805,15.2,5.3361,193878104.82,2797041680.0,2225191840.0,27.9704168,22.2519184,0.95,,2.5012
300787,海能实业,江西,元器件,创业板,20190815,20260805,8.75,1.7442,37674624.34,2742539625.0,1719661125.0,27.42539625,17.19661125,0.85,28.963,1.7806
300788,中信出版,北京,出版业,创业板,20190705,20260805,26.27,-1.3889,173980143.24,4995279905.0,4995279905.0,49.95279905,49.95279905,0.9,38.3973,2.2252
300789,唐源电气,四川,运输设备,创业板,20190828,20260805,18.88,3.6793,243314585.98999998,2715871008.0,1611122912.0,27.15871008,16.11122912,1.65,103.4496,2.5609
300790,宇瞳光学,广东,元器件,创业板,20190920,20260805,17.67,2.6729,463123542.83,9237787650.0,8117103240.0,92.3778765,81.1710324,1.1,37.5305,3.4018
300791,仙乐健康,广东,医疗保健,创业板,20190925,20260805,17.06,-0.2922,23245123.67,5266278696.0,4392944882.0,52.66278696,43.92944882,0.78,38.5719,1.8897
300792,壹网壹创,浙江,互联网,创业板,20190927,20260805,25.9,1.5686,314959101.5,6155453570.0,5523257879.999999,61.5545357,55.23257879999999,1.14,57.2265,2.0724
300793,佳禾智能,广东,IT设备,创业板,20191018,20260805,11.2,0.0894,65455347.28,4262124160.0000005,4167388960.0,42.621241600000005,41.6738896,0.85,,1.5257
300795,米奥会展,浙江,文教休闲,创业板,20191022,20260805,16.54,6.1617,861731210.36,4943705106.0,2877715208.0,49.43705106,28.77715208,1.11,36.161,7.8835
300796,贝斯美,浙江,农药化肥,创业板,20191115,20260805,6.57,-0.6051,30670462.56,2372708853.0,2372708853.0,23.72708853,23.72708853,1.05,98.5805,1.3826
300797,钢研纳克,北京,电器仪表,创业板,20191101,20260805,12.43,0.8929,30433713.0,4757311526.0,4744461392.0,47.57311526,47.44461392,0.71,30.5511,3.5269
300798,锦鸡股份,江苏,染料涂料,创业板,20191122,20260805,7.69,-3.0265,381679873.16,3792340418.0,3119860684.0,37.92340418,31.19860684,0.83,,2.3052
300800,力合科技,湖南,环境保护,创业板,20191106,20260805,9.5,0.0,33861404.0,2249210500.0,2225911750.0,22.492105,22.2591175,1.01,52.8261,1.0924
300801,泰和科技,山东,化工原料,创业板,20191128,20260805,23.9,5.7522,334079426.0,5220477000.0,3271417660.0,52.20477,32.7141766,1.42,69.7348,2.0187
300802,矩子科技,上海,专用机械,创业板,20191114,20260805,21.25,3.3058,250465588.62,6036662919.0,4300143519.0,60.36662919,43.00143519,0.92,67.1258,3.9739
300803,指南针,北京,软件服务,创业板,20191118,20260805,85.16,2.405,2010955236.6899998,51929878204.0,51550686272.0,519.29878204,515.50686272,1.06,227.8464,18.1218
300804,广康生化,广东,农药化肥,创业板,20230627,20260805,38.62,0.6778,39668881.0,2857880000.0,1062050000.0,28.5788,10.6205,0.51,70.1952,2.0908
300805,电声股份,广东,广告包装,创业板,20191121,20260805,8.45,-0.2361,120619728.0,3586536590.0,2436569330.0,35.8653659,24.3656933,0.73,103.3548,2.297
300806,斯迪克,江苏,塑料,创业板,20191125,20260805,45.92,9.6466,1702841526.92,29100968848.0,20970231296.0,291.00968848,209.70231296,0.95,482.1988,12.4646
300807,天迈科技,河南,软件服务,创业板,20191219,20260805,38.11,2.9444,76841150.8,2592989156.0,1979433400.0,25.92989156,19.794334,1.49,,5.7803
300808,久量股份,湖北,家用电器,创业板,20191129,20260805,18.49,2.3243,26641209.0,2958400000.0,2198453604.0,29.584,21.98453604,0.77,,3.1511
300809,华辰装备,江苏,机床制造,创业板,20191204,20260805,24.34,2.0973,142156029.60000002,6171144128.000001,3664861630.0,61.71144128000001,36.6486163,0.61,30.5277,3.3725
300810,中科海讯,北京,船舶,创业板,20191206,20260805,24.2,0.8333,42593107.0,2856810000.0,2758908900.0,28.5681,27.589089,0.85,,3.7075
300811,铂科新材,深圳,矿物制品,创业板,20191230,20260805,68.17,6.9669,1251077377.46,27801759170.0,22819319737.999996,278.0175917,228.19319737999996,1.13,66.4893,8.8866
300812,易天股份,深圳,专用机械,创业板,20200109,20260805,19.26,4.5035,163403870.0,3777038154.0,3427118621.9999995,37.77038154,34.27118622,1.15,202.1831,4.8167
300813,泰林生物,浙江,医疗保健,创业板,20200114,20260805,19.16,-0.7254,51589868.199999996,2322176672.0,1457139076.0,23.22176672,14.57139076,1.36,140.8622,2.8795
300814,中富电路,深圳,元器件,创业板,20210812,20260805,117.78,8.3034,1193144737.23,22546637178.000004,22546637178.000004,225.46637178000003,225.46637178000003,1.1,773.6177,13.7674
300815,玉禾田,安徽,环境保护,创业板,20200123,20260805,16.68,0.1802,147452713.56,6648514560.0,6511543404.0,66.4851456,65.11543404,0.67,11.914,1.4139
300816,艾可蓝,安徽,汽车配件,创业板,20200210,20260805,49.7,4.3898,147724481.0,3976000000.0,2900755410.0000005,39.76,29.007554100000004,1.42,41.8334,4.1584
300817,双飞集团,浙江,机械基件,创业板,20200218,20260805,15.7,0.8349,32697746.66,3427283310.0,1966602410.0,34.2728331,19.6660241,0.82,52.6825,3.2507
300818,耐普矿机,江西,专用机械,创业板,20200212,20260805,21.09,2.6277,129053207.69,4627238796.0,2997506937.0,46.27238796,29.97506937,1.17,59.496,2.5602
300819,聚杰微纤,江苏,纺织,创业板,20200312,20260805,45.73,4.5257,203984919.70999998,6823149223.0,6162679979.0,68.23149223,61.62679979,0.95,121.4431,7.7416
300820,英杰电气,四川,电气设备,创业板,20200213,20260805,52.99,16.1043,615407355.51,11774595259.0,5923624924.0,117.74595259,59.23624924,1.81,52.8273,4.562
300821,东岳硅材,山东,化工原料,创业板,20200312,20260805,16.22,7.2751,1385379294.5,19464001622.0,19460606776.0,194.64001622,194.60606776,1.34,,3.797
300822,贝仕达克,深圳,元器件,创业板,20200313,20260805,12.78,4.5827,193461380.84,3981432636.0,3693189960.0,39.81432636,36.9318996,2.65,327.045,3.1728
300823,建科智能,天津,专用机械,创业板,20200319,20260805,14.27,0.4222,37168517.2,1869123129.0,1209944738.0,18.69123129,12.09944738,0.79,55.2561,1.9249
300824,北鼎股份,深圳,家用电器,创业板,20200619,20260805,7.79,-0.1282,27719529.0,2542201843.0,2465498387.0,25.42201843,24.65498387,0.79,22.3904,3.2417
300825,阿尔特,北京,汽车服务,创业板,20200327,20260805,11.39,4.0183,394134003.71999997,5636688895.000001,5518317181.000001,56.36688895000001,55.18317181000001,0.9,,2.7741
300826,测绘股份,江苏,建筑工程,创业板,20200403,20260805,13.4,2.4465,72891862.96,3058148000.0,2941893620.0,30.58148,29.4189362,0.62,251.2499,2.0368
300827,上能电气,江苏,电气设备,创业板,20200410,20260805,26.0,0.3474,349149270.23,14473981600.0,11350047800.0,144.739816,113.500478,0.9,31.285,3.3649
300828,锐新科技,天津,机械基件,创业板,20200421,20260805,15.26,1.5303,53549943.0,2539599720.0,1902449932.0,25.3959972,19.02449932,0.92,77.9072,3.2165
300829,金丹科技,河南,食品,创业板,20200422,20260805,14.5,-0.3436,39053869.2,3295488950.0,2272779300.0,32.9548895,22.727793,0.7,28.733,1.351
300830,金现代,山东,软件服务,创业板,20200506,20260805,8.61,2.7446,153783444.0,3888627288.0,2902300128.0000005,38.88627288,29.023001280000006,1.41,,2.9572
300831,ST派瑞,陕西,半导体,创业板,20200507,20260805,16.3,2.904,124168046.0,5216000000.0,3007092460.0,52.16,30.0709246,1.37,117.9348,5.3582
300832,新产业,深圳,医疗保健,创业板,20200512,20260805,46.55,-0.7251,356360610.94,36575209442.0,31799342506.0,365.75209442,317.99342506,1.33,22.5738,3.8554
300833,浩洋股份,广东,专用机械,创业板,20200520,20260805,36.17,4.9927,43410412.510000005,4575161385.0,2938946329.0000005,45.75161385,29.389463290000005,1.84,26.5907,1.8399
300834,星辉环材,广东,化工原料,创业板,20220113,20260805,40.15,3.8004,71961595.92999999,7777550973.0,7708729898.0,77.77550973,77.08729898,0.87,154.8285,2.7017
300835,龙磁科技,安徽,矿物制品,创业板,20200525,20260805,138.7,8.3086,677462833.4,16539628250.0,11591907980.0,165.3962825,115.9190798,1.22,98.1659,13.0016
300836,佰奥智能,江苏,专用机械,创业板,20200528,20260805,49.98,4.7799,180907390.64,4632426288.0,3171235998.0000005,46.32426288,31.712359980000006,1.36,46.4061,7.2306
300837,浙矿股份,浙江,专用机械,创业板,20200605,20260805,22.68,1.7953,51294843.0,2268154224.0,1714478724.0,22.68154224,17.14478724,1.14,29.7292,1.6066
300838,浙江力诺,浙江,机械基件,创业板,20200608,20260805,13.15,-0.7547,41897176.059999995,1814410700.0,1337915190.0,18.144107,13.3791519,0.88,,1.9076
300839,博汇股份,浙江,石油加工,创业板,20200630,20260805,10.84,1.8797,57317787.25,3123371476.0000005,3069686376.0,31.233714760000005,30.69686376,0.7,,3.8755
300840,酷特智能,山东,服饰,创业板,20200708,20260805,19.16,6.0321,168434460.25,4598400000.0,3392950516.0,45.984,33.92950516,0.9,123.703,3.5798
300841,康华生物,四川,生物制药,创业板,20200616,20260805,46.79,-0.0641,96408098.72,6080215451.0,5564177899.0,60.80215451,55.64177899,1.07,27.6502,1.7056
300842,帝科股份,江苏,电气设备,创业板,20200618,20260805,55.49,3.5261,237216824.76,8061570553.0,7164946486.0,80.61570553,71.64946486,0.91,,5.0245
300843,胜蓝股份,广东,元器件,创业板,20200702,20260805,117.25,4.1759,1120316038.8400002,19194747406.0,18818566141.0,191.94747406,188.18566141,1.01,171.5457,11.7824
300844,山水比德,广东,建筑工程,创业板,20210813,20260805,22.8,-0.1751,22000815.6,2125208520.0000002,2048600520.0,21.252085200000003,20.4860052,0.65,,2.7777
300845,捷安高科,河南,软件服务,创业板,20200703,20260805,10.6,0.8563,99564945.97,2179795660.0,1524088140.0000002,21.7979566,15.240881400000003,1.18,54.1334,2.6517
300846,首都在线,北京,软件服务,创业板,20200701,20260805,21.53,0.0,922424797.5,10857064433.0,8960400613.0,108.57064433,89.60400613,1.04,,14.1921
300847,中船汉光,河北,化工原料,创业板,20200709,20260805,14.45,-0.2761,61986100.33,4277344500.0,4277344500.0,42.773445,42.773445,0.74,37.3848,2.8161
300848,美瑞新材,山东,化工原料,创业板,20200720,20260805,12.91,0.5452,59770700.85,5524028916.0,3267811475.0,55.24028916,32.67811475,1.81,67.4261,3.5406
300849,锦盛新材,浙江,塑料,创业板,20200710,20260805,20.9,1.6537,65153305.0,3135000000.0,2304640910.0,31.35,23.0464091,1.31,,5.8169
300850,新强联,河南,机械基件,创业板,20200713,20260805,29.89,-1.0265,479571140.64,12377024561.999998,8990469628.0,123.77024561999998,89.90469628,0.76,15.1279,1.7309
300851,交大思诺,北京,运输设备,创业板,20200717,20260805,22.96,-0.9063,28206591.0,1995990864.0,1132832624.0,19.95990864,11.32832624,0.89,26.7746,1.491
300852,四会富仕,广东,元器件,创业板,20200713,20260805,41.98,4.6622,474407822.21000004,6738679976.0,6505065474.0,67.38679976,65.05065474,1.52,52.5955,2.97
300853,申昊科技,浙江,专用机械,创业板,20200724,20260805,26.36,5.9486,167419924.64000002,3873578276.0,2591559676.0,38.73578276,25.91559676,0.93,,7.5544
300854,中兰环保,深圳,环境保护,创业板,20210916,20260805,16.67,-2.4005,191352815.81,2330742722.0,1900066604.0,23.30742722,19.00066604,0.85,,2.595
300855,图南股份,江苏,小金属,创业板,20200723,20260805,29.7,1.3652,125643711.66,11747285550.0,8700796170.0,117.4728555,87.0079617,0.71,75.6493,5.5846
300856,科思股份,江苏,日用化工,创业板,20200722,20260805,11.17,-0.2679,53784979.08,5313426024.0,5135246652.0,53.13426024,51.35246652,0.98,49.1829,1.9458
300857,协创数据,深圳,IT设备,创业板,20200727,20260805,251.86,4.5062,9387033717.539999,123250965179.99998,122620559600.00002,1232.5096517999998,1226.2055960000002,1.3,105.8508,23.74
300858,科拓生物,北京,食品,创业板,20200727,20260805,14.41,1.2649,52050157.86,3796965832.0,2820616282.0,37.96965832,28.20616282,1.04,40.1713,2.0438
300859,西域旅游,新疆,旅游服务,创业板,20200806,20260805,26.98,0.8598,63311568.0,4181900000.0,4181900000.0,41.819,41.819,0.61,55.9965,5.5382
300860,锋尚文化,北京,文教休闲,创业板,20200824,20260805,26.6,7.388,169230160.52,5012788620.0,2910489540.0000005,50.1278862,29.104895400000004,2.91,,1.6027
300861,美畅股份,陕西,矿物制品,创业板,20200824,20260805,16.9,2.7356,313778794.52,11354104450.0,7129516810.0,113.5410445,71.2951681,1.1,46.5537,1.718
300863,卡倍亿,浙江,汽车配件,创业板,20200824,20260805,37.75,8.6331,425191414.83000004,9868084050.0,9479791325.0,98.6808405,94.79791325,1.57,82.6551,6.6286
300864,南大环境,江苏,环境保护,创业板,20200824,20260805,18.9,2.0518,28570082.19,3007069380.0,3007069380.0,30.0706938,30.0706938,1.08,19.8829,2.1463
300865,大宏立,四川,专用机械,创业板,20200824,20260805,22.53,0.5355,31450572.0,2155670400.0,1295073966.0,21.556704,12.95073966,1.04,812.1959,2.4702
300866,安克创新,湖南,元器件,创业板,20200824,20260805,117.6,-1.5488,627861482.6,68955079049.0,36171805841.0,689.55079049,361.71805841,1.09,27.0929,6.1752
300867,圣元环保,福建,环境保护,创业板,20200824,20260805,16.63,0.1204,60128016.13,4519052830.0,3186770314.0,45.1905283,31.86770314,0.98,18.2055,1.1224
300868,杰美特,深圳,元器件,创业板,20200824,20260805,80.78,12.3817,378141303.17,10273495386.0,6523655474.0,102.73495386,65.23655474,0.99,,6.9973
300869,康泰医学,河北,医疗保健,创业板,20200824,20260805,11.11,-0.9804,31331989.01,4464042440.0,2930094739.0,44.6404244,29.30094739,0.82,,2.6344
300870,欧陆通,深圳,电气设备,创业板,20200824,20260805,203.76,10.3314,1791062277.68,31102639559.999996,31099216392.0,311.02639559999994,310.99216392,1.1,127.4685,11.9216
300871,回盛生物,湖北,农业综合,创业板,20200824,20260805,21.99,3.4824,136655439.87,4437238956.0,4437238956.0,44.37238956,44.37238956,1.47,17.5277,1.9681
300872,天阳科技,西藏,软件服务,创业板,20200824,20260805,16.89,3.0506,266326208.32999998,8244365379.0,7128284313.000001,82.44365379,71.28284313,1.06,,2.2201
300873,海晨股份,江苏,仓储物流,创业板,20200824,20260805,16.3,9.6167,323202544.42,5252627730.0,3813026400.0,52.5262773,38.130264,1.08,19.8458,1.6332
300875,捷强装备,天津,专用机械,创业板,20200824,20260805,33.78,-1.516,213492775.3,3372419544.0,2965603626.0,33.72419544,29.65603626,0.67,,3.9697
300876,蒙泰高新,广东,化纤,创业板,20200824,20260805,15.18,4.1867,49181863.73,2307930768.0,1721454504.0,23.07930768,17.21454504,0.97,,2.266
300877,金春股份,安徽,纺织,创业板,20200824,20260805,24.2,1.2552,29344380.11,2904002420.0000005,2903975800.0,29.040024200000005,29.039758,0.67,33.4973,1.7239
300878,维康药业,浙江,中成药,创业板,20200824,20260805,31.48,2.4406,95372810.4,4558001792.0,4537023520.0,45.58001792,45.3702352,0.71,,4.9968
300879,大叶股份,浙江,农用机械,创业板,20200901,20260805,16.86,0.8977,61667643.14,3412443768.0000005,3389338824.0,34.12443768000001,33.89338824,0.93,,2.7623
300880,迦南智能,浙江,电器仪表,创业板,20200901,20260805,19.78,-0.603,69008905.77,3859815794.0,3859404370.0,38.59815794,38.5940437,0.99,47.8688,3.5976
300881,盛德鑫泰,江苏,钢加工,创业板,20200901,20260805,33.68,1.4458,34397728.0,3704803368.0,1933444184.0,37.04803368,19.33444184,0.71,14.9364,2.9928
300882,万胜智能,浙江,电器仪表,创业板,20200910,20260805,15.35,0.2613,44459487.71,4393188420.0,4088119450.0,43.9318842,40.8811945,0.96,35.9005,3.4027
300883,龙利得,安徽,造纸,创业板,20200910,20260805,5.69,0.1761,77479212.57000001,1968740000.0,1881538474.0,19.6874,18.81538474,1.34,,1.3952
300884,狄耐克,福建,IT设备,创业板,20201112,20260805,11.58,1.4899,73628239.14,2939731224.0,2216526642.0,29.39731224,22.16526642,1.19,250.5769,2.2955
300885,海昌新材,江苏,机械基件,创业板,20200910,20260805,20.94,1.7987,81245646.78999999,5196298692.0,3497352732.0,51.96298692,34.97352732,1.01,94.0948,5.6804
300886,华业香料,安徽,化工原料,创业板,20200916,20260805,22.35,-0.3122,25717604.3,1678889535.0,1056024090.0,16.78889535,10.5602409,0.68,55.5606,2.8157
300887,谱尼测试,北京,电器仪表,创业板,20200916,20260805,7.3,0.551,66499294.46000001,3983881560.0,2644039560.0,39.8388156,26.4403956,0.77,,1.4479
300888,稳健医疗,深圳,医疗保健,创业板,20200917,20260805,29.82,-0.2008,110893214.60000001,17384195220.0,17306365020.0,173.8419522,173.0636502,0.81,22.6366,1.4796
300889,爱克股份,深圳,电气设备,创业板,20200916,20260805,19.72,3.4085,101407406.2,4342878412.0,2886357240.0,43.42878412,28.8635724,1.03,,3.0677
300890,翔丰华,上海,电气设备,创业板,20200917,20260805,26.18,1.4336,117590009.53999999,3130604400.0,2861437348.0,31.306044,28.61437348,0.98,57.794,1.4646
300891,惠云钛业,广东,化工原料,创业板,20200917,20260805,6.95,1.9062,61814971.28,2780058380.0,2317646385.0,27.8005838,23.17646385,1.32,,2.3016
300892,品渥食品,上海,乳制品,创业板,20200924,20260805,22.49,3.4975,134216277.39999999,2249000000.0,1452010625.0,22.49,14.52010625,0.63,447.8716,2.1681
300893,松原安全,浙江,汽车配件,创业板,20200924,20260805,16.73,-0.179,45473789.38,7913311180.0,4197203077.0,79.1331118,41.97203077,0.84,21.5991,3.7432
300894,火星人,浙江,家用电器,创业板,20201231,20260805,12.05,3.6113,174275683.56,4880300610.0,3543654360.0,48.8030061,35.4365436,0.94,,5.0352
300895,铜牛信息,北京,软件服务,创业板,20200924,20260805,54.48,-0.3658,503315193.28000003,7670822136.0,7527626904.0,76.70822136,75.27626904,1.08,,10.2571
300896,爱美客,北京,医疗保健,创业板,20200928,20260805,105.2,0.2382,612326961.23,31832678400.0,21508276760.0,318.326784,215.0827676,0.81,24.657,4.0445
300897,山科智能,浙江,电器仪表,创业板,20200928,20260805,15.54,1.5023,65115864.6,3043451501.9999995,1899859794.0,30.434515019999996,18.99859794,0.69,171.7847,3.1101
300898,熊猫乳品,浙江,乳制品,创业板,20201016,20260805,20.45,0.4914,80696119.0,2535800000.0,2346504575.0,25.358,23.46504575,0.49,23.477,2.4387
300899,上海凯鑫,上海,环境保护,创业板,20201016,20260805,28.13,0.644,19891069.0,1794229855.0,1151532493.0,17.94229855,11.51532493,0.9,65.8793,2.8695
300900,广联航空,黑龙江,航空,创业板,20201029,20260805,23.94,2.5707,406199811.34999996,7845626376.0,6147432900.0,78.45626376,61.474329,0.99,,4.0524
300901,中胤时尚,浙江,服饰,创业板,20201029,20260805,15.55,1.5013,69438807.91,3732000000.0,3732000000.0,37.32,37.32,0.6,961.3301,3.8407
300902,国安达,福建,专用机械,创业板,20201029,20260805,16.33,2.1902,95924063.28,2968847889.0,2037908881.9999998,29.68847889,20.379088819999996,1.47,,3.6604
300903,科翔股份,广东,元器件,创业板,20201105,20260805,53.6,14.3833,1696902803.51,23336719777.0,17724855521.0,233.36719777,177.24855521,1.08,,12.7799
300904,威力传动,宁夏,电气设备,创业板,20230809,20260805,41.26,0.2917,41818339.0,2986532152.0,900235353.0,29.86532152,9.00235353,0.68,,5.1114
300905,宝丽迪,江苏,染料涂料,创业板,20201105,20260805,38.86,4.8287,251213019.73999998,6956550102.0,5426651332.0,69.56550102,54.26651332,1.3,45.9709,3.5098
300906,日月明,江西,运输设备,创业板,20201105,20260805,26.18,0.9252,38099766.580000006,2094400000.0,1891584195.0,20.944,18.91584195,0.71,36.5145,2.2362
300907,康平科技,江苏,电气设备,创业板,20201118,20260805,39.42,3.8188,122602163.55,3784320000.0,3784320000.0,37.8432,37.8432,1.06,79.104,4.6935
300908,仲景食品,河南,食品,创业板,20201123,20260805,23.84,-0.9144,28070476.900000002,3480640000.0,2941939440.0,34.8064,29.4193944,0.49,18.1474,1.8794
300909,汇创达,深圳,元器件,创业板,20201118,20260805,45.11,4.8826,159138834.5,7802812030.0,5512942720.999999,78.0281203,55.12942720999999,1.21,530.741,3.9166
300910,瑞丰新材,河南,化工原料,创业板,20201127,20260805,29.52,-0.2703,103780662.3,11307408696.0,7919510472.0,113.07408696,79.19510472,0.71,15.3551,2.8564
300911,亿田智能,浙江,家用电器,创业板,20201203,20260805,22.55,3.9171,340528649.71000004,4134375630.0,3863795925.0000005,41.3437563,38.63795925,0.91,,3.8148
300912,凯龙高科,江苏,汽车配件,创业板,20201207,20260805,20.42,-10.7907,336481283.04,2325527616.0,1755593164.0,23.25527616,17.55593164,3.05,,5.194
300913,兆龙互连,浙江,通信设备,创业板,20201207,20260805,35.63,1.51,347065137.83000004,12213290593.0,10184988709.0,122.13290593,101.84988709,1.29,52.7884,4.6108
300915,海融科技,上海,乳制品,创业板,20201202,20260805,19.9,-0.3505,33454548.4,2504202070.0,1145032070.0,25.0420207,11.4503207,0.53,,1.6301
300916,朗特智能,深圳,元器件,创业板,20201202,20260805,20.78,3.3831,66977225.4,3005702320.0,1941180324.0,30.0570232,19.41180324,1.06,29.2893,2.1969
300917,特发服务,深圳,房产服务,创业板,20201221,20260805,26.53,1.3756,134223855.14,4483570000.0,4483570000.0,44.8357,44.8357,0.71,36.1948,3.6502
300918,南山智尚,山东,纺织,创业板,20201222,20260805,10.6,1.2416,73589239.0,5365024640.0,5365024640.0,53.6502464,53.6502464,1.0,41.8869,1.3841
300919,中伟新材,贵州,电气设备,创业板,20201223,20260805,41.65,1.4616,612544256.27,43502017230.0,38097579870.0,435.0201723,380.9757987,1.15,27.7567,1.8329
300920,润阳科技,浙江,塑料,创业板,20201225,20260805,30.07,2.9795,43743729.9,3909100000.0,2596511423.0,39.091,25.96511423,0.98,144.9579,3.3163
300921,南凌科技,深圳,互联网,创业板,20201222,20260805,15.13,0.934,195713502.5,3884557902.0,2449318537.0,38.84557902,24.49318537,1.25,183.7269,4.675
300922,天秦装备,河北,专用机械,创业板,20201225,20260805,17.61,2.7421,154920473.63,2832610764.0,2222575710.0,28.32610764,22.2257571,1.01,66.8958,2.844
300923,研奥股份,吉林,运输设备,创业板,20201224,20260805,22.42,0.764,31389562.46,1762212000.0,1711242372.0,17.62212,17.11242372,0.86,50.9074,1.5387
300925,法本信息,深圳,软件服务,创业板,20201230,20260805,15.74,0.7038,156005858.56,6747878794.0,5501321194.0,67.47878794,55.01321194,0.91,64.6339,3.0044
300926,博俊科技,江苏,汽车配件,创业板,20210107,20260805,18.09,-0.495,75024294.0,7856960958.0,5390693370.000001,78.56960958,53.90693370000001,0.82,9.3075,2.1718
300927,江天化学,江苏,化工原料,创业板,20210107,20260805,21.69,0.5097,66130611.5,3131168400.0000005,3055019148.0000005,31.311684000000003,30.550191480000006,0.89,160.4968,3.1813
300928,华安鑫创,北京,汽车配件,创业板,20210106,20260805,25.31,0.0791,45973517.0,2024800000.0,1356317342.0,20.248,13.56317342,1.41,,2.0001
300929,华骐环保,安徽,环境保护,创业板,20210120,20260805,13.83,1.0965,75752727.26,1827399390.0000002,1733734332.0,18.2739939,17.33734332,0.86,,2.3807
300930,屹通新材,浙江,小金属,创业板,20210121,20260805,24.66,2.3237,37206746.66,2466000000.0,1162102500.0,24.66,11.621025,0.83,43.7872,2.6068
300931,通用电梯,江苏,运输设备,创业板,20210121,20260805,11.46,3.9927,44023522.470000006,2786739660.0,2240446044.0,27.8673966,22.40446044,0.69,,4.7205
300932,三友联众,广东,电气设备,创业板,20210122,20260805,9.98,5.0526,194866359.69,4472493088.0,3185529174.0,44.72493088,31.85529174,1.28,61.5756,2.5139
300933,中辰股份,江苏,电气设备,创业板,20210122,20260805,6.83,3.3283,300087143.2,3736628115.0,3736628115.0,37.36628115,37.36628115,1.38,,1.7592
300935,盈建科,北京,软件服务,创业板,20210120,20260805,32.0,2.0408,421296080.20000005,2541782400.0,1928304000.0,25.417824,19.28304,2.15,,3.458
300936,中英科技,江苏,元器件,创业板,20210126,20260805,66.28,6.9032,216020698.67000002,4984256000.0,3143077136.0,49.84256,31.43077136,0.95,2345.147,4.9448
300937,药易购,四川,医药商业,创业板,20210127,20260805,24.46,0.0,117783218.67,2340007482.0,1491693100.0,23.40007482,14.916931,0.78,,2.8603
300938,信测标准,深圳,电器仪表,创业板,20210127,20260805,26.76,5.9802,405529602.84000003,9121467120.0,7916948676.0,91.2146712,79.16948676,0.79,46.4547,4.7542
300939,秋田微,深圳,元器件,创业板,20210128,20260805,56.84,3.3642,232431352.94,6820800000.0,6820800000.0,68.208,68.208,0.89,85.5843,4.7133
300940,南极光,深圳,元器件,创业板,20210203,20260805,13.96,2.2711,87937939.45,3108115824.0,2198412424.0,31.08115824,21.98412424,0.9,35.1089,2.6475
300941,创识科技,福建,IT设备,创业板,20210209,20260805,14.87,1.7796,73780455.56,3044632500.0,1840589269.0,30.446325,18.40589269,1.13,92.9286,2.3567
300942,易瑞生物,深圳,医疗保健,创业板,20210209,20260805,6.49,-0.916,38398630.599999994,2628955571.0,2628955571.0,26.28955571,26.28955571,0.97,191.2895,3.1592
300943,春晖智控,浙江,机械基件,创业板,20210210,20260805,26.54,5.7371,391270538.12,5409382800.0,3541115424.0,54.093828,35.41115424,0.92,90.0288,5.2948
300945,曼卡龙,浙江,服饰,创业板,20210210,20260805,11.89,3.4813,158385255.79,3116031324.0,2838188182.0,31.16031324,28.38188182,1.27,27.1963,1.7962
300946,恒而达,福建,机械基件,创业板,20210208,20260805,40.05,0.7547,43015162.36,6248112389.999999,3035962215.0,62.48112389999999,30.35962215,0.8,169.5531,5.2289
300947,德必集团,上海,房产服务,创业板,20210210,20260805,14.03,-0.567,38158041.87,2120461931.0,2119659414.9999998,21.20461931,21.19659415,0.8,,1.7886
300948,冠中生态,山东,环境保护,创业板,20210225,20260805,20.19,15.4374,208069882.04,3318774638.0000005,3132533255.0,33.18774638000001,31.32533255,1.88,,3.4719
300949,奥雅股份,深圳,建筑工程,创业板,20210226,20260805,21.51,-2.0046,37146273.56,1871370000.0,1069832115.0,18.7137,10.69832115,1.21,,3.3233
300950,德固特,山东,专用机械,创业板,20210303,20260805,16.74,0.6615,29113849.18,2572000560.0,1641331890.0000002,25.7200056,16.413318900000004,0.69,27.9402,3.1031
300951,博硕科技,深圳,元器件,创业板,20210226,20260805,65.99,10.499,755078868.6,11178745594.0,9990516456.0,111.78745594,99.90516456,1.38,77.6571,4.8452
300952,恒辉安防,江苏,纺织,创业板,20210311,20260805,17.38,0.9878,70498165.85000001,4199381670.0,2582289116.0,41.9938167,25.82289116,0.75,41.2126,2.4753
300953,震裕科技,浙江,电气设备,创业板,20210318,20260805,101.31,7.0138,880973518.26,24672905697.0,17734335762.0,246.72905697,177.34335762,1.31,48.1013,5.2133
300955,嘉亨家化,福建,日用化工,创业板,20210324,20260805,31.0,2.4793,57595450.31,3124800000.0,3124800000.0,31.248,31.248,0.55,,3.6093
300956,英力股份,安徽,元器件,创业板,20210326,20260805,10.88,2.5448,71590580.2,2343853376.0,2289722112.0,23.43853376,22.89722112,1.34,178.6927,1.741
300957,贝泰妮,云南,日用化工,创业板,20210325,20260805,33.6,-0.5623,330085955.88,14232960000.0,14232960000.0,142.3296,142.3296,0.99,28.144,2.2737
300958,建工修复,北京,环境保护,创业板,20210329,20260805,11.29,-1.1384,41401936.6,1769556214.0,1027947726.0,17.69556214,10.27947726,0.97,,1.4637
300959,线上线下,江苏,电信运营,创业板,20210322,20260805,97.25,5.7065,296306988.0,7815768550.0,5088917450.0,78.1576855,50.8891745,1.11,,7.072
300960,通业科技,深圳,运输设备,创业板,20210329,20260805,15.65,-0.5718,27769231.14,2271525510.0,2059217610.0,22.7152551,20.5921761,1.17,43.0551,3.5775
300961,深水海纳,深圳,环境保护,创业板,20210330,20260805,10.63,1.4313,38404783.05,1884486400.0000002,1614982947.0,18.844864,16.14982947,0.64,,3.4075
300962,中金辐照,深圳,医疗保健,创业板,20210409,20260805,13.29,1.4504,47277237.2,3508585251.0000005,3508585251.0000005,35.08585251,35.08585251,1.36,29.5925,3.3348
300963,中洲特材,上海,小金属,创业板,20210409,20260805,12.96,1.4879,447988161.71000004,5943974399.999999,3607277328.0,59.43974399999999,36.07277328,1.58,110.0365,5.2938
300964,本川智能,江苏,元器件,创业板,20210805,20260805,51.66,5.0641,284701464.52,5520366936.0,4050856908.0,55.20366936,40.50856908,1.27,173.8736,5.4093
300965,恒宇信通,北京,航空,创业板,20210402,20260805,43.06,1.0324,36035169.14,2583604306.0,2329279028.0,25.83604306,23.29279028,0.55,71.6344,2.0868
300966,共同药业,湖北,化学制药,创业板,20210409,20260805,25.7,3.13,79436361.45,2962724270.0000005,1970334190.0,29.627242700000004,19.7033419,0.88,,4.0415
300967,晓鸣股份,宁夏,农业综合,创业板,20210413,20260805,15.17,1.6075,67364542.0,2845511233.0,1893165939.0,28.45511233,18.93165939,1.32,33.5886,4.0752
300968,格林精密,广东,元器件,创业板,20210415,20260805,11.13,6.5072,289844753.73,4600919400.0,4600919400.0,46.009194,46.009194,1.24,,2.5787
300969,恒帅股份,浙江,汽车配件,创业板,20210412,20260805,75.8,4.1066,196725548.67,12440288420.0,5933267740.0,124.4028842,59.3326774,0.91,74.6469,8.5637
300970,华绿生物,江苏,种植业,创业板,20210412,20260805,17.22,2.6222,77578693.64,2732603915.9999995,2109115932.0,27.326039159999997,21.09115932,0.93,24.7814,1.5661
300971,博亚精工,湖北,机械基件,创业板,20210415,20260805,18.63,1.25,43231608.98,2190888000.0,1718669664.0,21.90888,17.18669664,1.06,26.2668,2.0231
300972,万辰集团,福建,食品,创业板,20210419,20260805,205.01,-0.1413,537574685.2600001,40455361336.0,37168538511.0,404.55361336,371.68538511,0.76,30.0873,20.0635
300973,立高食品,广东,食品,创业板,20210415,20260805,25.49,1.3519,79514377.0,4316494443.0,3022191262.0,43.16494443,30.22191262,0.69,14.1661,1.7094
300975,商络电子,江苏,元器件,创业板,20210421,20260805,26.3,11.1581,1757157768.46,18068247280.0,12941527790.000002,180.6824728,129.4152779,1.31,59.6575,6.805
300976,达瑞电子,广东,元器件,创业板,20210419,20260805,52.21,6.8782,274401914.78,9770161720.0,6284303639.0,97.7016172,62.84303639,1.0,34.627,2.6646
300977,深圳瑞捷,深圳,建筑工程,创业板,20210420,20260805,15.83,0.0632,25335947.87,2409748661.0,1500717243.0,24.09748661,15.00717243,0.96,80.8294,1.7431
300978,东箭科技,广东,汽车配件,创业板,20210426,20260805,8.53,0.5896,34413080.91,3605654031.0,2448870876.0,36.05654031,24.48870876,1.24,25.3128,2.1594
300979,华利集团,广东,服饰,创业板,20210426,20260805,34.16,-0.0293,93693406.4,39864723416.0,39864460384.0,398.64723416,398.64460384,0.7,12.4318,2.4317
300980,祥源新材,湖北,塑料,创业板,20210421,20260805,21.51,1.2235,107595551.13000001,2969782452.0,2115323514.0000002,29.69782452,21.153235140000003,0.91,59.7493,2.0863
300981,中红医疗,河北,医疗保健,创业板,20210427,20260805,15.6,-0.5102,538181600.8000001,6690294000.0,6130759440.0,66.90294,61.3075944,1.14,,1.2724
300982,苏文电能,江苏,建筑工程,创业板,20210427,20260805,15.3,0.1965,45325045.019999996,3166566030.0,2966625630.0,31.6656603,29.6662563,1.13,,1.1114
300983,尤安设计,上海,建筑工程,创业板,20210420,20260805,38.82,3.2172,66545170.629999995,6708096000.0,4144935624.0,67.08096,41.44935624,0.65,,2.4253
300984,金沃股份,浙江,机械基件,创业板,20210618,20260805,33.74,5.3059,172411251.26,6493354098.0,4184755330.0,64.93354098,41.8475533,0.93,134.7201,6.0227
300985,致远新能,吉林,汽车配件,创业板,20210429,20260805,30.04,4.3056,118663307.4,5602835500.0,5602835500.0,56.028355,56.028355,0.8,,6.3383
300986,志特新材,江西,建筑工程,创业板,20210430,20260805,12.8,8.4746,793139204.41,7369253120.0,7364057600.0,73.6925312,73.640576,1.3,45.0475,3.305
300987,川网传媒,四川,互联网,创业板,20210511,20260805,13.71,-0.0729,60309228.45,2376875280.0,2376875280.0,23.7687528,23.7687528,0.93,115.223,2.9464
300988,津荣天宇,天津,机械基件,创业板,20210512,20260805,14.88,1.7784,83555528.64999999,2930736528.0,2412071808.0,29.30736528,24.12071808,1.08,32.0984,2.2415
300989,蕾奥规划,深圳,建筑工程,创业板,20210507,20260805,13.62,-6.069,249687703.58,2867804046.0,2218620366.0,28.67804046,22.18620366,1.84,146.8278,2.9668
300990,同飞股份,河北,专用机械,创业板,20210512,20260805,70.17,4.982,491868763.86,12014268822.000002,5456692863.0,120.14268822000003,54.56692863,0.84,47.5054,5.6081
300991,创益通,深圳,元器件,创业板,20210520,20260805,27.09,5.614,109713053.0,3900960000.0,2496126780.0,39.0096,24.9612678,1.37,,6.2178
300992,泰福泵业,浙江,机械基件,创业板,20210525,20260805,22.4,1.6795,40521432.25,2134731200.0,1746931200.0,21.347312,17.469312,1.09,114.8518,2.4707
300993,玉马科技,山东,家居用品,创业板,20210524,20260805,9.99,0.0,26019269.1,3078230688.0,2416134447.0,30.78230688,24.16134447,0.94,20.6901,1.9282
300994,久祺股份,浙江,文教休闲,创业板,20210812,20260805,10.96,-0.7246,27839871.0,2554644480.0,1278637440.0,25.5464448,12.7863744,1.11,17.2581,2.0729
300995,奇德新材,广东,塑料,创业板,20210526,20260805,25.99,1.2072,35405970.13,2393962291.0,1578364903.0,23.93962291,15.78364903,0.8,121.9453,3.7511
300996,普联软件,山东,软件服务,创业板,20210603,20260805,19.2,6.3712,2117675066.9300003,7599183360.0,6396332160.0,75.9918336,63.9633216,1.59,102.7209,5.7446
300997,欢乐家,广东,软饮料,创业板,20210602,20260805,17.98,2.7429,386295087.40999997,7820821732.0,7094751574.0,78.20821732,70.94751574,0.83,177.0434,7.2495
300998,宁波方正,浙江,专用机械,创业板,20210602,20260805,24.09,1.1335,62269631.97,3304408437.0000005,2594025654.0,33.04408437000001,25.94025654,0.55,121.1149,2.5646
300999,金龙鱼,上海,食品,创业板,20201015,20260805,26.18,-0.8709,226376539.96,141937265470.0,14206501078.000002,1419.3726547,142.06501078000002,0.78,45.0181,1.4501
301000,肇民科技,上海,汽车配件,创业板,20210528,20260805,25.9,2.0891,132983523.43999998,6299413540.000001,5946966340.0,62.99413540000001,59.4696634,1.14,42.2255,4.7877
301001,凯淳股份,上海,互联网,创业板,20210528,20260805,23.77,-0.2099,45701886.0,1901600000.0,1195631000.0,19.016,11.95631,1.17,,2.4732
301002,崧盛股份,深圳,电气设备,创业板,20210607,20260805,28.68,2.9064,123391748.78999999,3869984556.0,2437375536.0,38.69984556,24.37375536,0.81,,3.5288
301003,江苏博云,江苏,塑料,创业板,20210601,20260805,49.2,6.0802,102927590.0,4778963280.0,3696907680.0,47.7896328,36.9690768,1.16,46.8333,4.1632
301004,嘉益股份,浙江,家居用品,创业板,20210625,20260805,35.91,-1.4815,32956955.199999996,5235904233.0,4887616734.0,52.35904233,48.87616734,0.73,11.9771,2.916
301005,超捷股份,上海,汽车配件,创业板,20210601,20260805,73.98,4.462,724273937.84,13905680292.0,13622388677.999998,139.05680292,136.22388678,1.12,854.7996,17.7881
301006,迈拓股份,江苏,电器仪表,创业板,20210607,20260805,13.07,-0.3811,23910761.57,1820389600.0,1095539163.0,18.203896,10.95539163,0.9,19.7298,1.3807
301007,德迈仕,辽宁,汽车配件,创业板,20210616,20260805,28.9,5.3207,158785102.22,4431526000.0,4373295390.0,44.31526,43.7329539,1.46,85.7419,6.7336
301008,宏昌科技,浙江,家用电器,创业板,20210611,20260805,33.8,0.6552,146356754.17999998,4426556160.0,3908655660.0,44.2655616,39.0865566,0.84,134.8064,2.933
301009,可靠股份,浙江,造纸,创业板,20210617,20260805,8.88,-1.3333,24200326.0,2414116800.0,1341190799.9999998,24.141168,13.411907999999997,0.61,66.8385,1.7969
301010,晶雪节能,江苏,其他建材,创业板,20210618,20260805,16.61,0.0602,29465497.0,1793880000.0,1793880000.0,17.9388,17.9388,0.83,215.181,2.1648
301011,华立科技,广东,文教休闲,创业板,20210617,20260805,15.07,-0.3966,37877742.0,2327668497.0,2210339505.0,23.27668497,22.10339505,0.98,33.7119,2.448
301012,扬电科技,江苏,电气设备,创业板,20210622,20260805,26.86,0.4863,512876878.76,5290350972.0,5290350972.0,52.90350972,52.90350972,1.07,134.6403,4.4405
301013,利和兴,深圳,专用机械,创业板,20210629,20260805,45.7,5.7626,2532716216.5,10682055100.0,8648341120.0,106.820551,86.4834112,1.19,,15.9604
301015,百洋医药,山东,医药商业,创业板,20210630,20260805,23.51,-0.3814,118928152.44000001,12357422591.0,12355835666.0,123.57422591,123.55835666,0.88,26.0329,4.9646
301016,雷尔伟,江苏,运输设备,创业板,20210630,20260805,13.84,12.5203,201937496.32999998,4240701944.0,4066524160.0000005,42.40701944,40.6652416,5.58,59.8829,4.1107
301017,漱玉平民,山东,医药商业,创业板,20210705,20260805,13.9,0.361,82716188.1,5637938689.999999,3595861890.0,56.37938689999999,35.9586189,0.71,49.3548,2.7649
301018,申菱环境,广东,专用机械,创业板,20210707,20260805,84.1,7.8205,1419135007.9399998,31477057330.0,23785405890.0,314.7705733,237.8540589,0.91,145.2047,11.406
301019,宁波色母,浙江,塑料,创业板,20210628,20260805,15.12,2.0932,44298842.35,2993096231.9999995,2194618104.0,29.930962319999995,21.94618104,1.04,27.2202,2.6252
301020,密封科技,山东,汽车配件,创业板,20210706,20260805,20.66,1.1753,83772497.64,3024624000.0,3024624000.0,30.24624,30.24624,1.25,34.1746,2.9958
301021,英诺激光,深圳,专用机械,创业板,20210706,20260805,60.9,8.363,547681745.89,9309783000.0,9299442180.0,93.09783,92.9944218,0.95,192.6546,8.9061
301022,海泰科,山东,专用机械,创业板,20210702,20260805,23.14,1.4023,48187591.74,2302062074.0,1544967554.0,23.02062074,15.44967554,1.09,43.652,1.6422
301023,奕帆传动,江苏,电气设备,创业板,20210707,20260805,29.65,1.8201,54885891.4,2766955790.0000005,1534823354.9999998,27.669557900000004,15.348233549999998,1.26,38.7849,3.3404
301024,霍普股份,上海,建筑工程,创业板,20210728,20260805,32.11,-1.9841,41817956.0,2041714350.0,1976691600.0,20.4171435,19.766916,0.91,,6.0402
301025,读客文化,上海,出版业,创业板,20210719,20260805,9.05,1.1173,81020578.0,3622800070.0,2508213835.0,36.2280007,25.08213835,0.7,413.924,5.8054
301026,浩通科技,江苏,小金属,创业板,20210716,20260805,21.49,19.9888,558422973.6999999,4761831156.0,3439104871.9999995,47.61831156,34.39104871999999,6.11,27.3361,2.8092
301027,华蓝集团,广西,建筑工程,创业板,20210715,20260805,20.3,5.7292,143780007.07,2984100000.0,2460199630.0,29.841,24.6019963,2.12,,3.3186
301028,鼎熔岩,福建,专用机械,创业板,20210720,20260805,12.49,1.793,68186777.0,4825202997.0,3129992751.0000005,48.25202997,31.299927510000003,0.94,20.7724,2.8169
301029,怡合达,广东,专用机械,创业板,20210723,20260805,25.73,0.5078,234638914.54,16358791791.0,11652159844.0,163.58791791,116.52159844,0.98,31.9518,3.6394
301030,*ST仕净,江苏,环境保护,创业板,20210722,20260805,8.78,0.4577,79616688.0,1776925374.0,1774488046.0,17.76925374,17.74488046,0.93,,
301031,中熔电气,陕西,电气设备,创业板,20210715,20260805,87.98,4.0322,245416025.19,12858655314.0,10108787626.0,128.58655314,101.08787626,0.9,31.7434,7.8622
301032,新柴股份,浙江,工程机械,创业板,20210722,20260805,9.82,0.3064,40170396.43,2367929988.0,1569950896.0,23.67929988,15.69950896,1.0,22.0706,1.8581
301033,迈普医学,广东,医疗保健,创业板,20210726,20260805,59.88,2.2541,91773246.78,4016912076.0,3376435596.0,40.16912076,33.76435596,0.74,35.5075,4.8989
301035,润丰股份,山东,农药化肥,创业板,20210728,20260805,54.91,0.3472,64544057.53,20014986023.0,19985169893.0,200.14986023,199.85169893,0.61,19.1619,2.6037
301036,双乐股份,江苏,染料涂料,创业板,20210729,20260805,21.18,1.0496,24140026.290000003,2118000000.0,1491794238.0,21.18,14.91794238,0.82,42.719,1.2835
301037,保立佳,上海,染料涂料,创业板,20210730,20260805,12.39,-2.8235,34982378.940000005,1722602763.0,842492742.0,17.22602763,8.42492742,1.2,,3.1579
301038,深水规院,深圳,建筑工程,创业板,20210804,20260805,16.65,-0.597,69991180.0,3714282000.0,3714282000.0,37.14282,37.14282,0.94,70.4642,4.1448
301039,中集车辆,深圳,汽车整车,创业板,20210708,20260805,8.18,-0.4866,119857813.01,15330337592.0,11880856950.0,153.30337592,118.8085695,0.46,16.9674,1.0433
301040,中环海陆,江苏,机械基件,创业板,20210803,20260805,25.69,0.3516,98816017.72,2569028259.0,2424216298.0,25.69028259,24.24216298,1.06,,3.6658
301041,金百泽,深圳,元器件,创业板,20210811,20260805,23.33,2.8206,113289788.0,2488844400.0,1842400429.0,24.888444,18.42400429,1.03,123.4501,3.6589
301042,安联锐视,广东,IT设备,创业板,20210805,20260805,29.81,6.0854,273301767.0,2884925351.0,2750002310.0000005,28.84925351,27.500023100000003,1.16,107.0568,2.6814
301043,绿岛风,广东,机械基件,创业板,20210811,20260805,41.55,2.6433,30542801.0,2825404155.0,2357871090.0,28.25404155,23.5787109,0.81,41.2154,3.2694
301045,天禄科技,江苏,元器件,创业板,20210813,20260805,63.36,20.0,260219114.99,6989767487.999999,4417205760.0,69.89767488,44.1720576,0.82,215.3982,6.7337
301046,能辉科技,上海,建筑工程,创业板,20210817,20260805,19.16,5.1015,77755960.39999999,3230136500.0,2494536200.0,32.301365,24.945362,1.2,462.4398,2.756
301047,义翘神州,北京,生物制药,创业板,20210816,20260805,90.6,8.3991,1295769183.03,11020285020.0,10834002360.0,110.2028502,108.3400236,4.22,74.5945,2.0644
301048,金鹰重工,湖北,运输设备,创业板,20210818,20260805,9.1,0.7752,39771143.89,4853333940.0,4853333940.0,48.5333394,48.5333394,1.03,24.0348,1.6937
301049,超越科技,安徽,环境保护,创业板,20210824,20260805,19.09,-0.5211,24272637.0,1799297406.0,817555975.9999999,17.99297406,8.175559759999999,0.87,,3.4126
301050,雷电微力,四川,航空,创业板,20210824,20260805,31.62,0.9901,100167864.0,7828454304.0,6667744182.0,78.28454304,66.67744182,0.89,47.6347,2.5572
301051,信濠光电,深圳,元器件,创业板,20210827,20260805,14.75,7.2727,150246823.91,4192846800.0,3331097224.9999995,41.928468,33.31097224999999,1.24,,2.1493
301052,果麦文化,浙江,出版业,创业板,20210830,20260805,24.76,1.1438,122885806.65,2450232268.0,1985650484.0,24.50232268,19.85650484,0.76,,3.5623
301053,远信工业,浙江,专用机械,创业板,20210901,20260805,40.8,4.8843,298760342.24,5380924320.0,4996898400.0,53.8092432,49.968984,1.93,323.7493,6.0082
301055,张小泉,浙江,家居用品,创业板,20210906,20260805,28.51,3.1103,120485547.86999999,4447560000.0,4352556127.0,44.4756,43.52556127,0.87,80.7725,6.3475
301056,森赫股份,浙江,运输设备,创业板,20210907,20260805,9.96,0.3021,25313006.6,2657194536.0,1752918168.0,26.57194536,17.52918168,0.88,35.4553,3.3421
301057,汇隆新材,浙江,化纤,创业板,20210909,20260805,21.29,0.9005,47519236.0,2490280655.0,1724858317.0,24.90280655,17.24858317,0.64,70.9208,3.1715
301058,中粮科工,江苏,建筑工程,创业板,20210909,20260805,8.25,-0.3623,34755081.68,4296624750.0,4226262150.0000005,42.9662475,42.2626215,1.04,18.4334,1.8359
301059,金三江,广东,化工原料,创业板,20210913,20260805,11.24,0.5367,26776547.58,2598170960.0,2321561304.0,25.9817096,23.21561304,0.95,34.0124,3.9665
301060,兰卫医学,上海,医疗保健,创业板,20210913,20260805,8.96,-0.7752,56376127.11,3588632320.0,3227090944.0,35.8863232,32.27090944,0.95,,2.263
301061,匠心家居,江苏,家居用品,创业板,20210913,20260805,36.3,0.0,92397871.02000001,10323632880.0,6858467550.0,103.2363288,68.5846755,0.56,12.0395,2.3675
301062,上海艾录,上海,广告包装,创业板,20210914,20260805,6.4,1.1058,66721421.97,2773069440.0,1761607680.0,27.7306944,17.6160768,1.39,,2.0459
301063,海锅股份,江苏,电气设备,创业板,20210924,20260805,17.34,0.0,29658559.580000002,1809614538.0,1675864181.9999998,18.09614538,16.758641819999998,0.85,35.3429,1.145
301065,本立科技,浙江,化学制药,创业板,20210914,20260805,18.48,-0.6985,20877997.0,1959249600.0,1594593000.0,19.592496,15.94593,0.78,24.8535,1.4137
301066,万事利,浙江,纺织,创业板,20210922,20260805,12.57,0.9639,49864329.400000006,2952983367.0,2930276919.0,29.52983367,29.30276919,0.79,88.524,2.2918
301067,显盈科技,深圳,元器件,创业板,20210922,20260805,27.52,6.9984,116656071.28,2675934720.0,1756571328.0,26.7593472,17.56571328,1.09,,3.4781
301068,大地海洋,浙江,环境保护,创业板,20210928,20260805,28.93,3.4322,65732392.88,4088263201.0,2902300995.0,40.88263201,29.02300995,1.34,,5.0776
301069,凯盛新材,山东,化工原料,创业板,20210927,20260805,16.76,1.8845,106182818.16,7595199592.0,7152735592.0,75.95199592,71.52735592,1.07,59.1668,3.2956
301070,开勒股份,上海,机械基件,创业板,20210923,20260805,58.58,0.7568,267437385.78,7391296352.0,4968398262.0,73.91296352,49.68398262,1.07,,10.1923
301071,力量钻石,河南,矿物制品,创业板,20210924,20260805,56.47,8.5962,887852569.68,14368808441.000002,10562662677.0,143.68808441000002,105.62662677,1.17,131.4603,2.6992
301072,中捷精工,江苏,汽车配件,创业板,20210929,20260805,34.15,4.2748,154195663.0,3587320900.0000005,2292827585.0,35.873209,22.92827585,0.94,,5.0222
301073,君亭酒店,浙江,酒店餐饮,创业板,20210930,20260805,17.98,2.8016,139218786.95000002,3496230778.0000005,3196678584.0000005,34.96230778,31.966785840000004,0.64,151.4519,3.9474
301075,多瑞医药,西藏,化学制药,创业板,20210929,20260805,55.59,3.2696,66364436.06999999,4447200000.0,4447200000.0,44.472,44.472,0.58,,7.2074
301076,新瀚新材,江苏,化工原料,创业板,20211011,20260805,23.05,5.6855,128417364.26,5259306975.0,3516180690.0,52.59306975,35.1618069,1.16,78.955,4.3674
301077,星华新材,浙江,化工原料,创业板,20210930,20260805,20.05,1.8283,40348076.220000006,3413466385.0,1916206570.0,34.13466385,19.1620657,1.13,26.3127,2.8453
301078,孩子王,江苏,其他商业,创业板,20211014,20260805,7.6,0.0,125488955.5,9611298960.0,9601327760.0,96.1129896,96.0132776,0.62,32.291,2.2327
301079,邵阳液压,湖南,机械基件,创业板,20211019,20260805,28.84,1.8002,100663539.66,3127920067.9999995,2218759256.0,31.279200679999995,22.18759256,0.93,536.4177,6.5258
301080,百普赛斯,北京,生物制药,创业板,20211018,20260805,53.99,3.2314,289795089.56,9052992341.0,6847948850.0,90.52992341,68.4794885,0.86,54.6785,3.3506
301081,严牌股份,浙江,环境保护,创业板,20211020,20260805,11.9,3.2986,45511917.86,2781190650.0,2671341750.0,27.8119065,26.7134175,0.76,160.2093,2.5736
301082,久盛电气,浙江,电气设备,创业板,20211027,20260805,12.13,7.5355,572050727.9000001,3568670260.0,3307946827.0,35.6867026,33.07946827,2.59,96.5517,3.4554
301083,百胜智能,江西,专用机械,创业板,20211021,20260805,13.47,0.5975,32570528.0,2395864449.0,1153165353.0,23.95864449,11.53165353,0.97,78.5535,2.8572
301085,亚康股份,北京,软件服务,创业板,20211018,20260805,63.49,-1.3671,351615971.03000003,5509382844.0,3740303833.0,55.09382844,37.40303833,0.96,,5.7669
301086,鸿富瀚,深圳,元器件,创业板,20211020,20260805,106.0,6.5327,500966265.25,13341605200.0,7394655400.0,133.416052,73.946554,1.05,131.491,6.7021
301087,可孚医疗,湖南,医疗保健,创业板,20211025,20260805,53.06,-2.3735,120596497.51,12516694820.0,10293176786.0,125.1669482,102.93176786,1.02,33.6825,2.6452
301088,戎美股份,江苏,服饰,创业板,20211028,20260805,12.01,0.0833,17457851.0,2737079000.0,2257880000.0,27.37079,22.5788,0.8,35.1189,1.0828
301089,拓新药业,河南,化学制药,创业板,20211027,20260805,23.7,0.1267,76706747.05000001,2999104650.0000005,2144141369.9999998,29.991046500000003,21.4414137,1.22,,2.0334
301090,华润材料,江苏,化工原料,创业板,20211026,20260805,6.62,0.6079,64345081.0,9747694640.0,9737512220.0,97.4769464,97.3751222,0.83,,1.4773
301091,深城交,深圳,建筑工程,创业板,20211029,20260805,17.97,1.7554,179770567.70000002,9475221600.0,9475221600.0,94.752216,94.752216,1.23,154.9087,4.0539
301092,争光股份,浙江,化工原料,创业板,20211102,20260805,43.52,5.7337,242487699.34,5854976256.0,2652082688.0,58.54976256,26.52082688,1.02,58.391,2.9616
301093,华兰股份,江苏,医疗保健,创业板,20211101,20260805,65.9,9.815,461831528.11999995,14045359260.0,13409595600.0,140.4535926,134.095956,1.24,233.406,6.3732
301095,广立微,浙江,半导体,创业板,20220805,20260805,71.78,6.0266,623758578.4,14376177358.0,12419397134.0,143.76177358,124.19397134,1.04,162.0984,4.5762
301096,百诚医药,浙江,医疗保健,创业板,20211220,20260805,41.5,1.9406,75087552.0,4532974450.0,3448235000.0,45.3297445,34.48235,0.57,,1.8119
301097,天益医疗,浙江,医疗保健,创业板,20220407,20260805,33.06,1.1009,20430864.290000003,2698006764.0,1294867632.0,26.98006764,12.94867632,0.73,,2.4202
301098,金埔园林,江苏,建筑工程,创业板,20211112,20260805,8.37,5.5485,119027070.61,1937250729.0,1615298679.0000002,19.37250729,16.152986790000003,1.64,,1.8744
301099,雅创电子,上海,元器件,创业板,20211122,20260805,47.64,7.3457,491454812.35999995,9000410820.0,5477385180.0,90.0041082,54.7738518,1.02,71.3821,6.2711
301100,风光股份,辽宁,化工原料,创业板,20211217,20260805,15.94,1.2063,36048112.4,3207558380.0,1414308380.0,32.0755838,14.1430838,0.66,,1.5951
301101,明月镜片,江苏,文教休闲,创业板,20211216,20260805,30.06,-0.1329,56171354.25,6057453726.0,5834739186.0,60.57453726,58.34739186,0.68,31.3984,3.3308
301102,兆讯传媒,天津,广告包装,创业板,20220328,20260805,9.75,1.7745,27462005.79,3958500000.0,3958500000.0,39.585,39.585,1.17,325.9161,1.3344
301103,何氏眼科,辽宁,医疗保健,创业板,20220322,20260805,16.11,-0.7394,20805561.79,2545806915.0,1959517296.0,25.45806915,19.59517296,0.7,93.1286,1.3255
301105,鸿铭股份,广东,专用机械,创业板,20221230,20260805,45.8,-1.7167,28207389.12,2290000000.0,907412500.0,22.9,9.074125,0.86,,2.8025
301106,骏成科技,江苏,元器件,创业板,20220128,20260805,16.65,1.8349,44297700.160000004,2380297320.0,2380297320.0,23.8029732,23.8029732,0.95,26.1486,1.8341
301107,瑜欣电子,重庆,机械基件,创业板,20220524,20260805,18.56,1.8661,26536647.32,2639024128.0,1525830592.0,26.39024128,15.25830592,0.87,35.09,2.7397
301108,洁雅股份,安徽,日用化工,创业板,20211203,20260805,35.75,1.6202,67814570.39999999,4023884150.0,2317794050.0,40.2388415,23.1779405,0.49,52.0758,2.122
301109,军信股份,湖南,环境保护,创业板,20220413,20260805,13.76,0.0,62992977.78,10858027008.0,8590213888.0,108.58027008,85.90213888,0.88,15.1527,1.4067
301110,青木科技,广东,互联网,创业板,20220311,20260805,38.43,2.48,205258608.67,4978583442.0,3501683955.0,49.78583442,35.01683955,1.04,40.4617,3.2309
301111,粤万年青,广东,中成药,创业板,20211207,20260805,19.0,2.0408,77907765.53,3040000000.0,3040000000.0,30.4,30.4,0.89,,4.0675
301112,信邦智能,广东,专用机械,创业板,20220629,20260805,32.0,0.9464,62879078.76,3528531200.0,3528531200.0,35.285312,35.285312,0.52,,3.1682
301113,雅艺科技,浙江,家居用品,创业板,20211222,20260805,15.4,-1.2187,33859959.08,1821820000.0,1103628680.0,18.2182,11.0362868,1.54,240.3671,2.6728
301115,联检科技,江苏,建筑工程,创业板,20220831,20260805,26.29,8.9967,138953528.5,4824869621.0,3922525838.0,48.24869621,39.22525838,1.22,224.0882,1.9469
301116,益客食品,江苏,食品,创业板,20220118,20260805,8.75,-1.3529,37356927.589999996,3928571500.0,3928545250.0,39.285715,39.2854525,1.04,,2.508
301117,佳缘科技,四川,软件服务,创业板,20220117,20260805,18.41,1.1538,119035028.12,3329192601.0,2132890550.0,33.29192601,21.3289055,0.76,,2.6868
301118,恒光股份,湖南,化工原料,创业板,20211118,20260805,21.15,1.6827,57589848.42,2328847650.0,2240491410.0,23.2884765,22.4049141,0.61,,1.7128
301119,正强股份,浙江,汽车配件,创业板,20211122,20260805,20.96,1.9455,32839567.2,3051776000.0,2468123840.0,30.51776,24.6812384,0.96,27.0707,2.8592
301120,新特电气,北京,电气设备,创业板,20220419,20260805,15.89,-1.5489,367326425.60999995,5928969836.0,3587332915.0,59.28969836,35.87332915,1.32,137.8164,3.7973
301121,紫建电子,重庆,电气设备,创业板,20220808,20260805,34.44,3.1756,64934917.220000006,3403567440.0,1742374704.0,34.0356744,17.42374704,0.77,469.6125,2.0567
301122,采纳股份,江苏,医疗保健,创业板,20220126,20260805,31.2,1.1673,112894798.08,3814065839.9999995,2359989840.0,38.14065839999999,23.5998984,0.57,678.5733,2.0599
301123,奕东电子,广东,元器件,创业板,20220125,20260805,65.5,5.6452,609213884.36,15368920000.0,10810224800.0,153.6892,108.102248,1.1,,5.4825
301125,腾亚精工,江苏,机械基件,创业板,20220608,20260805,13.69,0.1463,54036179.0,2714932350.0,2406426831.0,27.1493235,24.06426831,0.78,555.8344,4.6703
301126,达嘉维康,湖南,医药商业,创业板,20211207,20260805,9.27,-0.2153,31161106.0,1904087664.0,1278039141.0,19.04087664,12.78039141,0.76,,1.2692
301127,武汉天源,湖北,环境保护,创业板,20211230,20260805,14.98,6.9236,449972202.59,10097647994.0,9803247552.0,100.97647994,98.03247552,0.79,45.9779,2.9829
301128,强瑞技术,深圳,专用机械,创业板,20211110,20260805,102.28,7.0434,630504420.6700001,14811964583.999998,14811964583.999998,148.11964583999998,148.11964583999998,1.1,104.5668,15.7777
301129,瑞纳智能,安徽,电器仪表,创业板,20211102,20260805,21.05,-0.4728,25912813.77,2860008770.0,1420296125.0,28.6000877,14.20296125,0.74,26.299,1.5704
301130,西点药业,吉林,化学制药,创业板,20220223,20260805,24.15,-1.0246,31147853.16,1847346643.0,1425269244.0,18.47346643,14.25269244,0.7,84.3537,2.0938
301131,聚赛龙,广东,塑料,创业板,20220314,20260805,32.92,0.0912,32985054.109999996,1799489500.0,1288979308.0,17.994895,12.88979308,0.95,54.9833,1.6237
301132,满坤科技,江西,元器件,创业板,20220810,20260805,31.5,3.5503,231898675.09,4664715300.0,2984133600.0,46.647153,29.841336,1.49,39.0424,2.5405
301133,金钟股份,广东,汽车配件,创业板,20211126,20260805,26.07,2.5167,71126807.83999999,3166636868.9999995,2897315520.0000005,31.666368689999995,28.973155200000004,0.65,,2.3051
301135,瑞德智能,广东,元器件,创业板,20220412,20260805,16.3,-0.4884,59228671.05,2115559070.0,1646040830.0000002,21.1555907,16.4604083,1.03,77.6415,1.7226
301136,招标股份,福建,建筑工程,创业板,20220111,20260805,11.51,-0.1735,50189927.16,3167607248.0000005,3164067922.9999995,31.676072480000006,31.640679229999996,0.73,,2.1891
301137,哈焊华通,江苏,机械基件,创业板,20220322,20260805,38.36,-1.2613,705180670.76,6974362023.999999,6974362023.999999,69.74362023999998,69.74362023999998,1.86,185.7918,5.0207
301138,华研精机,广东,专用机械,创业板,20211215,20260805,26.15,1.3566,25708181.0,3138000000.0,1792846614.9999998,31.38,17.92846615,1.18,32.0021,2.7277
301139,*ST元道,新疆,通信设备,创业板,20220708,20260805,3.98,-1.9704,87485140.02000001,483891584.0,303145058.0,4.83891584,3.03145058,0.8,54.7571,0.2488
301141,中科磁业,浙江,矿物制品,创业板,20230403,20260805,40.02,7.0912,288194269.88,4963784652.0,1781394252.0,49.63784652,17.81394252,3.73,149.5895,3.8689
301148,嘉戎技术,福建,环境保护,创业板,20220421,20260805,48.0,8.0351,123092772.14,5591860800.0,2825908800.0,55.918608,28.259088,2.97,109.2294,3.1747
301149,隆华新材,山东,化工原料,创业板,20211110,20260805,7.78,0.9079,59087074.86,4349020778.0,2646062024.0,43.49020778,26.46062024,1.0,30.5154,2.0586
301150,中一科技,湖北,电气设备,创业板,20220421,20260805,36.53,6.6881,734946758.96,11832209467.0,11099238670.0,118.32209467,110.9923867,1.16,181.1341,3.2252
301151,冠龙节能,上海,机械基件,创业板,20220411,20260805,16.02,1.5853,59529706.68,2707445682.0,2704877676.0,27.07445682,27.04877676,0.93,44.6558,1.3061
301152,天力锂能,河南,小金属,创业板,20220829,20260805,19.88,1.222,103626398.92999999,2360551200.0,1411066496.0,23.605512,14.11066496,0.74,,1.949
301153,中科江南,北京,软件服务,创业板,20220518,20260805,18.49,-0.4844,114413989.7,6576236605.0,6134100027.0,65.76236605,61.34100027,0.87,65.1953,3.5389
301155,海力风电,江苏,电气设备,创业板,20211124,20260805,46.07,2.4917,199054296.09,10015221798.0,5678509881.0,100.15221798,56.78509881,0.76,28.8693,1.732
301156,美农生物,上海,饲料,创业板,20220617,20260805,10.93,-1.086,46891089.849999994,2000409693.0,1281058301.0,20.00409693,12.81058301,1.26,36.4968,2.6742
301157,华塑科技,浙江,电气设备,创业板,20230309,20260805,57.22,2.2882,48609132.0,3433200000.0,1182039316.0,34.332,11.82039316,0.76,118.4817,3.0877
301158,德石股份,山东,专用机械,创业板,20220117,20260805,14.82,0.8163,132556712.12,2890123782.0,2818119330.0,28.90123782,28.1811933,0.65,24.7852,2.0634
301159,三维天地,北京,软件服务,创业板,20220107,20260805,33.47,4.9216,295897625.42,2588904500.0,1774412049.9999998,25.889045,17.744120499999998,2.97,308.5267,3.9878
301160,翔楼新材,江苏,机械基件,创业板,20220606,20260805,36.96,0.0,137070765.79,6161857178.0,4094325053.0,61.61857178,40.94325053,0.67,29.5932,3.3072
301161,唯万密封,上海,工程机械,创业板,20220914,20260805,26.54,3.108,121992916.27,3184800000.0,2048823641.0,31.848,20.48823641,0.98,36.5904,3.3158
301162,国能日新,北京,软件服务,创业板,20220429,20260805,41.07,-1.6287,155280989.44,7666754571.0,4974866598.0,76.66754571,49.74866598,1.38,58.8605,4.7707
301163,宏德股份,江苏,电气设备,创业板,20220419,20260805,22.93,1.0132,30693873.61,1871088000.0,1254858008.0,18.71088,12.54858008,0.86,45.8929,1.6325
301165,锐捷网络,福建,通信设备,创业板,20221121,20260805,115.52,7.3706,4271734389.0899997,128647276928.0,128647276928.0,1286.47276928,1286.47276928,1.21,184.7451,25.0628
301166,优宁维,上海,医药商业,创业板,20211228,20260805,26.37,-0.9763,25693864.0,2272263345.0,1487808585.0,22.72263345,14.87808585,0.7,,1.14
301167,建研设计,安徽,建筑工程,创业板,20211206,20260805,13.41,-0.1489,32095742.900000002,1501920000.0,1417631445.0,15.0192,14.17631445,0.76,69.2317,1.5637
301168,通灵股份,江苏,电气设备,创业板,20211210,20260805,42.81,5.4433,98443175.16,5137200000.0,4080362373.0,51.372,40.80362373,1.78,200.6977,2.4164
301169,零点有数,北京,文教休闲,创业板,20211103,20260805,54.09,6.5813,178615598.34,3896670645.0,3894966810.0,38.96670645,38.9496681,1.5,,8.9901
301170,锡南科技,江苏,汽车配件,创业板,20230627,20260805,22.01,-0.2267,20161899.16,2201000000.0,836461437.0,22.01,8.36461437,0.98,21.7061,1.22
301171,易点天下,陕西,互联网,创业板,20220819,20260805,39.01,3.75,4495971056.8,24128504210.0,19578522147.0,241.2850421,195.78522147,1.53,152.6092,6.5988
301172,君逸数码,四川,软件服务,创业板,20230726,20260805,17.76,3.6173,154992658.76,3992423136.0,2953273104.0,39.92423136,29.53273104,1.42,114.7301,2.6795
301173,毓恬冠佳,上海,汽车配件,创业板,20250303,20260805,30.26,-0.624,25113468.0,2657881047.9999995,932876462.0,26.578810479999994,9.32876462,0.98,15.36,1.7162
301175,中科环保,北京,环境保护,创业板,20220708,20260805,5.46,-0.9074,97738878.39,8036464800.0,3395464800.0,80.364648,33.954648,0.73,21.0508,2.1157
301176,逸豪新材,江西,元器件,创业板,20220928,20260805,44.0,6.1776,480838566.39,7438934800.0,7218358400.0,74.389348,72.183584,1.0,,5.0018
301177,迪阿股份,深圳,服饰,创业板,20211215,20260805,23.24,1.3519,29486298.09,9302379380.0,9296216132.0,93.0237938,92.96216132,1.22,66.8731,1.4775
301178,天亿马,广东,软件服务,创业板,20211112,20260805,36.65,1.9471,127769901.91,3412268930.0,2517400540.0,34.1226893,25.1740054,1.03,455.6001,4.3709
301179,泽宇智能,江苏,软件服务,创业板,20211208,20260805,20.01,1.9878,80217555.55999999,8092194075.0,4751874750.0,80.92194075,47.5187475,1.03,54.1435,3.1877
301180,万祥科技,江苏,元器件,创业板,20211116,20260805,11.53,1.4965,35497960.0,4612115300.0,1892511140.0,46.121153,18.9251114,0.73,,3.524
301181,标榜股份,江苏,汽车配件,创业板,20220221,20260805,22.0,1.6636,52831436.58,3304472600.0,2579183200.0,33.044726,25.791832,1.36,27.8281,2.2228
301182,凯旺科技,河南,元器件,创业板,20211223,20260805,69.19,7.4379,423025102.36,6629903423.0,6046112798.0,66.29903423,60.46112798,1.44,,10.002
301183,东田微,湖北,元器件,创业板,20220524,20260805,161.45,0.5355,1050893233.22,12928318635.0,9476953550.0,129.28318635,94.7695355,1.27,128.5289,13.1135
301185,鸥玛软件,山东,软件服务,创业板,20211119,20260805,16.87,0.2377,50742740.62,2588154912.0,2339319038.0,25.88154912,23.39319038,0.85,44.4525,2.3794
301186,超达装备,江苏,专用机械,创业板,20211223,20260805,35.08,6.3998,73864474.4,4025201979.9999995,3784539148.0000005,40.25201979999999,37.84539148,1.11,30.3833,2.49
301187,欧圣电气,江苏,家用电器,创业板,20220422,20260805,15.78,-0.1898,39596175.0,4022850630.0,4022850630.0,40.2285063,40.2285063,0.62,38.4929,2.7468
301188,力诺药包,山东,玻璃,创业板,20211111,20260805,37.55,8.9985,704199067.1700001,10045999330.0,10045999330.0,100.4599933,100.4599933,1.14,253.3003,5.1246
301189,奥尼电子,深圳,IT设备,创业板,20211228,20260805,46.15,4.0352,205028714.82,7551986000.0,7288990995.0,75.51986,72.88990995,0.88,,3.6428
301190,善水科技,江西,染料涂料,创业板,20211224,20260805,18.2,-0.3831,171495532.70000002,3906384300.0,2604492800.0,39.063843,26.044928,0.99,54.3412,1.9719
301191,菲菱科思,深圳,通信设备,创业板,20220526,20260805,90.23,5.7796,665235012.48,8743016310.0,6591996271.0,87.4301631,65.91996271,1.18,134.6543,5.1353
301192,泰祥股份,湖北,汽车配件,创业板,20220811,20260805,19.0,-0.0526,24327632.3,1923599900.0,935005200.0,19.235999,9.350052,0.75,35.8411,2.9468
301193,家联科技,浙江,家居用品,创业板,20211209,20260805,17.62,5.194,86326615.53999999,4244332030.0,3245276268.0000005,42.4433203,32.452762680000006,1.5,,3.0755
301195,北路智控,江苏,软件服务,创业板,20220801,20260805,26.61,1.3714,37499102.27,3514377378.0,2333425578.0,35.14377378,23.33425578,0.89,23.2141,1.4232
301196,唯科科技,福建,专用机械,创业板,20220111,20260805,75.7,11.7673,593233255.97,12430954380.0,8160134490.0,124.3095438,81.6013449,1.24,48.3818,3.7186
301197,工大科雅,河北,软件服务,创业板,20220808,20260805,25.69,7.1756,158800221.79000002,3096675169.0,2793769516.9999995,30.96675169,27.937695169999994,1.55,97.7078,2.3439
301198,喜悦智行,浙江,塑料,创业板,20211202,20260805,11.84,1.8933,52411369.86,2000960000.0,1841764096.0000002,20.0096,18.417640960000004,0.93,,2.2109
301199,迈赫股份,山东,专用机械,创业板,20211207,20260805,18.51,0.1623,35926963.53,3455372760.0,3325800909.0,34.5537276,33.25800909,1.08,31.8683,1.779
301200,大族数控,深圳,专用机械,创业板,20220228,20260805,261.39,5.6164,1214046107.8600001,127821748842.0,111152986959.0,1278.21748842,1111.52986959,1.29,155.0731,11.4125
301201,诚达药业,浙江,生物制药,创业板,20220120,20260805,31.18,4.8067,242614535.86,4823976284.0,3384411274.0,48.23976284,33.84411274,1.31,,2.2956
301202,朗威股份,江苏,机械基件,创业板,20230705,20260805,33.54,1.9143,54091340.0,4574856000.0,2670370949.9999995,45.74856,26.703709499999995,0.88,68.2589,3.7641
301203,国泰环保,浙江,环境保护,创业板,20230404,20260805,32.86,1.4824,25456585.0,2628800000.0,1440664549.9999998,26.288,14.406645499999998,1.03,23.084,1.8836
301205,联特科技,湖北,通信设备,创业板,20220913,20260805,261.08,-2.1952,3540361633.26,33962461260.0,21864196815.999996,339.6246126,218.64196815999995,1.2,329.4559,20.8609
301206,三元生物,山东,食品,创业板,20220210,20260805,23.65,-0.1688,28410644.0,4785002805.0,3081017940.0,47.85002805,30.8101794,0.75,52.3462,1.1219
301207,华兰疫苗,河南,生物制药,创业板,20220218,20260805,17.76,-0.3926,73852872.48,10674250176.0,10667512032.000002,106.74250176,106.67512032000002,0.94,58.3548,1.8591
301208,中亦科技,北京,软件服务,创业板,20220707,20260805,29.81,0.438,40273547.7,3577202981.0,1969609301.0,35.77202981,19.69609301,1.02,65.6229,2.286
301209,联合化学,山东,染料涂料,创业板,20220825,20260805,49.2,6.4014,189560489.68,7714560000.0,6590645040.0,77.1456,65.9064504,1.55,146.5458,9.9827
301210,金杨精密,江苏,电气设备,创业板,20230630,20260805,24.15,2.1574,79721719.99,3891992265.0,1486396275.0,38.91992265,14.86396275,0.74,76.3018,2.0658
301211,亨迪药业,湖北,化学制药,创业板,20211222,20260805,10.85,0.0923,87735766.66,4530960000.0,4530907920.0,45.3096,45.3090792,0.84,129.7875,1.9851
301212,联盛化学,浙江,化工原料,创业板,20220419,20260805,21.43,1.999,25223608.0,2314440000.0,2009062500.0,23.1444,20.090625,0.95,167.076,1.7151
301213,观想科技,四川,软件服务,创业板,20211206,20260805,45.99,0.8774,182263180.98999998,5150880000.0,3329469045.0,51.5088,33.29469045,1.29,386.952,6.4054
301215,中汽股份,江苏,汽车服务,创业板,20220308,20260805,5.36,0.5629,144945873.97,7096104000.0,7088064000.0,70.96104,70.88064,2.26,33.3659,2.3892
301216,万凯新材,浙江,化工原料,创业板,20220329,20260805,16.73,2.0122,198434972.92,9706819612.0,9111338684.0,97.06819612,91.11338684,0.93,57.4012,1.4839
301217,铜冠铜箔,安徽,元器件,创业板,20220127,20260805,94.9,10.1439,3964820690.85,78673570950.0,78673570950.0,786.7357095,786.7357095,1.28,1255.7659,14.3015
301218,华是科技,浙江,软件服务,创业板,20220307,20260805,40.99,7.5289,498799728.13,4674499600.0,2872120112.0,46.744996,28.72120112,1.15,,5.15
301219,腾远钴业,江西,小金属,创业板,20220317,20260805,47.6,3.4108,403963164.95,18222769880.0,13006228760.0,182.2276988,130.0622876,1.14,16.4051,1.8465
301220,亚香股份,江苏,化工原料,创业板,20220622,20260805,27.92,-0.2501,35991729.4,3155152648.0,2178237432.0,31.55152648,21.78237432,0.98,27.2847,1.8086
301221,光庭信息,湖北,软件服务,创业板,20211222,20260805,29.18,3.5486,115059098.56,3834260753.9999995,2606964544.0,38.342607539999996,26.06964544,1.77,51.2433,1.8817
301222,浙江恒威,浙江,电气设备,创业板,20220309,20260805,24.39,2.9548,42987621.6,3422848698.0,2599976439.0,34.22848698,25.99976439,0.92,41.0514,2.3304
301223,中荣股份,广东,广告包装,创业板,20221026,20260805,16.42,0.0609,18840409.42,3171155192.0,3171155192.0,31.71155192,31.71155192,0.89,20.6725,1.0479
301225,恒勃股份,浙江,汽车配件,创业板,20230616,20260805,54.18,1.8613,142777751.64000002,7806915396.0,2383269840.0,78.06915396,23.8326984,0.78,57.2454,4.8726
301226,祥明智能,江苏,电气设备,创业板,20220325,20260805,28.88,1.5471,45496815.1,3142144000.0,3142144000.0,31.42144,31.42144,0.73,189.2824,3.4565
301227,森鹰窗业,黑龙江,家居用品,创业板,20220926,20260805,23.01,7.2227,192236192.92,3024869289.0,1700632284.0,30.24869289,17.00632284,2.86,,1.8863
301228,实朴检测,上海,电器仪表,创业板,20220128,20260805,61.25,-3.816,212906405.34,7350000000.0,7315718375.0,73.5,73.15718375,0.81,,12.2668
301229,纽泰格,江苏,汽车配件,创业板,20220222,20260805,12.0,0.4184,33804874.199999996,2181366000.0,1551367200.0,21.81366,15.513672,0.8,57.494,1.7584
301230,泓博医药,上海,生物制药,创业板,20221101,20260805,27.31,2.0935,349854564.88,4941501441.0,4444645149.0,49.41501441,44.44645149,1.08,144.0891,4.7978
301231,荣信文化,陕西,出版业,创业板,20220908,20260805,27.7,1.6141,184837278.95000002,2337880000.0,1812438700.0,23.3788,18.124387,0.87,,2.8783
301232,飞沃科技,湖南,机械基件,创业板,20230615,20260805,110.03,5.8083,471004839.33,11567486909.0,6869965116.0,115.67486909,68.69965116,0.96,306.1007,8.1734
301233,盛帮股份,四川,汽车配件,创业板,20220706,20260805,32.05,0.7862,25015576.2,2300125940.0,1262004005.0,23.0012594,12.62004005,0.94,26.3971,2.2903
301234,五洲医疗,安徽,医疗保健,创业板,20220705,20260805,71.55,3.9971,379503243.42,4865400000.0,2874206430.0,48.654,28.7420643,0.87,257.5237,6.3263
301235,华康洁净,湖北,医疗保健,创业板,20220128,20260805,40.6,6.2827,311038872.37,5653550000.0,4231262980.0,56.5355,42.3126298,0.9,47.9739,2.9903
301236,软通动力,北京,软件服务,创业板,20220315,20260805,42.79,11.5485,2894238414.93,44295750147.0,33620500946.999996,442.95750147,336.20500946999994,2.72,214.9097,3.3184
301237,和顺科技,浙江,塑料,创业板,20220323,20260805,51.34,6.316,107607314.36999999,4107200000.0,2990555000.0,41.072,29.90555,1.02,,3.5499
301238,瑞泰新材,江苏,化工原料,创业板,20220617,20260805,16.72,1.272,172201311.01,12261332776.0,12261332776.0,122.61332776,122.61332776,0.91,55.1391,1.66
301239,普瑞眼科,四川,医疗保健,创业板,20220705,20260805,32.3,-0.9506,83554824.31,4832693700.0,4588021200.0,48.326937,45.880212,1.32,,2.2876
301246,宏源药业,湖北,化学制药,创业板,20230320,20260805,19.94,2.2564,169260037.9,7976137585.999999,3391345349.9999995,79.76137585999999,33.913453499999996,0.92,66.9963,1.7308
301248,杰创智能,广东,软件服务,创业板,20220420,20260805,62.65,9.9123,612530959.1400001,9629618250.0,7037393055.0,96.2961825,70.37393055,1.63,704.256,6.3844
301251,威尔高,江西,元器件,创业板,20230906,20260805,33.19,7.411,238196422.48000002,6258442479.0,2508822143.0,62.58442479,25.08822143,1.04,92.9809,4.0254
301252,同星科技,浙江,机械基件,创业板,20230525,20260805,30.8,2.7009,77822342.92999999,5212143552.0,4179776832.0000005,52.12143552,41.79776832,0.71,48.0019,3.8497
301255,通力科技,浙江,机械基件,创业板,20221227,20260805,20.47,0.3923,29016334.0,3117990400.0,2736366143.0,31.179904,27.36366143,1.09,71.4186,2.9191
301256,华融化学,四川,化工原料,创业板,20220322,20260805,10.17,3.3537,53207514.4,4881600000.0,4881600000.0,48.816,48.816,1.16,67.9988,2.7976
301257,普蕊斯,上海,医疗保健,创业板,20220517,20260805,41.59,1.8614,188088308.14000002,3285809632.0,3132513051.0,32.85809632,31.32513051,0.89,29.9696,2.564
301258,富士莱,江苏,化学制药,创业板,20220329,20260805,24.72,-0.8424,37422499.0,2266082400.0,2201686800.0,22.660824,22.016868,0.62,35.2453,1.2171
301259,艾布鲁,湖南,环境保护,创业板,20220426,20260805,23.94,6.9227,240763445.5,5415228000.0,3472722036.0,54.15228,34.72722036,1.43,179.9006,6.1163
301260,格力博,江苏,专用机械,创业板,20230208,20260805,14.1,0.9306,42184730.150000006,6815312182.999999,2895211797.0,68.15312182999999,28.95211797,1.02,,1.5796
301261,恒工精密,河北,机械基件,创业板,20230710,20260805,57.48,1.8066,139506174.20000002,6062317884.0,6011229660.0,60.62317884,60.1122966,0.96,68.0239,3.7517
301262,海看股份,山东,影视音像,创业板,20230620,20260805,20.74,-2.0774,281377372.22,8648580000.0,2531843796.0,86.4858,25.31843796,0.93,20.8396,2.2698
301263,泰恩康,广东,医药商业,创业板,20220329,20260805,20.41,-0.2444,66033482.8,10421284770.0,7435430353.0,104.2128477,74.35430353,0.62,363.962,6.1416
301265,华新科技,北京,环境保护,创业板,20221216,20260805,18.94,6.3448,126751151.80000001,5738312067.0,4620093141.0,57.38312067,46.20093141,0.88,95.4088,2.6983
301266,宇邦新材,江苏,电气设备,创业板,20220608,20260805,21.27,-0.0939,70376238.41000001,3041067615.0,2884901148.0,30.41067615,28.84901148,0.84,104.2125,1.6795
301267,华厦眼科,福建,医疗保健,创业板,20221107,20260805,16.34,-1.0297,53179069.0,13725600000.0,10595581495.999998,137.256,105.95581495999998,0.72,31.1482,2.5222
301268,铭利达,深圳,机械基件,创业板,20220407,20260805,13.34,0.4518,49291850.15,5347321658.0,4836222236.0,53.47321658,48.36222236,0.98,,3.5812
301269,华大九天,北京,半导体,创业板,20220729,20260805,92.85,3.3849,929975999.6,50870156610.0,50870156610.0,508.7015661,508.7015661,1.3,834.1623,9.778
301270,汉仪股份,北京,软件服务,创业板,20220831,20260805,33.74,-4.3108,551162243.3,3374000000.0,3188187072.0,33.74,31.88187072,2.0,237.1288,3.486
301272,英华特,江苏,专用机械,创业板,20230713,20260805,32.82,-1.1148,35575406.38,1920045486.0,1214792916.0,19.20045486,12.14792916,1.15,52.9185,1.8784
301273,瑞晨环保,上海,机械基件,创业板,20221025,20260805,35.4,0.9698,152952062.0,3550566900.0,2725113240.0,35.505669,27.2511324,1.3,,4.0612
301275,汉朔科技,浙江,元器件,创业板,20250311,20260805,45.83,-0.6934,325400320.58,19358592000.0,13788377135.999998,193.58592,137.88377135999997,0.77,42.8533,4.6569
301276,嘉曼服饰,北京,服饰,创业板,20220909,20260805,19.99,1.5752,30171151.25,2590704000.0,1444629324.0,25.90704,14.44629324,0.57,24.548,1.1926
301277,新天地,河南,化学制药,创业板,20221116,20260805,10.37,-0.5753,71959121.62,4065853008.0000005,4065853008.0000005,40.658530080000006,40.658530080000006,1.33,33.5334,2.5618
301278,快可电子,江苏,电气设备,创业板,20220804,20260805,27.26,-0.4746,43355088.8,2445445532.0,1401218520.0000002,24.45445532,14.012185200000003,1.14,119.6182,1.7173
301279,金道科技,浙江,工程机械,创业板,20220413,20260805,18.05,1.1204,31624686.83,3041870835.0,2355519585.0,30.41870835,23.55519585,0.9,47.1669,2.21
301280,珠城科技,浙江,元器件,创业板,20221226,20260805,39.47,4.6117,86893643.66,7558197134.0,3924636298.0,75.58197134,39.24636298,0.96,36.1675,3.8241
301281,科源制药,山东,化学制药,创业板,20230404,20260805,37.0,2.5499,62086105.29,4006730000.0,2625224000.0,40.0673,26.25224,0.45,242.0548,2.8778
301282,金禄电子,广东,元器件,创业板,20220826,20260805,22.76,3.6902,185797715.41,4800855564.0,4018913004.0,48.00855564,40.18913004,1.15,53.1087,2.7802
301283,聚胶股份,广东,日用化工,创业板,20220902,20260805,25.61,0.4314,26861895.47,2976464781.0,2339760383.0,29.76464781,23.39760383,0.76,15.5675,1.7356
301285,鸿日达,江苏,元器件,创业板,20220928,20260805,70.39,7.7948,227012007.03,14547501299.999998,14547501299.999998,145.475013,145.475013,0.92,,15.413
301286,侨源股份,四川,化工原料,创业板,20220614,20260805,39.67,3.469,63829278.339999996,15871967000.0,6398279092.0,158.71967,63.98279092,0.87,68.2967,7.8339
301287,康力源,江苏,文教休闲,创业板,20230614,20260805,33.88,-1.7686,30815261.0,2258782988.0,577023832.0,22.58782988,5.77023832,1.66,32.527,1.9157
301288,清研环境,深圳,环境保护,创业板,20220422,20260805,16.52,0.0606,24279763.0,1784325200.0,1290370592.0,17.843252,12.90370592,1.14,,2.2767
301289,国缆检测,上海,电器仪表,创业板,20220622,20260805,43.92,0.3656,25057099.6,3425760000.0,3403839528.0000005,34.2576,34.03839528,0.8,39.7227,3.3106
301290,东星医疗,江苏,医疗保健,创业板,20221130,20260805,26.85,1.9749,42528978.74,2689653105.0,2136682725.0,26.89653105,21.36682725,0.74,,1.2421
301291,明阳电气,广东,电气设备,创业板,20230630,20260805,40.5,-1.2677,328055036.90000004,12738878100.0,6627699449.999999,127.388781,66.27699449999999,1.06,21.6541,2.5156
301292,海科新源,山东,化工原料,创业板,20230707,20260805,69.67,3.5369,1115972928.3799999,15522183385.999998,5935131564.0,155.22183385999998,59.35131564,1.1,,5.4278
301293,三博脑科,北京,医疗保健,创业板,20230505,20260805,56.56,1.2531,761846920.47,11650624720.0,11650624720.0,116.5062472,116.5062472,0.91,138.3968,4.9419
301295,美硕科技,浙江,电气设备,创业板,20230628,20260805,43.1,5.276,145270107.75,4344480000.0,1267140000.0,43.4448,12.6714,1.01,192.6383,4.4493
301296,新巨丰,山东,广告包装,创业板,20220902,20260805,6.28,-0.9464,22232224.900000002,2682323108.0,2682261878.0,26.82323108,26.82261878,1.17,61.3866,1.0088
301297,富乐德,安徽,半导体,创业板,20221230,20260805,33.73,2.4916,849341206.72,23419054780.0,17817101466.0,234.1905478,178.17101466,1.17,58.1474,4.3177
301298,东利机械,河北,汽车配件,创业板,20220606,20260805,12.15,-0.7353,22484955.4,1783620000.0,1314425880.0,17.8362,13.1442588,0.89,26.3996,1.87
301299,卓创资讯,山东,互联网,创业板,20221019,20260805,44.81,1.7253,54192390.22,2718291106.0,2006555952.0,27.18291106,20.06555952,0.85,41.4107,4.465
301300,远翔新材,福建,化工原料,创业板,20220819,20260805,30.28,0.967,27197185.0,1981190119.9999998,1190427920.0,19.811901199999998,11.9042792,1.13,22.0356,2.3554
301301,川宁生物,新疆,化学制药,创业板,20221227,20260805,8.76,-1.2401,102679144.59,19554886680.0,5431043196.0,195.5488668,54.31043196,0.95,25.4287,2.3865
301302,华如科技,北京,软件服务,创业板,20220623,20260805,24.4,2.1348,330007470.29,3803106000.0,3391356000.0,38.03106,33.91356,1.74,,2.5922
301303,真兰仪表,上海,电器仪表,创业板,20230220,20260805,13.72,-0.7236,71762463.42,5608736000.0,1402184000.0,56.08736,14.02184,1.09,16.3492,1.6031
301305,朗坤科技,深圳,环境保护,创业板,20230523,20260805,22.69,2.8558,195464377.94,5490090643.0,2821536760.0,54.90090643,28.2153676,1.34,20.6899,1.4122
301306,西测测试,陕西,航空,创业板,20220726,20260805,91.4,6.0817,357369565.68,7714160000.0,5325192500.0,77.1416,53.251925,1.15,,9.1749
301307,美利信,重庆,通信设备,创业板,20230424,20260805,49.08,9.4803,526555466.61999995,10336248000.0,5338986204.0,103.36248,53.38986204,0.99,,4.2332
301308,江波龙,深圳,半导体,创业板,20220805,20260805,364.92,8.591,8273900772.509999,154383420120.0,102853395348.0,1543.8342012,1028.53395348,1.01,108.4688,12.6707
301309,万得凯,浙江,机械基件,创业板,20220919,20260805,29.99,0.3346,21091009.0,3015026656.0,1816821191.0,30.15026656,18.16821191,0.75,26.5105,1.7996
301310,鑫宏业,江苏,汽车配件,创业板,20230602,20260805,54.83,7.8906,488897545.86999995,10470271004.0,3343856897.0,104.70271004,33.43856897,1.08,78.9125,4.4228
301311,昆船智能,云南,机械基件,创业板,20221130,20260805,13.58,0.2954,28411594.11,3259200000.0,3259200000.0,32.592,32.592,0.82,,1.9015
301312,智立方,深圳,专用机械,创业板,20220711,20260805,62.53,9.1084,471967727.65000004,10537580612.000002,5300911967.0,105.37580612000002,53.00911967,1.13,139.7879,8.5303
301313,凡拓数创,广东,文教休闲,创业板,20220930,20260805,37.07,4.2463,517044552.16999996,3835017538.0,2911978801.0,38.35017538,29.11978801,1.55,,5.9426
301314,科瑞思,广东,元器件,创业板,20230328,20260805,39.92,1.8367,39884608.440000005,2205580000.0,728835408.0,22.0558,7.28835408,0.97,115.9831,2.0937
301315,威士顿,上海,软件服务,创业板,20230621,20260805,38.85,2.0757,63182346.0,3418800000.0,3418800000.0,34.188,34.188,1.0,118.3132,3.3077
301316,慧博云通,浙江,软件服务,创业板,20221013,20260805,39.77,3.5407,573119514.86,16051211770.0,15559909098.0,160.5121177,155.59909098,1.04,164.1358,14.4801
301317,鑫磊股份,浙江,机械基件,创业板,20230119,20260805,44.29,5.5278,144962836.95,6961945100.0,2311791843.0,69.619451,23.11791843,0.86,24.7604,5.6757
301318,维海德,深圳,IT设备,创业板,20220810,20260805,20.84,1.6585,36169045.400000006,2819628763.0,1941896104.0,28.19628763,19.41896104,1.01,33.0158,1.4925
301319,唯特偶,深圳,元器件,创业板,20220929,20260805,98.01,5.6142,1693287053.89,17882637523.0,13478306580.999998,178.82637523,134.78306580999998,1.72,226.9565,14.7042
301320,豪江智能,山东,电气设备,创业板,20230609,20260805,12.58,0.4792,23160477.4,2289685800.0,1436751736.0,22.896858,14.36751736,0.94,222.5148,2.1723
301321,翰博高新,安徽,元器件,创业板,20220818,20260805,35.16,6.7071,239220017.85999998,6555054600.0,5190175044.0,65.550546,51.90175044,0.91,,6.7181
301322,绿通科技,广东,摩托车,创业板,20230306,20260805,36.31,5.1854,152846172.96,5179835729.0,3493483137.0,51.79835729,34.93483137,0.94,117.6164,1.8292
301323,新莱福,广东,橡胶,创业板,20230606,20260805,73.88,5.4073,165039583.0,7874455472.0,5065412276.0,78.74455472,50.65412276,1.17,56.9427,3.4989
301325,曼恩斯特,深圳,专用机械,创业板,20230512,20260805,31.87,2.5088,51713307.06,4585860349.0,4585860349.0,45.85860349,45.85860349,0.98,,1.7331
301326,捷邦科技,广东,元器件,创业板,20220921,20260805,87.65,7.1516,185891716.64,6373005205.0,6317364985.0,63.73005205,63.17364985,1.13,,5.1606
301327,华宝新能,深圳,电气设备,创业板,20220919,20260805,46.11,0.3482,54086117.22,8040726354.0,8040726354.0,80.40726354,80.40726354,1.02,468.7409,1.3197
301328,维峰电子,广东,元器件,创业板,20220908,20260805,48.13,5.2022,114397478.34,7669308541.0,5542848133.0,76.69308541,55.42848133,0.59,77.6016,3.8471
301329,信音电子,江苏,元器件,创业板,20230717,20260805,19.42,0.8831,67182919.17999999,3305284000.0,1282496800.0,33.05284,12.824968,0.9,53.6213,2.0819
301330,熵基科技,广东,IT设备,创业板,20220817,20260805,24.91,2.9764,103667996.53,5862608356.0,4840551056.0,58.62608356,48.40551056,1.15,27.3047,1.6889
301331,恩威医药,西藏,中成药,创业板,20220921,20260805,20.87,-0.2867,33696479.099999994,2147353682.0,2142038573.0,21.47353682,21.42038573,0.74,41.339,1.9769
301332,德尔玛,广东,家用电器,创业板,20230518,20260805,8.36,-0.7126,41527870.54000001,3858662500.0,2214064072.0,38.586625,22.14064072,0.95,29.7643,1.2983
301333,诺思格,北京,医疗保健,创业板,20220802,20260805,51.3,1.1834,133120847.00000001,4954618433.0,4948319716.0,49.54618433,49.48319716,1.07,36.1916,2.4819
301335,天元宠物,浙江,文教休闲,创业板,20221118,20260805,21.36,-0.0468,27557252.2,2729763143.9999995,1888050983.9999998,27.297631439999996,18.88050984,0.6,46.3932,1.4086
301336,趣睡科技,四川,家居用品,创业板,20220812,20260805,39.49,-1.3243,27153934.91,2049708705.0,1586151391.0,20.49708705,15.86151391,0.59,67.1003,2.4326
301337,亚华电子,山东,软件服务,创业板,20230526,20260805,25.2,0.3984,58545747.61,2625840000.0,2568731760.0,26.2584,25.6873176,1.2,,2.4221
301338,凯格精机,广东,专用机械,创业板,20220816,20260805,90.5,6.7847,533000656.47,13480880000.0,9822417500.0,134.8088,98.224175,1.0,72.1963,7.9384
301339,通行宝,江苏,IT设备,创业板,20220909,20260805,11.5,-0.2602,69429934.52,6672500100.0,6552700000.0,66.725001,65.527,0.82,30.1914,2.373
301345,涛涛车业,浙江,摩托车,创业板,20230321,20260805,246.48,-0.0081,285928619.85999995,26878397520.0,8634120456.0,268.7839752,86.34120456,0.69,32.9262,7.1131
301348,蓝箭电子,广东,半导体,创业板,20230810,20260805,19.75,3.187,268938579.55,4740000000.0,3063999200.0,47.4,30.639992,1.26,,3.226
301349,信德新材,辽宁,化工原料,创业板,20220909,20260805,41.94,8.3721,282113315.40000004,5976387090.0,4718929428.0,59.7638709,47.18929428,1.28,154.7536,2.1619
301353,普莱得,浙江,专用机械,创业板,20230530,20260805,17.45,2.4061,28209753.53,2216444905.0,712429405.0,22.16444905,7.12429405,0.99,30.4622,1.6851
301355,南王科技,福建,广告包装,创业板,20230612,20260805,9.68,0.3109,29471400.0,1888547672.0,1352469272.0,18.88547672,13.52469272,0.88,,1.2798
301356,天振股份,浙江,家居用品,创业板,20221114,20260805,18.71,1.5193,35384484.0,4041360000.0,2370510225.0,40.4136,23.70510225,0.61,47.9712,1.3519
301357,北方长龙,陕西,专用机械,创业板,20230418,20260805,94.2,0.2874,418140107.81,8967840000.0,8967840000.0,89.6784,89.6784,0.68,310.5882,7.8604
301358,湖南裕能,湖南,电气设备,创业板,20230209,20260805,65.91,4.1561,1214401287.84,55873996347.0,50376963936.0,558.73996347,503.76963936,1.19,43.7478,2.9349
301359,东南电子,浙江,元器件,创业板,20221109,20260805,15.95,0.3145,25518219.44,1916807200.0,1134794650.0,19.168072,11.3479465,0.74,47.3955,2.2297
301360,荣旗科技,江苏,专用机械,创业板,20230425,20260805,50.2,4.4093,143863347.72,3503235112.0,1709536302.0000002,35.03235112,17.09536302,1.01,82.3967,2.9311
301361,众智科技,河南,电气设备,创业板,20221116,20260805,29.36,-0.4746,41394988.0,3415624960.0,1654024960.0000002,34.1562496,16.540249600000003,1.06,35.4043,2.7421
301362,民爆光电,深圳,电气设备,创业板,20230804,20260805,126.0,9.5652,760291311.94,18389032200.0,5159032200.0,183.890322,51.590322,1.33,99.691,7.2091
301363,美好医疗,深圳,医疗保健,创业板,20221012,20260805,16.9,1.137,183106774.31,13451838920.0,8822312070.0,134.5183892,88.2231207,0.68,47.5194,3.5544
301365,矩阵股份,深圳,建筑工程,创业板,20221122,20260805,37.08,5.0723,160006193.3,6764459904.0,4578104448.0,67.64459904,45.78104448,1.21,107.5105,3.8406
301366,一博科技,深圳,元器件,创业板,20220926,20260805,45.83,2.9888,739527768.62,9603044046.0,5361945012.000001,96.03044046,53.61945012000001,1.44,328.9991,4.3549
301367,瑞迈特,北京,医疗保健,创业板,20221101,20260805,45.72,1.1952,103691035.18,5727998196.0,4485095424.0,57.27998196,44.85095424,0.88,25.3839,1.8614
301368,丰立智能,浙江,机械基件,创业板,20221215,20260805,43.53,1.5395,144973408.45,5227953000.0,5227953000.0,52.27953,52.27953,1.21,,5.5464
301369,联动科技,广东,半导体,创业板,20220922,20260805,130.39,8.4775,337088840.87,13339901003.0,7151787188.0,133.39901003,71.51787188,0.92,397.5837,8.7914
301370,国科恒泰,北京,医药商业,创业板,20230712,20260805,8.67,-1.0274,35173000.0,4080102000.0,4080102000.0,40.80102,40.80102,1.12,59.8692,1.6266
301371,敷尔佳,黑龙江,日用化工,创业板,20230801,20260805,25.7,-1.0015,58136295.339999996,13366672800.0,2003965210.0,133.666728,20.0396521,0.78,30.8933,2.2785
301372,科净源,北京,环境保护,创业板,20230811,20260805,29.61,3.063,42214112.0,2030399154.0,1219055544.0,20.30399154,12.19055544,1.04,,2.7396
301373,凌玮科技,广东,化工原料,创业板,20230208,20260805,85.97,9.9361,512394907.59999996,9325346437.0,3506123106.9999995,93.25346437,35.06123107,1.18,67.9468,5.4865
301376,致欧科技,河南,家居用品,创业板,20230621,20260805,20.57,6.47,153770942.0,8278787330.0,3983234453.0,82.7878733,39.83234453,1.96,24.6535,2.4093
301377,鼎泰高科,广东,机械基件,创业板,20221122,20260805,416.07,10.7423,2469103351.6099997,176432375689.0,41133068809.0,1764.32375689,411.33068809,1.33,406.869,60.8034
301378,通达海,江苏,软件服务,创业板,20230320,20260805,26.6,1.0254,195318359.54,2569560000.0,1221325700.0,25.6956,12.213257,1.07,,2.1626
301379,天山电子,广西,元器件,创业板,20221101,20260805,21.21,6.6901,507609633.12,5885386857.0,4638196437.0,58.85386857,46.38196437,1.07,41.4536,4.0212
301380,挖金客,北京,软件服务,创业板,20221025,20260805,32.43,3.0505,178883769.98000002,3288155532.0000005,2618352798.0,32.881555320000004,26.18352798,1.58,76.4235,4.3526
301381,赛维时代,深圳,互联网,创业板,20230712,20260805,23.61,-0.0423,200991129.98,9597108489.0,9588183909.0,95.97108489,95.88183909,0.72,33.9147,3.4275
301382,蜂助手,广东,互联网,创业板,20230517,20260805,41.88,2.1463,1976930842.52,11960672532.0,9898631160.0,119.60672532,98.9863116,2.89,77.6309,6.2607
301383,天键股份,江西,元器件,创业板,20230609,20260805,21.78,0.2301,29727569.45,3556303740.0,1537975098.0,35.5630374,15.37975098,0.94,,1.8236
301386,未来电器,江苏,电气设备,创业板,20230329,20260805,19.93,-0.5985,19733268.0,2790200000.0,896850000.0,27.902,8.9685,0.9,28.9065,1.8317
301387,光大同创,深圳,元器件,创业板,20230418,20260805,52.67,4.8159,145873547.67999998,5653028964.0,2248092542.0,56.53028964,22.48092542,0.97,312.0291,3.4639
301388,欣灵电气,浙江,电气设备,创业板,20221109,20260805,23.83,1.0174,40059066.0,2441326308.0,1732035890.0,24.41326308,17.3203589,1.14,115.3932,2.4788
301389,隆扬电子,江苏,元器件,创业板,20221031,20260805,48.66,7.3698,394948752.09999996,13795110000.0,13795110000.0,137.9511,137.9511,1.14,132.9301,6.1437
301390,经纬股份,浙江,建筑工程,创业板,20230508,20260805,29.58,-1.4657,38682264.0,1774800000.0,1451082396.0,17.748,14.51082396,1.33,336.7549,1.8901
301391,卡莱特,深圳,IT设备,创业板,20221201,20260805,49.16,2.4167,53620838.6,4670927568.0,4563798096.0,46.70927568,45.63798096,0.63,238.9471,2.2294
301392,汇成真空,广东,专用机械,创业板,20240605,20260805,151.5,13.6449,979773312.25,15150000000.0,6180578850.0,151.5,61.8057885,1.13,680.8,20.0065
301393,昊帆生物,江苏,化工原料,创业板,20230712,20260805,58.8,4.7942,202894699.07,6350400000.0,2585300760.0,63.504,25.8530076,1.11,55.3891,2.6583
301395,仁信新材,广东,化工原料,创业板,20230703,20260805,11.98,-0.7457,77264339.28,2909347792.0,1525406212.0,29.09347792,15.25406212,0.85,86.8288,2.0177
301396,宏景科技,广东,软件服务,创业板,20221111,20260805,198.9,12.5955,5472303948.66,42748502940.0,28145702520.0,427.4850294,281.4570252,1.69,1616.3388,34.5252
301397,溯联股份,重庆,汽车配件,创业板,20230628,20260805,25.81,4.0726,122016953.66,5217940594.0,2386364209.0,52.17940594,23.86364209,1.22,36.8975,2.5781
301398,星源卓镁,浙江,汽车配件,创业板,20221215,20260805,36.02,8.2983,104723374.92,4034283440.0,3932734055.0,40.3428344,39.32734055,2.02,87.685,3.6604
301399,英特科技,浙江,机械基件,创业板,20230523,20260805,15.69,1.1605,23194439.03,2902963800.0,857985684.0,29.029638,8.57985684,0.93,89.5854,2.1997
301408,华人健康,安徽,医药商业,创业板,20230301,20260805,14.79,0.818,161196045.0,5916147900.0,3386309526.0,59.161479,33.86309526,0.83,30.9175,2.7184
301413,安培龙,深圳,电器仪表,创业板,20231218,20260805,67.5,10.6557,473851039.15000004,8634775500.0,5155299000.0,86.347755,51.55299,1.67,95.1541,6.7979
301418,协昌科技,江苏,电气设备,创业板,20230821,20260805,36.14,2.7288,56135222.6,2650265462.0,1063827882.0,26.50265462,10.63827882,0.81,536.2239,1.6408
301419,阿莱德,上海,通信设备,创业板,20230209,20260805,30.38,3.7923,148503755.75,4557003038.0,3012429154.0,45.57003038,30.12429154,1.32,71.6555,4.6861
301421,波长光电,江苏,元器件,创业板,20230823,20260805,72.82,6.8055,648450173.52,8426584760.0,3372184969.9999995,84.2658476,33.72184969999999,0.83,237.4263,6.9859
301428,世纪恒通,贵州,互联网,创业板,20230519,20260805,29.78,0.4046,112249657.16,2938294326.0,2073506950.0,29.38294326,20.7350695,0.9,,2.4381
301429,森泰股份,安徽,其他建材,创业板,20230417,20260805,16.43,-1.262,30331304.93,1942354600.0,723265030.0,19.423546,7.2326503,1.21,37.9462,1.4319
301439,泓淋电力,山东,电气设备,创业板,20230317,20260805,15.2,0.4627,156967404.67,5914347360.0,2785352880.0,59.1434736,27.8535288,0.85,29.4515,1.9426
301446,福事特,江西,机械基件,创业板,20230725,20260805,35.67,0.7627,27495499.0,3709680000.0,1133307240.0,37.0968,11.3330724,0.86,48.5873,3.0574
301448,开创电气,浙江,机械基件,创业板,20230619,20260805,43.49,1.9695,100116612.23,4549054000.0,3082701670.0,45.49054,30.8270167,1.2,,6.573
301449,天溯计量,深圳,电器仪表,创业板,20251223,20260805,38.79,-0.1287,107290510.23,3541697676.0,796882365.0,35.41697676,7.96882365,0.74,34.3361,3.0741
301456,盘古智能,山东,电气设备,创业板,20230714,20260805,23.08,-0.6885,49554656.22,3510221044.0,1582175544.0,35.10221044,15.82175544,1.02,42.1079,1.5775
301458,钧崴电子,广东,元器件,创业板,20250110,20260805,36.72,4.7646,310816098.7,9792001224.0,4313939040.0,97.92001224,43.1393904,1.13,74.6401,5.7573
301459,丰茂股份,浙江,汽车配件,创业板,20231213,20260805,35.2,2.2958,33664826.45999999,3665087359.9999995,918684800.0,36.6508736,9.186848,0.96,40.0394,2.8773
301468,博盈特焊,广东,专用机械,创业板,20230724,20260805,33.11,7.0136,270670585.74,5600493591.0,3228337574.0,56.00493591,32.28337574,1.38,102.562,2.4269
301469,恒达新材,浙江,造纸,创业板,20230822,20260805,26.87,0.2612,29505006.0,2404327600.0,1237597269.0,24.043276,12.37597269,0.63,29.9363,1.7045
301479,弘景光电,广东,元器件,创业板,20250318,20260805,48.79,2.9542,94895151.50999999,6076867685.0,3478770911.0,60.76867685,34.78770911,1.08,31.5188,4.6459
301486,致尚科技,深圳,元器件,创业板,20230707,20260805,141.7,3.5743,1026135129.6099999,18249358790.0,10330510970.0,182.4935879,103.3051097,1.22,193.9705,7.1434
301487,盟固利,天津,化工原料,创业板,20230809,20260805,16.39,1.4233,185412997.57999998,7533112796.0,4471093660.0,75.33112796,44.7109366,0.89,277.013,3.9018
301488,豪恩汽电,深圳,汽车配件,创业板,20230704,20260805,113.0,10.6325,439978049.15,11459635100.0,4695477700.0,114.596351,46.954777,3.17,152.9005,8.2608
301489,思泉新材,广东,元器件,创业板,20231024,20260805,96.7,8.1051,602645162.68,11245600790.0,6728463360.0,112.4560079,67.2846336,1.02,186.6183,10.2766
301491,汉桑科技,江苏,IT设备,创业板,20250806,20260805,39.54,0.2281,34473389.01,5100663954.0,1130191590.0,51.00663954,11.3019159,0.79,22.8191,2.3431
301498,乖宝宠物,山东,饲料,创业板,20230816,20260805,43.05,-0.2549,341687442.7,17240354040.0,7720698930.0,172.4035404,77.2069893,0.78,25.6117,3.6333
301499,维科精密,上海,汽车配件,创业板,20230721,20260805,24.3,2.1008,52350403.8,3359594070.0,3359594070.0,33.5959407,33.5959407,0.91,62.39,2.5717
301500,飞南资源,广东,环境保护,创业板,20230921,20260805,23.56,7.0423,380172846.03000003,13219110768.0,3393834491.9999995,132.19110768,33.93834492,1.71,46.0181,2.548
301501,恒鑫生活,安徽,造纸,创业板,20250319,20260805,28.89,1.1555,74026560.41999999,4272831000.0,1256715000.0,42.72831,12.56715,2.15,19.0886,2.0146
301502,华阳智能,江苏,电气设备,创业板,20240202,20260805,51.28,5.8629,56823431.7,2927241880.0,1209541360.0,29.2724188,12.0954136,1.1,137.3491,3.496
301503,智迪科技,广东,IT设备,创业板,20230717,20260805,21.4,-0.4651,18479848.3,2225600000.0,1234095200.0,22.256,12.340952,0.84,20.9247,2.0283
301505,苏州规划,江苏,建筑工程,创业板,20230719,20260805,15.97,-0.1251,31349977.02,1826968000.0,1455975318.0,18.26968,14.55975318,0.83,82.5458,1.8733
301507,民生健康,浙江,化学制药,创业板,20230905,20260805,12.17,-0.7341,44809946.77,4339267048.0,1339575023.0,43.39267048,13.39575023,1.3,36.5284,2.638
301508,中机认检,北京,电器仪表,创业板,20231201,20260805,24.3,2.7484,104936053.8,5493870360.0,1429724520.0,54.9387036,14.2972452,3.72,36.2359,2.6504
301509,金凯生科,辽宁,化学制药,创业板,20230803,20260805,29.27,1.7379,110682847.08000001,3525471982.0,1660806142.9999998,35.25471982,16.60806143,1.59,33.6376,1.5862
301510,固高科技,深圳,电器仪表,创业板,20230815,20260805,26.96,2.1599,226922328.0,10903133544.0,7526134728.0,109.03133544,75.26134728,1.06,173.1888,7.5137
301511,德福科技,江西,电气设备,创业板,20230817,20260805,76.76,11.7159,2703833115.7200003,48383516720.0,28756679474.999996,483.8351672,287.56679475,1.31,429.9896,11.6381
301512,智信精密,深圳,专用机械,创业板,20230720,20260805,29.81,1.5673,44112006.55,2225817308.0,1452381953.0,22.25817308,14.52381953,0.86,63.8541,2.1096
301513,尚水智能,深圳,专用机械,创业板,20260417,20260805,50.14,2.0973,61327612.760000005,5014000000.0,1010270860.0,50.14,10.1027086,1.04,32.0879,6.5823
301515,港通医疗,四川,医疗保健,创业板,20230725,20260805,17.96,-1.6429,27423317.41,1796001796.0,1213334496.0,17.96001796,12.13334496,0.86,,1.4659
301516,中远通,深圳,电气设备,创业板,20231208,20260805,15.75,1.3514,102798493.9,4421051775.0,1105262550.0,44.21051775,11.0526255,0.92,,3.4896
301517,陕西华达,陕西,元器件,创业板,20231017,20260805,39.41,2.3105,133142311.12999998,5960265934.0,3844922361.0,59.60265934,38.44922361,1.05,,4.6848
301518,长华化学,江苏,化工原料,创业板,20230803,20260805,25.15,2.2358,40518159.83,3658557925.0,1477298425.0,36.58557925,14.77298425,0.94,37.6325,2.1998
301519,舜禹股份,安徽,专用机械,创业板,20230727,20260805,11.46,0.1748,25738236.98,1852427634.0,872024633.9999999,18.52427634,8.72024634,0.88,,1.3462
301520,万邦医药,安徽,生物制药,创业板,20230925,20260805,49.25,7.1817,628049311.6800001,4588686525.0,1610396200.0,45.88686525,16.103962,0.97,125.9436,3.0276
301522,上大股份,河北,小金属,创业板,20241016,20260805,23.59,0.597,96331724.91999999,8772335453.0,6529280303.0,87.72335453,65.29280303,0.78,87.2738,4.4974
301525,儒竞科技,上海,家用电器,创业板,20230830,20260805,40.88,1.2382,49458126.32,5397652120.000001,2827330296.0,53.97652120000001,28.27330296,0.85,43.0311,1.6574
301526,国际复材,重庆,玻璃,创业板,20231226,20260805,34.19,14.0427,9455762034.76,128926318820.0,48016193251.0,1289.2631882,480.16193251,0.99,473.1743,15.1042
301528,多浦乐,广东,电器仪表,创业板,20230828,20260805,47.79,4.2539,80776472.12,4289391450.0,2210588577.0,42.8939145,22.10588577,0.75,64.5099,2.7402
301529,福赛科技,安徽,汽车配件,创业板,20230911,20260805,79.85,5.0243,233970737.9,9456140430.0,5075800995.0,94.5614043,50.75800995,0.93,71.2247,6.7149
301531,春光集团,山东,矿物制品,创业板,20260511,20260805,51.88,6.2897,248531882.45999998,11399768792.0,2432326356.0,113.99768792,24.32326356,1.36,91.7695,14.1494
301533,威马农机,重庆,农用机械,创业板,20230818,20260805,25.26,0.0396,27168049.0,2483227242.0,718311042.0,24.83227242,7.18311042,1.06,82.6866,2.2049
301535,浙江华远,浙江,汽车配件,创业板,20250327,20260805,16.81,-0.4147,80913853.73,7149193821.0,2854272441.0,71.49193821,28.54272441,0.64,71.3975,6.1402
301536,星宸科技,福建,半导体,创业板,20240328,20260805,114.5,5.4231,2414063868.58,48286394064.0,21433628498.999996,482.86394064,214.33628498999997,0.81,156.587,14.9777
301538,骏鼎达,深圳,塑料,创业板,20240320,20260805,39.29,2.9342,99782526.96000001,4312470400.0,1717267674.9999998,43.124704,17.172676749999997,1.08,22.1042,2.9318
301539,宏鑫科技,浙江,汽车配件,创业板,20240415,20260805,14.21,-0.6988,33671587.46,2103080000.0,1066626757.0000001,21.0308,10.66626757,1.54,76.1794,2.7256
301548,崇德科技,湖南,机械基件,创业板,20230920,20260805,63.96,3.2779,123465463.34,5564520000.0,1677990600.0,55.6452,16.779906,0.83,41.3589,3.5177
301550,斯菱智驱,浙江,汽车配件,创业板,20230915,20260805,73.99,4.772,499551102.69000006,24812450313.0,15186380909.0,248.12450313,151.86380909,1.04,143.7555,13.2828
301551,无线传媒,河北,影视音像,创业板,20240926,20260805,21.48,-0.831,119519724.91000001,8592214800.0,3319813476.0,85.922148,33.19813476,0.77,32.8493,3.407
301552,科力装备,河北,汽车配件,创业板,20240722,20260805,23.69,0.3388,40695836.38,2931874400.0,732968600.0,29.318744,7.329686,0.66,18.8871,2.4253
301555,惠柏新材,上海,化工原料,创业板,20231031,20260805,30.49,1.6333,64670364.99,2813214732.0,1474032952.0,28.13214732,14.74032952,0.99,38.6059,2.4895
301556,托普云农,浙江,软件服务,创业板,20241017,20260805,60.45,0.7668,121287073.75,5155176000.0,1782066000.0,51.55176,17.82066,1.06,48.4482,5.2078
301557,常友科技,江苏,电气设备,创业板,20250304,20260805,77.64,1.4902,70105661.60000001,4816086840.0,1930984440.0,48.1608684,19.3098444,0.86,54.1771,4.6439
301558,三态股份,深圳,互联网,创业板,20230928,20260805,6.7,-0.4458,51994448.1,5285303710.0,1470528730.0,52.8530371,14.7052873,1.03,108.6598,3.8211
301559,中集环科,江苏,专用机械,创业板,20231011,20260805,13.78,-1.8519,66661810.28000001,8268000000.0,1240200000.0,82.68,12.402,1.54,73.3497,1.8024
301560,众捷汽车,江苏,汽车配件,创业板,20250425,20260805,23.37,-0.1282,54838535.900000006,2841792000.0,1426972200.0,28.41792,14.269722,1.6,45.1155,2.9471
301563,云汉芯城,上海,元器件,创业板,20250930,20260805,125.16,5.6827,349452615.28999996,10594906643.999998,2395024212.0,105.94906643999998,23.95024212,1.56,107.1469,8.3733
301565,中仑新材,福建,塑料,创业板,20240620,20260805,20.89,0.481,224109148.27,8356208900.0,2674128900.0,83.562089,26.741289,1.81,106.8116,3.4219
301566,达利凯普,辽宁,元器件,创业板,20231229,20260805,23.82,6.912,726865937.95,9528238200.0,5028087576.0,95.282382,50.28087576,1.15,59.8731,6.2566
301567,贝隆精密,浙江,元器件,创业板,20240116,20260805,33.24,0.9107,34055005.0,2393283324.0,706014276.0,23.93283324,7.06014276,1.02,,3.2936
301568,思泰克,福建,专用机械,创业板,20231128,20260805,63.48,6.0829,283398630.49,6554843232.0,3021609912.0,65.54843232,30.21609912,1.04,58.6501,6.1323
301571,国科天成,北京,元器件,创业板,20240821,20260805,58.37,4.5308,300307227.05,10473089783.0,6955754442.0,104.73089783,69.55754442,0.83,51.308,5.0728
301575,艾芬达,江西,家居用品,创业板,20250910,20260805,27.2,0.0368,25122879.23,3300396320.0,662918400.0,33.0039632,6.629184,1.03,28.6533,2.3229
301577,美信科技,广东,元器件,创业板,20240124,20260805,52.5,3.7344,77992109.95,2364048750.0,989163000.0,23.6404875,9.89163,0.99,,3.2128
301578,辰奕智能,广东,IT设备,创业板,20231228,20260805,21.85,-0.907,49634124.81,2314592350.0,658141665.0000001,23.1459235,6.581416650000001,1.5,90.8309,2.4865
301580,爱迪特,河北,医疗保健,创业板,20240626,20260805,53.32,5.7517,421144289.03,7954826796.0,5374735980.0,79.54826796,53.7473598,1.1,40.5404,3.6672
301581,黄山谷捷,安徽,半导体,创业板,20250103,20260805,36.11,1.4896,26772403.48,2888800000.0,1764984580.0000002,28.888,17.6498458,1.0,52.4954,2.8387
301583,托伦斯,,,创业板,19700101,20260805,158.22,2.7803,2370260897.44,29345648814.0,4878144108.0,293.45648814,48.78144108,0.97,298.9098,32.259
301584,建发致新,上海,医药商业,创业板,20250925,20260805,22.17,0.0,63974265.019999996,9339966045.0,1190846031.0,93.39966045,11.90846031,0.83,34.6397,4.3069
301585,蓝宇股份,浙江,染料涂料,创业板,20241220,20260805,25.76,0.6643,19984704.5,2679040000.0,1754485264.0,26.7904,17.54485264,1.09,37.8521,2.6676
301586,佳力奇,安徽,航空,创业板,20240828,20260805,31.48,-0.0635,24294818.0,2612068740.0,1665641428.0,26.1206874,16.65641428,0.81,45.5686,2.0149
301587,中瑞股份,江苏,电气设备,创业板,20240408,20260805,21.43,0.5159,92329329.16,3157239040.0,1574097790.0,31.5723904,15.7409779,0.92,61.6563,1.582
301588,美新科技,广东,家居用品,创业板,20240313,20260805,30.84,2.9029,206948175.01000002,3665882952.0,2262397728.0,36.65882952,22.62397728,1.16,119.8771,3.8699
301589,诺瓦星云,陕西,IT设备,创业板,20240208,20260805,145.54,3.3298,132737011.99,13454881920.0,5016036100.0,134.5488192,50.160361,1.27,22.8885,3.5139
301590,优优绿能,深圳,电气设备,创业板,20250605,20260805,74.93,2.1541,65824349.660000004,4411458792.0,1826238918.0000002,44.11458792,18.262389180000003,1.0,41.1433,2.2765
301591,肯特股份,江苏,塑料,创业板,20240228,20260805,28.79,4.8816,155844898.7,3148359240.0,1286760413.0,31.4835924,12.86760413,1.41,47.7141,3.4231
301592,六九一二,四川,软件服务,创业板,20241024,20260805,100.8,2.335,145916613.0,7056000000.0,2354526720.0,70.56,23.5452672,1.02,132.5209,7.5146
301595,太力科技,广东,橡胶,创业板,20250519,20260805,40.62,4.1005,42734935.57,4398333600.0,1658616150.0,43.983336,16.5861615,0.98,71.5781,4.8069
301596,瑞迪智驱,四川,机械基件,创业板,20240513,20260805,50.45,1.5499,247832960.54,5450189175.0,2211894485.0,54.50189175,22.11894485,1.54,51.9387,6.0905
301598,博科测试,北京,专用机械,创业板,20241220,20260805,48.16,0.0831,29562267.88,2836489152.0,845097231.9999999,28.36489152,8.450972319999998,1.23,23.5159,2.8182
301599,理奇智能,江苏,专用机械,创业板,20260430,20260805,35.64,3.4543,154075459.10999998,15382224000.0,1949525820.0,153.82224,19.4952582,1.26,56.1683,11.9526
301600,慧翰股份,福建,通信设备,创业板,20240911,20260805,92.67,1.9472,130470652.42,9686192745.0,2989395195.0,96.86192745,29.89395195,1.12,60.8462,7.6282
301601,惠通科技,江苏,专用机械,创业板,20250115,20260805,15.75,-1.0678,49153666.82,2212560000.0,1330560000.0,22.1256,13.3056,1.3,29.4749,1.6664
301602,超研股份,广东,医疗保健,创业板,20250122,20260805,15.15,-1.1097,40920926.2,6489193440.0,3158765910.0,64.8919344,31.5876591,1.05,43.5743,4.7384
301603,乔锋智能,广东,机床制造,创业板,20240710,20260805,119.39,4.4532,367487194.03000003,14417536399.999998,4504883175.0,144.17536399999997,45.04883175,1.09,41.0497,5.7637
301606,绿联科技,深圳,元器件,创业板,20240726,20260805,54.04,3.0315,163518673.79,22421725592.0,8916535152.0,224.21725592,89.16535152,0.79,31.8222,6.1941
301607,富特科技,浙江,汽车配件,创业板,20240904,20260805,36.36,6.2847,433911201.89000005,8512923168.0,5519131668.0,85.12923168,55.19131668,0.95,39.5946,6.4874
301608,博实结,深圳,通信设备,创业板,20240801,20260805,48.0,0.9039,90402764.94,6364564800.0,2856307199.9999995,63.645648,28.563071999999995,0.87,27.1153,2.8614
301609,山大电力,山东,电气设备,创业板,20250723,20260805,37.06,-0.2423,175609439.04,6036332800.0,3638020842.0,60.363328,36.38020842,0.76,43.8544,4.6566
301611,珂玛科技,江苏,半导体,创业板,20240816,20260805,93.73,9.5617,1385429826.0900002,40866280000.0,13739196471.0,408.6628,137.39196471,1.02,141.363,22.3277
301613,新铝时代,重庆,汽车配件,创业板,20241025,20260805,39.18,1.0575,73755563.72,5635698216.0,3287249016.0,56.35698216,32.87249016,1.68,24.4971,3.3329
301616,浙江华业,浙江,机械基件,创业板,20250327,20260805,34.78,0.9872,23132137.040000003,2782400000.0,987814604.0,27.824,9.87814604,1.01,14.1363,1.9063
301617,博苑新材,山东,化工原料,创业板,20241211,20260805,48.76,3.7888,86073432.7,8471172320.0,3362099520.0,84.7117232,33.6209952,1.37,49.1668,4.7579
301618,长联科技,广东,染料涂料,创业板,20240930,20260805,33.62,2.4375,61083731.96,4246279964.0,1618850068.0,42.46279964,16.18850068,1.08,104.4718,4.479
301622,英思特,内蒙,矿物制品,创业板,20241204,20260805,42.98,1.177,59946987.44,4982753062.0,2779061011.9999995,49.82753062,27.790610119999997,1.05,37.8817,3.2058
301626,苏州天脉,江苏,元器件,创业板,20241024,20260805,231.29,5.1318,499170803.8,26755627200.000004,12170248510.0,267.55627200000004,121.7024851,0.71,172.9548,16.5616
301628,强达电路,深圳,元器件,创业板,20241031,20260805,79.85,2.7142,183075991.69,6018757630.0,2225882630.0,60.1875763,22.2588263,1.45,49.7881,5.0371
301629,矽电股份,深圳,半导体,创业板,20250324,20260805,239.21,6.9812,336145009.53,9981587433.0,4591899081.0,99.81587433,45.91899081,1.16,188.9457,8.4403
301630,同宇新材,广东,化工原料,创业板,20250710,20260805,164.81,7.2284,292921111.41999996,9229360000.0,2698631902.0,92.2936,26.98631902,1.17,72.4974,5.2731
301631,壹连科技,深圳,元器件,创业板,20241122,20260805,61.51,2.3461,156327160.55,7872074404.0,2681491544.0,78.72074404,26.81491544,0.78,26.8246,2.9524
301632,广东建科,广东,建筑工程,创业板,20250812,20260805,15.48,-0.578,54816023.96,6479308800.0,1134095760.0,64.793088,11.3409576,0.66,55.7527,2.3383
301633,港迪技术,湖北,专用机械,创业板,20241107,20260805,57.46,-2.4448,68746128.63000001,3199372800.0000005,1465839076.0,31.993728000000004,14.65839076,0.79,44.3285,3.4388
301636,泽润新能,江苏,电气设备,创业板,20250516,20260805,40.38,0.9752,48587033.239999995,2612348687.0,1524281320.9999998,26.12348687,15.242813209999998,0.93,78.6623,2.4626
301638,南网数字,广东,软件服务,创业板,20251118,20260805,24.59,0.0,466939275.55,78187598418.0,6153254060.0,781.87598418,61.5325406,1.06,124.1467,6.9679
301656,联合动力,江苏,汽车配件,创业板,20250925,20260805,17.11,0.3519,99693656.3,41145972299.0,3484092190.0,411.45972299,34.8409219,1.15,36.3044,4.2653
301658,首航新能,深圳,电气设备,创业板,20250402,20260805,25.05,0.562,110773774.81,10329898560.0,2440288335.0,103.2989856,24.40288335,0.78,65.8736,3.2396
301662,宏工科技,广东,专用机械,创业板,20250417,20260805,71.55,1.0879,210688428.60000002,8299800000.0,3190557600.0,82.998,31.905576,0.91,138.6166,5.3578
301665,泰禾股份,江苏,农药化肥,创业板,20250411,20260805,22.53,0.2224,56306881.88,10138500000.0,2346950100.0,101.385,23.469501,0.98,21.768,2.7139
301666,大普微,深圳,IT设备,创业板,20260416,20260805,433.34,5.2844,1531527539.8,189029971442.0,11490573442.0,1890.29971442,114.90573442,0.99,,235.6795
301667,纳百川,浙江,汽车配件,创业板,20251223,20260805,70.61,0.3838,445335007.47,7884990456.0,1675561178.0,78.84990456,16.75561178,1.23,81.5832,6.1148
301668,昊创瑞通,北京,电气设备,创业板,20250926,20260805,38.03,-2.2365,169858935.28,4183300000.0,925216658.0,41.833,9.25216658,0.96,39.8371,4.1333
301669,高特电子,浙江,电气设备,创业板,20260609,20260805,30.75,1.99,340624057.06,14760000000.0,2518040625.0,147.6,25.18040625,1.08,107.7918,15.4641
301677,C欣兴,,,创业板,19700101,20260805,69.62,-0.9109,739789464.7800001,6962000000.0,1492652800.0,69.62,14.926528,,35.2313,4.9878
301678,新恒汇,山东,半导体,创业板,20250620,20260805,45.02,3.7805,160664900.10999998,10784788610.0,6256474420.0,107.8478861,62.5647442,1.0,85.5093,5.9918
301680,固德电材,江苏,汽车配件,创业板,20260306,20260805,95.0,2.825,101816375.81,7866000000.0,1596237500.0,78.66,15.962375,1.19,43.9062,4.1331
301682,宏明电子,四川,元器件,创业板,20260325,20260805,130.05,4.0566,400866903.14,15807486465.0,3340568339.9999995,158.07486465,33.405683399999994,1.19,49.5965,3.1595
301683,慧谷新材,广东,染料涂料,创业板,20260401,20260805,102.6,0.9843,97001140.0,6475752900.0,1463660820.0,64.757529,14.6366082,0.98,31.3161,2.7253
301687,新广益,江苏,化工原料,创业板,20251231,20260805,49.81,6.4316,335479051.62,7315295840.0,1551720968.0,73.1529584,15.51720968,1.87,59.3349,4.7699
301696,三瑞智能,江西,电气设备,创业板,20260410,20260805,106.0,2.5244,436940406.82,42401060000.0,3188840400.0,424.0106,31.888404,1.16,100.6272,32.7926
302132,中航成飞,陕西,航空,创业板,20100827,20260805,57.97,-0.0345,316825427.84000003,154901138458.0,33974448915.0,1549.01138458,339.74448915,0.75,45.1306,7.2308
600000,浦发银行,上海,银行,主板,19991110,20260805,9.26,-1.4894,739028437.0,308412062658.0,308412062658.0,3084.12062658,3084.12062658,0.68,6.1661,0.4091
600004,白云机场,广东,机场,主板,20030428,20260805,7.72,-1.2788,127673170.0,19896328312.0,18271065276.0,198.96328312,182.71065276,1.37,13.5501,0.9393
600006,东风股份,湖北,汽车整车,主板,19990727,20260805,5.59,-0.3565,73758343.0,11180000000.0,11180000000.0,111.8,111.8,0.7,,1.3988
600007,中国国贸,北京,园区开发,主板,19990312,20260805,18.46,-0.7527,62518003.0,18594434950.0,18594434950.0,185.9443495,185.9443495,1.15,15.4658,1.8497
600008,首创环保,北京,水务,主板,20000427,20260805,2.88,-1.7065,309451019.0,21140901216.0,21140901216.0,211.40901216,211.40901216,1.18,11.9314,0.9986
600009,上海机场,上海,机场,主板,19980218,20260805,24.08,-0.7829,318832433.0,59918577040.0,59723668704.0,599.1857704,597.23668704,0.84,28.3065,1.3894
600010,包钢股份,内蒙,普钢,主板,20010309,20260805,2.27,1.7937,1250577183.0,102663094910.0,71092341013.0,1026.6309491,710.92341013,1.55,274.7776,1.9897
600011,华能国际,北京,火力发电,主板,20011206,20260805,7.12,-1.2483,834331804.0,111770425008.0,78303694488.0,1117.70425008,783.03694488,1.05,7.7567,1.5954
600012,皖通高,安徽,路桥,主板,20030107,20260805,16.31,-1.9832,128733999.0,27867133889.0,19010936000.0,278.67133889,190.10936,0.82,14.8431,2.0863
600015,华夏银行,北京,银行,主板,20030912,20260805,6.78,-1.5965,510202212.0,107903215230.0,104325378720.0,1079.0321523,1043.2537872,0.71,3.967,0.3358
600016,民生银行,北京,银行,主板,20001219,20260805,3.52,-1.1236,1029481427.0,154114113120.0,124826673664.0,1541.1411312,1248.26673664,0.94,5.0425,0.2678
600017,日照港,山东,港口,主板,20061017,20260805,2.75,-0.3623,76790162.0,8458048225.0,8458048225.0,84.58048225,84.58048225,0.8,17.0955,0.6014
600018,上港集团,上海,港口,主板,20061026,20260805,5.17,-0.3854,282078601.0,120357396302.0,120185534127.99998,1203.57396302,1201.85534128,0.86,8.8729,0.8285
600019,宝钢股份,上海,普钢,主板,20001212,20260805,5.86,-1.3468,633981997.0,127643016342.0,125486600802.0,1276.43016342,1254.86600802,0.87,12.3379,0.6127
600020,中原高速,河南,路桥,主板,20030808,20260805,3.84,-0.7752,40962561.0,8629907712.0,8629907712.0,86.29907712,86.29907712,0.74,13.7313,0.7249
600021,上海电力,上海,火力发电,主板,20031029,20260805,14.93,0.1341,641912111.0,42130605694.00001,42130605694.00001,421.3060569400001,421.3060569400001,0.99,15.224,2.0251
600022,山东钢铁,山东,普钢,主板,20040629,20260805,1.38,-0.7194,107509283.0,14764412448.0,14764412448.0,147.64412448,147.64412448,0.7,139.3593,0.7849
600023,浙能电力,浙江,火力发电,主板,20131219,20260805,4.94,-0.6036,242654569.0,66239139538.0,66239139538.0,662.39139538,662.39139538,0.69,8.799,0.8584
600025,华能水电,云南,水力发电,主板,20171215,20260805,9.75,-1.9115,326638202.0,181653169425.0,181653169425.0,1816.53169425,1816.53169425,1.19,21.3606,2.5602
600026,中远海能,上海,水运,主板,20020523,20260805,17.87,6.0534,1441369221.0,97770597754.0,68406217040.0,977.70597754,684.0621704,1.35,24.2168,2.0278
600027,华电国际,山东,火力发电,主板,20050203,20260805,4.72,-1.2552,322919658.0,54807574223.99999,43497996856.00001,548.07574224,434.9799685600001,0.88,9.0288,1.0963
600028,中国石化,北京,石油加工,主板,20010808,20260805,4.98,-2.3529,1532110308.0,602209060716.0,471867327492.0,6022.09060716,4718.67327492,1.16,18.932,0.7228
600029,南方航空,广东,空运,主板,20030725,20260805,5.24,1.1583,457679764.0,94953881752.0,70619335900.0,949.53881752,706.193359,1.13,110.798,2.5621
600030,中信证券,深圳,证券,主板,20030106,20260805,28.18,0.6429,3458997894.0,417643008824.0,343135207180.0,4176.43008824,3431.3520718,0.9,13.8862,1.4327
600031,三一重工,北京,工程机械,主板,20030703,20260805,19.62,0.4608,1656534688.0,180405986328.00003,166267531800.0,1804.0598632800004,1662.675318,0.9,21.4563,1.9918
600032,浙江新能,浙江,新型电力,主板,20210525,20260805,7.45,-0.6667,208720832.0,17914830985.0,17914830985.0,179.14830985,179.14830985,0.94,35.4097,1.394
600033,福建高速,福建,路桥,主板,20010209,20260805,3.6,0.5587,73666207.0,9879840000.0,9879840000.0,98.7984,98.7984,0.8,10.4187,0.7848
600035,楚天高速,湖北,路桥,主板,20040310,20260805,3.5,0.0,45548272.0,5635405649.999999,5635405649.999999,56.35405649999999,56.35405649999999,0.68,10.438,0.6192
600036,招商银行,深圳,银行,主板,20020409,20260805,38.94,-0.8656,3741155972.0,982060787664.0,803291094936.0,9820.60787664,8032.91094936,0.76,6.5392,0.8673
600037,歌华有线,北京,影视音像,主板,20010208,20260805,7.13,-1.3831,130749474.0,9923376427.0,9923376427.0,99.23376427,99.23376427,0.93,289.2007,0.7768
600038,中直股份,黑龙江,航空,主板,20001218,20260805,26.67,-0.5593,150581776.0,21866551644.0,17840501784.0,218.66551644,178.40501784,0.75,33.5446,1.2412
600039,四川路桥,四川,建筑工程,主板,20030325,20260805,8.61,-1.0345,152330946.0,74869035066.0,74869035066.0,748.69035066,748.69035066,0.95,10.2604,1.4147
600048,保利发展,广东,全国地产,主板,20060731,20260805,5.15,0.7828,608403435.0,61647783510.0,61647783510.0,616.4778351,616.4778351,0.75,59.5805,0.3178
600050,中国联通,北京,电信运营,主板,20021009,20260805,4.39,-1.7897,813401759.0,137250827506.00002,136047896388.00002,1372.5082750600002,1360.4789638800003,0.98,15.0384,0.804
600051,宁波联合,浙江,综合类,主板,19970410,20260805,6.01,-0.6612,28861731.0,1868388800.0,1868388800.0,18.683888,18.683888,0.84,22.1406,0.5463
600052,东望时代,浙江,供气供热,主板,19970415,20260805,3.82,1.0582,46304586.0,3224823754.0,3224823754.0,32.24823754,32.24823754,1.06,,1.4935
600053,*ST九鼎,江西,多元金融,主板,19970418,20260805,7.45,-1.0624,8863566.0,3229878960.0,3229878960.0,32.2987896,32.2987896,0.76,,1.4522
600054,黄山旅游,安徽,旅游景点,主板,19970506,20260805,11.24,-0.2662,70148021.0,8198224456.0,5769492000.0,81.98224456,57.69492,0.77,28.0299,1.7064
600055,万东医疗,北京,医疗保健,主板,19970519,20260805,11.77,-3.1276,82327663.0,8275029147.0,8275029147.0,82.75029147,82.75029147,0.86,,1.863
600056,中国医药,北京,医药商业,主板,19970515,20260805,9.33,-1.5823,176414887.0,13956558534.0,13951629495.000002,139.56558534,139.51629495000003,1.35,29.4922,1.1613
600057,厦门象屿,福建,仓储物流,主板,19970604,20260805,6.43,-0.6182,113429759.0,18254870308.0,13454840586.000002,182.54870308,134.54840586000003,0.75,14.1183,1.1579
600058,五矿发展,北京,商贸代理,主板,19970528,20260805,10.15,2.1127,127126071.0,10879893605.0,10879893605.0,108.79893605,108.79893605,1.02,569.5138,2.2308
600059,古越龙山,浙江,红黄酒,主板,19970516,20260805,8.13,-0.3676,49700357.0,7410839712.0,7410839712.0,74.10839712,74.10839712,0.6,33.3371,1.255
600060,海信视像,山东,家用电器,主板,19970422,20260805,27.23,-0.2564,302144335.0,35534393006.0,35403593701.0,355.34393006,354.03593701,0.75,14.4801,1.6282
600061,国投资本,上海,证券,主板,19970519,20260805,6.53,-0.1529,207574075.0,41753458634.0,41753458634.0,417.53458634,417.53458634,0.93,12.7324,0.7633
600062,华润双鹤,北京,化学制药,主板,19970522,20260805,16.18,-0.7362,140939802.0,16804264850.000002,16798486972.0,168.0426485,167.98486972,0.64,10.2033,1.3865
600063,皖维高新,安徽,化纤,主板,19970528,20260805,5.97,2.4014,359050125.0,12352565208.0,12352565208.0,123.52565208,123.52565208,1.09,28.4625,1.4595
600064,南京高科,江苏,园区开发,主板,19970506,20260805,7.79,-0.1282,128716800.0,13479345484.0,13479345484.0,134.79345484,134.79345484,0.78,7.3649,0.6826
600066,宇通客车,河南,汽车整车,主板,19970508,20260805,32.29,1.5409,456759469.0,71488096768.0,71488096768.0,714.88096768,714.88096768,0.6,12.8703,4.406
600067,冠城新材,福建,电气设备,主板,19970508,20260805,2.76,-0.361,48631062.0,3841005612.0,3841005612.0,38.41005612,38.41005612,0.93,51.4318,0.6868
600071,凤凰光学,江西,元器件,主板,19970528,20260805,15.66,1.4906,36486585.0,4409447274.0,4409447274.0,44.09447274,44.09447274,0.9,128.0987,8.6565
600072,中船科技,上海,电气设备,主板,19970603,20260805,9.01,-0.7709,199120228.0,13520853797.0,9760869073.0,135.20853797,97.60869073,0.84,,1.7776
600073,光明肉业,上海,食品,主板,19970704,20260805,5.15,-0.5792,41220328.0,4829306925.0,4829306925.0,48.29306925,48.29306925,0.9,,1.0292
600075,新疆天业,新疆,化工原料,主板,19970617,20260805,4.59,-0.6494,75912408.0,7838789607.000001,7838789607.000001,78.38789607000001,78.38789607000001,0.9,,0.8876
600076,康欣新材,山东,广告包装,主板,19970526,20260805,3.05,1.6667,71874685.0,4100857370.0,4100857370.0,41.0085737,41.0085737,0.8,,1.152
600078,澄星股份,江苏,化工原料,主板,19970627,20260805,11.03,9.9701,308999418.0,7465246287.0,7308179087.0,74.65246287,73.08179087,1.66,881.1542,4.3806
600079,ST人福,湖北,化学制药,主板,19970606,20260805,17.68,0.7407,158884385.0,28857755680.0,27283401184.0,288.5775568,272.83401184,0.96,15.5539,1.4862
600080,ST金花,陕西,中成药,主板,19970612,20260805,4.91,-0.6073,12115895.0,1832757173.0,1832757173.0,18.32757173,18.32757173,1.26,117.6602,1.1503
600081,东风科技,上海,汽车配件,主板,19970703,20260805,9.95,0.0,27691628.0,5502610690.0,5502610690.0,55.0261069,55.0261069,0.93,292.0944,1.1902
600082,ST海泰,天津,园区开发,主板,19970620,20260805,2.89,1.4035,16143643.0,1867274662.0,1833229306.0,18.67274662,18.33229306,0.57,,1.1052
600084,*ST尼雅,新疆,红黄酒,主板,19970711,20260805,4.31,0.4662,12584915.0,4843262508.0,4843262508.0,48.43262508,48.43262508,0.71,,3.8041
600085,同仁堂,北京,中成药,主板,19970625,20260805,25.08,-2.6775,469426855.0,34396475124.0,34396475124.0,343.96475124,343.96475124,1.9,28.9198,2.442
600088,中视传,上海,影视音像,主板,19970616,20260805,11.97,0.9275,62912457.0,4760545608.0,4760545608.0,47.60545608,47.60545608,1.06,,3.7939
600089,特变电工,新疆,电气设备,主板,19970618,20260805,21.64,1.2161,3239601343.0,109342431864.0,109342431864.0,1093.42431864,1093.42431864,1.34,18.3636,1.5196
600094,大名城,上海,区域地产,主板,19970703,20260805,4.61,5.0114,184296017.0,10718019500.0,9801920300.0,107.180195,98.019203,1.42,74.701,1.0429
600095,湘财股份,黑龙江,证券,主板,19970708,20260805,8.37,0.3597,326176948.0,23931401049.0,23931401049.0,239.31401049,239.31401049,0.66,51.5623,1.9453
600096,云天化,云南,农药化肥,主板,19970709,20260805,30.17,2.619,875113189.0,54999629419.0,54999629419.0,549.99629419,549.99629419,1.16,10.667,2.111
600097,开创国际,上海,渔业,主板,19970619,20260805,8.21,-0.8454,24356980.0,1978089486.0,1978089486.0,19.78089486,19.78089486,0.84,26.7693,0.878
600098,广州发展,广东,火力发电,主板,19970718,20260805,6.35,-1.7028,181558941.0,22262242750.0,22262242750.0,222.6224275,222.6224275,1.09,9.5981,0.8012
600099,林海股份,江苏,汽车整车,主板,19970704,20260805,8.48,-0.9346,29431160.0,1858137600.0,1858137600.0,18.581376,18.581376,0.92,75.6795,3.3724
600100,同方股份,北京,IT设备,主板,19970627,20260805,7.2,-0.4149,210610862.0,24122143440.0,24122143440.0,241.2214344,241.2214344,0.97,48.731,1.5212
600101,明星电力,四川,水力发电,主板,19970627,20260805,8.32,-0.4785,131204913.0,4558216000.0,4558216000.0,45.58216,45.58216,1.0,24.7526,1.4431
600103,青山纸业,福建,造纸,主板,19970703,20260805,3.08,0.0,558712170.0,6901746236.000001,6813973320.000001,69.01746236000001,68.13973320000001,1.58,126.2109,1.7355
600104,上汽集团,上海,汽车整车,主板,19971125,20260805,10.86,-1.0929,610101003.0,124838713650.0,124838713650.0,1248.3871365,1248.3871365,0.77,12.3532,0.4154
600105,永鼎股份,江苏,通信设备,主板,19970929,20260805,36.55,6.5908,9157198776.0,53435909940.0,53435909940.0,534.3590994,534.3590994,1.22,228.7098,16.1038
600106,重庆路桥,重庆,路桥,主板,19970618,20260805,4.57,-0.2183,45608311.0,6073644706.999999,6073644706.999999,60.73644706999999,60.73644706999999,0.65,53.2743,1.142
600107,*ST尔雅,湖北,服饰,主板,19971106,20260805,5.21,-1.3258,8483826.0,1875600000.0,1875600000.0,18.756,18.756,1.08,,4.6263
600108,亚盛集团,甘肃,种植业,主板,19970818,20260805,3.14,0.3195,176506538.0,6113313414.0,6113313414.0,61.13313414,61.13313414,0.92,107.3761,1.4102
600109,国金证券,四川,证券,主板,19970807,20260805,8.79,0.0,194632799.0,32570157470.999996,32570157470.999996,325.70157471,325.70157471,0.77,14.3047,0.9018
600110,诺德股份,吉林,电气设备,主板,19971007,20260805,9.36,6.2429,1589440859.0,16241293224.0,16241293224.0,162.41293224,162.41293224,1.49,,2.7038
600111,北方稀土,内蒙,小金属,主板,19970924,20260805,41.77,3.2123,3969966991.0,151001298466.0,151001298466.0,1510.01298466,1510.01298466,2.07,67.0738,5.9023
600113,浙江东日,浙江,区域地产,主板,19971021,20260805,31.11,1.5671,192806190.0,13102807137.0,12799624632.000002,131.02807137,127.99624632000003,0.89,90.9515,5.116
600114,东睦股份,浙江,机械基件,主板,20040511,20260805,29.06,3.0496,652357483.0,18348004510.0,17912104510.0,183.4800451,179.1210451,1.11,34.246,5.148
600115,中国东航,上海,空运,主板,19971105,20260805,3.78,2.439,812135818.0,83491644726.0,64354367322.00001,834.91644726,643.5436732200001,1.3,,5.921
600116,三峡水利,重庆,水力发电,主板,19970804,20260805,6.56,-1.6492,164118988.0,12543657424.000002,12543657424.000002,125.43657424000001,125.43657424000001,1.12,28.7751,1.1066
600117,西宁特钢,青海,特种钢,主板,19971015,20260805,2.29,0.0,30566513.0,7454213121.0,7454213121.0,74.54213121,74.54213121,0.89,,2.1658
600118,中国卫星,北京,航空,主板,19970908,20260805,63.13,2.086,2424012199.0,74650536883.0,74650536883.0,746.50536883,746.50536883,1.13,2099.4795,11.8026
600119,*ST长投,上海,仓储物流,主板,19980115,20260805,4.49,0.0,7144288.0,1640064096.0000002,1640064096.0000002,16.400640960000004,16.400640960000004,0.76,,22.0956
600120,浙江东方,浙江,多元金融,主板,19971201,20260805,5.18,-0.1927,211364373.0,17691676170.0,17691676170.0,176.9167617,176.9167617,0.8,18.9283,1.0784
600121,郑州煤电,河南,煤炭开采,主板,19980107,20260805,3.91,0.7732,191228489.0,4763990920.0,4763990920.0,47.6399092,47.6399092,0.98,,6.4739
600123,兰花科创,山西,煤炭开采,主板,19981217,20260805,6.93,0.8734,170762278.0,10209553200.0,10209553200.0,102.095532,102.095532,0.78,,0.6755
600125,铁龙物流,辽宁,铁路,主板,19980511,20260805,5.51,-0.7207,51328152.0,7193425669.0,7193425669.0,71.93425669,71.93425669,0.74,13.7004,0.9177
600126,杭钢股份,浙江,普钢,主板,19980311,20260805,6.7,0.2994,873716235.0,22627166970.0,22627166970.0,226.2716697,226.2716697,1.27,937.3697,1.164
600127,金健米业,湖南,农业综合,主板,19980506,20260805,5.61,-0.5319,57344737.0,3600403752.0,3600403752.0,36.00403752,36.00403752,0.87,954.3123,5.3626
600128,苏豪弘业,江苏,商贸代理,主板,19970901,20260805,8.03,-0.7417,29231060.0,2021140560.9999998,1981543025.0,20.211405609999996,19.81543025,0.84,41.869,0.9365
600129,太极集团,重庆,中成药,主板,19971118,20260805,15.75,-1.3776,412385103.0,8684836650.0,8684836650.0,86.8483665,86.8483665,1.17,72.0313,2.4338
600130,波导股份,浙江,元器件,主板,20000706,20260805,4.32,9.9237,181830165.0,3240000000.0,3240000000.0,32.4,32.4,2.05,617.061,3.5631
600131,国网信通,四川,通信设备,主板,19980402,20260805,16.08,-0.5566,164638514.0,19247528448.0,19230154008.0,192.47528448,192.30154008,1.07,29.2801,2.9693
600132,重庆啤酒,重庆,啤酒,主板,19971030,20260805,44.77,-2.3342,226902781.0,21667390624.0,21667390624.0,216.67390624,216.67390624,0.85,17.6029,11.8498
600133,东湖高新,湖北,环境保护,主板,19980212,20260805,8.34,-0.5959,146868828.0,8892440766.0,8892440766.0,88.92440766,88.92440766,0.82,32.1961,0.9764
600135,乐凯胶片,河北,塑料,主板,19980122,20260805,7.31,0.2743,45961568.0,4044674901.0,4044674901.0,40.44674901,40.44674901,1.0,,1.7173
600136,ST明诚,湖北,房产服务,主板,19980303,20260805,1.43,0.0,12310446.0,2918381037.0,2778617984.9999995,29.18381037,27.786179849999996,0.93,,12.8934
600137,浪莎股份,四川,服饰,主板,19980416,20260805,17.46,-1.1325,27365409.0,1697419296.0,1697419296.0,16.97419296,16.97419296,0.62,52.5183,3.0137
600138,中青旅,北京,旅游景点,主板,19971203,20260805,7.11,-0.6983,56552946.0,5146502400.0,5146502400.0,51.465024,51.465024,0.85,61.6257,0.8171
600141,兴发集团,湖北,农药化肥,主板,19990616,20260805,32.0,5.4366,1609810989.0,38455676800.0,38455676800.0,384.556768,384.556768,1.55,25.7737,1.5373
600143,金发科技,广东,塑料,主板,20040623,20260805,16.0,1.33,1055261625.0,42772772800.0,42157216000.0,427.727728,421.57216,1.22,37.1978,2.1681
600148,长春一东,吉林,汽车配件,主板,19980520,20260805,15.1,-0.33,26924887.0,2136899150.0,2136899150.0,21.3689915,21.3689915,1.02,186.9359,4.4395
600149,廊坊发展,河北,综合类,主板,19991014,20260805,4.76,-0.8333,39377754.0,1809561600.0,1809561600.0,18.095616,18.095616,0.82,117.6708,7.0887
600150,中国船舶,上海,船舶,主板,19980520,20260805,35.2,2.0882,3468342506.0,264901869760.0,264901869760.0,2649.0186976,2649.0186976,1.1,33.7524,1.7714
600151,航天机电,上海,汽车配件,主板,19980605,20260805,10.37,0.1932,292198262.0,14873196351.0,14873196351.0,148.73196351,148.73196351,0.84,,3.376
600152,维科技术,浙江,电气设备,主板,19980609,20260805,8.02,2.0356,146526191.0,4243216788.0,4243216788.0,42.43216788,42.43216788,0.87,,2.5882
600153,建发股份,福建,仓储物流,主板,19980616,20260805,8.8,-0.565,140505280.0,25515939680.0,25515939680.0,255.1593968,255.1593968,0.63,,0.5925
600155,华创云信,北京,证券,主板,19980918,20260805,6.01,-0.3317,150221793.0,13303390425.0,13303390425.0,133.03390425,133.03390425,0.71,73.0899,0.6649
600156,华升股份,湖南,纺织,主板,19980527,20260805,8.04,3.0769,86054721.0,3232970028.0,3232970028.0,32.32970028,32.32970028,0.98,,8.7522
600157,永泰能源,山西,火力发电,主板,19980513,20260805,1.59,-0.625,683089290.0,34690244919.0,34690244919.0,346.90244919,346.90244919,1.06,166.2846,0.7394
600158,中体产业,天津,文教休闲,主板,19980327,20260805,7.2,0.6993,252137519.0,6908494320.0,6908494320.0,69.0849432,69.0849432,0.73,,2.8789
600159,大龙地产,北京,区域地产,主板,19980526,20260805,2.4,0.4184,30911950.0,1992007680.0,1992007680.0,19.9200768,19.9200768,0.82,,1.3666
600160,巨化股份,浙江,化工原料,主板,19980626,20260805,43.09,4.208,1993777766.0,116332059449.0,116332059449.0,1163.32059449,1163.32059449,1.17,30.7494,5.3824
600161,天坛生物,北京,生物制药,主板,19980616,20260805,12.53,-1.9562,225857399.0,24776463642.0,24776463642.0,247.76463642,247.76463642,1.43,22.7132,2.0886
600162,香江控股,深圳,全国地产,主板,19980609,20260805,3.38,4.321,881936025.0,11047320778.0,11047320778.0,110.47320778,110.47320778,1.36,,1.9294
600163,中闽能源,福建,新型电力,主板,19980602,20260805,5.31,-1.1173,120051574.0,10104909291.0,10104909291.0,101.04909291,101.04909291,1.14,19.3721,1.3779
600165,ST宁科,宁夏,化工原料,主板,19980529,20260805,2.4,1.2658,15593883.0,3878120880.0,1758992640.0,38.7812088,17.5899264,1.1,,3.3911
600166,福田汽车,北京,汽车整车,主板,19980602,20260805,3.11,0.974,351065490.0,24623115244.0,24623115244.0,246.23115244,246.23115244,0.8,18.0544,1.5301
600167,联美控股,辽宁,供气供热,主板,19990128,20260805,5.92,-1.1686,39182458.0,13396015759.999998,13396015759.999998,133.96015759999997,133.96015759999997,0.77,19.5283,1.1187
600168,武汉控股,湖北,水务,主板,19980427,20260805,4.29,-1.1521,29761073.0,4261675704.0000005,4261675704.0000005,42.61675704,42.61675704,1.1,45.872,0.7866
600169,ST太重,山西,工程机械,主板,19980904,20260805,2.05,-0.4854,23216995.0,6832940074.999999,6832940074.999999,68.32940074999999,68.32940074999999,1.12,28.8507,1.3092
600170,上海建工,上海,建筑工程,主板,19980623,20260805,2.35,-1.2605,281899971.0,20881958295.0,20881958295.0,208.81958295,208.81958295,0.95,16.8792,0.6671
600171,上海贝岭,上海,半导体,主板,19980924,20260805,23.71,1.3248,459784820.0,16808571443.0,16808571443.0,168.08571443,168.08571443,1.36,71.1543,3.6963
600172,黄河旋风,河南,矿物制品,主板,19981126,20260805,11.22,10.0,1671761185.0,16181310090.0,14397488292.0,161.8131009,143.97488292,1.24,,34.9013
600173,卧龙新能,浙江,全国地产,主板,19990415,20260805,6.31,1.1218,45090559.0,4420194122.0,4419626222.0,44.20194122,44.19626222,0.87,,1.2361
600176,中国巨石,浙江,玻璃,主板,19990422,20260805,39.28,8.5383,12082350155.0,157243209576.0,156003937360.0,1572.43209576,1560.0393736,1.01,47.8603,4.8701
600177,雅戈尔,浙江,服饰,主板,19981119,20260805,7.57,-1.5605,256300966.0,34999455183.0,34091055183.0,349.99455183,340.91055183,0.84,14.301,0.8248
600178,东安动力,黑龙江,汽车配件,主板,19981014,20260805,9.65,-0.2068,69300664.0,4501495330.0,4501495330.0,45.0149533,45.0149533,0.52,359.5319,1.7727
600179,安通控股,福建,水运,主板,19981104,20260805,4.4,1.3825,116303523.0,18618718800.0,16994025400.0,186.187188,169.940254,0.88,17.1445,1.5377
600180,*ST瑞茂,山东,仓储物流,主板,19980703,20260805,1.54,-1.9108,46638579.0,1673406350.0,1673406350.0,16.7340635,16.7340635,0.93,,0.3898
600182,S佳通,黑龙江,汽车配件,主板,19990507,20260805,13.1,0.6144,30017404.0,4454000000.0,2227000000.0,44.54,22.27,1.46,22.5992,3.8563
600183,生益科技,广东,元器件,主板,19981028,20260805,122.79,9.4092,10576713124.0,298257364323.0,296138647431.0,2982.57364323,2961.38647431,1.22,89.4605,16.6366
600184,光电股份,湖北,专用机械,主板,20031106,20260805,17.73,3.9273,368508652.0,10331758575.0,10331758575.0,103.31758575,103.31758575,1.32,202.2653,3.0228
600185,珠免集团,广东,旅游服务,主板,19990611,20260805,4.82,-0.4132,86745375.0,9085727956.0,9085727956.0,90.85727956,90.85727956,0.82,,105.2387
600186,莲花控股,河南,食品,主板,19980825,20260805,9.58,4.1304,3132977039.0,17174685260.999998,17139944828.000002,171.74685261,171.39944828000003,1.92,55.56,9.0971
600187,*ST国中,黑龙江,水务,主板,19981111,20260805,1.4,-0.7092,40233708.0,2259293540.0,2259293540.0,22.5929354,22.5929354,0.96,,0.7595
600188,兖矿能源,山东,煤炭开采,主板,19980701,20260805,19.34,2.0042,864381682.0,194112717680.0,115292547679.99998,1941.1271768,1152.9254767999998,0.85,23.1612,2.5378
600189,泉阳泉,吉林,软饮料,主板,19981007,20260805,7.36,0.1361,81202020.0,5263855808.0,5263855808.0,52.63855808,52.63855808,0.92,349.0904,4.2576
600191,华资实业,内蒙,食品,主板,19981210,20260805,10.78,4.8638,191162651.0,5227566960.0,5227566960.0,52.2756696,52.2756696,1.18,88.5725,3.0437
600192,长城电工,甘肃,电气设备,主板,19981224,20260805,7.79,1.1688,297342657.0,3441216920.0,3441216920.0,34.4121692,34.4121692,1.79,,4.5303
600195,中牧股份,北京,农业综合,主板,19990107,20260805,6.52,-0.458,35916097.0,6657886916.0,6657886916.0,66.57886916,66.57886916,0.73,38.8632,1.17
600196,复星医药,上海,化学制药,主板,19980807,20260805,22.95,-1.0349,533274511.00000006,61286352435.0,48619317960.0,612.86352435,486.1931796,1.26,18.1828,1.247
600197,伊力特,新疆,白酒,主板,19990916,20260805,10.42,-0.1916,77035775.0,4930480374.0,4930480374.0,49.30480374,49.30480374,0.61,22.7869,1.2384
600198,大唐电信,北京,通信设备,主板,19981021,20260805,7.25,1.1158,151228624.0,9451125375.0,9439136050.0,94.51125375,94.3913605,1.12,,49.11
600199,金种子酒,安徽,白酒,主板,19980812,20260805,7.82,-0.3822,224962030.0,5143970976.0,5143970976.0,51.43970976,51.43970976,0.49,,2.6445
600201,生物股份,内蒙,农业综合,主板,19990115,20260805,13.2,-1.2715,365935973.0,14631489840.0,14631489840.0,146.3148984,146.3148984,1.16,146.1517,2.704
600202,哈空调,黑龙江,专用机械,主板,19990603,20260805,4.79,-0.8282,33426519.0,1836201953.0,1836201953.0,18.36201953,18.36201953,0.87,251.2903,2.2653
600203,福日电子,福建,元器件,主板,19990514,20260805,10.17,2.006,244921991.0,6030688977.0,6030688977.0,60.30688977,60.30688977,1.13,,3.6549
600206,有研新材,北京,半导体,主板,19990319,20260805,39.81,10.0028,3438544200.0,33701286873.0,33701286873.0,337.01286873,337.01286873,0.89,127.2757,7.73
600207,安彩高科,河南,电气设备,主板,19990714,20260805,4.42,1.6092,73009651.0,4814761692.0,4814761692.0,48.14761692,48.14761692,0.89,,2.5639
600208,衢州发展,浙江,全国地产,主板,19990623,20260805,2.98,2.0548,327477100.0,25356643583.999996,25353769374.0,253.56643583999997,253.53769374,1.13,97.105,0.6068
600210,紫江企业,上海,广告包装,主板,19990824,20260805,6.23,-0.638,75476992.0,9449266526.0,9449266526.0,94.49266526,94.49266526,0.71,9.1096,1.3673
600211,西藏药业,西藏,生物制药,主板,19990721,20260805,38.6,-1.2788,136989767.0,12441521120.0,12441521120.0,124.4152112,124.4152112,1.02,13.2649,3.1901
600212,绿能慧充,山东,电气设备,主板,19990817,20260805,5.51,0.0,49301849.0,3879867602.0,2926802902.0,38.79867602,29.26802902,0.85,232.8819,6.7239
600215,派斯林,吉林,专用机械,主板,19990909,20260805,6.23,1.1364,49773656.0,2846380467.0,2846380467.0,28.46380467,28.46380467,0.91,,1.1606
600216,浙江医药,浙江,化学制药,主板,19991021,20260805,12.12,-0.5742,166726840.0,11655050136.0,11530840740.0,116.55050136,115.3084074,0.92,13.3448,1.0369
600217,中再资环,陕西,环境保护,主板,19991216,20260805,3.17,-1.5528,44344970.0,5254762229.000001,5254762229.000001,52.54762229000001,52.54762229000001,0.9,,1.8448
600218,全柴动力,安徽,汽车配件,主板,19981203,20260805,7.59,-0.2628,48023797.0,3306203241.0000005,3306203241.0000005,33.06203241000001,33.06203241000001,1.05,51.2897,1.0107
600219,南山铝业,山东,铝,主板,19991223,20260805,4.8,1.6949,1056065134.0000001,55121767680.0,55121767680.0,551.2176768,551.2176768,1.02,11.6401,1.0819
600221,海航控股,海南,空运,主板,19991125,20260805,1.36,0.0,347586239.0,58773260199.99999,58269900264.0,587.7326019999999,582.69900264,0.9,29.6896,8.4515
600222,太龙药业,河南,中成药,主板,19991105,20260805,7.44,-0.5348,122766957.0,4161662208.0,4161662208.0,41.61662208,41.61662208,1.2,69.3655,2.5909
600223,福瑞达,山东,日用化工,主板,20000113,20260805,5.53,-1.6014,40806177.0,5621625464.0,5621625464.0,56.21625464,56.21625464,0.92,29.9418,1.3182
600226,亨通股份,浙江,供气供热,主板,19991116,20260805,5.74,7.2897,916659934.0,17072948088.0,17072948088.0,170.72948088,170.72948088,1.17,84.9738,4.607
600227,赤天化,贵州,农药化肥,主板,20000221,20260805,3.23,-1.2232,361271512.0,5454590471.0,4126647354.0,54.54590471,41.26647354,0.69,,2.4319
600228,返利科技,江西,互联网,主板,19990119,20260805,7.73,-1.2771,508153802.0,3220878425.0000005,3215967555.9999995,32.20878425000001,32.15967556,1.3,,8.4341
600229,城市传媒,山东,出版业,主板,20000309,20260805,5.08,-0.7813,19942949.0,3356395624.0,3356395624.0,33.56395624,33.56395624,0.79,,1.2146
600230,沧州大化,河北,化工原料,主板,20000406,20260805,14.12,1.4368,261484524.0,5845129320.0,5845129320.0,58.4512932,58.4512932,0.91,189.4476,1.4375
600231,凌钢股份,辽宁,普钢,主板,20000511,20260805,1.71,0.0,23978568.0,4911228414.0,4850215614.0,49.11228414,48.50215614,0.73,,1.3805
600232,金鹰股份,浙江,纺织机械,主板,20000602,20260805,6.04,0.4992,33124792.999999996,2202899740.0,2202899740.0,22.0289974,22.0289974,0.87,105.7246,2.291
600233,圆通速递,辽宁,仓储物流,主板,20000608,20260805,19.2,3.2258,462466260.0,65741115610.0,65741115610.0,657.4111561,657.4111561,1.14,15.2096,1.816
600234,科新发展,山西,装修装饰,主板,20000615,20260805,19.32,5.6315,74399436.0,5071905720.0,5071905720.0,50.7190572,50.7190572,0.86,,11.2662
600235,民丰特纸,浙江,造纸,主板,20000615,20260805,5.43,-1.4519,26495840.0,1907559000.0,1907559000.0,19.07559,19.07559,0.91,117.1454,1.2636
600236,桂冠电力,广西,水力发电,主板,20000323,20260805,11.13,0.4513,352186696.0,87730864914.0,87730864914.0,877.30864914,877.30864914,0.81,26.7505,4.8493
600237,铜峰电子,安徽,元器件,主板,20000609,20260805,8.53,3.7713,387958030.0,5378077994.0,5327972774.0,53.78077994,53.27972774,1.35,44.8549,2.6861
600238,*ST椰岛,海南,红黄酒,主板,20000120,20260805,4.4,-2.2222,41307240.0,1972080000.0,1959195039.9999998,19.7208,19.591950399999998,1.51,,25.2916
600239,ST云城,云南,区域地产,主板,19991202,20260805,1.4,0.0,18440271.0,2247961660.0,2247961660.0,22.4796166,22.4796166,0.94,,2.2264
600241,时代万恒,辽宁,电气设备,主板,20001128,20260805,7.09,0.0,32949479.0,2086601889.0,2086601889.0,20.86601889,20.86601889,0.42,,2.0394
600243,*ST海华,青海,运输设备,主板,20001120,20260805,3.58,2.2857,25116214.0,1571083000.0,1571083000.0,15.71083,15.71083,1.14,,2.8485
600246,万通发展,北京,区域地产,主板,20000922,20260805,11.71,6.2613,1652177288.0,22752383625.0,22136730375.0,227.52383625,221.36730375,1.1,,4.9808
600248,陕建股份,陕西,建筑工程,主板,20000622,20260805,2.91,-2.0202,42352484.0,10807534263.0,10783701362.999998,108.07534263,107.83701362999999,0.75,48.0741,0.3888
600249,两面针,广西,日用化工,主板,20040130,20260805,5.09,0.1969,74806829.0,2799500000.0,2799500000.0,27.995,27.995,2.14,284.3244,1.3085
600250,南京商旅,江苏,商贸代理,主板,20010306,20260805,8.44,0.3567,50452442.0,2639959416.0,2639959416.0,26.39959416,26.39959416,0.63,298.5505,4.2268
600251,冠农股份,新疆,农业综合,主板,20030609,20260805,9.38,0.0,81565713.0,7288199968.0,7288199968.0,72.88199968,72.88199968,0.85,20.9165,1.8039
600252,中恒集团,广西,中成药,主板,20001130,20260805,2.21,-1.7778,101681329.0,7037000451.0,7037000451.0,70.37000451,70.37000451,1.17,,1.3371
600255,鑫科材料,安徽,小金属,主板,20001122,20260805,3.32,1.2195,296877449.0,5996408040.0,5996408040.0,59.9640804,59.9640804,1.34,194.1186,4.063
600256,广汇能源,新疆,石油开采,主板,20000526,20260805,5.37,-0.3711,591149717.0,34325056110.0,34325056110.0,343.2505611,343.2505611,1.09,25.5154,1.4062
600257,大湖股份,湖南,渔业,主板,20000612,20260805,5.16,-0.1934,83666426.0,2483183952.0,2483183952.0,24.83183952,24.83183952,0.72,490.2335,3.1061
600258,首旅酒店,北京,酒店餐饮,主板,20000601,20260805,12.14,-0.6547,200302723.0,13555561634.0,13555561634.0,135.55561634,135.55561634,0.93,16.7118,1.1073
600259,中稀有色,海南,小金属,主板,20000525,20260805,83.45,5.9413,1148081006.0,28075575855.0,28075575855.0,280.75575855,280.75575855,1.32,220.1041,7.6663
600261,阳光照明,浙江,家用电器,主板,20000720,20260805,3.04,-0.6536,24617465.0,4058561120.0,4058561120.0,40.5856112,40.5856112,1.0,21.5242,1.1486
600262,北方股份,内蒙,专用机械,主板,20000630,20260805,14.21,1.2108,70769085.0,3381980000.0,3381980000.0,33.8198,33.8198,1.13,15.6952,1.8078
600265,*ST景谷,云南,林业,主板,20000825,20260805,22.03,-0.3618,17540039.0,2859494000.0,2859494000.0,28.59494,28.59494,1.58,,13.5064
600266,城建发展,北京,区域地产,主板,19990203,20260805,4.12,0.7335,87817335.0,8552063220.0,8552063220.0,85.5206322,85.5206322,0.65,,0.4679
600267,海正药业,浙江,化学制药,主板,20000725,20260805,12.01,-1.1523,543487127.0,14175067921.0,14175067921.0,141.75067921,141.75067921,1.27,26.2158,1.5842
600268,国电南自,江苏,电气设备,主板,19991118,20260805,11.58,-0.0863,277404936.0,11760495144.0,11759437890.000002,117.60495144,117.59437890000002,1.03,24.4957,3.1123
600269,赣粤高速,江西,路桥,主板,20000518,20260805,4.02,-1.4706,104909157.0,9388336140.0,9388336140.0,93.8833614,93.8833614,1.11,7.3372,0.4754
600271,航天信息,北京,软件服务,主板,20030711,20260805,7.02,-0.8475,139379722.0,13007249892.0,13007249892.0,130.07249892,130.07249892,1.13,,1.0019
600272,开开实业,上海,医药商业,主板,20010228,20260805,10.72,-0.6487,28370068.0,2815628368.0,1715200000.0,28.15628368,17.152,1.02,217.6326,3.5433
600273,嘉化能源,浙江,化工原料,主板,20030627,20260805,6.91,-0.5755,88252223.0,9061145881.0,9061145881.0,90.61145881,90.61145881,0.71,9.1735,0.8905
600276,恒瑞医药,江苏,化学制药,主板,20001018,20260805,53.54,0.2246,3583246048.0,355355682646.0,341531783142.0,3553.55682646,3415.31783142,1.0,46.0839,5.585
600278,东方创业,上海,商贸代理,主板,20000712,20260805,6.27,-0.6339,27241532.0,5395452249.0,5395452249.0,53.95452249,53.95452249,1.07,26.644,0.7133
600279,重庆港,重庆,港口,主板,20000731,20260805,4.3,0.0,28613143.0,5103525090.0,5103525090.0,51.0352509,51.0352509,0.69,104.5907,0.7571
600280,中央商场,江苏,百货,主板,20000926,20260805,2.89,0.3472,87988903.0,3260887572.0,3260887572.0,32.60887572,32.60887572,0.7,,12.2663
600281,华阳新材,山西,小金属,主板,20001109,20260805,4.29,0.7042,49881142.0,2206784580.0,2206784580.0,22.0678458,22.0678458,1.23,,39.2239
600282,南钢股份,江苏,普钢,主板,20000919,20260805,4.88,0.4115,181374446.0,30085644080.0,30085644080.0,300.8564408,300.8564408,0.99,10.4922,1.0658
600283,钱江水利,浙江,水务,主板,20001018,20260805,8.01,0.5019,28924466.0,4492207449.0,4492207449.0,44.92207449,44.92207449,1.38,20.7903,1.4131
600284,浦东建设,上海,建筑工程,主板,20040316,20260805,5.18,-1.145,69907956.0,5025926080.0,5025926080.0,50.2592608,50.2592608,0.98,14.2301,0.6303
600285,羚锐制药,河南,中成药,主板,20001018,20260805,22.47,-1.5337,186186654.0,12743085285.0,12729041535.0,127.43085285,127.29041535,0.73,16.7782,3.4923
600287,苏豪时尚,江苏,商贸代理,主板,20000901,20260805,4.54,-1.0893,17110620.0,1983054294.0,1983054294.0,19.83054294,19.83054294,0.99,79.0069,0.868
600288,大恒科技,北京,元器件,主板,20001129,20260805,10.82,1.6917,367251886.0,4726176000.0,4726176000.0,47.26176,47.26176,0.86,45.3758,2.375
600289,ST信通,黑龙江,软件服务,主板,20000720,20260805,4.67,0.8639,25115229.0,2947013307.0,2642859009.0,29.47013307,26.42859009,1.11,,3.2774
600292,电投水电,重庆,水力发电,主板,20001101,20260805,12.92,0.6231,142728964.0,61553271027.0,5675543892.0,615.53271027,56.75543892,1.07,115.6554,3.5276
600293,三峡新材,湖北,玻璃,主板,20000919,20260805,2.79,1.087,98236514.0,3236804550.0,3236804550.0,32.3680455,32.3680455,1.12,,1.8983
600295,鄂尔多斯,内蒙,特种钢,主板,20010426,20260805,12.17,-1.4575,122390039.0,34061107571.0,24042763571.0,340.61107571,240.42763571,0.91,14.4157,1.5153
600298,安琪酵母,湖北,食品,主板,20000818,20260805,41.27,-2.917,999914794.0,35816115849.0,35374601135.0,358.16115849,353.74601135,1.16,23.1908,2.8735
600299,安迪苏,北京,饲料,主板,20000420,20260805,8.45,0.1185,271698984.0,26024135085.0,26024135085.0,260.24135085,260.24135085,0.81,22.5409,1.3255
600300,维维股份,江苏,软饮料,主板,20000630,20260805,3.18,-0.3135,66125475.00000001,5142512196.0,5142512196.0,51.42512196,51.42512196,0.8,15.3718,1.3872
600301,华锡有色,广西,小金属,主板,20000712,20260805,47.46,5.4667,775730298.0,30021653550.0,13067432322.0,300.2165355,130.67432322,1.34,37.4908,6.0256
600302,ST标准,陕西,纺织机械,主板,20001213,20260805,6.21,1.4706,38654182.0,2148720858.0,2148720858.0,21.48720858,21.48720858,1.13,,4.4338
600303,曙光股份,辽宁,汽车整车,主板,20001226,20260805,2.79,0.722,71579276.0,1907255718.0,1890259038.0,19.07255718,18.90259038,0.62,,2.0242
600305,恒顺醋业,江苏,食品,主板,20010206,20260805,6.97,-0.7123,45505858.0,7699547809.0,7687630503.0,76.99547809,76.87630503,0.58,53.6037,2.243
600307,酒钢宏兴,甘肃,普钢,主板,20001220,20260805,1.49,-0.6667,66153359.0,9332402526.0,9332402526.0,93.32402526,93.32402526,0.82,,1.7549
600308,华泰股份,山东,造纸,主板,20000928,20260805,3.23,-0.6154,24951378.0,4899490746.0,4899490746.0,48.99490746,48.99490746,0.88,,0.5413
600309,万华化学,山东,化工原料,主板,20010105,20260805,74.45,1.0999,2511593591.0,233063610620.0,233063610620.0,2330.6361062,2330.6361062,0.86,18.6046,2.0922
600310,广西能源,广西,水力发电,主板,20010228,20260805,4.47,0.2242,272698619.0,6551726829.0,6551726829.0,65.51726829,65.51726829,0.97,,2.4116
600312,平高电气,河南,电气设备,主板,20010221,20260805,20.94,-0.8523,864751160.0,28413932022.0,28413932022.0,284.13932022,284.13932022,1.07,25.3734,2.4352
600313,农发种业,北京,种植业,主板,20010119,20260805,5.64,-0.7042,126556701.0,6550149360.0,6103600668.0,65.5014936,61.03600668,1.07,78.3657,2.7112
600315,上海家化,上海,日用化工,主板,20010315,20260805,17.63,-0.9551,194145743.0,11851344380.0,11851344380.0,118.5134438,118.5134438,1.28,44.2907,1.676
600316,洪都航空,江西,航空,主板,20001215,20260805,25.55,-0.6996,221710569.0,18322275475.0,18322275475.0,183.22275475,183.22275475,0.87,460.8237,3.398
600318,新力金融,安徽,多元金融,主板,20001208,20260805,6.55,0.6144,81961033.0,3358365780.0,3358365780.0,33.5836578,33.5836578,1.02,94.1307,3.0256
600319,亚星化学,山东,化工原料,主板,20010326,20260805,5.91,1.3722,23735637.0,2291362554.0,2291362554.0,22.91362554,22.91362554,0.64,,6.7867
600320,振华重工,上海,专用机械,主板,20001221,20260805,4.26,-0.6993,181066916.0,22392952842.0,14101477134.0,223.92952842,141.01477134,1.03,30.5981,1.4
600322,津投城开,天津,区域地产,主板,20010910,20260805,2.68,3.4749,90341896.0,2963276000.0,2963276000.0,29.63276,29.63276,1.5,,38.9578
600323,瀚蓝环境,广东,环境保护,主板,20001225,20260805,30.34,-1.237,175701502.0,24737631014.0,24737631014.0,247.37631014,247.37631014,0.78,12.5377,1.6269
600325,华发股份,广东,区域地产,主板,20040225,20260805,2.57,1.1811,93638146.0,7073030897.0,7073030897.0,70.73030897,70.73030897,0.53,,0.8247
600326,西藏天路,西藏,水泥,主板,20010116,20260805,6.84,-0.4367,286748849.0,9319256496.0,9319256496.0,93.19256496,93.19256496,0.55,,2.3783
600327,大东方,江苏,医疗保健,主板,20020625,20260805,3.6,-0.8264,29058375.0,3185206200.0,3185206200.0,31.852062,31.852062,0.82,,1.1278
600328,中盐化工,内蒙,化工原料,主板,20001222,20260805,6.39,-0.7764,77296903.0,9369717705.0,9369717705.0,93.69717705,93.69717705,0.79,126.7045,0.7909
600329,达仁堂,天津,中成药,主板,20010606,20260805,37.3,-1.3488,123995732.0,28724521120.000004,21152434620.0,287.2452112,211.5243462,0.85,13.4792,3.8185
600330,天通股份,浙江,专用机械,主板,20010118,20260805,19.68,8.6093,2841644426.0,24273988992.0,24273988992.0,242.73988992,242.73988992,1.71,,3.1296
600331,宏达股份,四川,农药化肥,主板,20011220,20260805,13.29,1.4504,702234464.0,35106864000.0,27005280000.0,351.06864,270.0528,1.0,,11.2711
600332,白云山,广东,中成药,主板,20010206,20260805,21.49,-1.8273,311061094.0,34938246441.0,30212595441.0,349.38246441,302.12595441,1.28,11.712,0.8831
600333,长春燃气,吉林,供气供热,主板,20001211,20260805,6.08,1.8425,72383700.0,3702906656.0,3702906656.0,37.02906656,37.02906656,1.14,,1.9119
600335,国机汽车,天津,汽车服务,主板,20010305,20260805,5.2,-0.7634,52380470.0,7734775880.0,7734775880.0,77.3477588,77.3477588,0.87,18.3535,0.6627
600336,澳柯玛,山东,家用电器,主板,20001229,20260805,6.3,1.4493,42610035.0,5027493240.0,5027493240.0,50.2749324,50.2749324,1.03,,2.2212
600337,ST美克,江西,家居用品,主板,20001127,20260805,2.57,-1.1538,51009308.0,3693085116.9999995,3693085116.9999995,36.93085117,36.93085117,0.75,,9.4123
600338,西藏珠峰,西藏,铅锌,主板,20001227,20260805,13.56,2.1854,546972333.0,12396690312.0,12396690312.0,123.96690312,123.96690312,1.01,24.2107,2.7445
600339,中油工程,新疆,石油开采,主板,20001225,20260805,3.36,-1.4663,169046778.0,18759375600.0,18759375600.0,187.593756,187.593756,0.92,52.6597,0.6972
600340,*ST华幸,河北,园区开发,主板,20031230,20260805,1.1,-3.5088,82214872.0,4282690610.0,4282690610.0,42.8269061,42.8269061,1.26,,
600343,航天动力,陕西,机械基件,主板,20030408,20260805,19.01,1.985,456270584.0,12132301763.0,12132301763.0,121.32301763,121.32301763,0.98,,9.5257
600345,长江通信,湖北,通信设备,主板,20001222,20260805,45.9,6.2008,573018622.0,15129195390.000002,9710571870.0,151.2919539,97.1057187,1.51,69.029,3.9726
600346,恒力石化,辽宁,石油加工,主板,20010820,20260805,17.22,2.3173,647395458.0,121213298556.0,121213298556.0,1212.13298556,1212.13298556,1.15,17.1336,1.7143
600348,华阳股份,山西,煤炭开采,主板,20030821,20260805,8.45,0.3563,261751996.0,30483375000.0,30483375000.0,304.83375,304.83375,1.28,17.8995,1.0941
600350,山东高速,山东,路桥,主板,20020318,20260805,10.78,-1.2821,175191422.0,52116673224.0,52116673224.0,521.16673224,521.16673224,0.91,16.2582,1.6987
600351,亚宝药业,山西,中成药,主板,20020926,20260805,6.76,-1.7442,230117223.0,4677920000.0,4677920000.0,46.7792,46.7792,1.17,14.6179,1.6582
600352,浙江龙盛,浙江,染料涂料,主板,20030801,20260805,13.26,1.9216,738644943.0,43139180994.0,43139180994.0,431.39180994,431.39180994,0.73,23.586,1.3016
600353,旭光电子,四川,元器件,主板,20021120,20260805,25.37,9.5423,1343844882.0,21026940144.000004,21026940144.000004,210.26940144000002,210.26940144000002,1.21,130.1412,10.8737
600354,敦煌种业,甘肃,种植业,主板,20040115,20260805,5.94,-0.5025,143714741.0,3135144474.0,3135144474.0,31.35144474,31.35144474,0.73,66.3514,4.1888
600356,恒丰纸业,黑龙江,造纸,主板,20010419,20260805,8.34,-0.2392,41315085.0,2748334410.0,2491419876.0,27.4833441,24.91419876,0.55,13.8999,0.8916
600358,国旅联合,江西,广告包装,主板,20000922,20260805,5.2,2.9703,38965175.0,6048408080.0,2625670839.9999995,60.4840808,26.256708399999994,1.13,,124.9057
600359,新农开发,新疆,种植业,主板,19990429,20260805,6.01,-0.6612,38633068.0,2292891928.0,2292891928.0,22.92891928,22.92891928,1.01,,3.3997
600360,华微电子,吉林,半导体,主板,20010316,20260805,10.1,5.428,883238940.0,9698982530.0,9698982530.0,96.9898253,96.9898253,1.38,56.1106,2.7599
600361,创新新材,北京,铝,主板,20011129,20260805,3.76,-0.5291,130174418.0,14034812504.0,14034812504.0,140.34812504,140.34812504,0.68,17.8669,1.2308
600362,江西铜业,江西,铜,主板,20020111,20260805,46.63,5.9773,3942581805.0,161467071922.0,96768786262.0,1614.67071922,967.68786262,1.85,22.6455,1.9197
600363,联创光电,江西,元器件,主板,20010329,20260805,24.64,-10.0073,132395647.99999999,11109892640.0,11109892640.0,111.0989264,111.0989264,0.3,23.1373,2.4494
600365,ST通葡,吉林,互联网,主板,20010115,20260805,2.71,-1.0949,5935627.0,1230150300.0,1157928800.0,12.301503,11.579288,1.03,,5.5856
600366,宁波韵升,浙江,矿物制品,主板,20001030,20260805,11.9,3.5683,815973622.0,13078589090.0,13078589090.0,130.7858909,130.7858909,1.18,39.5332,2.0581
600367,红星发展,贵州,化工原料,主板,20010320,20260805,29.92,10.0,742839571.0,10206636528.0,9633438144.0,102.06636528,96.33438144,1.0,109.9501,4.1002
600368,五洲交通,广西,路桥,主板,20001221,20260805,3.92,0.5128,76896290.0,6309843288.0,6309843288.0,63.09843288,63.09843288,1.04,11.3384,0.8512
600369,西南证券,重庆,证券,主板,20010109,20260805,4.19,-0.4751,131585518.00000001,27843007129.0,27843007129.0,278.43007129,278.43007129,0.72,26.2083,1.0467
600370,*ST三房,江苏,化工原料,主板,20030306,20260805,1.59,6.0,76716559.0,6396032781.999999,6396032781.999999,63.96032781999999,63.96032781999999,1.87,,1.3009
600371,万向德农,黑龙江,种植业,主板,20020916,20260805,6.91,0.0,29101907.0,2021713979.9999998,2021713979.9999998,20.217139799999998,20.217139799999998,0.93,364.7391,3.768
600372,中航机载,北京,航空,主板,20010706,20260805,11.55,0.9615,357308060.0,55889255730.0,55889255730.0,558.8925573,558.8925573,1.09,52.3639,1.4737
600373,中文传媒,江西,出版业,主板,20020304,20260805,7.49,-1.706,97768811.0,10091716663.0,10091716663.0,100.91716663,100.91716663,0.92,36.0778,0.564
600375,汉马科技,安徽,汽车整车,主板,20030401,20260805,4.08,-0.2445,79837426.0,6540531311.999999,5967758064.0,65.40531311999999,59.67758064,0.71,137.4665,1.9259
600376,首开股份,北京,区域地产,主板,20010312,20260805,4.24,0.2364,928096274.0,10937356447.999998,10937356447.999998,109.37356447999998,109.37356447999998,1.07,,4.6457
600377,宁沪高速,江苏,路桥,主板,20010116,20260805,11.94,-0.5,180489012.0,60150705150.0,45398065020.0,601.5070515,453.9806502,0.99,13.0937,1.3879
600378,昊华科技,四川,化工原料,主板,20010111,20260805,44.07,6.2696,2994144480.0,56850286778.99999,47267957178.0,568.5028677899999,472.67957178,1.35,39.3573,3.0595
600379,宝光股份,陕西,电气设备,主板,20020116,20260805,12.6,2.0243,337153218.0,4160540160.0,4160540160.0,41.6054016,41.6054016,1.39,81.1037,5.2842
600380,健康元,深圳,化学制药,主板,20010608,20260805,10.11,-0.7851,137839723.0,18495773874.0,18495773874.0,184.95773874,184.95773874,0.9,13.8488,1.1848
600381,*ST春天,青海,医疗保健,主板,20010508,20260805,4.15,2.4691,44104729.0,2436301905.0,2436301905.0,24.36301905,24.36301905,0.88,,2.4887
600382,广东明珠,广东,普钢,主板,20010118,20260805,6.37,0.4732,112949600.0,4423379597.0,4423379597.0,44.23379597,44.23379597,0.85,24.0217,1.4098
600383,金地集团,深圳,全国地产,主板,20010412,20260805,2.29,0.4386,128646202.0,10338396444.0,10338396444.0,103.38396444,103.38396444,0.76,,0.2311
600386,北巴传媒,北京,汽车服务,主板,20010216,20260805,3.32,-0.5988,25102982.0,2677248000.0,2677248000.0,26.77248,26.77248,0.86,,1.5938
600388,龙净环保,福建,环境保护,主板,20001229,20260805,17.64,2.0833,196388169.0,22403616732.0,22403616732.0,224.03616732,224.03616732,0.76,20.1419,1.9967
600389,江山股份,江苏,农药化肥,主板,20010110,20260805,20.45,-0.6799,272105800.0,8806792500.0,8806792500.0,88.067925,88.067925,0.92,16.5354,2.1071
600390,五矿资本,湖南,多元金融,主板,20010115,20260805,4.99,0.0,151083747.0,22445346845.0,22445346845.0,224.45346845,224.45346845,0.82,51.5205,0.5288
600391,航发科技,四川,航空,主板,20011212,20260805,30.81,3.3199,291378781.0,10171286814.0,10171286814.0,101.71286814,101.71286814,0.98,167.0793,5.7322
600392,盛和资源,四川,小金属,主板,20030529,20260805,22.66,5.6903,2422780202.0,39719050756.0,39719050756.0,397.19050756,397.19050756,1.73,47.3401,3.0864
600395,盘江股份,贵州,煤炭开采,主板,20010531,20260805,4.86,-0.2053,91842528.0,10432597014.0,10432597014.0,104.32597014,104.32597014,0.67,31.662,0.9738
600396,华电辽能,辽宁,火力发电,主板,20010328,20260805,17.53,7.0861,5104254941.0,25816550203.999996,25816550203.999996,258.16550204,258.16550204,1.1,907.6079,16.82
600397,江钨装备,江西,专用机械,主板,20020702,20260805,15.35,10.0358,2159133226.0,15195884465.0,15195884465.0,151.95884465,151.95884465,2.09,,78.7108
600398,海澜之家,江苏,服饰,主板,20001228,20260805,6.07,-0.9788,205902506.0,29152815721.0,29152815721.0,291.52815721,291.52815721,0.75,13.4593,1.5137
600399,抚顺特钢,辽宁,特种钢,主板,20001229,20260805,4.31,0.2326,146212913.0,8499751000.0,8499751000.0,84.99751,84.99751,0.88,,1.5836
600400,红豆股份,江苏,服饰,主板,20010108,20260805,3.02,3.4247,142774061.0,6919943138.0,6919943138.0,69.19943138,69.19943138,0.93,,4.9888
600403,大有能源,河南,煤炭开采,主板,20031009,20260805,5.83,2.2807,393031411.0,13938436292.0,13938436292.0,139.38436292,139.38436292,0.72,,4.1698
600405,动力源,北京,电气设备,主板,20040401,20260805,4.38,3.3019,60175558.0,2684193648.0,2684193648.0,26.84193648,26.84193648,1.46,,85.6281
600406,国电南瑞,江苏,电气设备,主板,20031016,20260805,24.54,-1.7221,1954953361.0,197099297148.0,196520643948.0,1970.99297148,1965.20643948,1.08,23.8072,3.6846
600408,安泰集团,山西,焦炭加工,主板,20030212,20260805,2.77,0.7273,81537785.0,2788836000.0,2788836000.0,27.88836,27.88836,0.8,,2.4106
600409,三友化工,河北,化纤,主板,20030618,20260805,6.55,-1.2066,251373749.0,13521488570.0,13521488570.0,135.2148857,135.2148857,1.01,151.0302,0.9815
600410,华胜天成,北京,软件服务,主板,20040427,20260805,16.15,3.3931,3433241631.0,17708389405.0,17708389405.0,177.08389405,177.08389405,3.21,639.4249,4.1097
600415,小商品城,浙江,商品城,主板,20020509,20260805,12.4,0.0,891609719.0,67996134080.0,67996134080.0,679.9613408,679.9613408,0.55,16.1759,2.8488
600416,湘电股份,湖南,电气设备,主板,20020718,20260805,9.35,-0.1068,117353238.0,13798565440.0,13798565440.0,137.9856544,137.9856544,0.78,61.3908,1.4174
600418,江淮汽车,安徽,汽车整车,主板,20010824,20260805,25.5,1.8371,2579242967.0,57481544100.0,55692249900.0,574.815441,556.922499,0.83,,4.5678
600419,天润乳业,新疆,乳制品,主板,20010628,20260805,8.69,-0.4582,84948430.0,2741823612.0,2741823612.0,27.41823612,27.41823612,0.57,66.0954,1.1158
600420,国药现代,上海,化学制药,主板,20040616,20260805,8.69,-0.9122,72873401.0,11654790763.0,11654790763.0,116.54790763,116.54790763,0.98,12.3776,0.8374
600422,昆药集团,云南,中成药,主板,20001206,20260805,8.82,-2.649,119517735.0,6676526556.000001,6676526556.000001,66.76526556,66.76526556,1.48,19.079,1.2786
600423,*ST柳化,广西,农药化肥,主板,20030717,20260805,2.79,0.0,16606074.0,2228359050.0,2228359050.0,22.2835905,22.2835905,0.9,,4.1195
600425,青松建化,新疆,水泥,主板,20030724,20260805,3.49,-0.5698,44212537.0,5600415913.0,5600415913.0,56.00415913,56.00415913,0.86,20.2632,0.8686
600426,华鲁恒升,山东,农药化肥,主板,20020620,20260805,21.0,-0.0951,930425635.0,57748803000.0,57741159000.0,577.48803,577.41159,0.95,17.4179,1.6901
600428,中远海特,广东,水运,主板,20020418,20260805,11.73,1.2953,766142778.0,32186186292.0,28683200088.0,321.86186292,286.83200088,1.01,18.0824,1.882
600429,三元股份,北京,乳制品,主板,20030915,20260805,4.54,-0.6565,60356459.0,6819484060.0,6798910596.0,68.1948406,67.98910596,0.46,,1.4121
600433,冠豪高新,广东,造纸,主板,20030619,20260805,3.43,0.5865,119777654.0,6003457656.0,6003457656.0,60.03457656,60.03457656,1.14,,1.3606
600435,北方导航,北京,专用机械,主板,20030704,20260805,10.77,0.0929,192164146.0,16288092429.0,16288092429.0,162.88092429,162.88092429,0.93,135.0465,5.6078
600436,片仔癀,福建,中成药,主板,20030616,20260805,136.83,-0.4873,1018048283.0,82551892476.0,82551892476.0,825.51892476,825.51892476,1.07,38.2427,5.4266
600438,通威股份,四川,电气设备,主板,20040302,20260805,12.79,-0.3894,1002668019.0,57580463611.0,57580463611.0,575.80463611,575.80463611,0.94,,1.647
600439,瑞贝卡,河南,服饰,主板,20030710,20260805,1.85,-2.6316,131960347.00000001,2094172990.0,2094172990.0,20.9417299,20.9417299,2.19,,0.8317
600444,国机通用,安徽,专用机械,主板,20040219,20260805,13.22,-0.9738,33025839.999999996,1935697518.0,1935697518.0,19.35697518,19.35697518,0.93,33.1845,2.5367
600446,金证股份,深圳,软件服务,主板,20031224,20260805,11.7,3.5398,590335921.0,11012829750.0,11012829750.0,110.1282975,110.1282975,1.99,,3.114
600448,华纺股份,山东,纺织,主板,20010903,20260805,2.75,-0.722,38045203.0,1732004175.0,1732004175.0,17.32004175,17.32004175,0.91,,1.8995
600449,宁夏建材,宁夏,水泥,主板,20030829,20260805,13.78,1.3981,164754291.0,6589334179.999999,6589334179.999999,65.89334179999999,65.89334179999999,1.13,36.1829,0.8942
600452,涪陵电力,重庆,水力发电,主板,20040303,20260805,9.87,-0.6042,252125460.0,15165666579.0,15165666579.0,151.65666579,151.65666579,0.86,38.5626,2.6394
600455,博通股份,陕西,文教休闲,主板,20040329,20260805,23.53,-1.1345,44160012.0,1469636740.0,1469636740.0,14.6963674,14.6963674,0.87,33.0931,4.2952
600456,宝钛股份,陕西,小金属,主板,20020412,20260805,29.1,0.6572,213094857.0,13903325250.0,13903325250.0,139.0332525,139.0332525,1.1,34.6801,1.9198
600458,时代新材,湖南,塑料,主板,20021219,20260805,11.73,2.535,249547339.0,11170437945.0,10195352370.0,111.70437945,101.9535237,1.01,21.7487,1.3867
600459,贵研铂业,云南,小金属,主板,20030516,20260805,20.73,8.7618,935111929.0,17066557086.0,15748711599.0,170.66557086,157.48711599,2.51,26.644,2.1777
600460,士兰微,浙江,半导体,主板,20030311,20260805,30.62,5.1511,3463007036.0,50953878516.0,50953878516.0,509.53878516,509.53878516,1.22,127.8479,4.1776
600461,洪城环境,江西,水务,主板,20040601,20260805,8.95,-1.2141,140336464.0,11493203359.999998,11493203359.999998,114.93203359999998,114.93203359999998,1.16,9.6321,1.1236
600463,空港股份,北京,园区开发,主板,20040318,20260805,7.88,0.6386,29656021.0,2364000000.0,2364000000.0,23.64,23.64,1.1,,2.6633
600467,好当家,山东,渔业,主板,20040405,20260805,2.24,-0.885,50111799.0,3272627232.0,3272627232.0,32.72627232,32.72627232,0.83,109.5537,0.9549
600468,百利电气,天津,电气设备,主板,20010615,20260805,6.74,0.2976,713720374.0,7331335922.0,7331335922.0,73.31335922,73.31335922,2.08,82.3223,3.5958
600469,风神股份,河南,汽车配件,主板,20031021,20260805,5.37,0.0,38427316.0,4779486876.0,3917151333.0,47.79486876,39.17151333,0.92,20.2858,1.0231
600470,六国化工,安徽,农药化肥,主板,20040305,20260805,5.74,2.6834,142356312.0,2993984000.0,2993984000.0,29.93984,29.93984,1.15,,1.9647
600475,华光环能,江苏,电气设备,主板,20030721,20260805,15.72,1.0932,185047600.0,15027780804.0,14822163204.0,150.27780804,148.22163204,0.57,38.7788,1.7353
600476,*ST湘邮,湖南,软件服务,主板,20031210,20260805,8.94,-0.7769,12472316.0,1439965799.9999998,1439965799.9999998,14.399657999999997,14.399657999999997,1.0,,
600477,杭萧钢构,浙江,钢加工,主板,20031110,20260805,2.44,-0.4082,65609394.0,5755882896.0,5755882896.0,57.55882896,57.55882896,0.84,49.4984,1.1536
600478,科力远,湖南,电气设备,主板,20030918,20260805,5.09,-0.9728,139673360.0,8622047201.0,8622047201.0,86.22047201,86.22047201,0.97,61.4211,2.9407
600479,千金药业,湖南,中成药,主板,20040312,20260805,9.73,-0.7143,49621954.0,4789203300.0,4072074083.0,47.892033,40.72074083,1.08,16.7283,1.5433
600480,凌云股份,河北,汽车配件,主板,20030815,20260805,8.91,0.0,132516644.0,10890045243.0,10809479241.0,108.90045243,108.09479241,0.94,13.0408,1.3199
600481,双良节能,江苏,电气设备,主板,20030422,20260805,4.35,0.4619,227149189.0,8979275655.0,8979275655.0,89.79275655,89.79275655,1.0,,2.0684
600482,中国动力,河北,船舶,主板,20040714,20260805,28.46,1.9341,781572705.0,64554292544.0,64554292544.0,645.54292544,645.54292544,1.03,49.6233,1.5782
600483,福能股份,福建,新型电力,主板,20040531,20260805,10.75,-1.0129,130028137.0,29886575950.000004,29886575950.000004,298.8657595,298.8657595,0.88,10.1064,1.0728
600486,扬农化工,江苏,农药化肥,主板,20020425,20260805,55.37,-0.1983,355550204.0,22375675902.999996,22375675902.999996,223.75675902999996,223.75675902999996,1.05,17.4001,1.8855
600487,亨通光电,江苏,通信设备,主板,20030822,20260805,54.41,8.2355,18223584577.0,134196405043.0,133502895183.0,1341.96405043,1335.02895183,1.84,50.0683,4.1407
600488,津药药业,天津,化学制药,主板,20010618,20260805,5.55,1.4625,384349903.0,6059971185.0,6059971185.0,60.59971185,60.59971185,0.85,85.8786,1.9874
600489,中金黄金,北京,黄金,主板,20030814,20260805,24.25,8.9398,2742411842.0,117547330550.0,117547330550.0,1175.4733055,1175.4733055,1.4,23.826,3.5841
600490,鹏欣资源,上海,铜,主板,20030626,20260805,7.02,4.7761,333265288.0,15534467442.0,13988202228.000002,155.34467442,139.88202228000003,1.23,68.8951,2.4407
600491,ST龙元,浙江,建筑工程,主板,20040524,20260805,1.24,-0.8,56384430.0,1896899920.0,1896899920.0,18.9689992,18.9689992,0.95,,0.273
600493,凤竹纺织,福建,纺织,主板,20040421,20260805,5.81,0.0,30119594.0,1580320000.0,1580320000.0,15.8032,15.8032,0.77,100.5915,1.4173
600495,晋西车轴,山西,运输设备,主板,20040526,20260805,3.83,-0.7772,32315181.0,4627371147.0,4627371147.0,46.27371147,46.27371147,0.86,160.9494,1.4108
600496,精工钢构,安徽,钢加工,主板,20020605,20260805,3.32,-0.3003,67944565.0,6607216992.0,6607216992.0,66.07216992,66.07216992,0.73,10.9217,0.7067
600497,驰宏锌锗,云南,铅锌,主板,20040420,20260805,10.26,6.875,2313444922.0,51714303930.0,51714303930.0,517.1430393,517.1430393,1.91,49.9499,3.0083
600498,烽火通信,湖北,通信设备,主板,20010823,20260805,36.9,7.0807,3699829054.0,50116380750.0,46922833350.0,501.1638075,469.2283335,1.5,114.9895,2.852
600499,科达制造,广东,专用机械,主板,20021010,20260805,14.52,-7.3389,1403789142.0,27847274928.0,27847274928.0,278.47274928,278.47274928,2.63,21.2759,2.117
600500,中化国际,上海,塑料,主板,20000301,20260805,4.97,5.074,452351372.0,17833882311.0,17833882311.0,178.33882311,178.33882311,1.09,,1.7549
600501,航天晨光,江苏,专用机械,主板,20010615,20260805,14.73,1.2371,85743001.0,6301850466.0,6301850466.0,63.01850466,63.01850466,0.92,,4.311
600502,安徽建工,安徽,建筑工程,主板,20030415,20260805,4.64,-1.2766,132249892.0,7964717296.0,7964717296.0,79.64717296,79.64717296,0.89,5.2201,0.6528
600503,华丽家族,上海,区域地产,主板,20020709,20260805,2.12,0.4739,80169976.0,3396854800.0,3396854800.0,33.968548,33.968548,1.24,,0.9843
600505,西昌电力,四川,水力发电,主板,20020530,20260805,11.37,-0.5249,116611513.0,4145132475.0,4145132475.0,41.45132475,41.45132475,0.86,347.955,3.3832
600506,统一股份,新疆,石油加工,主板,20011226,20260805,14.45,0.5567,67926215.0,3607075470.0,3607075470.0,36.0707547,36.0707547,1.0,275.8256,7.1189
600507,方大特钢,江西,特种钢,主板,20030930,20260805,4.39,-1.5695,117542719.0,10154894881.0,10154894881.0,101.54894881,101.54894881,0.65,10.7771,0.9893
600508,上海能源,上海,煤炭开采,主板,20010829,20260805,8.49,-0.3521,39145667.0,8590226148.0,8590226148.0,85.90226148,85.90226148,0.57,38.9702,0.6734
600509,天富能源,新疆,火力发电,主板,20020228,20260805,7.84,1.1613,214186500.0,10775275615.999998,10775275615.999998,107.75275615999998,107.75275615999998,1.03,46.8317,1.3864
600510,黑牡丹,江苏,全国地产,主板,20020618,20260805,6.75,3.6866,66764649.00000001,6966172125.0,6966172125.0,69.66172125,69.66172125,1.19,104.2839,0.6598
600511,国药股份,北京,医药商业,主板,20021127,20260805,27.55,-1.6071,189094912.0,20786557650.0,15244693320.0,207.8655765,152.4469332,1.23,10.411,1.0914
600512,腾达建设,浙江,建筑工程,主板,20021226,20260805,2.02,-0.9804,36637977.0,3206558504.0,3206558504.0,32.06558504,32.06558504,0.75,104.3286,0.5182
600513,联环药业,江苏,化学制药,主板,20030319,20260805,17.28,0.3484,409120942.0,4932684864.0,4932684864.0,49.32684864,49.32684864,0.84,,3.8573
600515,海南机场,海南,机场,主板,20020806,20260805,2.95,-1.0067,269545617.0,33704663320.0,27069236875.0,337.0466332,270.69236875,0.88,154.2093,1.3899
600516,方大炭素,甘肃,矿物制品,主板,20020830,20260805,5.26,0.1905,261576794.0,21176604304.0,21176604304.0,211.76604304,211.76604304,1.15,227.6021,1.2963
600517,国网英大,上海,多元金融,主板,20031010,20260805,5.14,-0.7722,118846792.0,29392759498.0,29392759498.0,293.92759498,293.92759498,0.83,11.6153,1.2266
600518,康美药业,广东,中成药,主板,20010319,20260805,1.37,-2.1429,294346074.0,18945588479.0,18936622514.0,189.45588479,189.36622514,1.45,1834.3912,2.6047
600519,贵州茅台,贵州,白酒,主板,20010827,20260805,1306.45,-1.6494,5600615349.0,1633169106320.0,1633169106320.0,16331.6910632,16331.6910632,0.81,19.8393,6.0288
600520,三佳科技,安徽,半导体,主板,20020108,20260805,23.33,4.6658,241887512.0,3696171900.0,3696171900.0,36.961719,36.961719,0.79,483.7056,9.3886
600521,华海药业,浙江,化学制药,主板,20030304,20260805,16.66,-2.23,658983084.0,24944221652.0,24944221652.0,249.44221652,249.44221652,1.2,93.6347,2.5965
600522,中天科技,江苏,通信设备,主板,20021024,20260805,32.0,6.8804,11233725553.0,109214390399.99998,109214390399.99998,1092.1439039999998,1092.1439039999998,1.66,37.6304,2.8731
600523,贵航股份,贵州,汽车配件,主板,20011227,20260805,11.43,0.4394,37874631.0,4621278159.0,4618229778.0,46.21278159,46.18229778,0.83,23.9917,1.4215
600525,ST长园,深圳,电气设备,主板,20021202,20260805,4.8,-3.6145,110677524.0,6330144960.0,6330144960.0,63.3014496,63.3014496,3.55,,2.2526
600526,菲达环保,浙江,环境保护,主板,20020722,20260805,4.42,-0.4505,32393232.0,3928066376.0,3858691382.0,39.28066376,38.58691382,0.9,13.1565,0.8491
600527,江南高纤,江苏,化纤,主板,20031127,20260805,2.18,-1.3575,115783130.0,3775238762.0,3775238762.0,37.75238762,37.75238762,0.88,178.9969,1.8204
600528,中铁工业,北京,运输设备,主板,20010528,20260805,7.25,-1.3605,103124078.0,16106249100.0,16106249100.0,161.062491,161.062491,0.95,11.784,0.6314
600529,山东药玻,山东,医疗保健,主板,20020603,20260805,19.45,-0.8665,247992091.0,12907294245.0,12907294245.0,129.07294245,129.07294245,0.92,18.7164,1.5409
600530,交大昂立,上海,医疗保健,主板,20010702,20260805,4.24,-5.5679,138316047.0,3285660800.0,3285660800.0,32.856608,32.856608,4.51,940.7828,10.4533
600531,豫光金铅,河南,铅锌,主板,20020730,20260805,12.85,5.8484,855142522.0,15539025695.0,15539025695.0,155.39025695,155.39025695,1.72,18.0667,2.1877
600533,栖霞建设,江苏,区域地产,主板,20020328,20260805,2.09,0.9662,33838453.0,2194500000.0,2194500000.0,21.945,21.945,1.17,,1.6549
600535,天士力,天津,中成药,主板,20020823,20260805,15.72,-0.8202,243811245.0,23484894000.0,23484894000.0,234.84894,234.84894,0.84,21.254,1.8394
600536,中国软件,北京,软件服务,主板,20020517,20260805,33.53,1.2074,905012077.0,31309864698.0,28287782327.0,313.09864698,282.87782327,1.14,,8.9065
600537,*ST亿晶,浙江,电气设备,主板,20030123,20260805,2.31,-1.2821,31496291.0,2734381650.0,2734381650.0,27.3438165,27.3438165,0.83,,
600538,国发股份,广西,医药商业,主板,20030114,20260805,4.91,0.6148,32190024.0,2573813653.0,2573813653.0,25.73813653,25.73813653,0.56,,3.7838
600539,狮头股份,山西,互联网,主板,20010824,20260805,14.33,1.9929,256884005.0,3295900000.0,3295900000.0,32.959,32.959,0.68,,10.9687
600540,新赛股份,新疆,种植业,主板,20040107,20260805,3.89,1.039,212558194.0,2261556530.0,2261556530.0,22.6155653,22.6155653,1.87,,5.8771
600543,*ST莫高,甘肃,红黄酒,主板,20040324,20260805,3.89,0.5168,8313600.0,1249156800.0,1249156800.0,12.491568,12.491568,0.99,,1.8015
600545,卓郎智能,新疆,纺织机械,主板,20031203,20260805,4.28,5.679,378983172.0,7652264216.0,7652264216.0,76.52264216,76.52264216,1.07,,2.9192
600546,山煤国际,山西,煤炭开采,主板,20030731,20260805,12.24,-0.5686,208859355.0,24265262664.0,24265262664.0,242.65262664,242.65262664,0.71,20.803,1.4526
600547,山东黄金,山东,黄金,主板,20030828,20260805,28.95,6.9055,2766424275.0,133457459025.0,104638133535.0,1334.57459025,1046.38133535,1.53,28.1592,4.1699
600548,深高速,深圳,路桥,主板,20011225,20260805,8.48,-1.0502,41342294.0,21521019728.0,14538332480.0,215.21019728,145.3833248,1.18,18.7245,0.9168
600549,厦门钨业,福建,小金属,主板,20021107,20260805,53.72,8.789,5808507111.0,85285109176.0,83477227040.0,852.85109176,834.7722704,2.01,36.93,4.6603
600550,保变电气,河北,电气设备,主板,20010228,20260805,12.32,0.5714,791018106.0,22687631120.000004,22687631120.000004,226.87631120000003,226.87631120000003,0.97,115.156,25.424
600551,时代出版,安徽,出版业,主板,20020905,20260805,7.02,-0.1422,30292740.0,4759947504.0,4759947504.0,47.59947504,47.59947504,0.77,11.6165,0.7966
600552,凯盛科技,安徽,元器件,主板,20021108,20260805,17.08,6.6833,1419160231.0,16133885852.0,16133885852.0,161.33885852,161.33885852,1.19,125.3911,3.7378
600556,天下秀,广西,互联网,主板,20010807,20260805,5.54,9.9206,732221930.0,10014921704.0,10014921704.0,100.14921704,100.14921704,2.14,324.461,2.6129
600557,康缘药业,江苏,中成药,主板,20020918,20260805,12.57,-1.9501,126002612.0,7116616115.999999,7116616115.999999,71.16616115999999,71.16616115999999,1.54,23.4153,1.453
600558,大西洋,四川,钢加工,主板,20010227,20260805,4.95,0.8147,46245236.0,4443143760.0,4443143760.0,44.4314376,44.4314376,0.67,24.3868,1.7911
600559,老白干酒,河北,白酒,主板,20021029,20260805,12.13,-1.0604,164807899.0,11095885962.0,11095885962.0,110.95885962,110.95885962,0.7,25.8175,2.0263
600560,金自天正,北京,电气设备,主板,20020919,20260805,11.06,-0.2705,22375055.0,2473519230.0,2473519230.0,24.7351923,24.7351923,0.77,47.9334,2.5056
600561,江西长运,江西,公共交通,主板,20020716,20260805,5.45,-0.5474,38723568.0,1550398560.0,1550398560.0,15.5039856,15.5039856,1.19,96.7111,1.7017
600562,国睿科技,江苏,通信设备,主板,20030128,20260805,25.21,1.3264,274994635.0,31307235138.0,31307235138.0,313.07235138,313.07235138,1.02,49.8119,4.6577
600563,法拉电子,福建,元器件,主板,20021210,20260805,141.69,1.5481,901623306.0,31880250000.0,31880250000.0,318.8025,318.8025,1.24,26.7411,5.0623
600566,济川药业,湖北,中成药,主板,20010822,20260805,26.22,-0.6065,191285339.0,24167794685.999996,24086253108.0,241.67794685999996,240.86253108,1.23,13.5938,1.6124
600567,山鹰国际,安徽,造纸,主板,20011218,20260805,1.35,0.0,108818391.0,8515061955.0,8515061955.0,85.15061955,85.15061955,1.15,,0.5761
600568,ST中珠,湖北,医疗保健,主板,20010518,20260805,2.26,-1.31,14982454.0,4503885522.0,3772092098.0,45.03885522,37.72092098,1.05,,2.7873
600569,安阳钢铁,河南,普钢,主板,20010820,20260805,1.81,-0.5495,29964359.0,5199082734.0,5199082734.0,51.99082734,51.99082734,0.52,,3.5671
600570,恒生电子,浙江,软件服务,主板,20031216,20260805,23.33,1.0832,1100631849.0,44178805506.99999,44178805506.99999,441.7880550699999,441.7880550699999,0.87,35.8832,4.4299
600571,信雅达,浙江,软件服务,主板,20021101,20260805,10.87,1.779,139794772.0,5068879921.0,4975760979.0,50.68879921,49.75760979,1.16,75.8902,4.3847
600572,康恩贝,浙江,中成药,主板,20040412,20260805,4.28,-2.0595,256438436.0,10864917388.0,10836062056.0,108.64917388,108.36062056,1.4,22.9042,1.4973
600573,惠泉啤酒,福建,啤酒,主板,20030226,20260805,9.74,-0.409,68017670.0,2435000000.0,2435000000.0,24.35,24.35,0.76,30.4411,1.7828
600575,淮河能源,安徽,火力发电,主板,20030328,20260805,3.49,-2.2409,232273392.0,25012104778.0,13563051239.0,250.12104778,135.63051239,0.86,14.7342,1.121
600576,祥源文旅,浙江,旅游景点,主板,20030220,20260805,5.66,0.3546,49047354.0,5968744510.0,3737807966.0,59.6874451,37.37807966,1.0,52.5762,2.3065
600577,精达股份,安徽,电气设备,主板,20020911,20260805,8.24,0.9804,513002396.0,18390149832.0,18390149832.0,183.90149832,183.90149832,0.75,30.6941,2.9524
600578,京能电力,北京,火力发电,主板,20020510,20260805,5.99,0.335,861172580.0,40100779790.0,40100779790.0,401.0077979,401.0077979,0.88,11.3615,1.5904
600579,中化装备,山东,化工机械,主板,20020809,20260805,7.21,1.122,49503897.0,3558861768.0,3558861768.0,35.58861768,35.58861768,1.18,,2.3446
600580,卧龙电驱,浙江,电气设备,主板,20020606,20260805,36.86,3.3361,4558378206.0,57579651050.00001,57414333949.99999,575.7965105000001,574.1433394999999,1.86,51.1294,5.1589
600581,*ST八钢,新疆,普钢,主板,20020816,20260805,2.31,-0.431,14128308.0,3540994148.9999995,3540994148.9999995,35.409941489999994,35.409941489999994,0.77,,
600582,天地科技,北京,专用机械,主板,20020515,20260805,4.84,-1.4257,130987010.0,20030770276.0,20030770276.0,200.30770276,200.30770276,1.1,8.1862,0.7689
600583,海油工程,天津,石油开采,主板,20020205,20260805,5.61,-0.708,152174036.0,24803800428.0,24803800428.0,248.03800428,248.03800428,0.81,11.8995,0.8548
600584,长电科技,江苏,半导体,主板,20030603,20260805,68.97,5.4426,12008296116.0,123415924962.00002,123415924962.00002,1234.15924962,1234.15924962,1.15,78.848,4.2903
600585,海螺水泥,安徽,水泥,主板,20020207,20260805,17.74,-0.3371,533312417.0,93615044400.0,70560140400.0,936.150444,705.601404,0.79,11.5388,0.483
600586,金晶科技,山东,玻璃,主板,20020815,20260805,4.23,-0.4706,66481672.00000001,5995338471.0,5995338471.0,59.95338471,59.95338471,0.97,,1.1897
600587,新华医疗,山东,医疗保健,主板,20020927,20260805,12.9,-0.463,63327498.0,7825714050.0,7825714050.0,78.2571405,78.2571405,0.74,14.8683,0.9966
600588,用友网络,北京,软件服务,主板,20010518,20260805,11.85,4.1301,1883786267.0,40491419190.0,40491419190.0,404.9141919,404.9141919,1.21,,5.8722
600589,大位科技,广东,软件服务,主板,20010612,20260805,8.32,-0.716,1013454355.0,12326661568.0,12300869568.0,123.26661568,123.00869568,1.16,,19.8477
600590,泰豪科技,江西,通信设备,主板,20020703,20260805,8.66,2.0024,280338040.0,7385851602.0,7305311870.0,73.85851602,73.0531187,1.08,122.0054,2.2745
600592,龙溪股份,福建,机械基件,主板,20020805,20260805,14.57,1.1806,112053326.0,5821495952.0,5821495952.0,58.21495952,58.21495952,0.9,34.536,2.2517
600593,大连圣亚,辽宁,旅游景点,主板,20020711,20260805,39.04,0.1539,132816037.00000001,5092572800.0,5028352000.0,50.925728,50.28352,0.69,186.8343,24.3572
600594,益佰制药,贵州,中成药,主板,20040323,20260805,3.56,-1.385,86198536.0,2792442284.0,2792442284.0,27.92442284,27.92442284,0.72,,1.2938
600595,中孚实业,河南,铝,主板,20020626,20260805,6.67,-0.8915,1097797229.0,26732727017.0,26732727017.0,267.32727017,267.32727017,1.62,16.5293,1.4611
600596,新安股份,浙江,化工原料,主板,20010906,20260805,10.86,2.1637,439883073.0,14656623420.0,14656623420.0,146.5662342,146.5662342,0.94,99.8031,1.1675
600597,光明乳业,上海,乳制品,主板,20020828,20260805,6.92,-1.4245,68126258.0,9539038696.0,9538911368.0,95.39038696,95.38911368,0.72,,1.0378
600598,北大荒,黑龙江,种植业,主板,20020329,20260805,12.17,-0.8958,196281804.0,21634364383.0,21634364383.0,216.34364383,216.34364383,0.77,18.5514,2.5213
600600,青岛啤酒,山东,啤酒,主板,19930827,20260805,54.02,-1.207,452993662.0,73693819302.0,38306981118.0,736.93819302,383.06981118,0.75,16.0619,2.2716
600601,方正科技,上海,元器件,主板,19901219,20260805,10.64,7.9108,3216723597.0,45472624456.0,44371920712.0,454.72624456,443.71920712,1.62,96.3,9.32
600602,云赛智联,上海,软件服务,主板,19901219,20260805,18.55,0.0,1150203621.0,25370343424.999996,19928320650.0,253.70343424999996,199.2832065,1.26,130.9593,5.1557
600603,广汇物流,四川,区域地产,主板,19920113,20260805,4.64,1.5317,42225803.0,5456374592.0,5456374592.0,54.56374592,54.56374592,0.64,14.8251,0.7391
600604,市北高新,上海,园区开发,主板,19920327,20260805,4.58,1.7778,64676236.0,8579735984.0,6446142984.0,85.79735984,64.46142984,0.9,,1.4269
600605,汇通能源,上海,房产服务,主板,19920327,20260805,22.94,2.5022,101019059.0,4732118256.0,4732118256.0,47.32118256,47.32118256,1.01,196.2117,3.3135
600606,绿地控股,上海,全国地产,主板,19920327,20260805,1.3,-0.7634,114362728.0,18270483790.0,18270483790.0,182.7048379,182.7048379,0.81,,0.4739
600609,金杯汽车,辽宁,汽车配件,主板,19920724,20260805,3.33,-0.8929,64607681.0,4344180138.0,4344180138.0,43.44180138,43.44180138,1.17,18.4888,2.564
600610,中毅达,贵州,化工原料,主板,19920805,20260805,7.1,0.4243,114529885.0,7606049660.0,5031959570.0,76.0604966,50.3195957,0.87,149.9911,54.6989
600611,大众交通,上海,公共交通,主板,19920807,20260805,4.69,10.0939,218270293.0,11087736401.0,7331953916.0,110.87736401,73.31953916,0.81,153.144,1.1579
600612,老凤祥,上海,服饰,主板,19920814,20260805,34.96,0.4309,80593248.0,18288198288.0,11086151616.0,182.88198288,110.86151616,0.83,10.4208,1.3321
600613,神奇制药,上海,中成药,主板,19920820,20260805,4.94,-1.5936,37138655.0,2638313704.0,2367840800.0,26.38313704,23.678408,1.01,68.9862,1.1338
600615,鑫源智造,重庆,铝,主板,19920910,20260805,9.13,-0.1094,19740280.0,2059953511.0,2056679493.0,20.59953511,20.56679493,1.17,,2.8547
600616,金枫酒业,上海,红黄酒,主板,19920929,20260805,4.13,-1.1962,33075723.0,2762990650.0,2762990650.0,27.6299065,27.6299065,0.93,1354.1735,1.4284
600617,国新能源,山西,供气供热,主板,19921013,20260805,3.4,-0.2933,185332493.0,6559252120.000001,6036845180.0,65.59252120000001,60.3684518,0.45,,2.0506
600618,氯碱化工,上海,化工原料,主板,19921113,20260805,10.45,-0.2863,64827429.0,12084380000.0,7835828000.0,120.8438,78.35828,0.75,14.0086,1.2687
600619,海立股份,上海,家用电器,主板,19921116,20260805,14.46,3.0649,504673009.0,15520560024.000002,11411467608.0,155.20560024000002,114.11467608,0.82,216.1009,2.5153
600620,天宸股份,上海,综合类,主板,19921117,20260805,4.23,-0.2358,20686143.0,2904644133.0,2904644133.0,29.04644133,29.04644133,0.88,153.0542,2.0368
600621,华鑫股,上海,证券,主板,19921202,20260805,13.41,0.0746,102243249.0,14226659613.0,14226659613.0,142.26659613,142.26659613,0.88,22.3798,1.521
600622,光大嘉宝,上海,区域地产,主板,19921203,20260805,2.19,0.4587,36019266.0,3284311026.0,3284311026.0,32.84311026,32.84311026,0.65,,1.6435
600623,华谊集团,上海,化工原料,主板,19921204,20260805,8.35,0.7238,85911881.0,17697748180.0,15664889745.0,176.9774818,156.64889745,0.74,31.9044,0.785
600624,ST复华,上海,化学制药,主板,19930105,20260805,3.87,0.0,14118878.0,2629072503.0,2629072503.0,26.29072503,26.29072503,0.61,,6.1866
600626,申达股份,上海,汽车配件,主板,19930107,20260805,3.48,0.2882,29588031.0,4596191556.0,4596191556.0,45.96191556,45.96191556,0.74,1140.0535,1.4329
600628,新世界,上海,百货,主板,19930119,20260805,6.05,-0.6568,37940132.0,3913596170.0000005,3913596170.0000005,39.1359617,39.1359617,0.9,58.7158,0.9216
600629,华建集团,上海,建筑工程,主板,19930209,20260805,15.57,10.0353,587931371.0,17902462293.0,17902462293.0,179.02462293,179.02462293,1.04,249.9393,3.3984
600630,龙头股份,上海,服饰,主板,19930209,20260805,6.67,0.6033,90362978.0,2833826872.0,2833826872.0,28.33826872,28.33826872,1.01,60.226,3.4828
600633,浙数文化,浙江,互联网,主板,19930304,20260805,11.4,0.3521,363911811.0,14456049300.0,14456049300.0,144.560493,144.560493,1.04,25.2462,1.389
600635,大众公用,上海,供气供热,主板,19930304,20260805,4.86,1.6736,194293173.0,14348832642.0,11755327662.0,143.48832642,117.55327662,0.9,34.5613,1.6144
600637,东方明珠,上海,影视音像,主板,19930316,20260805,8.34,-0.4773,353191445.0,28038244332.0,28038244332.0,280.38244332,280.38244332,0.85,45.4091,0.9364
600638,新黄浦,上海,区域地产,主板,19930326,20260805,4.99,1.4228,47554340.0,3360250032.0,3360250032.0,33.60250032,33.60250032,0.64,49.7007,0.7186
600639,浦东金桥,上海,园区开发,主板,19930326,20260805,9.59,-1.134,38737999.0,10763939711.0,8153769952.999999,107.63939711,81.53769952999998,0.66,10.0268,0.7147
600640,国脉文化,上海,影视音像,主板,19930407,20260805,11.06,-0.6289,64195246.0,8754557378.0,8754557378.0,87.54557378,87.54557378,0.82,407.1785,2.2011
600641,先导基电,上海,半导体,主板,19930407,20260805,26.58,8.8898,2443004437.0,25167695622.0,24736142742.0,251.67695622,247.36142742,1.18,,2.9923
600642,申能股份,上海,火力发电,主板,19930416,20260805,8.37,0.4802,218287012.0,40963444578.0,40961216484.0,409.63444578,409.61216484,0.88,10.2067,1.0749
600643,爱建集团,上海,多元金融,主板,19930426,20260805,4.08,-0.7299,41594254.0,6500136864.0,6488634936.0,65.00136864,64.88634936,0.64,,0.6618
600644,乐山电力,四川,水力发电,主板,19930426,20260805,10.3,-1.2464,481634403.0,5956704240.0,5956704240.0,59.5670424,59.5670424,0.8,255.4595,2.8806
600645,中源协和,天津,医疗保健,主板,19930504,20260805,18.95,-0.4204,132427181.00000001,8867631655.0,8864245290.0,88.67631655,88.6424529,0.97,77.9016,2.3843
600648,外高桥,上海,园区开发,主板,19930504,20260805,8.91,0.3378,24560724.0,12116817702.0,10137536937.0,121.16817702,101.37536937,0.58,12.9545,0.7594
600649,城投控股,上海,区域地产,主板,19930518,20260805,3.72,0.0,50954596.0,9269498976.0,9269498976.0,92.69498976,92.69498976,0.77,32.0414,0.4403
600650,锦江在线,上海,公共交通,主板,19930607,20260805,11.12,6.9231,185448925.0,6133904312.0,4343028312.0,61.33904312,43.43028312,4.9,43.2058,1.4442
600651,飞乐音响,上海,电器仪表,主板,19901219,20260805,5.96,3.1142,111538130.0,14941886880.0,14941886880.0,149.4188688,149.4188688,0.97,271.5187,5.9227
600653,申华控股,辽宁,汽车服务,主板,19901219,20260805,1.66,-0.5988,23610112.0,3230991298.0,3230991298.0,32.30991298,32.30991298,0.8,,5.1655
600654,中安科,湖北,仓储物流,主板,19901219,20260805,2.98,0.6757,208305151.0,8479320608.0,6905946764.0,84.79320608,69.05946764,0.94,160.1078,5.0311
600655,豫园股份,上海,百货,主板,19920902,20260805,4.65,0.2155,52733162.0,18094119060.0,18087785295.0,180.9411906,180.87785295,0.69,,0.6037
600657,信达地产,北京,全国地产,主板,19930524,20260805,2.62,0.0,41335373.0,7471921932.0,7471921932.0,74.71921932,74.71921932,0.75,,0.4823
600658,电子城,北京,园区开发,主板,19930524,20260805,4.03,2.0253,50995781.0,4507897550.0,4507897550.0,45.0789755,45.0789755,1.15,,1.1125
600660,福耀玻璃,福建,汽车配件,主板,19930610,20260805,56.58,-0.6148,725193029.0,147659287230.0,113328964854.0,1476.5928723,1133.28964854,0.7,15.8564,3.7724
600661,昂立教育,上海,文教休闲,主板,19930614,20260805,9.73,3.842,218302636.0,2788119824.0,2788119824.0,27.88119824,27.88119824,1.1,32.2065,10.9433
600662,外服控股,上海,文教休闲,主板,19930614,20260805,4.52,0.2217,68951082.0,10321162812.0,10290964240.0,103.21162812,102.9096424,0.97,15.8226,1.9035
600663,陆家嘴,上海,园区开发,主板,19930628,20260805,8.83,0.227,314158924.0,44460407171.0,27864687071.000004,444.60407171,278.64687071000003,0.83,36.271,1.7429
600664,哈药股份,黑龙江,化学制药,主板,19930629,20260805,6.77,4.9612,3123214091.0,17050312023.0,17050312023.0,170.50312023,170.50312023,1.13,47.1528,2.9096
600665,天地源,陕西,全国地产,主板,19930709,20260805,3.03,2.0202,38224848.0,2618291175.0,2618291175.0,26.18291175,26.18291175,1.2,,1.8474
600666,奥瑞德,黑龙江,元器件,主板,19930712,20260805,3.93,3.9683,1373294729.0,10812677382.0,9833345355.0,108.12677382,98.33345355,3.01,76.4726,9.8621
600667,太极实业,江苏,半导体,主板,19930728,20260805,18.45,7.5802,8569320927.999999,38588953590.0,38588953590.0,385.8895359,385.8895359,1.27,86.1145,4.4138
600668,尖峰集团,浙江,水泥,主板,19930728,20260805,7.3,-0.9498,37967309.0,3014174380.0,3014174380.0,30.1417438,30.1417438,1.15,7.3178,0.5502
600671,天目药业,浙江,中成药,主板,19930823,20260805,22.06,-0.4962,161124595.0,2686442534.0,2686257230.0,26.86442534,26.8625723,1.75,152.4429,36.3905
600673,东阳光,广东,综合类,主板,19930917,20260805,32.56,1.2753,1897769289.0,97991110800.0,97730725223.99998,979.911108,977.3072522399998,1.19,355.7234,9.8693
600674,川投能,四川,水力发电,主板,19930924,20260805,14.98,-2.5374,729961007.0,73021609864.0,73021609864.0,730.21609864,730.21609864,1.55,15.3596,1.5744
600675,中华企业,上海,区域地产,主板,19930924,20260805,2.26,-0.4405,48417813.0,13664265778.0,13664265778.0,136.64265778,136.64265778,0.67,115.177,0.9521
600676,久事动娱,上海,汽车配件,主板,19930928,20260805,7.39,1.7906,141788438.0,7600562531.0,7600562531.0,76.00562531,76.00562531,1.05,,1.5937
600678,ST金顶,四川,水泥,主板,19931008,20260805,5.56,0.1802,56146507.0,1940384400.0,1940384400.0,19.403844,19.403844,0.95,268.2135,7.5245
600679,上海凤凰,上海,文教休闲,主板,19931008,20260805,9.5,-0.9385,24626620.0,4705295850.0,3265095850.0,47.0529585,32.6509585,0.84,44.0927,2.2085
600681,百川能源,湖北,供气供热,主板,19931018,20260805,3.41,-1.4451,92077838.0,4572314868.0,4568748008.0,45.72314868,45.68748008,1.32,19.2793,1.2424
600682,南京新百,江苏,生物制药,主板,19931018,20260805,5.61,-0.708,73061903.0,7546191642.0,6530378283.000001,75.46191642,65.30378283,1.02,,0.4593
600683,京投发展,北京,区域地产,主板,19931025,20260805,8.55,3.5109,162991547.0,6333648480.0,6333648480.0,63.3364848,63.3364848,0.8,,
600684,珠江股份,广东,区域地产,主板,19931028,20260805,3.48,-0.5714,47778378.0,3849138564.0,2970043236.0,38.49138564,29.70043236,0.98,52.0146,3.0547
600685,中船防务,广东,船舶,主板,19931028,20260805,26.64,0.8327,312110012.0,37655810496.0,21883033728.0,376.55810496,218.83033728,0.97,37.3472,2.0651
600686,金龙汽车,福建,汽车整车,主板,19931108,20260805,12.04,2.1204,433649820.0,8633250696.0,8633250696.0,86.33250696,86.33250696,1.16,18.4339,2.3756
600688,上海石化,上海,石油加工,主板,19931108,20260805,2.83,-0.7018,145173094.0,29835607525.0,20740542205.0,298.35607525,207.40542205,0.73,,1.2677
600689,上海三毛,上海,综合类,主板,19931108,20260805,10.17,0.3949,25968285.0,2044081521.0,1547915697.0,20.44081521,15.47915697,0.97,179.0903,4.3123
600690,海尔智家,山东,家用电器,主板,19931119,20260805,22.34,-0.667,828441787.0,209496247498.0,139692654456.0,2094.96247498,1396.92654456,0.65,10.7144,1.6735
600691,潞化科技,山西,农药化肥,主板,19931119,20260805,2.46,-0.4049,56790846.0,5844915720.0,5843941560.0,58.4491572,58.4394156,0.84,,1.8793
600692,亚通股份,上海,区域地产,主板,19931119,20260805,5.93,-0.67,39757140.0,2085960520.0,1512212265.0,20.8596052,15.12212265,0.9,144.9287,2.1454
600693,东百集团,福建,百货,主板,19931122,20260805,9.79,1.3458,841032093.0,8515795277.0,8507047912.0,85.15795277,85.07047912,0.66,186.0845,2.3599
600694,大商股份,辽宁,百货,主板,19931122,20260805,14.62,-0.4087,64371677.0,5537962432.0,5537962432.0,55.37962432,55.37962432,0.91,11.2881,0.6055
600697,欧亚集团,吉林,百货,主板,19931206,20260805,10.41,-0.5731,38114303.0,1656107121.0,1617464160.0,16.56107121,16.1746416,0.95,,0.7406
600698,湖南天雁,湖南,汽车配件,主板,19931206,20260805,6.65,-0.2999,137357559.0,7106440705.0,5522503805.0,71.06440705,55.22503805,0.58,,9.6178
600699,均胜电子,浙江,汽车配件,主板,19931206,20260805,21.62,2.2706,826663270.0,33527660372.0,30174398372.0,335.27660372,301.74398372,1.47,25.0989,1.913
600702,舍得酒业,四川,白酒,主板,19960524,20260805,37.54,0.5087,511305998.0,12466692386.0,12461436786.0,124.66692386,124.61436786,0.88,55.9028,1.7433
600703,三安光电,湖北,半导体,主板,19960528,20260805,13.35,5.1181,3191458968.0,66603399645.0,66603399645.0,666.03399645,666.03399645,1.56,,1.9084
600704,物产中大,浙江,仓储物流,主板,19960606,20260805,4.99,0.0,147261350.0,25804187701.0,25804187701.0,258.04187701,258.04187701,0.66,7.1218,0.6122
600706,曲江文旅,陕西,旅游景点,主板,19960516,20260805,7.63,-0.3916,42137973.0,1946106274.0,1938250425.9999998,19.46106274,19.382504259999997,0.58,,4.3361
600707,彩虹股份,陕西,元器件,主板,19960520,20260805,8.91,7.0913,1263957276.0,31972552227.0,31966137026.999996,319.72552227,319.66137026999996,1.29,85.4337,1.4668
600708,光明地产,上海,全国地产,主板,19960606,20260805,3.22,-1.8293,85656760.0,7176210496.0,7165394516.0,71.76210496,71.65394516,1.21,,1.2033
600710,苏美达,江苏,商贸代理,主板,19960701,20260805,10.85,0.1847,115153630.0,14178230990.0,14178230990.0,141.7823099,141.7823099,0.82,10.4588,1.6553
600711,盛屯矿业,福建,小金属,主板,19960531,20260805,11.52,6.2731,1575178698.0,35603845632.0,35603845632.0,356.03845632,356.03845632,1.42,18.1521,1.9917
600712,南宁百货,广西,百货,主板,19960626,20260805,5.67,2.7174,387529265.0,3088196118.0,3054136427.9999995,30.88196118,30.541364279999996,2.34,,4.0736
600713,南京医药,江苏,医药商业,主板,19960701,20260805,5.06,-0.9785,57512969.0,6619309840.000001,6526457322.0,66.19309840000001,65.26457322,1.18,10.5937,0.9005
600714,金瑞矿业,青海,化工原料,主板,19960606,20260805,14.82,6.5421,225366613.0,4270772766.0,4270772766.0,42.70772766,42.70772766,1.42,139.7187,5.6721
600715,文投控股,北京,影视音像,主板,19960701,20260805,1.64,-1.2048,51102690.0,6658159740.0,4694290408.0,66.5815974,46.94290408,0.76,,6.1588
600716,凤凰股份,江苏,区域地产,主板,19960702,20260805,3.46,0.2899,15173254.0,3238769675.9999995,3238769675.9999995,32.38769676,32.38769676,0.55,,0.7281
600717,天津港,天津,港口,主板,19960614,20260805,4.35,-0.6849,73023757.0,12588904350.0,12588904350.0,125.8890435,125.8890435,0.63,12.8367,0.6158
600718,东软集团,辽宁,软件服务,主板,19960618,20260805,8.56,-0.4651,99250156.0,10241516984.0,10241516984.0,102.41516984,102.41516984,0.84,,1.1576
600719,大连热电,辽宁,供气供热,主板,19960716,20260805,7.59,0.7968,110618580.0,3070910964.0,3070910964.0,30.70910964,30.70910964,0.87,,7.6168
600720,中交设计,甘肃,建筑工程,主板,19960716,20260805,5.36,-0.1862,75227943.0,12299032416.0,5408506928.0,122.99032416,54.08506928,1.39,8.4525,0.769
600721,百花医药,新疆,生物制药,主板,19960626,20260805,8.71,9.9747,360593271.0,3349409596.0,3349409596.0,33.49409596,33.49409596,2.88,82.3195,4.1428
600722,金牛化工,河北,化工原料,主板,19960626,20260805,10.95,-1.7937,978127686.0,7449500715.0,7449500715.0,74.49500715,74.49500715,0.95,155.4315,5.9058
600724,宁波富达,浙江,综合类,主板,19960716,20260805,5.03,-1.5656,68455189.0,7269562733.0,7268061781.0,72.69562733,72.68061781,1.69,39.6468,2.5721
600725,云维股份,云南,商贸代理,主板,19960702,20260805,3.21,1.5823,69213437.0,3956228700.0,3956228700.0,39.562287,39.562287,0.88,,15.4161
600726,华电能源,黑龙江,火力发电,主板,19960701,20260805,6.24,4.8739,1431298368.0,49341777888.0,46646097888.0,493.41777888,466.46097888,1.14,246.7461,9.9081
600727,鲁北化工,山东,化工原料,主板,19960702,20260805,7.53,1.4825,110347822.0,3980230743.0,3980230743.0,39.80230743,39.80230743,1.14,104.0008,1.2233
600728,佳都科技,广东,软件服务,主板,19960716,20260805,4.96,-1.5873,189483888.0,10577692527.999998,10577692527.999998,105.77692527999999,105.77692527999999,0.89,60.8403,1.3391
600729,重百集团,重庆,百货,主板,19960702,20260805,20.65,-0.2415,71495994.0,9095354450.0,3974769820.0,90.9535445,39.7476982,0.67,8.6999,1.1192
600730,*ST高科,北京,文教休闲,主板,19960726,20260805,10.9,6.0311,156079229.0,6394550400.0,6394550400.0,63.945504,63.945504,1.15,,3.8124
600731,湖南海利,湖南,农药化肥,主板,19960802,20260805,5.81,-0.3431,44464772.0,3217883025.0,3147176487.0,32.17883025,31.47176487,0.77,13.207,0.9998
600732,爱旭股份,上海,电气设备,主板,19960816,20260805,12.53,1.0484,245560219.0,26503388338.0,26378823849.0,265.03388338,263.78823849,0.71,,5.5893
600733,北汽蓝谷,北京,汽车整车,主板,19960816,20260805,5.96,0.5059,780111762.0,37948237840.0,36027876968.0,379.4823784,360.27876968,0.7,,6.3014
600734,*ST实达,福建,软件服务,主板,19960808,20260805,1.74,0.0,64058458.0,3790247394.0,3789464393.9999995,37.90247394,37.894643939999995,0.95,,16.5376
600735,ST新华锦,山东,服饰,主板,19960726,20260805,6.42,0.9434,29313053.0,2752756044.0,2731400556.0,27.52756044,27.31400556,1.34,,2.5805
600736,苏州高新,江苏,园区开发,主板,19960815,20260805,6.77,2.2659,184877956.0,7794252933.0,7794252933.0,77.94252933,77.94252933,1.13,52.8096,1.0456
600737,中粮糖业,新疆,食品,主板,19960731,20260805,12.97,1.249,673068921.0,27740861154.0,27740861154.0,277.40861154,277.40861154,1.24,29.1633,2.3849
600738,丽尚国潮,甘肃,百货,主板,19960802,20260805,3.96,-1.4925,44865476.0,3014887392.0,3012238152.0,30.14887392,30.12238152,1.01,18.3853,1.3956
600739,辽宁成大,辽宁,生物制药,主板,19960819,20260805,10.89,-0.0917,133575633.99999999,16578020151.0,16578020151.0,165.78020151,165.78020151,0.88,22.5075,0.5624
600740,山西焦化,山西,焦炭加工,主板,19960808,20260805,3.54,-1.1173,88735774.0,9069909048.0,9069909048.0,90.69909048,90.69909048,0.89,109.0991,0.5956
600741,华域汽车,上海,汽车配件,主板,19960826,20260805,16.09,-0.5562,223874893.0,50727329160.0,50727329160.0,507.2732916,507.2732916,0.75,7.0384,0.7448
600742,富维股份,吉林,汽车配件,主板,19960826,20260805,7.59,-0.3937,46626135.0,5639809460.999999,5639809460.999999,56.39809460999999,56.39809460999999,0.81,12.1263,0.6612
600743,华远控股,北京,区域地产,主板,19960909,20260805,2.22,1.8349,67435025.0,5208343998.0,5208343998.0,52.08343998,52.08343998,1.39,,9.4044
600744,华银电力,湖南,火力发电,主板,19960905,20260805,7.37,1.0974,1178116778.0,14969386091.0,14969386091.0,149.69386091,149.69386091,0.76,183.5126,11.6129
600745,*ST闻泰,湖北,半导体,主板,19960828,20260805,17.08,-0.1753,740664527.0,21757685935.999996,21757685935.999996,217.57685935999996,217.57685935999996,1.14,,0.9516
600746,江苏索普,江苏,化工原料,主板,19960918,20260805,6.61,-0.7508,119162939.0,7719441568.999999,7719441568.999999,77.19441568999999,77.19441568999999,0.71,87.3399,1.4165
600748,上实发展,上海,全国地产,主板,19960925,20260805,3.93,3.4211,52150750.0,7249132197.0,7249132197.0,72.49132197,72.49132197,0.86,,0.7017
600749,西藏旅游,西藏,旅游景点,主板,19961015,20260805,13.98,0.5755,93511962.0,3172977689.9999995,3172977689.9999995,31.729776899999994,31.729776899999994,0.94,136.3324,3.0505
600750,华润江中,江西,中成药,主板,19960923,20260805,25.32,-2.5404,124140157.0,16093095756.000002,15921856595.999998,160.93095756000002,159.21856595999998,0.94,17.7494,3.7286
600751,海航科技,天津,水运,主板,19960909,20260805,3.29,0.6116,107909987.0,9538821362.0,8465792139.0,95.38821362,84.65792139,0.97,92.7419,1.2617
600753,ST海钦,福建,商贸代理,主板,19960927,20260805,9.73,0.9336,8317407.999999999,2240889056.0,2240889056.0,22.40889056,22.40889056,0.44,61.7145,25.5092
600754,锦江酒店,上海,酒店餐饮,主板,19961011,20260805,19.28,-0.1554,301404637.0,20558235080.0,17468530248.0,205.5823508,174.68530248,1.0,22.2141,1.2756
600755,厦门国贸,福建,仓储物流,主板,19961003,20260805,5.77,-0.6885,76819688.0,12334073747.0,12302554545.0,123.34073747,123.02554545,0.82,24.2292,0.6393
600756,浪潮软件,山东,软件服务,主板,19960923,20260805,16.67,3.0284,797317274.0,5828312095.999999,5402726996.000001,58.28312095999999,54.02726996000001,0.94,,2.6073
600757,长江传媒,湖北,出版业,主板,19961003,20260805,7.95,-2.3342,75825708.0,9648519885.0,9647301945.0,96.48519885,96.47301945,0.92,9.5157,0.9326
600758,辽宁能源,辽宁,煤炭开采,主板,19961029,20260805,3.34,-0.2985,125154680.0,4415538116.0,4411282956.0,44.15538116,44.11282956,0.86,,0.8275
600759,ST洲际,海南,石油开采,主板,19961008,20260805,2.35,-0.8439,336822397.0,9750171855.0,9737661630.0,97.50171855,97.3766163,1.05,67.5866,1.0732
600760,中航沈飞,山东,航空,主板,19961011,20260805,42.52,-1.2541,695905800.0,120541202340.0,120312580804.0,1205.4120234,1203.12580804,1.21,34.2665,5.0689
600761,安徽合力,安徽,工程机械,主板,19961009,20260805,17.88,0.112,148846247.0,15925587264.0,15925587264.0,159.25587264,159.25587264,0.57,13.0042,1.4279
600763,通策医疗,浙江,医疗保健,主板,19961030,20260805,36.4,-0.274,285561779.0,16281323240.0,16281323240.0,162.8132324,162.8132324,0.84,32.4364,3.6828
600764,中国海防,北京,船舶,主板,19961104,20260805,18.54,-1.1727,137014570.0,13175069076.0,13175069076.0,131.75069076,131.75069076,1.05,109.2866,1.6062
600765,中航重机,贵州,航空,主板,19961106,20260805,13.55,-1.311,266039196.0,21036295773.0,21036295773.0,210.36295773,210.36295773,1.3,34.5525,1.4663
600768,宁波富,浙江,铝,主板,19961111,20260805,14.44,1.9774,46411537.0,1931309568.0000002,1931309568.0000002,19.313095680000004,19.313095680000004,1.03,32.9649,4.2198
600769,祥龙电业,湖北,水务,主板,19961101,20260805,14.49,2.4752,180818332.0,5433419628.0,5433419628.0,54.33419628,54.33419628,0.97,285.5894,42.8705
600770,综艺股份,江苏,综合类,主板,19961120,20260805,5.31,2.1154,155000136.0,6903000000.0,6903000000.0,69.03,69.03,1.13,63.2625,2.0306
600771,广誉远,山西,中成药,主板,19961105,20260805,14.37,-1.4403,98515249.0,7033987107.000001,7033987107.000001,70.33987107000002,70.33987107000002,0.87,111.5735,4.1391
600773,西藏城投,西藏,区域地产,主板,19961108,20260805,11.0,2.3256,221511042.0,10467455900.0,10467455900.0,104.674559,104.674559,0.85,,2.4692
600774,汉商集团,湖北,化学制药,主板,19961108,20260805,6.69,-1.7621,26126382.0,1973766755.9999998,1972748538.0,19.73766756,19.72748538,0.76,,1.3334
600775,南京熊猫,江苏,通信设备,主板,19961118,20260805,10.07,1.003,368054615.0,9202353695.0,6765413695.0,92.02353695,67.65413695,0.82,857.4918,2.958
600776,东方通信,浙江,通信设备,主板,19961126,20260805,12.95,0.5435,212276184.0,16265201295.0,12380201295.0,162.65201295,123.80201295,1.05,45.4245,4.2587
600777,新潮能源,山东,石油开采,主板,19961121,20260805,4.29,1.4184,121033678.0,29174126982.0,27310793796.0,291.74126982,273.10793796,1.09,24.1665,1.3152
600778,友好集团,新疆,百货,主板,19961203,20260805,5.33,-0.9294,34300134.0,1660249162.0,1658775417.0,16.60249162,16.58775417,0.81,125.5749,6.5681
600779,水井坊,四川,白酒,主板,19961206,20260805,28.85,1.0508,112160519.0,14064467320.0,14064467320.0,140.6446732,140.6446732,0.68,34.6511,2.6614
600780,通宝能源,山西,火力发电,主板,19961205,20260805,6.07,-1.3008,71100529.0,6959270175.0,6959270175.0,69.59270175,69.59270175,0.97,10.7369,0.8121
600782,新钢股份,江西,普钢,主板,19961225,20260805,2.86,-1.0381,88379783.0,9106303206.0,8996565006.0,91.06303206,89.96565006,0.57,204.8656,0.3585
600783,鲁信创投,山东,专用机械,主板,19961225,20260805,18.12,6.2134,599437225.0,13487790515.999998,13487790515.999998,134.87790515999998,134.87790515999998,1.3,93.4942,3.0645
600784,鲁银投资,山东,综合类,主板,19961225,20260805,7.67,3.6486,106231403.0,5182253141.0,5182253141.0,51.82253141,51.82253141,1.41,30.5655,1.5605
600785,新华百货,宁夏,百货,主板,19970108,20260805,8.76,1.3889,98261422.0,2767142088.0,2767142088.0,27.67142088,27.67142088,0.7,37.1482,1.1982
600787,中储股份,天津,仓储物流,主板,19970121,20260805,4.67,-0.8493,82375142.0,10134271732.0,10134271732.0,101.34271732,101.34271732,0.88,18.5763,0.7247
600789,鲁抗医药,山东,化学制药,主板,19970226,20260805,7.34,-1.7403,191779812.0,7671693132.0,7415588787.999999,76.71693132,74.15588788,1.42,68.3113,1.4846
600790,轻纺城,浙江,商品城,主板,19970228,20260805,3.35,0.9036,50927275.0,4910399515.0,4910399515.0,49.10399515,49.10399515,1.01,,0.8255
600791,京能置业,北京,全国地产,主板,19970130,20260805,7.08,5.6716,117250036.0,3206390400.0,3202380996.0,32.063904,32.02380996,1.11,,
600792,云煤能源,云南,焦炭加工,主板,19970123,20260805,3.53,-0.5634,49762644.0,3918030308.0,3918030308.0,39.18030308,39.18030308,0.87,,1.6056
600793,宜宾纸业,四川,造纸,主板,19970220,20260805,14.46,-2.1651,255518853.0,2558031840.0,2558031840.0,25.5803184,25.5803184,1.25,93.5631,11.2902
600794,保税科技,江苏,仓储物流,主板,19970306,20260805,3.13,-0.9494,40043740.0,3756476386.0,3756476386.0,37.56476386,37.56476386,1.19,,1.5026
600795,国电电力,辽宁,火力发电,主板,19970318,20260805,5.0,-0.9901,550136584.0,89178095500.0,89178095500.0,891.780955,891.780955,0.76,12.4526,1.46
600796,钱江生化,浙江,环境保护,主板,19970408,20260805,5.0,-0.5964,32690016.0,4332929000.0,1557389500.0,43.32929,15.573895,0.91,26.0448,1.2464
600797,浙大网新,浙江,软件服务,主板,19970418,20260805,7.42,1.3661,562236002.0,7624245888.0,7624245888.0,76.24245888,76.24245888,1.88,,2.3031
600798,宁波海运,浙江,水运,主板,19970423,20260805,3.25,0.6192,44658922.0,3921236150.0,3921236150.0,39.2123615,39.2123615,1.17,143.2217,0.9929
600800,渤海化学,天津,化工原料,主板,19931206,20260805,3.36,0.5988,85191976.0,3729751872.0,3728693472.0,37.29751872,37.28693472,0.98,,3.8112
600801,华新建材,湖北,水泥,主板,19940103,20260805,21.93,2.1901,303971260.0,45592373508.0,29423428368.0,455.92373508,294.23428368,0.7,15.9786,1.3872
600802,福建水泥,福建,水泥,主板,19940103,20260805,4.39,0.2283,26765780.0,2011710476.0,2011710476.0,20.11710476,20.11710476,0.87,,2.1986
600803,新奥股份,河北,供气供热,主板,19940103,20260805,17.27,-2.0975,204735702.0,53464208677.0,53048720109.0,534.64208677,530.48720109,1.29,11.4208,2.2096
600805,悦达投资,江苏,综合类,主板,19940103,20260805,4.4,0.0,32048376.0,3743935800.0,3741211760.0,37.439358,37.4121176,0.76,101.54,0.8771
600807,济高发展,山东,医疗保健,主板,19940103,20260805,2.5,-0.3984,26523222.0,2211587000.0,1967546250.0,22.11587,19.6754625,0.79,,7.4803
600808,马钢股份,安徽,普钢,主板,19940106,20260805,2.62,-0.3802,142540806.0,20175784744.0,15635508144.0,201.75784744,156.35508144,0.62,,0.8383
600809,山西汾,山西,白酒,主板,19940106,20260805,121.01,-0.6894,1262130689.0,147627867842.0,147627867842.0,1476.27867842,1476.27867842,0.7,12.0549,3.2789
600810,神马股份,河南,化纤,主板,19940106,20260805,6.37,0.0,76277000.0,6946988281.0,6884396661.0,69.46988281,68.84396661,1.16,,0.9738
600812,华北制药,河北,化学制药,主板,19940114,20260805,4.76,-2.2587,102813212.0,8166876703.999999,8166876703.999999,81.66876703999999,81.66876703999999,1.5,44.614,1.4716
600814,杭州解百,浙江,百货,主板,19940114,20260805,6.63,-0.7485,36391813.0,4873571118.0,4873571118.0,48.73571118,48.73571118,0.83,21.7117,1.2734
600815,厦工股份,福建,工程机械,主板,19940128,20260805,3.36,-3.7249,368927580.0,5960957520.0,5960957520.0,59.6095752,59.6095752,1.02,,4.1002
600816,建元信托,上海,多元金融,主板,19940128,20260805,2.58,-0.3861,158151332.0,25398676356.0,14110375782.000002,253.98676356,141.10375782000003,0.93,217.0124,1.6607
600817,宇通重工,河南,专用机械,主板,19940128,20260805,9.33,0.0,20193775.0,4964183244.0,4940158494.0,49.64183244,49.40158494,0.93,16.0447,1.905
600818,ST中路,上海,文教休闲,主板,19940128,20260805,7.14,0.2809,74313391.0,2295138006.0,1699019406.0,22.95138006,16.99019406,1.42,,4.5949
600819,耀皮玻璃,上海,玻璃,主板,19940128,20260805,5.44,-0.5484,44837278.0,5313558624.0,4293558624.0,53.13558624,42.93558624,0.8,39.18,1.3716
600820,隧道股,上海,建筑工程,主板,19940128,20260805,5.47,-2.1467,149600226.0,17198205667.0,17198205667.0,171.98205667,171.98205667,1.07,7.7681,0.5351
600821,金开新能,天津,新型电力,主板,19940128,20260805,6.64,-1.1905,553347391.0,13063038000.0,13063038000.0,130.63038,130.63038,0.99,129.0067,1.4489
600822,上海物贸,上海,汽车服务,主板,19940204,20260805,8.25,0.243,24250000.0,4091776425.0,3268220175.0,40.91776425,32.68220175,0.89,140.3661,3.2975
600824,益民集团,上海,百货,主板,19940204,20260805,3.55,0.0,29685057.0,3741796205.0,3741796205.0,37.41796205,37.41796205,1.09,30.7707,1.4771
600825,新华传媒,上海,出版业,主板,19940204,20260805,5.14,0.3906,53807801.0,5370723806.0,5370723806.0,53.70723806,53.70723806,0.86,127.0944,2.1511
600826,兰生股份,上海,文教休闲,主板,19940204,20260805,8.2,0.6135,34048628.0,5938305520.0,5938305520.0,59.3830552,59.3830552,0.67,18.2302,1.3693
600827,百联股份,上海,超市连锁,主板,19940204,20260805,7.84,-1.3836,126315536.0,13987877904.0,12578887216.0,139.87877904,125.78887216,0.94,22.165,0.6797
600828,茂业商业,四川,百货,主板,19940224,20260805,3.96,0.5076,57862462.0,6858651096.0,6856186392.0,68.58651096,68.56186392,0.54,,1.0197
600829,人民同泰,黑龙江,医药商业,主板,19940224,20260805,9.41,-2.2845,244943956.0,5456751726.000001,5456751726.000001,54.56751726000001,54.56751726000001,1.1,40.7707,1.7812
600830,香溢融通,浙江,多元金融,主板,19940224,20260805,8.06,0.2488,33076180.999999996,3661840962.0000005,3661840962.0000005,36.61840962,36.61840962,1.13,45.5988,1.6164
600831,广电网络,陕西,影视音像,主板,19940224,20260805,3.35,0.0,63884855.0,2381672450.0,2381672450.0,23.8167245,23.8167245,1.24,,6.7205
600833,第一医药,上海,医药商业,主板,19940224,20260805,9.77,-0.9128,43122759.0,2179553151.0,2179553151.0,21.79553151,21.79553151,1.18,37.743,1.8445
600834,申通地铁,上海,公共交通,主板,19940224,20260805,7.33,-0.6775,14941651.0,3499209327.0,3499209327.0,34.99209327,34.99209327,0.6,64.5328,2.0077
600835,上海机电,上海,运输设备,主板,19940224,20260805,19.41,0.6221,91411162.0,19551590127.0,15654248463.0,195.51590127,156.54248463,0.69,24.6717,1.3825
600838,上海九百,上海,百货,主板,19940224,20260805,7.35,0.0,51086134.0,2946482700.0,2946482700.0,29.464827,29.464827,0.85,64.9997,1.9089
600839,四川长虹,四川,家用电器,主板,19940311,20260805,7.05,0.4274,651057542.0,32544521610.0,32535458130.0,325.4452161,325.3545813,1.23,32.9103,2.1141
600841,动力新科,上海,汽车配件,主板,19940311,20260805,5.99,1.3536,95583099.0,8313052582.0,6247716755.0,83.13052582,62.47716755,0.73,2.8945,1.2949
600843,上工申贝,上海,纺织机械,主板,19940311,20260805,7.08,0.5682,48931627.0,5049218820.0,3322096716.0,50.4921882,33.22096716,0.84,,1.8614
600844,金煤科技,内蒙,化工原料,主板,19940311,20260805,3.48,0.0,245880436.0,3537504216.0,2863102488.0,35.37504216,28.63102488,0.77,,44.6541
600845,宝信软件,上海,软件服务,主板,19940311,20260805,19.38,1.9463,603113675.0,55386181458.0,41357970396.0,553.86181458,413.57970396,1.37,42.4412,4.849
600846,同济科技,上海,建筑工程,主板,19940311,20260805,12.0,-1.1532,80191047.0,7497138000.0,7497138000.0,74.97138,74.97138,0.86,27.5187,1.7258
600847,万里股份,重庆,电气设备,主板,19940324,20260805,12.23,1.158,33033222.0,1874704902.0,1874704902.0,18.74704902,18.74704902,0.8,,3.9122
600848,上海临港,上海,园区开发,主板,19940324,20260805,8.75,-1.464,97857979.0,22071761250.0,20946732625.0,220.7176125,209.46732625,0.68,22.7764,1.3156
600850,电科数字,上海,软件服务,主板,19940324,20260805,16.01,0.3133,289909127.0,13067978385.0,13067978385.0,130.67978385,130.67978385,0.76,39.7433,2.6618
600851,海欣股份,上海,化学制药,主板,19940404,20260805,8.01,0.0,68333577.0,9668524167.0,5913030861.0,96.68524167,59.13030861,0.93,54.9361,2.127
600853,龙建股份,黑龙江,建筑工程,主板,19940404,20260805,3.23,-1.2232,33366784.0,3274248045.0000005,3274248045.0000005,32.74248045,32.74248045,1.04,8.4201,0.9173
600854,春兰股份,江苏,家用电器,主板,19940425,20260805,4.39,-0.4535,22144861.0,2280422815.0,2280422815.0,22.80422815,22.80422815,0.82,17.8674,0.9198
600855,航天长峰,北京,专用机械,主板,19940425,20260805,12.68,0.9554,80800186.0,5941121435.999999,5929671396.0,59.41121435999999,59.29671396,0.88,,4.2491
600857,宁波中百,浙江,百货,主板,19940425,20260805,17.18,2.1403,93606332.0,3853815882.0,3853815882.0,38.53815882,38.53815882,0.75,118.4478,4.3575
600858,银座股份,山东,百货,主板,19940506,20260805,4.78,-0.2088,36661001.0,2485918348.0,2473879440.0,24.85918348,24.7387944,1.03,41.9556,0.9015
600859,王府井,北京,百货,主板,19940506,20260805,10.27,-0.8687,135708259.0,11542776505.0,11541714587.0,115.42776505,115.41714587,0.69,,0.5939
600860,京城股份,北京,专用机械,主板,19940506,20260805,8.25,0.1214,33039839.999999996,4516759500.0,3663336599.9999995,45.167595,36.633365999999995,0.73,,5.4714
600861,北京人力,北京,文教休闲,主板,19940520,20260805,13.6,-1.0189,48774570.0,7699132720.0,7699132720.0,76.9913272,76.9913272,0.76,6.5813,1.017
600862,中航高科,江苏,航空,主板,19940520,20260805,18.5,-0.5911,254571168.0,25771408350.0,25771408350.0,257.7140835,257.7140835,0.79,25.0008,3.2499
600863,华能蒙电,内蒙,火力发电,主板,19940520,20260805,4.8,-1.0309,611117659.0,37608909600.0,31329061440.0,376.089096,313.2906144,0.8,15.0831,1.7988
600864,哈投股份,黑龙江,证券,主板,19940809,20260805,5.5,-0.1815,124624640.0,11443137750.0,11443137750.0,114.4313775,114.4313775,0.86,32.9078,0.8871
600865,百大集团,浙江,百货,主板,19940809,20260805,8.79,0.4571,57263245.0,3307152236.9999995,3307152236.9999995,33.07152237,33.07152237,0.47,332.1835,1.431
600866,星湖科技,广东,饲料,主板,19940818,20260805,4.49,-0.6637,117356134.0,7460011973.999999,7460011973.999999,74.60011974,74.60011974,1.26,7.6209,0.9128
600867,通化东宝,吉林,生物制药,主板,19940824,20260805,8.26,-1.3142,221766263.0,16177563528.0,16177563528.0,161.77563528,161.77563528,1.08,13.2706,2.2345
600868,梅雁吉祥,广东,水力发电,主板,19940912,20260805,2.8,0.3584,141631733.0,5314816360.000001,5314816360.000001,53.14816360000001,53.14816360000001,0.8,,2.7471
600869,远东股份,青海,电气设备,主板,19950206,20260805,15.14,6.9209,2068259726.0,33600999877.999996,33600999877.999996,336.00999878,336.00999878,1.37,570.7104,7.8111
600871,石化油服,北京,石油开采,主板,19950411,20260805,2.21,-1.3393,236229512.0,41895071218.0,29938897404.0,418.95071218,299.38897404,0.86,63.589,4.3584
600872,中炬高新,广东,食品,主板,19950124,20260805,19.72,-0.5547,234956452.0,15269069792.0,15203883359.999998,152.69069792,152.03883359999998,0.62,28.4305,2.5703
600873,梅花生物,西藏,食品,主板,19950217,20260805,7.93,-0.875,193220350.0,22237636681.0,22237636681.0,222.37636681,222.37636681,0.7,6.7779,1.3545
600874,创业环保,天津,环境保护,主板,19950630,20260805,5.55,-0.5376,40552339.0,8715820455.0,6828820455.0,87.15820455,68.28820455,0.88,10.107,0.8273
600875,东方电气,四川,电气设备,主板,19951010,20260805,27.95,1.2314,2186390188.0,96661170385.0,63261096470.0,966.61170385,632.6109647,1.14,25.2293,2.0618
600876,凯盛新能,河南,玻璃,主板,19951031,20260805,6.99,-0.1429,21476426.0,4513268250.0,2765768250.0,45.1326825,27.6576825,0.66,,1.6414
600877,电科芯片,重庆,半导体,主板,19951013,20260805,13.01,2.6025,251081397.0,15404614095.0,15404614095.0,154.04614095,154.04614095,1.01,354.072,6.1534
600879,航天电子,湖北,航空,主板,19951115,20260805,15.9,1.9885,1418401514.0,52458858870.0,52458858870.0,524.5885887,524.5885887,1.07,231.1212,2.5123
600880,博瑞传播,四川,广告包装,主板,19951115,20260805,4.14,1.4706,116462703.0,4526394894.0,4525145028.0,45.26394894,45.25145028,1.08,,1.5078
600881,亚泰集团,吉林,综合类,主板,19951115,20260805,1.75,-1.1299,145320940.0,5656264250.0,5656264250.0,56.5626425,56.5626425,0.53,,13.1536
600882,妙可蓝多,上海,乳制品,主板,19951206,20260805,22.49,0.9425,205173405.0,11435121464.0,11435121464.0,114.35121464,114.35121464,0.53,96.504,2.46
600883,博闻科技,云南,种植业,主板,19951208,20260805,7.3,-2.4064,44786160.0,1723442400.0,1723442400.0,17.234424,17.234424,1.2,71.8633,1.7545
600884,杉杉股份,浙江,电气设备,主板,19960130,20260805,12.82,1.1041,684840870.0,28789094544.0,23526106354.0,287.89094544,235.26106354,0.93,62.8698,1.2788
600885,宏发股份,湖北,电气设备,主板,19960205,20260805,36.3,-0.0275,718626661.0,56177673090.0,56177673090.0,561.7767309,561.7767309,0.88,31.964,4.2519
600886,国投电力,北京,水力发电,主板,19960118,20260805,14.79,-1.5968,514104884.0,118386470697.00002,110247319242.0,1183.86470697,1102.47319242,0.94,16.0125,1.7153
600887,伊利股份,内蒙,乳制品,主板,19960312,20260805,26.37,0.0,1398221932.0,166799759022.0,165970926189.0,1667.99759022,1659.70926189,0.65,14.4226,2.7992
600888,新疆众和,新疆,铝,主板,19960215,20260805,9.77,4.0469,657367396.0,15173649243.0,15173649243.0,151.73649243,151.73649243,1.0,22.9228,1.1853
600889,*ST京化,江苏,机械基件,主板,19960308,20260805,13.64,0.813,35091484.0,8001078051.999999,4996959440.0,80.01078052,49.9695944,1.12,,7.15
600892,大晟文化,深圳,互联网,主板,19960315,20260805,4.16,10.0529,125220819.0,2327371072.0,2326769120.0,23.27371072,23.2676912,2.17,,265.3704
600893,航发动力,陕西,航空,主板,19960408,20260805,35.7,0.0561,1205519886.0,95161716510.0,95144955360.0,951.6171651,951.4495536,1.04,150.0197,2.3666
600894,广日股份,广东,运输设备,主板,19960328,20260805,7.88,0.0,34416910.0,6675984856.0,6643977872.0,66.75984856,66.43977872,0.75,9.685,0.7504
600895,张江高科,上海,园区开发,主板,19960422,20260805,33.15,6.7289,2202212887.0,51339060240.0,51339060240.0,513.3906024,513.3906024,1.03,52.0616,3.7563
600897,厦门空港,福建,机场,主板,19960531,20260805,14.77,-0.2701,19835585.0,6158115180.0,6158115180.0,61.5811518,61.5811518,0.89,11.8805,1.2393
600900,长江电力,北京,水力发电,主板,20031118,20260805,27.76,-1.9081,4502975337.0,679237723352.0,679237723352.0,6792.37723352,6792.37723352,1.08,19.6864,2.9804
600901,江苏金租,江苏,多元金融,主板,20180301,20260805,6.37,1.2719,184575826.0,36894188968.0,36885181788.0,368.94188968,368.85181788,0.68,11.3852,1.4265
600903,贵州燃气,贵州,供气供热,主板,20171107,20260805,6.35,-0.936,176044884.0,7391305449.0,7391305449.0,73.91305449,73.91305449,1.06,156.8362,2.415
600905,三峡能源,北京,新型电力,主板,20210610,20260805,3.82,-1.5464,575439745.0,109204823381.99998,109204823381.99998,1092.04823382,1092.04823382,1.44,29.4004,1.2172
600906,财达证,河北,证券,主板,20210507,20260805,6.65,1.372,201273976.0,21579250665.0,14126162750.0,215.79250665,141.2616275,0.85,28.8846,1.7249
600908,无锡银行,江苏,银行,主板,20160923,20260805,5.52,-1.2522,91723082.0,12114642984.0,11036206103.999998,121.14642984,110.36206103999999,0.68,5.2464,0.5237
600909,华安证券,安徽,证券,主板,20161206,20260805,8.1,4.5161,1672260340.0,40696095330.0,40696095330.0,406.9609533,406.9609533,1.23,19.3025,1.5427
600916,中国黄金,北京,服饰,主板,20210205,20260805,7.93,3.1209,423162603.0,13322400000.0,13322400000.0,133.224,133.224,1.76,48.3687,1.8245
600917,重庆燃气,重庆,供气供热,主板,20140930,20260805,4.86,-0.8163,23214357.0,7586653428.0,7586653428.0,75.86653428,75.86653428,1.03,36.0282,1.3154
600918,中泰证券,山东,证券,主板,20200603,20260805,5.65,-0.3527,187785193.0,44738626650.0,25779956165.0,447.3862665,257.79956165,0.87,31.1827,1.0011
600919,江苏银行,江苏,银行,主板,20160802,20260805,11.6,1.2216,1229837438.0,212875364200.00003,212875364200.00003,2128.753642,2128.753642,0.9,6.1701,0.8057
600925,苏能股份,江苏,煤炭开采,主板,20230329,20260805,4.29,-0.6944,35709949.0,29553333381.0,6889948493.999999,295.53333381,68.89948494,0.94,131.1795,1.8965
600926,杭州银行,浙江,银行,主板,20161027,20260805,16.15,0.062,635372812.0,117071390375.0,117071390375.0,1170.71390375,1170.71390375,0.89,6.1522,0.8361
600927,永安期货,浙江,多元金融,主板,20211223,20260805,13.51,0.7457,59919116.0,19595507897.0,19595507897.0,195.95507897,195.95507897,0.56,30.0636,1.4625
600928,西安银行,陕西,银行,主板,20190301,20260805,3.58,-0.5556,66925263.99999999,15911111310.0,15835607678.0,159.1111131,158.35607678,0.67,6.0043,0.4434
600929,雪天盐业,湖南,食品,主板,20180326,20260805,5.59,2.5688,138583204.0,9168233347.0,9168233347.0,91.68233347,91.68233347,1.23,119.0413,1.2122
600930,华电新能,福建,新型电力,主板,20250716,20260805,4.3,-0.9217,842132658.0,179371428510.0,46195740220.0,1793.7142851,461.9574022,1.14,24.697,1.6241
600933,爱柯迪,浙江,汽车配件,主板,20171117,20260805,14.0,0.7919,144204499.0,14420268799.999998,13734182000.0,144.202688,137.34182,0.81,12.3096,1.4663
600935,华塑股份,安徽,化工原料,主板,20211126,20260805,2.31,0.0,30169501.0,8303844780.0,8102098158.0,83.0384478,81.02098158,0.95,,1.398
600936,北投科技,广西,软件服务,主板,20160815,20260805,6.17,5.1107,855705835.0,10310231654.0,10310231654.0,103.10231654,103.10231654,1.3,,10.3715
600938,中国海油,北京,石油开采,主板,20220421,20260805,30.69,-2.7567,2092596676.0,1458694288260.0,91763100000.0,14586.9428826,917.631,1.4,11.9485,1.7426
600939,重庆建工,重庆,建筑工程,主板,20170221,20260805,2.66,-1.4815,21612678.0,5060583234.0,5060583234.0,50.60583234,50.60583234,0.78,,0.722
600941,中国移动,北京,电信运营,主板,20220105,20260805,95.99,-0.446,1095973353.0,2081755691058.0,86656690721.0,20817.55691058,866.56690721,0.65,15.1848,1.4632
600955,维远股份,山东,化工原料,主板,20210915,20260805,12.76,1.2698,41011549.0,7018000000.0,7018000000.0,70.18,70.18,0.89,,0.9148
600956,新天绿能,河北,供气供热,主板,20200629,20260805,7.43,-1.7196,63579669.0,33436987324.0,17446298870.0,334.36987324,174.4629887,1.07,18.3083,1.3521
600958,东方证券,上海,证券,主板,20150323,20260805,9.22,0.0,464202336.0,78339069666.0,68868632338.0,783.39069666,688.68632338,0.72,13.9058,0.9574
600959,江苏有线,江苏,影视音像,主板,20150428,20260805,3.14,-0.6329,103320950.0,15702253578.000002,15702253578.000002,157.02253578000003,157.02253578000003,0.97,60.7673,0.6905
600960,渤海汽车,山东,汽车配件,主板,20040407,20260805,3.99,-0.25,35543194.0,3792556844.9999995,3792556844.9999995,37.92556844999999,37.92556844999999,0.84,22.6595,1.0769
600961,株冶集团,湖南,铅锌,主板,20040830,20260805,26.66,9.5767,1956980427.0,28602786182.0,20043318584.0,286.02786182,200.43318584,1.73,25.4195,5.6601
600962,国投中鲁,北京,软饮料,主板,20040622,20260805,28.87,4.5636,303789716.0,7570002700.0,7570002700.0,75.700027,75.700027,1.11,184.9885,7.9937
600963,岳阳林纸,湖南,造纸,主板,20040525,20260805,3.38,-1.4577,98790214.0,5940579502.0,5940579502.0,59.40579502,59.40579502,0.82,,0.7812
600965,*ST福成,河北,农业综合,主板,20040713,20260805,2.64,0.0,6898971.0,2161370640.0,2161370640.0,21.6137064,21.6137064,0.71,37.9574,0.9824
600966,博汇纸业,山东,造纸,主板,20040608,20260805,4.96,0.4049,48645762.0,6630747728.0,6630747728.0,66.30747728,66.30747728,0.59,42.6445,0.8865
600967,内蒙一机,内蒙,运输设备,主板,20040518,20260805,11.62,0.3454,255862687.0,19774854414.0,19774854414.0,197.74854414,197.74854414,0.73,59.061,1.6551
600968,海油发展,北京,石油开采,主板,20190626,20260805,3.86,-1.7812,118615735.0,39237302212.0,39237302212.0,392.37302212,392.37302212,0.53,10.1014,1.3008
600969,郴电国际,湖南,水力发电,主板,20040408,20260805,8.23,-1.0817,64710321.0,3045515615.0,3045515615.0,30.45515615,30.45515615,0.98,39.8948,0.8366
600970,中材国际,江苏,建筑工程,主板,20050412,20260805,7.82,-1.0127,157837368.0,20502576878.0,20502576878.0,205.02576878,205.02576878,0.91,7.1634,0.8763
600971,恒源煤电,安徽,煤炭开采,主板,20040817,20260805,7.9,-0.1264,89724120.0,9480038710.0,9480038710.0,94.8003871,94.8003871,0.72,,0.7984
600973,宝胜股份,江苏,电气设备,主板,20040802,20260805,6.28,1.6181,156573525.0,8612179736.0,8612179736.0,86.12179736,86.12179736,1.2,,2.5436
600975,新五丰,湖南,农业综合,主板,20040609,20260805,4.97,1.222,54726875.0,6210818649.0,6210818649.0,62.10818649,62.10818649,1.15,,3.4765
600976,健民集团,湖北,中成药,主板,20040419,20260805,28.06,-1.8195,101157994.0,4304364716.0,4301558716.0,43.04364716,43.01558716,1.4,11.9618,1.5686
600977,中国电影,北京,影视音像,主板,20160809,20260805,12.7,-0.8587,438367994.0,23710900000.0,23710900000.0,237.109,237.109,0.81,203.4516,2.158
600979,广安爱众,四川,水力发电,主板,20040906,20260805,4.08,0.2457,112080344.0,5144168856.0,5066080920.0,51.44168856,50.6608092,0.99,,1.239
600980,北矿科技,北京,专用机械,主板,20040512,20260805,18.45,1.6529,72143254.0,3565711574.9999995,3491911574.9999995,35.657115749999996,34.919115749999996,1.2,28.6266,2.3589
600981,苏豪汇鸿,江苏,商贸代理,主板,20040630,20260805,2.41,0.4167,37537079.0,5404264012.0,5404264012.0,54.04264012,54.04264012,0.76,341.3596,1.085
600982,宁波能源,浙江,供气供热,主板,20040706,20260805,5.14,-0.1942,128191069.0,5744605350.0,5744605350.0,57.4460535,57.4460535,0.7,16.5123,1.259
600983,惠而浦,安徽,家用电器,主板,20040727,20260805,7.88,-0.5051,31473891.0,6039539320.0,6039539320.0,60.3953932,60.3953932,1.01,11.6208,1.9653
600984,建设机械,陕西,工程机械,主板,20040707,20260805,4.11,2.75,120089438.0,5166450429.0,5166450429.0,51.66450429,51.66450429,0.88,,2.8881
600985,淮北矿业,安徽,煤炭开采,主板,20040428,20260805,15.0,1.4199,291998130.0,40398880500.0,40398880500.0,403.988805,403.988805,0.84,26.8254,0.9618
600986,浙文互联,浙江,互联网,主板,20040426,20260805,8.16,0.9901,1203826813.0,12136972656.0,12136972656.0,121.36972656,121.36972656,1.03,141.9139,2.3523
600987,航民股份,浙江,纺织,主板,20040809,20260805,6.59,0.152,42442809.0,6727196551.0,6727196551.0,67.27196551,67.27196551,1.07,9.1549,0.984
600988,赤峰黄金,内蒙,黄金,主板,20040414,20260805,40.84,8.1854,2917496453.0,77612793408.0,67954141575.99999,776.12793408,679.54141576,1.09,25.1796,5.4316
600989,宝丰能源,宁夏,化工原料,主板,20190516,20260805,23.14,0.2165,1720019531.0,169693950400.0,169693950400.0,1696.939504,1696.939504,1.16,14.9506,3.256
600990,四创电子,安徽,通信设备,主板,20040510,20260805,17.77,0.2256,66875566.99999999,4780355679.0,4780355679.0,47.80355679,47.80355679,1.03,,3.09
600992,贵绳股份,贵州,钢加工,主板,20040514,20260805,9.9,0.5076,90531521.0,2426391000.0,2426391000.0,24.26391,24.26391,0.81,81.0398,1.6975
600993,马应龙,湖北,中成药,主板,20040517,20260805,23.62,-1.3367,218554497.0,10181493118.0,10164111160.0,101.81493118,101.6411116,1.34,17.5092,2.2171
600995,南网储能,云南,水力发电,主板,20040615,20260805,12.91,-0.921,215266223.0,41260434878.0,41260434878.0,412.60434878,412.60434878,1.12,24.4361,1.7864
600996,贵广网络,贵州,影视音像,主板,20161226,20260805,7.14,0.2809,153796211.0,8902151286.0,8902151286.0,89.02151286,89.02151286,1.08,,5.6737
600997,开滦股份,河北,焦炭加工,主板,20040602,20260805,5.6,-2.439,58014428.0,8891679440.0,8891679440.0,88.9167944,88.9167944,0.7,,0.6567
600998,九州通,湖北,医药商业,主板,20101102,20260805,4.91,-2.9644,302656971.0,24758528682.0,24758528682.0,247.58528682,247.58528682,1.75,10.9801,0.9
600999,招商证券,深圳,证券,主板,20091117,20260805,17.94,1.0704,1256807217.0,156015690792.0,133150775081.99998,1560.15690792,1331.50775082,1.0,12.6333,1.255
601000,唐山港,河北,港口,主板,20100705,20260805,4.75,-0.8351,247477561.0,28148160850.0,28148160850.0,281.4816085,281.4816085,0.8,14.0856,1.2841
601001,晋控煤业,山西,煤炭开采,主板,20060623,20260805,16.24,0.4329,275225316.0,27180888000.0,27180888000.0,271.80888,271.80888,0.87,14.841,1.3905
601002,晋亿实业,浙江,机械基件,主板,20070126,20260805,5.36,4.2802,232778925.0,5115802152.0,5115802152.0,51.15802152,51.15802152,2.07,21.1209,1.1649
601003,柳钢股份,广西,普钢,主板,20070227,20260805,3.97,-0.2513,169346488.0,10457860546.0,10174289004.0,104.57860546,101.74289004,0.83,15.5851,1.1135
601005,重庆钢铁,重庆,普钢,主板,20070228,20260805,1.21,-0.8197,80296169.0,11627300916.0,10059500286.0,116.27300916,100.59500286,0.79,,0.8473
601006,大秦铁路,山西,铁路,主板,20060801,20260805,4.81,-1.636,798415397.0,95540514368.0,95540514368.0,955.40514368,955.40514368,1.16,16.1929,0.5748
601007,金陵饭店,江苏,酒店餐饮,主板,20070406,20260805,6.55,-0.4559,33623870.0,2554500000.0,2554500000.0,25.545,25.545,0.58,40.272,1.581
601008,连云港,江苏,港口,主板,20070426,20260805,4.41,0.2273,43547123.0,5471213580.0,5471213580.0,54.7121358,54.7121358,1.13,32.0673,1.2939
601009,南京银行,江苏,银行,主板,20070719,20260805,11.23,-1.2313,660463951.0,138842859656.0,138842859656.0,1388.42859656,1388.42859656,1.0,6.3669,0.7379
601010,ST文峰,江苏,百货,主板,20110603,20260805,1.45,-2.027,39023395.0,2622609490.0,2622609490.0,26.2260949,26.2260949,1.05,,0.6351
601011,宝泰隆,黑龙江,焦炭加工,主板,20110309,20260805,2.6,-0.7634,70064393.0,4980727700.0,4980727700.0,49.807277,49.807277,1.07,,0.9196
601012,隆基绿能,陕西,电气设备,主板,20120411,20260805,12.97,-0.7651,1448337042.0,98287556227.0,98287458951.99998,982.87556227,982.8745895199999,0.85,,1.9474
601015,陕西黑猫,陕西,焦炭加工,主板,20141105,20260805,3.34,0.3003,94138666.0,6821941984.0,6821941984.0,68.21941984,68.21941984,0.87,,1.418
601016,节能风电,北京,新型电力,主板,20140929,20260805,3.67,0.0,511850308.0,24018268391.0,22160403190.0,240.18268391,221.6040319,1.02,35.0272,1.3487
601018,宁波港,浙江,港口,主板,20100928,20260805,3.39,-1.1662,194422102.0,65950376676.0,65950376676.0,659.50376676,659.50376676,0.91,12.7601,0.8047
601019,山东出版,山东,出版业,主板,20171122,20260805,7.26,-2.5503,97064047.0,15150894000.0,15150894000.0,151.50894,151.50894,1.1,12.906,0.9642
601020,华钰矿业,西藏,铅锌,主板,20160316,20260805,20.94,3.7147,480530757.0,17170060818.0,17170060818.0,171.70060818,171.70060818,1.06,19.7191,3.9929
601021,春秋航空,上海,空运,主板,20150121,20260805,46.85,2.3596,394359777.0,45834919790.0,45834919790.0,458.3491979,458.3491979,1.23,19.7786,2.4588
601022,宁波远洋,浙江,水运,主板,20221208,20260805,8.22,0.2439,34059726.0,10756965726.0,10756965726.0,107.56965726,107.56965726,0.74,16.4457,1.7132
601026,道生天合,上海,电气设备,主板,20251017,20260805,15.34,1.1873,97383764.0,10115196000.0,1704054638.0,101.15196,17.04054638,1.19,49.9149,3.8361
601033,永兴股份,广东,环境保护,主板,20240118,20260805,14.66,0.2051,63771453.0,13194000000.0,3518400000.0,131.94,35.184,0.96,15.3321,1.1933
601038,一拖股份,河南,农用机械,主板,20120808,20260805,13.51,-1.7455,126674108.0,15180448003.0,9885338603.0,151.80448003,98.85338603,0.89,18.6962,1.8461
601058,赛轮轮胎,山东,汽车配件,主板,20110630,20260805,13.66,0.0733,460216881.0,44915450098.0,44915450098.0,449.15450098,449.15450098,0.76,12.751,2.0038
601059,信达证券,北京,证券,主板,20230201,20260805,16.82,0.4779,108638633.0,54547260000.0,54547260000.0,545.4726,545.4726,0.85,28.8045,2.5373
601061,中信金属,北京,商贸代理,主板,20230410,20260805,12.27,5.503,341147795.0,60123000000.0,60123000000.0,601.23,601.23,1.29,22.3552,2.4814
601065,江盐集团,江西,化工原料,主板,20230410,20260805,6.89,0.0,22471179.0,4428727329.0,4428727329.0,44.28727329,44.28727329,0.67,17.6595,0.9834
601066,中信建投,北京,证券,主板,20180620,20260805,26.03,0.6963,657201377.0,201906765644.0,169082316130.00003,2019.06765644,1690.8231613000003,1.09,21.3897,2.3402
601068,中铝国际,北京,建筑工程,主板,20180831,20260805,4.6,0.4367,44668248.0,13744046980.0,11774117220.0,137.4404698,117.7411722,0.83,53.3532,4.4661
601069,西部黄金,新疆,黄金,主板,20150122,20260805,26.98,6.2205,779549557.0,24578755718.0,23936343032.0,245.78755718,239.36343032,1.04,52.0782,4.6757
601077,渝农商行,重庆,银行,主板,20191029,20260805,6.46,-0.4622,546749402.0,73366220646.0,57095045904.0,733.66220646,570.95045904,0.98,6.0491,0.5396
601083,锦江航运,上海,水运,主板,20231205,20260805,11.32,0.0884,56703748.0,14649438400.0,2197438400.0,146.494384,21.974384,0.6,9.7642,1.513
601086,国芳集团,甘肃,百货,主板,20170929,20260805,7.93,-0.3769,117663396.0,5281380000.0,5281380000.0,52.8138,52.8138,0.49,75.1473,3.2407
601088,中国神华,北京,煤炭开采,主板,20071009,20260805,43.0,-0.3476,1173547460.0,932645674900.0,709114634000.0,9326.456749,7091.14634,0.7,17.6474,1.9394
601089,福元医药,北京,化学制药,主板,20220630,20260805,17.43,-0.9659,47047818.0,8366400000.0,8366400000.0,83.664,83.664,0.96,17.825,2.1592
601096,宏盛华源,山东,钢加工,主板,20231222,20260805,4.45,-0.8909,128885307.0,11904439750.0,7311245425.0,119.0443975,73.11245425,1.04,32.0748,2.4967
601098,中南传媒,湖南,出版业,主板,20101028,20260805,10.75,-1.9161,126733428.0,19307000000.0,19307000000.0,193.07,193.07,0.71,12.1115,1.1666
601099,太平洋,云南,证券,主板,20071228,20260805,3.51,0.2857,304567107.0,23925270564.0,23925270564.0,239.25270564,239.25270564,0.86,113.6389,2.4084
601100,恒立液压,江苏,工程机械,主板,20111028,20260805,105.68,-0.5833,637149938.0,141697963280.0,141697963280.0,1416.9796328,1416.9796328,0.78,51.8258,7.9223
601101,昊华能源,北京,煤炭开采,主板,20100331,20260805,11.56,3.5842,320058263.0,16646375724.0,16646375724.0,166.46375724,166.46375724,1.01,32.4861,1.3519
601106,中国一重,黑龙江,工程机械,主板,20100209,20260805,3.24,0.0,259975921.0,22219216596.0,22219216596.0,222.19216596,222.19216596,0.92,,4.3017
601107,四川成渝,四川,路桥,主板,20090727,20260805,5.69,-1.8966,62549068.0,17400361400.0,12305990600.0,174.003614,123.059906,0.62,11.4994,1.0023
601108,财通证券,浙江,证券,主板,20171024,20260805,8.55,0.3521,334524784.0,39704224950.0,39704224950.0,397.0422495,397.0422495,0.82,15.0837,1.0411
601111,中国国航,北京,空运,主板,20060818,20260805,6.19,1.3093,613299199.0,126848952776.0,72039897644.0,1268.48952776,720.39897644,1.26,,2.8837
601112,振石股份,浙江,玻璃,主板,20260129,20260805,15.58,0.5161,88696446.0,27114908512.0,2847065830.0,271.14908512,28.4706583,0.89,36.9438,4.1256
601113,华鼎股份,浙江,化纤,主板,20110509,20260805,3.44,-0.578,44567720.0,4658283568.0,3798283568.0,46.58283568,37.98283568,1.54,20.8413,1.1515
601116,三江购物,浙江,超市连锁,主板,20110302,20260805,10.61,0.3784,125694991.0,5810867824.0,5810867824.0,58.10867824,58.10867824,0.71,31.0079,1.7353
601117,中国化学,北京,建筑工程,主板,20100107,20260805,7.74,0.1294,457839531.0,47257039818.0,47121641676.0,472.57039818,471.21641676,0.78,7.3424,0.6864
601118,海南橡胶,海南,橡胶,主板,20110107,20260805,5.31,1.1429,319041196.0,22723761618.0,22723761618.0,227.23761618,227.23761618,0.95,,2.3755
601121,宝地矿业,新疆,普钢,主板,20230310,20260805,7.05,1.585,119559671.0,6938911035.0,5640000000.0,69.38911035,56.4,1.37,49.4448,1.5855
601126,四方股份,北京,电气设备,主板,20101231,20260805,44.58,5.8153,1924350259.0,37139843190.0,36782307132.0,371.3984319,367.82307132,1.78,44.8024,7.1832
601127,赛力斯,重庆,汽车整车,主板,20160615,20260805,58.85,0.3924,2287803345.0,102515823135.0,91641420090.0,1025.15823135,916.4142009,0.83,17.2099,2.4816
601128,常熟银行,江苏,银行,主板,20160930,20260805,6.22,-1.1129,304803267.0,22691674624.0,22691674624.0,226.91674624,226.91674624,0.8,5.378,0.7083
601133,柏诚股份,江苏,建筑工程,主板,20230410,20260805,24.72,6.5977,419134180.0,13007725800.0,12962839224.0,130.077258,129.62839224,0.99,63.4014,4.2968
601136,首创证券,北京,证券,主板,20221222,20260805,14.83,-0.6698,196641160.0,40535340254.0,40535340254.0,405.35340254,405.35340254,0.87,38.3711,2.8655
601137,博威合金,浙江,小金属,主板,20110127,20260805,17.82,2.9463,282515143.0,16373007090.0,16360889490.0,163.7300709,163.6088949,1.08,131.0943,1.7449
601138,工业富联,深圳,通信设备,主板,20180608,20260805,65.92,9.995,18553114802.0,1308122564416.0,1308122564416.0,13081.22564416,13081.22564416,2.12,37.0725,7.4233
601139,深圳燃气,深圳,供气供热,主板,20091225,20260805,6.45,-0.6163,139179387.0,18555002025.0,18555002025.0,185.55002025,185.55002025,0.85,13.1785,1.1244
601155,新城控股,江苏,区域地产,主板,20151204,20260805,10.94,1.4842,238480527.0,24676514526.0,24676514526.0,246.76514526,246.76514526,1.16,36.2833,0.3986
601156,东航物流,上海,仓储物流,主板,20210609,20260805,17.04,0.0587,129604360.0,27051947424.0,16095909024.0,270.51947424,160.95909024,0.81,10.0638,1.3382
601158,重庆水务,重庆,水务,主板,20100329,20260805,4.15,-1.1905,32776061.999999996,19920124915.0,19920124915.0,199.20124915,199.20124915,0.96,24.6295,1.1378
601162,天风证券,湖北,证券,主板,20181019,20260805,3.75,0.0,575290064.0,37777444875.0,32242389375.0,377.77444875,322.42389375,1.08,242.4253,1.3788
601163,三角轮胎,山东,汽车配件,主板,20160909,20260805,13.26,-0.4505,44748097.0,10608000000.0,10608000000.0,106.08,106.08,0.78,11.4943,0.749
601166,兴业银行,福建,银行,主板,20070205,20260805,18.36,-1.0776,1749341339.0,388550100420.00006,388550100420.00006,3885.501004200001,3885.501004200001,0.78,5.0156,0.4682
601168,西部矿业,青海,铜,主板,20070712,20260805,41.02,7.3541,3097980891.0,97750660000.0,97750660000.0,977.5066,977.5066,1.18,26.8348,4.36
601169,北京银行,北京,银行,主板,20070919,20260805,5.03,-1.3725,838038767.0,106349211029.0,106349211029.0,1063.49211029,1063.49211029,0.91,5.2947,0.3753
601177,杭齿前进,浙江,机械基件,主板,20101011,20260805,13.26,0.3785,97092361.0,5406281010.0,5336042790.0,54.0628101,53.3604279,1.19,21.3244,1.8564
601179,中国西电,陕西,电气设备,主板,20100128,20260805,14.41,0.2784,3646869907.0,73863965384.0,73863965384.0,738.63965384,738.63965384,1.23,58.1753,3.1629
601186,中国铁建,北京,建筑工程,主板,20080310,20260805,6.21,-0.64,315472991.0,84328952715.0,71435154555.0,843.28952715,714.35154555,0.82,4.5924,0.3034
601187,厦门银行,福建,银行,主板,20201027,20260805,7.43,-1.7196,111767861.0,19608720297.0,19566014143.0,196.08720297,195.66014143,0.83,7.4423,0.7191
601188,龙江交通,黑龙江,路桥,主板,20100319,20260805,2.87,-0.692,53704641.0,3746698613.0,3746698613.0,37.46698613,37.46698613,1.22,22.2892,0.8276
601198,东兴证券,北京,证券,主板,20150226,20260805,14.02,0.3579,272966008.0,45318885910.0,45318885910.0,453.1888591,453.1888591,0.75,21.5623,1.4886
601199,江南水务,江苏,水务,主板,20110317,20260805,5.65,0.713,107885556.0,5283938195.0,5283938195.0,52.83938195,52.83938195,1.61,14.295,1.1238
601200,上海环境,上海,环境保护,主板,20170331,20260805,7.09,-0.8392,45603539.0,9544772827.0,9544772827.0,95.44772827,95.44772827,0.63,15.8251,0.8075
601208,东材科技,四川,化工原料,主板,20110520,20260805,39.33,10.014,2325144368.0,39730493457.0,39730493457.0,397.30493457,397.30493457,0.89,139.1904,6.5262
601211,国泰海通,上海,证券,主板,20150626,20260805,18.0,0.2227,1369499939.0,317319193800.0,242944383600.0,3173.191938,2429.443836,0.7,11.4106,0.972
601212,白银有色,甘肃,铜,主板,20170215,20260805,5.47,6.2136,1036552181.0,40504116515.0,40504116515.0,405.04116515,405.04116515,1.56,,2.5482
601216,君正集团,内蒙,化工原料,主板,20110222,20260805,4.66,-1.0616,257173978.0,39321161084.0,39321161084.0,393.21161084,393.21161084,0.84,11.8528,1.317
601218,吉鑫科技,江苏,电气设备,主板,20110506,20260805,4.62,-0.6452,195554900.0,4476934770.0,4476934770.0,44.7693477,44.7693477,0.73,33.1261,1.4766
601222,林洋能源,江苏,新型电力,主板,20110808,20260805,5.75,-1.2027,108422360.0,11737016150.0,11737016150.0,117.3701615,117.3701615,0.96,48.0523,0.7746
601225,陕西煤业,陕西,煤炭开采,主板,20140128,20260805,23.89,-0.1254,985218547.0,231613550000.0,231613550000.0,2316.1355,2316.1355,1.05,13.8155,2.2685
601226,华电科工,北京,建筑工程,主板,20141211,20260805,6.28,-0.6329,69229266.0,7298764836.0,7298764836.0,72.98764836,72.98764836,0.79,46.5738,1.6787
601228,广州港,广东,港口,主板,20170329,20260805,3.08,-0.6452,56840055.0,23237156712.000004,23237156712.000004,232.37156712000004,232.37156712000004,0.66,28.2814,1.079
601229,上海银行,上海,银行,主板,20161116,20260805,9.28,-1.4862,676885948.0,131859879136.0,131859879136.0,1318.59879136,1318.59879136,0.95,5.4502,0.5219
601231,环旭电子,上海,元器件,主板,20120220,20260805,25.96,10.0,667899326.0,62016770772.0,62016770772.0,620.16770772,620.16770772,0.82,33.4604,2.7683
601233,桐昆股份,浙江,化纤,主板,20110518,20260805,22.99,3.6987,856871039.0,54693244485.0,54593713878.0,546.93244485,545.93713878,1.08,26.9053,1.3598
601236,红塔证券,云南,证券,主板,20190705,20260805,7.1,-0.4208,111466713.0,33321959270.0,33321959270.0,333.2195927,333.2195927,0.92,27.4582,1.303
601238,广汽集团,广东,汽车整车,主板,20120329,20260805,5.35,-0.9259,143367592.0,54554302565.0,39502782160.0,545.54302565,395.0278216,0.73,,0.5233
601279,英利汽车,吉林,汽车配件,主板,20210415,20260805,3.2,-0.3115,27559532.0,5074515200.0,5074515200.0,50.745152,50.745152,0.79,,1.2237
601288,农业银行,北京,银行,主板,20100715,20260805,6.48,-1.9667,3635244943.0,2267890059672.0,2068702485984.0,22678.90059672,20687.02485984,0.97,7.7923,0.8023
601298,青岛港,山东,港口,主板,20190121,20260805,8.99,0.5593,122053307.0,58354989000.0,48474754250.0,583.54989,484.7475425,1.01,11.0699,1.2392
601311,骆驼股份,湖北,电气设备,主板,20110602,20260805,7.97,-0.375,99679235.0,9349974417.0,9349974417.0,93.49974417,93.49974417,0.78,11.1597,0.9133
601318,中国平安,深圳,保险,主板,20070301,20260805,54.02,0.1669,3945519851.0,978174820840.0001,575856716702.0,9781.748208400002,5758.56716702,0.79,7.2577,0.9606
601319,中国人,北京,保险,主板,20181116,20260805,7.19,0.5594,436837069.0,317970492414.0,255228869954.0,3179.70492414,2552.28869954,0.71,6.8167,0.9957
601326,秦港股份,河北,港口,主板,20170816,20260805,3.45,-1.1461,76933618.0,19276571400.0,16413578550.0,192.765714,164.1357855,0.86,12.001,0.9297
601328,交通银行,上海,银行,主板,20070515,20260805,6.93,-1.5625,1293427715.0,612361024665.0,180682006213.0,6123.61024665,1806.82006213,0.68,6.404,0.526
601330,绿色动力,深圳,环境保护,主板,20180611,20260805,7.27,-0.2743,69406512.0,10400351496.0,7190720649.999999,104.00351496,71.90720649999999,0.85,16.8427,1.257
601333,广深铁路,深圳,铁路,主板,20061222,20260805,3.01,-0.6601,183811121.0,21321446370.0,17013233370.0,213.2144637,170.1323337,0.75,14.9541,0.7368
601336,新华保险,北京,保险,主板,20111216,20260805,63.31,1.6375,1531032548.0,197498495246.0,132029162083.0,1974.98495246,1320.29162083,1.31,5.4431,1.5984
601339,百隆东方,浙江,纺织,主板,20120612,20260805,8.43,3.1824,119851923.0,12641366669.999998,12641366669.999998,126.41366669999998,126.41366669999998,1.18,19.2665,1.3521
601360,三六零,天津,互联网,主板,20120116,20260805,9.82,1.1329,1527205175.0,68735658578.0,68735658578.0,687.35658578,687.35658578,1.02,261.3394,2.354
601366,利群股份,山东,百货,主板,20170412,20260805,3.53,-0.2825,33855869.0,3387886083.0,3387886083.0,33.87886083,33.87886083,1.09,,0.7752
601368,绿城水务,广西,水务,主板,20150612,20260805,4.42,0.0,20594034.0,3902741102.0,3902741102.0,39.02741102,39.02741102,0.85,40.9846,0.8071
601369,陕鼓动力,陕西,机械基件,主板,20100428,20260805,9.47,-0.9414,151745432.0,16321303515.000002,16157821011.0,163.21303515000002,161.57821011,0.93,21.8211,1.7944
601375,中原证券,河南,证券,主板,20170103,20260805,4.19,-0.2381,130055031.0,19453686893.0,14445107543.0,194.53686893,144.45107543,0.66,42.6786,1.3368
601377,兴业证,福建,证券,主板,20101013,20260805,6.01,0.0,481168067.0,51902283673.0,51902283673.0,519.02283673,519.02283673,0.89,18.0822,0.9164
601388,怡球资源,江苏,铝,主板,20120423,20260805,3.23,1.2539,136794690.0,7109948998.0,7109948998.0,71.09948998,71.09948998,1.09,41.8639,1.5161
601390,中国中,北京,建筑工程,主板,20071203,20260805,4.49,-0.6637,498011847.0,110145583247.0,91254402147.0,1101.45583247,912.54402147,0.86,4.8116,0.3426
601398,工商银行,北京,银行,主板,20061027,20260805,7.52,-1.8277,4334929053.0,2680175053392.0,2027483838000.0,26801.75053392,20274.83838,1.07,7.272,0.6798
601399,国机重装,四川,工程机械,主板,20200608,20260805,3.38,0.2967,233926071.0,24381818942.0,24381818942.0,243.81818942,243.81818942,0.8,52.6021,1.6388
601456,国联民生,江苏,证券,主板,20200731,20260805,9.07,0.3319,160151114.0,51522976696.0,39699223112.0,515.22976696,396.99223112,0.9,25.6471,0.9632
601500,通用股份,江苏,汽车配件,主板,20160919,20260805,4.02,0.0,45134342.0,6389049114.0,6363662814.0,63.89049114,63.63662814,0.76,31.7251,1.041
601512,中新集团,江苏,园区开发,主板,20191220,20260805,7.84,-0.5076,32668426.0,11751297600.0,11751297600.0,117.512976,117.512976,1.08,11.128,0.7618
601515,衢州东峰,浙江,广告包装,主板,20120216,20260805,3.34,0.0,53718529.0,6427732138.0,6427732138.0,64.27732138,64.27732138,1.18,,1.3119
601518,吉林高速,吉林,路桥,主板,20100319,20260805,2.79,0.0,29635575.0,5274643428.0,5274643428.0,52.74643428,52.74643428,0.59,10.7463,0.9048
601519,大智慧,上海,软件服务,主板,20110128,20260805,8.59,1.6568,302796542.0,17086884400.0,17086884400.0,170.868844,170.868844,0.96,,13.1719
601528,瑞丰银行,浙江,银行,主板,20210625,20260805,5.02,-0.5941,92510014.0,9850050228.0,9315969918.0,98.50050228,93.15969918,0.64,5.0106,0.4878
601555,东吴证券,江苏,证券,主板,20111212,20260805,8.23,0.4884,291191266.0,40892424044.0,40892424044.0,408.92424044,408.92424044,0.82,11.512,0.9348
601566,九牧王,福建,服饰,主板,20110530,20260805,8.4,-1.2926,52327148.0,4826952480.0,4826952480.0,48.2695248,48.2695248,0.8,16.3938,1.1812
601567,三星电气,浙江,电气设备,主板,20110615,20260805,16.19,0.1237,363543647.0,22750340186.0,22750340186.0,227.50340186,227.50340186,0.7,17.858,1.9456
601568,北元化工,陕西,化工原料,主板,20201020,20260805,3.72,-0.2681,44746292.0,14776666584.0,14776666584.0,147.76666584,147.76666584,0.63,136.4387,1.299
601577,长沙银行,湖南,银行,主板,20180926,20260805,9.31,-1.3771,225860713.0,37440664947.0,37432564316.0,374.40664947,374.32564316,0.94,4.618,0.5074
601579,会稽山,浙江,红黄酒,主板,20140825,20260805,15.57,2.0984,136660767.0,7465245138.0,7465245138.0,74.65245138,74.65245138,0.81,30.5151,1.9209
601588,北辰实业,北京,区域地产,主板,20061016,20260805,1.72,0.5848,47734650.0,5791274399.999999,4575200000.0,57.91274399999999,45.752,0.97,,0.884
601595,上海电影,上海,影视音像,主板,20160817,20260805,18.26,-0.3275,91476772.0,8184132000.0,8184132000.0,81.84132,81.84132,0.51,72.4921,4.8369
601598,中国外运,北京,仓储物流,主板,20190118,20260805,6.36,-0.3135,127532097.0,45625057632.0,32801510472.0,456.25057632,328.01510472,0.72,11.3444,1.0929
601599,浙文影业,浙江,纺织,主板,20110527,20260805,3.06,-1.9231,87586318.0,3551260050.0,3551260050.0,35.5126005,35.5126005,1.39,26.7585,2.3191
601600,中国铝业,北京,铝,主板,20070430,20260805,9.77,1.9833,2343840891.0,167604070578.0,128996630823.0,1676.04070578,1289.96630823,1.15,13.2243,2.0783
601601,中国太保,上海,保险,主板,20071225,20260805,32.02,0.7552,1555998197.0,308043334830.0,219178228830.0,3080.4333483,2191.7822883,0.83,5.7573,0.9638
601606,长城军工,安徽,专用机械,主板,20180806,20260805,33.64,0.4179,1230130590.0,24363043376.000004,24363043376.000004,243.63043376000005,243.63043376000005,0.61,2919.0538,11.1646
601607,上海医药,上海,医药商业,主板,19940324,20260805,16.46,-1.0222,217014431.0,61039635228.00001,45910355450.0,610.3963522800001,459.1035545,1.02,10.6628,0.7896
601608,中信重工,河南,专用机械,主板,20120706,20260805,4.88,0.6186,193475480.0,22348220592.0,22348220592.0,223.48220592,223.48220592,0.84,59.5219,2.3711
601609,金田股份,浙江,铜,主板,20200422,20260805,10.42,2.2571,279004852.0,18012410044.0,18012410044.0,180.12410044,180.12410044,1.0,23.9383,1.7799
601611,中国核建,上海,建筑工程,主板,20160606,20260805,12.7,4.7855,1956157515.0,38275694340.0,38275694340.0,382.7569434,382.7569434,2.31,29.0177,1.6997
601615,明阳智能,广东,电气设备,主板,20190123,20260805,11.68,0.3436,526152594.00000006,26414281456.0,26414281456.0,264.14281456,264.14281456,0.82,40.0293,1.0013
601616,广电电气,上海,电气设备,主板,20110201,20260805,3.77,-3.0848,188779535.0,3218355881.0,3218355881.0,32.18355881,32.18355881,0.87,,1.3504
601618,中国中冶,北京,建筑工程,主板,20090921,20260805,2.65,-0.7491,228046785.0,54832790880.00001,47309440880.00001,548.3279088,473.09440880000005,0.83,41.4844,0.5314
601619,嘉泽新能,宁夏,新型电力,主板,20170720,20260805,4.66,-1.4799,160637773.0,13573822750.0,11345934534.0,135.7382275,113.45934534,0.75,19.0048,1.7037
601628,中国人寿,北京,保险,主板,20070109,20260805,38.05,1.0356,1832468770.0,1075472025250.0,792335316500.0,10754.7202525,7923.353165,1.17,6.98,1.7977
601633,长城汽车,河北,汽车整车,主板,20110928,20260805,15.97,-0.6223,288570765.0,136598064699.00002,99336014289.0,1365.9806469900002,993.36014289,0.94,13.8463,1.5487
601636,旗滨集团,湖南,玻璃,主板,20110812,20260805,5.99,0.1672,694087310.0,17722335663.0,17722335663.0,177.22335663,177.22335663,1.34,28.6284,1.1862
601658,邮储银行,北京,银行,主板,20191210,20260805,4.96,-1.1952,919648289.0,595671465360.0,359737890976.0,5956.7146536,3597.37890976,0.89,6.8152,0.577
601665,齐鲁银行,山东,银行,主板,20210618,20260805,6.15,-0.3241,302474434.0,37846131375.0,37846131375.0,378.46131375,378.46131375,0.85,6.624,0.7482
601666,平煤股份,河南,煤炭开采,主板,20061123,20260805,8.11,1.1222,290870324.0,20026550961.0,20026550961.0,200.26550961,200.26550961,0.95,86.578,0.9162
601668,中国建筑,北京,建筑工程,主板,20090729,20260805,4.58,-1.2931,1069638614.0,189247388032.0,189247388032.0,1892.47388032,1892.47388032,0.76,4.8439,0.3815
601669,中国电建,北京,建筑工程,主板,20111018,20260805,4.85,-0.818,565815967.0,83546873090.0,63396900615.0,835.4687309,633.96900615,0.94,8.3487,0.5677
601677,明泰铝业,河南,铝,主板,20110919,20260805,17.17,1.0,368335211.0,21347299602.0,21347299602.0,213.47299602,213.47299602,0.75,10.8917,1.0774
601678,滨化股份,山东,化工原料,主板,20100223,20260805,6.62,2.4768,1066565017.0,15947330426.0,13526886306.0,159.47330426,135.26886306,0.78,70.7886,1.3643
601686,友发集团,天津,钢加工,主板,20201204,20260805,5.22,-0.7605,24736744.0,7722192905.999999,7722192905.999999,77.22192906,77.22192906,0.63,11.3599,1.1561
601688,华泰证券,江苏,证券,主板,20100226,20260805,19.77,0.8673,1343775009.0,178461097326.0,144454607637.0,1784.61097326,1444.54607637,0.89,10.8927,1.002
601689,拓普集团,浙江,汽车配件,主板,20150319,20260805,50.22,0.9447,1744529116.0,87274103831.99998,87274103831.99998,872.7410383199998,872.7410383199998,1.02,31.4041,3.5494
601696,中银证券,上海,证券,主板,20200226,20260805,12.11,0.8326,476534825.0,33641580000.0,33641580000.0,336.4158,336.4158,0.88,32.1841,1.7382
601698,中国卫通,北京,电信运营,主板,20190628,20260805,26.81,0.7895,793108442.0,113255772574.0,113255772574.0,1132.55772574,1132.55772574,1.28,256.6783,7.0898
601699,潞安环能,山西,煤炭开采,主板,20060922,20260805,14.76,0.1357,373583361.0,44153199792.0,44153199792.0,441.53199792,441.53199792,0.85,39.5938,0.9525
601700,风范股份,江苏,电气设备,主板,20110118,20260805,6.51,9.9662,1099139522.0,7413310023.000001,7413310023.000001,74.13310023000001,74.13310023000001,5.16,,3.4464
601702,华峰铝业,上海,铝,主板,20200907,20260805,15.57,-0.5747,126911712.0,15547121442.0,15547121442.0,155.47121442,155.47121442,0.58,12.9359,2.3274
601717,中创智领,河南,专用机械,主板,20100803,20260805,16.04,0.3127,251735350.0,28637814396.0,24736337828.0,286.37814396,247.36337828,0.7,6.6702,1.1432
601718,ST际华,北京,服饰,主板,20100816,20260805,1.81,0.5556,40623738.0,7893535795.0,7893535795.0,78.93535795,78.93535795,0.83,,0.6525
601727,上海电,上海,电气设备,主板,20081205,20260805,7.02,0.7174,751240385.0,109091653632.0,88561789992.0,1090.91653632,885.61789992,0.96,90.441,1.9874
601728,中国电信,北京,电信运营,主板,20210820,20260805,6.23,-0.9539,1043771818.0,570089474101.0,483633209801.0,5700.89474101,4836.33209801,0.92,17.1793,1.2173
601766,中国中车,北京,运输设备,主板,20080818,20260805,5.95,-1.3267,1077874969.0,170758241395.0,144750398100.0,1707.58241395,1447.503981,0.76,12.9549,0.9721
601777,千里科技,重庆,摩托车,主板,20101125,20260805,8.79,1.1507,344916153.0,39740469879.0,39740469879.0,397.40469879,397.40469879,0.87,470.8128,3.8402
601778,晶科科技,江西,新型电力,主板,20200519,20260805,3.91,1.2953,602308770.0,14557103995.0,14557103995.0,145.57103995,145.57103995,1.0,44.1324,0.9266
601788,光大证券,上海,证券,主板,20090818,20260805,14.82,-0.3362,389779719.0,68331872232.0,57897276216.0,683.31872232,578.97276216,1.31,18.3481,1.0987
601789,宁波建工,浙江,建筑工程,主板,20110816,20260805,4.46,-0.6682,175833009.0,6798787874.0,4847121756.0,67.98787874,48.47121756,0.78,28.8168,1.0819
601798,蓝科高新,甘肃,化工机械,主板,20110622,20260805,7.52,-0.7916,50301000.0,2666052064.0000005,2666052064.0000005,26.660520640000005,26.660520640000005,1.07,54.8145,2.0601
601799,星宇股份,江苏,汽车配件,主板,20110201,20260805,95.38,0.3789,201209284.0,27248101172.000004,27248101172.000004,272.48101172,272.48101172,0.61,16.7775,2.3551
601800,中国交建,北京,建筑工程,主板,20120309,20260805,6.14,-0.9677,254267507.0,99552647753.0,71978440705.0,995.52647753,719.78440705,0.9,6.7487,0.3418
601801,皖新传媒,安徽,出版业,主板,20100118,20260805,5.59,0.0,58264695.0,10944835408.0,10944835408.0,109.44835408,109.44835408,0.66,13.6619,0.9005
601808,中海油服,天津,石油开采,主板,20070928,20260805,12.16,-2.0934,195827590.0,58022558720.00001,35999290880.0,580.2255872000001,359.9929088,0.74,15.1032,1.2213
601811,新华文轩,四川,出版业,主板,20160808,20260805,12.26,-0.9693,35735569.0,15126890660.000002,9708741814.0,151.2689066,97.08741814,1.04,9.6445,0.9724
601816,京沪高铁,北京,铁路,主板,20200116,20260805,5.07,-1.5534,986263688.0,248053194558.0,248053194558.0,2480.53194558,2480.53194558,0.92,18.832,1.1789
601818,光大银行,北京,银行,主板,20100818,20260805,3.07,-1.9169,1030016628.0,181392641877.0,142468923892.0,1813.92641877,1424.68923892,1.23,4.6719,0.3596
601825,沪农商行,上海,银行,主板,20210819,20260805,8.37,-2.3337,248440528.0,80723999628.0,78464074518.0,807.23999628,784.64074518,0.8,6.5561,0.613
601827,三峰环境,重庆,环境保护,主板,20200605,20260805,8.35,-0.7134,65072780.0,13960643055.0,13960643055.0,139.60643055,139.60643055,0.72,11.3413,1.1193
601828,美凯龙,上海,其他商业,主板,20180117,20260805,2.24,0.0,58977359.0,9752260896.0,8091780928.0,97.52260896,80.91780928,0.69,,0.4325
601838,成都银行,四川,银行,主板,20180131,20260805,17.89,-0.9961,382129009.0,75825609306.0,75825609306.0,758.25609306,758.25609306,0.83,5.7083,0.8243
601857,中国石油,北京,石油开采,主板,20071105,20260805,10.63,-2.1179,1737053591.0,1945512994014.0,1721231687014.0,19455.12994014,17212.31687014,1.04,12.368,1.1976
601858,中国科传,北京,出版业,主板,20170118,20260805,25.36,5.9315,988360374.0,20047080000.0,20047080000.0,200.4708,200.4708,1.56,41.4266,3.5129
601860,紫金银行,江苏,银行,主板,20190103,20260805,2.6,-1.1407,134461825.0,9518871180.0,9234388800.0,95.1887118,92.343888,0.8,7.649,0.4656
601865,福莱特,浙江,玻璃,主板,20190215,20260805,10.93,-1.6202,330996634.0,25607683865.0,20778208715.0,256.07683865,207.78208715,1.05,26.115,1.1623
601866,中远海,上海,水运,主板,20071212,20260805,2.44,-0.4082,150957621.0,32100883268.0,23693443588.0,321.00883268,236.93443588,0.83,19.9459,1.0314
601868,中国能建,北京,建筑工程,主板,20210928,20260805,2.62,-0.3802,733600639.0,115909279984.00002,84963266312.0,1159.0927998400002,849.63266312,0.87,19.8465,0.971
601869,长飞光纤,湖北,通信设备,主板,20180720,20260805,312.4,10.0,4609200477.0,258637553240.0,126940084920.0,2586.3755324,1269.4008492,1.16,317.8391,18.173
601872,招商轮船,上海,水运,主板,20061201,20260805,18.1,7.8665,2735239941.0,146149146850.0,146149146850.0,1461.4914685,1461.4914685,1.6,24.3092,3.2433
601877,正泰电器,浙江,电气设备,主板,20100121,20260805,25.86,-0.0773,541165717.0,55572338340.0,55572338340.0,555.7233834,555.7233834,0.95,12.3455,1.2215
601878,浙商证券,浙江,证券,主板,20170626,20260805,9.56,-0.2088,240633809.0,43725495495.99999,43725495495.99999,437.2549549599999,437.2549549599999,1.06,18.1251,1.1599
601880,辽港股份,辽宁,港口,主板,20101206,20260805,1.49,-1.9737,135640234.0,35121933128.0,27435446288.0,351.21933128,274.35446288,0.82,26.8765,0.8626
601881,中国银河,北京,证券,主板,20170123,20260805,12.64,0.2379,458076771.0,138210845072.0,91556798464.0,1382.10845072,915.56798464,1.22,11.0395,1.1403
601882,海天精工,浙江,机床制造,主板,20161107,20260805,19.44,0.0515,61021655.0,10147680000.0,10147680000.0,101.4768,101.4768,0.68,23.6549,3.3161
601886,江河集团,北京,装修装饰,主板,20110818,20260805,8.38,0.0,42058399.0,9494557598.0,9494557598.0,94.94557598,94.94557598,1.16,15.5586,1.2816
601888,中国中免,北京,旅游服务,主板,20091015,20260805,56.39,-0.7568,2139395787.0,117166950274.0,110100093445.0,1171.66950274,1101.00093445,0.84,32.6718,2.0217
601890,亚星锚链,江苏,船舶,主板,20101228,20260805,8.56,-0.5807,137886476.0,8212464000.0,8212464000.0,82.12464,82.12464,0.96,25.8718,2.1093
601898,中煤能源,北京,煤炭开采,主板,20080201,20260805,13.34,-1.4043,533520814.99999994,176870569756.0,122087685336.0,1768.70569756,1220.87685336,0.96,9.8901,1.0784
601899,紫金矿业,福建,铜,主板,20080425,20260805,34.1,6.1644,14444803367.0,906743367860.0,702521144710.0,9067.4336786,7025.2114471,1.78,17.5124,4.5963
601900,南方传媒,广东,出版业,主板,20160215,20260805,11.84,0.0845,132399818.0,10442525984.0,10442525984.0,104.42525984,104.42525984,1.44,10.0123,1.1433
601901,方正证券,湖南,证券,主板,20110810,20260805,7.13,0.0,369464049.0,58694882982.0,58694882982.0,586.94882982,586.94882982,1.02,14.7844,1.1198
601908,京运通,北京,电气设备,主板,20110908,20260805,3.16,-0.6289,113405949.0,7630145164.0,7630145164.0,76.30145164,76.30145164,0.95,,1.0306
601916,浙商银行,浙江,银行,主板,20191126,20260805,2.94,-1.6722,551478274.0,80746029840.0,63340641840.0,807.4602984,633.4064184,0.91,6.2444,0.4399
601918,新集能源,安徽,煤炭开采,主板,20071219,20260805,9.43,1.0718,320562233.0,24428809174.0,24428809174.0,244.28809174,244.28809174,0.89,11.4362,1.3986
601919,中远海控,天津,水运,主板,20070626,20260805,15.4,0.2604,1462224269.0,235129093660.99997,193370669261.0,2351.29093661,1933.70669261,1.11,7.6172,0.9976
601921,浙版传媒,浙江,出版业,主板,20210723,20260805,7.25,-1.4946,51267286.0,16111110950.0,16111110950.0,161.1111095,161.1111095,0.98,12.531,1.11
601928,凤凰传媒,江苏,出版业,主板,20111130,20260805,9.57,-1.9467,136019677.0,24354693000.0,24354693000.0,243.54693,243.54693,0.99,13.567,1.1957
601929,吉视传媒,吉林,影视音像,主板,20120223,20260805,2.51,1.2097,304737509.0,8759368382.0,8759368382.0,87.59368382,87.59368382,1.2,,1.8718
601933,永辉超市,福建,超市连锁,主板,20101215,20260805,3.31,1.2232,582553059.0,29541873132.000004,29541873132.000004,295.41873132000006,295.41873132000006,0.77,,13.8035
601939,建设银行,北京,银行,主板,20070925,20260805,9.96,-1.3861,2003632995.0,2605539799740.0,95552829696.0,26055.3979974,955.52829696,0.99,7.6881,0.7345
601949,中国出版,北京,出版业,主板,20170821,20260805,5.51,-1.2545,92726024.0,10490864231.0,10490864231.0,104.90864231,104.90864231,1.02,16.2097,1.0545
601952,苏垦农发,江苏,种植业,主板,20170515,20260805,8.2,-0.8464,72102993.0,11299600000.0,11299600000.0,112.996,112.996,0.86,20.6251,1.5957
601956,东贝集团,湖北,家用电器,主板,20201225,20260805,4.88,-1.6129,48935231.0,3033489008.0,3033489008.0,30.33489008,30.33489008,1.22,39.9159,1.2306
601958,金钼股份,陕西,小金属,主板,20080417,20260805,23.02,4.8747,1648567027.0,74276433288.0,74276433288.0,742.76433288,742.76433288,1.64,23.5439,3.75
601963,重庆银行,重庆,银行,主板,20210205,20260805,10.96,-1.6158,168719337.0,39738525784.0,22293268008.0,397.38525784,222.93268008,1.0,7.0281,0.6795
601965,中国汽研,重庆,汽车服务,主板,20120611,20260805,14.45,0.0,289237715.0,14488269380.0,14426962365.000002,144.8826938,144.26962365000003,2.05,13.6982,1.8102
601966,玲珑轮胎,山东,汽车配件,主板,20160706,20260805,11.4,-1.1275,128271816.0,16683930780.0,16683930780.0,166.8393078,166.8393078,0.84,12.1881,0.7307
601968,宝钢包装,上海,广告包装,主板,20150611,20260805,4.58,2.2321,57431024.0,5843070110.000001,5843070110.000001,58.43070110000001,58.43070110000001,1.19,31.1292,1.2843
601969,海南矿业,海南,普钢,主板,20141209,20260805,9.26,0.8715,149915549.0,18376556118.0,18265133316.0,183.76556118,182.65133316,0.77,42.6344,2.6294
601975,招商南油,江苏,水运,主板,20190108,20260805,3.8,2.7027,829773417.0,17785309860.0,17785309860.0,177.8530986,177.8530986,1.36,13.5612,1.4844
601985,中国核电,北京,新型电力,主板,20150610,20260805,8.82,-1.2318,1601836408.0,181409778522.0,166550572818.0,1814.09778522,1665.50572818,1.39,19.4976,1.512
601988,中国银行,北京,银行,主板,20060705,20260805,5.73,-1.5464,2045361649.0,1846277119614.0,1207686399804.0,18462.77119614,12076.86399804,0.92,7.5972,0.6754
601990,南京证,江苏,证券,主板,20180613,20260805,6.86,-0.2907,128480740.0,30181446708.0,29029632128.0,301.81446708,290.29632128,0.89,28.0066,1.2782
601991,大唐发电,北京,火力发电,主板,20061220,20260805,6.43,1.5798,3329328879.0,118998148515.00002,79706852913.0,1189.9814851500003,797.06852913,1.15,16.1108,3.2314
601992,金隅集团,北京,水泥,主板,20110301,20260805,1.41,-0.7042,54702170.0,15055657251.0,11751163203.0,150.55657251,117.51163203,0.82,,0.3876
601995,中金公司,北京,证券,主板,20201102,20260805,35.69,1.4497,878058787.0,172284798761.0,104341228256.0,1722.84798761,1043.41228256,1.26,17.5971,1.6781
601996,丰林集团,广西,家居用品,主板,20110929,20260805,2.38,2.1459,52370067.0,2667776272.0,2667776272.0,26.67776272,26.67776272,0.85,,1.0876
601997,贵阳银行,贵州,银行,主板,20160816,20260805,5.66,-1.049,297244807.0,20694081246.0,20694081246.0,206.94081246,206.94081246,0.81,3.9423,0.3135
601998,中信银行,北京,银行,主板,20070427,20260805,7.55,-2.4548,473895459.0,420120975365.0,307760644715.0,4201.20975365,3077.60644715,0.96,5.9492,0.5656
601999,出版传媒,辽宁,出版业,主板,20071221,20260805,6.0,-0.4975,25664126.0,3305488200.0,3305488200.0,33.054882,33.054882,0.82,31.4721,1.231
603000,人民网,北京,互联网,主板,20120427,20260805,17.47,1.2754,468256621.0,19316423517.0,19316423517.0,193.16423517,193.16423517,1.13,90.8074,5.0202
603001,奥康国际,浙江,服饰,主板,20120426,20260805,7.01,3.2401,77222940.0,2810869800.0,2810869800.0,28.108698,28.108698,0.82,,1.1862
603002,宏昌电子,广东,化工原料,主板,20120518,20260805,13.52,8.0735,739853772.0,15332741320.0,15332741320.0,153.3274132,153.3274132,0.91,433.4754,4.4369
603004,鼎龙科技,浙江,化工原料,主板,20231227,20260805,20.22,10.0109,95365310.0,4762214400.0,1190553600.0,47.622144,11.905536,1.46,31.9235,2.2916
603005,晶方科技,江苏,半导体,主板,20140210,20260805,31.5,3.4143,1693449727.0,20543408550.0,20543408550.0,205.4340855,205.4340855,1.15,55.5802,4.4082
603006,联明股份,上海,汽车配件,主板,20140630,20260805,10.88,2.2556,34806182.0,2766286783.9999995,2766286783.9999995,27.662867839999997,27.662867839999997,0.98,29.9469,2.0341
603007,顺景科技,江苏,建筑工程,主板,20160826,20260805,4.93,2.4948,176341804.0,4360319273.0,3426788770.0,43.60319273,34.2678877,1.35,,18.6025
603008,ST喜临门,浙江,家居用品,主板,20120717,20260805,8.18,0.4914,39768346.0,3012631832.0000005,3012631832.0000005,30.126318320000006,30.126318320000006,0.89,12.4793,0.8569
603009,北特科技,上海,汽车配件,主板,20140718,20260805,40.45,1.0745,257284053.0,14011467410.0,14011467410.0,140.1146741,140.1146741,0.74,117.2029,6.8151
603010,万盛股份,浙江,化工原料,主板,20141010,20260805,10.61,3.7146,113821687.0,6207171483.0,6055957763.0,62.07171483,60.55957763,1.07,,2.3959
603011,合锻智能,安徽,专用机械,主板,20141107,20260805,20.29,4.3724,1848193564.0,10031668176.0,10031668176.0,100.31668176,100.31668176,1.85,,5.3815
603012,创力集团,上海,专用机械,主板,20150320,20260805,8.67,2.0,195830792.0,5605155000.0,5605155000.0,56.05155,56.05155,1.5,52.8605,1.4589
603013,亚普股份,江苏,汽车配件,主板,20180509,20260805,17.02,-0.7001,54571989.0,8649897592.0,8649897592.0,86.49897592,86.49897592,0.83,16.3758,1.8668
603014,威高血净,山东,医疗保健,主板,20250519,20260805,33.67,-0.2075,119111089.0,14065780547.0,3416996583.0,140.65780547,34.16996583,1.77,29.1642,1.9392
603015,弘讯科技,浙江,电气设备,主板,20150303,20260805,10.49,1.1572,44040913.0,4240257310.0000005,4240257310.0000005,42.402573100000005,42.402573100000005,0.77,98.774,3.0477
603016,新宏泰,江苏,电气设备,主板,20160701,20260805,29.44,0.8219,61433897.0,4361830400.0,4361830400.0,43.618304,43.618304,0.99,68.4942,5.1542
603017,中衡设计,江苏,建筑工程,主板,20141231,20260805,9.35,0.0,45364289.0,2582379305.0,2582379305.0,25.82379305,25.82379305,1.0,52.643,1.7297
603018,华设集团,江苏,建筑工程,主板,20141013,20260805,5.36,-0.9242,37541041.0,4390631672.0,4390631672.0,43.90631672,43.90631672,0.95,16.0084,0.8095
603019,中科曙光,天津,IT设备,主板,20141106,20260805,88.65,3.6236,5678903156.0,129705206805.0,129699763695.0,1297.05206805,1296.99763695,1.14,59.5992,5.7504
603020,爱普股份,上海,食品,主板,20150325,20260805,10.1,2.7467,68761936.0,3793941780.0,3793941780.0,37.9394178,37.9394178,1.01,43.736,1.1449
603021,*ST华鹏,山东,家居用品,主板,20150423,20260805,6.94,-0.1439,35996858.0,2220439814.0,2220439814.0,22.20439814,22.20439814,1.08,,
603022,新通联,上海,广告包装,主板,20150518,20260805,8.37,-0.3571,27546660.0,1674000000.0,1674000000.0,16.74,16.74,0.79,28.1282,1.9605
603023,威帝股份,黑龙江,汽车配件,主板,20150527,20260805,3.87,2.1108,51968812.0,2159914338.0,2159914338.0,21.59914338,21.59914338,1.27,531.3205,2.8048
603025,大豪科技,北京,纺织机械,主板,20150422,20260805,13.69,-0.073,93881335.0,15287004212.0,15184603012.000002,152.87004212,151.84603012000002,0.78,21.5275,5.1559
603026,石大胜华,山东,化工原料,主板,20150529,20260805,66.9,2.4032,654723804.0,15567696900.0,15567696900.0,155.676969,155.676969,0.89,979.1945,2.9943
603027,千禾味业,四川,食品,主板,20160307,20260805,7.64,-1.5464,137789886.0,10166842904.0,10166842904.0,101.66842904,101.66842904,0.78,29.2507,2.8935
603028,赛福天,江苏,钢加工,主板,20160331,20260805,6.65,0.6051,21165389.0,1908816000.0,1889863500.0,19.08816,18.898635,0.86,,4.1103
603029,天鹅股份,山东,农用机械,主板,20160427,20260805,14.8,-0.2023,29862297.0,1795861600.0,1795861600.0,17.958616,17.958616,0.93,24.0633,1.8714
603030,全筑股份,上海,装修装饰,主板,20150320,20260805,2.03,1.5,69049668.0,2673375005.0,2673375005.0,26.73375005,26.73375005,0.94,,3.8237
603031,安孚科技,安徽,电气设备,主板,20160822,20260805,39.04,3.1985,605236946.0,14594947840.0,12273801216.0,145.9494784,122.73801216,0.91,64.5808,5.1248
603032,德新科技,新疆,专用机械,主板,20170105,20260805,18.98,7.5354,308363205.0,4426656052.0,4420092768.0,44.26656052,44.20092768,2.04,104.0167,3.7848
603033,三维股份,浙江,橡胶,主板,20161207,20260805,7.88,2.2049,57527106.0,8125568380.0,7978744280.0,81.2556838,79.7874428,0.85,,3.2166
603035,常熟汽饰,江苏,汽车配件,主板,20170105,20260805,11.07,-0.2703,40258755.0,4055462397.0,4055462397.0,40.55462397,40.55462397,0.79,11.7144,0.7533
603036,如通股份,江苏,专用机械,主板,20161209,20260805,12.79,-0.7758,107997716.0,2634816740.0,2634816740.0,26.3481674,26.3481674,1.29,25.0506,1.8701
603037,凯众股份,上海,汽车配件,主板,20170120,20260805,10.3,2.4876,48078728.0,2745341400.0,2741343970.0,27.453414,27.4134397,1.01,37.3089,2.7634
603038,华立股份,广东,家居用品,主板,20170116,20260805,13.47,3.0604,57723015.0,3619080537.0,3619080537.0,36.19080537,36.19080537,0.86,167.5878,2.5236
603039,泛微网络,上海,软件服务,主板,20170113,20260805,44.64,7.6181,2217078626.0,13733009424.0,13733009424.0,137.33009424,137.33009424,1.44,47.5698,5.1865
603040,新坐标,浙江,汽车配件,主板,20170209,20260805,56.41,5.815,125135437.0,11132930933.999998,11074715814.0,111.32930933999998,110.74715814,1.17,41.7192,7.1586
603041,美思德,江苏,化工原料,主板,20170330,20260805,10.53,0.0,24106837.0,1928545281.0,1928545281.0,19.28545281,19.28545281,0.96,34.0295,1.2613
603042,华脉科技,江苏,通信设备,主板,20170602,20260805,12.58,1.2882,150064724.0,2626286344.0,2626286344.0,26.26286344,26.26286344,1.12,,3.1491
603043,广州酒家,广东,食品,主板,20170627,20260805,13.82,-1.0737,38653308.0,7839635468.0,7773092168.000001,78.39635468,77.73092168000001,0.64,16.0655,1.9639
603045,福达合金,浙江,小金属,主板,20180517,20260805,53.56,10.0021,330126488.0,7254444912.0,7254444912.0,72.54444912,72.54444912,0.93,67.1339,5.7903
603048,浙江黎明,浙江,汽车配件,主板,20211116,20260805,20.42,5.2035,59331360.0,2999289600.0,2999289600.0,29.992896,29.992896,0.9,96.2667,2.3455
603049,中策橡胶,浙江,汽车配件,主板,20250605,20260805,48.94,-1.1113,130727947.0,42797325264.0,24713735882.0,427.97325264,247.13735882,0.72,10.3189,1.6746
603050,科林电气,河北,电气设备,主板,20170414,20260805,18.64,1.3594,52195738.0,7517869888.000001,7517869888.000001,75.17869888000001,75.17869888000001,0.99,29.1418,3.9176
603051,鹿山新材,广东,塑料,主板,20220325,20260805,20.04,0.9063,102531774.0,3239123315.9999995,3239123315.9999995,32.39123316,32.39123316,0.84,,1.9028
603052,可川科技,江苏,元器件,主板,20221011,20260805,51.78,3.3946,229340119.0,9729322194.0,9729322194.0,97.29322194,97.29322194,1.02,617.3488,9.1337
603053,成都燃气,四川,供气供热,主板,20191217,20260805,8.91,-1.2195,19695686.0,7920009900.0,7920009900.0,79.200099,79.200099,0.9,16.4584,1.5678
603055,台华新材,浙江,纺织,主板,20170921,20260805,8.41,-1.2911,41557981.0,7487370017.0,7460098069.0,74.87370017,74.60098069,0.96,14.0934,1.3863
603057,紫燕食品,上海,食品,主板,20220926,20260805,22.81,1.153,42258536.0,9468773150.0,9397720000.0,94.6877315,93.9772,0.53,40.0975,4.4401
603058,永吉股份,贵州,广告包装,主板,20161223,20260805,10.02,2.1407,281881204.0,4155229871.9999995,4154929272.0,41.552298719999996,41.54929272,1.97,50.5377,3.6947
603059,倍加洁,江苏,日用化工,主板,20180302,20260805,24.07,0.8379,23756629.0,2421868039.0,2417800209.0,24.21868039,24.17800209,0.67,21.0976,2.167
603060,国检集团,北京,建筑工程,主板,20161109,20260805,5.52,0.1815,31797914.0,4437881832.0,4437881832.0,44.37881832,44.37881832,0.95,37.1636,2.1965
603061,金海通,天津,半导体,主板,20230303,20260805,292.86,9.9985,424510029.0,25478820000.0,25478820000.0,254.7882,254.7882,0.34,144.3353,14.9184
603062,麦加芯彩,上海,染料涂料,主板,20231107,20260805,38.15,1.1132,12206360.0,4120200000.0,1414338765.0000002,41.202,14.143387650000003,0.84,19.6013,1.9586
603063,禾望电气,深圳,电气设备,主板,20170728,20260805,32.41,8.3946,1102290474.0,15042881112.0,14980978012.000002,150.42881112,149.80978012000003,1.48,28.3281,2.7552
603065,宿迁联盛,江苏,化工原料,主板,20230321,20260805,15.51,6.6713,746250359.0,6498187476.0,6498187476.0,64.98187476,64.98187476,1.14,,3.2533
603066,音飞储存,江苏,仓储物流,主板,20150611,20260805,8.99,-0.1111,40108868.0,2644679099.0000005,2644679099.0000005,26.446790990000004,26.446790990000004,0.98,79.8651,1.7332
603067,振华股份,湖北,化工原料,主板,20160913,20260805,33.63,2.0947,845953794.0,25408319202.0,25408319202.0,254.08319202,254.08319202,0.79,38.5538,6.596
603068,博通集成,上海,半导体,主板,20190415,20260805,39.66,8.4792,1228976395.0,6019884318.0,6019884318.0,60.19884318,60.19884318,2.3,270.7046,3.4293
603069,海汽集团,海南,公共交通,主板,20160712,20260805,13.51,1.6554,50391041.0,4269160000.0,4269160000.0,42.6916,42.6916,1.05,,5.5256
603070,万控智造,浙江,电气设备,主板,20220310,20260805,11.7,0.5155,32577589.0,4691700000.0,4691700000.0,46.917,46.917,1.03,52.6219,2.1693
603071,物产环能,浙江,批发业,主板,20211216,20260805,11.98,-0.1667,34112651.0,6684293712.000001,6684293712.000001,66.84293712000002,66.84293712000002,1.02,10.4722,1.1229
603072,天和磁材,内蒙,矿物制品,主板,20250103,20260805,32.75,0.4293,89445583.0,8655170000.0,4134032500.0,86.5517,41.340325,1.51,53.7053,3.8818
603073,彩蝶实业,浙江,纺织,主板,20230316,20260805,16.02,-1.8983,40899545.0,1858320000.0,815302656.0,18.5832,8.15302656,1.49,26.6855,1.3394
603075,热威股份,浙江,家用电器,主板,20230911,20260805,18.95,0.2646,42123208.0,7625497055.0,803497055.0,76.25497055,8.03497055,0.98,23.5998,3.4057
603076,乐惠国际,浙江,专用机械,主板,20171113,20260805,20.06,0.8547,31118167.0,2421268078.0,2421268078.0,24.21268078,24.21268078,0.64,91.5377,1.874
603077,和邦生物,四川,化工原料,主板,20120731,20260805,2.43,1.6736,413172791.0,21461044918.999996,21461044918.999996,214.61044918999997,214.61044918999997,1.17,,1.2099
603078,江化微,江苏,半导体,主板,20170410,20260805,31.08,10.0177,325000998.0,11985604176.0,11985604176.0,119.85604176,119.85604176,0.43,114.3529,6.0075
603079,圣达生物,浙江,食品,主板,20170823,20260805,11.41,-0.175,30546490.0,2156827736.0,2156827736.0,21.56827736,21.56827736,0.86,34.7004,1.3496
603080,新疆火炬,新疆,供气供热,主板,20180103,20260805,18.74,1.2426,27119392.0,2651710000.0,2651710000.0,26.5171,26.5171,0.98,12.5768,1.6322
603081,大丰实业,浙江,专用机械,主板,20170420,20260805,9.05,1.7998,41818082.0,3823616855.0,3823616855.0,38.23616855,38.23616855,1.07,43.5517,1.1959
603082,北自科技,北京,运输设备,主板,20240130,20260805,36.8,1.9391,174524411.0,6129890080.0,1492493920.0,61.2989008,14.9249392,0.82,35.5717,3.6737
603083,剑桥科技,上海,通信设备,主板,20171110,20260805,149.56,0.5851,5074245318.0,55075525786.0,41216997066.0,550.75525786,412.16997066,1.27,209.027,7.2826
603085,天成自控,浙江,汽车配件,主板,20150630,20260805,9.94,4.1929,66245373.00000001,3947174000.0,3947174000.0,39.47174,39.47174,1.18,46.4933,4.0798
603086,先达股份,山东,农药化肥,主板,20170511,20260805,5.52,-0.5405,38342928.0,2400168312.0,2400168312.0,24.00168312,24.00168312,0.81,17.5539,1.1304
603087,甘李药业,北京,生物制药,主板,20200629,20260805,70.4,0.5714,615824826.0,42094624000.0,39505473920.0,420.94624,395.0547392,0.9,36.8094,3.5595
603088,宁波精达,浙江,机床制造,主板,20141111,20260805,9.39,1.2945,49767366.0,4717422381.0,4111616202.0,47.17422381,41.11616202,0.9,39.274,4.1053
603089,正裕工业,浙江,汽车配件,主板,20170126,20260805,8.63,-0.2312,16054987.0,2379457559.0,2071487379.0,23.79457559,20.71487379,0.86,22.5686,1.2606
603090,宏盛股份,江苏,专用机械,主板,20160831,20260805,39.2,4.2553,112412789.0,3920000000.0,3920000000.0,39.2,39.2,0.94,47.5813,6.0144
603091,众鑫股份,浙江,家居用品,主板,20240920,20260805,48.86,0.0205,35930664.0,6993541898.000001,2150734138.0,69.93541898000001,21.50734138,1.06,26.2688,3.0632
603092,德力佳,江苏,机械基件,主板,20251107,20260805,50.0,-1.9608,148221414.0,20000005000.0,1728585000.0,200.00005,17.28585,1.61,24.1729,3.4869
603093,南华期货,浙江,多元金融,主板,20190830,20260805,18.19,2.1336,215021384.0,13055415931.0,11097098721.0,130.55415931,110.97098721,1.23,26.8485,2.2677
603095,越剑智能,浙江,纺织机械,主板,20200415,20260805,12.91,1.9747,51478947.0,3334255372.0,3334255372.0,33.34255372,33.34255372,1.3,39.0512,1.4265
603096,新经典,天津,出版业,主板,20170425,20260805,14.62,-1.1494,32942106.0,2254909852.0,2254909852.0,22.54909852,22.54909852,1.25,29.2833,1.197
603097,江苏华辰,江苏,电气设备,主板,20220512,20260805,20.55,3.8403,93895637.0,4725182745.0,4617108240.0,47.25182745,46.1710824,0.91,67.1297,4.3802
603098,森特股份,北京,装修装饰,主板,20161216,20260805,10.19,0.0982,40452851.0,5497708800.0,5490372000.0,54.977088,54.90372,0.82,53.3331,1.9238
603099,长白山,吉林,旅游景点,主板,20140822,20260805,38.6,-0.924,271695497.0,10512937740.0,10512937740.0,105.1293774,105.1293774,0.89,81.2766,6.9803
603100,川仪股份,重庆,电器仪表,主板,20140805,20260805,18.75,0.3747,71302701.0,9621997500.0,9591360000.0,96.219975,95.9136,0.7,14.9748,2.0086
603101,汇嘉时代,新疆,百货,主板,20160506,20260805,7.31,-0.1366,63362338.0,3438624000.0,3438624000.0,34.38624,34.38624,0.67,44.718,2.3442
603102,百合股份,山东,医疗保健,主板,20220125,20260805,33.75,-1.1134,18698474.0,2160000000.0,2160000000.0,21.6,21.6,0.77,16.8179,1.2837
603103,横店影视,浙江,影视音像,主板,20171012,20260805,15.21,0.7285,68470103.0,9646182000.0,9646182000.0,96.46182,96.46182,0.75,60.5867,7.5465
603105,芯能科技,浙江,电气设备,主板,20180709,20260805,7.3,-0.1368,63943598.0,3650083220.0,3650083220.0,36.5008322,36.5008322,1.04,18.1815,1.6984
603106,恒银科技,天津,IT设备,主板,20170920,20260805,9.13,0.9956,976676298.0,4752347600.0,4752347600.0,47.523476,47.523476,8.84,152.4934,3.5889
603107,上海汽配,上海,汽车配件,主板,20231101,20260805,12.29,0.0,47318766.0,4145847150.0000005,2681358460.0,41.4584715,26.8135846,0.63,26.5279,1.9018
603108,润达医疗,上海,医药商业,主板,20150527,20260805,10.49,2.0428,240296624.0,6342293861.999999,6342293861.999999,63.42293861999999,63.42293861999999,1.16,,1.7247
603109,神驰机电,重庆,电气设备,主板,20191231,20260805,17.12,0.7059,40599990.0,3575484608.0,3575484608.0,35.75484608,35.75484608,1.37,26.727,1.8137
603110,东方材料,安徽,染料涂料,主板,20171013,20260805,24.09,7.3051,437481192.0,4847551203.0,4847551203.0,48.47551203,48.47551203,1.24,,6.956
603111,康尼机电,江苏,运输设备,主板,20140801,20260805,5.82,0.1721,37652638.0,5017018674.0,4874804064.0,50.17018674,48.74804064,1.07,14.2739,1.2195
603112,华翔股份,山西,机械基件,主板,20200917,20260805,15.22,3.6079,102195399.0,8218212508.0,8136710930.0,82.18212508,81.3671093,1.36,14.7315,1.8176
603113,金能科技,山东,化工原料,主板,20170511,20260805,4.49,-0.4435,38115893.0,3809722794.0,3809722794.0,38.09722794,38.09722794,0.92,172.8633,0.5227
603115,海星股份,江苏,铝,主板,20190809,20260805,77.58,9.9957,581833943.0,18974718108.0,18974718108.0,189.74718108,189.74718108,0.88,92.0058,8.7644
603116,红蜻蜓,浙江,服饰,主板,20150629,20260805,5.9,2.6087,49405032.0,3399584720.0,3399584720.0,33.9958472,33.9958472,1.09,,1.3443
603117,万林物流,江苏,仓储物流,主板,20150629,20260805,3.63,-1.626,37638687.0,2175087651.0,2175087651.0,21.75087651,21.75087651,1.2,140.0602,2.1212
603118,共进股份,深圳,通信设备,主板,20150225,20260805,14.4,5.6493,2207720738.0,11336780160.0,11336780160.0,113.3678016,113.3678016,1.11,145.7492,2.2344
603119,浙江荣泰,浙江,汽车配件,主板,20230801,20260805,53.71,3.11,626082023.0,25397310600.0,25397310600.0,253.973106,253.973106,0.81,91.2325,12.042
603120,肯特催化,浙江,化工原料,主板,20250416,20260805,47.59,6.2514,192239529.0,4302136000.0,1803661000.0,43.02136,18.03661,1.16,52.189,3.6112
603121,华培动力,上海,汽车配件,主板,20190111,20260805,12.07,2.2881,69189755.0,4086101758.9999995,4086101758.9999995,40.861017589999996,40.861017589999996,0.97,,3.724
603122,合富中国,上海,医药商业,主板,20220216,20260805,11.26,0.2671,149764333.0,4482072276.0,4482072276.0,44.82072276,44.82072276,0.92,,4.294
603123,翠微股份,北京,多元金融,主板,20120503,20260805,9.15,0.4391,238800811.0,7308439889.999999,5968324485.000001,73.0843989,59.68324485000001,0.72,,4.4866
603124,江南新材,江西,铜,主板,20250320,20260805,118.7,7.7328,813587349.0,17299955240.0,9212164560.0,172.9995524,92.1216456,1.23,78.9536,8.972
603125,常青科技,江苏,化工原料,主板,20230410,20260805,22.61,10.0243,141256637.0,9153351004.0,9153351004.0,91.53351004,91.53351004,1.4,57.8837,3.6186
603126,中材节能,天津,环境保护,主板,20140731,20260805,6.02,-0.9868,60862893.0,3675210000.0,3675210000.0,36.7521,36.7521,1.21,268.0147,1.7913
603127,昭衍新药,北京,医疗保健,主板,20170825,20260805,46.3,4.3968,2095375342.0,34694821660.0,29063283210.0,346.9482166,290.6328321,0.9,116.4877,4.0547
603128,华贸物流,上海,仓储物流,主板,20120529,20260805,5.32,-0.5607,49122086.0,6964127380.0,6964127380.0,69.6412738,69.6412738,0.77,14.2604,1.1033
603129,春风动力,浙江,摩托车,主板,20170818,20260805,298.56,-0.6456,399426197.0,45823824768.0,45823824768.0,458.23824768,458.23824768,0.66,27.3514,5.725
603130,云中马,浙江,纺织,主板,20221118,20260805,41.0,0.0977,72336879.0,5638082200.0,5638082200.0,56.380822,56.380822,0.78,53.913,3.9296
603131,上海沪工,上海,专用机械,主板,20160607,20260805,15.36,1.5873,94181530.0,5174894592.0,5174894592.0,51.74894592,51.74894592,1.0,,3.1341
603132,金徽股份,甘肃,铅锌,主板,20220222,20260805,18.34,7.1888,215546063.0,17936520000.0,17936520000.0,179.3652,179.3652,1.86,33.077,5.2589
603135,中重科技,天津,专用机械,主板,20230410,20260805,9.36,2.2951,79947440.0,5936646456.0,5892476616.0,59.36646456,58.92476616,0.82,,2.0094
603136,天目湖,江苏,旅游景点,主板,20170927,20260805,8.9,-0.3359,23113089.0,2404127630.0,2404127630.0,24.0412763,24.0412763,0.75,25.2214,1.7402
603137,恒尚节能,江苏,装修装饰,主板,20230419,20260805,26.17,0.5765,896334970.0,4787364461.0,4787364461.0,47.87364461,47.87364461,0.99,,3.9999
603138,海量数据,北京,软件服务,主板,20170306,20260805,13.54,1.4993,132550407.0,3975490232.0,3904162866.0,39.75490232,39.04162866,0.96,,4.9145
603139,康惠股份,陕西,中成药,主板,20170421,20260805,34.93,3.8656,123061638.0,3488808400.0000005,3488808400.0000005,34.888084000000006,34.888084000000006,1.21,,6.3921
603150,万朗磁塑,安徽,塑料,主板,20220124,20260805,49.83,2.4465,75303931.0,4259617890.0,4259617890.0,42.5961789,42.5961789,1.0,38.2611,2.4473
603151,邦基科技,山东,饲料,主板,20221019,20260805,12.43,-0.0804,38167929.0,2129032774.0,2129032774.0,21.29032774,21.29032774,0.89,19.2066,1.5388
603153,上海建科,上海,建筑工程,主板,20230313,20260805,13.34,-0.522,21553068.0,5467547074.0,5386427868.0,54.67547074,53.86427868,0.75,14.8526,1.407
603155,新亚强,江苏,化工原料,主板,20200901,20260805,13.17,4.2755,153152743.0,6030423153.0,6030423153.0,60.30423153,60.30423153,0.96,73.6373,2.6862
603156,养元饮品,河北,软饮料,主板,20180212,20260805,45.07,0.6027,754705240.0,56800711432.0,56800711432.0,568.00711432,568.00711432,1.16,45.0853,5.7312
603158,腾龙股份,江苏,汽车配件,主板,20150320,20260805,10.6,6.5327,305900846.0,5202163060.0,5202163060.0,52.0216306,52.0216306,1.35,100.2406,2.2897
603159,上海亚虹,上海,专用机械,主板,20160812,20260805,18.58,0.4324,37249613.0,2601200000.0,2601200000.0,26.012,26.012,0.92,,5.2459
603160,汇顶科技,深圳,半导体,主板,20161017,20260805,53.27,1.1008,340983238.0,24822903756.0,24822903756.0,248.22903756,248.22903756,0.98,29.6535,2.647
603161,科华控股,江苏,汽车配件,主板,20180105,20260805,14.4,2.7837,82411356.0,2799472320.0,2746782720.0,27.9947232,27.4678272,1.06,28.7113,1.8313
603162,海通发展,福建,水运,主板,20230329,20260805,11.19,4.287,486333202.0,15383954931.0,4724970786.0,153.83954931,47.24970786,1.17,33.0838,3.1572
603163,圣晖集成,江苏,建筑工程,主板,20221013,20260805,77.87,5.6581,345790214.0,7787000000.0,7787000000.0,77.87,77.87,1.03,50.3862,6.5151
603165,荣晟环保,浙江,造纸,主板,20170117,20260805,13.87,0.4345,67319265.0,4337542908.0,4337542908.0,43.37542908,43.37542908,0.93,19.3857,1.6133
603166,福达股份,广西,汽车配件,主板,20141127,20260805,11.84,5.7143,240358030.0,7644504288.0,7586073888.0,76.44504288,75.86073888,2.01,24.1464,2.7962
603167,渤海轮渡,山东,水运,主板,20120906,20260805,8.78,-0.3405,32199357.0,4119088710.0,4119088710.0,41.1908871,41.1908871,0.71,15.6463,1.1631
603168,莎普爱思,浙江,化学制药,主板,20140702,20260805,5.31,-1.3011,44166926.0,1986611715.0,1978049340.0,19.86611715,19.7804934,1.21,,1.4992
603169,兰石重装,甘肃,专用机械,主板,20141009,20260805,7.09,1.5759,147180898.0,9261608862.0,9261608862.0,92.61608862,92.61608862,0.75,,3.4829
603170,宝立食品,上海,食品,主板,20220715,20260805,13.13,-0.1521,37051838.0,5252131300.0,5252131300.0,52.521313,52.521313,0.41,20.0004,3.3932
603171,税友股份,浙江,软件服务,主板,20210630,20260805,50.0,3.584,842206806.0,20317250000.0,20294500000.0,203.1725,202.945,1.06,149.1262,7.8863
603172,万丰股份,浙江,染料涂料,主板,20230510,20260805,16.84,1.3237,28054085.0,2246119200.0,2246119200.0,22.461192,22.461192,0.83,46.5432,2.0196
603173,福斯达,浙江,机械基件,主板,20230130,20260805,32.38,0.4031,24341135.0,5180800000.0,5180800000.0,51.808,51.808,1.03,12.2958,2.4937
603175,超颖电子,湖北,元器件,主板,20251024,20260805,83.76,7.3708,299022541.0,36605574168.0,3808918992.0,366.05574168,38.08918992,1.41,158.2262,13.3653
603176,汇通集团,河北,建筑工程,主板,20211231,20260805,4.53,0.8909,21587326.0,2152825875.0,2092028745.0,21.52825875,20.92028745,1.31,54.527,2.0142
603177,德创环保,浙江,环境保护,主板,20170207,20260805,8.92,-1.4365,38135830.0,1821392640.0,1821392640.0,18.2139264,18.2139264,1.05,,5.6403
603178,圣龙股份,浙江,汽车配件,主板,20170328,20260805,17.64,2.9772,349781194.0,4170305916.0,4170305916.0,41.70305916,41.70305916,1.08,,3.6432
603179,新泉股份,江苏,汽车配件,主板,20170317,20260805,39.72,0.8634,760527828.0,28367972364.0,28367972364.0,283.67972364,283.67972364,1.04,34.8043,3.7309
603180,金牌家居,福建,家居用品,主板,20170512,20260805,14.75,-0.4051,15244375.0,2275292225.0,2275292225.0,22.75292225,22.75292225,0.9,103.9854,0.8432
603181,皇马科技,浙江,化工原料,主板,20170824,20260805,13.23,1.7692,103905734.0,7788501000.0,7788501000.0,77.88501,77.88501,1.12,17.8388,2.1552
603182,嘉华股份,山东,食品,主板,20220909,20260805,12.06,0.2494,19243608.0,1984473000.0,1984473000.0,19.84473,19.84473,0.96,20.9552,1.7521
603183,建研院,江苏,建筑工程,主板,20170905,20260805,4.44,5.9666,123994738.0,2207360652.0,2207360652.0,22.07360652,22.07360652,1.47,302.1318,1.3817
603185,弘元绿能,江苏,电气设备,主板,20181228,20260805,16.3,3.0341,324066192.0,11134151839.999998,11068061860.0,111.34151839999998,110.6806186,0.96,59.5925,0.9435
603186,华正新材,浙江,元器件,主板,20170103,20260805,119.31,10.0037,1649650105.0,18706674555.0,18706674555.0,187.06674555,187.06674555,0.94,67.6031,7.9882
603187,海容冷链,山东,机械基件,主板,20181129,20260805,12.02,-0.4967,80662436.0,4644499152.0,4595990038.0,46.44499152,45.95990038,0.89,11.953,1.0785
603188,亚邦股份,江苏,染料涂料,主板,20140909,20260805,4.01,-0.4963,37215266.0,2286381700.0,2286381700.0,22.863817,22.863817,0.91,,3.243
603189,*ST网达,上海,软件服务,主板,20160914,20260805,9.61,3.1116,46259751.0,2590359163.0,2590359163.0,25.90359163,25.90359163,1.52,492.2639,1.7554
603190,亚通精工,山东,汽车配件,主板,20230217,20260805,16.36,0.9254,36395441.0,2852464160.0000005,941711048.0,28.524641600000006,9.41711048,0.92,25.735,1.2671
603191,望变电气,重庆,电气设备,主板,20220428,20260805,14.24,-0.4196,112139346.0,4698695904.0,4698695904.0,46.98695904,46.98695904,0.86,67.8578,1.8772
603192,汇得科技,上海,化工原料,主板,20180828,20260805,22.67,-0.1322,75586683.0,3790274378.0,3160345355.0,37.90274378,31.60345355,0.88,46.627,1.7263
603193,润本股份,广东,日用化工,主板,20231017,20260805,21.41,0.0467,55049367.0,8662342553.0,2212430183.0,86.62342553,22.12430183,0.48,27.5431,3.8099
603194,中力股份,浙江,工程机械,主板,20241224,20260805,34.92,-0.8518,44433498.0,14002920000.0,5518299348.0,140.0292,55.18299348,0.89,16.3089,2.5372
603195,公牛集团,浙江,家用电器,主板,20200206,20260805,41.49,-0.8602,221997543.0,74824978689.0,74688779466.0,748.24978689,746.88779466,0.76,18.3817,4.1998
603196,璞源材料,上海,服饰,主板,20170531,20260805,20.14,1.7172,42828934.0,8432366250.0,4772944362.0,84.3236625,47.72944362,1.1,468.7557,4.2303
603197,保隆科技,上海,汽车配件,主板,20170519,20260805,30.37,1.2333,129670362.0,6499957472.0,6412689277.0,64.99957472,64.12689277,1.18,30.563,2.0245
603198,迎驾贡酒,安徽,白酒,主板,20150528,20260805,36.81,-0.7817,236484504.0,29448000000.0,29448000000.0,294.48,294.48,0.72,14.8304,2.5674
603199,九华旅游,安徽,旅游景点,主板,20150326,20260805,32.36,-0.0618,52708811.0,3581604800.0,3581604800.0,35.816048,35.816048,0.98,16.8289,2.0802
603200,上海洗霸,上海,环境保护,主板,20170601,20260805,38.18,2.0856,317258066.0,6699830218.0,6699830218.0,66.99830218,66.99830218,0.74,74.4731,6.0924
603201,常润股份,江苏,汽车配件,主板,20220729,20260805,17.6,10.0,107145457.0,3343642720.0,3315042720.0,33.4364272,33.1504272,1.11,15.4999,1.8695
603202,天有为,黑龙江,汽车配件,主板,20250424,20260805,54.07,-0.4786,72849730.0,8651200000.0,2715049352.0,86.512,27.15049352,0.77,9.3838,1.2585
603203,快克智能,江苏,专用机械,主板,20161108,20260805,41.79,7.0166,640277417.0,13791184764.0,13633360650.0,137.91184764,136.3336065,1.36,99.6529,9.2012
603205,健尔康,江苏,医疗保健,主板,20241107,20260805,21.04,-0.1898,12303504.0,3282240000.0,869793600.0,32.8224,8.697936,0.84,29.454,2.1556
603206,嘉环科技,江苏,通信设备,主板,20220506,20260805,15.54,9.9788,108706369.0,4742808000.0,4742808000.0,47.42808,47.42808,1.6,89.0949,2.0807
603207,小方制药,上海,化学制药,主板,20240826,20260805,22.5,-0.3543,25178575.0,3615147000.0,1228565250.0,36.15147,12.2856525,0.9,17.4233,3.1422
603208,江山欧派,浙江,家居用品,主板,20170210,20260805,10.89,0.2762,18781152.0,1915325577.0,1915325577.0,19.15325577,19.15325577,0.85,,1.8894
603209,兴通股份,福建,水运,主板,20220324,20260805,13.67,1.1095,45955612.0,4442750000.0,4394790172.0,44.4275,43.94790172,0.84,16.4553,1.2808
603210,泰鸿万立,浙江,汽车配件,主板,20250409,20260805,13.7,0.5136,39451976.0,4663480000.0,3187681750.0,46.6348,31.8768175,1.03,23.2267,2.4062
603211,晋拓股份,上海,汽车配件,主板,20220725,20260805,25.6,5.567,268572613.0,6958284800.0,6958284800.0,69.582848,69.582848,0.75,101.0985,5.5542
603212,赛伍技术,江苏,塑料,主板,20200430,20260805,11.22,1.8149,132392646.00000001,4908644532.0,4908644532.0,49.08644532,49.08644532,0.96,,2.0532
603213,镇洋发展,浙江,化工原料,主板,20211111,20260805,13.86,-0.216,24838836.0,6166225296.0,6166225296.0,61.66225296,61.66225296,0.75,81.5443,3.2139
603214,爱婴室,上海,百货,主板,20180330,20260805,13.34,-0.3734,39450081.0,1848123599.9999998,1848123599.9999998,18.481236,18.481236,0.94,22.6884,1.5545
603215,比依股份,浙江,家用电器,主板,20220218,20260805,14.05,-0.9168,15433386.0,3015061155.0,2630559020.0,30.15061155,26.3055902,0.82,37.0066,2.453
603216,梦天家居,浙江,家居用品,主板,20211215,20260805,20.96,3.6085,90448579.0,4667582400.0,4667582400.0,46.675824,46.675824,1.01,72.0194,2.5809
603217,元利科技,山东,化工原料,主板,20190620,20260805,22.57,2.1267,97635049.0,4696537132.0,4696537132.0,46.96537132,46.96537132,1.32,24.3191,1.3563
603218,日月股份,浙江,电气设备,主板,20161228,20260805,10.13,-0.8806,96946446.0,10432345045.0,10423126745.0,104.32345045,104.23126745,0.86,18.8532,1.0001
603219,富佳股份,浙江,家用电器,主板,20211122,20260805,14.91,4.8523,71958111.0,8370474000.0,8370474000.0,83.70474,83.70474,1.09,78.164,5.1787
603220,中贝通信,湖北,通信设备,主板,20181115,20260805,19.58,2.8902,773291913.0,10501893555.999998,10501893555.999998,105.01893555999997,105.01893555999997,1.72,129.0636,2.7267
603222,济民健康,浙江,医疗保健,主板,20150217,20260805,8.55,-1.3841,627257310.0,4489524630.0,4489524630.0,44.8952463,44.8952463,3.7,,4.0341
603223,恒通股份,山东,公路,主板,20150630,20260805,10.91,1.4884,116477212.0,7700520202.0,7700520202.0,77.00520202,77.00520202,0.77,28.9273,1.8838
603225,新凤鸣,浙江,化纤,主板,20170418,20260805,19.25,1.9597,288994243.0,32291755650.0,32119504725.0,322.9175565,321.19504725,0.94,31.7093,1.5353
603226,菲林格尔,上海,家居用品,主板,20170615,20260805,47.53,2.5901,139751034.0,16896525254.0,16896525254.0,168.96525254,168.96525254,0.87,,19.8412
603227,雪峰科技,新疆,化工原料,主板,20150515,20260805,7.67,-1.0323,59205177.0,8219883009.0,8219883009.0,82.19883009,82.19883009,0.91,16.3199,1.5734
603228,景旺电子,深圳,元器件,主板,20170106,20260805,78.47,-1.9125,4690904804.0,78563857967.0,77050752345.0,785.63857967,770.50752345,1.21,63.8227,5.9052
603229,奥翔药业,浙江,化学制药,主板,20170509,20260805,7.77,-0.8929,45689416.0,6451408467.0,6451408467.0,64.51408467,64.51408467,0.76,49.4095,2.7253
603230,内蒙新华,内蒙,出版业,主板,20211224,20260805,9.11,-0.4372,15359805.0,3220594530.0,3220594530.0,32.2059453,32.2059453,0.75,18.4247,1.1376
603231,索宝蛋白,浙江,食品,主板,20231215,20260805,15.05,0.0665,38975972.0,2881459454.9999995,1599303299.9999998,28.814594549999995,15.993032999999997,1.51,15.1883,1.4229
603232,格尔软件,上海,软件服务,主板,20170421,20260805,15.66,0.8371,192713436.0,3641664096.0,3622158000.0,36.41664096,36.22158,0.79,,2.7999
603233,大参林,广东,医药商业,主板,20170731,20260805,18.26,-1.7751,172754784.0,20795483170.0,20795483170.0,207.9548317,207.9548317,0.94,16.8351,2.7072
603235,天新药业,江西,化学制药,主板,20220712,20260805,23.6,-1.9119,16589615.000000002,10331608000.0,10331608000.0,103.31608,103.31608,2.18,17.4645,2.0404
603236,移远通信,上海,通信设备,主板,20190716,20260805,47.32,2.0047,541017395.0,19067726496.0,19067726496.0,190.67726496,190.67726496,0.94,22.7791,2.7257
603237,五芳斋,浙江,食品,主板,20220831,20260805,14.4,0.6993,14248025.0,2822568480.0,2733219360.0,28.2256848,27.3321936,0.82,23.2084,1.7425
603238,诺邦股份,浙江,纺织,主板,20170222,20260805,11.79,-0.3381,33805496.0,2092831110.0,2092831110.0,20.9283111,20.9283111,0.97,17.8393,1.3992
603239,浙江仙通,浙江,汽车配件,主板,20161230,20260805,14.62,2.3093,59896538.0,3957926400.0,3957926400.0,39.579264,39.579264,1.02,17.8361,2.8762
603248,锡华科技,江苏,机械基件,主板,20251223,20260805,19.19,-0.7756,80644791.0,8827400000.0,1372180950.0,88.274,13.7218095,0.96,43.8457,3.7788
603255,鼎际得,辽宁,化工原料,主板,20220818,20260805,27.04,1.9992,44075734.0,3639356864.0,1640657408.0,36.39356864,16.40657408,0.79,318.6494,2.2965
603256,宏和科技,上海,玻璃,主板,20190719,20260805,138.11,10.004,2845651280.0,124932427704.0,121499165025.0,1249.32427704,1214.99165025,0.86,618.7428,45.0762
603257,中国瑞林,江西,建筑工程,主板,20250408,20260805,65.9,1.7289,83425713.0,7908000000.0,1640910000.0,79.08,16.4091,1.04,49.0173,3.0806
603258,电魂网络,浙江,互联网,主板,20161026,20260805,13.44,-0.1486,64154424.0,3262758912.0,3243628416.0,32.62758912,32.43628416,0.51,,1.6741
603259,药明康德,江苏,化学制药,主板,20180508,20260805,147.5,4.3509,19740160899.0,440104187000.0,364808829500.0,4401.04187,3648.088295,2.2,22.9812,5.2812
603260,合盛硅业,浙江,化工原料,主板,20171030,20260805,35.21,0.0568,427726040.0,41625504949.0,41625504949.0,416.25504949,416.25504949,1.0,,1.4148
603261,立航科技,四川,航空,主板,20220315,20260805,51.16,2.6279,179491861.0,3965155800.0,3965155800.0,39.651558,39.651558,1.4,,7.9327
603262,技源集团,江苏,食品,主板,20250723,20260805,19.34,0.7292,145331397.0,7736193400.0,2018086452.0,77.361934,20.18086452,3.05,57.8664,4.9265
603266,天龙股份,浙江,汽车配件,主板,20170110,20260805,15.85,2.1921,30307082.0,3152355780.0,3152355780.0,31.5235578,31.5235578,1.03,29.7136,1.9426
603267,鸿远电子,北京,元器件,主板,20190515,20260805,52.19,2.8374,747770472.0,12060112171.0,12060112171.0,120.60112171,120.60112171,1.01,48.2602,2.6694
603268,松发股份,广东,船舶,主板,20150319,20260805,172.87,10.0032,1547802016.0,176105590502.99997,40321892926.0,1761.0559050299996,403.21892926,1.16,66.3396,16.6998
603269,海鸥股份,江苏,机械基件,主板,20170517,20260805,12.56,2.0309,384800102.0,5425235479.999999,5425235479.999999,54.25235479999999,54.25235479999999,1.36,46.8988,5.2559
603270,金帝股份,山东,机械基件,主板,20230901,20260805,25.28,1.7713,109442838.0,5539017376.0,1787718176.0,55.39017376,17.87718176,1.33,37.634,2.411
603271,永杰新材,浙江,铝,主板,20250311,20260805,43.12,2.4715,102775220.0,8543581200.0,4078117120.0,85.435812,40.7811712,1.01,20.5735,2.8075
603272,*ST联翔,浙江,家居用品,主板,20220520,20260805,16.97,-1.1072,87581144.0,1758550190.0,1758550190.0,17.5855019,17.5855019,0.9,,3.2637
603273,天元智能,江苏,专用机械,主板,20231023,20260805,14.04,-0.4961,31066676.0,3024684936.0,787059936.0,30.24684936,7.87059936,0.84,118.8928,3.4091
603275,众辰科技,上海,电器仪表,主板,20230823,20260805,36.59,0.9101,29887377.0,5443563821.0,1519802239.9999998,54.43563821,15.198022399999997,1.08,30.335,1.804
603276,恒兴新材,江苏,化工原料,主板,20230925,20260805,15.17,3.1271,46663919.0,3150042915.0,1144992158.0,31.50042915,11.44992158,1.35,52.4755,1.7527
603277,银都股份,浙江,专用机械,主板,20170911,20260805,10.78,-0.4617,17360880.0,6615678454.0,6573061880.0,66.15678454,65.7306188,0.98,13.5929,2.3199
603278,大业股份,山东,钢加工,主板,20171113,20260805,9.43,2.0563,215649915.0,3222791142.0,3222791142.0,32.22791142,32.22791142,1.08,,1.6645
603279,景津装备,山东,环境保护,主板,20190729,20260805,13.06,0.0,79789345.0,7527431380.0,7527431380.0,75.2743138,75.2743138,0.77,14.4602,1.6217
603280,南方路机,福建,工程机械,主板,20221108,20260805,25.69,0.8638,43710611.0,2784968123.0,2784968123.0,27.84968123,27.84968123,1.2,29.4163,2.0078
603281,江瀚新材,湖北,化工原料,主板,20230131,20260805,21.03,2.0378,70585190.0,10906931904.0,10906931904.0,109.06931904,109.06931904,0.99,26.0775,2.2267
603282,亚光股份,浙江,专用机械,主板,20230315,20260805,14.47,-1.4976,19997302.0,1936375400.0,1936375400.0,19.363754,19.363754,1.06,20.1875,1.4704
603283,赛腾股份,江苏,专用机械,主板,20171225,20260805,41.96,6.9317,1000170709.0,14791999352.0,14791999352.0,147.91999352,147.91999352,1.01,30.4969,4.1523
603284,林平发展,安徽,造纸,主板,20260210,20260805,38.77,-0.7932,58802993.0,2923831795.9999995,716213717.9999999,29.238317959999996,7.162137179999998,0.93,15.7795,1.3208
603285,键邦股份,山东,化工原料,主板,20240705,20260805,32.6,3.3281,183604626.0,5216000000.0,2030875680.0,52.16,20.3087568,1.09,38.3973,3.0288
603286,日盈电子,江苏,汽车配件,主板,20170627,20260805,41.33,2.6068,214455377.0,4876679621.0,4830823986.0,48.76679621,48.30823986,1.25,,6.0213
603288,海天味业,广东,食品,主板,20140211,20260805,36.97,-0.9644,729906621.0,216341966553.0,205575400485.0,2163.41966553,2055.75400485,0.84,30.7371,5.1482
603289,泰瑞机器,浙江,专用机械,主板,20171031,20260805,8.22,0.489,24496870.0,2411730738.0,2411730738.0,24.11730738,24.11730738,0.93,26.5213,1.6216
603290,斯达半导,浙江,半导体,主板,20200204,20260805,86.33,4.2633,877800706.0,20673747255.0,20673747255.0,206.73747255,206.73747255,1.49,51.0169,2.9686
603291,联合水务,江苏,水务,主板,20230327,20260805,8.72,1.5134,48651022.0,3690483632.0,3690483632.0,36.90483632,36.90483632,1.24,36.4148,2.0209
603293,埃泰克,安徽,汽车配件,主板,20260416,20260805,37.49,2.4597,108802421.0,6714106594.0,1315767784.9999998,67.14106594,13.157677849999997,1.63,27.0296,4.3179
603296,华勤技术,上海,元器件,主板,20230808,20260805,80.04,4.5591,2378887040.0,121356768060.0,63919631844.0,1213.5676806,639.19631844,0.94,29.9329,4.5329
603297,永新光学,浙江,元器件,主板,20180910,20260805,102.22,9.9968,203990508.0,11318728602.0,11318728602.0,113.18728602,113.18728602,0.92,51.4817,5.3795
603298,杭叉集团,浙江,工程机械,主板,20161227,20260805,27.23,0.4797,158001221.0,35666180760.0,35666180760.0,356.6618076,356.6618076,0.79,16.2761,2.9631
603299,苏盐井神,江苏,食品,主板,20151231,20260805,9.26,0.2165,36326592.0,8841077600.0,7227487412.0,88.410776,72.27487412,0.69,16.9331,1.0785
603300,海南华铁,浙江,多元金融,主板,20150529,20260805,5.11,-0.5837,226427710.0,10215851702.0,10215851702.0,102.15851702,102.15851702,0.82,19.3793,1.5312
603301,振德医疗,浙江,医疗保健,主板,20180412,20260805,87.78,1.129,219506358.0,23163052836.000004,23163052836.000004,231.63052836000003,231.63052836000003,1.0,88.8095,4.046
603303,得邦照明,浙江,家用电器,主板,20170330,20260805,19.93,2.732,54251629.0,9505505878.0,9505505878.0,95.05505878,95.05505878,0.66,35.9675,2.9513
603305,旭升集团,浙江,汽车配件,主板,20170710,20260805,12.03,-0.2488,285352840.0,13903174458.000002,13903174458.000002,139.03174458,139.03174458,1.04,38.0779,1.486
603306,华懋科技,福建,汽车配件,主板,20140926,20260805,67.46,9.9951,990448396.0,22227779922.000004,22227779922.000004,222.27779922000005,222.27779922000005,1.01,102.0724,6.9157
603307,扬州金泉,江苏,文教休闲,主板,20230216,20260805,23.85,-1.4463,17701601.0,2354274045.0,2317027500.0,23.54274045,23.170275,0.96,21.5565,1.6286
603308,应流股份,安徽,机械基件,主板,20140122,20260805,47.69,4.8823,955919379.0,32383927883.0,32383927883.0,323.83927883,323.83927883,1.06,92.886,6.3697
603309,维力医疗,广东,医疗保健,主板,20150302,20260805,11.66,1.6565,103467178.0,3403220524.0,3403220524.0,34.03220524,34.03220524,1.16,44.587,1.9134
603310,巍华新材,浙江,化工原料,主板,20240814,20260805,14.71,0.1361,28570306.0,5079951400.0,2853887100.0,50.799514,28.538871,1.24,30.0196,1.2487
603311,金海高科,浙江,家用电器,主板,20150518,20260805,28.16,3.3394,175124112.0,6642490624.000001,6642490624.000001,66.42490624000001,66.42490624000001,1.16,84.626,4.9264
603312,西典新能,江苏,电气设备,主板,20240111,20260805,32.21,0.4365,20694433.0,5153583895.0,1640117095.0,51.53583895,16.40117095,0.84,19.7576,2.7951
603313,梦百合,江苏,家居用品,主板,20161013,20260805,5.85,1.5625,110364599.0,3337933364.9999995,3337933364.9999995,33.37933364999999,33.37933364999999,0.96,,0.9826
603315,福鞍股份,辽宁,环境保护,主板,20150424,20260805,12.3,1.569,71706662.0,3940505490.0,3940505490.0,39.4050549,39.4050549,0.71,82.6871,2.2662
603316,诚邦股份,浙江,建筑工程,主板,20170619,20260805,13.46,5.5686,210891274.0,3634186540.0,3556993440.0,36.3418654,35.5699344,1.18,,6.576
603317,天味食品,四川,食品,主板,20190416,20260805,14.83,-0.6698,185537971.0,15750603393.000002,15750603393.000002,157.50603393000003,157.50603393000003,0.63,27.6467,3.3113
603318,水发燃气,辽宁,供气供热,主板,20150424,20260805,8.98,2.3945,347306780.0,4980965336.0,4122456682.0,49.80965336,41.22456682,0.87,,2.65
603319,美湖股份,湖南,汽车配件,主板,20161130,20260805,25.05,6.5957,489588338.0,8495699985.0,8495699985.0,84.95699985,84.95699985,1.3,81.7896,3.4499
603320,迪贝电气,浙江,电气设备,主板,20170502,20260805,16.54,0.7308,28106628.0,2466878148.0,2466878148.0,24.66878148,24.66878148,0.75,30.6269,2.0624
603321,梅轮电梯,浙江,运输设备,主板,20170915,20260805,6.08,-1.4587,25463782.0,2121248160.0,2094952159.9999998,21.2124816,20.949521599999997,0.95,65.7657,1.4657
603322,超讯科技,广东,通信设备,主板,20160728,20260805,27.29,3.5674,152115927.0,4300543772.0,4300543772.0,43.00543772,43.00543772,1.03,,16.345
603323,苏农银行,江苏,银行,主板,20161129,20260805,4.29,-1.6055,125872433.0,9525497124.0,9525497124.0,95.25497124,95.25497124,0.73,4.6619,0.4919
603324,盛剑科技,上海,环境保护,主板,20210407,20260805,26.24,5.8918,213932160.0,3875112704.0,3875112704.0,38.75112704,38.75112704,1.04,,2.3765
603325,博隆技术,上海,化工机械,主板,20240110,20260805,53.88,0.0186,16795374.0,4310615520.0,1841790816.0,43.1061552,18.41790816,0.76,10.5098,1.5559
603326,我乐家居,江苏,家居用品,主板,20170616,20260805,6.52,-0.6098,27189680.0,2081033388.0,2081033388.0,20.81033388,20.81033388,0.54,11.9344,1.7457
603327,福蓉科技,四川,元器件,主板,20190523,20260805,9.2,2.3359,403360421.0,9618226480.0,9618226480.0,96.1822648,96.1822648,0.83,81.2648,3.8416
603328,依顿电子,广东,元器件,主板,20140701,20260805,9.93,1.3265,192629269.0,9914535018.0,9914535018.0,99.14535018,99.14535018,0.88,21.2907,2.2907
603329,上海雅仕,上海,仓储物流,主板,20171229,20260805,9.84,-0.4049,31681469.0,2460503808.0,2030809704.0,24.60503808,20.30809704,0.68,64.6503,1.6691
603330,天洋新材,上海,塑料,主板,20170213,20260805,7.2,1.4085,101193469.0,3115249920.0000005,2928335040.0,31.152499200000005,29.2833504,0.7,,2.3904
603331,百达精工,浙江,专用机械,主板,20170705,20260805,11.96,1.0135,66942670.0,2418020176.0,2418020176.0,24.18020176,24.18020176,1.07,,2.3209
603332,苏州龙杰,江苏,化纤,主板,20190117,20260805,10.85,-0.55,44533173.0,2347367120.0,2347367120.0,23.4736712,23.4736712,1.12,30.6306,1.7768
603333,福华尚纬,四川,电气设备,主板,20120507,20260805,8.65,0.6985,167872505.0,5376213740.0,5376213740.0,53.7621374,53.7621374,1.29,,2.6334
603334,丰倍生物,江苏,化工原料,主板,20251105,20260805,32.93,-0.2121,64036679.0,4725455000.0,1047723931.0,47.25455,10.47723931,0.89,33.6201,2.7169
603335,迪生力,广东,汽车配件,主板,20170620,20260805,6.69,10.0329,169323747.0,2864287374.0,2864287374.0,28.64287374,28.64287374,1.72,59.081,10.146
603336,宏辉果蔬,广东,农业综合,主板,20161124,20260805,9.84,-1.8943,408636884.0,5989793976.0,5989793976.0,59.89793976,59.89793976,1.22,336.2604,4.1685
603337,杰克科技,浙江,纺织机械,主板,20170119,20260805,46.28,0.8059,274570917.0,22047241268.000004,21614139144.0,220.47241268000005,216.14139144,0.73,25.7579,4.1031
603338,浙江鼎力,浙江,工程机械,主板,20150325,20260805,56.99,0.2463,365190814.0,28856766821.0,28856766821.0,288.56766821,288.56766821,0.94,15.1941,2.4364
603339,四方科技,江苏,专用机械,主板,20160519,20260805,13.7,3.9454,145744201.0,4239344440.0,4239344440.0,42.3934444,42.3934444,1.29,27.4552,1.5201
603341,龙旗科技,上海,通信设备,主板,20240301,20260805,36.83,2.8771,391750025.0,19247011798.0,9848426709.0,192.47011798,98.48426709,0.99,32.8943,2.6648
603344,星德胜,江苏,电气设备,主板,20240320,20260805,22.58,1.8034,28756284.0,4392509980.0,1220019980.0,43.9250998,12.2001998,0.92,25.3067,2.0246
603345,安井食品,福建,食品,主板,20170222,20260805,85.11,-0.8042,581612903.0,28366218279.0,24962269362.0,283.66218279,249.62269362,0.88,20.8692,1.7669
603348,文灿股份,广东,汽车配件,主板,20180426,20260805,14.57,0.6215,91072055.0,4581932804.0,4581932804.0,45.81932804,45.81932804,1.35,,1.1769
603350,安乃达,上海,电气设备,主板,20240703,20260805,27.63,-0.1806,21054913.0,3218729220.0,1219159935.0,32.1872922,12.19159935,1.05,27.9801,2.3575
603351,威尔药业,江苏,化学制药,主板,20190130,20260805,24.1,0.6263,25176035.0,3264082310.0000005,3264082310.0000005,32.640823100000006,32.640823100000006,0.96,21.6209,1.7795
603352,至信股份,重庆,汽车配件,主板,20260115,20260805,27.44,1.5168,94628883.0,6219731504.0,1243945752.0,62.19731504,12.43945752,1.01,27.3445,2.104
603353,和顺石油,湖南,石油贸易,主板,20200407,20260805,29.54,2.9268,95485970.0,5034147720.0,5034147720.0,50.3414772,50.3414772,0.75,,3.1324
603355,莱克电气,江苏,家用电器,主板,20150513,20260805,29.03,1.6101,112754952.0,16645712007.0,16645712007.0,166.45712007,166.45712007,1.21,20.8244,2.9451
603356,华菱精工,安徽,运输设备,主板,20180124,20260805,15.78,2.2683,44514204.0,2104105200.0,2104105200.0,21.041052,21.041052,0.96,,6.9662
603357,设计总院,安徽,建筑工程,主板,20170801,20260805,6.08,-0.1642,29509612.0,3408103264.0,3408103264.0,34.08103264,34.08103264,1.31,9.3189,0.8539
603358,华达科技,江苏,汽车配件,主板,20170125,20260805,41.73,5.3522,717506763.0,19602375390.0,19269687138.0,196.0237539,192.69687138,1.24,77.3145,5.5289
603359,*ST东珠,江苏,建筑工程,主板,20170901,20260805,2.26,-0.4405,20873060.0,1008176960.0,1008176960.0,10.0817696,10.0817696,1.01,,0.7185
603360,百傲化学,辽宁,农药化肥,主板,20170206,20260805,13.77,2.7612,134928084.0,9724700349.0,9724700349.0,97.24700349,97.24700349,0.77,46.3578,6.8967
603363,傲农生物,福建,饲料,主板,20170926,20260805,2.87,0.7018,63077891.0,7838147653.0,6160712439.0,78.38147653,61.60712439,1.05,100.979,2.5303
603365,水星家纺,上海,纺织,主板,20171120,20260805,17.83,0.1685,31059181.0,4680309029.0,4656013871.0,46.80309029,46.56013871,0.63,11.5043,1.4447
603366,日出东方,江苏,家用电器,主板,20120521,20260805,6.9,-0.1447,85099274.0,5610031890.0,5610031890.0,56.1003189,56.1003189,0.73,32.1129,1.3096
603367,辰欣药业,山东,化学制药,主板,20170929,20260805,14.54,-0.9537,192997433.0,6583044614.0,6583044614.0,65.83044614,65.83044614,1.07,15.6274,1.0413
603368,柳药集团,广西,医药商业,主板,20141204,20260805,15.45,-0.898,65721819.0,6136916130.0,6136916130.0,61.3691613,61.3691613,1.18,8.6501,0.7814
603369,今世缘,江苏,白酒,主板,20140703,20260805,27.45,-0.5435,384547609.0,34224660000.0,34224660000.0,342.2466,342.2466,0.78,13.1447,1.9069
603370,华新精科,江苏,电气设备,主板,20250905,20260805,35.26,5.7588,48516841.0,6168737000.0,1233747400.0,61.68737,12.337474,2.17,37.3022,3.1334
603373,安邦护卫,浙江,仓储物流,主板,20231220,20260805,37.76,3.3671,194119826.0,5684303552.0,2401619072.0,56.84303552,24.01619072,2.42,44.9006,3.0379
603375,盛景微,江苏,半导体,主板,20240124,20260805,35.78,4.3453,105939449.0,3601850948.0,2282080602.0,36.01850948,22.82080602,1.09,355.8128,2.3257
603376,大明电子,浙江,汽车配件,主板,20251106,20260805,26.45,1.0313,70884296.0,10580026450.0,846421160.0,105.8002645,8.4642116,1.19,42.6863,6.0357
603377,ST东时,北京,汽车服务,主板,20160205,20260805,2.83,0.0,8149119.0,2045612924.0,2045612924.0,20.45612924,20.45612924,1.23,,
603378,*ST亚士,上海,染料涂料,主板,20170928,20260805,5.17,-1.5238,26938081.0,2215844422.0,2215844422.0,22.15844422,22.15844422,0.92,,
603379,三美股份,浙江,化工原料,主板,20190402,20260805,63.03,2.2716,667113977.0,38478491370.0,38478491370.0,384.7849137,384.7849137,1.05,18.6685,4.4635
603380,易德龙,江苏,元器件,主板,20170622,20260805,32.61,3.9528,95379520.0,5231987532.0,5231987532.0,52.31987532,52.31987532,0.89,23.5471,3.2429
603381,永臻股份,江苏,电气设备,主板,20240626,20260805,15.0,0.1335,65829827.99999999,3558844500.0,2132065500.0,35.588445,21.320655,1.03,,1.0642
603382,海阳科技,江苏,化纤,主板,20250612,20260805,18.25,-0.3821,42926091.0,3307838050.0,2107617674.9999998,33.0783805,21.07617675,0.62,28.8011,1.8678
603383,顶点软件,福建,软件服务,主板,20170522,20260805,30.68,0.7884,238488841.0,6300947952.000001,6300947952.000001,63.009479520000006,63.009479520000006,1.02,35.3583,4.0682
603385,惠达卫浴,河北,家居用品,主板,20170405,20260805,5.17,-0.9579,16669747.0,1968038050.0,1968038050.0,19.6803805,19.6803805,0.7,,0.5594
603386,骏亚科技,广东,元器件,主板,20170912,20260805,12.36,3.5176,118236798.0,4033347336.0,4033347336.0,40.33347336,40.33347336,1.08,,3.0812
603387,基蛋生物,江苏,医疗保健,主板,20170717,20260805,8.9,-1.5487,105997519.0,4513666150.0,4513666150.0,45.1366615,45.1366615,1.14,20.4552,1.5952
603389,亚振家居,江苏,家居用品,主板,20161215,20260805,44.96,3.2851,116167213.0,11813329920.0,11813329920.0,118.1332992,118.1332992,0.66,,58.9149
603390,通达电气,广东,汽车配件,主板,20191125,20260805,10.02,1.9329,74925274.0,3523553040.0,3517761480.0,35.2355304,35.1776148,1.36,41.3473,2.0593
603391,力聚热能,浙江,专用机械,主板,20240731,20260805,60.58,2.9222,154948604.0,5512780000.0,1378195000.0,55.1278,13.78195,2.4,24.4028,2.4296
603392,万泰生物,北京,生物制药,主板,20200429,20260805,29.97,-1.8343,167213030.0,37893852216.0,37893852216.0,378.93852216,378.93852216,1.06,,3.2055
603393,新天然气,新疆,供气供热,主板,20160912,20260805,25.4,-0.6648,273700042.0,10767601020.0,10767601020.0,107.6760102,107.6760102,1.49,13.3447,1.143
603395,红四方,安徽,农药化肥,主板,20241126,20260805,22.68,-0.7874,62160958.0,5896800000.0,1474200000.0,58.968,14.742,0.88,115.0843,4.1337
603396,金辰股份,辽宁,专用机械,主板,20171018,20260805,24.57,0.5731,61091865.0,3403620675.0,3403620675.0,34.03620675,34.03620675,0.82,60.8989,1.2995
603398,*ST沐邦,江西,电气设备,主板,20151209,20260805,9.52,2.9189,78694275.0,4128267080.0,4128267080.0,41.2826708,41.2826708,0.86,,57.7127
603399,永杉锂业,辽宁,小金属,主板,20120824,20260805,15.75,5.07,1037711243.0,8068576949.999999,8068576949.999999,80.68576949999999,80.68576949999999,0.97,,4.9824
603400,华之杰,江苏,机械基件,主板,20250620,20260805,44.97,-0.1332,433694295.0,5838459597.0,1629267597.0,58.38459597,16.29267597,1.11,46.9486,4.9091
603402,陕西旅游,陕西,旅游景点,主板,20260106,20260805,65.76,0.2439,102156848.0,6611069808.0,1652765808.0,66.11069808,16.52765808,0.81,17.2057,2.2505
603406,天富龙,江苏,化纤,主板,20250808,20260805,27.1,-0.6962,28351935.0,10840271000.0,993553750.0,108.40271,9.9355375,0.97,24.5319,2.3171
603407,长裕集团,山东,化工原料,主板,20260511,20260805,62.63,7.6302,558051786.0,25545223775.999996,2249168560.0,255.45223775999997,22.4916856,1.08,102.4662,16.2653
603408,建霖家居,福建,家居用品,主板,20200730,20260805,10.41,0.3857,29795372.0,4659234930.0,4659234930.0,46.5923493,46.5923493,0.62,10.572,1.3292
603409,汇通控股,安徽,汽车配件,主板,20250304,20260805,17.41,0.0575,35260042.0,3269213239.0,938015980.0,32.69213239,9.3801598,0.98,22.1811,2.1064
603416,信捷电气,江苏,电器仪表,主板,20161221,20260805,51.82,0.4848,135165364.0,8134480773.999999,7231278902.0,81.34480774,72.31278902,1.08,32.0046,2.9519
603418,友升股份,上海,汽车配件,主板,20250923,20260805,44.63,-0.2682,40669746.0,8616642692.0,1846102098.0,86.16642692,18.46102098,1.05,17.5749,1.8617
603421,鼎信通讯,山东,通信设备,主板,20161011,20260805,5.83,1.2153,57988943.0,3802270615.0,3802270615.0,38.02270615,38.02270615,1.05,,1.5799
603429,*ST集友,安徽,广告包装,主板,20170124,20260805,7.77,-0.3846,24410034.0,4075252334.9999995,4075252334.9999995,40.75252335,40.75252335,0.72,,3.2301
603435,嘉德利,福建,元器件,主板,20260522,20260805,53.21,6.7616,516806601.0,24432302675.0,1898931875.0,244.32302675,18.98931875,3.27,100.3296,17.1928
603439,三力制药,贵州,中成药,主板,20200428,20260805,10.8,2.5641,94530018.0,4361474160.0,4361474160.0,43.6147416,43.6147416,0.91,94.2935,2.9209
603444,吉比特,福建,互联网,主板,20170104,20260805,392.0,-0.1248,930273139.0,28240111200.0,28240111200.0,282.401112,282.401112,0.73,15.7444,4.7024
603456,九洲药业,浙江,医疗保健,主板,20141010,20260805,15.46,-1.7165,380477828.0,13631236600.0,13631236600.0,136.312366,136.312366,1.04,18.6711,1.5315
603458,勘设股份,贵州,建筑工程,主板,20170809,20260805,9.18,0.0,152881828.0,2810222910.0000005,2810222910.0000005,28.102229100000006,28.102229100000006,0.91,,1.0901
603459,红板科技,江西,元器件,主板,20260408,20260805,91.55,4.4614,1999012551.0,69006142080.0,7237201445.000001,690.0614208,72.37201445000001,1.29,127.825,28.2712
603466,风语筑,上海,文教休闲,主板,20171020,20260805,11.38,2.2462,915954989.0,6769148330.0,6769148330.0,67.6914833,67.6914833,1.31,,3.2543
603477,巨星农牧,四川,农业综合,主板,20171218,20260805,14.95,2.5377,359634609.0,7818545379.0,7625558654.0,78.18545379,76.25558654,1.54,257.6695,3.0883
603486,科沃斯,江苏,家用电器,主板,20180528,20260805,59.91,-0.0501,303036196.0,34663824153.0,34349554266.0,346.63824153,343.49554266,0.64,19.7142,3.7359
603488,展鹏科技,江苏,运输设备,主板,20170516,20260805,8.46,5.2239,81587055.0,2470238784.0,2470238784.0,24.70238784,24.70238784,1.09,,3.1892
603489,八方股份,江苏,电气设备,主板,20191111,20260805,26.66,1.6393,60834183.0,6254915880.0,6254915880.0,62.5491588,62.5491588,0.88,60.8341,2.2579
603496,恒为科技,上海,IT设备,主板,20170607,20260805,25.96,1.051,618272515.0,8312630832.0,8312630832.0,83.12630832,83.12630832,1.23,237.925,5.9612
603499,翔港科技,上海,广告包装,主板,20171016,20260805,11.97,1.3548,60340718.0,5070876237.0,5070876237.0,50.70876237,50.70876237,0.75,43.613,5.4783
603500,祥和实业,浙江,运输设备,主板,20170904,20260805,9.57,8.0135,137302212.0,3184736181.0,3183069087.0000005,31.84736181,31.830690870000005,2.44,23.6902,2.9526
603501,豪威集团,上海,半导体,主板,20170504,20260805,90.83,3.2746,2549425095.0,114237290651.99998,109628476539.0,1142.3729065199998,1096.28476539,1.28,28.2387,3.4777
603505,金石资源,浙江,化工原料,主板,20170503,20260805,16.68,1.956,227962474.0,14039035584.0,14039035584.0,140.39035584,140.39035584,1.23,43.0959,7.4026
603506,南都物业,浙江,房产服务,主板,20180201,20260805,10.05,0.6006,26647069.0,1887166890.0000002,1887166890.0000002,18.871668900000003,18.871668900000003,0.84,19.0144,1.5238
603507,振江股份,江苏,电气设备,主板,20171106,20260805,24.27,2.7519,248593033.0,5798928180.0,5735093226.0,57.9892818,57.35093226,1.2,52.0519,2.2301
603508,思维列控,河南,IT设备,主板,20151224,20260805,23.37,-0.1282,82591825.0,8910382728.0,8910382728.0,89.10382728,89.10382728,0.8,16.0216,2.1385
603511,爱慕股份,北京,服饰,主板,20210531,20260805,11.84,-1.0033,13755709.0,4805551712.0,4758345632.0,48.05551712,47.58345632,0.63,31.6044,1.0736
603515,欧普照明,上海,家用电器,主板,20160819,20260805,17.21,-1.8814,33396071.000000004,12774633637.000002,12696686105.0,127.74633637000002,126.96686105,1.03,13.878,1.788
603516,淳中科技,北京,IT设备,主板,20180202,20260805,98.8,4.4839,636565832.0,20082908040.0,20082908040.0,200.8290804,200.8290804,1.13,71.8224,11.7885
603517,ST绝味,湖南,食品,主板,20170317,20260805,10.97,2.1415,60543684.0,6647840843.0,6647840843.0,66.47840843,66.47840843,0.94,,1.1053
603518,锦泓集团,江苏,服饰,主板,20141203,20260805,7.91,-0.8772,50634651.0,2731734319.9999995,2721625340.0,27.317343199999996,27.2162534,0.86,12.0654,0.7109
603519,立霸股份,江苏,家用电器,主板,20150319,20260805,15.66,-1.1364,204770097.0,4170693348.0,4170693348.0,41.70693348,41.70693348,1.11,26.632,3.3061
603520,司太立,浙江,化学制药,主板,20160309,20260805,8.92,0.5637,69361089.0,3910616308.0,3910616308.0,39.10616308,39.10616308,0.97,382.3286,1.5186
603527,众源新材,安徽,铜,主板,20170907,20260805,9.65,2.333,62930111.0,3058772080.0,3058772080.0,30.5877208,30.5877208,1.02,48.4769,1.4419
603528,多伦科技,江苏,软件服务,主板,20160503,20260805,6.37,1.92,74605082.0,4496774737.0,4496774737.0,44.96774737,44.96774737,1.02,,2.3927
603529,爱玛科技,天津,摩托车,主板,20210615,20260805,21.43,0.0934,161805113.0,18520836783.0,18163223658.0,185.20836783,181.63223658,0.94,9.1034,1.8733
603530,神马电力,江苏,电气设备,主板,20190805,20260805,45.14,4.3217,186204530.0,19473594616.0,19295761072.0,194.73594616,192.95761072,1.02,45.1115,10.2383
603533,掌阅科技,北京,互联网,主板,20170921,20260805,23.73,2.6384,1054527617.0000001,10415021064.0,10415021064.0,104.15021064,104.15021064,1.35,,4.5373
603535,嘉诚国际,广东,仓储物流,主板,20170808,20260805,6.48,0.1546,23886896.0,3310750785.0,3310750785.0,33.10750785,33.10750785,0.57,86.279,1.3346
603536,惠发食品,山东,食品,主板,20170613,20260805,9.03,0.222,57417966.0,2188698443.0,2172006308.0,21.88698443,21.72006308,0.67,,6.2525
603538,美诺华,浙江,化学制药,主板,20170407,20260805,27.57,2.8731,1210577313.0,9371820474.0,9288884400.0,93.71820474,92.888844,0.88,91.6745,4.0574
603551,奥普科技,浙江,家居用品,主板,20200115,20260805,9.44,0.3188,17335517.0,3631414128.0,3586102128.0,36.31414128,35.86102128,0.51,12.2159,2.503
603556,海兴电力,浙江,电器仪表,主板,20161110,20260805,26.22,-1.9813,338632325.0,12749847324.0,12749847324.0,127.49847324,127.49847324,0.72,17.4872,1.7091
603557,*ST起步,浙江,服饰,主板,20170818,20260805,3.74,0.2681,19128587.0,2331654006.0,2331654006.0,23.31654006,23.31654006,0.86,,41.6666
603558,健盛集团,浙江,纺织,主板,20150127,20260805,12.76,1.6733,57810209.0,4372060880.0,4372060880.0,43.7206088,43.7206088,0.9,10.7973,1.9527
603559,中通国脉,吉林,通信设备,主板,20161202,20260805,9.07,-1.413,231809056.0,3639582390.0,3639582390.0,36.3958239,36.3958239,1.42,,4.6493
603565,中谷物流,上海,水运,主板,20200925,20260805,10.64,0.5671,141051353.0,22344671384.0,22344671384.0,223.44671384,223.44671384,0.78,11.1665,2.0382
603566,普莱柯,河南,农业综合,主板,20150518,20260805,10.29,-1.2476,49796836.0,3560981067.0,3560981067.0,35.60981067,35.60981067,1.56,19.2492,1.3455
603567,珍宝岛,黑龙江,中成药,主板,20150424,20260805,6.6,-1.0495,586609310.0,6205552979.999999,6200061780.0,62.05552979999999,62.0006178,1.08,,1.0171
603568,伟明环保,浙江,环境保护,主板,20150528,20260805,15.41,-1.1546,114669896.0,31566728534.0,31566728534.0,315.66728534,315.66728534,0.78,14.261,2.0601
603569,长久物流,北京,公路,主板,20160810,20260805,5.82,-0.1715,17739671.0,3512412486.0,3512412486.0,35.12412486,35.12412486,0.81,,1.324
603577,汇金通,山东,电气设备,主板,20161222,20260805,10.01,0.603,98825799.0,3394782391.0,3394782391.0,33.94782391,33.94782391,1.46,32.9459,1.7196
603578,三星新材,浙江,家用电器,主板,20170306,20260805,11.85,2.1552,54884524.0,2773616925.0,2137230450.0000002,27.73616925,21.372304500000002,1.56,,1.957
603579,荣泰健康,上海,家用电器,主板,20170111,20260805,18.04,0.2222,43045253.0,3626985296.0,3626985296.0,36.26985296,36.26985296,0.88,24.0672,1.2661
603580,艾艾精工,上海,塑料,主板,20170525,20260805,56.22,4.5176,828955744.0,7346447304.0,7346447304.0,73.46447304,73.46447304,1.03,167.5746,16.1434
603583,捷昌驱动,浙江,电气设备,主板,20180921,20260805,24.45,-2.004,224446292.0,9431856450.0,9345939150.0,94.3185645,93.4593915,2.21,23.7454,2.0046
603585,苏利股份,江苏,农药化肥,主板,20161214,20260805,10.08,0.9009,38636521.0,2775586464.0000005,2729623680.0,27.755864640000006,27.2962368,0.9,14.4022,1.0613
603586,金麒麟,山东,汽车配件,主板,20170406,20260805,13.26,-0.1506,23657639.0,2599660128.0,2599660128.0,25.99660128,25.99660128,1.0,19.0634,1.1198
603587,地素时尚,上海,服饰,主板,20180622,20260805,11.53,-1.03,21250808.0,5450263284.0,5450263284.0,54.50263284,54.50263284,0.72,20.9284,1.4599
603588,高能环境,北京,环境保护,主板,20141229,20260805,14.13,7.6982,989075396.0,21523303485.0,21523303485.0,215.23303485,215.23303485,1.16,25.6812,2.1003
603589,口子窖,安徽,白酒,主板,20150629,20260805,20.08,-0.9862,160651837.0,12010239560.0,12010239560.0,120.1023956,120.1023956,0.72,17.8372,1.1193
603590,康辰药业,北京,生物制药,主板,20180827,20260805,30.55,0.4934,88122594.0,4857770775.0,4833727925.0,48.57770775,48.33727925,1.11,29.2695,1.508
603595,ST东尼,浙江,元器件,主板,20170712,20260805,23.66,4.275,89478003.0,5499584817.999999,5499584817.999999,54.99584817999999,54.99584817999999,1.55,,3.617
603596,伯特利,安徽,汽车配件,主板,20180427,20260805,27.04,1.3114,574007465.0,24272234271.999996,24272234271.999996,242.72234271999997,242.72234271999997,1.1,18.5364,3.011
603598,引力传媒,北京,互联网,主板,20150527,20260805,18.3,-2.8147,568812398.0,4935563070.0,4930073070.0,49.3556307,49.3007307,1.3,288.2104,22.0866
603599,广信股份,安徽,农药化肥,主板,20150513,20260805,10.42,-0.6673,105814183.0,9485006106.0,9485006106.0,94.85006106,94.85006106,0.65,14.4389,0.928
603600,永艺股份,浙江,家居用品,主板,20150123,20260805,9.57,-0.6231,40852188.0,3162245724.0,3162245724.0,31.62245724,31.62245724,0.79,13.5849,1.3469
603601,再升科技,重庆,玻璃,主板,20150122,20260805,9.16,4.2093,848843140.0,10463843560.0,10463843560.0,104.6384356,104.6384356,1.16,186.4622,3.867
603602,纵横通信,浙江,通信设备,主板,20170810,20260805,11.05,1.2832,38255688.0,2553185375.0,2553185375.0,25.53185375,25.53185375,1.04,,2.8652
603605,珀莱雅,浙江,日用化工,主板,20171115,20260805,58.9,-0.1526,375506475.0,23322986400.0,23322986400.0,233.229864,233.229864,1.11,15.572,3.6699
603606,东方电缆,浙江,电气设备,主板,20141015,20260805,39.79,-3.1166,1405773412.0,32819130214.999996,32819130214.999996,328.19130214999996,328.19130214999996,1.74,25.8132,3.8809
603607,京华激光,浙江,造纸,主板,20171025,20260805,22.04,7.9334,141215909.0,3934510272.0,3934510272.0,39.34510272,39.34510272,1.61,37.2108,3.6783
603608,天创时尚,广东,服饰,主板,20160218,20260805,18.52,1.2022,377607481.0,7871550044.0,7871550044.0,78.71550044,78.71550044,0.97,542.1587,7.1914
603609,禾丰股份,辽宁,饲料,主板,20140808,20260805,6.2,0.1616,14113758.0,5604903540.000001,5604903540.000001,56.04903540000001,56.04903540000001,0.8,106.7258,0.878
603610,麒盛科技,浙江,家居用品,主板,20191029,20260805,15.18,1.2,157195690.0,5358412487.999999,5358412487.999999,53.58412487999999,53.58412487999999,0.93,51.0613,1.7219
603611,诺力股份,浙江,专用机械,主板,20150128,20260805,17.26,-0.0579,40445672.0,4446189808.0,4446189808.0,44.46189808,44.46189808,0.81,10.3592,1.3722
603612,索通发展,山东,矿物制品,主板,20170718,20260805,17.13,0.0,221325549.0,8532530085.0,8532530085.0,85.32530085,85.32530085,1.02,11.4275,1.4441
603613,国联股份,北京,互联网,主板,20190730,20260805,19.94,0.3523,275439908.0,14367523732.0,14367523732.0,143.67523732,143.67523732,1.2,10.8667,1.5326
603615,茶花股份,福建,家居用品,主板,20170213,20260805,15.88,3.1169,51029991.0,3840101599.9999995,3840101599.9999995,38.401016,38.401016,1.15,599.4698,3.3405
603616,韩建河山,北京,水泥,主板,20150611,20260805,5.15,0.5859,71798539.0,1994172700.0,1979108950.0,19.941727,19.7910895,1.2,,9.3698
603617,君禾股份,浙江,机械基件,主板,20170703,20260805,6.88,1.0279,102791244.0,2681901744.0,2660676944.0,26.81901744,26.60676944,1.45,53.1068,1.7213
603618,杭电股份,浙江,电气设备,主板,20150217,20260805,26.22,9.9832,2637274107.0,18127868232.0,18127868232.0,181.27868232,181.27868232,1.52,,6.7006
603619,中曼石油,上海,石油开采,主板,20171117,20260805,21.29,-1.7082,755747061.0,9843186665.0,9843186665.0,98.43186665,98.43186665,0.72,19.3188,2.255
603626,科森科技,江苏,元器件,主板,20170209,20260805,15.11,9.9709,627403596.0,8384232267.0,8384232267.0,83.84232267,83.84232267,1.31,,3.6816
603628,清源股份,福建,电气设备,主板,20170112,20260805,9.5,-0.2101,33094212.0,2590072400.0,2585650150.0,25.900724,25.8565015,0.96,45.0963,1.9762
603629,利通电子,江苏,元器件,主板,20181224,20260805,112.65,9.999,3051481121.0,41311909200.0,40635491010.0,413.119092,406.3549101,0.89,141.1943,18.4037
603630,拉芳家化,广东,日用化工,主板,20170313,20260805,15.1,-0.6579,137142278.0,3400589460.0,3400589460.0,34.0058946,34.0058946,0.58,,1.801
603633,徕木股份,上海,汽车配件,主板,20161117,20260805,6.16,1.6502,46256242.0,2629154528.0000005,2629154528.0000005,26.291545280000005,26.291545280000005,0.88,,1.5105
603636,南威软件,福建,软件服务,主板,20141230,20260805,7.2,0.2786,126898571.0,4178595600.0,4178595600.0,41.785956,41.785956,0.98,,2.2583
603637,镇海股份,浙江,建筑工程,主板,20170208,20260805,12.85,2.5539,81012897.0,3067113815.0,3067113815.0,30.67113815,30.67113815,0.7,46.3874,2.9383
603638,艾迪精密,山东,专用机械,主板,20170120,20260805,20.23,1.863,224411173.0,17816439620.0,17816439620.0,178.1643962,178.1643962,1.01,45.2567,4.8912
603639,海利尔,山东,农药化肥,主板,20170112,20260805,10.59,0.2841,21279001.0,3702774438.0,3599311197.0,37.02774438,35.99311197,0.71,20.3497,1.054
603648,畅联股份,上海,仓储物流,主板,20170913,20260805,9.1,-0.1098,19554133.0,3297956480.0,3297956480.0,32.9795648,32.9795648,0.8,26.7703,1.741
603650,彤程新材,上海,化工原料,主板,20180627,20260805,58.13,8.0483,1193956155.0,35812125848.0,35725936497.0,358.12125848,357.25936497,0.88,63.6604,8.2886
603655,朗博科技,江苏,汽车配件,主板,20171229,20260805,26.48,0.303,37553851.0,2806880000.0,2806880000.0,28.0688,28.0688,1.17,62.0359,4.8744
603656,泰禾智能,安徽,专用机械,主板,20170321,20260805,17.69,1.6083,27828668.0,3236304126.0,3236304126.0,32.36304126,32.36304126,0.96,111.107,2.4382
603657,春光科技,浙江,家用电器,主板,20180730,20260805,26.14,10.0168,62310907.0,3533869214.0,3533869214.0,35.33869214,35.33869214,0.58,,4.0511
603658,安图生物,河南,医疗保健,主板,20160901,20260805,32.66,-2.6818,137882697.0,18662733968.0,18662733968.0,186.62733968,186.62733968,1.13,17.4742,2.0369
603659,璞泰来,上海,化工原料,主板,20171103,20260805,24.61,1.6942,717118352.0,52768373162.0,52768373162.0,527.68373162,527.68373162,1.08,22.3684,2.5139
603660,苏州科达,江苏,IT设备,主板,20161201,20260805,10.46,1.9493,267153632.99999997,5977813642.0,5977813642.0,59.77813642,59.77813642,0.73,,8.37
603661,恒林股份,浙江,家居用品,主板,20171121,20260805,31.89,1.2702,128844817.0,4434846630.0,4434846630.0,44.3484663,44.3484663,1.74,27.0677,1.2002
603662,柯力传感,浙江,电器仪表,主板,20190806,20260805,54.25,2.0888,417820948.0,15235022075.0,15235022075.0,152.35022075,152.35022075,1.01,44.7364,5.4612
603663,三祥新材,福建,小金属,主板,20160801,20260805,37.26,10.0089,577647048.0,22116421926.0,22101398694.000004,221.16421926,221.01398694000005,0.86,188.1442,15.9124
603665,康隆达,浙江,服饰,主板,20170313,20260805,22.2,0.8632,36565217.0,3555722940.0,3555722940.0,35.5572294,35.5572294,0.77,44.7036,5.3578
603666,亿嘉和,江苏,专用机械,主板,20180612,20260805,24.64,3.4425,125772366.0,5064269056.0,5064269056.0,50.64269056,50.64269056,0.97,,2.3904
603667,五洲新春,浙江,机械基件,主板,20161025,20260805,55.0,1.0101,999468746.0,21073360000.0,20141154000.0,210.7336,201.41154,1.07,230.5873,7.0237
603668,天马科技,福建,饲料,主板,20170117,20260805,10.66,0.661,93305167.0,5391792822.0,5391792822.0,53.91792822,53.91792822,1.35,,2.5436
603669,灵康药业,西藏,化学制药,主板,20150528,20260805,5.72,1.4184,122162850.0,4074534464.0,4074534464.0,40.74534464,40.74534464,0.81,,7.2403
603676,卫信康,西藏,化学制药,主板,20170721,20260805,8.77,-0.454,21948281.0,3816366354.9999995,3816366354.9999995,38.163663549999995,38.163663549999995,1.14,16.3895,2.4712
603677,奇精机械,浙江,家用电器,主板,20170206,20260805,13.27,0.3023,21848946.0,2555813943.0,2555813943.0,25.55813943,25.55813943,0.83,52.9898,2.1945
603678,火炬电子,福建,元器件,主板,20150126,20260805,48.25,8.0869,2045349800.0,22946088450.000004,22946088450.000004,229.46088450000005,229.46088450000005,1.04,71.7587,3.7288
603679,华体科技,四川,电气设备,主板,20170621,20260805,21.73,0.6951,263890043.0,3861121126.0,3861121126.0,38.61121126,38.61121126,1.0,,4.3853
603680,今创集团,江苏,运输设备,主板,20180227,20260805,10.62,5.3571,144625224.0,8323093656.0,8323093656.0,83.23093656,83.23093656,1.82,14.3022,1.417
603681,永冠新材,上海,化工原料,主板,20190326,20260805,17.59,2.6853,126891033.0,4181878262.0,4181878262.0,41.81878262,41.81878262,1.03,33.721,1.3972
603682,锦和商管,上海,房产服务,主板,20200421,20260805,11.01,8.1532,472901461.0,5202225000.0,5202225000.0,52.02225,52.02225,1.51,,8.0
603683,晶华新材,上海,化工原料,主板,20171020,20260805,15.24,5.1034,440579612.0,4438365012.0,4392867516.0,44.38365012,43.92867516,0.93,49.6879,2.6245
603685,晨丰科技,浙江,电气设备,主板,20171127,20260805,25.48,0.0786,68800746.0,6445178740.0,5133346036.0,64.4517874,51.33346036,1.09,292.4015,3.2299
603686,福龙马,福建,环境保护,主板,20150126,20260805,13.43,0.4488,203848583.0,5579230272.0,5579230272.0,55.79230272,55.79230272,1.08,35.9551,1.5938
603687,大胜达,浙江,广告包装,主板,20190726,20260805,14.1,6.2547,345907042.0,7755449790.000001,7755449790.000001,77.55449790000002,77.55449790000002,1.19,100.5679,2.37
603688,石英股份,江苏,矿物制品,主板,20141031,20260805,46.51,7.0179,909136937.0,25193457733.0,25193457733.0,251.93457733,251.93457733,1.24,164.3064,4.3039
603689,皖天然气,安徽,供气供热,主板,20170110,20260805,7.46,-0.5333,29132358.0,3922567964.0,3904922080.0,39.22567964,39.0492208,1.03,12.0889,1.0394
603690,至纯科技,上海,半导体,主板,20170113,20260805,23.16,6.044,1404423704.0,8869453188.0,8869453188.0,88.69453188,88.69453188,1.03,,2.553
603693,江苏新能,江苏,新型电力,主板,20180703,20260805,12.4,-0.0806,86087982.0,11054301160.0,11054301160.0,110.5430116,110.5430116,0.92,21.7837,1.5389
603696,安记食品,福建,食品,主板,20151209,20260805,13.46,0.8996,398143986.0,3165792000.0,3165792000.0,31.65792,31.65792,1.06,115.1426,5.4729
603697,有友食品,重庆,食品,主板,20190508,20260805,9.75,0.7231,50918363.0,4169997975.0,4169997975.0,41.69997975,41.69997975,0.81,22.4729,2.2694
603698,航天工程,北京,专用机械,主板,20150128,20260805,23.02,2.9517,430782291.0,12338489800.0,12338489800.0,123.384898,123.384898,0.86,56.9893,3.5055
603699,纽威股份,江苏,机械基件,主板,20140117,20260805,51.78,2.7381,404873036.0,40144148562.0,39256629006.0,401.44148562,392.56629006,0.7,25.0759,8.0268
603700,宁水集团,浙江,电器仪表,主板,20190122,20260805,11.55,3.7736,115040609.0,2309559945.0,2309559945.0,23.09559945,23.09559945,2.13,24.7411,1.4061
603701,德宏股份,浙江,汽车配件,主板,20160412,20260805,19.57,2.3001,63113029.0,5114852383.0,5114852383.0,51.14852383,51.14852383,0.79,443.3477,6.3026
603703,盛洋科技,浙江,元器件,主板,20150423,20260805,9.11,1.1099,75055815.0,3780486930.9999995,3780486930.9999995,37.804869309999994,37.804869309999994,1.02,,4.5744
603706,东方环宇,新疆,供气供热,主板,20180709,20260805,18.87,0.0,23998164.0,3573651549.0,3573651549.0,35.73651549,35.73651549,0.96,16.5374,1.9372
603707,健友股份,江苏,生物制药,主板,20170719,20260805,8.03,-1.3514,73530677.0,12973677530.0,12973677530.0,129.7367753,129.7367753,0.85,22.3093,1.8688
603708,家家悦,山东,超市连锁,主板,20161213,20260805,9.45,-1.2539,39857741.0,6032300715.0,6032300715.0,60.32300715,60.32300715,1.05,30.0581,2.5083
603709,中源家居,浙江,家居用品,主板,20180208,20260805,10.97,1.2927,29655500.0,1790689047.0000002,1784183837.0,17.906890470000004,17.84183837,0.71,,3.5192
603711,香飘飘,浙江,软饮料,主板,20171130,20260805,11.22,-1.0582,89558597.0,4632447402.0,4632447402.0,46.32447402,46.32447402,1.09,48.6389,1.2938
603712,七一二,天津,通信设备,主板,20180226,20260805,12.16,0.6623,120585042.0,9387520000.0,9387520000.0,93.8752,93.8752,0.92,,2.4545
603713,密尔克卫,上海,仓储物流,主板,20180713,20260805,62.4,2.6316,146155278.0,9959451091.0,9959451091.0,99.59451091,99.59451091,0.73,15.8956,2.0265
603716,塞力医疗,湖北,医药商业,主板,20161031,20260805,16.79,0.9014,444039407.0,3791027532.0,3791027532.0,37.91027532,37.91027532,0.9,,3.7529
603717,天域生物,重庆,农业综合,主板,20170327,20260805,5.9,1.2007,45603030.0,1711862580.0,1711862580.0,17.1186258,17.1186258,0.68,,4.4759
603718,*ST海利,上海,农业综合,主板,20150515,20260805,2.89,-0.3448,18130617.0,1884004583.0,1875551332.9999998,18.84004583,18.755513329999996,1.11,,2.1256
603719,良品铺子,湖北,食品,主板,20200224,20260805,9.95,1.9467,100046314.0,3959934830.0,3959934830.0,39.5993483,39.5993483,0.74,,1.938
603721,中广天择,湖南,影视音像,主板,20170811,20260805,18.17,-3.1966,156120832.0,2362100000.0,2362100000.0,23.621,23.621,1.38,89.1054,4.8168
603722,阿科力,江苏,化工原料,主板,20171025,20260805,30.13,1.4478,51186253.0,2944306613.0,2883444013.0000005,29.44306613,28.834440130000004,0.66,,3.3193
603725,天安新材,广东,塑料,主板,20170906,20260805,10.14,2.2177,120452904.0,3091257077.9999995,3091257077.9999995,30.912570779999996,30.912570779999996,0.52,27.7065,3.5912
603726,朗迪集团,浙江,家用电器,主板,20160421,20260805,23.52,4.9531,156782966.0,4364354736.0,4342128336.0,43.64354736,43.42128336,0.78,24.6095,2.9175
603727,博迈科,天津,石油开采,主板,20161122,20260805,18.15,0.0,56229534.0,5113205295.0,5113205295.0,51.13205295,51.13205295,0.58,83.2121,1.6557
603728,鸣志电器,上海,电气设备,主板,20170509,20260805,52.48,1.2736,389363233.0,21982953600.0,21982953600.0,219.829536,219.829536,0.97,359.6217,7.3928
603729,ST龙韵,上海,广告包装,主板,20150324,20260805,11.03,0.4554,16519570.0,1016581053.0,1016581053.0,10.16581053,10.16581053,1.06,,3.6792
603730,岱美股份,上海,汽车配件,主板,20170728,20260805,10.6,7.3961,334275941.0,22775093220.0,22775093220.0,227.7509322,227.7509322,1.6,34.5214,4.5787
603733,仙鹤股份,浙江,造纸,主板,20180420,20260805,20.52,1.1834,193788027.0,16770035663.999998,16770035663.999998,167.70035663999997,167.70035663999997,0.75,16.5611,1.9141
603737,三棵树,福建,染料涂料,主板,20160603,20260805,23.77,0.2954,188429917.0,21045506370.0,21045506370.0,210.4550637,210.4550637,0.61,27.1587,7.0147
603738,泰晶科技,湖北,元器件,主板,20160928,20260805,33.15,4.2125,1587315364.0,12792170625.0,12792170625.0,127.92170625,127.92170625,1.46,244.9464,7.0348
603739,蔚蓝生物,山东,农业综合,主板,20190116,20260805,11.51,-0.5186,30194427.0,2912362639.0,2912362639.0,29.12362639,29.12362639,1.03,41.7186,1.6182
603755,日辰股份,山东,食品,主板,20190828,20260805,22.86,0.5277,21286551.0,2254309182.0,2254309182.0,22.54309182,22.54309182,0.81,26.77,2.9693
603757,大元泵业,浙江,机械基件,主板,20170711,20260805,58.4,4.8098,762312679.0,10894362320.0,10894362320.0,108.9436232,108.9436232,1.37,75.2828,5.1337
603758,秦安股份,重庆,汽车配件,主板,20170517,20260805,9.35,-0.2134,27974662.0,4049634600.0,4049634600.0,40.496346,40.496346,1.05,27.103,1.5609
603759,海天股份,四川,水务,主板,20210326,20260805,7.22,-1.0959,35491414.0,3333907199.9999995,3333907199.9999995,33.339071999999994,33.339071999999994,1.24,18.8582,1.1406
603766,隆鑫通用,重庆,摩托车,主板,20120810,20260805,14.57,1.3213,171294961.0,29920105483.0,29920105483.0,299.20105483,299.20105483,0.6,18.1582,3.0996
603767,中马传动,浙江,汽车配件,主板,20170613,20260805,15.07,0.6008,77136590.0,4651076705.0,4651076705.0,46.51076705,46.51076705,1.03,,3.4033
603768,常青股份,安徽,汽车配件,主板,20170324,20260805,11.06,-1.0733,43605425.0,2631792254.0,2631792254.0,26.31792254,26.31792254,1.3,,1.2019
603773,沃格光电,江西,元器件,主板,20180417,20260805,78.57,9.9958,788666461.0,17659126062.0,17652997602.0,176.59126062,176.52997602,0.63,,16.7219
603776,永安行,江苏,公共交通,主板,20170817,20260805,20.86,8.8727,140361768.0,5856666115.999999,5856666115.999999,58.56666115999999,58.56666115999999,4.26,,1.7108
603777,来伊份,上海,食品,主板,20161012,20260805,14.54,2.1067,88956853.0,4862527868.0,4862527868.0,48.62527868,48.62527868,0.79,,3.1201
603778,国晟科技,北京,电气设备,主板,20151231,20260805,10.64,2.5048,910649436.0,7022847944.0,6839999544.0,70.22847944,68.39999544,1.22,,24.8782
603779,威龙股份,山东,红黄酒,主板,20160516,20260805,7.63,1.328,132670382.00000001,2533791764.0,2533791764.0,25.33791764,25.33791764,0.65,,5.1719
603786,科博达,上海,汽车配件,主板,20191015,20260805,43.4,1.3308,88969616.0,17527380780.0,17527380780.0,175.2738078,175.2738078,0.8,21.1328,3.0385
603787,新日股份,江苏,摩托车,主板,20170427,20260805,10.1,-1.6553,80693509.0,2324452380.0,2324452380.0,23.2445238,23.2445238,1.42,45.9373,1.5055
603788,宁波高发,浙江,汽车配件,主板,20150120,20260805,13.97,0.5036,18010789.0,3116219447.0,3116219447.0,31.16219447,31.16219447,0.7,14.4141,1.4338
603789,ST星农,浙江,农用机械,主板,20150427,20260805,6.26,-0.7924,24109033.0,1660243396.0,1627600000.0,16.60243396,16.276,0.84,,15.8641
603790,雅运股份,上海,染料涂料,主板,20180912,20260805,21.43,3.0288,86755133.0,4100844800.0,4100844800.0,41.008448,41.008448,0.79,56.9584,3.1427
603797,联泰环保,广东,环境保护,主板,20170413,20260805,4.05,0.0,27620233.0,2335251060.0,2335251060.0,23.3525106,23.3525106,1.03,18.1452,0.69
603798,康普顿,山东,石油加工,主板,20160406,20260805,13.08,-1.1338,89575125.0,3354362076.0,3354362076.0,33.54362076,33.54362076,0.84,65.7272,2.7012
603799,华友钴业,浙江,小金属,主板,20150129,20260805,42.02,3.0407,2947285721.0,79566025550.0,79317254544.0,795.6602555,793.17254544,1.23,13.0215,1.5753
603800,洪田股份,江苏,专用机械,主板,20151210,20260805,55.75,6.2512,445693126.0,11596000000.0,11596000000.0,115.96,115.96,0.84,798.3479,14.6601
603801,志邦家居,安徽,家居用品,主板,20170630,20260805,5.85,-0.3407,38156013.0,2540956275.0,2540956275.0,25.40956275,25.40956275,0.64,12.4124,0.8066
603803,瑞斯康达,北京,通信设备,主板,20170420,20260805,10.21,3.4448,222479504.0,4338061556.0,4338061556.0,43.38061556,43.38061556,0.66,,2.8232
603806,福斯特,浙江,塑料,主板,20140905,20260805,15.24,0.0,397455020.0,39757284468.0,39757284468.0,397.57284468,397.57284468,0.73,51.6546,2.4568
603808,歌力思,深圳,服饰,主板,20150422,20260805,7.89,-0.3788,32824201.0,2869854948.0,2869854948.0,28.69854948,28.69854948,0.72,17.4055,1.0947
603809,豪能股份,四川,汽车配件,主板,20171128,20260805,9.54,-0.1047,104051167.0,8779555152.0,8779555152.0,87.79555152,87.79555152,0.69,31.6787,2.3275
603810,丰山集团,江苏,农药化肥,主板,20180917,20260805,11.49,-0.4333,22306748.0,1899781878.0000002,1899781878.0000002,18.997818780000003,18.997818780000003,0.82,48.7234,1.2294
603811,诚意药业,浙江,化学制药,主板,20170315,20260805,7.22,-0.2762,25338675.0,3308391720.0,3308391720.0,33.0839172,33.0839172,0.93,16.956,2.2804
603813,原尚股份,广东,公路,主板,20170918,20260805,33.01,0.6096,20205065.0,3466545150.0,3466545150.0,34.6654515,34.6654515,0.67,,6.9868
603815,交建股份,安徽,建筑工程,主板,20191021,20260805,5.57,1.0889,62611600.0,3447407794.0,3447407794.0,34.47407794,34.47407794,1.0,,2.1894
603816,顾家家居,浙江,家居用品,主板,20161014,20260805,24.95,-1.2272,237660170.0,20495214925.0,20356213485.0,204.95214925,203.56213485,0.91,11.4496,1.849
603817,海峡环保,福建,环境保护,主板,20170220,20260805,5.63,-0.354,46835974.0,3209572920.0,3209572920.0,32.0957292,32.0957292,0.97,15.133,0.9816
603818,曲美家居,北京,家居用品,主板,20150422,20260805,3.42,0.0,46441385.0,2347980138.0,2347980138.0,23.47980138,23.47980138,0.56,,1.1374
603819,神力股份,江苏,电气设备,主板,20161125,20260805,13.51,0.8209,88210804.0,2941535002.0,2941535002.0,29.41535002,29.41535002,0.81,149.194,3.6217
603822,ST嘉澳,浙江,化工原料,主板,20160428,20260805,58.6,3.351,46160487.0,4501997740.0,4501997740.0,45.0199774,45.0199774,1.31,143.613,13.5155
603823,百合花,浙江,染料涂料,主板,20161220,20260805,60.73,9.9982,741371755.0,25286010421.000004,25286010421.000004,252.86010421000003,252.86010421000003,0.66,151.4745,10.0968
603825,ST华扬,湖南,互联网,主板,20170802,20260805,7.73,2.7926,27377180.0,1958291918.0,1958291918.0,19.58291918,19.58291918,1.61,,62.8733
603826,坤彩科技,福建,染料涂料,主板,20170414,20260805,17.36,10.0127,98865044.0,14786553600.000002,14786553600.000002,147.86553600000002,147.86553600000002,0.93,,7.9043
603828,*ST利达,江苏,装修装饰,主板,20150226,20260805,4.22,1.9324,12470749.0,2514951622.0,2514865112.0,25.14951622,25.14865112,1.39,,4.9115
603829,洛凯股份,江苏,电气设备,主板,20171017,20260805,15.02,1.6238,54223373.0,2797718324.0,2797718324.0,27.97718324,27.97718324,1.03,35.1003,1.873
603833,欧派家居,广东,家居用品,主板,20170328,20260805,33.05,0.0,206462204.0,20132503345.0,20132503345.0,201.32503345,201.32503345,0.86,10.0826,1.0883
603836,海程邦达,山东,仓储物流,主板,20210526,20260805,8.68,-0.5727,27140831.0,2484296724.0,2421106324.0,24.84296724,24.21106324,0.82,95.0777,1.4278
603838,*ST四通,广东,家居用品,主板,20150701,20260805,8.52,2.7744,16007324.0,2726536320.0,2726536320.0,27.2653632,27.2653632,0.57,,3.103
603839,安正时尚,浙江,服饰,主板,20170214,20260805,6.79,0.8915,27008454.0,2627839998.0,2627839998.0,26.27839998,26.27839998,0.8,,1.5626
603843,*ST正平,青海,建筑工程,主板,20160905,20260805,6.97,2.3495,80113675.0,4876373704.0,4876373704.0,48.76373704,48.76373704,0.72,,189.296
603848,好太太,广东,家居用品,主板,20171201,20260805,13.42,0.1493,19936364.0,5400295230.0,5400295230.0,54.0029523,54.0029523,0.66,26.5733,2.0731
603855,华荣股份,上海,专用机械,主板,20170524,20260805,16.73,-0.7122,40124024.0,5646559030.000001,5613458725.000001,56.46559030000001,56.13458725000001,1.43,15.2658,2.5135
603856,东宏股份,山东,塑料,主板,20171106,20260805,11.45,0.2627,41574331.0,3229542345.0,3229542345.0,32.29542345,32.29542345,1.21,12.9503,1.1555
603858,步长制药,山东,中成药,主板,20161118,20260805,15.66,-0.8861,88684619.0,16514541144.0,16514541144.0,165.14541144,165.14541144,0.84,45.7739,1.6158
603859,能科科技,北京,软件服务,主板,20161021,20260805,42.95,2.506,620459705.0,11441841345.0,10509766214.999998,114.41841345,105.09766214999998,1.3,50.7159,3.6172
603860,中公高科,北京,建筑工程,主板,20170802,20260805,25.59,-1.0823,31362580.0,1706341200.0,1706341200.0,17.063412,17.063412,0.84,37.4208,2.0296
603861,白云电器,广东,电气设备,主板,20160322,20260805,12.5,1.626,159916106.0,6756600000.0,6607331250.0,67.566,66.0733125,1.09,33.0913,1.6859
603863,松炀资源,广东,造纸,主板,20190621,20260805,13.04,4.571,93162364.0,2668636000.0,2668636000.0,26.68636,26.68636,1.65,,11.0199
603866,桃李面包,辽宁,食品,主板,20151222,20260805,4.32,-0.2309,47779318.0,6910786944.0,6910786944.0,69.10786944,69.10786944,0.7,24.3463,1.3138
603867,新化股份,浙江,化工原料,主板,20190627,20260805,28.32,1.9072,156090204.0,6159223344.000001,6108247344.0,61.59223344000001,61.08247344,0.95,23.6492,1.9625
603868,飞科电器,上海,家用电器,主板,20160418,20260805,31.29,-0.2868,20982303.0,13629924000.0,13629924000.0,136.29924,136.29924,0.6,26.6165,3.8774
603869,ST智知,广西,软件服务,主板,20150326,20260805,8.49,2.0433,10614111.0,4148400780.0,4148400780.0,41.4840078,41.4840078,1.5,112.2904,1.1068
603871,嘉友国际,北京,仓储物流,主板,20180206,20260805,12.92,-0.2317,151670745.0,17674672404.0,17674672404.0,176.74672404,176.74672404,0.89,15.4895,2.8098
603876,鼎胜新材,江苏,铝,主板,20180418,20260805,21.89,1.6249,309073226.0,20341659008.0,20341659008.0,203.41659008,203.41659008,0.65,39.6622,2.6624
603877,太平鸟,浙江,服饰,主板,20170109,20260805,12.93,-1.8223,35012979.0,6075869064.0,6068354148.0,60.75869064,60.68354148,0.91,34.8646,1.3854
603878,武进不锈,江苏,钢加工,主板,20161219,20260805,4.98,0.2012,54859361.0,2794527000.0,2794527000.0,27.94527,27.94527,0.76,35.0988,1.079
603879,永悦科技,江苏,化工原料,主板,20170614,20260805,5.05,2.0202,49160435.0,1814689220.0,1814689220.0,18.1468922,18.1468922,0.62,,7.8314
603880,南卫股份,江苏,医疗保健,主板,20170807,20260805,7.39,7.8832,113902103.0,2136020380.0,2136020380.0,21.3602038,21.3602038,3.2,,12.4115
603881,数据港,上海,软件服务,主板,20170208,20260805,26.4,0.6098,1727337730.0,22758183360.0,22758183360.0,227.5818336,227.5818336,1.59,164.0381,6.7631
603882,金域医学,广东,医疗保健,主板,20170908,20260805,27.8,0.5425,199153045.0,12878580740.0,12791741880.0,128.7858074,127.9174188,1.07,,2.0285
603883,老百姓,湖南,医药商业,主板,20150423,20260805,12.56,-0.8682,116362620.0,9531660912.0,9531660912.0,95.31660912,95.31660912,0.83,24.962,1.4019
603885,吉祥航空,上海,空运,主板,20150527,20260805,11.21,1.7241,195418716.0,24314549413.0,24314549413.0,243.14549413,243.14549413,1.06,23.3875,2.3499
603886,元祖股份,上海,食品,主板,20161228,20260805,10.58,0.2844,25127351.0,2539200000.0,2539200000.0,25.392,25.392,0.85,18.1899,1.7128
603887,城地香江,上海,软件服务,主板,20161010,20260805,9.66,1.2579,238464070.0,5815604004.0,5815604004.0,58.15604004,58.15604004,1.2,,1.6694
603888,新华网,北京,互联网,主板,20161028,20260805,17.29,0.1158,238830649.0,12832845480.0,12832845480.0,128.3284548,128.3284548,1.09,38.9793,3.3725
603889,新澳股份,浙江,纺织,主板,20141231,20260805,5.65,0.1773,55842170.0,5363006555.0,5323076310.000001,53.63006555,53.23076310000001,0.85,11.1702,1.4071
603890,春秋电子,江苏,元器件,主板,20171212,20260805,18.31,5.2904,529166784.0,8181488427.0,8181488427.0,81.81488427,81.81488427,1.55,28.7174,2.4788
603893,瑞芯微,福建,半导体,主板,20200207,20260805,199.0,5.1408,4625421460.0,84166542550.00002,84155796550.0,841.6654255000002,841.5579655,1.01,80.9331,17.8323
603895,天永智能,上海,专用机械,主板,20180122,20260805,24.6,4.4143,50353777.0,2658768000.0,2658768000.0,26.58768,26.58768,0.84,144.5362,12.9549
603896,寿仙谷,浙江,中成药,主板,20170510,20260805,14.65,-1.3468,31766729.0,2904273135.0,2904273135.0,29.04273135,29.04273135,1.03,159.8013,1.3086
603897,长城科技,浙江,电气设备,主板,20180410,20260805,26.38,2.0503,181524495.0,5445773766.0,5445773766.0,54.45773766,54.45773766,0.94,17.2623,2.1476
603898,好莱客,广东,家居用品,主板,20150217,20260805,10.71,1.7094,59302329.0,3215457945.0,3215457945.0,32.15457945,32.15457945,1.73,219.1498,1.0485
603899,晨光股份,上海,文教休闲,主板,20150127,20260805,22.96,-1.0771,92451428.0,21026662384.0,21026662384.0,210.26662384,210.26662384,0.84,16.0454,2.1829
603900,莱绅通灵,江苏,服饰,主板,20161123,20260805,5.95,1.5358,56536892.0,2040634610.0,2039206610.0,20.4063461,20.3920661,1.33,34.1561,1.0229
603901,永创智能,浙江,专用机械,主板,20150529,20260805,9.62,1.3699,76530545.0,5548388872.0,5472809342.0,55.48388872,54.72809342,0.89,40.4286,1.884
603903,中持股份,北京,环境保护,主板,20170314,20260805,12.23,6.9991,223021295.0,3122557485.0,3122557485.0,31.22557485,31.22557485,1.57,,2.185
603906,龙蟠科技,江苏,电气设备,主板,20170410,20260805,19.6,3.1036,534846525.99999994,15505793240.0,11034731399.999998,155.0579324,110.34731399999998,1.06,,5.0946
603908,牧高笛,浙江,纺织,主板,20170307,20260805,18.11,-1.3079,18686312.0,1686529970.0,1686529970.0,16.8652997,16.8652997,0.83,,3.4718
603909,建发合诚,福建,建筑工程,主板,20160628,20260805,9.02,0.4454,29033283.0,2351271362.0,2351271362.0,23.51271362,23.51271362,1.16,21.533,1.9857
603912,佳力图,江苏,专用机械,主板,20171101,20260805,7.8,-0.5102,349418152.0,4230145140.0000005,4230145140.0000005,42.301451400000005,42.301451400000005,2.88,,2.4584
603915,国茂股份,江苏,机械基件,主板,20190614,20260805,13.75,0.8804,74731856.0,9183384375.0,9028696875.0,91.83384375,90.28696875,0.84,39.0728,2.4214
603916,苏博特,江苏,化工原料,主板,20171110,20260805,10.37,0.9737,69641790.0,4358799286.0,4358799286.0,43.58799286,43.58799286,0.76,36.0251,1.0229
603917,合力科技,浙江,汽车配件,主板,20171204,20260805,11.71,1.8261,50251219.0,2386966400.0,2386966400.0,23.869664,23.869664,1.11,83.1113,1.4218
603918,金桥信息,上海,软件服务,主板,20150528,20260805,11.22,0.7181,263121532.0,4096506150.0,4096506150.0,40.9650615,40.9650615,0.6,,4.186
603919,金徽酒,甘肃,白酒,主板,20160310,20260805,16.55,0.7304,212796509.0,8395153000.0,8395153000.0,83.95153,83.95153,0.76,23.6892,2.3745
603920,世运电路,广东,元器件,主板,20170426,20260805,34.48,4.2952,929637968.0,24846022503.999996,24846022503.999996,248.46022503999995,248.46022503999995,0.9,36.3268,3.8159
603922,ST金鸿顺,江苏,汽车配件,主板,20171023,20260805,10.7,1.711,15131429.0,1917440000.0,1917440000.0,19.1744,19.1744,1.12,,2.0608
603926,铁流股份,浙江,汽车配件,主板,20170510,20260805,15.92,2.9089,74581642.0,3709146672.0000005,3674950512.0,37.09146672000001,36.74950512,0.77,47.8754,2.1198
603927,中科软,北京,软件服务,主板,20190909,20260805,14.22,-0.2105,183843640.0,11817388799.999998,11817388799.999998,118.17388799999998,118.17388799999998,0.89,52.7692,3.7215
603928,兴业股份,江苏,化工原料,主板,20161212,20260805,11.94,10.0461,399335629.0,4068005760.0,4068005760.0,40.6800576,40.6800576,1.07,40.0638,2.5197
603929,亚翔集成,江苏,装修装饰,主板,20161230,20260805,159.28,8.6197,1386487486.0,33983980800.0,33983980800.0,339.839808,339.839808,1.05,38.0916,14.2331
603931,格林达,浙江,化工原料,主板,20200819,20260805,34.64,7.4775,392544108.0,6912702976.000001,6912702976.000001,69.12702976000001,69.12702976000001,1.05,56.4236,3.464
603933,睿能科技,福建,元器件,主板,20170706,20260805,19.02,3.1453,99971897.0,3947498292.0,3947498292.0,39.47498292,39.47498292,1.05,112.9523,2.9483
603936,博敏电子,广东,元器件,主板,20151209,20260805,13.9,3.4226,758615419.0,8970337200.0,8762532200.0,89.703372,87.625322,1.33,1356.7323,2.0861
603937,丽岛新材,江苏,铝,主板,20171102,20260805,10.85,1.687,53170886.0,2266478200.0,2266478200.0,22.664782,22.664782,0.95,,1.4647
603938,三孚股份,河北,化工原料,主板,20170628,20260805,39.8,6.4456,869120840.0,15228455100.0,15228455100.0,152.284551,152.284551,1.58,189.6469,5.9947
603939,益丰药房,湖南,医药商业,主板,20150217,20260805,22.62,0.8021,301707156.0,27424318350.0,27424318350.0,274.2431835,274.2431835,1.09,16.3388,2.3022
603948,建业股份,浙江,化工原料,主板,20200302,20260805,20.31,2.4723,31121344.0,3300155652.0,3300155652.0,33.00155652,33.00155652,1.14,14.3511,1.4928
603949,雪龙集团,浙江,汽车配件,主板,20200310,20260805,13.85,1.4652,40733580.0,2918703295.0,2911343405.0,29.18703295,29.11343405,0.9,32.4354,2.6412
603950,长源东谷,湖北,汽车配件,主板,20200526,20260805,57.61,9.2961,575681009.0,18673175388.0,18658081568.0,186.73175388,186.58081568,0.99,48.0046,6.0314
603955,大千生态,江苏,建筑工程,主板,20170310,20260805,20.51,3.169,36822401.0,2783617199.9999995,2783617199.9999995,27.836171999999994,27.836171999999994,0.67,,1.948
603956,威派格,上海,专用机械,主板,20190222,20260805,6.92,-3.6212,295625361.0,3943751596.0,3943751596.0,39.43751596,39.43751596,0.96,,2.1397
603958,哈森股份,江苏,服饰,主板,20160629,20260805,14.35,2.2808,46865732.0,3147816000.0,3147816000.0,31.47816,31.47816,0.63,,4.8346
603959,ST百利,湖南,建筑工程,主板,20160517,20260805,4.31,0.7009,32265637.0,2113188690.0,2113188690.0,21.1318869,21.1318869,1.34,,5404.8873
603960,克来机电,上海,汽车配件,主板,20170314,20260805,16.09,1.0678,89724974.0,4218764211.0,4218764211.0,42.18764211,42.18764211,0.85,152.9511,3.7472
603966,法兰泰克,江苏,专用机械,主板,20170125,20260805,7.93,0.507,46225004.0,4126731557.0,4121198003.0,41.26731557,41.21198003,0.97,17.5892,1.9447
603967,中创物流,山东,仓储物流,主板,20190429,20260805,11.51,1.0536,44665087.0,3990133717.0,3990133717.0,39.90133717,39.90133717,1.31,15.2978,1.6076
603968,醋化股份,江苏,化工原料,主板,20150518,20260805,9.91,-0.8008,25812578.0,2026396800.0,2026396800.0,20.263968,20.263968,0.71,,1.1575
603969,银龙股份,天津,其他建材,主板,20150227,20260805,7.38,-0.4049,115361319.0,6431919444.0,6284467044.0,64.31919444,62.84467044,0.87,17.5903,2.2716
603970,中农立华,北京,农药化肥,主板,20171116,20260805,10.28,-0.5803,22649031.0,2763265028.0,2763265028.0,27.63265028,27.63265028,0.87,16.0158,1.6986
603976,正川股份,重庆,医疗保健,主板,20170822,20260805,26.96,3.8921,109214478.0,4626726920.0,4626726920.0,46.2672692,46.2672692,0.82,244.7515,3.8956
603977,国泰集团,江西,化工原料,主板,20161111,20260805,11.92,2.8473,145843663.0,7405202256.0,7405202256.0,74.05202256,74.05202256,1.36,29.3596,2.1411
603978,深圳新星,深圳,小金属,主板,20170807,20260805,19.14,0.9494,171943925.0,4040344902.0,4040344902.0,40.40344902,40.40344902,0.97,,2.436
603979,金诚信,北京,铜,主板,20150630,20260805,78.68,9.9958,844755627.0,49080001767.99999,49080001767.99999,490.80001767999994,490.80001767999994,1.42,20.986,4.2873
603980,吉华集团,浙江,染料涂料,主板,20170615,20260805,6.74,-0.1481,221556323.0,4561857116.0,4561857116.0,45.61857116,45.61857116,0.48,84.018,1.1575
603982,泉峰汽车,江苏,汽车配件,主板,20190522,20260805,5.89,-0.1695,27259850.0,2150609221.0,1999970115.0,21.50609221,19.99970115,0.85,,1.0137
603983,丸美生物,广东,日用化工,主板,20190725,20260805,28.75,1.5901,122130888.0,11528750000.0,11528750000.0,115.2875,115.2875,0.55,46.63,3.359
603985,恒润股份,江苏,电气设备,主板,20170505,20260805,16.6,2.2167,236043864.0,7318242800.0,7318242800.0,73.182428,73.182428,0.83,87.6624,2.1907
603986,兆易创新,北京,半导体,主板,20160818,20260805,385.44,8.2636,26179493914.0,270480592800.0,257663517936.0,2704.805928,2576.63517936,0.86,164.1243,10.7022
603987,康德莱,上海,医疗保健,主板,20161121,20260805,7.35,-0.2714,28503432.0,3210413115.0,3210413115.0,32.10413115,32.10413115,1.03,13.3573,1.1276
603988,中电电机,江苏,电气设备,主板,20141104,20260805,20.65,10.016,447747466.0,4856880000.0,4856880000.0,48.5688,48.5688,1.21,158.487,7.2875
603989,艾华集团,湖南,元器件,主板,20150515,20260805,27.24,6.7398,749388987.0,10862764476.0,10862764476.0,108.62764476,108.62764476,1.07,40.9882,2.7486
603990,麦迪科技,江苏,软件服务,主板,20161208,20260805,19.12,6.4588,632863019.0,5836292047.999999,5836292047.999999,58.36292047999999,58.36292047999999,1.51,149.0434,6.958
603991,领先股份,深圳,半导体,主板,20170308,20260805,122.57,5.2555,346986935.0,18717627929.0,10974488805.0,187.17627929,109.74488805,0.78,,5.3248
603992,松霖科技,福建,家居用品,主板,20190826,20260805,24.58,0.7377,57037369.0,10889967444.0,10889967444.0,108.89967444,108.89967444,0.79,53.0152,2.9709
603993,洛阳钼业,河南,小金属,主板,20121009,20260805,20.47,6.6701,7841917953.0,437941529794.0,357423439834.0,4379.41529794,3574.23439834,2.06,21.5324,4.9281
603995,甬金股份,浙江,特种钢,主板,20191224,20260805,22.47,9.9853,178623151.0,8170305465.000001,8170305465.000001,81.70305465000001,81.70305465000001,1.98,14.8905,1.3826
603997,继峰股份,浙江,汽车配件,主板,20150302,20260805,13.16,1.4649,200308560.0,16743006084.0,16743006084.0,167.43006084,167.43006084,0.79,36.9123,3.0955
603998,方盛制药,湖南,中成药,主板,20141205,20260805,9.45,-0.9434,77226335.0,4149319230.0,4149319230.0,41.4931923,41.4931923,1.06,13.5427,2.3929
603999,读者传媒,甘肃,出版业,主板,20151210,20260805,5.56,-1.4184,35953816.0,3202560000.0,3202560000.0,32.0256,32.0256,0.96,37.4594,1.543
605001,威奥股份,山东,运输设备,主板,20200522,20260805,5.4,-0.5525,28029454.0,2121584400.0,2121584400.0,21.215844,21.215844,0.86,24.6868,0.7753
605003,众望布艺,浙江,纺织,主板,20200908,20260805,20.16,0.0,29692386.0,2217600000.0,2217600000.0,22.176,22.176,1.46,30.5881,1.508
605005,合兴股份,浙江,汽车配件,主板,20210119,20260805,15.11,0.5323,19971245.0,6059110000.0,6059110000.0,60.5911,60.5911,1.45,29.2938,2.8481
605006,山东玻纤,山东,玻璃,主板,20200903,20260805,13.85,7.2812,573933007.0,9052378005.0,9052378005.0,90.52378005,90.52378005,1.13,,3.6122
605007,五洲特纸,浙江,造纸,主板,20201110,20260805,16.1,2.4825,96382311.0,7659253000.0,7640691310.000001,76.59253,76.40691310000001,0.95,31.2943,2.1313
605008,长鸿高科,浙江,橡胶,主板,20200821,20260805,11.45,-0.3481,25047485.0,7396269480.0,7396269480.0,73.9626948,73.9626948,0.71,,3.7871
605009,豪悦护理,浙江,造纸,主板,20200911,20260805,24.1,-0.5365,23860706.0,5180475750.0,5180475750.0,51.8047575,51.8047575,0.71,22.3318,1.4869
605011,杭州热电,浙江,供气供热,主板,20210630,20260805,17.85,-0.1119,104254419.0,7141785000.0,7141785000.0,71.41785,71.41785,0.8,38.2979,2.8896
605016,百龙创园,山东,食品,主板,20210421,20260805,21.75,1.683,78958704.0,9135267525.0,9135267525.0,91.35267525,91.35267525,0.45,24.787,4.3876
605018,长华集团,浙江,汽车配件,主板,20200929,20260805,12.75,4.0816,63392821.0,5993338950.0,5993338950.0,59.9333895,59.9333895,0.7,62.9296,2.1169
605020,永和股份,浙江,化工原料,主板,20210709,20260805,34.58,5.9761,605929647.0,17664110646.0,17391111920.0,176.64110646,173.9111192,1.38,31.4514,2.9772
605028,世茂能源,浙江,供气供热,主板,20210712,20260805,26.18,-0.5697,45127286.0,4188800000.0,4188800000.0,41.888,41.888,0.64,24.2995,3.0472
605033,美邦股份,陕西,农药化肥,主板,20210916,20260805,18.21,0.8864,90484331.0,2461992000.0,2461992000.0,24.61992,24.61992,0.92,50.591,2.0679
605050,福然德,上海,仓储物流,主板,20200924,20260805,10.65,-1.0223,35211673.0,5248630980.0,5248630980.0,52.4863098,52.4863098,0.93,13.9788,1.1751
605055,迎丰股份,浙江,纺织,主板,20210129,20260805,9.04,2.9613,40022689.0,3977600000.0,3977600000.0,39.776,39.776,0.92,,4.0493
605056,咸亨国际,浙江,电器仪表,主板,20210720,20260805,15.13,1.7485,212176218.0,6194119116.0,6103339116.0,61.94119116,61.03339116,1.64,23.8609,3.3711
605058,澳弘电子,江苏,元器件,主板,20201021,20260805,25.41,2.7913,76505215.0,3631726791.0,3631726791.0,36.31726791,36.31726791,1.24,23.823,1.9985
605060,联德股份,浙江,机械基件,主板,20210301,20260805,40.18,6.6348,221732059.0,9666986560.0,9600625272.0,96.6698656,96.00625272,1.06,42.4558,3.8246
605066,天正电气,浙江,电气设备,主板,20200807,20260805,6.7,-1.1799,50949880.0,3366301770.0000005,3366301770.0000005,33.663017700000005,33.663017700000005,1.4,36.4715,1.8796
605068,明新旭腾,浙江,汽车配件,主板,20201123,20260805,21.95,2.2357,377679320.0,3560257075.0,3560257075.0,35.60257075,35.60257075,1.45,240.3806,2.3045
605069,正和生态,北京,环境保护,主板,20210816,20260805,10.65,1.2357,85061066.0,2254581570.0,2254581570.0,22.5458157,22.5458157,0.67,,3.2806
605077,华康股份,浙江,食品,主板,20210209,20260805,10.95,-0.905,47933350.0,3318398595.0,3278754120.0,33.18398595,32.7875412,0.73,16.5672,1.0815
605080,浙江自然,浙江,文教休闲,主板,20210506,20260805,20.19,-0.1977,31952408.0,2844956748.0,2833690728.0,28.44956748,28.33690728,0.97,14.8624,1.25
605086,龙高股份,福建,矿物制品,主板,20210416,20260805,23.92,3.1479,42203146.0,4286464000.0,4286464000.0,42.86464,42.86464,1.19,35.3429,2.631
605088,冠盛股份,浙江,汽车配件,主板,20200817,20260805,21.6,2.2727,121762914.0,4378883760.0,4345788240.0,43.7888376,43.4578824,1.11,14.8338,1.4809
605089,味知香,江苏,食品,主板,20210427,20260805,20.18,0.3481,26248790.0,2784840000.0,2784840000.0,27.8484,27.8484,0.69,40.5079,2.1988
605090,九丰能源,江西,供气供热,主板,20210525,20260805,33.56,2.5986,462421355.0,23690551028.0,23666629460.0,236.90551028,236.6662946,0.81,16.0087,2.0164
605098,行动教育,上海,文教休闲,主板,20210421,20260805,59.0,-1.8303,167169681.0,7035814900.0,7035814900.0,70.358149,70.358149,1.76,21.9922,6.8657
605099,共创草坪,江苏,文教休闲,主板,20200930,20260805,33.04,1.1635,46683723.0,13293462279.999998,13264479592.0,132.93462279999997,132.64479592,0.7,19.9101,3.9848
605100,华丰股份,山东,机械基件,主板,20200811,20260805,30.5,1.8024,117930108.0,7290171000.0,7256096400.0,72.90171,72.560964,0.85,319.9398,4.0459
605108,同庆楼,安徽,酒店餐饮,主板,20200716,20260805,12.7,-0.4702,50830006.0,3302000000.0,3302000000.0,33.02,33.02,0.55,32.3318,1.4153
605111,新洁能,江苏,半导体,主板,20200928,20260805,52.29,5.6791,1010850806.0,21717741654.0,21717741654.0,217.17741654,217.17741654,0.79,55.1727,5.0021
605116,奥锐特,浙江,化学制药,主板,20200921,20260805,19.84,-1.8793,76468291.0,8058674688.0,8058674688.0,80.58674688,80.58674688,1.44,17.9397,2.9853
605117,德业股份,浙江,电气设备,主板,20210420,20260805,83.76,1.5519,1207357816.0,106645828560.0,106645828560.0,1066.4582856,1066.4582856,1.22,33.6341,9.2229
605118,力鼎光电,福建,元器件,主板,20200730,20260805,28.98,-0.8553,190285743.0,11918459700.0,11849009130.0,119.184597,118.4900913,2.14,45.8337,7.3679
605122,四方新材,重庆,水泥,主板,20210310,20260805,10.84,-0.0922,29056311.0,1868317360.0,1868317360.0,18.6831736,18.6831736,0.96,,1.0747
605123,派克新材,江苏,航空,主板,20200825,20260805,83.2,2.0483,333198840.0,10081418880.0,10081418880.0,100.8141888,100.8141888,1.81,39.9463,2.1635
605128,上海沿浦,上海,汽车配件,主板,20200915,20260805,23.64,1.6774,94927699.0,7422645588.0,7422645588.0,74.22645588,74.22645588,0.94,39.5533,3.3849
605133,嵘泰股份,江苏,汽车配件,主板,20210224,20260805,26.34,3.3752,191395434.0,7514146134.0,7430990754.0,75.14146134,74.30990754,1.0,39.379,1.9668
605136,丽人丽妆,上海,其他商业,主板,20200929,20260805,8.25,0.9792,77017773.0,3303782625.0,3303782625.0,33.03782625,33.03782625,0.6,,1.3686
605138,盛泰集团,浙江,服饰,主板,20211027,20260805,5.61,-0.708,23932966.0,3116757236.9999995,3116757236.9999995,31.167572369999995,31.167572369999995,0.88,102.6251,1.2423
605151,西上海,上海,汽车配件,主板,20201215,20260805,17.8,1.4823,22756256.0,2395064760.0,2395064760.0,23.9506476,23.9506476,0.68,,1.7395
605155,西大门,浙江,家居用品,主板,20201231,20260805,14.2,5.4195,151566087.0,2705375480.0,2652964699.9999995,27.0537548,26.529646999999994,3.2,24.2257,1.9743
605158,华达新材,浙江,钢加工,主板,20200805,20260805,6.74,-0.4431,18610148.0,3446970800.0,3446970800.0,34.469708,34.469708,1.06,52.793,1.4223
605162,新中港,浙江,供气供热,主板,20210707,20260805,8.57,0.2339,174317274.0,3795192791.0,3795192791.0,37.95192791,37.95192791,0.64,30.8237,2.9389
605166,聚合顺,浙江,化纤,主板,20200618,20260805,8.59,0.7034,44105353.0,2703565060.0,2703565060.0,27.0356506,27.0356506,1.31,18.6653,1.36
605167,利柏特,江苏,建筑工程,主板,20210726,20260805,15.87,0.1894,531424189.99999994,8092233612.0,8092233612.0,80.92233612,80.92233612,8.44,37.0278,3.9291
605168,三人行,陕西,互联网,主板,20200528,20260805,39.37,4.7911,286889576.0,8299865290.0,8299865290.0,82.9986529,82.9986529,1.21,43.6982,3.0352
605169,洪通燃气,新疆,供气供热,主板,20201030,20260805,10.03,-0.8893,25066075.0,2837286400.0,2837286400.0,28.372864,28.372864,0.85,23.3346,1.407
605177,东亚药业,浙江,化学制药,主板,20201125,20260805,16.63,0.1807,30472131.0,1907800252.0,1890037749.0,19.07800252,18.90037749,0.89,,1.1483
605178,时空科技,北京,装修装饰,主板,20200821,20260805,64.24,10.0,125694158.0,6364899200.0,6364899200.0,63.648992,63.648992,0.48,,5.7658
605179,一鸣食品,浙江,乳制品,主板,20201228,20260805,23.34,7.6072,868998989.0,9359340000.0,9359340000.0,93.5934,93.5934,1.75,182.8233,8.1312
605180,华生科技,浙江,纺织,主板,20210430,20260805,11.73,0.7732,15719452.0,1982370000.0,1982370000.0,19.8237,19.8237,0.93,75.6214,1.7261
605183,确成股份,江苏,化工原料,主板,20201207,20260805,14.6,0.2059,18564803.0,6061692240.0,6021469240.0,60.6169224,60.2146924,0.86,12.1968,1.6008
605186,健麾信息,上海,专用机械,主板,20201222,20260805,24.89,4.3606,110055875.0,3385040000.0,3385040000.0,33.8504,33.8504,1.16,109.9662,3.0597
605188,国光连锁,江西,超市连锁,主板,20200728,20260805,12.81,0.3918,114836611.0,6504232665.0,6504232665.0,65.04232665,65.04232665,0.53,415.5245,5.313
605189,富春染织,安徽,纺织,主板,20210528,20260805,16.79,5.2665,493676814.0,3999963971.0,3999963971.0,39.99963971,39.99963971,1.17,52.1345,2.0967
605196,华通线缆,河北,电气设备,主板,20210511,20260805,32.8,1.1097,531706076.0,16759884879.999998,16641096399.999998,167.59884879999998,166.41096399999998,0.62,58.6638,4.9501
605198,安德利,山东,软饮料,主板,20200918,20260805,61.41,8.3451,203026574.0,20522485080.0,16613615759.999998,205.2248508,166.1361576,0.85,62.1244,7.1947
605199,ST葫芦娃,海南,中成药,主板,20200710,20260805,5.79,-0.6861,7754322.0,2316629952.0,2316629952.0,23.16629952,23.16629952,1.03,,6.0374
605208,永茂泰,上海,铝,主板,20210308,20260805,13.05,2.3529,161432323.0,4305717000.0,4305717000.0,43.05717,43.05717,0.81,63.785,1.9373
605218,伟时电子,江苏,元器件,主板,20200928,20260805,13.56,1.0432,46339066.0,3292568688.0,2886022260.0000005,32.92568688,28.860222600000004,1.03,148.3308,1.8563
605222,起帆电缆,上海,电气设备,主板,20200731,20260805,19.76,2.2774,157463434.0,8159058128.0,8159058128.0,81.59058128,81.59058128,0.94,47.7768,1.7335
605228,神通科技,浙江,汽车配件,主板,20210120,20260805,11.1,5.4131,139309520.0,5317513830.0,5296201830.0,53.1751383,52.9620183,1.9,39.9852,2.3247
605255,天普股份,浙江,汽车配件,主板,20200825,20260805,69.3,1.9118,65698853.0,9291744000.0,9291744000.0,92.91744,92.91744,0.78,355.3709,11.4315
605258,协和电子,江苏,元器件,主板,20201203,20260805,25.97,2.5266,65411656.0,2285360000.0,2285360000.0,22.8536,22.8536,1.36,34.2587,1.8758
605259,绿田机械,浙江,农用机械,主板,20210615,20260805,18.13,-0.3846,12032615.0,3127062400.0,3127062400.0,31.270624,31.270624,0.91,12.7361,1.6593
605266,健之佳,云南,医药商业,主板,20201201,20260805,16.27,-1.5133,30388665.0,2514412983.0,2514412983.0,25.14412983,25.14412983,1.09,16.9722,0.9283
605268,王力安防,浙江,家居用品,主板,20210224,20260805,9.22,0.3264,24405274.0,4061871000.0,4061871000.0,40.61871,40.61871,1.09,32.3184,2.3553
605277,新亚电子,浙江,元器件,主板,20210106,20260805,15.33,1.8605,109602843.0,5960080182.000001,5852406861.000001,59.60080182000001,58.52406861000001,1.43,27.0196,3.4154
605286,同力天启,江苏,运输设备,主板,20210322,20260805,23.54,0.8569,48103507.0,3954720000.0,3954720000.0,39.5472,39.5472,1.15,19.9043,1.8317
605287,德才股份,山东,装修装饰,主板,20210706,20260805,36.9,-2.381,321910460.0,5166000000.0,5166000000.0,51.66,51.66,1.37,73.8589,3.2669
605288,凯迪股份,江苏,电气设备,主板,20200601,20260805,58.59,-0.93,156889108.0,5797023498.0,5758137315.0,57.97023498,57.58137315,1.43,95.4166,2.5891
605289,罗曼股份,上海,建筑工程,主板,20210426,20260805,91.8,4.4369,399692989.0,14009643899.999998,13990182300.0,140.09643899999998,139.901823,0.76,257.6162,10.2847
605296,神农集团,云南,农业综合,主板,20210528,20260805,29.78,2.8315,79836306.0,15671147268.0,15425575432.0,156.71147268,154.25575432,0.91,46.2325,3.662
605298,必得科技,江苏,运输设备,主板,20210301,20260805,46.35,0.7828,49252632.0,8706847500.0,8632733850.0,87.068475,86.3273385,0.84,153.344,8.1351
605299,舒华体育,福建,文教休闲,主板,20201215,20260805,12.4,1.7227,144339282.0,5054975320.0,5054975320.0,50.5497532,50.5497532,0.61,56.6637,3.9361
605300,佳禾食品,江苏,乳制品,主板,20210430,20260805,9.75,-0.4086,28808946.0,4430386350.0,4430386350.0,44.3038635,44.3038635,0.57,143.8611,1.5356
605303,园林股份,浙江,建筑工程,主板,20210301,20260805,21.21,0.6167,120353039.0,3419845254.0,3419845254.0,34.19845254,34.19845254,1.3,,4.0416
605305,中际联合,北京,工程机械,主板,20210506,20260805,39.8,0.3783,161630322.0,8458296000.0,8458296000.0,84.58296,84.58296,0.93,15.9489,2.7606
605318,法狮龙,浙江,其他建材,主板,20200803,20260805,75.92,6.8243,167204333.0,9545345680.0,9545345680.0,95.4534568,95.4534568,1.24,,14.9276
605319,无锡振华,江苏,汽车配件,主板,20210607,20260805,24.1,3.1237,66532085.99999999,8437354570.000001,8390455969.999999,84.37354570000001,83.9045597,1.24,18.1374,2.9517
605333,沪光股份,江苏,汽车配件,主板,20200818,20260805,17.27,-0.7471,38276630.0,8013977708.000001,8013977708.000001,80.13977708000002,80.13977708000002,0.72,16.6537,2.3241
605336,*ST帅电,浙江,家用电器,主板,20201019,20260805,10.49,0.3828,7800244.0,1923997125.0,1923997125.0,19.23997125,19.23997125,0.8,,1.0665
605337,李子园,浙江,乳制品,主板,20210208,20260805,9.51,0.3165,52897102.0,3709876677.0,3709876677.0,37.09876677,37.09876677,0.45,18.9002,2.2208
605338,巴比食品,上海,食品,主板,20201012,20260805,19.07,0.0525,30571585.0,4568536969.0,4568536969.0,45.68536969,45.68536969,0.62,16.7322,1.9158
605339,南侨食品,上海,食品,主板,20210518,20260805,13.25,-1.1194,38766020.0,5621850450.0,5621850450.0,56.2185045,56.2185045,0.63,138.2367,1.6429
605358,立昂微,浙江,半导体,主板,20200911,20260805,41.64,8.7206,2268077017.0,32154383016.0,32154383016.0,321.54383016,321.54383016,1.21,,4.607
605365,立达信,福建,家用电器,主板,20210720,20260805,13.74,-0.1453,51592393.0,6897657246.0,6897657246.0,68.97657246,68.97657246,0.98,33.0743,1.8139
605366,宏柏新材,江西,化工原料,主板,20200812,20260805,7.7,4.9046,270775528.0,5950773290.0,5950773290.0,59.5077329,59.5077329,1.53,,2.2234
605368,蓝天燃气,河南,供气供热,主板,20210129,20260805,6.73,-0.7375,29580557.0,4809499607.0,4809499607.0,48.09499607,48.09499607,0.9,17.054,1.4484
605369,拱东医疗,浙江,医疗保健,主板,20200916,20260805,16.83,3.5055,32838211.000000004,3699284490.0,3699284490.0,36.9928449,36.9928449,1.5,71.8208,2.1537
605376,博迁新材,江苏,小金属,主板,20201208,20260805,157.65,9.9986,2234519315.0,41241240000.0,41241240000.0,412.4124,412.4124,0.74,188.155,23.4285
605377,华旺科技,浙江,造纸,主板,20201228,20260805,9.05,-0.5495,59039222.0,5037866215.0,5037866215.0,50.37866215,50.37866215,1.03,18.5978,1.2686
605378,野马电池,浙江,电气设备,主板,20210412,20260805,14.03,0.9353,30343864.0,3666689992.0,3666689992.0,36.66689992,36.66689992,0.67,62.9585,2.9461
605388,均瑶健康,湖北,乳制品,主板,20200818,20260805,5.97,0.1678,208375586.0,3584889479.9999995,3584889479.9999995,35.8488948,35.8488948,1.02,,2.3332
605389,长龄液压,江苏,机械基件,主板,20210322,20260805,75.0,2.9089,94424820.0,14048490000.0,13286010000.0,140.4849,132.8601,1.15,111.2925,6.513
605398,新炬网络,上海,软件服务,主板,20210121,20260805,21.09,0.19,39822801.0,3431688876.0,3431688876.0,34.31688876,34.31688876,1.09,212.7267,3.3029
605399,晨光新材,江西,化工原料,主板,20200804,20260805,10.42,1.9569,35427646.0,3244488946.0,3241081606.0,32.44488946,32.41081606,0.9,,1.5757
605488,福莱新材,浙江,塑料,主板,20210513,20260805,27.97,3.1723,325224725.0,8390672751.0,7719107457.0,83.90672751,77.19107457,1.22,108.5744,3.7076
605499,东鹏饮料,深圳,软饮料,主板,20210527,20260805,122.54,-3.0921,2061828345.0,89968783447.0,82839110926.0,899.68783447,828.39110926,1.21,20.3768,4.6196
605500,森林包装,浙江,造纸,主板,20201222,20260805,6.78,0.1477,29476631.0,2809632000.0,2809632000.0,28.09632,28.09632,0.96,45.883,1.088
605507,国邦医药,浙江,化学制药,主板,20210802,20260805,15.9,-1.548,156889245.0,12439411110.0,12439411110.0,124.3941111,124.3941111,1.62,15.1549,1.481
605555,德昌股份,浙江,家用电器,主板,20211021,20260805,12.0,1.0952,44151202.0,5808828000.0,5808828000.0,58.08828,58.08828,0.77,35.7062,1.9397
605566,福莱蒽特,浙江,染料涂料,主板,20211025,20260805,24.58,3.1473,93986061.0,3277497199.9999995,3277497199.9999995,32.774972,32.774972,0.91,73.0618,1.6126
605567,春雪食品,山东,食品,主板,20211013,20260805,8.72,-0.9091,32110568.0,1744000000.0,1744000000.0,17.44,17.44,0.8,44.1321,1.5697
605577,龙版传媒,黑龙江,出版业,主板,20210824,20260805,9.64,-1.1282,28745306.0,4284444016.0,4284444016.0,42.84444016,42.84444016,0.95,19.1204,1.0636
605580,恒盛能源,浙江,供气供热,主板,20210819,20260805,18.08,3.1963,121710267.0,5062400000.0,5062400000.0,50.624,50.624,1.15,32.4519,4.7164
605588,冠石科技,江苏,元器件,主板,20210812,20260805,43.99,4.5638,91527046.0,3223389245.0,3215651403.9999995,32.23389245,32.15651404,1.05,,3.408
605589,圣泉集团,山东,化工原料,主板,20210810,20260805,38.91,7.4565,2054895779.0,32932976535.0,32914708290.0,329.32976535,329.1470829,1.46,32.7189,3.0188
605598,上海港湾,上海,建筑工程,主板,20210917,20260805,27.18,1.1161,92484173.0,6605196624.0,6605196624.0,66.05196624,66.05196624,0.72,100.6704,3.8549
605599,菜百股份,北京,服饰,主板,20210909,20260805,16.17,1.2523,131375280.99999999,12576667026.0,12576667026.0,125.76667026,125.76667026,0.74,11.0997,2.4862
688001,华兴源创,江苏,专用机械,科创板,20190722,20260805,48.14,6.2928,440568979.0,22701167984.000004,22701167984.000004,227.01167984000003,227.01167984000003,0.95,283.4655,6.6852
688002,睿创微纳,山东,通信设备,科创板,20190722,20260805,151.84,7.2619,1759418980.0,71442724288.0,71442724288.0,714.42724288,714.42724288,0.86,63.5258,10.0392
688003,天准科技,江苏,专用机械,科创板,20190722,20260805,75.79,7.048,467656726.0,14762551730.0,14762551730.0,147.6255173,147.6255173,0.83,193.9167,7.4735
688004,博汇科技,北京,软件服务,科创板,20200612,20260805,23.06,1.1847,68470794.0,1846829280.0000002,1846829280.0000002,18.468292800000004,18.468292800000004,0.94,,3.2176
688005,容百科技,浙江,电气设备,科创板,20190722,20260805,28.86,1.9788,432174802.0,20623898568.0,20623898568.0,206.23898568,206.23898568,1.0,,2.6532
688006,杭可科技,浙江,电气设备,科创板,20190722,20260805,22.37,3.9981,252922989.0,13504147114.0,13504147114.0,135.04147114,135.04147114,1.02,36.659,2.4415
688007,光峰科技,深圳,元器件,科创板,20190722,20260805,10.85,2.1657,52183430.0,4986829260.0,4986829260.0,49.8682926,49.8682926,0.73,,2.0688
688008,澜起科技,上海,半导体,科创板,20190722,20260805,212.0,4.305,12169190898.0,258754056000.0,242690074000.0,2587.54056,2426.90074,1.02,115.7441,12.4128
688009,中国通,北京,运输设备,科创板,20190722,20260805,5.0,-1.3807,194476815.0,52949095000.0,43105090000.0,529.49095,431.0509,0.89,14.3633,1.1058
688010,福光股份,福建,元器件,科创板,20190722,20260805,26.5,4.9089,132088008.99999999,4254882400.0,4254882400.0,42.548824,42.548824,0.9,336.4453,2.4822
688011,新光光电,黑龙江,元器件,科创板,20190722,20260805,71.61,2.0376,148760427.0,7125195000.0,7101026625.0,71.25195,71.01026625,1.14,,6.795
688012,中微公司,上海,半导体,科创板,20190722,20260805,358.0,12.6707,13218245229.0,342907543400.00006,337306526000.0,3429.0754340000008,3373.06526,1.11,162.4021,14.106
688013,天臣医疗,江苏,医疗保健,科创板,20200928,20260805,24.69,-0.4435,26518809.0,2003731764.0,2003731764.0,20.03731764,20.03731764,0.73,23.522,3.4749
688015,交控科技,北京,运输设备,科创板,20190722,20260805,16.08,0.4372,25832452.0,3033985655.9999995,3033985655.9999995,30.339856559999994,30.339856559999994,0.94,19.3953,1.1299
688016,心脉医疗,上海,医疗保健,科创板,20190722,20260805,93.15,-0.3317,138685311.0,11481864615.0,11481864615.0,114.81864615,114.81864615,0.96,20.3823,2.722
688017,绿的谐波,江苏,机械基件,科创板,20200828,20260805,340.54,4.4601,4701419289.0,62431232254.0,62431232254.0,624.31232254,624.31232254,1.05,501.9923,17.4935
688018,乐鑫科技,上海,半导体,科创板,20190722,20260805,110.69,5.0389,948150362.0,25943998167.0,25943998167.0,259.43998167,259.43998167,1.05,52.1131,5.5135
688019,安集科技,上海,半导体,科创板,20190722,20260805,241.09,5.8991,2154662743.0,54846215043.0,54846215043.0,548.46215043,548.46215043,0.89,69.9883,11.9526
688020,方邦股份,广东,元器件,科创板,20190722,20260805,118.8,7.6282,564164508.0,9789476400.0,9789476400.0,97.894764,97.894764,0.95,,7.4406
688021,奥福科技,山东,汽车配件,科创板,20191106,20260805,19.93,0.555,26800278.0,1522925041.0,1522925041.0,15.22925041,15.22925041,0.7,103.533,1.724
688022,ST瀚川,江苏,专用机械,科创板,20190722,20260805,8.05,-0.1241,10259793.0,1415820315.0,1415820315.0,14.15820315,14.15820315,0.69,43.816,2.1455
688023,安恒信息,浙江,软件服务,科创板,20191105,20260805,41.2,2.3602,172791773.0,4209614120.0,4209614120.0,42.0961412,42.0961412,1.05,,1.8883
688025,杰普特,深圳,专用机械,科创板,20191031,20260805,311.17,3.2758,1584476808.0,29576521798.0,29576521798.0,295.76521798,295.76521798,1.13,106.0894,12.3014
688026,洁特生,广东,医疗保健,科创板,20200122,20260805,13.87,1.7608,36283524.0,1946854228.0,1946232852.0000002,19.46854228,19.462328520000003,1.05,40.3608,1.7972
688027,国盾量子,安徽,通信设备,科创板,20200709,20260805,421.8,3.8481,1113910276.0,43386769800.00001,33901921919.999996,433.8676980000001,339.01921919999995,1.07,8046.6441,13.4486
688028,沃尔德,北京,机械基件,科创板,20190722,20260805,79.0,10.1813,673522062.0,11924971000.0,11924971000.0,119.24971,119.24971,1.01,126.178,5.899
688029,南微医学,江苏,医疗保健,科创板,20190722,20260805,71.89,-0.0834,97339604.0,13504349586.0,13504349586.0,135.04349586,135.04349586,0.82,23.6782,3.1834
688030,山石网科,江苏,软件服务,科创板,20190930,20260805,17.38,2.2955,77616127.0,3132499942.0,3132499942.0,31.32499942,31.32499942,0.93,,4.6034
688031,星环科技,上海,软件服务,科创板,20221018,20260805,118.07,13.224,1425999657.0,14302515713.0,14302515713.0,143.02515713,143.02515713,1.72,,17.7338
688032,禾迈股份,浙江,电气设备,科创板,20211220,20260805,79.45,-0.3512,73056210.0,9857639575.0,9857639575.0,98.57639575,98.57639575,0.82,,1.7378
688033,*ST天宜,北京,电气设备,科创板,20190722,20260805,6.34,0.6349,18448524.0,3564339123.9999995,3564339123.9999995,35.64339123999999,35.64339123999999,1.02,,2.6875
688035,德邦科技,山东,半导体,科创板,20220919,20260805,60.03,6.5306,334042344.0,8538667200.0,8538667200.0,85.386672,85.386672,0.99,79.35,3.6133
688036,传音控股,深圳,通信设备,科创板,20190930,20260805,56.9,-1.6082,1245564386.0,65502398050.0,65502398050.0,655.0239805,655.0239805,0.99,25.3823,3.0836
688037,芯源微,辽宁,半导体,科创板,20191216,20260805,298.97,8.4285,2287195759.0,60322130505.0,60322130505.0,603.22130505,603.22130505,0.87,841.2524,21.5365
688038,中科通达,湖北,软件服务,科创板,20210713,20260805,17.36,1.2835,44515579.0,2020242224.0,2020242224.0,20.20242224,20.20242224,0.9,,3.4104
688039,当虹科技,浙江,软件服务,科创板,20191211,20260805,36.43,2.6197,108423275.0,4029209001.9999995,4029209001.9999995,40.292090019999996,40.292090019999996,1.13,,3.8815
688041,海光信息,天津,半导体,科创板,20220812,20260805,288.85,4.9029,7662436933.0,671385060185.0,671385060185.0,6713.85060185,6713.85060185,0.98,263.8168,28.5728
688045,必易微,深圳,半导体,科创板,20220526,20260805,51.53,4.9705,97123431.0,3636832810.0,3636832810.0,36.3683281,36.3683281,0.89,301.1765,2.5529
688046,药康生物,江苏,生物制药,科创板,20220425,20260805,27.26,2.4042,296695522.0,11181675811.999998,11181675811.999998,111.81675811999997,111.81675811999997,1.07,78.3926,4.9066
688047,龙芯中科,北京,半导体,科创板,20220624,20260805,112.2,2.2603,576460909.0,44992200000.0,44992200000.0,449.922,449.922,0.99,,18.7577
688048,长光华芯,江苏,半导体,科创板,20220401,20260805,259.0,-2.6938,5228712639.0,45656494100.0,45656494100.0,456.564941,456.564941,1.3,2097.7915,15.1497
688049,炬芯科技,广东,半导体,科创板,20211129,20260805,42.33,3.1181,408757864.0,7414848741.0,7414848741.0,74.14848741,74.14848741,0.82,36.2432,3.541
688050,爱博医疗,北京,医疗保健,科创板,20200729,20260805,41.04,-0.1703,95026973.0,7938683208.0,7938683208.0,79.38683208,79.38683208,0.8,29.6032,2.772
688051,佳华科技,北京,软件服务,科创板,20200320,20260805,24.46,3.5563,38820343.0,1891589640.0,1891589640.0,18.9158964,18.9158964,0.94,,3.2681
688052,纳芯微,江苏,半导体,科创板,20220422,20260805,202.05,5.6029,686989478.0,33036225660.0,28976030910.0,330.3622566,289.7603091,1.01,,4.3493
688053,ST思科瑞,四川,元器件,科创板,20220708,20260805,33.32,1.8026,16404978.0,3332000000.0,3332000000.0,33.32,33.32,0.94,,2.1039
688055,龙腾光电,江苏,元器件,科创板,20200817,20260805,4.09,4.0712,91135180.0,13633333606.0,13633333606.0,136.33333606,136.33333606,1.78,,3.4011
688056,莱伯泰科,北京,电器仪表,科创板,20200902,20260805,42.77,13.9015,108515444.0,2884943425.0000005,2884943425.0000005,28.849434250000005,28.849434250000005,1.39,71.4158,3.5466
688057,金达莱,江西,环境保护,科创板,20201111,20260805,17.82,0.3378,140809950.0,4918320000.0,4918320000.0,49.1832,49.1832,1.09,52.2393,1.5476
688058,宝兰德,北京,软件服务,科创板,20191101,20260805,22.85,-0.0875,39535781.0,1732864025.0,1732864025.0,17.32864025,17.32864025,1.26,,2.812
688059,华锐精密,湖南,机械基件,科创板,20210208,20260805,88.29,17.7828,808797226.0,12358966635.0,11566872900.0,123.58966635,115.668729,1.56,66.2164,5.6912
688060,云涌科技,江苏,IT设备,科创板,20200710,20260805,33.76,-1.2288,10754618.0,2032038032.0,2032038032.0,20.32038032,20.32038032,0.68,,2.2914
688061,灿瑞科技,上海,半导体,科创板,20221018,20260805,35.68,3.3005,39949997.0,4099253792.0000005,4099253792.0000005,40.992537920000004,40.992537920000004,0.58,,1.7852
688062,迈威生物,上海,生物制药,科创板,20220118,20260805,28.51,5.1254,273637012.0,12736278002.0,6564142400.0,127.36278002,65.641424,1.1,,119.2367
688063,派能科技,上海,电气设备,科创板,20201230,20260805,45.49,1.4949,268995668.0,11161390008.0,11161390008.0,111.61390008,111.61390008,0.95,131.7308,1.2081
688065,凯赛生物,上海,化工原料,科创板,20200812,20260805,45.08,-1.6579,265105936.99999997,32515744184.0,26298680240.000004,325.15744184,262.98680240000004,1.26,57.9893,1.8194
688066,*ST航图,北京,软件服务,科创板,20190722,20260805,10.4,4.3129,99810181.0,2738625760.0,2738625760.0,27.3862576,27.3862576,1.03,,
688067,爱威科技,湖南,医疗保健,科创板,20210616,20260805,21.55,0.4662,20913213.0,1465400000.0,1465400000.0,14.654,14.654,0.88,50.7639,2.808
688068,热景生物,北京,医疗保健,科创板,20190930,20260805,104.09,5.2158,402697209.0,9654774269.0,9654774269.0,96.54774269,96.54774269,1.17,,3.9699
688069,德林海,江苏,环境保护,科创板,20200722,20260805,35.94,3.7229,77655250.0,5629390020.0,5629390020.0,56.2939002,56.2939002,0.86,57.0326,4.3403
688070,纵横股份,四川,航空,科创板,20210210,20260805,34.49,3.6358,67408685.0,3049623045.0000005,3049623045.0000005,30.496230450000006,30.496230450000006,1.43,285.5451,5.2679
688071,华依科技,上海,专用机械,科创板,20210729,20260805,37.37,-0.0535,167722872.0,3168591089.0,3168591089.0,31.68591089,31.68591089,0.92,,3.1321
688072,拓荆科技,辽宁,半导体,科创板,20220420,20260805,677.88,12.139,7264306441.0,197045480520.0,191631930840.0,1970.4548052,1916.3193084,1.24,212.6304,27.1891
688073,毕得医药,上海,化学制药,科创板,20221011,20260805,51.44,1.5597,106614988.0,4675016376.0,4675016376.0,46.75016376,46.75016376,0.89,30.8095,2.2262
688075,安旭生物,浙江,医疗保健,科创板,20211118,20260805,28.44,0.4237,22324300.0,3614234832.0,3614234832.0,36.14234832,36.14234832,1.05,52.0623,0.7017
688076,ST诺泰,江苏,生物制药,科创板,20210520,20260805,27.84,2.1651,48658544.0,8820157440.0,8820157440.0,88.2015744,88.2015744,1.37,26.5333,2.8308
688077,大地熊,安徽,矿物制品,科创板,20200722,20260805,24.67,3.83,103455462.0,2824184595.0,2824184595.0,28.24184595,28.24184595,1.97,49.198,2.5429
688078,龙软科技,北京,软件服务,科创板,20191230,20260805,22.73,-1.5165,29415875.0,1656857890.0,1656857890.0,16.5685789,16.5685789,1.25,,2.5051
688079,美迪凯,浙江,元器件,科创板,20210302,20260805,14.92,6.9534,241085828.0,6142565492.0,6037085568.0,61.42565492,60.37085568,1.0,,4.9195
688080,映翰通,北京,通信设备,科创板,20200212,20260805,35.38,0.5685,47086929.0,2605952818.0,2605952818.0,26.05952818,26.05952818,1.27,17.4865,2.2165
688081,兴图新科,湖北,软件服务,科创板,20200106,20260805,30.08,3.5813,66209708.0,3099443200.0,3099443200.0,30.994432,30.994432,1.13,,7.8592
688082,盛美上,上海,半导体,科创板,20211118,20260805,280.41,9.1089,2718710838.0,135324940647.0,133871379330.0,1353.24940647,1338.7137933,1.32,96.9425,9.9193
688083,中望软件,广东,软件服务,科创板,20210311,20260805,51.84,4.812,224053460.0,8794459008.0,8794459008.0,87.94459008,87.94459008,0.97,423.9227,3.3295
688084,晶品特装,北京,专用机械,科创板,20221208,20260805,43.92,2.6168,66108287.0,3322947672.0,3322947672.0,33.22947672,33.22947672,0.82,,2.167
688085,三友医疗,上海,医疗保健,科创板,20200409,20260805,13.11,0.0,60430632.0,4808863368.0,4596570516.0,48.08863368,45.96570516,1.2,76.21,2.2681
688087,英科再生,山东,环境保护,科创板,20210709,20260805,40.11,3.5097,83909704.0,7747025895.0,7470307005.0,77.47025895,74.70307005,0.68,27.1127,2.688
688088,虹软科技,浙江,软件服务,科创板,20190722,20260805,35.54,2.4207,383514545.0,14257596016.0,14257596016.0,142.57596016,142.57596016,1.31,55.175,5.1438
688089,ST嘉必优,湖北,食品,科创板,20191219,20260805,7.61,2.5606,30688228.0,1265999600.0,1265999600.0,12.659996,12.659996,0.45,8.8085,0.797
688090,瑞松科技,广东,专用机械,科创板,20200217,20260805,58.15,8.9155,660229493.0,9229713375.0,9229713375.0,92.29713375,92.29713375,1.07,799.2845,9.9742
688091,上海谊众,上海,化学制药,科创板,20210909,20260805,39.31,-0.0254,116897375.0,8125520088.0,8100731635.0,81.25520088,81.00731635,0.96,125.8682,5.6097
688092,爱科科技,浙江,专用机械,科创板,20210319,20260805,22.34,-0.2233,16934350.0,1846707058.0,1846707058.0,18.46707058,18.46707058,1.03,36.4279,2.7745
688093,世华科技,江苏,化工原料,科创板,20200930,20260805,27.12,1.194,66982246.0,7603981536.0,7603981536.0,76.03981536,76.03981536,1.17,19.0617,2.6493
688095,福昕软件,福建,软件服务,科创板,20200908,20260805,72.6,3.7439,845525747.0,6632699700.0,6632699700.0,66.326997,66.326997,1.38,219.3616,2.5234
688096,京源环保,江苏,环境保护,科创板,20200409,20260805,8.49,2.2892,61567073.0,1984586742.0,1984586742.0,19.84586742,19.84586742,0.75,,2.4007
688097,博众精工,江苏,专用机械,科创板,20210512,20260805,43.3,6.5453,351545261.0,19339849740.0,19339849740.0,193.3984974,193.3984974,1.31,32.5991,4.0292
688098,申联生物,上海,农业综合,科创板,20191028,20260805,8.37,0.0,17171837.0,3437090280.0,3437090280.0,34.3709028,34.3709028,0.96,,2.4774
688099,晶晨股份,上海,半导体,科创板,20190808,20260805,96.92,0.9058,1792762565.0,41028174400.0,41028174400.0,410.281744,410.281744,1.01,46.9976,5.4461
688100,威胜信息,湖南,通信设备,科创板,20200121,20260805,31.14,-0.6699,102203108.0,15311077128.000002,15311077128.000002,153.11077128000002,153.11077128000002,0.68,22.9804,4.3257
688101,三达膜,陕西,环境保护,科创板,20191115,20260805,15.59,1.2338,70267208.0,5176068639.0,5176068639.0,51.76068639,51.76068639,1.03,13.684,1.1433
688102,斯瑞新材,陕西,铜,科创板,20220316,20260805,33.19,5.2315,635548158.0,25923879250.0,25848614287.0,259.2387925,258.48614287,1.23,175.6384,13.2761
688103,国力电子,江苏,元器件,科创板,20210910,20260805,69.88,6.8338,281304127.0,6660654128.000001,6660654128.000001,66.60654128000002,66.60654128000002,0.74,94.5601,5.9113
688105,诺唯赞,江苏,生物制药,科创板,20211115,20260805,19.78,7.1506,280557234.0,10225965278.0,10225965278.0,102.25965278,102.25965278,1.86,,2.6912
688106,金宏气体,江苏,化工原料,科创板,20200616,20260805,28.45,7.0354,813492243.0,15231700404.999998,15231700404.999998,152.31700404999998,152.31700404999998,1.08,115.4576,4.5069
688107,安路科技,上海,半导体,科创板,20211112,20260805,31.08,4.4004,270704592.0,12458399352.0,12458399352.0,124.58399352,124.58399352,0.83,,13.8003
688108,赛诺医疗,天津,医疗保健,科创板,20191030,20260805,17.56,4.2136,227840746.0,7339237120.000001,7339237120.000001,73.39237120000001,73.39237120000001,1.32,155.2085,7.3989
688109,品茗科技,浙江,软件服务,科创板,20210330,20260805,74.15,3.7498,66737369.00000001,5846156544.999999,5846156544.999999,58.46156544999999,58.46156544999999,0.8,125.3546,7.3702
688110,东芯股份,上海,半导体,科创板,20211210,20260805,109.92,7.9976,2525754241.0,48626123808.00001,48626123808.00001,486.26123808000006,486.26123808000006,1.03,,13.53
688111,金山办公,北京,软件服务,科创板,20191118,20260805,279.15,1.7125,5229681808.0,129529340610.0,129529340610.0,1295.2934061,1295.2934061,1.0,70.5317,8.5613
688112,鼎阳科技,深圳,电器仪表,科创板,20211201,20260805,50.54,5.7322,122883067.0,8066027326.0,8066027326.0,80.66027326,80.66027326,0.95,56.5679,4.9122
688113,联测科技,江苏,专用机械,科创板,20210506,20260805,35.13,0.9483,28812619.0,2262287688.0,2262287688.0,22.62287688,22.62287688,1.08,25.1014,2.2379
688114,华大智造,深圳,医疗保健,科创板,20220909,20260805,51.85,3.3074,315202770.0,21596359785.000004,21550809559.999996,215.96359785000004,215.50809559999996,1.45,,3.0467
688115,思林杰,广东,电器仪表,科创板,20220314,20260805,54.0,3.9461,149490572.0,5040252000.0,5040252000.0,50.40252,50.40252,1.33,,3.9527
688116,天奈科技,江苏,化工原料,科创板,20190925,20260805,34.22,1.0334,215317929.0,12542728462.0,12542728462.0,125.42728462,125.42728462,0.88,55.0594,3.3302
688117,圣诺生物,四川,生物制药,科创板,20210603,20260805,24.5,2.9844,151672349.0,5398339800.0,5398339800.0,53.983398,53.983398,1.08,34.1831,4.7998
688118,普元信息,上海,软件服务,科创板,20191204,20260805,21.6,2.8571,84378938.0,2015640719.9999998,2015640719.9999998,20.156407199999997,20.156407199999997,1.14,283.9061,2.3862
688119,中钢洛耐,河南,其他建材,科创板,20220606,20260805,4.0,0.0,34989487.0,4500000000.0,4500000000.0,45.0,45.0,0.84,,1.5973
688120,华海清科,天津,半导体,科创板,20220608,20260805,243.0,6.5276,4832122246.0,120596380200.0,120596380200.0,1205.963802,1205.963802,1.02,111.2795,15.6196
688121,*ST卓然,上海,专用机械,科创板,20210906,20260805,2.74,-1.083,15861240.0,640102360.0,555306758.0,6.4010236,5.55306758,0.47,6.7543,0.246
688122,西部超导,陕西,小金属,科创板,20190722,20260805,54.77,2.0876,823745398.0,35582124665.0,35582124665.0,355.82124665,355.82124665,1.16,42.3964,4.9594
688123,聚辰股份,上海,半导体,科创板,20191223,20260805,120.0,6.6667,1255932364.0,19068312000.0,19068312000.0,190.68312,190.68312,0.91,52.4466,7.1224
688125,安达智能,广东,专用机械,科创板,20220415,20260805,115.1,11.1755,231485847.0,9487163540.0,9461622850.0,94.8716354,94.6162285,1.29,,5.288
688126,沪硅产业,上海,半导体,科创板,20200420,20260805,25.5,7.0529,3164570040.0,84278096700.0,72473534700.0,842.780967,724.735347,1.32,,5.0067
688127,蓝特光学,浙江,元器件,科创板,20200921,20260805,62.56,3.405,674487853.0,25392960112.0,25392960112.0,253.92960112,253.92960112,1.21,65.3076,10.874
688128,中国电研,广东,专用机械,科创板,20191105,20260805,22.8,0.7512,42053453.0,9222600000.0,9222600000.0,92.226,92.226,0.74,17.2561,2.5579
688129,东来技术,上海,染料涂料,科创板,20201023,20260805,20.99,0.4306,16705698.0,2528850012.0,2528850012.0,25.28850012,25.28850012,0.58,25.1426,2.4472
688130,晶华微,浙江,半导体,科创板,20220729,20260805,20.2,3.3248,45434682.0,2442000220.0,1217759020.0,24.4200022,12.1775902,1.08,,1.9745
688131,皓元医药,上海,化学制药,科创板,20210608,20260805,80.52,-0.5926,345371084.0,17169609731.999998,17169609731.999998,171.69609731999998,171.69609731999998,0.76,71.5977,5.5111
688132,邦彦技术,深圳,通信设备,科创板,20220923,20260805,13.29,-0.6726,16064023.0,2023072907.9999998,2023072907.9999998,20.230729079999996,20.230729079999996,1.01,,1.7125
688133,泰坦科技,上海,化工原料,科创板,20201030,20260805,21.89,4.7368,106772641.0,3599525930.0,3599525930.0,35.9952593,35.9952593,1.14,,1.323
688135,利扬芯片,广东,半导体,科创板,20201111,20260805,23.31,7.4689,388382251.0,5433651909.0,5433651909.0,54.33651909,54.33651909,1.21,,3.4275
688136,科兴制药,山东,生物制药,科创板,20201214,20260805,18.72,1.5735,75544740.0,3781159200.0,3781159200.0,37.811592,37.811592,1.04,24.3055,2.1885
688137,近岸蛋白,江苏,生物制药,科创板,20220929,20260805,39.61,-2.2699,81780437.0,2769432175.0000005,2769432175.0000005,27.694321750000004,27.694321750000004,1.85,,1.3703
688138,清溢光电,深圳,半导体,科创板,20191120,20260805,30.57,5.0515,293225443.0,9623436000.0,9623436000.0,96.23436,96.23436,1.04,51.3783,3.3953
688139,海尔生物,山东,医疗保健,科创板,20191025,20260805,28.78,-0.1041,65000330.0,9108665662.0,9108665662.0,91.08665662,91.08665662,0.73,36.3285,2.045
688141,杰华特,浙江,半导体,科创板,20221223,20260805,128.01,11.3034,2768331549.0,57645668016.0,57645668016.0,576.45668016,576.45668016,1.07,,46.1827
688143,长盈通,湖北,通信设备,科创板,20221212,20260805,102.4,13.5255,1539932651.0,13187153920.0,12531138560.0,131.8715392,125.3113856,1.78,551.1002,9.7299
688146,中船特气,河北,半导体,科创板,20230421,20260805,286.32,13.1252,6874414254.0,151581157944.0,41508039456.0,1515.81157944,415.08039456,0.99,438.7043,25.2296
688147,微导纳米,江苏,专用机械,科创板,20221223,20260805,96.48,10.0114,1877332551.0,44811399888.00001,44811399888.00001,448.11399888000005,448.11399888000005,1.31,204.2692,15.2684
688148,芳源股份,广东,电气设备,科创板,20210806,20260805,7.03,2.329,95141315.0,3586516893.0000005,3586516893.0000005,35.86516893,35.86516893,0.89,,9.3274
688150,莱特光电,陕西,元器件,科创板,20220318,20260805,36.76,5.239,396685452.0,14793606176.0,14793606176.0,147.93606176,147.93606176,0.85,67.5022,7.586
688151,华强科技,湖北,医疗保健,科创板,20211206,20260805,16.18,-0.6143,80735427.0,5574010000.0,5574010000.0,55.7401,55.7401,0.91,130.3023,1.3165
688152,麒麟信安,湖南,软件服务,科创板,20221028,20260805,28.6,1.9608,45592744.0,2914285660.0,2914285660.0,29.1428566,29.1428566,1.06,,2.4072
688153,唯捷创芯,天津,半导体,科创板,20220412,20260805,26.05,1.9171,116074668.0,11209653650.0,10893203459.999998,112.0965365,108.93203459999998,0.73,256.9118,2.8187
688155,先惠技术,上海,电气设备,科创板,20200811,20260805,61.31,3.3024,165164804.0,7808429338.0,7808429338.0,78.08429338,78.08429338,0.99,22.2649,3.1804
688156,路德科技,湖北,饲料,科创板,20200922,20260805,20.12,1.5649,43636797.0,2026369704.0,2026369704.0,20.26369704,20.26369704,0.6,,2.6193
688157,松井股份,湖南,染料涂料,科创板,20200609,20260805,18.75,0.0534,49388797.0,3519699375.0,3519699375.0,35.19699375,35.19699375,0.94,174.5733,2.613
688158,优刻得-W,上海,软件服务,科创板,20200120,20260805,35.35,0.4261,1430984225.0,16285925285.0,14489042365.000002,162.85925285,144.89042365000003,1.2,,6.7251
688159,有方科技,深圳,通信设备,科创板,20200123,20260805,33.2,1.7469,134467782.0,3079641960.0,3079641960.0,30.7964196,30.7964196,1.14,112.6369,3.2894
688160,步科股份,上海,电器仪表,科创板,20201112,20260805,116.26,3.168,335296864.0,10604679152.0,10604679152.0,106.04679152,106.04679152,1.3,146.3098,8.0733
688161,威高骨科,山东,医疗保健,科创板,20210630,20260805,21.8,0.0,20679668.0,8720000000.0,8720000000.0,87.2,87.2,1.08,32.4594,2.0785
688162,巨一科技,安徽,专用机械,科创板,20211110,20260805,22.89,1.5528,27184772.0,3138237312.0,3138237312.0,31.38237312,31.38237312,0.87,38.7628,1.2973
688163,赛伦生物,上海,生物制药,科创板,20220311,20260805,30.62,4.3982,31318389.0,3313696400.0,3313696400.0,33.136964,33.136964,0.59,63.9865,2.9767
688165,埃夫特,安徽,专用机械,科创板,20200715,20260805,17.5,2.3991,157576177.0,9131150000.0,9131150000.0,91.3115,91.3115,0.93,,7.5545
688166,博瑞医药,江苏,化学制药,科创板,20191108,20260805,35.7,2.0292,601423371.0,15557881500.0,15557881500.0,155.578815,155.578815,1.07,285.3888,6.301
688167,炬光科技,陕西,元器件,科创板,20211224,20260805,208.35,3.1487,2593088078.0,27114460650.0,27114460650.0,271.1446065,271.1446065,1.24,,12.1251
688168,安博通,北京,软件服务,科创板,20190906,20260805,35.47,7.1278,213647805.0,3832852730.0,3832852730.0,38.3285273,38.3285273,1.01,,3.8311
688169,石头科技,北京,家用电器,科创板,20200221,20260805,108.23,-0.8338,601878671.0,28059839676.0,28059839676.0,280.59839676,280.59839676,0.7,20.582,1.9631
688170,德龙激光,江苏,专用机械,科创板,20220429,20260805,50.58,13.0785,393189277.0,5227948800.0,5227948800.0,52.279488,52.279488,1.64,202.2579,4.2433
688171,纬德信息,广东,软件服务,科创板,20220127,20260805,27.69,2.8986,52898395.0,3235598652.0,3235598652.0,32.35598652,32.35598652,0.75,271.9527,3.9145
688172,燕东微,北京,半导体,科创板,20221216,20260805,52.8,6.1947,1045095973.0,75378235680.0,63294216480.0,753.7823568,632.9421648,0.99,,4.149
688173,希荻微,广东,半导体,科创板,20220121,20260805,13.37,4.2089,145303555.0,5551899131.999999,5499839266.0,55.51899131999999,54.99839266,1.03,,3.8944
688175,高凌信息,广东,通信设备,科创板,20220315,20260805,17.9,3.9489,68639314.0,3009206590.0,3009206590.0,30.0920659,30.0920659,0.72,,1.7384
688176,亚虹医药,江苏,化学制药,科创板,20220107,20260805,12.4,6.8045,229030711.0,7095183280.0,7095183280.0,70.9518328,70.9518328,1.45,,4.8374
688177,百奥泰,广东,生物制药,科创板,20200221,20260805,17.9,0.7316,43806515.0,7412032000.0,7412032000.0,74.12032,74.12032,0.97,,33.0713
688178,万德斯,江苏,环境保护,科创板,20200114,20260805,26.92,5.9843,52388748.0,2288140776.0,2288140776.0,22.88140776,22.88140776,1.04,,2.4638
688179,阿拉丁,上海,化学制药,科创板,20201026,20260805,19.29,5.4098,228032254.0,6983097669.0,6983097669.0,69.83097669,69.83097669,1.0,68.4216,7.4568
688180,君实生物,上海,生物制药,科创板,20200715,20260805,37.6,2.5082,559522014.0,38603540240.0,28816421919.999996,386.0354024,288.16421919999993,1.14,,6.5474
688181,八亿时空,北京,元器件,科创板,20200106,20260805,37.75,6.759,258226087.0,5021878725.0,5021878725.0,50.21878725,50.21878725,1.15,61.9459,2.4041
688182,灿勤科技,江苏,通信设备,科创板,20211116,20260805,25.07,5.4691,137314277.0,10028000000.0,10028000000.0,100.28,100.28,0.8,83.3148,4.4366
688183,生益电子,广东,元器件,科创板,20210225,20260805,107.53,4.6113,1947791696.0,90066181736.0,90066181736.0,900.66181736,900.66181736,0.89,61.1385,14.6917
688184,ST帕瓦,浙江,电气设备,科创板,20220919,20260805,11.39,-0.8703,9601854.0,1785130781.0000002,1118132381.0,17.85130781,11.18132381,0.99,,1.6615
688185,康希诺,天津,生物制药,科创板,20200813,20260805,51.24,-0.2531,75803501.0,12658524312.0,5860467396.0,126.58524312,58.60467396,1.01,454.1546,2.5698
688186,广大特材,江苏,特种钢,科创板,20200211,20260805,14.91,0.8796,90334510.0,4182096954.0000005,4182096954.0000005,41.82096954000001,41.82096954000001,1.28,20.3122,0.8846
688187,时代电气,湖南,运输设备,科创板,20210907,20260805,50.15,0.501,373476600.0,66734775510.0,43575711125.0,667.3477551,435.75711125,0.9,16.2905,1.5471
688188,柏楚电子,上海,专用机械,科创板,20190808,20260805,107.6,2.0002,361181874.0,43637965480.00001,43637965480.00001,436.3796548000001,436.3796548000001,0.95,39.2235,6.8284
688189,ST南新,湖南,化学制药,科创板,20200326,20260805,6.46,-1.374,55382160.0,1762477924.0,1762477924.0,17.62477924,17.62477924,1.52,,2.2973
688190,云路股份,山东,矿物制品,科创板,20211126,20260805,73.0,1.728,103131258.0,8760000000.0,8760000000.0,87.6,87.6,0.99,29.7565,3.2567
688191,智洋创新,山东,软件服务,科创板,20210408,20260805,20.06,10.0988,221617525.0,6579734162.0,6579734162.0,65.79734162,65.79734162,1.24,105.6771,7.6616
688192,迪哲医药,江苏,生物制药,科创板,20211210,20260805,53.03,5.5113,676673815.0,24667747677.000004,24458183723.0,246.67747677000003,244.58183723,1.47,,19.9821
688193,仁度生物,上海,医疗保健,科创板,20220330,20260805,48.8,0.041,18339757.0,1955411120.0,1955411120.0,19.5541112,19.5541112,1.04,193.8472,2.1287
688195,腾景科技,福建,元器件,科创板,20210326,20260805,125.0,5.6636,1156883379.0,22636250000.0,22636250000.0,226.3625,226.3625,1.16,320.5525,22.2385
688196,卓越新能,福建,环境保护,科创板,20191121,20260805,34.1,-1.6157,65489751.0,4337206280.0,4337206280.0,43.3720628,43.3720628,1.12,28.0628,1.3496
688197,首药控股,北京,化学制药,科创板,20220323,20260805,33.08,2.9247,65165984.0,4919637752.0,2117282092.0000002,49.19637752,21.172820920000003,0.93,,7.397
688198,佰仁医疗,北京,医疗保健,科创板,20191209,20260805,80.62,-2.1483,85429603.0,11105251822.0,11105251822.0,111.05251822,111.05251822,1.55,57.3708,8.1141
688199,久日新材,天津,化工原料,科创板,20191105,20260805,22.21,4.1745,111420252.0,3580858333.0,3580858333.0,35.80858333,35.80858333,0.87,129.6455,1.3836
688200,华峰测控,北京,半导体,科创板,20200218,20260805,375.42,8.8237,2828899054.0,75366015504.0,75366015504.0,753.66015504,753.66015504,1.05,140.583,17.9915
688201,ST信安,北京,软件服务,科创板,20210421,20260805,7.18,0.5602,24626137.0,2277164284.0,2277164284.0,22.77164284,22.77164284,1.39,110.8617,1.7567
688202,美迪西,上海,医疗保健,科创板,20191105,20260805,79.16,1.4742,524749348.0,10635320152.0,10635320152.0,106.35320152,106.35320152,0.91,,5.4308
688203,海正生材,浙江,塑料,科创板,20220816,20260805,10.03,0.0998,26461087.0,2032861343.0,2032861343.0,20.32861343,20.32861343,0.86,206.0622,1.3783
688205,德科立,江苏,通信设备,科创板,20220809,20260805,128.59,1.9342,1460667343.0,20476350125.0,20476350125.0,204.76350125,204.76350125,1.35,286.1588,8.747
688206,概伦电子,上海,半导体,科创板,20211228,20260805,34.2,5.0691,268822960.0,14930994960.0,14930994960.0,149.3099496,149.3099496,1.14,436.028,7.4983
688207,格灵深瞳,北京,软件服务,科创板,20220317,20260805,18.95,6.881,295519078.0,4907540245.0,4907540245.0,49.07540245,49.07540245,1.18,,2.6908
688208,道通科技,深圳,IT设备,科创板,20200213,20260805,29.08,0.2068,329778009.0,19489020832.0,19489020832.0,194.89020832,194.89020832,0.72,20.8244,5.0559
688209,英集芯,深圳,半导体,科创板,20220419,20260805,21.7,3.7285,226367658.0,9413112800.0,9413112800.0,94.131128,94.131128,0.88,52.8903,4.2098
688210,统联精密,深圳,元器件,科创板,20211227,20260805,27.0,4.6512,103473479.0,4391833500.0,4391833500.0,43.918335,43.918335,0.92,,3.4459
688211,中科微至,江苏,专用机械,科创板,20211026,20260805,29.82,0.9821,17505931.0,3909190278.0,3909190278.0,39.09190278,39.09190278,1.09,,1.1191
688212,澳华内镜,上海,医疗保健,科创板,20211115,20260805,26.85,-2.0073,63686804.0,3615763305.0,3615763305.0,36.15763305,36.15763305,0.81,315.7343,2.8118
688213,思特威-W,上海,半导体,科创板,20220520,20260805,90.5,0.6562,902516852.0,36408765400.0,29277609750.0,364.087654,292.7760975,1.1,36.3634,6.6686
688215,瑞晟智能,浙江,专用机械,科创板,20200828,20260805,38.14,10.679,78983702.0,3445998582.0,3445998582.0,34.45998582,34.45998582,1.62,97.9899,6.9896
688216,气派科技,深圳,半导体,科创板,20210623,20260805,28.8,6.1164,156082208.0,3294843840.0,3059760960.0,32.9484384,30.5976096,0.9,,4.4894
688217,睿昂基因,上海,医疗保健,科创板,20210517,20260805,22.47,-1.1873,30592781.0,1255082073.0,1255082073.0,12.55082073,12.55082073,1.24,,1.4943
688218,江苏北人,江苏,专用机械,科创板,20191211,20260805,37.69,9.5003,165372637.0,4389954057.0,4389954057.0,43.89954057,43.89954057,0.88,,5.1472
688219,会通股份,安徽,塑料,科创板,20201118,20260805,10.74,0.0932,53745181.0,5902704000.0,5902704000.0,59.02704,59.02704,1.09,30.304,1.9379
688220,翱捷科技,上海,半导体,科创板,20220114,20260805,96.85,4.4768,871840967.0,40512442165.0,40512442165.0,405.12442165,405.12442165,0.79,,7.4466
688221,前沿生物,江苏,生物制药,科创板,20201028,20260805,18.81,4.2105,260582846.0,7045825347.0,7045825347.0,70.45825347,70.45825347,0.93,,6.3575
688222,成都先导,四川,化学制药,科创板,20200416,20260805,30.85,1.748,520990998.0,12360978000.0,12360978000.0,123.60978,123.60978,1.07,112.88,8.0366
688223,晶科能源,江西,电气设备,科创板,20220126,20260805,4.57,0.4396,388811731.0,46931214033.0,46931214033.0,469.31214033,469.31214033,0.74,,1.8832
688225,亚信安全,江苏,软件服务,科创板,20220209,20260805,13.08,3.1546,95637897.0,5232130800.0,5232130800.0,52.321308,52.321308,1.08,,3.3707
688226,威腾电气,江苏,电气设备,科创板,20210707,20260805,29.37,3.0526,147061620.0,5759037009.000001,5544336435.0,57.59037009000001,55.44336435,0.91,189.3033,3.363
688227,品高股份,广东,软件服务,科创板,20211230,20260805,79.5,6.2976,433181171.0,8987896350.0,8987896350.0,89.8789635,89.8789635,1.17,,7.2147
688228,开普云,广东,软件服务,科创板,20200327,20260805,74.11,4.1163,270516381.0,5006189788.0,5006189788.0,50.06189788,50.06189788,1.51,,4.0141
688229,博睿数据,北京,软件服务,科创板,20200817,20260805,70.97,2.3655,92004401.0,3151068000.0,3151068000.0,31.51068,31.51068,1.34,,8.6189
688230,芯导科技,上海,半导体,科创板,20211201,20260805,53.3,4.6124,99132054.0,6268080000.0,6268080000.0,62.6808,62.6808,1.18,59.0476,2.786
688231,隆达股份,江苏,航空,科创板,20220722,20260805,27.93,6.117,153813399.0,8925849849.0,8925849849.0,89.25849849,89.25849849,0.81,120.5701,3.1798
688232,新点软件,江苏,软件服务,科创板,20211117,20260805,19.68,0.4082,84726260.0,6336605760.0,6336605760.0,63.3660576,63.3660576,1.04,175.3408,1.1802
688233,神工股份,辽宁,半导体,科创板,20200221,20260805,105.25,15.5958,1589111948.0,17924674925.0,17924674925.0,179.24674925,179.24674925,1.33,175.6683,9.3562
688234,天岳先进,山东,半导体,科创板,20220112,20260805,93.52,8.1781,1291134478.0,45321522120.0,40186572720.0,453.2152212,401.8657272,1.09,,6.3714
688235,百济神州,北京,生物制药,科创板,20211215,20260805,280.6,7.1156,1709654266.0,404365813360.0,32284517180.0,4043.6581336,322.8451718,1.46,276.8283,12.2418
688236,春立医疗,北京,医疗保健,科创板,20211230,20260805,14.73,-0.9415,27307096.0,5649964005.0,4248544440.0,56.49964005,42.4854444,0.87,20.7306,1.8542
688237,超卓航科,湖北,航空,科创板,20220701,20260805,57.14,9.8424,276095438.0,5124429480.0,5124429480.0,51.2442948,51.2442948,1.17,404.6592,4.2225
688238,和元生物,上海,医疗保健,科创板,20220322,20260805,6.04,3.6021,131089994.0,3920181668.0,3910495924.0,39.20181668,39.10495924,1.75,,2.8916
688239,航宇科技,贵州,航空,科创板,20210705,20260805,44.62,3.4307,194549720.0,8518515750.0,8518515750.0,85.1851575,85.1851575,1.0,45.8056,4.1161
688244,永信至诚,北京,软件服务,科创板,20221019,20260805,15.65,0.2562,42710941.0,2362547475.0,2362547475.0,23.62547475,23.62547475,1.07,,2.4921
688246,嘉和美康,北京,软件服务,科创板,20211214,20260805,19.46,1.8848,57082350.0,2677415776.0,2677415776.0,26.77415776,26.77415776,0.82,,2.0755
688247,宣泰医药,上海,化学制药,科创板,20220825,20260805,8.51,-1.0465,59342273.0,3857923400.0000005,3857923400.0000005,38.57923400000001,38.57923400000001,0.97,81.2488,2.9483
688248,南网科技,广东,电气设备,科创板,20211222,20260805,48.76,3.1739,293006145.0,27534772000.0,27534772000.0,275.34772,275.34772,1.03,65.4282,8.3197
688249,晶合集成,安徽,半导体,科创板,20230505,20260805,39.2,7.0453,1438952100.0,87171341040.0,78697594640.0,871.7134104,786.9759464,1.04,123.787,3.9766
688251,井松智能,安徽,专用机械,科创板,20220606,20260805,21.21,1.9712,78132571.0,2133779025.0,2118948993.0,21.33779025,21.18948993,1.54,67.5329,2.5303
688252,天德钰,深圳,半导体,科创板,20220927,20260805,17.93,2.0489,108221541.0,7333751909.0,7333751909.0,73.33751909,73.33751909,0.97,31.4061,2.9816
688253,英诺特,北京,医疗保健,科创板,20220728,20260805,60.36,7.728,168291684.0,8268372348.0,8268372348.0,82.68372348,82.68372348,1.8,57.2312,3.945
688255,凯尔达,浙江,机械基件,科创板,20211025,20260805,25.61,1.4659,87960558.0,2813486429.0,2813486429.0,28.13486429,28.13486429,0.72,107.495,2.6317
688256,寒武纪,北京,半导体,科创板,20200720,20260805,1136.9,5.4433,20557102477.0,714306311700.0,714306311700.0,7143.063117,7143.063117,1.12,346.8805,55.496
688257,新锐股份,江苏,机械基件,科创板,20211027,20260805,56.47,9.8638,1317749659.0,20061718551.0,20061718551.0,200.61718551,200.61718551,1.21,88.7065,7.499
688258,卓易信息,江苏,软件服务,科创板,20191209,20260805,115.01,14.666,784842824.0,13932564422.0,13932564422.0,139.32564422,139.32564422,1.43,174.731,14.5479
688259,创耀科技,江苏,半导体,科创板,20220112,20260805,30.12,1.5852,49486989.0,3364404000.0,3364404000.0,33.64404,33.64404,0.93,42.5933,2.133
688260,昀冢科技,江苏,元器件,科创板,20210406,20260805,106.63,6.63,1178313206.0,12795600000.0,12795600000.0,127.956,127.956,1.01,,79.2319
688261,东微半导,江苏,半导体,科创板,20220210,20260805,70.98,4.6748,471562779.0,8705363394.0,8666416668.0,87.05363394,86.66416668,1.2,188.3855,2.953
688262,国芯科技,江苏,半导体,科创板,20220106,20260805,26.89,6.6217,390315226.0,9035037311.0,9035037311.0,90.35037311,90.35037311,1.18,,4.6881
688265,南模生物,上海,医疗保健,科创板,20211228,20260805,35.95,0.7567,40110916.0,2802787824.9999995,2802787824.9999995,28.027878249999997,28.027878249999997,1.26,89.157,1.6364
688266,泽璟制药,江苏,生物制药,科创板,20200123,20260805,110.35,2.8521,897894136.0,29210549870.000004,29210549870.000004,292.10549870000006,292.10549870000006,0.95,,16.9781
688267,中触媒,辽宁,化工原料,科创板,20220216,20260805,19.38,3.14,66992717.99999999,4421281494.0,4421281494.0,44.21281494,44.21281494,0.95,21.5833,1.5469
688268,华特气体,广东,化工原料,科创板,20191226,20260805,139.0,8.3398,1298836762.0,17747798000.0,17747798000.0,177.47798,177.47798,1.17,131.1222,9.4535
688269,凯立新材,陕西,化工原料,科创板,20210609,20260805,31.06,2.1039,55673981.0,4059666240.0,4059666240.0,40.5966624,40.5966624,1.18,37.2252,3.6877
688270,ST臻镭,浙江,半导体,科创板,20220127,20260805,65.65,4.1568,627996996.0,19663133490.0,19663133490.0,196.6313349,196.6313349,1.24,147.8586,8.5685
688271,联影医疗,上海,医疗保健,科创板,20220822,20260805,112.93,-1.3022,723984155.0,93072162940.0,93072162940.0,930.7216294,930.7216294,0.98,49.7898,4.2379
688272,富吉瑞,北京,元器件,科创板,20211018,20260805,27.95,1.6364,36928637.0,2124200000.0,2124200000.0,21.242,21.242,0.68,,5.3297
688273,麦澜德,江苏,医疗保健,科创板,20220811,20260805,31.02,2.4439,29954621.0,3102000000.0,3102000000.0,31.02,31.02,0.74,30.2251,2.2638
688275,万润新能,湖北,电气设备,科创板,20220929,20260805,80.1,5.4086,303827787.0,10102091850.0,10102091850.0,101.0209185,101.0209185,0.9,,1.8322
688276,百克生物,吉林,生物制药,科创板,20210625,20260805,15.06,-0.7905,26068441.0,6229683456.0,6229683456.0,62.29683456,62.29683456,0.96,,1.62
688277,天智航,北京,医疗保健,科创板,20200707,20260805,17.84,4.7563,182808489.0,8321377016.0,8321377016.0,83.21377016,83.21377016,0.57,,7.1934
688278,特宝生物,福建,生物制药,科创板,20200117,20260805,57.6,0.0695,133745470.99999999,23511715200.0,23511715200.0,235.117152,235.117152,0.85,22.7995,6.4764
688279,峰岹科技,深圳,半导体,科创板,20220420,20260805,166.35,6.6346,385332139.0,19149230535.0,15563389935.000002,191.49230535,155.63389935,1.12,87.4652,3.6817
688280,精进电动-W,北京,汽车配件,科创板,20211027,20260805,5.93,-0.8361,139452185.0,3500014087.9999995,3086826513.0000005,35.00014088,30.868265130000005,0.8,23.2685,5.4274
688281,华秦科技,陕西,航空,科创板,20220307,20260805,48.37,-0.062,166821190.0,18457938793.0,18457938793.0,184.57938793,184.57938793,0.88,60.0789,3.862
688282,理工导航,北京,通信设备,科创板,20220318,20260805,53.8,1.5478,38720477.0,4789776340.0,4789776340.0,47.8977634,47.8977634,1.03,,3.8009
688283,坤恒顺维,四川,电器仪表,科创板,20220215,20260805,27.43,2.8882,41342544.0,3340974000.0,3340974000.0,33.40974,33.40974,0.94,71.4188,3.3733
688285,高铁电气,陕西,运输设备,科创板,20211020,20260805,7.31,-0.2729,17057519.0,2750679169.0,2750679169.0,27.50679169,27.50679169,0.92,53.4512,1.6158
688286,敏芯股份,江苏,半导体,科创板,20200810,20260805,43.03,5.3624,194571402.0,3369829905.0,3369829905.0,33.69829905,33.69829905,1.06,93.634,3.1751
688288,鸿泉技术,浙江,IT设备,科创板,20191106,20260805,18.29,2.2931,42994884.0,1825592573.0,1825592573.0,18.25592573,18.25592573,1.41,60.3937,2.4318
688289,圣湘生物,湖南,医疗保健,科创板,20200828,20260805,15.37,-0.7747,70099379.0,8905193560.0,8905193560.0,89.0519356,89.0519356,1.16,44.7638,1.243
688290,景业智能,浙江,专用机械,科创板,20220429,20260805,61.4,2.4358,40854506.0,6274447580.0,6274447580.0,62.7444758,62.7444758,0.77,,4.6818
688291,金橙子,北京,软件服务,科创板,20221026,20260805,41.38,3.8133,94592948.0,4248348045.9999995,4248348045.9999995,42.483480459999996,42.483480459999996,1.01,115.2027,4.1916
688292,浩瀚深度,北京,通信设备,科创板,20220818,20260805,17.69,2.5507,76431868.0,2801229190.0,2801229190.0,28.0122919,28.0122919,1.23,,2.875
688293,奥浦迈,上海,生物制药,科创板,20220902,20260805,54.6,-0.4195,217988528.0,7763803320.000001,6397247219.999999,77.63803320000001,63.97247219999999,1.08,186.1889,2.9302
688295,中复神鹰,江苏,化纤,科创板,20220406,20260805,41.79,4.6844,396904461.0,37611000000.0,37611000000.0,376.11,376.11,1.82,391.0314,7.9142
688296,和达科技,浙江,软件服务,科创板,20210727,20260805,16.11,2.8736,67386380.0,1730104451.9999998,1730104451.9999998,17.301044519999998,17.301044519999998,1.45,,3.0319
688297,中无人机,四川,航空,科创板,20220629,20260805,41.23,0.0243,280909950.0,27830250000.0,27830250000.0,278.3025,278.3025,0.83,314.2003,4.8618
688298,东方生物,浙江,医疗保健,科创板,20200205,20260805,19.02,-0.1575,23944659.0,3834432000.0,3834432000.0,38.34432,38.34432,1.08,,0.6506
688299,长阳科技,浙江,元器件,科创板,20191106,20260805,12.87,1.1792,83612143.0,3698746623.0000005,3698746623.0000005,36.98746623,36.98746623,0.85,,1.8862
688300,联瑞新材,江苏,矿物制品,科创板,20191115,20260805,125.05,12.4753,1639727777.0,30195723460.0,30195723460.0,301.9572346,301.9572346,1.35,103.1822,16.9945
688301,奕瑞科技,上海,医疗保健,科创板,20200918,20260805,90.08,3.8745,661450295.0,28231918752.0,28231918752.0,282.31918752,282.31918752,1.06,43.433,4.5375
688302,海创药业,四川,生物制药,科创板,20220412,20260805,34.25,3.3183,47173453.0,3391284300.0,3391284300.0,33.912843,33.912843,1.11,,3.2805
688303,大全能源,新疆,电气设备,科创板,20210722,20260805,19.14,-0.6231,242268554.0,40814955192.0,40814955192.0,408.14955192,408.14955192,0.71,,1.0694
688305,科德数控,辽宁,机床制造,科创板,20210709,20260805,56.38,1.1663,164092545.0,7473653868.0,7454214044.0,74.73653868,74.54214044,1.3,84.348,3.8934
688306,均普智能,浙江,专用机械,科创板,20220322,20260805,9.41,-0.1062,76882166.0,11558141148.000002,11558141148.000002,115.58141148000001,115.58141148000001,0.67,945.5352,6.6066
688307,中润光学,浙江,元器件,科创板,20230216,20260805,43.7,6.7677,249652340.0,5431193320.000001,5431193320.000001,54.31193320000001,54.31193320000001,0.92,86.1462,5.9156
688308,欧科亿,湖南,机械基件,科创板,20201210,20260805,95.3,9.578,1304058716.0,15131896010.0,15131896010.0,151.3189601,151.3189601,1.45,146.0459,5.3418
688309,恒誉环保,山东,环境保护,科创板,20200714,20260805,66.43,0.484,143124406.0,5274628358.999999,5274628358.999999,52.74628358999999,52.74628358999999,1.16,157.7607,6.487
688310,迈得医疗,浙江,医疗保健,科创板,20191203,20260805,13.77,0.0,34903566.0,2262749742.0,2262749742.0,22.62749742,22.62749742,1.22,34.8428,2.7673
688311,盟升电子,四川,元器件,科创板,20200731,20260805,23.55,1.6401,117764710.0,4123769850.0,4123769850.0,41.2376985,41.2376985,1.04,,2.3177
688312,燕麦科技,深圳,专用机械,科创板,20200608,20260805,46.37,7.338,335337727.0,6803174550.0,6803174550.0,68.0317455,68.0317455,1.2,49.8601,4.4174
688313,仕佳光子,河南,通信设备,科创板,20200812,20260805,114.61,0.8004,4405637295.0,51802149843.0,51802149843.0,518.02149843,518.02149843,1.16,139.1676,30.1709
688314,康拓医疗,陕西,医疗保健,科创板,20210518,20260805,33.54,0.6905,41634766.0,2737813182.0,2737813182.0,27.37813182,27.37813182,0.98,27.7377,3.724
688315,诺禾致源,北京,医疗保健,科创板,20210413,20260805,13.35,0.6787,49776744.0,5556270000.0,5556270000.0,55.5627,55.5627,1.03,33.2816,2.0755
688316,青云科技,北京,软件服务,科创板,20210316,20260805,57.19,2.8967,536596030.99999994,2739292339.0,2739292339.0,27.39292339,27.39292339,4.0,,51.5475
688317,之江生物,上海,医疗保健,科创板,20210118,20260805,16.71,-0.2388,34384105.0,3172288227.0,3172288227.0,31.72288227,31.72288227,1.0,,0.9605
688318,财富趋势,深圳,软件服务,科创板,20200427,20260805,81.46,6.7208,941601295.0,29208892258.0,29208892258.0,292.08892258,292.08892258,1.47,92.6081,7.5438
688319,欧林生物,四川,生物制药,科创板,20210608,20260805,24.5,5.2405,213080685.0,9932527850.0,9932527850.0,99.3252785,99.3252785,0.76,446.2024,10.6702
688320,禾川科技,浙江,电器仪表,科创板,20220428,20260805,31.12,4.9578,147912893.0,4699546344.0,4699546344.0,46.99546344,46.99546344,1.14,,3.8729
688321,微芯生物,深圳,化学制药,科创板,20190812,20260805,27.35,1.7485,253163430.0,12114444555.0,11153554270.0,121.14444555,111.5355427,0.97,237.7285,4.9228
688322,奥比中光-W,深圳,元器件,科创板,20220707,20260805,109.02,2.6747,1775901678.0,45007238994.00001,34915159476.0,450.07238994000005,349.15159476,0.98,351.8665,15.0304
688323,瑞华泰,深圳,塑料,科创板,20210428,20260805,26.13,6.6531,468032064.0,5236407579.0,5236407579.0,52.36407579,52.36407579,1.26,,7.3176
688325,赛微微电,广东,半导体,科创板,20220422,20260805,106.84,4.581,110433854.0,9215166565.0,8757351609.0,92.15166565,87.57351609,1.03,94.6651,5.1921
688326,经纬恒润-W,北京,汽车配件,科创板,20220419,20260805,71.4,2.8818,201458071.0,8563166220.0,7969917900.0,85.6316622,79.699179,1.75,85.4269,2.1648
688327,云从科技-UW,广东,软件服务,科创板,20220527,20260805,11.49,0.7895,281578017.0,11949316197.0,9592631022.0,119.49316197,95.92631022,0.96,,15.8794
688328,深科达,深圳,专用机械,科创板,20210309,20260805,70.48,7.0311,695131468.0,6657280024.0,6657280024.0,66.57280024,66.57280024,0.96,272.6329,7.778
688329,艾隆科技,江苏,专用机械,科创板,20210329,20260805,18.82,0.9115,27808118.0,1452904000.0,1452904000.0,14.52904,14.52904,0.76,78.273,1.924
688330,宏力达,上海,电气设备,科创板,20201015,20260805,33.91,0.3551,38631773.0,4747400000.0,4747400000.0,47.474,47.474,1.05,7.4457,1.0811
688331,荣昌生物,山东,生物制药,科创板,20220331,20260805,117.8,5.7925,755753385.0,66495449500.0,41924572360.0,664.954495,419.2457236,1.06,93.7018,16.9266
688332,中科蓝讯,深圳,半导体,科创板,20220715,20260805,85.5,5.0756,515451863.0,15260493150.0,15260493150.0,152.6049315,152.6049315,0.98,10.7813,2.8905
688333,铂力特,陕西,机械基件,科创板,20190722,20260805,96.2,9.9554,1440624971.0,26389795639.999996,26389795639.999996,263.89795639999994,263.89795639999994,1.3,129.4917,5.2768
688334,西高院,陕西,电气设备,科创板,20230619,20260805,18.51,0.1082,26997636.0,5859886544.999999,5778287060.999999,58.59886544999999,57.78287060999999,0.8,23.56,1.9694
688335,复洁科技,上海,环境保护,科创板,20200817,20260805,19.81,0.3546,45797688.0,2932565426.0,2932565426.0,29.32565426,29.32565426,1.05,271.6358,2.5915
688336,三生国健,上海,生物制药,科创板,20200722,20260805,42.95,3.1956,379147919.0,38492880930.0,38492880930.0,384.9288093,384.9288093,1.15,13.2766,4.4655
688337,普源精电,江苏,电器仪表,科创板,20220408,20260805,43.01,6.3551,262289889.00000003,9405284867.0,7996290170.0,94.05284867,79.9629017,1.3,109.2574,2.958
688338,赛科希德,北京,医疗保健,科创板,20200806,20260805,26.8,0.8656,27668007.0,2844616320.0,2844616320.0,28.4461632,28.4461632,1.12,31.749,1.6643
688339,亿华通,北京,汽车配件,科创板,20200810,20260805,17.7,1.0851,41711691.0,4257418170.0,3465431670.0,42.5741817,34.6543167,0.86,,2.209
688343,云天励飞,深圳,软件服务,科创板,20230404,20260805,60.25,6.261,851850587.0,21666104850.0,21666104850.0,216.6610485,216.6610485,0.94,,5.8243
688345,博力威,广东,电气设备,科创板,20210611,20260805,52.79,8.6661,115032828.0,5377838717.0,5352172219.0,53.77838717,53.52172219,0.98,96.2403,4.5703
688347,华虹宏力,上海,半导体,科创板,20230807,20260805,252.5,6.5626,7443445717.0,438775916000.0,102956875000.0,4387.75916,1029.56875,1.04,1165.0627,9.6971
688348,昱能科技,浙江,电气设备,科创板,20220608,20260805,32.6,0.0,51038198.0,5094643240.0,5094643240.0,50.9464324,50.9464324,0.91,,1.525
688349,三一重能,北京,电气设备,科创板,20220622,20260805,15.16,-0.6553,124679516.0,24154978308.0,23743411596.0,241.54978308,237.43411596,0.79,33.9154,1.6814
688350,富淼科技,江苏,化工原料,科创板,20210128,20260805,29.55,2.6042,83609880.0,4232877930.0,4232877930.0,42.3287793,42.3287793,0.88,278.2895,2.2772
688351,微电生理,上海,医疗保健,科创板,20220831,20260805,20.35,0.1476,51194639.0,9576710000.0,9576710000.0,95.7671,95.7671,0.68,187.4761,5.2989
688352,颀中科技,安徽,半导体,科创板,20230420,20260805,15.28,3.6635,414206169.0,18176657104.0,5598830368.0,181.76657104,55.98830368,0.97,68.3871,3.1201
688353,华盛锂电,江苏,化工原料,科创板,20220713,20260805,95.3,6.326,682039724.0,15200350000.0,15200350000.0,152.0035,152.0035,1.11,1146.6276,4.3089
688355,明志科技,江苏,机械基件,科创板,20210512,20260805,17.26,3.3533,33862575.0,2139482286.0,2139482286.0,21.39482286,21.39482286,1.12,26.7818,1.9323
688356,键凯科技,北京,化学制药,科创板,20200826,20260805,68.16,3.1321,93798118.0,4133951712.0,4133951712.0,41.33951712,41.33951712,1.03,67.0011,3.0875
688357,建龙微纳,河南,化工原料,科创板,20191204,20260805,27.35,1.5219,23145243.0,2736638265.0000005,2736638265.0000005,27.366382650000006,27.366382650000006,0.74,27.7765,1.5555
688358,祥生医疗,江苏,医疗保健,科创板,20191203,20260805,28.78,-0.9294,31274890.0,3226974768.0,3222657768.0,32.26974768,32.22657768,0.92,27.6994,2.2732
688359,三孚新科,广东,化工原料,科创板,20210521,20260805,93.53,9.3918,591280013.0,9323079753.0,9323079753.0,93.23079753,93.23079753,0.96,,14.8382
688360,德马科技,浙江,机械基件,科创板,20200602,20260805,15.58,2.097,71939987.0,4109158006.0,4109158006.0,41.09158006,41.09158006,0.82,43.1806,2.7597
688361,中科飞测,深圳,半导体,科创板,20230519,20260805,341.6,7.4281,4405602136.0,120260860720.0,120260860720.0,1202.6086072,1202.6086072,0.97,2050.3943,23.7086
688362,甬矽电子,浙江,半导体,科创板,20221116,20260805,60.77,9.3379,2336624579.0,27530262403.0,27530262403.0,275.30262403,275.30262403,1.11,336.8496,10.5558
688363,华熙生物,山东,医疗保健,科创板,20191106,20260805,39.08,0.0768,163969698.0,18823984056.0,18823984056.0,188.23984056,188.23984056,0.65,64.4528,2.6402
688365,光云科技,浙江,软件服务,科创板,20200429,20260805,16.01,0.9458,269809598.0,6824914107.0,6824914107.0,68.24914107,68.24914107,0.99,,7.1462
688366,昊海生科,上海,医疗保健,科创板,20191030,20260805,31.71,-0.7512,27827949.0,7256269062.0,6153385749.0,72.56269062,61.53385749,1.33,28.9084,1.3331
688367,工大高科,安徽,运输设备,科创板,20210628,20260805,30.15,1.5493,45965719.0,2641881690.0,2641881690.0,26.4188169,26.4188169,0.83,262.2146,4.4397
688368,晶丰明源,上海,半导体,科创板,20191014,20260805,113.83,6.0857,487059395.0,23199339427.0,14081567810.0,231.99339427,140.8156781,0.93,651.6195,7.1534
688369,致远互联,北京,软件服务,科创板,20191031,20260805,23.74,11.7702,279139738.0,2735277694.0,2735277694.0,27.35277694,27.35277694,1.11,,3.5811
688370,丛麟科技,上海,环境保护,科创板,20220825,20260805,21.96,-0.363,8998722.0,3010889484.0,3010889484.0,30.10889484,30.10889484,1.02,129.9716,1.1273
688371,菲沃泰,江苏,元器件,科创板,20220802,20260805,25.96,11.9448,290978576.0,8708863504.0,8708863504.0,87.08863504,87.08863504,0.91,288.2731,4.4556
688372,伟测科技,上海,半导体,科创板,20221026,20260805,120.68,7.8656,1354884665.0,20394497620.0,20394497620.0,203.9449762,203.9449762,0.94,67.2645,4.883
688373,盟科药业,上海,化学制药,科创板,20220805,20260805,4.8,0.4184,64840839.0,3149896320.0,3149896320.0,31.4989632,31.4989632,1.0,,17.3131
688375,国博电子,江苏,元器件,科创板,20220722,20260805,79.28,1.628,321483320.0,47252061272.0,47252061272.0,472.52061272,472.52061272,0.97,93.1027,7.3053
688376,美埃科技,江苏,专用机械,科创板,20221118,20260805,66.9,8.0077,243228809.0,9048352110.0,9048352110.0,90.4835211,90.4835211,0.94,74.7218,4.6211
688377,迪威尔,江苏,专用机械,科创板,20200708,20260805,20.54,1.033,57612810.0,4797554502.0,4797554502.0,47.97554502,47.97554502,0.86,40.1941,2.5091
688378,奥来德,吉林,专用机械,科创板,20200903,20260805,38.98,5.4939,298038354.0,10190354296.0,9392644188.0,101.90354296,93.92644188,0.97,140.9531,4.955
688379,华光新材,浙江,机械基件,科创板,20200819,20260805,48.09,6.3703,166117577.0,4567516065.0,4332211695.0,45.67516065,43.32211695,0.95,24.2856,3.2538
688380,中微半导,深圳,半导体,科创板,20220805,20260805,38.84,5.9176,573844876.0,15550176600.0,15550176600.0,155.501766,155.501766,1.28,54.7192,4.8171
688381,帝奥微,江苏,半导体,科创板,20220823,20260805,29.77,7.3954,327310892.0,7368075000.0,7368075000.0,73.68075,73.68075,0.89,,2.9338
688382,益方生物,上海,生物制药,科创板,20220725,20260805,19.21,2.7822,353447825.0,11133962320.0,11133962320.0,111.3396232,111.3396232,0.84,,7.4434
688383,新益昌,深圳,专用机械,科创板,20210428,20260805,103.86,6.4903,279129529.0,10557005490.000002,10557005490.000002,105.57005490000002,105.57005490000002,1.06,,8.4341
688385,复旦微电,上海,半导体,科创板,20210804,20260805,52.99,4.4344,1011386083.0,43648885707.0,28582239007.0,436.48885707,285.82239007,1.24,187.8684,6.9476
688386,泛亚微透,江苏,化工原料,科创板,20201016,20260805,53.3,4.5098,122498949.0,5309159700.0,4850300000.0,53.091597,48.503,0.88,48.9003,3.4986
688387,信科移动,湖北,通信设备,科创板,20220926,20260805,13.65,4.1985,765896036.0,46665937500.0,27529008780.0,466.659375,275.2900878,1.05,,7.9498
688388,嘉元科技,广东,电气设备,科创板,20190722,20260805,26.25,5.6338,1014554100.0,17322566625.0,17322566625.0,173.22566625,173.22566625,1.17,303.773,2.14
688389,普门科技,深圳,医疗保健,科创板,20191105,20260805,10.97,0.366,22597529.0,4700488129.0,4700488129.0,47.00488129,47.00488129,0.75,25.5155,2.1865
688390,固德威,江苏,电气设备,科创板,20200904,20260805,66.76,2.7868,473013552.0,16230898156.0,16230898156.0,162.30898156,162.30898156,0.93,120.3061,5.7052
688391,钜泉科技,上海,半导体,科创板,20220913,20260805,25.45,1.0723,48890340.0,2941864755.0,2941864755.0,29.41864755,29.41864755,1.19,68.6375,1.5784
688392,骄成超声,上海,专用机械,科创板,20220927,20260805,134.45,8.2528,636813602.0,15560355630.0,15560355630.0,155.6035563,155.6035563,0.96,132.3755,8.3814
688393,安必平,广东,医疗保健,科创板,20200820,20260805,18.81,-0.4762,31460681.0,1760008418.0,1760008418.0,17.60008418,17.60008418,0.73,,1.4897
688395,正弦电气,深圳,机械基件,科创板,20210429,20260805,21.82,-0.4108,31616326.0,1889561814.0,1889561814.0,18.89561814,18.89561814,1.09,47.1558,2.3797
688396,华润微,江苏,半导体,科创板,20200227,20260805,58.15,7.3869,1867141508.0,77235452205.0,77235452205.0,772.35452205,772.35452205,1.36,116.9272,3.3366
688398,赛特新材,福建,矿物制品,科创板,20200211,20260805,20.65,1.2255,22668317.0,3465363229.9999995,3465363229.9999995,34.6536323,34.6536323,0.6,143.2802,3.3683
688399,硕世生物,江苏,医疗保健,科创板,20191205,20260805,27.5,1.476,37005796.0,3413577750.0,3413577750.0,34.1357775,34.1357775,0.43,,1.1581
688400,凌云光,北京,专用机械,科创板,20220706,20260805,46.84,3.6742,691672796.0,22284115948.0,21429112640.0,222.84115948,214.2911264,1.19,138.109,3.9051
688401,路维光电,深圳,半导体,科创板,20220817,20260805,67.88,3.3968,490777732.0,13940495236.0,13124564060.0,139.40495236,131.2456406,1.03,55.3229,8.3303
688403,汇成股份,安徽,半导体,科创板,20220818,20260805,21.7,8.5,1609837436.0,21550230940.0,21550230940.0,215.5023094,215.5023094,1.08,139.2758,5.3722
688408,中信博,江苏,电气设备,科创板,20200828,20260805,27.55,0.3277,120641943.0,6035265545.0,6035265545.0,60.35265545,60.35265545,1.08,,1.4883
688409,富创精密,辽宁,半导体,科创板,20221010,20260805,173.64,12.2721,2349868667.0,53170443312.0,53170443312.0,531.70443312,531.70443312,1.19,,11.7667
688410,山外山,重庆,医疗保健,科创板,20221226,20260805,11.2,1.2658,83588520.0,5011338080.0,5011338080.0,50.1133808,50.1133808,0.61,34.3512,2.7319
688411,海博思创,北京,电气设备,科创板,20250127,20260805,212.3,0.8264,454126384.0,38735175270.0,28145523890.0,387.3517527,281.4552389,0.66,40.7224,7.7556
688416,恒烁股份,安徽,半导体,科创板,20220829,20260805,69.8,10.7761,522577534.0,7530072860.0,7530072860.0,75.3007286,75.3007286,0.95,,5.6592
688418,震有科技,深圳,通信设备,科创板,20200722,20260805,36.48,2.9636,181235696.0,7024391808.0,7024391808.0,70.24391808,70.24391808,1.02,,8.5998
688419,耐科装备,安徽,半导体,科创板,20221107,20260805,40.52,11.9956,197257002.0,4641634884.0,4641634884.0,46.41634884,46.41634884,1.0,57.7798,4.4111
688420,美腾科技,天津,专用机械,科创板,20221209,20260805,21.49,-0.5093,10086312.0,1900360700.0,1900360700.0,19.003607,19.003607,0.82,,1.3319
688425,铁建重工,湖南,工程机械,科创板,20210622,20260805,4.3,-0.232,88084262.0,22934037100.0,22934037100.0,229.340371,229.340371,0.81,15.4643,1.2174
688426,康为世纪,江苏,生物制药,科创板,20221025,20260805,18.08,1.3453,24124531.0,2033886096.0,2029075008.0,20.33886096,20.29075008,1.1,,1.5198
688428,诺诚健华,北京,生物制药,科创板,20220921,20260805,26.83,5.7965,281921544.0,47465140810.0,7319835723.999999,474.6514081,73.19835723999999,1.05,73.8795,6.4629
688429,时创能源,江苏,电气设备,科创板,20230629,20260805,10.2,-0.0979,16295041.0,4080008160.0,4080008160.0,40.8000816,40.8000816,0.62,,3.1643
688432,有研硅,北京,半导体,科创板,20221110,20260805,32.97,17.624,2642902403.0,41222453643.0,41222453643.0,412.22453643,412.22453643,1.36,196.9721,9.1366
688433,华曙高科,湖南,专用机械,科创板,20230417,20260805,79.3,8.6301,399814393.0,32955295750.0,32955295750.0,329.5529575,329.5529575,1.27,477.5754,15.518
688435,英方软件,上海,软件服务,科创板,20230119,20260805,31.64,1.2804,81932236.0,2641943164.0,1773365048.0,26.41943164,17.73365048,0.76,,2.4391
688439,振华风光,贵州,元器件,科创板,20220826,20260805,40.5,1.1741,69881278.0,8100000000.0,8100000000.0,81.0,81.0,0.94,47.6356,1.6145
688443,智翔金泰,重庆,生物制药,科创板,20230620,20260805,23.42,1.1663,79706034.0,8587645600.000001,3358193800.0,85.876456,33.581938,0.91,,5.9829
688448,磁谷科技,江苏,专用机械,科创板,20220921,20260805,49.29,4.1191,123114339.0,4806706581.0,4806706581.0,48.06706581,48.06706581,1.01,482.9708,4.7621
688449,联芸科技,浙江,半导体,科创板,20241129,20260805,57.43,8.1544,627519704.0,26417800000.0,16838711463.0,264.178,168.38711463,1.09,185.8335,13.7064
688450,光格科技,江苏,电器仪表,科创板,20230724,20260805,31.72,3.0205,78921195.0,2093520000.0,1552081804.0000002,20.9352,15.520818040000002,1.02,,2.2378
688455,科捷智能,山东,机械基件,科创板,20220915,20260805,14.6,2.8894,37956554.0,2453248220.0,2453248220.0,24.5324822,24.5324822,1.34,80.5457,2.6653
688456,有研粉材,北京,铜,科创板,20210317,20260805,78.54,12.2802,793349055.0,8141456400.0,8141456400.0,81.414564,81.414564,1.61,116.4223,6.3244
688458,美芯晟,北京,半导体,科创板,20230522,20260805,32.64,3.652,69385397.0,3640554624.0,3059399424.0,36.40554624,30.59399424,1.15,,1.9994
688459,哈铁科技,黑龙江,运输设备,科创板,20221012,20260805,8.15,-0.3667,11948449.0,3912000000.0,3912000000.0,39.12,39.12,1.48,35.2149,1.1361
688466,金科环境,北京,环境保护,科创板,20200508,20260805,13.29,-1.9188,14473713.0,1623429318.0,1623429318.0,16.23429318,16.23429318,0.74,42.9635,1.4072
688468,科美诊断,北京,医疗保健,科创板,20210409,20260805,6.15,-0.1623,15803134.0,2466814200.0,2466814200.0,24.668142,24.668142,0.84,56.1756,1.7374
688469,芯联集成,浙江,半导体,科创板,20230510,20260805,8.27,4.0252,1380643975.0,69324823144.0,48543246000.0,693.24823144,485.43246,0.99,,5.3453
688472,阿特斯,江苏,电气设备,科创板,20230609,20260805,10.47,-0.3806,410882245.0,38143676847.0,38143676847.0,381.43676847,381.43676847,0.69,37.5514,1.6138
688475,萤石网络,浙江,IT设备,科创板,20221228,20260805,31.28,0.5141,216732789.0,24633000000.0,24633000000.0,246.33,246.33,0.85,43.4769,4.1858
688478,晶升股份,江苏,半导体,科创板,20230424,20260805,44.82,8.523,303409390.0,6201568602.0,6201568602.0,62.01568602,62.01568602,1.29,,4.1375
688479,友车科技,上海,软件服务,科创板,20230511,20260805,30.63,-0.5196,89897905.0,6166566372.0,2650242371.9999995,61.66566372,26.502423719999996,1.01,144.5193,3.2736
688480,赛恩斯,湖南,环境保护,科创板,20221125,20260805,78.75,4.7904,115315415.0,7506938250.0,7506938250.0,75.0693825,75.0693825,1.22,70.7257,6.2225
688484,南芯科技,上海,半导体,科创板,20230407,20260805,36.2,3.7249,367410961.0,15551907340.0,15551907340.0,155.5190734,155.5190734,1.25,65.1798,3.7252
688485,九州一轨,北京,运输设备,科创板,20230118,20260805,54.0,4.0663,291036190.0,8115773400.0,8115773400.0,81.157734,81.157734,1.08,,6.4889
688486,龙迅股份,安徽,半导体,科创板,20230221,20260805,45.48,1.7905,216794881.0,8498902176.0,8498388252.0,84.98902176,84.98388252,0.99,49.4365,5.3199
688488,艾迪药业,江苏,生物制药,科创板,20200720,20260805,15.48,10.7296,290433605.0,6513717744.0,6513717744.0,65.13717744,65.13717744,1.97,,6.6841
688489,三未信安,北京,IT设备,科创板,20221202,20260805,23.46,2.356,39343087.0,3978311610.0,3947787804.0,39.7831161,39.47787804,1.37,,2.1954
688496,*ST清越,江苏,元器件,科创板,20221228,20260805,0.89,-3.2609,8538310.0,400500000.0,211771584.0,4.005,2.11771584,0.52,,0.4491
688498,源杰科技,陕西,半导体,科创板,20221221,20260805,1298.0,-1.2928,10822281088.0,161601389400.0,159513945800.0,1616.013894,1595.139458,1.17,846.4172,64.0074
688499,利元亨,广东,专用机械,科创板,20210701,20260805,36.55,3.103,141517228.0,6167026675.0,6167026675.0,61.67026675,61.67026675,1.11,119.7339,2.6317
688500,慧辰股份,北京,互联网,科创板,20200716,20260805,35.89,5.2493,91202228.0,2727001158.0000005,2688785486.0,27.270011580000006,26.88785486,1.41,,3.7529
688501,青达环保,山东,环境保护,科创板,20210716,20260805,18.85,2.6688,48919561.0,2341660100.0,2341660100.0,23.416601,23.416601,0.97,13.3858,2.0363
688502,茂莱光学,江苏,元器件,科创板,20230309,20260805,372.99,14.2459,876965755.0,19694133093.0,19694133093.0,196.94133093,196.94133093,1.07,425.0812,16.5097
688503,聚和材料,江苏,电气设备,科创板,20221209,20260805,65.89,6.9643,808085352.0,15947593904.0,15947593904.0,159.47593904,159.47593904,0.97,37.9993,3.0065
688505,复旦张江,上海,化学制药,科创板,20200619,20260805,7.5,0.0,41091577.0,7774290750.0,5329290750.0,77.7429075,53.2929075,1.1,,3.6607
688506,百利天恒,四川,化学制药,科创板,20230106,20260805,289.91,1.0668,527001595.0,119696243358.0,119696243358.0,1196.96243358,1196.96243358,0.89,,21.2088
688507,索辰科技,上海,软件服务,科创板,20230418,20260805,174.53,13.1182,1936000751.0,15552158864.0,8593106721.0,155.52158864,85.93106721,1.4,493.6846,5.6219
688508,芯朋微,江苏,半导体,科创板,20200722,20260805,73.78,8.5798,634860393.0,9769969734.0,9769969734.0,97.69969734,97.69969734,0.82,52.442,3.559
688509,正元地信,北京,软件服务,科创板,20210730,20260805,4.17,-0.4773,24052510.0,3210900000.0,1604583474.0,32.109,16.04583474,1.0,,2.9124
688510,航亚科技,江苏,航空,科创板,20201216,20260805,21.46,-0.6941,162855798.0,5577938996.0,5577938996.0,55.77938996,55.77938996,1.14,54.7229,4.5412
688511,天微电子,四川,元器件,科创板,20210730,20260805,21.84,4.0,43889639.0,2919525336.0000005,2919525336.0000005,29.195253360000006,29.195253360000006,1.22,85.5327,3.5566
688512,慧智微,广东,半导体,科创板,20230516,20260805,12.6,-0.0793,200224821.0,5958497160.0,4089585780.0,59.5849716,40.8958578,1.06,,3.749
688513,苑东生物,四川,化学制药,科创板,20200902,20260805,45.54,2.7759,135185135.0,8039280942.000001,8039280942.000001,80.39280942,80.39280942,1.21,28.3014,2.6911
688515,裕太微,江苏,半导体,科创板,20230210,20260805,149.79,10.5135,738158065.0,11983200000.0,7462447926.0,119.832,74.62447926,1.24,,8.1693
688516,奥特维,江苏,专用机械,科创板,20200521,20260805,40.97,2.5532,319777789.0,12895737685.0,12895737685.0,128.95737685,128.95737685,0.94,29.0108,3.5077
688517,金冠电气,河南,电气设备,科创板,20210618,20260805,15.69,1.4221,51437461.0,2143461108.0,2143461108.0,21.43461108,21.43461108,1.31,26.5132,2.6502
688518,联赢激光,深圳,专用机械,科创板,20200622,20260805,19.8,3.5565,300843788.0,6758236980.0,6758236980.0,67.5823698,67.5823698,1.23,40.4044,2.0444
688519,南亚新材,上海,元器件,科创板,20200818,20260805,252.16,6.8248,2100224704.0,59303089664.0,59303089664.0,593.03089664,593.03089664,1.03,246.7594,20.5604
688520,神州细胞,北京,生物制药,科创板,20200622,20260805,36.22,3.1909,127491020.0,17035559054.0,16130059054.0,170.35559054,161.30059054,1.58,,240.5345
688521,芯原股份,上海,半导体,科创板,20200818,20260805,215.16,3.8969,4896945974.0,113155935947.99998,113155935947.99998,1131.5593594799998,1131.5593594799998,1.06,,35.9568
688522,纳睿雷达,广东,通信设备,科创板,20230301,20260805,19.81,0.8142,69349302.0,8400281925.0,3410974944.9999995,84.00281925,34.109749449999995,0.76,76.7303,3.5918
688523,航天环宇,湖南,航空,科创板,20230602,20260805,45.33,2.1636,264386368.00000003,18443870400.0,18443870400.0,184.438704,184.438704,1.13,387.4989,10.9725
688525,佰维存储,深圳,半导体,科创板,20221230,20260805,233.07,7.1438,9624123333.0,109908050769.0,109908050769.0,1099.08050769,1099.08050769,0.98,128.8435,12.912
688526,科前生物,湖北,农业综合,科创板,20200922,20260805,12.89,-0.0775,17267589.0,6008391209.0,6008391209.0,60.08391209,60.08391209,0.85,14.3493,1.3932
688528,秦川物联,四川,电器仪表,科创板,20200701,20260805,9.22,-0.7535,16763835.0,1548960000.0,1548960000.0,15.4896,15.4896,0.83,,3.4803
688529,豪森智能,辽宁,专用机械,科创板,20201109,20260805,15.43,0.7838,44915694.0,2594955680.0,2594955680.0,25.9495568,25.9495568,1.04,,2.6195
688530,欧莱新材,广东,半导体,科创板,20240509,20260805,51.25,14.9619,837057592.0,8202301125.0,3576163500.0,82.02301125,35.761635,1.52,,9.6828
688531,日联科技,江苏,专用机械,科创板,20230331,20260805,127.68,6.1523,800536677.0,21143029152.0,14654957183.999998,211.43029152,146.54957183999997,0.98,120.1024,6.1855
688533,上声电子,江苏,汽车配件,科创板,20210419,20260805,21.81,0.5533,21515335.0,3598368651.0,3598368651.0,35.98368651,35.98368651,1.08,19.7057,2.0282
688535,华海诚科,江苏,半导体,科创板,20230404,20260805,95.85,8.575,1009184667.0,13732822485.0,12799214730.0,137.32822485,127.9921473,1.06,566.2522,6.377
688536,思瑞浦,江苏,半导体,科创板,20200921,20260805,238.66,2.3413,1095376042.0,32953098830.0,32373990340.0,329.5309883,323.7399034,1.1,190.4893,5.1802
688538,和辉光电,上海,半导体,科创板,20210528,20260805,2.43,-0.4098,163028626.0,33556933368.0,13977932751.0,335.56933368,139.77932751,0.77,,4.4198
688539,高华科技,江苏,电器仪表,科创板,20230418,20260805,26.2,4.0922,68836489.0,4871104000.0,4871104000.0,48.71104,48.71104,1.21,81.3058,2.7756
688543,国科军工,江西,专用机械,科创板,20230621,20260805,38.49,-0.5426,251351737.0,9645994296.0,9645994296.0,96.45994296,96.45994296,1.01,39.117,3.9427
688545,兴福电子,湖北,元器件,科创板,20250122,20260805,75.98,14.6695,1342642866.0,27352800000.0,13847355000.0,273.528,138.47355,1.32,132.2557,9.063
688548,广钢气体,广东,化工原料,科创板,20230815,20260805,34.75,7.3857,1069078742.0000001,45849097875.0,24019512750.0,458.49097875,240.1951275,0.82,160.4959,7.5236
688549,中巨芯,浙江,元器件,科创板,20230908,20260805,23.21,20.0103,2199955314.0,34287575960.0,13678093990.0,342.8757596,136.7809399,1.18,,11.389
688550,瑞联新材,陕西,化工原料,科创板,20200902,20260805,39.23,8.5801,239838481.0,6907151563.0,6907151563.0,69.07151563,69.07151563,1.29,22.333,2.0669
688551,科威尔,安徽,专用机械,科创板,20200910,20260805,38.1,8.7019,165745483.0,4152694260.0,4152694260.0,41.5269426,41.5269426,1.32,64.9369,3.1543
688552,航天南湖,湖北,通信设备,科创板,20230518,20260805,26.74,2.3737,77949681.0,9018011520.0,9018011520.0,90.1801152,90.1801152,1.02,282.2423,3.492
688553,汇宇制药-W,四川,化学制药,科创板,20211026,20260805,11.03,1.659,93601588.0,6903686927.0,5596751051.0,69.03686927,55.96751051,0.73,,1.826
688556,高测股份,山东,专用机械,科创板,20200807,20260805,8.65,2.4882,188340664.0,7186194235.0,7186194235.0,71.86194235,71.86194235,1.08,,1.8455
688557,兰剑智能,山东,专用机械,科创板,20201202,20260805,19.88,3.6496,34080478.0,2948651300.0,2948651300.0,29.486513,29.486513,1.13,26.9364,2.4015
688558,国盛智科,江苏,机床制造,科创板,20200630,20260805,30.04,2.1421,48190252.0,3965280000.0,3965280000.0,39.6528,39.6528,0.74,25.2158,2.2572
688559,海目星,深圳,专用机械,科创板,20200909,20260805,47.2,3.9648,552727875.0,11694224800.0,11694224800.0,116.942248,116.942248,0.94,,4.8288
688560,明冠新材,江西,电气设备,科创板,20201224,20260805,11.8,1.2007,45632022.0,2375362420.0,2375362420.0,23.7536242,23.7536242,0.88,,0.9258
688561,奇安信,北京,软件服务,科创板,20200722,20260805,27.17,0.4436,287223571.0,18536805859.0,18536805859.0,185.36805859,185.36805859,0.96,,2.6253
688562,航天软件,北京,软件服务,科创板,20230524,20260805,14.47,0.3467,52488115.0,5788000000.0,5788000000.0,57.88,57.88,1.09,,3.4722
688563,航材股份,北京,航空,科创板,20230719,20260805,52.78,-0.3963,106004878.0,23717199688.0,7153943706.0,237.17199688,71.53943706,0.86,44.2317,2.2719
688565,力源科技,浙江,环境保护,科创板,20210513,20260805,10.32,-1.4327,24468927.0,1545213599.9999998,1545213599.9999998,15.452135999999998,15.452135999999998,0.73,172.8697,3.1075
688566,吉贝尔,江苏,化学制药,科创板,20200518,20260805,24.87,1.3861,38445997.0,5001396792.0,5001396792.0,50.01396792,50.01396792,1.08,19.118,2.0155
688567,孚能科技,江西,电气设备,科创板,20200717,20260805,10.32,0.3891,104522322.0,12612112248.0,12612112248.0,126.12112248,126.12112248,0.79,,1.3815
688568,中科星图,北京,软件服务,科创板,20200708,20260805,37.02,1.7872,640832604.0,29915080878.0,29915080878.0,299.15080878,299.15080878,1.3,1017.5153,8.227
688569,铁科轨道,北京,运输设备,科创板,20200831,20260805,16.78,0.6599,16551326.0,3534987226.0,3534987226.0,35.34987226,35.34987226,0.83,20.6396,1.1917
688570,天玛智控,北京,专用机械,科创板,20230605,20260805,14.81,-0.6707,11455907.0,6412730000.0,2787242000.0,64.1273,27.87242,1.04,65.5462,1.4862
688571,杭华股份,浙江,染料涂料,科创板,20201211,20260805,8.71,1.2791,110581899.0,3694526797.0,3694526797.0,36.94526797,36.94526797,1.22,34.0512,2.1692
688573,信宇人,深圳,专用机械,科创板,20230817,20260805,15.92,0.5051,40141686.0,1556250048.0,847201904.0000001,15.56250048,8.472019040000001,1.02,,4.4999
688575,亚辉龙,深圳,医疗保健,科创板,20210517,20260805,9.26,-0.8565,72424767.0,5291055658.0,5291055658.0,52.91055658,52.91055658,1.26,226.6888,1.9502
688576,西山科技,重庆,医疗保健,科创板,20230606,20260805,39.35,0.1782,18360579.0,2661759920.0000005,1271732975.0,26.617599200000004,12.71732975,1.04,51.2784,1.533
688577,浙海德曼,浙江,机床制造,科创板,20200916,20260805,41.76,4.7667,57985782.0,6505857216.000001,6505857216.000001,65.05857216000001,65.05857216000001,0.89,130.1572,6.2834
688578,艾力斯,上海,化学制药,科创板,20201202,20260805,111.12,2.3016,876917163.0,50004000000.0,50004000000.0,500.04,500.04,0.88,22.8422,6.4573
688579,地纬智能,山东,软件服务,科创板,20200717,20260805,8.08,-0.1236,38913252.0,3232080800.0,3232080800.0,32.320808,32.320808,0.98,53.7562,2.332
688580,伟思医疗,江苏,医疗保健,科创板,20200721,20260805,49.14,0.6967,69290178.0,4706201682.0,4706201682.0,47.06201682,47.06201682,0.85,34.085,2.6809
688581,安杰思,浙江,医疗保健,科创板,20230519,20260805,53.7,0.4301,35462771.0,4335775590.0,2211274710.0,43.3577559,22.1127471,1.85,19.5559,1.6852
688582,芯动联科,安徽,元器件,科创板,20230630,20260805,41.25,2.4081,250457907.0,16571737875.0,16571737875.0,165.71737875,165.71737875,0.9,54.6181,6.6827
688583,思看科技,浙江,电器仪表,科创板,20250115,20260805,79.26,3.4726,166818114.0,9809217600.0,3418071648.0000005,98.092176,34.18071648000001,1.69,102.2916,8.2399
688584,上海合晶,上海,半导体,科创板,20240208,20260805,27.04,6.4986,619215638.0,18095040912.0,9282837408.0,180.95040912,92.82837408,1.09,144.3565,4.3485
688585,上纬新材,上海,化工原料,科创板,20200928,20260805,159.79,1.5636,876868412.0,64453166043.0,64453166043.0,644.53166043,644.53166043,0.88,1568.7529,49.5578
688586,江航装备,安徽,航空,科创板,20200731,20260805,10.84,0.5566,62079157.0,8578116928.0,8578116928.0,85.78116928,85.78116928,0.92,155.9254,3.4428
688588,凌志软件,江苏,软件服务,科创板,20200511,20260805,9.92,1.7436,48271082.0,3868899200.0,3868899200.0,38.688992,38.688992,1.06,36.5395,3.1508
688589,力合微,深圳,半导体,科创板,20200722,20260805,18.16,1.8508,81582708.0,2639165560.0,2639165560.0,26.3916556,26.3916556,1.3,128.3203,2.7779
688590,新致软件,上海,软件服务,科创板,20201207,20260805,13.69,3.4769,132991848.99999999,4283124588.0,3853970468.0,42.83124588,38.53970468,1.14,,2.8702
688591,泰凌微,上海,半导体,科创板,20230825,20260805,28.6,2.9518,123009831.0,6908727540.0,4840770220.0,69.0872754,48.4077022,0.88,54.2796,2.8137
688592,司南导航,上海,通信设备,科创板,20230816,20260805,24.01,0.5444,25715330.0,2788684668.0,1328605355.0,27.88684668,13.28605355,1.04,177.0282,2.9332
688593,新相微,上海,半导体,科创板,20230601,20260805,31.63,5.2929,598839191.0,14534914922.0,14534914922.0,145.34914922,145.34914922,0.96,1599.4307,9.3509
688595,芯海科技,深圳,半导体,科创板,20200928,20260805,28.47,3.4896,127825691.0,4102341945.0,4102341945.0,41.02341945,41.02341945,1.24,,6.3378
688596,正帆科技,上海,专用机械,科创板,20200820,20260805,57.42,20.0,2466440397.0,16697694600.0,16697694600.0,166.976946,166.976946,1.02,122.5065,4.6066
688597,煜邦电力,北京,电器仪表,科创板,20210617,20260805,6.64,1.5291,25045358.0,2231440392.0,2231440392.0,22.31440392,22.31440392,0.72,29.7789,2.8032
688598,金博股份,湖南,矿物制品,科创板,20200518,20260805,27.91,6.5267,328160974.0,5793365220.999999,5681794996.0,57.93365220999999,56.81794996,1.09,,1.5011
688599,天合光能,江苏,电气设备,科创板,20200610,20260805,14.3,0.07,418233238.0,33498718110.000004,33498718110.000004,334.98718110000004,334.98718110000004,0.77,,1.6416
688600,皖仪科技,安徽,电器仪表,科创板,20200703,20260805,27.44,19.9825,166824851.0,3696401240.0,3696401240.0,36.9640124,36.9640124,2.97,67.157,4.6012
688601,力芯微,江苏,半导体,科创板,20210628,20260805,39.17,2.2182,169764520.0,5236743059.0,5236743059.0,52.36743059,52.36743059,0.79,141.2208,4.1985
688602,康鹏科技,上海,化工原料,科创板,20230720,20260805,6.63,0.7599,32301235.0,3443456250.0,3443456250.0,34.4345625,34.4345625,0.82,,1.2688
688603,天承科技,上海,化工原料,科创板,20230710,20260805,98.78,7.8384,604987229.0,12320286110.0,12320286110.0,123.2028611,123.2028611,1.13,142.1367,10.0743
688605,先锋精科,江苏,半导体,科创板,20241212,20260805,72.33,7.6339,578306052.0,14638130933.999998,7837078461.0,146.38130933999997,78.37078461,1.13,77.4932,8.7662
688606,奥泰生物,浙江,医疗保健,科创板,20210325,20260805,44.75,-0.732,19062798.0,3547820275.0000005,3547820275.0000005,35.47820275,35.47820275,1.03,16.1124,0.9137
688607,康众医疗,江苏,医疗保健,科创板,20210201,20260805,41.91,14.8534,185408304.0,3693486390.0000005,3324678390.0,36.9348639,33.2467839,1.51,,4.3997
688608,恒玄科技,上海,半导体,科创板,20201216,20260805,116.17,0.991,787831681.0,27519046620.0,27519046620.0,275.1904662,275.1904662,0.95,46.3285,3.8487
688609,九联科技,广东,家用电器,科创板,20210323,20260805,9.4,0.6424,217438827.0,4906357260.0,4700000000.0,49.0635726,47.0,0.96,,6.2378
688610,埃科光电,安徽,电器仪表,科创板,20230719,20260805,143.43,13.4641,346642854.0,9753240000.0,5870962818.0,97.5324,58.70962818,1.26,152.4717,6.2825
688611,杭州柯林,浙江,电气设备,科创板,20210412,20260805,61.37,0.327,104390571.0,9413519752.0,9413519752.0,94.13519752,94.13519752,0.84,,10.9119
688612,威迈斯,深圳,汽车配件,科创板,20230726,20260805,30.97,3.0273,110219525.0,12982112995.0,7949980418.0,129.82112995,79.49980418,1.11,23.2523,3.4599
688613,奥精医疗,北京,医疗保健,科创板,20210521,20260805,15.01,1.6249,46067363.0,2056499086.0,2056499086.0,20.56499086,20.56499086,1.13,148.5991,1.4325
688615,合合信息,上海,软件服务,科创板,20240926,20260805,122.8,5.6072,1269559158.0,24068800000.0,16619543240.0,240.688,166.1954324,1.19,52.9983,7.7832
688616,西力科技,浙江,电器仪表,科创板,20210318,20260805,10.43,-0.6667,19514824.0,1870915669.0,1870915669.0,18.70915669,18.70915669,0.92,17.9975,2.054
688617,惠泰医疗,深圳,医疗保健,科创板,20210107,20260805,214.97,-0.4815,325645554.0,30424532124.0,30424532124.0,304.24532124,304.24532124,0.89,37.0743,10.2471
688618,三旺通信,深圳,通信设备,科创板,20201230,20260805,28.33,5.0037,73922525.0,3117654174.0,3117654174.0,31.17654174,31.17654174,1.01,86.6713,3.7761
688619,罗普特,福建,软件服务,科创板,20210223,20260805,13.72,3.003,59589322.0,2544209360.0,2544209360.0,25.4420936,25.4420936,1.36,,3.8689
688620,安凯微,广东,半导体,科创板,20230627,20260805,14.35,6.6914,350349098.0,5625200000.0,5625200000.0,56.252,56.252,1.06,,4.414
688621,阳光诺和,北京,医疗保健,科创板,20210621,20260805,60.88,-0.0985,105221845.0,6818560000.0,6818560000.0,68.1856,68.1856,0.73,33.4461,5.4382
688622,*ST禾信,广东,电器仪表,科创板,20210913,20260805,108.2,-6.0111,75605364.0,7624367100.0,7624367100.0,76.243671,76.243671,1.62,,25.7608
688623,双元科技,浙江,专用机械,科创板,20230608,20260805,59.67,0.1847,27816517.0,5102507007.0,2119454532.0,51.02507007,21.19454532,1.05,81.6234,2.3871
688625,呈和科技,广东,化工原料,科创板,20210607,20260805,53.8,5.4075,260155439.0,13970079220.0,13970079220.0,139.7007922,139.7007922,1.09,50.6553,8.7964
688626,翔宇医疗,河南,医疗保健,科创板,20210331,20260805,44.68,1.8928,105171411.0,7148800000.0,7148800000.0,71.488,71.488,0.72,91.4678,3.3974
688627,精智达,深圳,专用机械,科创板,20230718,20260805,429.7,6.6253,2706997376.0,40446887540.0,40446887540.0,404.4688754,404.4688754,1.08,618.2536,23.219
688628,优利德,广东,电器仪表,科创板,20210201,20260805,64.63,4.2419,420105523.0,7223539987.999999,7223539987.999999,72.23539987999999,72.23539987999999,1.63,47.7665,5.3959
688629,华丰科技,四川,元器件,科创板,20230627,20260805,143.44,3.3802,2807960083.0,67166482856.0,66124807232.0,671.66482856,661.24807232,0.97,187.3168,34.852
688630,芯碁微装,安徽,专用机械,科创板,20210401,20260805,361.0,6.1765,2839060626.0,52888341100.0,47558392699.99999,528.883411,475.5839269999999,1.07,182.4157,21.8648
688631,莱斯信息,江苏,软件服务,科创板,20230628,20260805,43.05,1.0326,57104184.0,7037383500.0,7037383500.0,70.373835,70.373835,0.82,127.3466,3.6963
688633,星球石墨,江苏,专用机械,科创板,20210324,20260805,23.6,2.2974,74772797.0,4021454160.0000005,4021454160.0000005,40.214541600000004,40.214541600000004,0.77,23.791,2.2732
688635,长进光子,湖北,通信设备,科创板,20260527,20260805,254.7,7.0168,739842156.0,23857749000.0,4522580550.0,238.57749,45.2258055,1.97,249.4526,36.8216
688636,智明达,四川,元器件,科创板,20210408,20260805,19.0,2.2605,217226888.0,3304221599.9999995,3304221599.9999995,33.042215999999996,33.042215999999996,0.98,32.334,2.3362
688638,誉辰智能,深圳,专用机械,科创板,20230712,20260805,31.66,-1.34,22138770.0,1772960000.0,837755260.0,17.7296,8.3775526,1.0,,2.3203
688639,华恒生物,安徽,化学制药,科创板,20210422,20260805,17.2,1.1765,77479292.0,4301990040.0,4301990040.0,43.0199004,43.0199004,0.81,32.4894,1.6003
688646,ST逸飞,湖北,专用机械,科创板,20230728,20260805,69.32,1.9412,92545171.0,6527351432.000001,4209956104.0,65.27351432,42.09956104,0.99,,4.6153
688648,中邮科技,上海,机床制造,科创板,20231113,20260805,31.62,1.1516,52166844.0,4300320000.0,2198503818.0,43.0032,21.98503818,0.86,6.8618,1.9957
688651,盛邦安全,北京,软件服务,科创板,20230726,20260805,22.74,0.3974,36882087.0,2330690820.0,1069191594.0,23.3069082,10.69191594,1.08,,2.5531
688652,京仪装备,北京,半导体,科创板,20231129,20260805,139.5,8.6026,1231321624.0,23436000000.0,16844625000.0,234.36,168.44625,1.2,158.4312,10.4277
688653,康希通信,上海,半导体,科创板,20231117,20260805,12.46,7.3213,263985539.99999997,5289020800.0,3942488535.9999995,52.890208,39.42488536,1.53,,3.6749
688655,迅捷兴,深圳,元器件,科创板,20210511,20260805,33.16,5.0364,286680141.0,4423212400.0,4423212400.0,44.232124,44.232124,1.38,,6.7785
688656,浩欧博,江苏,医疗保健,科创板,20210113,20260805,87.03,1.8729,29806317.0,5528023758.0,5528023758.0,55.28023758,55.28023758,0.8,238.2688,6.6868
688657,浩辰软件,江苏,软件服务,科创板,20231010,20260805,32.13,4.1829,121250749.0,3065854239.0,1917984285.0,30.65854239,19.17984285,2.0,60.3496,2.1591
688658,悦康药业,北京,化学制药,科创板,20201224,20260805,12.57,0.1594,169003425.0,5656500000.0,5656500000.0,56.565,56.565,1.21,,1.7234
688659,元琛科技,安徽,环境保护,科创板,20210331,20260805,9.44,0.9626,20155852.0,1510400000.0,1510400000.0,15.104,15.104,0.66,,2.9193
688660,电气风电,上海,电气设备,科创板,20210519,20260805,9.17,3.3822,253522878.0,12226667278.0,12226667278.0,122.26667278,122.26667278,0.86,,3.1529
688661,和林微纳,江苏,元器件,科创板,20210329,20260805,96.92,3.3372,677151970.0,14720965576.0,14720965576.0,147.20965576,147.20965576,1.06,494.1279,12.1173
688662,富信科技,广东,元器件,科创板,20210401,20260805,78.65,12.3732,1153753619.0,9021595440.0,9021595440.0,90.2159544,90.2159544,1.58,228.9395,12.2155
688663,新风光,山东,电气设备,科创板,20210413,20260805,52.75,-0.1136,267065798.0,10404832000.0,10404832000.0,104.04832,104.04832,0.72,109.0508,7.5026
688665,四方光电,湖北,电器仪表,科创板,20210209,20260805,45.47,0.9547,21292302.0,4601213881.0,4601213881.0,46.01213881,46.01213881,0.94,34.7318,3.8804
688667,菱电电控,湖北,汽车配件,科创板,20210312,20260805,88.5,3.5815,55106681.0,4663551750.0,4663551750.0,46.6355175,46.6355175,0.83,34.3838,2.5601
688668,鼎通科技,广东,通信设备,科创板,20201221,20260805,227.28,3.8757,1670217641.0,31653421968.0,31653421968.0,316.53421968,316.53421968,1.16,131.6014,15.0802
688669,聚石化学,广东,化工原料,科创板,20210125,20260805,59.53,4.1098,344929507.0,7222971348.999999,7222971348.999999,72.22971349,72.22971349,1.38,,6.6477
688670,金迪克,江苏,生物制药,科创板,20210802,20260805,14.79,-0.6716,23107351.0,1822128000.0,1822128000.0,18.22128,18.22128,1.11,,1.6923
688671,碧兴物联,深圳,环境保护,科创板,20230809,20260805,23.71,0.8936,50894551.0,1861683119.0,1110744741.0,18.61683119,11.10744741,1.24,,1.8618
688676,金盘科技,海南,电气设备,科创板,20210309,20260805,69.68,3.1838,777796592.0,32037776992.0,32037776992.0,320.37776992,320.37776992,1.12,48.576,6.1986
688677,海泰新光,山东,医疗保健,科创板,20210226,20260805,71.95,3.5401,493067218.0,8625150150.0,8625150150.0,86.2515015,86.2515015,1.15,50.515,6.2302
688678,福立旺,江苏,元器件,科创板,20201223,20260805,17.16,5.7953,333457784.0,6917307540.0,6917307540.0,69.1730754,69.1730754,1.2,125.2871,2.9589
688679,通源环境,安徽,环境保护,科创板,20201225,20260805,38.0,-0.2363,110059947.0,5004208600.0,5004208600.0,50.042086,50.042086,0.68,,4.5589
688680,海优新材,上海,塑料,科创板,20210122,20260805,35.56,0.0844,32989057.999999996,3469624760.0000005,3469624760.0000005,34.69624760000001,34.69624760000001,1.01,,2.2378
688681,科汇股份,山东,电气设备,科创板,20210616,20260805,16.06,-0.803,35240650.0,1681000200.0,1681000200.0,16.810002,16.810002,0.8,35.8591,2.7082
688682,霍莱沃,上海,软件服务,科创板,20210420,20260805,31.04,2.0717,44744554.0,3161079456.0,3161079456.0,31.61079456,31.61079456,1.03,,5.1154
688683,莱尔科技,广东,元器件,科创板,20210412,20260805,29.28,4.5714,60602334.0,4716943584.0,4716943584.0,47.16943584,47.16943584,1.06,113.3859,3.902
688685,迈信林,江苏,航空,科创板,20210513,20260805,44.6,-1.1086,241170336.0,6549585820.000001,6549585820.000001,65.49585820000001,65.49585820000001,0.55,372.6131,8.1768
688686,奥普特,广东,电器仪表,科创板,20201231,20260805,114.08,6.3584,185067886.0,13944625840.0,13944625840.0,139.4462584,139.4462584,0.88,74.8989,4.4543
688687,凯因科技,北京,生物制药,科创板,20210208,20260805,16.6,0.4235,44901544.0,2837677040.0000005,2837677040.0000005,28.376770400000005,28.376770400000005,1.22,92.7394,1.6514
688689,银河微电,江苏,半导体,科创板,20210127,20260805,37.13,7.6544,374311100.0,5380434040.0,5380434040.0,53.8043404,53.8043404,1.12,67.3356,4.2608
688690,纳微科技,江苏,化工原料,科创板,20210623,20260805,37.58,2.342,392946560.0,15175360184.0,15175360184.0,151.75360184,151.75360184,1.0,111.576,7.4227
688691,灿芯股份,上海,半导体,科创板,20240411,20260805,64.6,5.4694,429874101.0,7752000000.0,4713539000.0,77.52,47.13539,1.18,,6.4258
688692,达梦数据,湖北,软件服务,科创板,20240612,20260805,244.0,1.7048,548591802.0,27630560000.0,18096186800.0,276.3056,180.961868,0.95,53.4833,7.1102
688693,锴威特,江苏,半导体,科创板,20230818,20260805,64.85,6.486,166360112.0,4778420370.0,2522950340.0,47.7842037,25.2295034,0.99,,6.1526
688695,中创股份,山东,软件服务,科创板,20240313,20260805,19.2,-1.1329,32996493.000000004,1632986880.0,1025193600.0,16.3298688,10.251936,1.0,,2.1447
688696,极米科技,四川,家用电器,科创板,20210303,20260805,67.08,1.1155,82805311.0,4696941600.0,4696941600.0,46.969416,46.969416,0.99,32.7435,1.5693
688697,纽威数控,江苏,机床制造,科创板,20210917,20260805,14.27,3.933,175426565.0,9136605809.0,9136605809.0,91.36605809,91.36605809,0.94,30.0301,4.7731
688698,伟创电气,江苏,电气设备,科创板,20201229,20260805,49.61,1.785,241725089.0,10667797052.0,10667797052.0,106.67797052,106.67797052,0.99,40.5968,4.4561
688699,明微电子,深圳,半导体,科创板,20201218,20260805,55.4,8.9693,335042845.0,6097578840.0,6097578840.0,60.9757884,60.9757884,1.27,,5.0211
688700,东威科技,江苏,专用机械,科创板,20210615,20260805,56.25,7.8413,704943071.0,16785078750.0,16785078750.0,167.8507875,167.8507875,0.82,138.792,8.9426
688701,卓锦股份,浙江,环境保护,科创板,20210916,20260805,7.74,3.2,37581069.0,1039307076.0,1039307076.0,10.39307076,10.39307076,1.56,,7.9992
688702,盛科通信,江苏,半导体,科创板,20230914,20260805,350.44,3.6805,4124675222.0,143680400000.0,71136446392.0,1436.804,711.36446392,0.99,,64.3775
688707,振华新材,贵州,电气设备,科创板,20210914,20260805,10.76,1.0329,73286947.0,5474044552.0,5474044552.0,54.74044552,54.74044552,1.12,,1.4065
688708,佳驰科技,四川,化工原料,科创板,20241205,20260805,47.1,0.085,61031550.0,18862499670.0,6723242400.0,188.6249967,67.232424,0.89,42.8328,5.3383
688709,成都华微,四川,半导体,科创板,20240207,20260805,26.4,3.8961,193322748.0,16812763440.0,5854102320.0,168.1276344,58.5410232,1.06,109.4542,5.7758
688710,益诺思,上海,生物制药,科创板,20240903,20260805,77.4,4.1723,172274719.0,10911828780.0,7019715600.000001,109.1182878,70.197156,0.76,,4.6681
688711,宏微科技,江苏,半导体,科创板,20210901,20260805,24.3,5.2404,225488322.0,5267085750.0,5267085750.0,52.6708575,52.6708575,1.28,307.7491,5.0089
688712,北芯生命,深圳,医疗保健,科创板,20260205,20260805,35.23,6.435,312465794.0,14690910000.0,1606488000.0,146.9091,16.06488,8.12,183.6008,8.3244
688716,中研股份,吉林,化工原料,科创板,20230920,20260805,29.1,4.9784,90926440.0,3540888000.0,2034881520.0,35.40888,20.3488152,1.15,298.3875,3.0028
688717,艾罗能源,浙江,电气设备,科创板,20240103,20260805,59.03,2.3228,314545785.0,9444800000.0,5846791634.0,94.448,58.46791634,1.04,78.1075,2.1307
688718,唯赛勃,上海,塑料,科创板,20210728,20260805,13.18,2.8081,30526582.0,2290082992.0,2290082992.0,22.90082992,22.90082992,0.95,50.3586,2.8387
688719,爱科赛博,陕西,电气设备,科创板,20230928,20260805,46.84,4.0658,151415907.0,5404652136.0,4202592532.0,54.04652136,42.02592532,0.82,,3.2128
688720,艾森股份,江苏,半导体,科创板,20231206,20260805,60.15,10.7735,485246751.0,7376675699.999999,4703092410.0,73.76675699999998,47.0309241,1.0,143.9693,7.0674
688721,龙图光罩,深圳,半导体,科创板,20240806,20260805,38.12,5.9772,182164622.0,5089020000.0,2038829140.0,50.8902,20.3882914,1.07,90.7319,4.1595
688722,同益中,北京,化纤,科创板,20211019,20260805,14.43,1.4055,52762878.0,3233838036.0,3233838036.0,32.33838036,32.33838036,1.21,29.5397,2.2099
688726,拉普拉斯,深圳,专用机械,科创板,20241029,20260805,44.46,4.1218,436858425.0,18020802852.0,9777843270.0,180.20802852,97.7784327,1.1,28.9321,4.2808
688727,恒坤新材,福建,半导体,科创板,20251118,20260805,42.57,7.2292,260286191.0,19127535372.0,2299980474.0,191.27535372,22.99980474,1.23,195.5936,7.5634
688728,格科微,上海,半导体,科创板,20210818,20260805,15.65,4.6123,705074640.0,40699181855.0,40671090105.0,406.99181855,406.71090105,1.01,805.7788,5.1708
688729,屹唐股份,北京,半导体,科创板,20250708,20260805,25.18,9.5259,1399329282.0,74421000800.0,44020610177.99999,744.210008,440.2061017799999,1.08,110.9471,8.2487
688733,壹石通,安徽,矿物制品,科创板,20210817,20260805,27.68,3.826,168936192.0,5529777536.000001,5529777536.000001,55.29777536000001,55.29777536000001,1.06,,2.6426
688737,中自科技,四川,汽车配件,科创板,20211022,20260805,18.48,2.7809,25954716.0,2209551960.0,2209551960.0,22.0955196,22.0955196,0.95,,1.2452
688739,成大生物,辽宁,生物制药,科创板,20211028,20260805,20.07,-0.9378,35352775.0,8358151500.0,8358151500.0,83.581515,83.581515,1.0,63.4201,0.8937
688750,金天钛业,湖南,小金属,科创板,20241120,20260805,14.87,2.059,78475545.0,6877375000.0,3463495121.0,68.77375,34.63495121,1.93,116.0293,2.7797
688755,汉邦科技,江苏,专用机械,科创板,20250516,20260805,24.72,-0.8026,25318143.0,2827968000.0,1974317184.0000002,28.27968,19.743171840000002,1.15,47.4084,2.2339
688757,胜科纳米,江苏,电器仪表,科创板,20250325,20260805,31.28,6.9036,284307051.0,12615580592.0,5668570984.0,126.15580592,56.68570984,0.9,203.8751,14.0887
688758,赛分科技,江苏,化工原料,科创板,20250110,20260805,26.16,-0.8715,228969183.0,10894700856.000002,7800485592.0,108.94700856000001,78.00485592,0.76,86.099,7.8586
688759,必贝特,广东,生物制药,科创板,20251028,20260805,22.98,3.5135,134394178.0,10341843366.0,1654560000.0,103.41843366,16.5456,0.89,,6.357
688765,禾元生物,湖北,生物制药,科创板,20251028,20260805,35.15,1.7955,136344832.0,12566125000.0,2529773620.0,125.66125,25.2977362,0.65,,4.3806
688766,普冉股份,上海,半导体,科创板,20210823,20260805,373.88,11.3533,6859333233.0,55597301968.0,55597301968.0,555.97301968,555.97301968,0.86,267.9122,20.6333
688767,博拓生物,浙江,医疗保健,科创板,20210908,20260805,38.33,0.4192,72646923.0,5723945389.0,5723945389.0,57.23945389,57.23945389,0.49,116.2142,2.4249
688768,容知日新,安徽,电器仪表,科创板,20210726,20260805,45.87,-1.0569,37099580.0,4036041669.0,4002776745.0,40.36041669,40.02776745,0.84,47.9052,3.7334
688772,珠海冠宇,广东,电气设备,科创板,20211015,20260805,14.84,0.6784,285422136.0,16892069264.0,16892069264.0,168.92069264,168.92069264,0.85,35.8144,2.3445
688775,影石创新,深圳,IT设备,科创板,20250611,20260805,137.35,1.313,812381957.0,55077350000.0,35622848770.0,550.7735,356.2284877,1.2,59.2932,9.4947
688776,国光电气,四川,元器件,科创板,20210831,20260805,50.85,1.0934,121142460.0,5511295890.0,5511295890.0,55.1129589,55.1129589,1.06,,3.2279
688777,中控技术,浙江,专用机械,科创板,20201124,20260805,106.59,6.6967,2800326372.0,84332888805.0,83907552069.0,843.32888805,839.07552069,1.07,191.0236,8.4051
688778,厦钨新能,福建,电气设备,科创板,20210805,20260805,47.85,2.7265,334129291.0,24149469134.999996,24149469134.999996,241.49469134999995,241.49469134999995,1.02,31.9932,2.564
688779,五矿新能,湖南,电气设备,科创板,20210811,20260805,7.88,0.7673,207991884.0,15202253600.000002,15202253600.000002,152.02253600000003,152.02253600000003,0.9,66.665,2.1414
688781,视涯科技-UW,安徽,元器件,科创板,20260325,20260805,38.61,2.5498,86552904.0,38610000000.0,1576643211.0,386.1,15.76643211,0.87,,9.519
688783,西安奕材,陕西,半导体,科创板,20251028,20260805,29.14,11.8189,1234574027.0,117661492000.0,7835746000.0,1176.61492,78.35746,1.06,,9.5911
688785,恒运昌,深圳,半导体,科创板,20260128,20260805,254.0,7.3088,239452106.0,17196206400.0,3440277600.0,171.962064,34.402776,1.18,151.0555,7.7042
688786,悦安新材,江西,小金属,科创板,20210826,20260805,26.95,6.775,167521852.0,4650492000.0,4650492000.0,46.50492,46.50492,1.15,56.1499,5.849
688787,海天瑞声,北京,软件服务,科创板,20210813,20260805,109.67,3.18,410448532.0,6615864684.0,6615864684.0,66.15864684,66.15864684,1.14,468.5967,8.8117
688788,科思科技,深圳,通信设备,科创板,20201022,20260805,31.17,5.5537,161214424.0,6823243914.0,6823243914.0,68.23243914,68.23243914,1.02,,3.8806
688789,宏华数科,浙江,专用机械,科创板,20210708,20260805,47.5,0.5717,48951605.0,8562164750.0,8562164750.0,85.6216475,85.6216475,0.66,16.2075,2.3683
688790,昂瑞微-UW,北京,半导体,科创板,20251216,20260805,95.65,0.7903,46426435.0,9520207105.0,1212440270.0,95.20207105,12.1244027,1.15,,3.5032
688793,倍轻松,深圳,家用电器,科创板,20210715,20260805,17.4,-0.6849,29873830.0,1479053940.0,1479053940.0,14.7905394,14.7905394,0.82,,6.6369
688795,摩尔线程,北京,半导体,科创板,20251205,20260805,593.13,2.8615,1025528532.0,278787826266.0,17927650815.0,2787.87826266,179.27650815,1.29,,24.2014
688796,百奥赛图,北京,生物制药,科创板,20251210,20260805,116.22,-0.5647,301567959.0,51938532048.00001,4486963650.0,519.3853204800001,44.8696365,0.66,299.8764,22.7624
688797,臻宝科技,,,科创板,20260624,20260805,323.59,7.5086,1738474533.0,50250388176.99999,9446465793.0,502.5038817699999,94.46465793,1.08,222.4149,39.7787
688798,艾为电子,上海,半导体,科创板,20210816,20260805,56.49,1.7288,174622373.0,13169434614.0,7668133368.000001,131.69434614,76.68133368000001,1.22,41.5427,3.0973
688799,华纳药厂,湖南,化学制药,科创板,20210713,20260805,43.99,-0.61,128882764.0,5878691629.999999,5878691629.999999,58.78691629999999,58.78691629999999,1.01,24.6714,2.832
688800,瑞可达,江苏,元器件,科创板,20210722,20260805,53.18,6.7871,749546178.0,15336420660.000002,15336420660.000002,153.36420660000002,153.36420660000002,1.05,51.2808,6.3934
688802,沐曦股份,上海,半导体,科创板,20251217,20260805,726.03,4.3087,1050589578.0,290484603000.0,13452319458.000002,2904.84603,134.52319458000002,1.03,,22.1769
688805,健信超导,浙江,医疗保健,科创板,20251224,20260805,41.47,2.1429,56827375.0,6953689600.0,1390737919.9999998,69.536896,13.907379199999998,1.27,92.6118,5.58
688806,泰诺麦博,,,科创板,20260721,20260805,26.7,3.0888,294322973.0,12296583540.0,1362386190.0,122.9658354,13.6238619,0.79,,778.6547
688807,优迅股份,福建,半导体,科创板,20251219,20260805,243.99,3.8255,460425816.0,19519200000.0,3903840000.0,195.192,39.0384,1.37,221.4918,10.8558
688808,联讯仪器,江苏,电器仪表,科创板,20260424,20260805,2079.0,6.681,4603571428.0,213443861400.0,40116591900.0,2134.438614,401.165919,1.22,1229.1503,208.0175
688809,强一股份,江苏,半导体,科创板,20251230,20260805,473.0,6.8058,1001149759.0,61281548900.0,12256328700.000002,612.815489,122.56328700000002,1.03,155.1727,14.6602
688811,有研复材,北京,小金属,科创板,20260410,20260805,22.9,5.5786,235893264.0,11488325440.0,2109687690.0,114.8832544,21.0968769,1.4,166.7385,14.2232
688813,泰金新,陕西,专用机械,科创板,20260331,20260805,108.95,8.1712,507837466.0,17432000000.0,3276889150.0,174.32,32.7688915,1.62,85.4044,9.7328
688816,易思维,浙江,专用机械,科创板,20260211,20260805,51.22,1.4458,24607533.0,5122000000.0,987736724.0,51.22,9.87736724,0.97,65.2824,2.8153
688818,电科蓝天,天津,航空,科创板,20260210,20260805,49.4,2.9596,537407843.0,85804040660.0,6521605220.0,858.0404066,65.2160522,1.17,262.3533,15.7133
688819,天能股份,浙江,电气设备,科创板,20210118,20260805,22.63,-0.3961,62758998.0,21998623000.0,21998623000.0,219.98623,219.98623,0.86,13.8229,1.2835
688820,盛合晶微,江苏,半导体,科创板,20260421,20260805,132.22,4.6624,2538246477.0,246295991501.99997,22861181771.999996,2462.9599150199997,228.61181771999995,1.27,267.567,17.0302
688825,C长鑫,,,科创板,20260727,20260805,54.3,-1.2727,31379390275.0,3631632115230.0,244515017700.0,36316.3211523,2445.150177,0.77,1937.0157,44.4375
688981,中芯国际,上海,半导体,科创板,20200716,20260805,125.45,3.5921,8305612134.0,1073953112700.0,250845115625.0,10739.531127,2508.45115625,0.93,213.0549,7.1689
689009,九号公司-WD,北京,摩托车,科创板,20201029,20260805,42.26,-0.9376,423441447.0,31096957610.0,23759898541.0,310.9695761,237.59898541,0.63,17.6871,4.2002
920000,安徽凤凰,安徽,汽车配件,北交所,20201223,20260805,14.46,0.4864,48545294.55,1325692800.0,832808156.0,13.256928,8.32808156,1.07,20.0468,1.9646
920001,纬达光电,广东,元器件,北交所,20221227,20260805,12.01,2.8253,21009602.54,1845289708.9999998,1081530693.0,18.452897089999997,10.81530693,1.13,,2.6023
920002,万达轴承,江苏,工程机械,北交所,20240530,20260805,57.46,3.8309,124048394.62,3660440746.0,2562552411.0,36.60440746,25.62552411,1.27,58.4024,4.8177
920003,中诚咨询,江苏,建筑工程,北交所,20251107,20260805,16.81,0.6587,4440328.67,1522986000.0,327230520.0,15.22986,3.2723052,0.8,15.0058,2.3256
920005,鼎佳精密,江苏,元器件,北交所,20250731,20260805,25.38,2.2151,9519150.42,2106540000.0,545670000.0,21.0654,5.4567,0.7,35.2569,3.215
920006,晟楠科技,江苏,航空,北交所,20230518,20260805,17.21,5.6476,44823974.56,1553842712.0,822588298.0000001,15.53842712,8.225882980000002,1.02,195.4571,4.9443
920007,酉立智能,江苏,电气设备,北交所,20250808,20260805,37.74,5.1839,17175609.72,1680654663.0,401661159.0,16.80654663,4.01661159,1.94,18.3858,2.5923
920008,成电光信,四川,通信设备,北交所,20240829,20260805,20.19,1.1523,31749323.12,1287112500.0,687846912.0,12.871125,6.87846912,0.81,79.38,3.9531
920009,丹娜生物,天津,医疗保健,北交所,20251103,20260805,36.09,0.5853,9661993.399999999,2798635140.0000005,363787200.0,27.986351400000004,3.637872,0.81,28.6326,4.0202
920010,凯添燃气,宁夏,供气供热,北交所,20200727,20260805,8.66,0.1156,68155384.28,2030770000.0,1508778567.0,20.3077,15.08778567,1.1,74.1267,2.917
920011,晨光电机,浙江,电气设备,北交所,20260408,20260805,19.74,2.759,20800021.82,1631840007.0,367164020.0,16.31840007,3.6716402,1.22,17.4551,1.922
920012,创达新材,江苏,元器件,北交所,20260413,20260805,47.69,4.4459,63110260.89,2351945852.0,920298252.0000001,23.51945852,9.20298252,1.68,35.8543,3.8368
920014,特瑞斯,江苏,专用机械,北交所,20221213,20260805,8.91,-0.224,19000443.009999998,1085743580.0,597391425.0,10.8574358,5.97391425,0.86,124.8807,1.3804
920015,锦华新材,浙江,化工原料,北交所,20250925,20260805,43.71,3.6765,112066422.46000001,5925619015.0,1748943752.0,59.25619015,17.48943752,1.0,30.4638,3.4717
920016,中草香料,安徽,日用化工,北交所,20240913,20260805,12.75,0.0785,10760751.54,981519595.0,436524530.0,9.81519595,4.3652453,0.87,51.2662,2.5146
920017,星昊医药,北京,化学制药,北交所,20230531,20260805,16.99,0.2952,28285903.41,2104933864.0,2082462890.0,21.04933864,20.8246289,1.13,20.4274,1.249
920018,宏远股份,辽宁,电气设备,北交所,20250820,20260805,17.35,0.4632,66756335.99000001,2871918313.0,997467809.0,28.71918313,9.97467809,0.85,27.0,3.0748
920019,铜冠矿建,安徽,建筑工程,北交所,20241011,20260805,14.68,2.371,33258203.840000004,3086715156.0,2459423577.0,30.86715156,24.59423577,1.32,76.5167,3.3008
920020,泰凯英,山东,汽车配件,北交所,20251028,20260805,15.89,-0.0629,10036902.94,3574376050.0,883498317.0,35.7437605,8.83498317,0.99,20.5482,2.9893
920021,流金科技,北京,影视音像,北交所,20200727,20260805,7.65,0.0,260102461.32999998,2363849870.0,1893793248.0,23.6384987,18.93793248,1.27,234.7094,3.6422
920022,世昌股份,河北,汽车配件,北交所,20250919,20260805,19.25,1.2625,2932644.67,1161179250.0,319838750.0,11.6117925,3.1983875,0.68,16.8599,2.6081
920023,*ST田野,广西,食品,北交所,20230202,20260805,1.86,0.0,13233844.25,608785440.0,499983866.0,6.0878544,4.99983866,0.65,48.9903,0.5046
920026,卓兆点胶,江苏,机械基件,北交所,20231019,20260805,18.05,3.9747,23790292.05,2074091999.0,1563529573.0,20.74091999,15.63529573,1.52,40.1117,3.2445
920027,交大铁发,四川,运输设备,北交所,20250610,20260805,11.38,0.708,9408036.06,1171736579.0,819916767.0,11.71736579,8.19916767,0.63,26.4847,2.527
920028,新恒泰,浙江,塑料,北交所,20260320,20260805,14.14,2.687,21257372.14,2324050400.0,918528744.0,23.240504,9.18528744,1.38,20.894,2.0502
920029,开发科技,四川,电器仪表,北交所,20250328,20260805,34.42,0.0581,41895277.12,7122913798.0,6930976691.000001,71.22913798,69.30976691000001,0.89,10.0802,1.8828
920030,德众汽车,湖南,汽车服务,北交所,20201127,20260805,4.47,0.9029,9173250.379999999,799413374.0,502758963.0,7.99413374,5.02758963,1.33,,1.833
920033,康普化学,重庆,化工原料,北交所,20221221,20260805,14.06,1.1511,14794866.389999999,1675041614.9999998,1164621505.0,16.750416149999996,11.64621505,1.27,75.8121,2.1718
920035,精创电气,江苏,专用机械,北交所,20251202,20260805,24.5,3.1579,21541629.970000003,1700790000.0,385551600.00000006,17.0079,3.8555160000000006,1.5,28.6597,2.8685
920036,觅睿科技,浙江,IT设备,北交所,20260309,20260805,32.99,3.4169,63205265.15,1795376073.0,430891528.00000006,17.95376073,4.308915280000001,1.72,22.6851,3.023
920037,广信科技,湖南,电气设备,北交所,20250626,20260805,40.6,-0.1721,42905265.56,5198751683.0,3178489957.9999995,51.98751683,31.784899579999994,0.67,26.2777,5.7296
920039,国义招标,广东,建筑工程,北交所,20210818,20260805,7.99,0.1253,10806511.6,1229021800.0,1229021001.0,12.290218,12.29021001,1.16,39.3996,2.2608
920045,蘅东光,深圳,通信设备,北交所,20251231,20260805,323.81,10.1057,826002183.1199999,30859147076.0,9124495952.0,308.59147076,91.24495952,1.34,101.2724,26.6827
920046,亿能电力,江苏,电气设备,北交所,20221013,20260805,22.9,2.2321,165404463.37,2316335000.0,1280729147.0,23.16335,12.80729147,1.09,157.4757,8.9663
920047,诺思兰德,北京,生物制药,北交所,20201124,20260805,17.4,4.254,86847719.91,4772332348.0,3133851830.0,47.72332348,31.3385183,1.3,,17.9676
920050,爱伦医疗,江苏,医疗保健,北交所,20260121,20260805,27.72,0.5076,7553784.5200000005,1876071138.0,501805486.0,18.76071138,5.01805486,0.83,19.9398,1.7897
920055,隆源股份,浙江,汽车配件,北交所,20260331,20260805,27.46,0.8817,14988384.760000002,1867280000.0,420138000.0,18.6728,4.20138,1.16,13.0534,1.525
920056,能之光,浙江,塑料,北交所,20250822,20260805,16.66,1.4616,8714010.09,1360983722.0000002,513859057.0,13.609837220000003,5.13859057,1.0,24.7321,2.4705
920057,百甲科技,江苏,钢加工,北交所,20230314,20260805,4.92,0.6135,3783267.44,891815421.0000001,573339137.0,8.91815421,5.73339137,0.64,97.9794,1.2415
920058,华洋赛车,浙江,摩托车,北交所,20230810,20260805,27.84,0.1439,17191367.81,1560602102.0,768227761.9999999,15.60602102,7.682277619999999,0.46,30.2041,4.3779
920060,万源通,江苏,元器件,北交所,20241119,20260805,22.41,3.1293,61039479.79,3407320898.0,2125011936.0,34.07320898,21.25011936,1.64,27.321,3.1232
920061,西磁科技,浙江,专用机械,北交所,20231221,20260805,17.87,7.1343,58251884.8,1265017300.0,703441828.0,12.650173,7.03441828,3.57,285.201,4.5112
920062,科润智控,浙江,电气设备,北交所,20220713,20260805,7.8,2.4967,27265056.73,1471908961.0000002,1036339044.0,14.719089610000003,10.36339044,1.35,93.3899,1.9586
920065,千岸科技,,,北交所,20260729,20260805,40.59,-1.6,189162054.81,3663247500.0,639292500.0,36.632475,6.392925,0.56,16.6886,5.3076
920066,科拜尔,安徽,塑料,北交所,20241031,20260805,16.95,1.2545,8012448.76,1065363876.0,336852876.00000006,10.65363876,3.3685287600000007,1.11,37.6601,2.6139
920068,天工股份,江苏,小金属,北交所,20250513,20260805,15.13,4.6335,29171409.3,9919228227.0,2627816815.0,99.19228227,26.27816815,1.98,70.8795,7.39
920069,普昂医疗,浙江,医疗保健,北交所,20260327,20260805,34.0,1.0401,16897989.3,1799076000.0,501718994.0,17.99076,5.01718994,1.21,20.0397,2.2729
920072,科莱瑞迪,,,北交所,20260629,20260805,28.06,3.6189,57488831.03,2149396000.0,405887900.0,21.49396,4.058879,1.12,33.5642,4.2462
920075,柏星龙,深圳,广告包装,北交所,20221214,20260805,15.85,0.1263,23037182.84,1027317750.0,556789911.0,10.2731775,5.56789911,0.98,47.3836,2.5262
920076,国亮新材,河北,其他建材,北交所,20260122,20260805,12.72,0.9524,9250494.31,1489363011.0,468502213.0,14.89363011,4.68502213,1.08,18.7745,1.4925
920077,吉林碳谷,吉林,化纤,北交所,20210831,20260805,14.17,1.142,53355047.63,8307018717.0,4278086040.0,83.07018717,42.7808604,1.04,46.5161,3.1088
920078,族兴新材,湖南,小金属,北交所,20260318,20260805,20.05,5.2493,45766797.64,2406000000.0,781705390.0,24.06,7.8170539,1.36,29.4027,2.4317
920079,乔路铭,,,北交所,20260722,20260805,15.16,2.571,150056696.81,6311265664.0,682200000.0,63.11265664,6.822,0.93,14.7846,3.7101
920080,奥美森,广东,专用机械,北交所,20251010,20260805,21.48,1.5123,7374431.220000001,1782840000.0,493518057.0,17.8284,4.93518057,1.43,23.908,3.0524
920081,欧伦电气,,,北交所,20260710,20260805,40.99,3.3535,95594225.64999999,2975874000.0,700929000.0,29.75874,7.00929,1.09,12.821,3.3695
920082,方正阀门,浙江,机械基件,北交所,20241226,20260805,8.38,0.4796,14757395.42,1705304860.0,479539785.0,17.0530486,4.79539785,0.73,29.6847,3.1536
920083,金戈新材,广东,矿物制品,北交所,20260611,20260805,33.86,4.1846,96301442.25999999,3022664390.0,1287466297.0,30.2266439,12.87466297,1.04,52.5839,6.8536
920086,科马材料,浙江,汽车配件,北交所,20260116,20260805,21.55,1.603,19658628.87,1803304000.0,589868755.0,18.03304,5.89868755,1.09,20.1002,2.0519
920087,秋乐种业,河南,种植业,北交所,20221207,20260805,9.92,3.6573,72320256.55999999,1638784000.0,1627337560.0,16.38784,16.2733756,1.53,130.8757,3.0309
920088,科力股份,新疆,石油开采,北交所,20241029,20260805,45.39,-3.0335,323792448.28000003,3997565385.0000005,1478181179.9999998,39.97565385000001,14.781811799999998,0.95,70.6646,5.7045
920089,禾昌聚合,江苏,塑料,北交所,20211109,20260805,10.46,0.7707,10432861.3,2048783464.0,1166936177.0,20.48783464,11.66936177,0.95,12.3208,1.5716
920090,*ST同辉,北京,IT设备,北交所,20210809,20260805,3.64,0.0,15271878.360000001,725574106.9999999,542115367.0,7.255741069999999,5.42115367,0.81,,18.8999
920091,大鹏工业,黑龙江,专用机械,北交所,20251121,20260805,31.44,2.678,21692051.26,1932465888.0,455886288.0,19.32465888,4.55886288,1.12,50.594,4.0989
920092,汉鑫科技,山东,软件服务,北交所,20211115,20260805,37.44,23.0365,381574011.86,2324263968.0,1210674329.0,23.24263968,12.10674329,3.17,,6.6228
920096,嘉晨智能,河南,电器仪表,北交所,20260518,20260805,36.2,4.8364,52577775.43,2497800000.0,586440000.0,24.978,5.8644,1.23,35.0663,5.6913
920098,科隆新材,陕西,橡胶,北交所,20241205,20260805,17.23,1.2338,11691855.13,1401149958.0,954122691.0,14.01149958,9.54122691,1.31,23.8238,1.4715
920099,瑞华技术,江苏,石油加工,北交所,20240925,20260805,19.65,2.3438,21754271.5,1848671941.0,1143222380.0,18.48671941,11.4322238,0.73,17.3107,2.0262
920100,三协电机,江苏,电气设备,北交所,20250908,20260805,36.4,6.0606,105638552.11,3761321928.0,997294225.0,37.61321928,9.97294225,1.42,62.2747,7.8979
920101,志高机械,浙江,专用机械,北交所,20250814,20260805,17.13,1.6617,9243973.01,2137951499.0,667144192.0,21.37951499,6.67144192,1.04,19.0426,1.9916
920106,林泰新材,江苏,汽车配件,北交所,20241218,20260805,36.82,1.8816,19232443.68,2083772670.0,1607630348.0,20.8377267,16.07630348,0.74,14.758,3.439
920108,宏海科技,湖北,家用电器,北交所,20250206,20260805,9.1,1.7897,6290511.0,1567020000.0,664005615.0,15.6702,6.64005615,0.97,85.1496,3.2678
920110,雷特科技,广东,电气设备,北交所,20221206,20260805,25.95,0.2317,4163409.7,1012050000.0,421402050.0,10.1205,4.2140205,0.48,22.3802,2.6941
920111,聚星科技,浙江,电气设备,北交所,20241111,20260805,27.03,2.893,62303646.650000006,4193826135.0,2035038019.0,41.93826135,20.35038019,1.21,34.9591,4.0896
920112,巴兰仕,上海,专用机械,北交所,20250828,20260805,16.28,0.4318,3811666.04,1933901200.0,567354011.0,19.339012,5.67354011,0.46,13.2189,2.0898
920116,星图测控,安徽,软件服务,北交所,20250102,20260805,49.03,3.1776,160579547.04999998,10967275550.0,10967275550.0,109.6727555,109.6727555,1.44,108.7682,18.2435
920117,龙鑫智能,,,北交所,20260716,20260805,35.17,29.9704,300041173.82000005,3159673222.0,710926486.0,31.59673222,7.10926486,1.71,26.743,4.6953
920118,太湖远大,浙江,塑料,北交所,20240822,20260805,19.55,1.4004,18057550.630000003,1010950050.0,612679405.0,10.1095005,6.12679405,0.7,39.2998,1.7475
920119,美德乐,辽宁,专用机械,北交所,20260130,20260805,48.05,2.452,18364973.549999997,4851732133.0,1276567078.0,48.51732133,12.76567078,0.89,17.8808,2.4719
920121,江天科技,江苏,广告包装,北交所,20251225,20260805,27.89,1.1607,6415152.8,1842641624.0,332595892.0,18.42641624,3.32595892,1.2,16.8242,2.2719
920122,中纺标,北京,综合类,北交所,20220927,20260805,22.56,1.7133,22724717.06,2080981956.0,843183113.0,20.80981956,8.43183113,1.14,96.6185,6.1147
920123,芭薇股份,广东,日用化工,北交所,20240329,20260805,10.8,0.4651,17398424.439999998,1204632000.0,701836877.0,12.04632,7.01836877,0.55,31.1607,2.8209
920124,南特科技,广东,机械基件,北交所,20251127,20260805,12.81,0.6284,13417087.4,1905273765.0000002,981007849.0,19.05273765,9.81007849,0.78,19.2009,1.7641
920125,鸿仕达,江苏,专用机械,北交所,20260424,20260805,138.95,13.9869,437598064.72999996,7803432000.0,2290109844.0,78.03432,22.90109844,1.47,111.875,15.9771
920126,永大股份,江苏,专用机械,北交所,20260615,20260805,10.55,2.0309,34281430.07,1963144000.0,471247400.0,19.63144,4.712474,1.14,17.9479,2.5328
920128,胜业电气,广东,元器件,北交所,20241129,20260805,18.43,3.3072,26074550.1,1496331700.0000002,447849000.0,14.963317000000002,4.47849,1.5,80.3785,2.9149
920130,立方控股,浙江,软件服务,北交所,20231102,20260805,21.11,-4.9099,207988273.56,1947254712.0,1209499962.0,19.47254712,12.09499962,1.25,,4.1727
920132,泰鹏智能,山东,家居用品,北交所,20231116,20260805,8.54,1.0651,4948923.32,919512048.0000001,312224048.0,9.195120480000002,3.12224048,0.64,50.0555,3.3912
920136,永励精密,,,北交所,20260709,20260805,21.4,5.5747,89004965.53,1712000000.0,449400000.0,17.12,4.494,1.98,15.6978,2.2024
920139,华岭股份,上海,半导体,北交所,20221028,20260805,15.52,2.7815,133319756.8,4182754724.0000005,4040778959.0,41.82754724,40.40778959,1.09,,4.0567
920145,恒合股份,北京,环境保护,北交所,20211115,20260805,10.12,3.6885,5854703.35,713966000.0,494182370.0,7.13966,4.9418237,0.99,,2.7692
920146,华阳变速,湖北,汽车配件,北交所,20210720,20260805,5.05,0.3976,5622675.59,681701737.0,548395367.0,6.81701737,5.48395367,0.78,,3.7182
920149,旭杰科技,江苏,建筑工程,北交所,20200727,20260805,7.96,0.0,5014619.39,608806113.0,503605343.99999994,6.08806113,5.036053439999999,0.96,,4.9815
920152,昆工科技,云南,小金属,北交所,20220901,20260805,14.07,2.4763,15568611.12,1549159059.0000002,1155174197.0,15.491590590000003,11.55174197,1.27,,8.7133
920156,海昌智能,河南,专用机械,北交所,20260427,20260805,41.25,6.2597,75635789.39,4294950000.0,895455000.0,42.9495,8.95455,1.69,27.9195,5.7204
920158,长江能科,江苏,专用机械,北交所,20251016,20260805,8.4,1.8182,16904917.4,1676740799.9999998,448519344.0,16.767407999999996,4.48519344,1.02,30.8045,2.9939
920159,农大科技,山东,农药化肥,北交所,20260128,20260805,28.0,1.9665,18739705.41,2128000000.0,403200000.0,21.28,4.032,0.96,14.9463,1.915
920160,北矿检测,北京,电器仪表,北交所,20251118,20260805,19.34,1.3096,6311278.33,2190835200.0,492937920.0,21.908352,4.9293792,1.12,28.3703,3.915
920161,龙辰科技,湖北,元器件,北交所,20260527,20260805,25.42,9.4275,129364213.55,3456965980.0,937968513.0,34.5696598,9.37968513,1.92,40.41,4.8444
920163,方大新材,河北,塑料,北交所,20200727,20260805,11.33,0.0,11191296.67,1457493013.0,687521792.0,14.57493013,6.87521792,0.51,32.8382,2.821
920166,海圣医疗,浙江,医疗保健,北交所,20260212,20260805,19.9,1.4271,6669020.66,1498352948.0,472917669.0,14.98352948,4.72917669,1.24,17.4601,2.4035
920167,同享科技,江苏,小金属,北交所,20200727,20260805,15.51,0.5837,25930855.97,1706511015.0,1013792724.0,17.06511015,10.13792724,1.18,78.6456,2.5648
920168,通宝光电,江苏,汽车配件,北交所,20260226,20260805,15.97,0.1882,7449565.08,1200519198.0,449946989.00000006,12.00519198,4.49946989,1.47,14.9968,1.4677
920169,七丰精工,浙江,机械基件,北交所,20220415,20260805,18.82,2.6172,40867801.84,1520657694.0,956838649.0,15.20657694,9.56838649,1.05,52.6798,4.5152
920171,志晟信息,河北,软件服务,北交所,20211115,20260805,17.58,2.8672,47534838.88,1762100271.0,1188970208.0,17.62100271,11.88970208,1.17,359.0959,8.0612
920174,五新智能,湖南,工程机械,北交所,20210820,20260805,27.82,3.1516,34153317.150000006,6034294068.0,1552178787.0,60.34294068,15.52178787,1.28,30.3297,2.2618
920175,东方碳素,河南,化工原料,北交所,20230630,20260805,8.09,1.2516,13052132.09,962710000.0,641341707.0,9.6271,6.41341707,0.97,,1.4869
920176,维琪科技,,,北交所,20260727,20260805,82.11,7.7842,316560424.59000003,4830531300.0,652528170.0,48.305313,6.5252817,0.84,53.1723,8.0879
920177,恒道科技,浙江,专用机械,北交所,20260416,20260805,25.18,2.8175,14334572.09,1317417600.0,466547781.00000006,13.174176,4.6654778100000005,1.75,16.6327,3.1221
920178,锐翔智能,广东,专用机械,北交所,20260515,20260805,92.89,5.3533,142449346.89,6124987601.0,1788616828.0,61.24987601,17.88616828,1.28,46.8709,10.6415
920179,凯德石英,北京,矿物制品,北交所,20220304,20260805,53.45,6.6866,257528544.82000002,3979719060.0,3191952435.0,39.7971906,31.91952435,1.47,164.8093,5.2574
920180,爱得科技,江苏,医疗保健,北交所,20260210,20260805,11.84,0.1692,6411356.359999999,1398576865.0,422326572.0,13.98576865,4.22326572,1.07,17.9875,1.7656
920181,赛英电子,江苏,元器件,北交所,20260410,20260805,72.55,4.4185,89966882.89999999,3134160000.0,726951000.0,31.3416,7.26951,1.58,35.5839,6.2996
920183,海菲曼,江苏,IT设备,北交所,20260304,20260805,29.6,0.646,11189459.3,1448979200.0000002,332994879.0,14.489792000000003,3.32994879,1.11,19.3661,3.0223
920184,国源科技,北京,软件服务,北交所,20200727,20260805,11.94,2.5773,36560237.480000004,1572825370.9999998,1067052153.0,15.728253709999997,10.67052153,1.36,72.3054,2.4934
920185,贝特瑞,深圳,化工原料,北交所,20200727,20260805,21.4,0.7059,98444321.52,24357274517.0,23956437944.0,243.57274517,239.56437944,0.89,27.8344,1.8898
920186,中科仪,辽宁,机械基件,北交所,20260429,20260805,74.03,5.0518,598107144.63,16570808573.0,8667117254.0,165.70808573,86.67117254,1.24,19.6368,6.2635
920187,通领科技,上海,汽车配件,北交所,20260305,20260805,20.23,0.747,20396153.07,1830410400.0,671540211.0,18.304104,6.71540211,1.09,12.3692,1.4357
920188,悦龙科技,山东,橡胶,北交所,20260330,20260805,21.96,1.8081,12776435.450000001,1822530628.0000002,434673583.0,18.22530628,4.34673583,1.14,20.1881,2.2348
920189,康美特,,,北交所,20260708,20260805,22.59,5.413,177580020.43,3194451900.0,1917154566.0,31.944519,19.17154566,1.2,37.4377,5.4863
920190,雷神科技,山东,IT设备,北交所,20221223,20260805,26.0,4.7965,184831908.07,2600000026.0,2585519326.0,26.00000026,25.85519326,1.36,113.5652,2.9984
920191,瑞尔竞达,安徽,其他建材,北交所,20260420,20260805,8.86,0.7964,11567950.1,1571723244.0000002,353646900.0,15.717232440000002,3.536469,1.12,16.9665,2.2239
920193,吉和昌,,,北交所,20260702,20260805,33.4,4.735,182837529.35,3718448719.9999995,841680000.0,37.18448719999999,8.4168,1.1,56.925,7.3076
920195,三祥科技,山东,汽车配件,北交所,20221230,20260805,12.26,0.7395,9315170.84,1201847800.0,867505156.0,12.018478,8.67505156,1.21,10.7484,1.43
920198,微创光电,湖北,IT设备,北交所,20200727,20260805,8.02,3.2175,41795926.82,1294138253.0,565137344.0,12.94138253,5.65137344,1.43,,3.1568
920199,倍益康,四川,家用电器,北交所,20221201,20260805,28.22,2.3948,86488301.00999999,1922044445.9999998,1070293026.0,19.220444459999996,10.70293026,0.85,483.8889,3.6498
920200,振宏股份,江苏,电气设备,北交所,20260507,20260805,32.12,6.7464,134283604.94,3262107199.9999995,1425132280.0,32.621072,14.2513228,1.43,22.4181,4.5383
920204,沪江材料,江苏,塑料,北交所,20220118,20260805,12.71,0.9531,7579834.26,1198397900.0,635382344.0,11.983979,6.35382344,0.75,57.1537,2.3912
920206,彩客科技,河北,染料涂料,北交所,20260608,20260805,35.18,4.609,44559790.24,2516996266.0,968333124.0,25.16996266,9.68333124,1.03,17.1983,4.2937
920207,众诚科技,河南,软件服务,北交所,20220923,20260805,23.78,2.7658,108647204.48,2192397100.0,1339158049.0,21.923971,13.39158049,1.38,2791.8369,7.8065
920208,青矩技术,北京,建筑工程,北交所,20230629,20260805,12.63,3.1863,43051293.29,2352241828.0,2036677186.0,23.52241828,20.36677186,1.63,12.464,2.1462
920211,新睿电子,浙江,专用机械,北交所,20260605,20260805,107.08,3.529,104196619.54,3683552000.0,1241771531.0,36.83552,12.41771531,1.19,62.3821,14.1861
920212,智新电子,山东,元器件,北交所,20210608,20260805,9.65,1.9007,9865843.62,1023865000.0,497961838.0,10.23865,4.97961838,1.89,97.0106,2.3993
920218,新天力,浙江,塑料,北交所,20260529,20260805,17.31,0.2897,27300735.49,1621449163.9999998,364829524.0,16.21449164,3.64829524,0.85,21.2887,2.7368
920220,朗信电气,江苏,汽车配件,北交所,20260522,20260805,43.29,3.6142,44041705.13,2866069082.0,897654384.0,28.66069082,8.97654384,1.2,21.7754,3.6888
920221,易实精密,江苏,汽车配件,北交所,20230608,20260805,13.26,2.2359,18141584.889999997,1573299000.0,819002680.0,15.73299,8.1900268,0.85,27.1252,3.6342
920222,益坤电气,,,北交所,20260630,20260805,31.02,6.9655,155366344.65,2656773042.0,358671542.0,26.56773042,3.58671542,1.19,44.9728,7.7821
920223,荣亿精密,浙江,机械基件,北交所,20220609,20260805,11.71,5.7814,36050976.77,1841807349.9999998,956417178.0,18.4180735,9.56417178,2.17,,7.7187
920225,利通科技,河南,橡胶,北交所,20210225,20260805,15.26,4.0928,50092913.39,1936782322.0,1263255670.0,19.36782322,12.6325567,1.27,23.2688,2.6142
920227,美登科技,浙江,软件服务,北交所,20221228,20260805,51.66,0.9971,48854533.7,2011717890.0,915323089.9999999,20.1171789,9.153230899999999,1.11,46.4354,4.6967
920230,欧康医药,四川,生物制药,北交所,20221209,20260805,10.38,0.3868,15972858.67,1042926379.0,490431624.0,10.42926379,4.90431624,0.83,90.7419,2.4727
920237,力佳科技,湖北,电气设备,北交所,20221125,20260805,13.04,2.6772,19773326.150000002,1239218323.0,1215764814.0,12.39218323,12.15764814,1.42,29.483,2.3416
920238,长鹰硬科,,,北交所,20260724,20260805,77.09,-1.0652,415861351.86,7341917232.0,1496081081.9999998,73.41917232,14.960810819999997,0.75,58.8709,9.5325
920239,长虹能源,四川,电气设备,北交所,20210209,20260805,22.69,1.4758,26436191.34,4131263689.0,4081476746.0000005,41.31263689,40.814767460000006,0.65,16.5575,3.59
920242,建邦科技,山东,汽车配件,北交所,20200727,20260805,14.24,3.639,9867780.82,1341603088.0,750918846.0,13.41603088,7.50918846,1.76,15.6739,1.949
920245,威博液压,江苏,机械基件,北交所,20220106,20260805,12.88,1.4972,5522861.76,889662816.0,685143189.0,8.89662816,6.85143189,0.73,68.977,2.5044
920247,华密新材,河北,橡胶,北交所,20221223,20260805,14.88,3.19,30048268.69,2813108625.0,2040694015.0,28.13108625,20.40694015,1.25,64.7258,5.7232
920249,利尔达,浙江,元器件,北交所,20230217,20260805,9.33,2.0788,79207343.34,3933807900.0,1163167144.0,39.338079,11.63167144,1.45,92.9373,5.0766
920252,天宏锂电,浙江,电气设备,北交所,20230119,20260805,16.52,3.0568,56021060.18,1695788985.9999998,1127180068.0,16.957889859999998,11.27180068,1.01,186.6907,6.3865
920260,中寰股份,四川,专用机械,北交所,20211115,20260805,7.95,0.7605,4711408.62,823222500.0,786737637.0,8.232225,7.86737637,0.82,19.5869,1.8214
920261,一诺威,山东,化工原料,北交所,20230403,20260805,13.41,0.9789,10333704.49,3904090151.0,2148901502.0,39.04090151,21.48901502,0.76,20.913,2.3528
920262,太湖雪,江苏,纺织,北交所,20221230,20260805,13.97,3.0236,20205757.68,1158630197.0,538634291.0,11.58630197,5.38634291,0.85,29.9691,3.0537
920263,中航泰达,北京,环境保护,北交所,20200727,20260805,7.2,0.8403,6485156.26,1016948851.0,738354182.0,10.16948851,7.38354182,1.29,,1.8871
920266,生物谷,云南,中成药,北交所,20200727,20260805,7.23,0.0,27366698.08,896520051.0,856686004.0,8.96520051,8.56686004,0.92,,1.0233
920267,鑫汇科,深圳,元器件,北交所,20220527,20260805,18.97,4.4604,76306985.27000001,900751391.0,515548601.0,9.00751391,5.15548601,0.84,,3.735
920270,天铭科技,浙江,汽车配件,北交所,20220902,20260805,12.36,2.7431,15475406.88,1293053760.0,1004646348.0,12.9305376,10.04646348,1.06,35.8497,3.1155
920271,邦德股份,山东,汽车配件,北交所,20220602,20260805,9.49,1.1727,9252678.200000001,1241510270.0,549380190.0,12.4151027,5.4938019,1.44,12.4052,1.9075
920273,一致魔芋,湖北,食品,北交所,20230221,20260805,17.14,3.5024,37007155.25,1766069675.0,1175636097.0,17.66069675,11.75636097,0.74,26.468,2.5938
920274,宏裕包材,湖北,广告包装,北交所,20230818,20260805,15.29,3.4506,18756300.889999997,1243586677.0,1243586677.0,12.43586677,12.43586677,0.87,67.4603,2.4844
920275,驱动力,广东,农业综合,北交所,20210125,20260805,6.56,4.2925,7126011.49,1045517056.0,865359258.0,10.45517056,8.65359258,1.63,236.6581,4.4735
920278,鹿得医疗,江苏,医疗保健,北交所,20200727,20260805,6.25,-0.1597,8488288.4,1090625000.0,616533125.0,10.90625,6.16533125,0.75,56.0607,2.8327
920284,灵鸽科技,江苏,专用机械,北交所,20231219,20260805,19.1,8.3995,100645373.28,2001405820.0,1280859389.0,20.0140582,12.80859389,1.0,,6.3448
920299,灿能电力,江苏,电气设备,北交所,20220610,20260805,17.04,0.7092,55393043.85,1535462063.0,773867596.0,15.35462063,7.73867596,1.02,61.6574,5.2481
920300,辰光医疗,上海,医疗保健,北交所,20221207,20260805,9.73,1.3542,20550041.93,835292536.0,647353013.0,8.35292536,6.47353013,1.39,,5.2087
920304,迪尔化工,山东,化工原料,北交所,20230418,20260805,8.7,1.3986,10247133.690000001,1474980600.0,1187150078.0,14.749806,11.87150078,1.17,25.2531,2.7262
920339,恒太照明,江苏,家用电器,北交所,20221117,20260805,11.55,-6.25,32084791.939999998,2543353890.0,1746095909.0,25.4335389,17.46095909,1.85,63.6777,4.2331
920344,三元基因,北京,生物制药,北交所,20210108,20260805,18.92,0.478,17656520.209999997,2304645200.0,2151736768.0,23.046452,21.51736768,1.37,448.5958,3.6755
920346,威贸电子,上海,元器件,北交所,20220223,20260805,15.5,3.5404,11099506.88,1250123097.0,695613154.0000001,12.50123097,6.956131540000001,1.52,25.7917,2.5709
920351,华光源海,湖南,仓储物流,北交所,20221229,20260805,11.76,3.0675,18259631.46,1035296763.0000001,468522398.00000006,10.352967630000002,4.685223980000001,1.47,56.14,2.3305
920357,雅葆轩,安徽,元器件,北交所,20221118,20260805,16.56,4.2165,61019411.339999996,1723962239.9999998,1042549373.0,17.2396224,10.42549373,2.02,26.1877,4.0656
920363,莱赛激光,江苏,电器仪表,北交所,20231228,20260805,10.7,3.3816,21166752.07,1327035400.0,754482691.0,13.270354,7.54482691,1.48,280.0965,3.8049
920367,新赣江,江西,化学制药,北交所,20230209,20260805,21.7,3.7781,135120647.98000002,1537689125.0,911238943.0,15.37689125,9.11238943,1.07,105.3612,3.1753
920368,连城数控,辽宁,专用机械,北交所,20200727,20260805,25.0,2.2077,115163922.47999999,5869511000.0,5584225850.0,58.69511,55.8422585,0.96,69.2683,1.3863
920370,新安洁,重庆,环境保护,北交所,20200727,20260805,2.71,0.0,4772026.300000001,813767859.9999999,711066602.0,8.1376786,7.11066602,0.96,,1.444
920371,欧福蛋业,江苏,食品,北交所,20230118,20260805,7.05,1.4388,8582836.86,1448391029.0,1373407708.0,14.48391029,13.73407708,0.55,16.7359,2.2815
920374,云里物里,深圳,通信设备,北交所,20221129,20260805,15.7,3.0184,21363641.96,1343824230.0,548320742.0,13.4382423,5.48320742,1.75,86.9238,5.103
920375,派诺科技,广东,电气设备,北交所,20231214,20260805,7.87,-0.6313,49217737.18,1197148119.0,715246557.9999999,11.97148119,7.1524655799999985,1.44,122.4723,1.5563
920378,泰德股份,山东,汽车配件,北交所,20220620,20260805,7.15,0.7042,5321749.99,1112010900.0,796383187.9999999,11.120109,7.963831879999999,0.85,43.5827,2.7897
920392,佳合科技,江苏,广告包装,北交所,20221230,20260805,13.77,0.0727,6678411.87,1055813373.0,496269423.0,10.55813373,4.96269423,0.99,51.3682,3.091
920394,民士达,山东,造纸,北交所,20230425,20260805,47.6,3.6811,77138588.03,6961500000.0,6910225851.0,69.615,69.10225851,1.21,54.6573,8.2566
920395,朗鸿科技,浙江,IT设备,北交所,20220901,20260805,7.22,1.4045,6225344.27,1101668783.0,758735533.0,11.01668783,7.58735533,0.96,26.8482,4.4038
920396,常辅股份,江苏,电器仪表,北交所,20201118,20260805,23.11,6.5959,152999183.82,1669030453.0,1185745282.0,16.69030453,11.85745282,1.82,40.8483,4.5201
920402,硅烷科技,河南,化工原料,北交所,20220928,20260805,9.09,3.6488,88983212.87,3836526009.0,2480418088.0,38.36526009,24.80418088,1.57,,2.5456
920403,康农种业,湖北,种植业,北交所,20240118,20260805,18.78,1.6784,29451720.81,2052601191.0,1220755176.0,20.52601191,12.20755176,0.77,27.0313,3.64
920405,海希通讯,上海,电器仪表,北交所,20211105,20260805,17.05,-0.641,10165628.51,2326818325.0,1812253690.0,23.26818325,18.1225369,0.87,29.548,2.7874
920407,驰诚股份,河南,电器仪表,北交所,20230216,20260805,10.66,1.7176,9391929.309999999,1183251472.0,481716488.0,11.83251472,4.81716488,1.29,63.1936,4.317
920414,欧普泰,上海,电器仪表,北交所,20221212,20260805,8.19,0.738,12562221.66,653137520.0,459275438.0,6.5313752,4.59275438,0.91,,2.4339
920415,恒拓开源,河南,软件服务,北交所,20200727,20260805,9.4,2.3965,40271638.71,1320807978.0,1017374624.0,13.20807978,10.17374624,1.47,53.2356,2.3654
920418,苏轴股份,江苏,汽车配件,北交所,20200727,20260805,19.37,2.9224,36928680.06,3147423552.0,3039512352.0,31.47423552,30.39512352,1.02,20.8819,3.3087
920419,路斯股份,山东,饲料,北交所,20220311,20260805,10.49,0.9625,10590643.819999998,1083684136.0,1014291464.0,10.83684136,10.14291464,0.42,17.9241,1.7319
920422,润普食品,江苏,食品,北交所,20230301,20260805,9.57,-1.3402,24259786.32,846779535.0,633751335.0,8.46779535,6.33751335,1.17,46.1218,1.9405
920425,乐创技术,四川,专用机械,北交所,20230130,20260805,14.88,3.3333,29348882.24,1498582165.0,1233531421.0,14.98582165,12.33531421,1.13,46.6766,5.205
920427,华维设计,江西,建筑工程,北交所,20210205,20260805,8.73,2.1053,11431802.680000002,900019350.0,444426962.0,9.0001935,4.44426962,0.95,,2.8638
920429,康比特,北京,食品,北交所,20221215,20260805,9.1,1.7897,11400841.88,1132731600.0,1032853558.0,11.327316,10.32853558,0.73,28.7249,1.3545
920433,大唐药业,内蒙,中成药,北交所,20200727,20260805,4.84,0.8333,12704036.379999999,1238651256.0,819491357.0,12.38651256,8.19491357,1.02,,3.2624
920436,大地电气,江苏,汽车配件,北交所,20211115,20260805,10.63,3.5054,12230899.79,1011738313.0,950151293.0,10.11738313,9.50151293,1.26,,2.6091
920438,戈碧迦,湖北,元器件,北交所,20240325,20260805,121.0,4.2385,814334075.8,17479781000.0,16866680049.999998,174.79781,168.6668005,1.2,590.8368,17.768
920445,龙竹科技,福建,家居用品,北交所,20200727,20260805,6.69,0.1497,32826965.689999998,991157117.0,722574396.0,9.91157117,7.22574396,1.32,40.3022,3.2072
920454,同心传动,河南,汽车配件,北交所,20211115,20260805,11.11,1.184,11433346.76,1167661000.0,546950855.0,11.67661,5.46950855,1.18,42.8532,3.581
920455,汇隆活塞,辽宁,专用机械,北交所,20230621,20260805,5.87,0.6861,3617074.94,1041631500.0,571218165.0,10.416315,5.71218165,0.94,38.255,2.9528
920469,富恒新材,深圳,塑料,北交所,20230918,20260805,5.77,3.777,17426865.59,813258420.0,596895895.0,8.1325842,5.96895895,1.31,,2.8245
920471,美邦科技,河北,化工原料,北交所,20230525,20260805,11.27,1.8987,11939418.49,937664000.0,597654941.0,9.37664,5.97654941,0.89,,1.8313
920475,三友科技,浙江,专用机械,北交所,20200727,20260805,11.83,4.8759,22646220.25,1195539800.0,664827380.0,11.955398,6.6482738,2.74,,3.3894
920476,海能技术,山东,电器仪表,北交所,20221014,20260805,22.48,7.3031,42196919.349999994,1914841904.0,1812562018.0,19.14841904,18.12562018,2.79,45.4511,4.2765
920478,峆一药业,安徽,化学制药,北交所,20230223,20260805,10.47,1.5519,41832660.300000004,1153712125.0,701533880.0000001,11.53712125,7.015338800000001,1.47,22.9984,2.2217
920489,佳先股份,安徽,化工原料,北交所,20200727,20260805,13.47,5.8962,76731916.58,1838105424.0,1169539876.0,18.38105424,11.69539876,1.37,,3.8315
920491,奥迪威,广东,元器件,北交所,20220614,20260805,23.52,1.4668,55329518.87,3319687594.0,2724155690.0,33.19687594,27.2415569,0.93,35.3049,3.0599
920493,并行科技,北京,软件服务,北交所,20231101,20260805,126.95,0.2685,483057038.58,7690879187.0,5666658898.0,76.90879187,56.66658898,1.36,629.473,16.5549
920496,许昌智能,河南,电气设备,北交所,20240126,20260805,6.49,0.0,21754299.14,1074581750.0,941039823.9999999,10.7458175,9.41039824,0.88,97.7445,1.9085
920504,博迅生物,上海,医疗保健,北交所,20230817,20260805,17.05,0.59,3678134.85,738829355.0000001,291416980.0,7.388293550000001,2.9141698,0.7,49.537,3.5537
920505,九菱科技,湖北,机械基件,北交所,20221221,20260805,28.81,16.6869,97607840.32000001,1866469247.0,1037474777.9999999,18.66469247,10.374747779999998,5.99,111.3285,5.4853
920508,殷图网联,北京,电气设备,北交所,20200727,20260805,15.61,0.905,14226303.9,936600000.0,498051489.0,9.366,4.98051489,0.77,444.2262,4.858
920509,同惠电子,江苏,电器仪表,北交所,20210111,20260805,20.37,3.9286,67962423.87,3265427028.0000005,1710784879.0,32.654270280000006,17.10784879,1.07,47.3074,8.5643
920510,丰光精密,山东,机械基件,北交所,20201228,20260805,23.54,1.7726,264746066.33,4331480737.0,2210384296.0,43.31480737,22.10384296,1.04,,11.0916
920519,万德股份,陕西,化工原料,北交所,20230915,20260805,10.09,1.1022,7276690.56,900614269.0,800815946.0,9.00614269,8.00815946,0.69,44.9943,1.6947
920522,纳科诺尔,河北,专用机械,北交所,20231116,20260805,22.66,8.5249,215029601.46,4972759841.0,4124668825.0,49.72759841,41.24668825,1.1,75.4375,4.5691
920523,德瑞锂电,广东,电气设备,北交所,20210603,20260805,15.72,3.1496,20527391.96,1592457521.0000002,1273941129.0,15.924575210000002,12.73941129,1.1,10.9656,2.1666
920526,凯华材料,天津,化工原料,北交所,20221222,20260805,20.23,5.5295,63383268.05,1673021000.0,1059394241.9999999,16.73021,10.59394242,2.05,116.1128,7.1652
920527,夜光明,浙江,化工原料,北交所,20221027,20260805,14.15,3.8913,21479233.13,849604204.9999999,658785753.0,8.496042049999998,6.58785753,1.58,47.4104,2.1314
920533,骏创科技,江苏,汽车配件,北交所,20220524,20260805,18.48,3.0675,34243182.09,2416395421.0,1351574218.0,24.16395421,13.51574218,1.27,66.4568,6.3357
920541,铁大科技,上海,运输设备,北交所,20230310,20260805,9.72,1.3556,8022999.66,1328724000.0,875370408.0,13.28724,8.75370408,1.15,18.8165,2.7316
920547,无锡晶海,江苏,化学制药,北交所,20231212,20260805,18.1,1.1173,6129782.42,1406152800.0,683544690.0,14.061528,6.8354469,0.7,22.3029,1.9258
920553,凯腾精工,北京,专用机械,北交所,20210806,20260805,6.63,0.9132,6704310.14,952667750.0,621916443.0,9.5266775,6.21916443,1.24,41.5987,2.6634
920556,雅达股份,广东,电器仪表,北交所,20230317,20260805,6.92,1.3177,17744534.49,1111636287.0,805348880.0000001,11.11636287,8.053488800000002,1.2,47.7051,2.1057
920564,天润科技,陕西,软件服务,北交所,20220617,20260805,14.65,2.1618,21003227.35,1566441654.0,720616447.0,15.66441654,7.20616447,1.16,259.755,5.1168
920566,梓橦宫,四川,化学制药,北交所,20210813,20260805,9.81,0.4094,17554829.259999998,1417171043.0,1102119763.0,14.17171043,11.02119763,1.13,16.9362,1.6504
920570,坤博精工,浙江,机械基件,北交所,20231123,20260805,24.98,1.7515,19061471.54,1253242129.0,636758086.0,12.53242129,6.36758086,1.53,111.4933,3.5158
920571,国航远洋,福建,水运,北交所,20221215,20260805,8.63,3.4772,165804367.21,4793166319.0,2555207095.0,47.93166319,25.55207095,1.72,172.9548,3.4749
920575,*ST康乐,北京,生物制药,北交所,20230315,20260805,5.36,0.1869,93089645.99000001,1505838400.0,1006815325.0,15.058384,10.06815325,1.06,,
920576,天力复合,陕西,小金属,北交所,20230712,20260805,45.61,3.5649,161122714.64,4969209500.0,4919957724.0,49.692095,49.19957724,1.47,244.6764,11.1112
920578,巨能股份,宁夏,专用机械,北交所,20230512,20260805,17.43,2.3488,28074330.119999997,1333030661.0,618782761.0,13.33030661,6.18782761,1.05,,5.042
920579,机科股份,北京,机械基件,北交所,20231130,20260805,14.89,2.1262,14340642.94,1927957200.0,663713114.0,19.279572,6.63713114,1.18,,4.1277
920580,科创新材,河南,其他建材,北交所,20220513,20260805,11.0,3.6758,28487588.07,946000000.0,602393814.0,9.46,6.02393814,1.16,53.4575,2.7262
920592,华信永道,北京,软件服务,北交所,20230710,20260805,22.19,3.0176,62504988.48,1792841050.0,1115839927.0,17.9284105,11.15839927,1.04,,5.4003
920593,鼎智科技,江苏,机械基件,北交所,20230413,20260805,25.91,2.5732,67483704.96000001,4929270544.0,4201431023.0000005,49.29270544,42.01431023000001,1.01,164.7223,6.7232
920599,同力股份,陕西,工程机械,北交所,20210222,20260805,17.15,0.3511,29013427.89,7932303750.0,6012350034.0,79.3230375,60.12350034,0.52,9.4505,2.0795
920608,丰安股份,浙江,机械基件,北交所,20221216,20260805,13.57,1.42,3726548.1399999997,844596799.9999999,654330310.0,8.445967999999999,6.5433031,0.86,25.1687,1.7222
920627,力王股份,广东,电气设备,北交所,20230907,20260805,14.44,3.2166,23847360.47,1363858000.0,676044700.0,13.63858,6.760447,1.1,50.9588,2.8807
920634,新威凌,湖南,铅锌,北交所,20221124,20260805,17.96,7.5449,67395701.92999999,1147801437.0,727877941.0,11.47801437,7.27877941,2.74,64.7153,3.9184
920639,晨光电缆,浙江,电气设备,北交所,20220712,20260805,6.24,0.0,11496858.98,1257984000.0,741022676.0000001,12.57984,7.410226760000001,0.84,77.2603,1.4679
920640,富士达,陕西,通信设备,北交所,20200727,20260805,27.38,1.0705,94750366.48,5139992640.0,4945329218.0,51.3999264,49.45329218,1.14,66.13,5.471
920641,格利尔,江苏,矿物制品,北交所,20221202,20260805,12.94,0.7788,16781183.85,971470500.0,586431910.0,9.714705,5.8643191,1.15,111.2247,2.7879
920642,通易航天,江苏,航空,北交所,20210816,20260805,10.57,2.6214,38411420.440000005,1095794838.0,1056544200.0,10.95794838,10.565442,1.46,,4.8028
920651,天罡股份,山东,电器仪表,北交所,20230627,20260805,22.5,-6.6002,36839327.830000006,1372500000.0,933015893.0000001,13.725,9.330158930000001,1.16,17.8681,2.4888
920656,海昇药业,浙江,化学制药,北交所,20240202,20260805,13.92,0.7965,6394585.54,1392000000.0,450677832.0,13.92,4.50677832,1.39,20.0412,1.9232
920662,方盛股份,江苏,机械基件,北交所,20221128,20260805,19.48,3.397,36393392.61,1705474039.0,526078477.0,17.05474039,5.26078477,0.96,85.9907,3.6843
920663,明阳科技,江苏,汽车配件,北交所,20230315,20260805,12.46,1.8806,7122782.680000001,1664064275.0,798393439.0000001,16.64064275,7.983934390000001,0.95,19.4934,3.8447
920665,科强股份,江苏,橡胶,北交所,20230926,20260805,8.79,3.2902,19421152.62,1142612100.0,564151948.0,11.426121,5.64151948,2.34,35.2122,1.5612
920670,数字人,山东,软件服务,北交所,20201208,20260805,13.72,-0.2907,74060773.71,1456822527.9999998,914213102.0000001,14.568225279999998,9.14213102,1.91,178.0073,6.0163
920675,秉扬科技,四川,矿物制品,北交所,20201228,20260805,7.39,1.7906,8322197.36,1272291960.0,583942059.0,12.7229196,5.83942059,0.95,26.5921,2.0142
920679,前进科技,浙江,机械基件,北交所,20231110,20260805,15.35,-0.3247,2933372.35,857297500.0,570636250.0,8.572975,5.7063625,0.85,44.167,1.6888
920682,球冠电缆,浙江,电气设备,北交所,20200727,20260805,5.9,0.3401,15514649.649999999,2297318400.0,1332260037.0,22.973184,13.32260037,1.04,23.7762,1.9719
920685,新芝生物,浙江,电器仪表,北交所,20221010,20260805,13.2,-1.2715,89314215.55,1208010421.0,769744457.0,12.08010421,7.69744457,0.89,34.3139,2.1367
920689,克莱特,山东,专用机械,北交所,20220321,20260805,20.46,0.7882,20370230.34,1501764000.0,776060424.0,15.01764,7.76060424,0.98,27.2586,2.9718
920690,捷众科技,浙江,汽车配件,北交所,20240105,20260805,20.43,15.0986,175608929.76,1760861700.0000002,1144668466.0,17.608617000000002,11.44668466,1.49,24.4282,2.8532
920693,阿为特,上海,机械基件,北交所,20231027,20260805,23.75,2.8139,24217386.279999997,1726625000.0,869487500.0,17.26625,8.694875,0.79,463.2851,4.8963
920694,中裕科技,江苏,塑料,北交所,20230424,20260805,14.04,0.2857,5949136.04,1846393127.0,877033633.0,18.46393127,8.77033633,0.49,20.5411,2.0065
920699,海达尔,江苏,家用电器,北交所,20230509,20260805,71.19,6.0954,120983566.64999999,4547291150.0,2080557650.0000002,45.4729115,20.8055765,1.59,71.7114,12.9336
920701,豪声电子,浙江,元器件,北交所,20230719,20260805,13.38,2.2154,38083957.4,1835736000.0,1340772870.9999998,18.35736,13.407728709999997,0.69,26.2059,2.1637
920703,广厦环能,北京,专用机械,北交所,20231205,20260805,9.5,0.5291,3725802.08,1431878000.0,724518897.0,14.31878,7.24518897,0.64,15.8009,1.2656
920706,铁拓机械,福建,工程机械,北交所,20240308,20260805,14.61,1.9539,23027553.1,1382182629.0,696486021.0,13.82182629,6.96486021,1.36,28.6863,2.2908
920717,瑞星股份,河北,专用机械,北交所,20230703,20260805,8.11,-2.9904,40290425.5,930054800.0,359110800.0,9.300548,3.591108,1.49,,1.692
920718,合肥高科,安徽,家用电器,北交所,20221222,20260805,9.81,1.134,6966022.59,889440327.0,456263777.0,8.89440327,4.56263777,0.46,22.7986,1.5252
920719,宁新新材,江西,化工原料,北交所,20230526,20260805,7.9,1.023,13768149.85,735437859.9999999,587307030.0,7.354378599999999,5.8730703,1.41,,6.638
920720,吉冈精密,江苏,机械基件,北交所,20211124,20260805,9.57,1.056,10903081.45,2535010124.0,708344345.9999999,25.35010124,7.083443459999999,0.84,40.223,4.6391
920725,惠丰钻石,河南,矿物制品,北交所,20220718,20260805,76.76,9.6571,506598194.81,7006269000.0,3391309381.0000005,70.06269,33.91309381000001,1.43,,11.6553
920726,朱老六,吉林,食品,北交所,20210527,20260805,16.23,2.2684,55043588.32,1644261300.0,907475375.0,16.442613,9.07475375,0.72,83.2479,3.5769
920729,永顺生物,广东,农业综合,北交所,20200727,20260805,6.6,0.6098,2640523.3899999997,1803780000.0,511546471.0,18.0378,5.11546471,0.64,43.7195,2.647
920735,德源药业,江苏,化学制药,北交所,20210219,20260805,24.24,1.6779,47174517.059999995,3128113557.0,2766582805.0,31.28113557,27.66582805,0.96,13.2027,2.3779
920748,路桥信息,福建,软件服务,北交所,20230816,20260805,24.35,3.047,49672444.03,1868619000.0,896957428.0000001,18.68619,8.969574280000002,1.25,,9.0252
920751,惠同新材,湖南,小金属,北交所,20230717,20260805,17.15,2.6332,12272750.72,1488277000.0,1424601194.0,14.88277,14.24601194,1.03,32.0406,3.6001
920753,天纺标,天津,纺织,北交所,20221031,20260805,15.31,1.0561,10444128.32,1246300874.0,500784741.99999994,12.46300874,5.007847419999999,1.22,38.0702,3.0402
920765,美之高,深圳,家居用品,北交所,20210705,20260805,12.29,-0.0813,21403824.38,1068247746.0,648999308.0,10.68247746,6.48999308,0.82,,3.442
920768,拾比佰,广东,家用电器,北交所,20210628,20260805,6.99,0.8658,15493378.62,1085952420.0,750652724.0,10.8595242,7.50652724,0.88,20.1049,1.5055
920770,艾能聚,浙江,电气设备,北交所,20230228,20260805,10.75,1.2241,37681985.61000001,1398920881.0,880358350.0000001,13.98920881,8.803583500000002,1.04,30.9524,2.2487
920779,武汉蓝电,湖北,电器仪表,北交所,20230601,20260805,24.82,5.2587,55149416.39,1987126926.0,496896449.99999994,19.87126926,4.968964499999999,0.82,31.6392,3.9727
920781,瑞奇智造,四川,专用机械,北交所,20221226,20260805,6.09,2.6981,40748580.220000006,941313359.0,733030693.9999999,9.41313359,7.330306939999999,1.55,,2.6648
920786,骑士乳业,内蒙,乳制品,北交所,20231013,20260805,6.99,4.7976,105337768.44,1461280470.0,964979670.0,14.6128047,9.6497967,0.82,29.8131,1.8931
920790,联迪信息,江苏,软件服务,北交所,20220902,20260805,24.9,6.0026,140078902.19,1966278798.0,1353438454.0,19.66278798,13.53438454,1.14,260.7518,6.3403
920792,东和新材,辽宁,其他建材,北交所,20230330,20260805,10.33,4.9797,20818574.14,1710028200.0,1049800071.9999999,17.100282,10.498000719999999,5.08,22.5807,1.6023
920799,艾融软件,上海,软件服务,北交所,20200727,20260805,31.72,3.3898,171934490.4,6634092088.0,3808617894.0,66.34092088,38.08617894,1.15,102.8661,15.8109
920802,保丽洁,江苏,环境保护,北交所,20230206,20260805,10.56,0.5714,5804450.75,866007542.0,382458300.0,8.66007542,3.824583,1.08,34.8975,1.9424
920806,云星宇,北京,软件服务,北交所,20240111,20260805,10.84,6.4833,106095511.47,3259985470.0,3259985470.0,32.5998547,32.5998547,3.17,42.6978,2.0857
920807,奔朗新材,广东,机械基件,北交所,20221220,20260805,9.43,6.3134,67897591.77,1715128400.0,1165085194.0,17.151284,11.65085194,3.4,78.1079,1.832
920808,曙光数创,北京,IT设备,北交所,20221118,20260805,60.8,2.5295,132500258.60999998,12160000061.000002,11841488378.000002,121.60000061000002,118.41488378000003,0.99,329.5601,17.0816
920809,安达科技,贵州,电气设备,北交所,20230323,20260805,8.3,4.2714,96326510.3,4972115000.0,3818304178.0,49.72115,38.18304178,1.2,,3.0446
920810,春光智能,辽宁,专用机械,北交所,20221216,20260805,8.95,-1.6484,29729326.25,858305000.0,558547528.0,8.58305,5.58547528,0.9,692.4873,3.7613
920819,颖泰生物,北京,农药化肥,北交所,20200727,20260805,2.76,0.0,10066352.9,3383208000.0,3344085000.0,33.83208,33.44085,0.64,,0.7116
920821,则成电子,深圳,元器件,北交所,20220706,20260805,19.23,7.6105,141363454.23,2660699318.0,1400971305.0,26.60699318,14.00971305,2.49,174.529,5.0856
920826,盖世食品,辽宁,食品,北交所,20210112,20260805,8.08,2.4081,27501914.529999997,1135367777.0,505500742.0,11.35367777,5.05500742,0.78,23.8613,2.902
920832,齐鲁华信,山东,化工原料,北交所,20210223,20260805,6.17,0.1623,2228465.72,856173046.9999999,764250585.0,8.561730469999999,7.64250585,0.55,,1.1676
920833,美心翼申,重庆,汽车配件,北交所,20231108,20260805,8.68,0.2309,6150138.33,993894720.0,751296254.0,9.9389472,7.51296254,0.84,34.3697,1.6141
920834,三维装备,江苏,塑料,北交所,20220822,20260805,8.34,1.0909,6027529.6,1000800042.0,523722301.0,10.00800042,5.23722301,1.12,21.2492,3.1763
920837,华原股份,广西,汽车配件,北交所,20230515,20260805,9.74,1.1423,10971507.809999999,1487557931.0,1332313045.0,14.87557931,13.32313045,1.14,19.8111,2.5097
920839,万通液压,山东,工程机械,北交所,20201109,20260805,25.02,1.9145,12537852.96,2957613474.0000005,1631368952.0,29.576134740000004,16.31368952,0.85,23.5606,4.3564
920855,浙江大农,浙江,机床制造,北交所,20221229,20260805,12.38,1.2265,2393559.42,925198663.0,829916958.0,9.25198663,8.29916958,0.7,26.9186,1.5888
920856,浩淼科技,安徽,专用机械,北交所,20201225,20260805,10.9,-3.8801,43912229.63,1036880245.0,578354403.0,10.36880245,5.78354403,1.47,59.735,2.2104
920857,泓禧科技,重庆,元器件,北交所,20220228,20260805,18.65,0.7563,37830764.6,1380233385.0000002,1380233385.0000002,13.802333850000002,13.802333850000002,0.87,,4.0492
920866,绿亨科技,广东,农药化肥,北交所,20221209,20260805,5.86,0.5146,10055041.370000001,1056006574.0,668698072.0,10.56006574,6.68698072,0.97,32.9378,1.3553
920870,恒进感应,湖北,机床制造,北交所,20220705,20260805,11.37,2.8029,14188780.76,1523580000.0,750452973.0,15.2358,7.50452973,1.57,92.5783,3.3235
920871,派特尔,广东,塑料,北交所,20220722,20260805,10.89,1.7757,5584855.21,924095353.9999999,511983429.00000006,9.24095354,5.119834290000001,1.16,91.173,3.4388
920873,中设咨询,重庆,建筑工程,北交所,20211115,20260805,7.52,2.7322,20275704.11,1153470255.0,900944090.0,11.53470255,9.0094409,1.22,,4.6466
920876,慧为智能,深圳,元器件,北交所,20221109,20260805,16.84,2.9969,31356334.58,1080802298.0,660940513.0000001,10.80802298,6.609405130000002,1.2,165.3733,4.2554
920879,基康技术,北京,电器仪表,北交所,20221220,20260805,13.16,0.0,17651348.099999998,2643433592.0,1978089062.0,26.43433592,19.78089062,1.33,31.9983,4.0662
920885,星辰科技,广西,电器仪表,北交所,20210708,20260805,12.16,3.9316,36190772.160000004,2077169984.0,1076198863.0,20.77169984,10.76198863,1.3,61.2949,5.0454
920892,广咨国际,广东,建筑工程,北交所,20211028,20260805,10.65,1.4286,7097172.12,1814241908.9999998,1606579604.0,18.142419089999997,16.06579604,1.28,16.853,4.0611
920895,花溪科技,河南,农用机械,北交所,20230406,20260805,12.75,0.3147,12365839.41,720681000.0,366395475.0,7.20681,3.66395475,0.72,,3.764
920896,旺成科技,重庆,汽车配件,北交所,20230419,20260805,12.33,1.4815,8962971.58,1248094879.0,547474317.0,12.48094879,5.47474317,1.09,20.3708,2.7192
920906,舜宇精工,浙江,汽车配件,北交所,20230222,20260805,17.06,2.2782,19349225.62,1108388200.0,569048634.0,11.083882,5.69048634,1.62,37.8435,1.9273
920914,远航精密,江苏,小金属,北交所,20221111,20260805,18.82,2.2826,31110150.119999997,1876034060.0,1874551985.0,18.7603406,18.74551985,0.83,35.0776,1.893
920924,广脉科技,浙江,通信设备,北交所,20211103,20260805,15.1,2.027,68503109.35,1620177150.0,987119329.0,16.2017715,9.87119329,2.22,93.1094,5.0149
920925,锦好医疗,广东,医疗保健,北交所,20211025,20260805,12.74,3.3252,40143226.04,1255917392.0,704458975.0000001,12.55917392,7.044589750000001,1.21,81.7715,3.4249
920926,鸿智科技,广东,家用电器,北交所,20230808,20260805,10.82,5.1506,16882340.36,956073994.0,867573340.9999999,9.56073994,8.67573341,1.63,34.3781,3.4584
920931,无锡鼎邦,江苏,化工机械,北交所,20240408,20260805,9.73,1.6719,2934632.95,913938900.0,279988534.0,9.139389,2.79988534,0.8,86.7506,2.3125
920932,科达自控,山西,软件服务,北交所,20211115,20260805,12.66,3.8556,37002100.67,1333735431.0,1103870672.0,13.33735431,11.03870672,1.25,,2.2124
920942,恒立钻具,湖北,机械基件,北交所,20221208,20260805,17.48,3.1268,19187985.04,1069157208.0,723934445.0,10.69157208,7.23934445,0.93,53.6722,2.1197
920943,优机股份,四川,机械基件,北交所,20220624,20260805,14.57,0.8304,41497857.279999994,1479166477.0,754840127.0000001,14.79166477,7.548401270000001,1.14,20.3341,2.2687
920946,森萱医药,江苏,化学制药,北交所,20200727,20260805,9.27,0.0,20210767.49,3957533012.0,3956316324.0,39.57533012,39.56316324,1.14,30.0988,3.0119
920950,迅安科技,江苏,元器件,北交所,20230111,20260805,12.78,0.314,2830368.68,937029600.0000001,456502878.0,9.370296000000002,4.56502878,0.8,22.1268,2.8471
920953,国子软件,山东,软件服务,北交所,20230823,20260805,25.69,2.1471,123413516.02,3291299783.0,1538464995.0,32.91299783,15.38464995,0.92,49.0895,5.4599
920957,汉维科技,广东,化工原料,北交所,20221214,20260805,9.37,1.6269,13364175.89,1005413500.0,400143358.0,10.054135,4.00143358,1.02,205.1808,2.5347
920961,创远信科,上海,电器仪表,北交所,20200727,20260805,18.52,3.4637,43097408.01,2645406207.9999995,1925160482.0,26.454062079999996,19.25160482,1.01,759.8338,3.5209
920964,润农节水,河北,建筑工程,北交所,20200727,20260805,4.47,0.4494,5275040.92,1167599760.0,660206649.0,11.6759976,6.60206649,0.69,,1.3377
920970,大禹生物,山西,饲料,北交所,20220518,20260805,6.02,0.6689,11708910.97,667020816.0,421829226.0,6.67020816,4.21829226,0.78,,2.7104
920971,天马新材,河南,化工原料,北交所,20220927,20260805,26.38,5.52,146028158.83,2742675893.0,2260839917.0,27.42675893,22.60839917,1.4,71.8652,5.8057
920974,凯大催化,浙江,化工原料,北交所,20230308,20260805,6.09,0.8278,10493605.709999999,997542000.0,782271425.0,9.97542,7.82271425,1.45,39.1253,1.5313
920976,视声智能,广东,通信设备,北交所,20230901,20260805,18.3,0.0,38888327.4,1298447220.0,807388680.0,12.9844722,8.0738868,0.9,19.286,4.445
920978,开特股份,湖北,汽车配件,北交所,20230928,20260805,20.34,0.8929,27021261.09,3661779038.9999995,2053016842.0,36.617790389999996,20.53016842,0.9,21.147,4.4743
920981,晶赛科技,安徽,元器件,北交所,20211115,20260805,30.14,3.5027,101646414.8,2304745520.0,1159265688.0,23.0474552,11.59265688,1.6,238.0018,4.5
920982,锦波生物,山西,医疗保健,北交所,20230720,20260805,129.03,-0.3552,138202446.54,14846880820.0,7156662627.0,148.4688082,71.56662627,0.96,22.7668,7.2932
920985,海泰新能,河北,电气设备,北交所,20220808,20260805,4.78,0.4202,11970428.1,1479296236.0,1048339366.0,14.79296236,10.48339366,0.72,,2.3488
920992,中科美菱,安徽,医疗保健,北交所,20221018,20260805,11.9,1.4493,7989971.319999999,1151098115.0,583305668.0,11.51098115,5.83305668,0.81,60.2445,1.8227
