期号,开奖日期,红球,蓝球,红1,红2,红3,红4,红5,红6,销售额,奖池金额,红球和值,红球跨度,红球奇偶比,红球大小比,红球三区比,蓝球奇偶,蓝球大小,年份
2013001,2013-01-01,06 08 14 15 24 25,6,6,8,14,15,24,25,309153922,30000000,92,19,2:4,2:4,2:2:2,偶,小,2013
2013002,2013-01-03,01 16 18 22 28 30,12,1,16,18,22,28,30,303822912,61810900,115,29,1:5,4:2,1:3:2,偶,大,2013
2013003,2013-01-06,22 23 26 27 28 33,9,22,23,26,27,28,33,367773688,98882604,159,11,3:3,6:0,0:1:5,奇,大,2013
2013004,2013-01-08,06 10 16 20 27 32,8,6,10,16,20,27,32,337097616,35567995,111,26,1:5,3:3,2:2:2,偶,小,2013
2013005,2013-01-10,01 13 14 25 31 32,12,1,13,14,25,31,32,339352226,49335143,116,31,4:2,3:3,1:2:3,偶,大,2013
2013006,2013-01-13,09 10 13 17 22 30,13,9,10,13,17,22,30,374366198,82757304,101,21,3:3,3:3,2:3:1,奇,大,2013
2013007,2013-01-15,02 09 15 22 26 32,1,2,9,15,22,26,32,341246158,151606540,106,30,2:4,3:3,2:2:2,奇,小,2013
2013008,2013-01-17,03 08 17 21 25 32,15,3,8,17,21,25,32,341795384,170217234,106,29,4:2,4:2,2:2:2,奇,大,2013
2013009,2013-01-20,01 04 09 13 16 23,2,1,4,9,13,16,23,383674016,195572596,66,22,4:2,1:5,3:2:1,偶,小,2013
2013010,2013-01-22,01 09 11 17 32 33,12,1,9,11,17,32,33,347709230,224151420,103,32,5:1,3:3,3:1:2,偶,大,2013
2013011,2013-01-24,03 12 17 24 27 29,9,3,12,17,24,27,29,350274074,199912372,112,26,4:2,4:2,1:2:3,奇,大,2013
2013012,2013-01-27,06 14 17 22 28 29,2,6,14,17,22,28,29,389114476,260734911,116,23,2:4,4:2,1:3:2,偶,小,2013
2013013,2013-01-29,05 06 13 19 22 28,9,5,6,13,19,22,28,351745408,211416895,93,23,3:3,3:3,2:3:1,奇,大,2013
2013014,2013-01-31,02 04 05 17 19 20,8,2,4,5,17,19,20,348187310,150729380,67,18,3:3,3:3,3:3:0,偶,小,2013
2013015,2013-02-03,05 06 07 11 13 18,15,5,6,7,11,13,18,377989410,202682481,60,13,4:2,1:5,4:2:0,奇,大,2013
2013016,2013-02-05,02 05 06 12 14 28,5,2,5,6,12,14,28,327207104,165350088,67,26,1:5,1:5,3:2:1,奇,小,2013
2013017,2013-02-07,04 06 12 30 31 32,9,4,6,12,30,31,32,339247106,198644874,115,28,1:5,3:3,2:1:3,奇,大,2013
2013018,2013-02-17,02 08 13 28 29 30,5,2,8,13,28,29,30,364752666,193557090,110,28,2:4,3:3,2:1:3,奇,小,2013
2013019,2013-02-19,01 02 05 16 20 26,6,1,2,5,16,20,26,316958200,207401535,70,25,2:4,2:4,3:2:1,偶,小,2013
2013020,2013-02-21,01 07 08 12 16 21,1,1,7,8,12,16,21,337611102,233771560,65,20,3:3,1:5,3:3:0,奇,小,2013
2013021,2013-02-24,01 06 17 19 26 31,11,1,6,17,19,26,31,386291388,239758883,100,30,4:2,4:2,2:2:2,奇,大,2013
2013022,2013-02-26,02 04 07 09 15 20,7,2,4,7,9,15,20,349104140,238299864,57,18,3:3,1:5,4:2:0,奇,小,2013
2013023,2013-02-28,03 06 15 18 30 32,5,3,6,15,18,30,32,359844386,271259788,104,29,2:4,3:3,2:2:2,奇,小,2013
2013024,2013-03-03,04 05 13 23 27 30,9,4,5,13,23,27,30,397860528,222298732,102,26,4:2,3:3,2:1:3,奇,大,2013
2013025,2013-03-05,16 17 18 24 25 30,8,16,17,18,24,25,30,365053994,116448192,130,14,2:4,5:1,0:3:3,偶,小,2013
2013026,2013-03-07,04 11 14 15 22 31,11,4,11,14,15,22,31,357237076,140421744,97,27,3:3,2:4,2:3:1,奇,大,2013
2013027,2013-03-10,01 02 04 12 21 24,12,1,2,4,12,21,24,401897672,136259354,64,23,2:4,2:4,3:2:1,偶,大,2013
2013028,2013-03-12,07 08 14 25 26 28,13,7,8,14,25,26,28,363477764,144919914,108,21,2:4,3:3,2:1:3,奇,大,2013
2013029,2013-03-14,06 07 10 19 23 29,12,6,7,10,19,23,29,367189222,133260864,94,23,4:2,3:3,3:1:2,偶,大,2013
2013030,2013-03-17,07 14 18 25 26 29,6,7,14,18,25,26,29,405193314,146756785,119,22,3:3,4:2,1:2:3,偶,小,2013
2013031,2013-03-19,03 13 14 15 21 33,3,3,13,14,15,21,33,365951410,135583170,99,30,5:1,2:4,1:4:1,奇,小,2013
2013032,2013-03-21,04 21 25 29 30 33,3,4,21,25,29,30,33,365616360,185170708,142,29,4:2,5:1,1:1:4,奇,小,2013
2013033,2013-03-24,05 06 13 17 19 28,1,5,6,13,17,19,28,397248028,34224132,88,23,4:2,3:3,2:3:1,奇,小,2013
2013034,2013-03-26,06 15 20 22 26 33,9,6,15,20,22,26,33,339315898,47229360,122,27,2:4,4:2,1:3:2,奇,大,2013
2013035,2013-03-28,01 14 15 17 26 30,2,1,14,15,17,26,30,351498872,105954843,103,29,3:3,3:3,1:3:2,偶,小,2013
2013036,2013-03-31,04 05 09 27 29 31,13,4,5,9,27,29,31,393497514,118017567,105,27,5:1,3:3,3:0:3,奇,大,2013
2013037,2013-04-02,02 15 18 27 28 32,14,2,15,18,27,28,32,350336028,122337450,122,30,2:4,4:2,1:2:3,偶,大,2013
2013038,2013-04-04,09 10 12 14 15 19,11,9,10,12,14,15,19,328400842,140504290,79,10,3:3,1:5,2:4:0,奇,大,2013
2013039,2013-04-07,01 02 14 15 24 29,6,1,2,14,15,24,29,390740078,158541908,85,28,3:3,2:4,2:2:2,偶,小,2013
2013040,2013-04-09,02 04 10 12 17 30,10,2,4,10,12,17,30,352650578,135009567,75,28,1:5,2:4,3:2:1,偶,大,2013
2013041,2013-04-11,02 10 12 17 23 24,5,2,10,12,17,23,24,358260706,165669831,88,22,2:4,3:3,2:2:2,奇,小,2013
2013042,2013-04-14,01 08 12 13 15 33,3,1,8,12,13,15,33,396763590,191650228,82,32,4:2,1:5,2:3:1,奇,小,2013
2013043,2013-04-16,03 06 14 15 17 25,16,3,6,14,15,17,25,358568922,130914304,80,22,4:2,2:4,2:3:1,偶,大,2013
2013044,2013-04-18,03 05 11 18 26 28,6,3,5,11,18,26,28,355471956,113248452,91,25,3:3,3:3,3:1:2,偶,小,2013
2013045,2013-04-21,06 07 08 14 23 31,12,6,7,8,14,23,31,389847482,123007759,89,25,3:3,2:4,3:1:2,偶,大,2013
2013046,2013-04-23,03 16 19 20 24 26,6,3,16,19,20,24,26,352094234,143084851,108,23,2:4,4:2,1:3:2,偶,小,2013
2013047,2013-04-25,01 08 11 17 27 30,12,1,8,11,17,27,30,347274348,167906106,94,29,4:2,3:3,3:1:2,偶,大,2013
2013048,2013-04-28,10 13 17 28 30 32,4,10,13,17,28,30,32,379712106,55171877,130,22,2:4,4:2,1:2:3,偶,小,2013
2013049,2013-04-30,10 13 14 16 21 32,14,10,13,14,16,21,32,295889902,114803190,106,22,2:4,2:4,1:4:1,偶,大,2013
2013050,2013-05-02,03 07 13 18 22 25,3,3,7,13,18,22,25,331969178,116018802,88,22,4:2,3:3,2:3:1,奇,小,2013
2013051,2013-05-05,08 12 15 19 28 29,2,8,12,15,19,28,29,377856082,30000000,111,21,3:3,3:3,1:3:2,偶,小,2013
2013052,2013-05-07,06 07 14 21 22 24,13,6,7,14,21,22,24,320719928,48367032,94,18,2:4,3:3,2:3:1,奇,大,2013
2013053,2013-05-09,03 12 13 22 30 33,14,3,12,13,22,30,33,327360018,89705790,113,30,3:3,3:3,1:3:2,偶,大,2013
2013054,2013-05-12,03 04 08 14 21 28,14,3,4,8,14,21,28,367209526,101137064,78,25,2:4,2:4,3:2:1,偶,大,2013
2013055,2013-05-14,08 18 19 22 27 32,6,8,18,19,22,27,32,328924474,116004306,126,24,2:4,5:1,1:3:2,偶,小,2013
2013056,2013-05-16,03 12 25 26 28 29,16,3,12,25,26,28,29,330573576,138712270,123,26,3:3,4:2,1:1:4,偶,大,2013
2013057,2013-05-19,13 16 19 23 26 28,5,13,16,19,23,26,28,367207180,152624208,125,15,3:3,4:2,0:3:3,奇,小,2013
2013058,2013-05-21,08 11 17 21 23 24,5,8,11,17,21,23,24,338075776,138757060,104,16,4:2,4:2,2:2:2,奇,小,2013
2013059,2013-05-23,03 10 18 24 27 29,9,3,10,18,24,27,29,339381758,99230450,111,26,3:3,4:2,2:1:3,奇,大,2013
2013060,2013-05-26,05 07 10 13 19 20,15,5,7,10,13,19,20,368726696,110329152,74,15,4:2,2:4,3:3:0,奇,大,2013
2013061,2013-05-28,05 06 07 12 13 18,12,5,6,7,12,13,18,335064726,30000000,61,13,3:3,1:5,3:3:0,偶,大,2013
2013062,2013-05-30,01 06 07 19 22 27,2,1,6,7,19,22,27,313979568,83172610,82,26,4:2,3:3,3:2:1,偶,小,2013
2013063,2013-06-02,10 15 18 20 23 31,12,10,15,18,20,23,31,354390256,142799949,117,21,3:3,4:2,1:3:2,偶,大,2013
2013064,2013-06-04,01 09 13 22 25 32,12,1,9,13,22,25,32,328102052,172812165,102,31,4:2,3:3,2:2:2,偶,大,2013
2013065,2013-06-06,07 18 19 23 29 30,2,7,18,19,23,29,30,334460176,201675690,126,23,4:2,5:1,1:2:3,偶,小,2013
2013066,2013-06-09,01 03 16 17 20 32,7,1,3,16,17,20,32,368087166,182192048,89,31,3:3,3:3,2:3:1,奇,小,2013
2013067,2013-06-11,01 04 09 15 22 30,6,1,4,9,15,22,30,309743864,137776720,81,29,3:3,2:4,3:2:1,偶,小,2013
2013068,2013-06-13,02 07 13 20 25 27,6,2,7,13,20,25,27,329872238,135584520,94,25,4:2,3:3,2:2:2,偶,小,2013
2013069,2013-06-16,07 16 17 18 30 33,6,7,16,17,18,30,33,369339396,30000000,121,26,3:3,4:2,1:3:2,偶,小,2013
2013070,2013-06-18,02 03 09 10 28 30,6,2,3,9,10,28,30,296577242,58271360,82,28,2:4,2:4,4:0:2,偶,小,2013
2013071,2013-06-20,05 12 21 23 26 28,9,5,12,21,23,26,28,311914552,31637441,115,23,3:3,4:2,1:2:3,奇,大,2013
2013072,2013-06-23,02 08 11 14 19 33,9,2,8,11,14,19,33,351392580,83394408,87,31,3:3,2:4,3:2:1,奇,大,2013
2013073,2013-06-25,02 09 13 17 20 28,11,2,9,13,17,20,28,324559238,31466432,89,26,3:3,3:3,2:3:1,奇,大,2013
2013074,2013-06-27,03 06 08 14 19 32,3,3,6,8,14,19,32,320654782,76109739,82,29,2:4,2:4,3:2:1,奇,小,2013
2013075,2013-06-30,04 06 09 25 30 33,14,4,6,9,25,30,33,358276246,148151453,107,29,3:3,3:3,3:0:3,偶,大,2013
2013076,2013-07-02,14 23 24 26 29 30,3,14,23,24,26,29,30,326689120,213429920,146,16,2:4,5:1,0:1:5,奇,小,2013
2013077,2013-07-04,09 14 23 24 26 29,3,9,14,23,24,26,29,333114166,90631848,125,20,3:3,4:2,1:1:4,奇,小,2013
2013078,2013-07-07,03 05 17 18 26 27,15,3,5,17,18,26,27,355637236,125198288,96,24,4:2,4:2,2:2:2,奇,大,2013
2013079,2013-07-09,07 13 17 19 22 26,13,7,13,17,19,22,26,320512624,108592428,104,19,4:2,4:2,1:4:1,奇,大,2013
2013080,2013-07-11,10 11 12 23 28 32,16,10,11,12,23,28,32,327918824,126651295,116,22,2:4,3:3,2:1:3,偶,大,2013
2013081,2013-07-14,01 04 10 13 21 31,13,1,4,10,13,21,31,359745012,164579200,80,30,4:2,2:4,3:2:1,奇,大,2013
2013082,2013-07-16,04 13 14 20 22 30,6,4,13,14,20,22,30,326611872,177229420,103,26,1:5,3:3,1:4:1,偶,小,2013
2013083,2013-07-18,05 06 12 14 19 23,9,5,6,12,14,19,23,338036388,101908566,79,18,3:3,2:4,2:3:1,奇,大,2013
2013084,2013-07-21,05 07 09 11 20 21,3,5,7,9,11,20,21,373588034,101313260,73,16,5:1,2:4,4:2:0,奇,小,2013
2013085,2013-07-23,02 08 12 14 16 32,16,2,8,12,14,16,32,330145456,119563094,84,30,0:6,1:5,2:3:1,偶,大,2013
2013086,2013-07-25,02 04 11 13 16 26,11,2,4,11,13,16,26,326453274,147621963,72,24,2:4,1:5,3:2:1,奇,大,2013
2013087,2013-07-28,02 13 19 23 24 28,5,2,13,19,23,24,28,364306204,159824838,109,26,3:3,4:2,1:2:3,奇,小,2013
2013088,2013-07-30,09 15 20 21 22 24,14,9,15,20,21,22,24,332225112,203431818,111,15,3:3,4:2,1:4:1,偶,大,2013
2013089,2013-08-01,04 08 12 19 21 25,13,4,8,12,19,21,25,337088774,173879650,89,21,3:3,3:3,2:3:1,奇,大,2013
2013090,2013-08-04,02 05 11 23 24 29,8,2,5,11,23,24,29,372773264,30000000,94,27,4:2,3:3,3:0:3,偶,小,2013
2013091,2013-08-06,04 14 24 25 28 31,10,4,14,24,25,28,31,308670790,30000000,126,27,2:4,4:2,1:1:4,偶,大,2013
2013092,2013-08-08,07 11 15 21 26 31,6,7,11,15,21,26,31,311052518,39250888,111,24,5:1,3:3,2:2:2,偶,小,2013
2013093,2013-08-11,01 02 08 26 29 31,14,1,2,8,26,29,31,345826922,113583018,97,30,3:3,3:3,3:0:3,偶,大,2013
2013094,2013-08-13,02 04 14 18 20 22,7,2,4,14,18,20,22,320217972,85662203,80,20,0:6,3:3,2:4:0,奇,小,2013
2013095,2013-08-15,01 06 15 19 28 29,10,1,6,15,19,28,29,321839422,122220820,98,28,4:2,3:3,2:2:2,偶,大,2013
2013096,2013-08-18,01 02 22 28 29 30,15,1,2,22,28,29,30,364530978,133568694,112,29,2:4,4:2,2:1:3,奇,大,2013
2013097,2013-08-20,05 14 17 22 23 25,7,5,14,17,22,23,25,326153582,165973926,106,20,4:2,4:2,1:3:2,奇,小,2013
2013098,2013-08-22,07 15 18 19 20 26,14,7,15,18,19,20,26,333979300,61447820,105,19,3:3,4:2,1:4:1,偶,大,2013
2013099,2013-08-25,05 11 20 21 26 31,3,5,11,20,21,26,31,359490506,57365841,114,26,4:2,4:2,2:2:2,奇,小,2013
2013100,2013-08-27,04 08 11 14 16 20,11,4,8,11,14,16,20,324850520,110063013,73,16,1:5,1:5,3:3:0,奇,大,2013
2013101,2013-08-29,05 07 09 23 27 32,1,5,7,9,23,27,32,339246710,117330108,103,27,5:1,3:3,3:0:3,奇,小,2013
2013102,2013-09-01,02 04 05 06 08 16,3,2,4,5,6,8,16,374113680,112762404,41,14,1:5,0:6,5:1:0,奇,小,2013
2013103,2013-09-03,02 04 09 13 18 20,7,2,4,9,13,18,20,329389008,129386045,66,18,2:4,2:4,3:3:0,奇,小,2013
2013104,2013-09-05,01 02 04 15 17 28,11,1,2,4,15,17,28,339771188,161543208,67,27,3:3,2:4,3:2:1,奇,大,2013
2013105,2013-09-08,01 11 23 27 31 32,9,1,11,23,27,31,32,380197404,180328590,125,31,5:1,4:2,2:0:4,奇,大,2013
2013106,2013-09-10,09 11 23 30 31 32,6,9,11,23,30,31,32,344715810,192566520,136,23,4:2,4:2,2:0:4,偶,小,2013
2013107,2013-09-12,07 09 11 17 28 31,11,7,9,11,17,28,31,349907348,206293472,103,24,5:1,3:3,3:1:2,奇,大,2013
2013108,2013-09-15,16 21 22 28 31 32,5,16,21,22,28,31,32,384725718,244712259,150,16,2:4,5:1,0:3:3,奇,小,2013
2013109,2013-09-17,09 23 24 27 29 32,8,9,23,24,27,29,32,351155742,248456620,144,23,4:2,5:1,1:0:5,偶,小,2013
2013110,2013-09-19,15 17 18 21 29 32,13,15,17,18,21,29,32,341867256,271666100,132,17,4:2,5:1,0:4:2,奇,大,2013
2013111,2013-09-22,01 02 03 06 08 33,13,1,2,3,6,8,33,401502238,216014150,53,32,3:3,1:5,5:0:1,奇,大,2013
2013112,2013-09-24,01 06 12 13 22 31,7,1,6,12,13,22,31,344881702,199580280,85,30,3:3,2:4,2:3:1,奇,小,2013
2013113,2013-09-26,04 07 11 17 24 33,9,4,7,11,17,24,33,353992568,202421233,96,29,4:2,3:3,3:1:2,奇,大,2013
2013114,2013-09-29,04 06 17 21 23 33,7,4,6,17,21,23,33,398506774,240677850,104,29,4:2,4:2,2:2:2,奇,小,2013
2013115,2013-10-01,03 12 16 17 18 27,8,3,12,16,17,18,27,319974332,211959722,93,24,3:3,3:3,1:4:1,偶,小,2013
2013116,2013-10-03,12 15 21 26 32 33,7,12,15,21,26,32,33,312633700,259236778,139,21,3:3,4:2,0:3:3,奇,小,2013
2013117,2013-10-06,09 12 13 24 27 33,16,9,12,13,24,27,33,368579726,217864773,118,24,4:2,3:3,1:2:3,偶,大,2013
2013118,2013-10-08,02 03 17 22 32 33,16,2,3,17,22,32,33,343511272,243272184,109,31,3:3,4:2,2:2:2,偶,大,2013
2013119,2013-10-10,05 15 20 22 26 32,9,5,15,20,22,26,32,357071040,240588702,120,27,2:4,4:2,1:3:2,奇,大,2013
2013120,2013-10-13,05 06 13 18 23 31,11,5,6,13,18,23,31,404684072,36491411,96,26,4:2,3:3,2:2:2,奇,大,2013
2013121,2013-10-15,04 05 06 07 25 27,7,4,5,6,7,25,27,337100116,60671480,74,23,4:2,2:4,4:0:2,奇,小,2013
2013122,2013-10-17,07 10 13 15 26 27,11,7,10,13,15,26,27,345544080,75670240,98,20,4:2,2:4,2:2:2,奇,大,2013
2013123,2013-10-20,01 02 06 11 17 25,2,1,2,6,11,17,25,385822278,86159328,62,24,4:2,2:4,4:1:1,偶,小,2013
2013124,2013-10-22,03 09 15 23 25 30,7,3,9,15,23,25,30,347249642,107102896,105,27,5:1,3:3,2:1:3,奇,小,2013
2013125,2013-10-24,04 06 08 18 25 28,16,4,6,8,18,25,28,372984566,123047728,89,24,1:5,3:3,3:1:2,偶,大,2013
2013126,2013-10-27,04 10 19 27 31 33,16,4,10,19,27,31,33,408866622,162711340,124,29,4:2,4:2,2:1:3,偶,大,2013
2013127,2013-10-29,02 03 13 20 22 33,14,2,3,13,20,22,33,376726836,197309615,93,31,3:3,3:3,2:3:1,偶,大,2013
2013128,2013-10-31,07 13 17 19 25 31,8,7,13,17,19,25,31,381844688,201975928,112,24,6:0,4:2,1:3:2,偶,小,2013
2013129,2013-11-03,05 06 10 14 27 31,14,5,6,10,14,27,31,418710844,262553088,93,26,3:3,2:4,3:1:2,偶,大,2013
2013130,2013-11-05,01 03 15 16 31 33,8,1,3,15,16,31,33,385080972,256689792,99,32,5:1,2:4,2:2:2,偶,小,2013
2013131,2013-11-07,04 06 12 17 19 26,9,4,6,12,17,19,26,388319260,199798632,84,22,2:4,3:3,2:3:1,奇,大,2013
2013132,2013-11-10,20 21 22 23 25 27,12,20,21,22,23,25,27,420848208,124670825,138,7,4:2,6:0,0:3:3,偶,大,2013
2013133,2013-11-12,04 07 12 19 22 25,1,4,7,12,19,22,25,361709328,119827596,89,21,3:3,3:3,2:3:1,奇,小,2013
2013134,2013-11-14,01 17 18 19 25 29,10,1,17,18,19,25,29,372289714,82346272,109,28,5:1,5:1,1:3:2,偶,大,2013
2013135,2013-11-17,09 23 24 25 29 31,12,9,23,24,25,29,31,406720240,139074525,141,22,5:1,5:1,1:0:5,偶,大,2013
2013136,2013-11-19,04 06 14 16 18 26,6,4,6,14,16,18,26,369164734,116962560,84,22,0:6,2:4,2:3:1,偶,小,2013
2013137,2013-11-21,04 17 19 23 24 27,10,4,17,19,23,24,27,379293130,51312261,114,23,4:2,5:1,1:2:3,偶,大,2013
2013138,2013-11-24,04 15 16 24 27 28,3,4,15,16,24,27,28,402650432,74254260,114,24,2:4,3:3,1:2:3,奇,小,2013
2013139,2013-11-26,07 08 11 13 21 27,8,7,8,11,13,21,27,372082440,30000000,87,20,5:1,2:4,3:2:1,偶,小,2013
2013140,2013-11-28,01 05 12 13 21 22,10,1,5,12,13,21,22,359556480,76786944,74,21,4:2,2:4,2:4:0,偶,大,2013
2013141,2013-12-01,03 04 05 25 30 31,4,3,4,5,25,30,31,409703546,30000000,98,28,4:2,3:3,3:0:3,偶,小,2013
2013142,2013-12-03,11 12 14 20 22 29,14,11,12,14,20,22,29,356100256,63900184,108,18,2:4,3:3,1:4:1,偶,大,2013
2013143,2013-12-05,12 18 21 22 27 32,11,12,18,21,22,27,32,364973022,82747368,132,20,2:4,5:1,0:4:2,奇,大,2013
2013144,2013-12-08,05 07 12 19 27 31,2,5,7,12,19,27,31,406764784,99467508,101,26,5:1,3:3,2:2:2,偶,小,2013
2013145,2013-12-10,06 10 13 16 23 24,15,6,10,13,16,23,24,364933776,92904565,92,18,2:4,2:4,2:2:2,奇,大,2013
2013146,2013-12-12,08 20 25 30 32 33,1,8,20,25,30,32,33,404451866,162543128,148,25,2:4,5:1,1:1:4,奇,小,2013
2013147,2013-12-15,02 15 16 17 19 30,8,2,15,16,17,19,30,400947352,117026496,99,28,3:3,3:3,1:4:1,偶,小,2013
2013148,2013-12-17,06 11 12 14 17 22,1,6,11,12,14,17,22,354333120,154199665,82,16,2:4,2:4,2:4:0,奇,小,2013
2013149,2013-12-19,09 18 25 26 30 32,11,9,18,25,26,30,32,369490424,155929878,140,23,2:4,5:1,1:1:4,奇,大,2013
2013150,2013-12-22,01 15 16 25 26 29,10,1,15,16,25,26,29,409001896,188178865,112,28,4:2,3:3,1:2:3,偶,大,2013
2013151,2013-12-24,03 09 10 19 28 33,9,3,9,10,19,28,33,376460226,30000000,102,30,4:2,3:3,3:1:2,奇,大,2013
2013152,2013-12-26,04 06 14 16 18 29,5,4,6,14,16,18,29,353968798,30000000,87,25,1:5,2:4,2:3:1,奇,小,2013
2013153,2013-12-29,08 11 13 18 28 33,10,8,11,13,18,28,33,394373774,76364070,111,25,3:3,3:3,2:2:2,偶,大,2013
2013154,2013-12-31,07 11 14 19 24 29,5,7,11,14,19,24,29,382836786,69636912,104,22,4:2,3:3,2:2:2,奇,小,2013
2014001,2014-01-02,03 09 15 20 27 29,1,3,9,15,20,27,29,371341368,136130274,103,26,5:1,3:3,2:2:2,奇,小,2014
2014002,2014-01-05,04 21 23 31 32 33,4,4,21,23,31,32,33,408021124,157176954,144,29,4:2,5:1,1:1:4,偶,小,2014
2014003,2014-01-07,06 10 11 28 30 33,12,6,10,11,28,30,33,363993362,169237320,118,27,2:4,3:3,3:0:3,偶,大,2014
2014004,2014-01-09,01 04 19 22 24 25,15,1,4,19,22,24,25,373155800,201488460,95,24,3:3,4:2,2:2:2,奇,大,2014
2014005,2014-01-12,15 18 23 27 32 33,4,15,18,23,27,32,33,414088906,237244320,148,18,4:2,5:1,0:2:4,偶,小,2014
2014006,2014-01-14,03 04 07 17 21 27,14,3,4,7,17,21,27,369941458,30000000,79,24,5:1,3:3,3:2:1,偶,大,2014
2014007,2014-01-16,08 10 12 14 18 28,14,8,10,12,14,18,28,346606050,58697890,90,20,0:6,2:4,2:3:1,偶,大,2014
2014008,2014-01-19,05 14 16 21 29 30,12,5,14,16,21,29,30,392135484,99040432,115,25,3:3,3:3,1:3:2,偶,大,2014
2014009,2014-01-21,08 09 19 20 25 32,16,8,9,19,20,25,32,348408848,127264176,113,24,3:3,4:2,2:2:2,偶,大,2014
2014010,2014-01-23,05 07 08 20 31 33,11,5,7,8,20,31,33,359922428,168977284,104,28,4:2,3:3,3:1:2,奇,大,2014
2014011,2014-01-26,09 10 13 14 21 32,2,9,10,13,14,21,32,400827700,185230836,99,23,3:3,2:4,2:3:1,偶,小,2014
2014012,2014-01-28,01 08 11 19 21 24,8,1,8,11,19,21,24,364615256,193817286,84,23,4:2,3:3,3:2:1,偶,小,2014
2014013,2014-02-09,05 09 13 15 17 21,13,5,9,13,15,17,21,447850102,174532572,80,16,6:0,2:4,2:4:0,奇,大,2014
2014014,2014-02-11,04 09 19 22 25 29,15,4,9,19,22,25,29,340281006,174399960,108,25,4:2,4:2,2:2:2,奇,大,2014
2014015,2014-02-13,02 11 19 30 32 33,9,2,11,19,30,32,33,345827928,153702230,127,31,3:3,4:2,2:1:3,奇,大,2014
2014016,2014-02-16,02 03 07 13 21 24,8,2,3,7,13,21,24,394728698,189407019,70,22,4:2,2:4,3:2:1,偶,小,2014
2014017,2014-02-18,04 06 07 14 25 26,10,4,6,7,14,25,26,354286552,89220000,82,22,2:4,2:4,3:1:2,偶,大,2014
2014018,2014-02-20,13 17 18 21 30 33,15,13,17,18,21,30,33,366787508,152153450,132,20,4:2,5:1,0:4:2,奇,大,2014
2014019,2014-02-23,02 10 15 19 20 21,7,2,10,15,19,20,21,409381396,149062025,87,19,3:3,3:3,2:4:0,奇,小,2014
2014020,2014-02-25,09 14 17 23 24 25,15,9,14,17,23,24,25,369800298,195215928,112,16,4:2,4:2,1:2:3,奇,大,2014
2014021,2014-02-27,08 10 15 17 22 29,12,8,10,15,17,22,29,376012996,190297125,101,21,3:3,3:3,2:3:1,偶,大,2014
2014022,2014-03-02,04 06 07 10 21 26,16,4,6,7,10,21,26,422477050,208621864,74,22,2:4,2:4,4:1:1,偶,大,2014
2014023,2014-03-04,07 09 13 17 21 22,10,7,9,13,17,21,22,379325720,192597457,89,15,5:1,3:3,2:4:0,偶,大,2014
2014024,2014-03-06,08 10 16 20 23 30,9,8,10,16,20,23,30,380942014,102252288,107,22,1:5,3:3,2:2:2,奇,大,2014
2014025,2014-03-09,01 05 10 14 16 30,16,1,5,10,14,16,30,420328670,176129274,76,29,2:4,1:5,3:2:1,偶,大,2014
2014026,2014-03-11,01 02 05 06 11 23,14,1,2,5,6,11,23,376888174,234682846,48,22,4:2,1:5,5:0:1,偶,大,2014
2014027,2014-03-13,08 10 14 16 30 31,1,8,10,14,16,30,31,384105632,301167546,109,23,1:5,2:4,2:2:2,奇,小,2014
2014028,2014-03-16,06 16 21 27 30 32,5,6,16,21,27,30,32,435709368,309604392,132,26,2:4,4:2,1:2:3,奇,小,2014
2014029,2014-03-18,02 07 14 16 21 29,14,2,7,14,16,21,29,396072528,335945528,89,27,3:3,2:4,2:3:1,偶,大,2014
2014030,2014-03-20,12 18 19 23 24 30,10,12,18,19,23,24,30,396594924,343001056,126,18,2:4,5:1,0:3:3,偶,大,2014
2014031,2014-03-23,04 10 16 17 21 27,14,4,10,16,17,21,27,443595958,331429504,95,23,3:3,3:3,2:3:1,偶,大,2014
2014032,2014-03-25,01 02 14 22 29 33,7,1,2,14,22,29,33,397424848,363106803,101,32,3:3,3:3,2:2:2,奇,小,2014
2014033,2014-03-27,05 13 23 28 32 33,12,5,13,23,28,32,33,403193612,319148956,134,28,4:2,4:2,1:1:4,偶,大,2014
2014034,2014-03-30,01 03 04 08 25 31,6,1,3,4,8,25,31,432189956,242743280,72,30,4:2,2:4,4:0:2,偶,小,2014
2014035,2014-04-01,07 08 09 17 32 33,6,7,8,9,17,32,33,385901784,239056900,106,26,4:2,3:3,3:1:2,偶,小,2014
2014036,2014-04-03,01 07 08 09 11 22,3,1,7,8,9,11,22,378585748,115259940,58,21,4:2,1:5,5:1:0,奇,小,2014
2014037,2014-04-06,06 13 14 24 25 30,7,6,13,14,24,25,30,385617546,64542096,112,24,2:4,3:3,1:2:3,奇,小,2014
2014038,2014-04-08,04 07 22 23 24 33,16,4,7,22,23,24,33,356364376,95544036,113,29,3:3,4:2,2:1:3,偶,大,2014
2014039,2014-04-10,03 11 15 19 20 31,7,3,11,15,19,20,31,363687932,140977080,99,28,5:1,3:3,2:3:1,奇,小,2014
2014040,2014-04-13,03 04 06 11 12 15,8,3,4,6,11,12,15,406009192,129726387,51,12,3:3,0:6,4:2:0,偶,小,2014
2014041,2014-04-15,07 11 16 18 21 22,2,7,11,16,18,21,22,365242842,180069774,95,15,3:3,3:3,2:4:0,偶,小,2014
2014042,2014-04-17,12 15 20 25 28 33,14,12,15,20,25,28,33,373018334,267308119,133,21,3:3,4:2,0:3:3,偶,大,2014
2014043,2014-04-20,02 05 09 14 24 33,9,2,5,9,14,24,33,415843112,210637936,87,31,3:3,2:4,3:1:2,奇,大,2014
2014044,2014-04-22,04 09 21 27 28 33,12,4,9,21,27,28,33,373074342,234600372,122,29,4:2,4:2,2:1:3,偶,大,2014
2014045,2014-04-24,02 04 09 11 19 22,15,2,4,9,11,19,22,375431708,173383408,67,20,3:3,2:4,4:2:0,奇,大,2014
2014046,2014-04-27,02 10 11 17 18 22,10,2,10,11,17,18,22,407325576,151808850,80,20,2:4,3:3,3:3:0,偶,大,2014
2014047,2014-04-29,08 10 11 12 19 29,15,8,10,11,12,19,29,367083108,175063188,89,21,3:3,2:4,3:2:1,奇,大,2014
2014048,2014-05-01,06 09 16 17 24 25,16,6,9,16,17,24,25,328158768,167548980,97,19,3:3,3:3,2:2:2,偶,大,2014
2014049,2014-05-04,06 07 16 17 23 32,6,6,7,16,17,23,32,395100460,138239115,101,26,3:3,3:3,2:2:2,偶,小,2014
2014050,2014-05-06,03 17 23 25 26 32,13,3,17,23,25,26,32,356974970,153092388,126,29,4:2,5:1,1:1:4,奇,大,2014
2014051,2014-05-08,10 16 19 21 23 24,13,10,16,19,21,23,24,355097144,172124407,113,14,3:3,4:2,1:3:2,奇,大,2014
2014052,2014-05-11,09 13 15 28 30 33,8,9,13,15,28,30,33,388520458,130683658,128,24,4:2,3:3,1:2:3,偶,小,2014
2014053,2014-05-13,14 17 19 22 26 31,2,14,17,19,22,26,31,357050160,192683993,129,17,3:3,5:1,0:4:2,偶,小,2014
2014054,2014-05-15,01 04 05 11 29 30,14,1,4,5,11,29,30,362404232,163007572,80,29,4:2,2:4,4:0:2,偶,大,2014
2014055,2014-05-18,02 09 14 19 21 30,4,2,9,14,19,21,30,399255230,166904832,95,28,3:3,3:3,2:3:1,偶,小,2014
2014056,2014-05-20,01 11 18 20 28 29,1,1,11,18,20,28,29,355820816,189835134,107,28,3:3,4:2,2:2:2,奇,小,2014
2014057,2014-05-22,02 04 12 18 23 31,8,2,4,12,18,23,31,357051002,211270800,90,29,2:4,3:3,2:2:2,偶,小,2014
2014058,2014-05-25,02 03 12 13 14 25,11,2,3,12,13,14,25,395239936,35549494,69,23,3:3,1:5,2:3:1,奇,大,2014
2014059,2014-05-27,05 08 12 13 23 25,13,5,8,12,13,23,25,332914310,33384288,86,20,4:2,2:4,2:2:2,奇,大,2014
2014060,2014-05-29,03 05 14 18 25 33,6,3,5,14,18,25,33,332537430,77191491,98,30,4:2,3:3,2:2:2,偶,小,2014
2014061,2014-06-01,02 14 17 27 28 31,8,2,14,17,27,28,31,348086982,63402256,119,29,3:3,4:2,1:2:3,偶,小,2014
2014062,2014-06-03,06 09 15 24 25 26,9,6,9,15,24,25,26,324555900,30000000,105,20,3:3,3:3,2:1:3,奇,大,2014
2014063,2014-06-05,03 08 17 21 22 31,16,3,8,17,21,22,31,318559312,55534992,102,28,4:2,4:2,2:3:1,偶,大,2014
2014064,2014-06-08,02 09 15 16 29 32,14,2,9,15,16,29,32,362553032,51701734,103,30,3:3,2:4,2:2:2,偶,大,2014
2014065,2014-06-10,03 04 05 08 10 22,6,3,4,5,8,10,22,331291864,50353786,52,19,2:4,1:5,5:1:0,偶,小,2014
2014066,2014-06-12,02 05 15 17 18 21,16,2,5,15,17,18,21,326106482,117743004,78,19,4:2,3:3,2:4:0,偶,大,2014
2014067,2014-06-15,01 06 07 17 18 23,6,1,6,7,17,18,23,369752334,91365232,72,22,4:2,3:3,3:2:1,偶,小,2014
2014068,2014-06-17,04 12 13 22 27 29,16,4,12,13,22,27,29,333498724,162571614,107,25,3:3,3:3,1:3:2,偶,大,2014
2014069,2014-06-19,05 12 17 19 25 30,11,5,12,17,19,25,30,344427596,144097840,108,25,4:2,4:2,1:3:2,奇,大,2014
2014070,2014-06-22,01 07 09 19 28 29,7,1,7,9,19,28,29,381932126,46472150,93,28,5:1,3:3,3:1:2,奇,小,2014
2014071,2014-06-24,02 04 12 17 22 25,14,2,4,12,17,22,25,332837230,30000000,82,23,2:4,3:3,2:3:1,偶,大,2014
2014072,2014-06-26,01 03 07 13 19 32,16,1,3,7,13,19,32,324184472,92535036,75,31,5:1,2:4,3:2:1,偶,大,2014
2014073,2014-06-29,01 12 16 20 30 33,2,1,12,16,20,30,33,368813894,158150815,112,32,2:4,3:3,1:3:2,偶,小,2014
2014074,2014-07-01,01 03 06 13 30 31,12,1,3,6,13,30,31,333005878,211476892,84,30,4:2,2:4,3:1:2,偶,大,2014
2014075,2014-07-03,03 09 11 22 27 29,6,3,9,11,22,27,29,341705034,133787352,101,26,5:1,3:3,3:1:2,偶,小,2014
2014076,2014-07-06,06 10 12 17 18 33,11,6,10,12,17,18,33,375634222,177753477,96,27,2:4,3:3,2:3:1,奇,大,2014
2014077,2014-07-08,08 09 12 15 19 22,10,8,9,12,15,19,22,335080206,174008032,85,14,3:3,2:4,2:4:0,偶,大,2014
2014078,2014-07-10,02 03 05 06 09 17,7,2,3,5,6,9,17,340877252,169313373,42,15,4:2,1:5,5:1:0,奇,小,2014
2014079,2014-07-13,02 07 16 22 27 28,2,2,7,16,22,27,28,371546996,198155300,102,26,2:4,3:3,2:2:2,偶,小,2014
2014080,2014-07-15,05 14 16 17 25 30,7,5,14,16,17,25,30,339602048,251469908,107,25,3:3,3:3,1:3:2,奇,小,2014
2014081,2014-07-17,08 14 22 24 27 29,10,8,14,22,24,27,29,345588442,275196240,124,21,2:4,4:2,1:2:3,偶,大,2014
2014082,2014-07-20,02 04 20 25 26 29,11,2,4,20,25,26,29,376072870,297439788,106,27,2:4,4:2,2:1:3,奇,大,2014
2014083,2014-07-22,05 06 19 21 23 33,12,5,6,19,21,23,33,342671260,316186254,107,28,5:1,4:2,2:2:2,偶,大,2014
2014084,2014-07-24,01 06 09 10 13 25,8,1,6,9,10,13,25,348439746,324879900,64,24,4:2,1:5,4:1:1,偶,小,2014
2014085,2014-07-27,01 02 11 19 23 29,8,1,2,11,19,23,29,383964576,300168090,85,28,5:1,3:3,3:1:2,偶,小,2014
2014086,2014-07-29,02 04 10 12 14 30,8,2,4,10,12,14,30,342885520,321991524,72,28,0:6,1:5,3:2:1,偶,小,2014
2014087,2014-07-31,06 18 22 23 32 33,6,6,18,22,23,32,33,346294212,341554266,134,27,2:4,5:1,1:2:3,偶,小,2014
2014088,2014-08-03,03 06 11 14 16 29,15,3,6,11,14,16,29,378895304,380020836,79,26,3:3,1:5,3:2:1,奇,大,2014
2014089,2014-08-05,04 06 14 17 27 30,9,4,6,14,17,27,30,349996988,327508140,98,26,2:4,3:3,2:2:2,奇,大,2014
2014090,2014-08-07,05 09 11 19 24 32,13,5,9,11,19,24,32,361007810,285022119,100,27,4:2,3:3,3:1:2,奇,大,2014
2014091,2014-08-10,01 05 12 19 27 29,14,1,5,12,19,27,29,395683536,312855494,93,28,5:1,3:3,2:2:2,偶,大,2014
2014092,2014-08-12,03 13 18 19 22 26,7,3,13,18,19,22,26,355694942,308790808,101,23,3:3,4:2,1:4:1,奇,小,2014
2014093,2014-08-14,02 08 09 10 20 29,5,2,8,9,10,20,29,361310882,207035236,78,27,2:4,2:4,4:1:1,奇,小,2014
2014094,2014-08-17,01 10 18 20 23 29,1,1,10,18,20,23,29,394513356,273173708,101,28,3:3,4:2,2:2:2,奇,小,2014
2014095,2014-08-19,05 06 08 14 22 31,8,5,6,8,14,22,31,348187212,279324805,86,26,2:4,2:4,3:2:1,偶,小,2014
2014096,2014-08-21,12 14 17 19 22 24,8,12,14,17,19,22,24,357432576,312395240,108,12,2:4,4:2,0:5:1,偶,小,2014
2014097,2014-08-24,07 13 24 25 27 32,15,7,13,24,25,27,32,390727104,369675882,128,25,4:2,4:2,1:1:4,奇,大,2014
2014098,2014-08-26,02 13 17 20 29 31,7,2,13,17,20,29,31,353151800,392834215,112,29,4:2,4:2,1:3:2,奇,小,2014
2014099,2014-08-28,01 05 10 11 13 32,14,1,5,10,11,13,32,358086522,432609020,72,31,4:2,1:5,4:1:1,偶,大,2014
2014100,2014-08-31,01 06 09 10 14 16,11,1,6,9,10,14,16,401949134,472918194,56,15,2:4,0:6,4:2:0,奇,大,2014
2014101,2014-09-02,16 18 20 23 24 32,7,16,18,20,23,24,32,359712392,529892270,133,16,1:5,5:1,0:3:3,奇,小,2014
2014102,2014-09-04,14 16 21 24 28 31,13,14,16,21,24,28,31,368749750,582985842,134,17,2:4,4:2,0:3:3,奇,大,2014
2014103,2014-09-07,03 08 09 10 18 33,4,3,8,9,10,18,33,396768732,589633520,81,30,3:3,2:4,4:1:1,偶,小,2014
2014104,2014-09-09,02 06 12 19 27 28,13,2,6,12,19,27,28,358170510,624461375,94,26,2:4,3:3,2:2:2,奇,大,2014
2014105,2014-09-11,14 16 17 19 27 32,4,14,16,17,19,27,32,379715550,662968446,125,18,3:3,4:2,0:4:2,偶,小,2014
2014106,2014-09-14,09 14 17 18 21 25,15,9,14,17,18,21,25,422052940,718893160,104,16,4:2,4:2,1:4:1,奇,大,2014
2014107,2014-09-16,11 14 17 22 25 27,16,11,14,17,22,25,27,387176276,752252140,116,16,4:2,4:2,1:3:2,偶,大,2014
2014108,2014-09-18,03 08 09 20 23 28,2,3,8,9,20,23,28,393047674,735850612,91,25,3:3,3:3,3:1:2,偶,小,2014
2014109,2014-09-21,02 05 11 15 19 28,2,2,5,11,15,19,28,437600916,732608704,80,26,4:2,2:4,3:2:1,偶,小,2014
2014110,2014-09-23,01 08 11 13 19 30,6,1,8,11,13,19,30,384948858,759917456,82,29,4:2,2:4,3:2:1,偶,小,2014
2014111,2014-09-25,02 08 17 20 22 28,2,2,8,17,20,22,28,391471380,809720000,97,26,1:5,4:2,2:3:1,偶,小,2014
2014112,2014-09-28,01 15 16 21 24 30,3,1,15,16,21,24,30,438774340,754185552,107,29,3:3,3:3,1:3:2,奇,小,2014
2014113,2014-09-30,12 14 28 31 32 33,7,12,14,28,31,32,33,376332046,794394502,150,21,2:4,4:2,0:2:4,奇,小,2014
2014114,2014-10-02,02 07 23 30 32 33,10,2,7,23,30,32,33,336622164,803604936,127,31,3:3,4:2,2:0:4,偶,大,2014
2014115,2014-10-05,01 09 10 11 13 32,3,1,9,10,11,13,32,393986920,329463486,76,31,4:2,1:5,4:1:1,奇,小,2014
2014116,2014-10-07,09 10 14 15 19 29,16,9,10,14,15,19,29,355472106,349707904,96,20,4:2,2:4,2:3:1,偶,大,2014
2014117,2014-10-09,05 10 17 25 28 29,4,5,10,17,25,28,29,376251864,364535919,114,24,4:2,4:2,2:1:3,偶,小,2014
2014118,2014-10-12,05 07 15 18 26 30,3,5,7,15,18,26,30,412610364,348405240,101,25,3:3,3:3,2:2:2,奇,小,2014
2014119,2014-10-14,06 13 17 20 26 29,9,6,13,17,20,26,29,374297910,293508896,111,23,3:3,4:2,1:3:2,奇,大,2014
2014120,2014-10-16,01 07 12 16 23 28,4,1,7,12,16,23,28,380941988,236996485,87,27,3:3,2:4,2:2:2,偶,小,2014
2014121,2014-10-19,01 02 13 22 28 30,9,1,2,13,22,28,30,414246034,216715500,96,29,2:4,3:3,2:2:2,奇,大,2014
2014122,2014-10-21,06 09 11 16 20 29,11,6,9,11,16,20,29,372450634,178571232,91,23,3:3,2:4,3:2:1,奇,大,2014
2014123,2014-10-23,01 06 11 17 28 33,5,1,6,11,17,28,33,374248054,66611994,96,32,4:2,3:3,3:1:2,奇,小,2014
2014124,2014-10-26,02 17 20 24 31 33,4,2,17,20,24,31,33,414603564,149338971,127,31,3:3,5:1,1:2:3,偶,小,2014
2014125,2014-10-28,10 11 15 26 31 32,6,10,11,15,26,31,32,369171242,177881270,125,22,3:3,3:3,2:1:3,偶,小,2014
2014126,2014-10-30,06 11 16 17 22 27,1,6,11,16,17,22,27,374635140,92547000,99,21,3:3,3:3,2:3:1,奇,小,2014
2014127,2014-11-02,02 10 12 21 23 27,12,2,10,12,21,23,27,405427926,71262030,95,25,3:3,3:3,2:2:2,偶,大,2014
2014128,2014-11-04,05 07 08 17 18 24,14,5,7,8,17,18,24,358520804,87337680,79,19,3:3,3:3,3:2:1,偶,大,2014
2014129,2014-11-06,05 08 09 20 28 32,2,5,8,9,20,28,32,359082268,127351182,102,27,2:4,3:3,3:1:2,偶,小,2014
2014130,2014-11-09,01 02 10 24 30 33,10,1,2,10,24,30,33,402591108,176970840,100,32,2:4,3:3,3:0:3,偶,大,2014
2014131,2014-11-11,05 17 21 22 28 32,14,5,17,21,22,28,32,396591384,211523816,125,27,3:3,5:1,1:3:2,偶,大,2014
2014132,2014-11-13,05 06 14 15 18 33,8,5,6,14,15,18,33,372487192,215841500,91,28,3:3,2:4,2:3:1,偶,小,2014
2014133,2014-11-16,13 14 16 23 30 31,13,13,14,16,23,30,31,417287906,245415332,127,18,3:3,3:3,0:3:3,奇,大,2014
2014134,2014-11-18,05 16 22 23 26 28,2,5,16,22,23,26,28,374813426,279769385,120,23,2:4,4:2,1:2:3,偶,小,2014
2014135,2014-11-20,02 04 11 13 25 33,1,2,4,11,13,25,33,380304722,332494676,88,31,4:2,2:4,3:1:2,奇,小,2014
2014136,2014-11-23,03 16 19 27 31 32,10,3,16,19,27,31,32,419949224,405577188,128,29,4:2,4:2,1:2:3,偶,大,2014
2014137,2014-11-25,03 06 09 11 25 29,9,3,6,9,11,25,29,377779080,296658774,83,26,5:1,2:4,4:0:2,奇,大,2014
2014138,2014-11-27,04 06 13 29 31 33,13,4,6,13,29,31,33,379450576,333290635,116,29,4:2,3:3,2:1:3,奇,大,2014
2014139,2014-11-30,01 14 15 20 25 29,11,1,14,15,20,25,29,416872552,340012160,104,28,4:2,3:3,1:3:2,奇,大,2014
2014140,2014-12-02,06 10 11 14 17 33,6,6,10,11,14,17,33,369928040,355086600,91,27,3:3,2:4,3:2:1,偶,小,2014
2014141,2014-12-04,08 09 11 16 21 24,10,8,9,11,16,21,24,374573402,298381028,89,16,3:3,2:4,3:2:1,偶,大,2014
2014142,2014-12-07,06 21 22 23 25 28,13,6,21,22,23,25,28,419262206,343788680,125,22,3:3,5:1,1:2:3,奇,大,2014
2014143,2014-12-09,03 12 18 20 25 26,16,3,12,18,20,25,26,375707362,323244502,104,23,2:4,4:2,1:3:2,偶,大,2014
2014144,2014-12-11,03 05 06 09 10 27,14,3,5,6,9,10,27,379438954,350262546,60,24,4:2,1:5,5:0:1,偶,大,2014
2014145,2014-12-14,10 12 13 23 26 29,11,10,12,13,23,26,29,428104998,359386704,113,19,3:3,3:3,1:2:3,奇,大,2014
2014146,2014-12-16,01 06 13 20 29 32,1,1,6,13,20,29,32,383982986,428190888,101,31,3:3,3:3,2:2:2,奇,小,2014
2014147,2014-12-18,06 07 22 26 31 32,10,6,7,22,26,31,32,385071740,460352344,124,26,2:4,4:2,2:1:3,偶,大,2014
2014148,2014-12-21,01 02 05 12 15 16,13,1,2,5,12,15,16,425097618,479691558,51,15,3:3,0:6,3:3:0,奇,大,2014
2014149,2014-12-23,07 09 10 15 19 33,1,7,9,10,15,19,33,386664128,562421886,93,26,5:1,2:4,3:2:1,奇,小,2014
2014150,2014-12-25,03 08 14 22 24 32,9,3,8,14,22,24,32,393965122,557171217,103,29,1:5,3:3,2:2:2,奇,大,2014
2014151,2014-12-28,04 05 08 11 21 27,8,4,5,8,11,21,27,436728282,521118039,76,23,4:2,2:4,4:1:1,偶,小,2014
2014152,2014-12-30,08 13 15 20 21 25,12,8,13,15,20,21,25,403970126,504014400,102,17,4:2,3:3,1:4:1,偶,大,2014
2015001,2015-01-01,01 07 09 16 20 23,6,1,7,9,16,20,23,389811558,512536696,76,22,4:2,2:4,3:2:1,偶,小,2015
2015002,2015-01-04,07 15 16 25 28 32,5,7,15,16,25,28,32,445131362,504837957,123,25,3:3,3:3,1:2:3,奇,小,2015
2015003,2015-01-06,10 15 20 23 24 31,15,10,15,20,23,24,31,389418150,529251380,123,21,3:3,4:2,1:2:3,奇,大,2015
2015004,2015-01-08,02 14 15 16 23 24,10,2,14,15,16,23,24,391871604,551117080,94,22,2:4,2:4,1:3:2,偶,大,2015
2015005,2015-01-11,07 10 16 17 18 32,15,7,10,16,17,18,32,434233966,589772988,100,25,2:4,3:3,2:3:1,奇,大,2015
2015006,2015-01-13,01 10 11 29 31 33,13,1,10,11,29,31,33,381704996,613260305,115,32,5:1,3:3,3:0:3,奇,大,2015
2015007,2015-01-15,01 07 09 17 20 33,8,1,7,9,17,20,33,396557494,615032608,87,32,5:1,3:3,3:2:1,偶,小,2015
2015008,2015-01-18,04 07 10 16 20 22,3,4,7,10,16,20,22,441162104,641915910,79,18,1:5,2:4,3:3:0,奇,小,2015
2015009,2015-01-20,04 07 14 17 21 25,14,4,7,14,17,21,25,406130598,642387330,88,21,4:2,3:3,2:3:1,偶,大,2015
2015010,2015-01-22,01 02 03 08 21 31,9,1,2,3,8,21,31,408876968,650777351,66,30,4:2,2:4,4:1:1,奇,大,2015
2015011,2015-01-25,04 14 15 17 18 20,15,4,14,15,17,18,20,448888738,710557160,88,16,2:4,3:3,1:5:0,奇,大,2015
2015012,2015-01-27,03 05 22 23 29 31,6,3,5,22,23,29,31,370574586,649012056,113,28,5:1,4:2,2:1:3,偶,小,2015
2015013,2015-01-29,08 09 24 25 26 29,1,8,9,24,25,26,29,371312910,649780284,121,21,3:3,4:2,2:0:4,奇,小,2015
2015014,2015-02-01,02 12 16 19 27 30,11,2,12,16,19,27,30,413004748,305609400,106,28,2:4,3:3,1:3:2,奇,大,2015
2015015,2015-02-03,01 07 20 24 25 33,4,1,7,20,24,25,33,369504840,325790184,110,32,4:2,4:2,2:1:3,偶,小,2015
2015016,2015-02-05,02 06 10 15 17 31,13,2,6,10,15,17,31,370190678,326819010,81,29,3:3,2:4,3:2:1,奇,大,2015
2015017,2015-02-08,13 18 20 25 27 33,12,13,18,20,25,27,33,405548808,357142667,136,20,4:2,5:1,0:3:3,偶,大,2015
2015018,2015-02-10,06 09 12 14 28 29,9,6,9,12,14,28,29,356589678,343063140,98,23,2:4,2:4,2:2:2,奇,大,2015
2015019,2015-02-12,02 06 11 19 25 26,4,2,6,11,19,25,26,363865754,337065060,89,24,3:3,3:3,3:1:2,偶,小,2015
2015020,2015-02-15,01 04 07 19 22 23,4,1,4,7,19,22,23,404738304,359013634,76,22,4:2,3:3,3:2:1,偶,小,2015
2015021,2015-02-17,14 15 16 17 27 28,8,14,15,16,17,27,28,369500210,311412624,117,14,3:3,3:3,0:4:2,偶,小,2015
2015022,2015-02-26,04 07 10 16 23 25,10,4,7,10,16,23,25,428626486,333076429,85,21,3:3,2:4,3:1:2,偶,大,2015
2015023,2015-03-01,08 09 10 13 29 30,1,8,9,10,13,29,30,371421794,344102175,99,22,3:3,2:4,3:1:2,奇,小,2015
2015024,2015-03-03,09 11 16 18 23 24,10,9,11,16,18,23,24,297320432,361697874,101,15,3:3,3:3,2:2:2,偶,大,2015
2015025,2015-03-05,10 11 12 15 27 32,14,10,11,12,15,27,32,301966294,428205689,107,22,3:3,2:4,2:2:2,偶,大,2015
2015026,2015-03-08,02 13 17 21 22 33,13,2,13,17,21,22,33,346132854,399549056,108,31,4:2,4:2,1:4:1,奇,大,2015
2015027,2015-03-10,05 07 09 16 26 29,7,5,7,9,16,26,29,313056664,269549046,92,24,4:2,2:4,3:1:2,奇,小,2015
2015028,2015-03-12,04 07 10 26 27 28,14,4,7,10,26,27,28,318360502,282421976,102,24,2:4,3:3,3:0:3,偶,大,2015
2015029,2015-03-15,07 14 15 19 21 28,7,7,14,15,19,21,28,350574266,290603075,104,21,4:2,3:3,1:4:1,奇,小,2015
2015030,2015-03-17,08 11 14 15 16 26,7,8,11,14,15,16,26,313853770,308254584,90,18,2:4,1:5,2:3:1,奇,小,2015
2015031,2015-03-19,01 05 07 22 26 32,11,1,5,7,22,26,32,322648288,301014330,93,31,3:3,3:3,3:1:2,奇,大,2015
2015032,2015-03-22,11 14 16 18 29 32,16,11,14,16,18,29,32,356881788,322806048,120,21,2:4,3:3,1:3:2,偶,大,2015
2015033,2015-03-24,03 06 21 29 31 32,5,3,6,21,29,31,32,316147976,350190906,122,29,4:2,4:2,2:1:3,奇,小,2015
2015034,2015-03-26,12 13 17 18 20 27,13,12,13,17,18,20,27,319035578,372366860,107,15,3:3,4:2,0:5:1,奇,大,2015
2015035,2015-03-29,01 08 09 22 24 33,3,1,8,9,22,24,33,354232116,356011799,97,32,3:3,3:3,3:1:2,奇,小,2015
2015036,2015-03-31,04 06 16 17 26 33,3,4,6,16,17,26,33,314978372,385090460,102,29,2:4,3:3,2:2:2,奇,小,2015
2015037,2015-04-02,05 07 12 18 28 31,3,5,7,12,18,28,31,311121894,456745930,101,26,3:3,3:3,2:2:2,奇,小,2015
2015038,2015-04-05,05 06 11 12 14 33,14,5,6,11,12,14,33,330881502,521569463,81,28,3:3,1:5,3:2:1,偶,大,2015
2015039,2015-04-07,01 13 15 26 29 30,12,1,13,15,26,29,30,304495842,527688511,114,29,4:2,3:3,1:2:3,偶,大,2015
2015040,2015-04-09,13 16 18 27 30 32,16,13,16,18,27,30,32,320385120,560707072,136,19,2:4,4:2,0:3:3,偶,大,2015
2015041,2015-04-12,04 09 11 17 21 25,6,4,9,11,17,21,25,355451862,505889468,87,21,5:1,3:3,3:2:1,偶,小,2015
2015042,2015-04-14,09 10 19 21 23 32,8,9,10,19,21,23,32,328582874,445522068,114,23,4:2,4:2,2:2:2,偶,小,2015
2015043,2015-04-16,11 12 15 24 26 27,15,11,12,15,24,26,27,333265010,437343962,115,16,3:3,3:3,1:2:3,奇,大,2015
2015044,2015-04-19,02 03 04 13 14 16,2,2,3,4,13,14,16,361973072,236303584,52,14,2:4,0:6,3:3:0,偶,小,2015
2015045,2015-04-21,01 05 13 22 30 31,7,1,5,13,22,30,31,317791860,244649655,102,30,4:2,3:3,2:2:2,奇,小,2015
2015046,2015-04-23,05 07 10 14 23 31,1,5,7,10,14,23,31,324849386,300076800,90,26,4:2,2:4,3:1:2,奇,小,2015
2015047,2015-04-26,02 03 20 24 26 27,9,2,3,20,24,26,27,353219880,259871028,102,25,2:4,4:2,2:1:3,奇,大,2015
2015048,2015-04-28,13 16 17 22 25 27,10,13,16,17,22,25,27,314318648,222018030,120,14,4:2,4:2,0:4:2,偶,大,2015
2015049,2015-04-30,07 12 14 17 20 23,5,7,12,14,17,20,23,304091626,213425469,93,16,3:3,3:3,1:4:1,奇,小,2015
2015050,2015-05-03,03 09 12 16 17 31,4,3,9,12,16,17,31,330490908,231625820,88,28,4:2,2:4,2:3:1,偶,小,2015
2015051,2015-05-05,04 10 24 26 28 32,9,4,10,24,26,28,32,311895918,252880206,124,28,0:6,4:2,2:0:4,奇,大,2015
2015052,2015-05-07,02 04 11 16 25 26,12,2,4,11,16,25,26,312855530,203256114,84,24,2:4,2:4,3:1:2,偶,大,2015
2015053,2015-05-10,03 07 17 22 32 33,10,3,7,17,22,32,33,337772948,209305224,114,30,4:2,4:2,2:2:2,偶,大,2015
2015054,2015-05-12,01 02 07 10 22 26,7,1,2,7,10,22,26,305342532,196780010,68,25,2:4,2:4,4:1:1,奇,小,2015
2015055,2015-05-14,01 10 15 18 19 28,2,1,10,15,18,19,28,308523870,208855998,91,27,3:3,3:3,2:3:1,偶,小,2015
2015056,2015-05-17,01 07 08 16 18 20,14,1,7,8,16,18,20,333455694,224467579,70,19,2:4,2:4,3:3:0,偶,大,2015
2015057,2015-05-19,09 20 24 25 26 32,4,9,20,24,25,26,32,298048220,254227996,136,23,2:4,5:1,1:1:4,偶,小,2015
2015058,2015-05-21,02 09 10 18 19 20,15,2,9,10,18,19,20,302422308,255306348,78,18,2:4,3:3,3:3:0,奇,大,2015
2015059,2015-05-24,02 06 09 16 25 32,14,2,6,9,16,25,32,327035284,311068287,90,30,2:4,2:4,3:1:2,偶,大,2015
2015060,2015-05-26,01 03 18 27 31 32,13,1,3,18,27,31,32,294398362,325336905,112,31,4:2,4:2,2:1:3,奇,大,2015
2015061,2015-05-28,06 18 22 26 32 33,4,6,18,22,26,32,33,300873544,366514881,137,27,1:5,5:1,1:2:3,偶,小,2015
2015062,2015-05-31,09 14 15 18 21 26,16,9,14,15,18,21,26,323470788,420456986,103,17,3:3,3:3,1:4:1,偶,大,2015
2015063,2015-06-02,01 07 09 16 22 32,12,1,7,9,16,22,32,291740962,425356078,87,31,3:3,2:4,3:2:1,偶,大,2015
2015064,2015-06-04,11 12 14 17 23 27,1,11,12,14,17,23,27,298850352,437144743,104,16,4:2,3:3,1:3:2,奇,小,2015
2015065,2015-06-07,08 10 14 19 26 29,12,8,10,14,19,26,29,326011866,456496222,106,21,2:4,3:3,2:2:2,偶,大,2015
2015066,2015-06-09,05 08 11 17 24 28,16,5,8,11,17,24,28,295073100,475169355,93,23,3:3,3:3,3:1:2,偶,大,2015
2015067,2015-06-11,02 05 08 24 25 31,14,2,5,8,24,25,31,296388770,460773196,95,29,3:3,3:3,3:0:3,偶,大,2015
2015068,2015-06-14,06 15 18 21 26 27,10,6,15,18,21,26,27,326767662,465249696,113,21,3:3,4:2,1:3:2,偶,大,2015
2015069,2015-06-16,01 13 17 18 23 30,15,1,13,17,18,23,30,292089158,470825144,102,29,4:2,4:2,1:3:2,奇,大,2015
2015070,2015-06-18,01 07 13 19 21 29,15,1,7,13,19,21,29,294607168,497421825,90,28,6:0,3:3,2:3:1,奇,大,2015
2015071,2015-06-21,08 18 20 28 29 31,8,8,18,20,28,29,31,308073950,440046866,134,23,2:4,5:1,1:2:3,偶,小,2015
2015072,2015-06-23,01 03 05 20 21 31,5,1,3,5,20,21,31,293363242,453763345,81,30,5:1,3:3,3:2:1,奇,小,2015
2015073,2015-06-25,01 02 17 22 26 27,4,1,2,17,22,26,27,293054328,471257280,95,26,3:3,4:2,2:2:2,偶,小,2015
2015074,2015-06-28,04 07 21 25 26 29,8,4,7,21,25,26,29,320107256,513223352,112,25,4:2,4:2,2:1:3,偶,小,2015
2015075,2015-06-30,06 11 13 19 21 32,4,6,11,13,19,21,32,292719690,565604258,102,26,4:2,3:3,2:3:1,偶,小,2015
2015076,2015-07-02,01 09 10 19 23 27,9,1,9,10,19,23,27,294088268,493791571,89,26,5:1,3:3,3:1:2,奇,大,2015
2015077,2015-07-05,01 06 08 10 13 27,16,1,6,8,10,13,27,324775100,543815196,65,26,3:3,1:5,4:1:1,偶,大,2015
2015078,2015-07-07,03 07 20 22 26 29,2,3,7,20,22,26,29,291936416,577316625,107,26,3:3,4:2,2:2:2,偶,小,2015
2015079,2015-07-09,09 14 15 20 26 32,11,9,14,15,20,26,32,291775556,496467738,116,23,2:4,3:3,1:3:2,奇,大,2015
2015080,2015-07-12,14 17 25 27 28 30,2,14,17,25,27,28,30,314150596,523386294,141,16,3:3,5:1,0:2:4,偶,小,2015
2015081,2015-07-14,13 20 22 26 28 31,13,13,20,22,26,28,31,278500218,532076736,140,18,2:4,5:1,0:3:3,奇,大,2015
2015082,2015-07-16,02 08 09 14 28 30,7,2,8,9,14,28,30,288017344,523423566,91,28,1:5,2:4,3:1:2,奇,小,2015
2015083,2015-07-19,06 07 16 18 29 32,5,6,7,16,18,29,32,315704384,479827975,108,26,2:4,3:3,2:2:2,奇,小,2015
2015084,2015-07-21,15 18 20 22 28 29,15,15,18,20,22,28,29,281884996,524697570,132,14,2:4,5:1,0:4:2,奇,大,2015
2015085,2015-07-23,02 08 25 27 28 29,5,2,8,25,27,28,29,285325214,562393449,119,27,3:3,4:2,2:0:4,奇,小,2015
2015086,2015-07-26,05 06 08 16 18 22,12,5,6,8,16,18,22,308129834,566691000,75,17,1:5,2:4,3:3:0,偶,大,2015
2015087,2015-07-28,09 15 16 19 20 28,11,9,15,16,19,20,28,280174514,610880852,107,19,3:3,3:3,1:4:1,奇,大,2015
2015088,2015-07-30,02 12 20 24 29 31,9,2,12,20,24,29,31,287667610,582193066,118,29,2:4,4:2,1:2:3,奇,大,2015
2015089,2015-08-02,12 14 19 27 28 29,1,12,14,19,27,28,29,311873350,625139856,129,17,3:3,4:2,0:3:3,奇,小,2015
2015090,2015-08-04,10 12 14 22 25 33,15,10,12,14,22,25,33,282983042,680071900,116,23,2:4,3:3,1:3:2,奇,大,2015
2015091,2015-08-06,05 07 17 19 22 31,11,5,7,17,19,22,31,285818388,705046588,101,26,5:1,4:2,2:3:1,奇,大,2015
2015092,2015-08-09,09 15 19 21 26 27,1,9,15,19,21,26,27,318089362,735532810,117,18,5:1,4:2,1:3:2,奇,小,2015
2015093,2015-08-11,01 03 13 21 25 31,8,1,3,13,21,25,31,292493392,742351320,94,30,6:0,3:3,2:2:2,偶,小,2015
2015094,2015-08-13,01 04 06 13 16 17,10,1,4,6,13,16,17,295713760,746713280,57,16,3:3,1:5,3:3:0,偶,大,2015
2015095,2015-08-16,04 15 21 28 30 31,4,4,15,21,28,30,31,325059832,772938425,129,27,3:3,4:2,1:2:3,偶,小,2015
2015096,2015-08-18,06 16 17 23 24 31,7,6,16,17,23,24,31,294260644,755803560,117,25,3:3,4:2,1:2:3,奇,小,2015
2015097,2015-08-20,09 12 14 20 26 27,4,9,12,14,20,26,27,298570222,741136594,108,18,2:4,3:3,1:3:2,偶,小,2015
2015098,2015-08-23,06 09 13 26 27 33,1,6,9,13,26,27,33,329104206,792540978,114,27,4:2,3:3,2:1:3,奇,小,2015
2015099,2015-08-25,06 07 10 11 14 22,9,6,7,10,11,14,22,297598058,792191150,70,16,2:4,1:5,4:2:0,奇,大,2015
2015100,2015-08-27,02 03 11 17 19 21,8,2,3,11,17,19,21,302573068,821878422,73,19,5:1,3:3,3:3:0,偶,小,2015
2015101,2015-08-30,08 16 22 24 28 29,5,8,16,22,24,28,29,333057658,817471200,127,21,1:5,4:2,1:2:3,奇,小,2015
2015102,2015-09-01,07 09 12 14 21 23,6,7,9,12,14,21,23,300065068,813396960,86,16,4:2,2:4,2:3:1,偶,小,2015
2015103,2015-09-03,06 08 13 26 30 32,14,6,8,13,26,30,32,284270680,837110700,115,26,1:5,3:3,2:1:3,偶,大,2015
2015104,2015-09-06,09 18 21 23 25 26,1,9,18,21,23,25,26,332604432,920084183,122,17,4:2,5:1,1:2:3,奇,小,2015
2015105,2015-09-08,09 10 16 19 20 26,12,9,10,16,19,20,26,304229202,895314612,100,17,2:4,3:3,2:3:1,偶,大,2015
2015106,2015-09-10,01 03 04 23 31 32,13,1,3,4,23,31,32,305793682,910114980,94,31,4:2,3:3,3:0:3,奇,大,2015
2015107,2015-09-13,07 14 16 18 21 25,8,7,14,16,18,21,25,337547646,911942185,101,18,3:3,3:3,1:4:1,偶,小,2015
2015108,2015-09-15,02 12 19 22 24 27,15,2,12,19,22,24,27,309769258,907674399,106,25,2:4,4:2,1:3:2,奇,大,2015
2015109,2015-09-17,01 08 09 16 32 33,13,1,8,9,16,32,33,317531670,929816615,99,32,3:3,2:4,3:1:2,奇,大,2015
2015110,2015-09-20,05 07 16 17 22 23,4,5,7,16,17,22,23,340689020,921225536,90,18,4:2,3:3,2:3:1,偶,小,2015
2015111,2015-09-22,08 14 16 18 20 30,12,8,14,16,18,20,30,307364620,936577124,106,22,0:6,3:3,1:4:1,偶,大,2015
2015112,2015-09-24,01 03 10 19 20 27,11,1,3,10,19,20,27,306859802,952587008,80,26,4:2,3:3,3:2:1,奇,大,2015
2015113,2015-09-27,01 05 07 08 19 27,12,1,5,7,8,19,27,337101348,974660050,67,26,5:1,2:4,4:1:1,偶,大,2015
2015114,2015-09-29,04 07 09 13 21 26,1,4,7,9,13,21,26,297013542,952803917,80,22,4:2,2:4,3:2:1,奇,小,2015
2015115,2015-10-01,01 07 08 14 24 32,3,1,7,8,14,24,32,275624372,911942840,86,31,2:4,2:4,3:1:2,奇,小,2015
2015116,2015-10-04,04 06 15 23 26 28,11,4,6,15,23,26,28,298345670,923015828,102,24,2:4,3:3,2:1:3,奇,大,2015
2015117,2015-10-06,04 11 12 18 26 32,12,4,11,12,18,26,32,276307776,954935922,103,28,1:5,3:3,2:2:2,偶,大,2015
2015118,2015-10-08,01 04 11 21 23 31,12,1,4,11,21,23,31,302094780,950170804,91,30,5:1,3:3,3:1:2,偶,大,2015
2015119,2015-10-11,02 08 10 18 23 31,8,2,8,10,18,23,31,336177996,958500564,92,29,2:4,3:3,3:1:2,偶,小,2015
2015120,2015-10-13,16 21 24 26 27 29,16,16,21,24,26,27,29,306978816,1007024322,143,13,3:3,5:1,0:2:4,偶,大,2015
2015121,2015-10-15,01 03 20 21 28 29,12,1,3,20,21,28,29,311696404,1040297060,102,28,4:2,4:2,2:2:2,偶,大,2015
2015122,2015-10-18,05 07 11 16 22 25,7,5,7,11,16,22,25,340964698,989011240,86,20,4:2,2:4,3:2:1,奇,小,2015
2015123,2015-10-20,05 08 09 12 22 28,7,5,8,9,12,22,28,312976520,992135264,84,23,2:4,2:4,3:2:1,奇,小,2015
2015124,2015-10-22,02 03 05 12 18 27,1,2,3,5,12,18,27,314656346,987064991,67,25,3:3,2:4,3:2:1,奇,小,2015
2015125,2015-10-25,05 13 22 27 30 33,10,5,13,22,27,30,33,342693238,990620057,130,28,4:2,4:2,1:2:3,偶,大,2015
2015126,2015-10-27,10 11 15 20 23 29,12,10,11,15,20,23,29,321292184,978661552,108,19,4:2,3:3,2:2:2,偶,大,2015
2015127,2015-10-29,07 10 19 22 27 33,6,7,10,19,22,27,33,323385694,924043914,118,26,4:2,4:2,2:2:2,偶,小,2015
2015128,2015-11-01,01 03 08 11 22 28,6,1,3,8,11,22,28,353929358,889484982,73,27,3:3,2:4,4:1:1,偶,小,2015
2015129,2015-11-03,05 08 11 16 18 27,4,5,8,11,16,18,27,330274852,934367160,85,22,3:3,2:4,3:2:1,偶,小,2015
2015130,2015-11-05,06 14 15 16 17 22,10,6,14,15,16,17,22,329910968,957074000,90,16,2:4,2:4,1:5:0,偶,大,2015
2015131,2015-11-08,10 12 13 19 22 26,3,10,12,13,19,22,26,352871146,971589906,102,16,2:4,3:3,1:4:1,奇,小,2015
2015132,2015-11-10,03 05 11 28 30 33,1,3,5,11,28,30,33,324697916,991052692,110,30,4:2,3:3,3:0:3,奇,小,2015
2015133,2015-11-12,02 03 13 20 22 24,15,2,3,13,20,22,24,318320120,1037218347,84,22,2:4,3:3,2:3:1,奇,大,2015
2015134,2015-11-15,02 05 14 19 27 31,4,2,5,14,19,27,31,359304970,1078946224,98,29,4:2,3:3,2:2:2,偶,小,2015
2015135,2015-11-17,01 12 14 18 26 32,7,1,12,14,18,26,32,323653256,1085902032,103,31,1:5,3:3,1:3:2,奇,小,2015
2015136,2015-11-19,02 05 12 23 28 29,1,2,5,12,23,28,29,332169672,1134489732,99,27,3:3,3:3,2:1:3,奇,小,2015
2015137,2015-11-22,14 22 23 27 28 31,12,14,22,23,27,28,31,357991902,1183970392,145,17,3:3,5:1,0:2:4,偶,大,2015
2015138,2015-11-24,01 02 08 16 19 24,11,1,2,8,16,19,24,317036346,1160191307,70,23,2:4,2:4,3:2:1,奇,大,2015
2015139,2015-11-26,01 10 13 18 25 27,9,1,10,13,18,25,27,323569236,1158957645,94,26,4:2,3:3,2:2:2,奇,大,2015
2015140,2015-11-29,06 20 28 29 30 31,12,6,20,28,29,30,31,363959858,1188582820,144,25,2:4,5:1,1:1:4,偶,大,2015
2015141,2015-12-01,03 08 19 25 27 28,2,3,8,19,25,27,28,329544366,1174709536,110,25,4:2,4:2,2:1:3,偶,小,2015
2015142,2015-12-03,13 17 19 20 22 25,11,13,17,19,20,22,25,326956020,1221938746,116,12,4:2,5:1,0:5:1,奇,大,2015
2015143,2015-12-06,13 15 19 20 21 32,4,13,15,19,20,21,32,363104978,1253527944,120,19,4:2,4:2,0:5:1,偶,小,2015
2015144,2015-12-08,01 04 07 15 28 32,16,1,4,7,15,28,32,330530758,1278764676,87,31,3:3,2:4,3:1:2,偶,大,2015
2015145,2015-12-10,07 08 15 19 20 24,13,7,8,15,19,20,24,327973844,1248915010,93,17,3:3,3:3,2:3:1,奇,大,2015
2015146,2015-12-13,16 17 21 28 30 32,15,16,17,21,28,30,32,368273034,1307571540,144,16,2:4,5:1,0:3:3,奇,大,2015
2015147,2015-12-15,08 09 16 23 24 30,5,8,9,16,23,24,30,331495570,1187906265,110,22,2:4,3:3,2:1:3,奇,小,2015
2015148,2015-12-17,09 13 14 22 26 27,7,9,13,14,22,26,27,330278892,1127755566,111,18,3:3,3:3,1:3:2,奇,小,2015
2015149,2015-12-20,09 10 20 21 22 33,9,9,10,20,21,22,33,368458204,960924480,115,24,3:3,4:2,2:3:1,奇,大,2015
2015150,2015-12-22,01 03 08 11 29 31,13,1,3,8,11,29,31,333813118,1022632570,83,30,5:1,2:4,4:0:2,奇,大,2015
2015151,2015-12-24,05 06 08 23 31 32,11,5,6,8,23,31,32,350309390,1050789000,105,27,3:3,3:3,3:0:3,奇,大,2015
2015152,2015-12-27,11 18 19 21 29 32,12,11,18,19,21,29,32,392322240,1026723516,130,21,4:2,5:1,1:3:2,偶,大,2015
2015153,2015-12-29,08 11 15 22 27 29,3,8,11,15,22,27,29,348341018,999785925,112,21,4:2,3:3,2:2:2,奇,小,2015
2015154,2015-12-31,07 09 11 15 18 25,7,7,9,11,15,18,25,364605498,984457630,85,18,5:1,2:4,3:2:1,奇,小,2015
2016001,2016-01-03,06 13 16 18 20 22,13,6,13,16,18,20,22,388445976,1022461915,95,16,1:5,3:3,1:5:0,奇,大,2016
2016002,2016-01-05,09 14 17 20 24 30,16,9,14,17,20,24,30,343096096,1049581785,114,21,2:4,4:2,1:3:2,偶,大,2016
2016003,2016-01-07,01 10 14 23 26 28,1,1,10,14,23,26,28,351825302,1047367656,102,27,2:4,3:3,2:1:3,奇,小,2016
2016004,2016-01-10,08 10 17 22 25 33,12,8,10,17,22,25,33,376467244,1053582237,115,25,3:3,4:2,2:2:2,偶,大,2016
2016005,2016-01-12,11 14 18 20 31 33,14,11,14,18,20,31,33,347622842,816820648,127,22,3:3,4:2,1:3:2,偶,大,2016
2016006,2016-01-14,13 16 18 20 28 31,12,13,16,18,20,28,31,357519610,880487026,126,18,2:4,4:2,0:4:2,偶,大,2016
2016007,2016-01-17,05 12 14 20 27 29,6,5,12,14,20,27,29,398316866,864189106,107,24,3:3,3:3,1:3:2,偶,小,2016
2016008,2016-01-19,02 15 24 29 32 33,2,2,15,24,29,32,33,355411856,893240990,135,31,3:3,4:2,1:1:4,偶,小,2016
2016009,2016-01-21,10 14 24 25 27 32,4,10,14,24,25,27,32,341116278,937517775,132,22,2:4,4:2,1:1:4,偶,小,2016
2016010,2016-01-24,02 04 12 14 19 25,6,2,4,12,14,19,25,359088730,922316332,76,23,2:4,2:4,2:3:1,偶,小,2016
2016011,2016-01-26,03 08 10 15 22 29,12,3,8,10,15,22,29,332990472,752133812,87,26,3:3,2:4,3:2:1,偶,大,2016
2016012,2016-01-28,07 12 14 16 27 32,15,7,12,14,16,27,32,336562836,800780176,108,25,2:4,2:4,1:3:2,奇,大,2016
2016013,2016-01-31,07 12 21 22 26 31,1,7,12,21,22,26,31,370420948,860575404,119,24,3:3,4:2,1:3:2,奇,小,2016
2016014,2016-02-02,02 08 10 18 20 27,7,2,8,10,18,20,27,321027466,667745460,85,25,1:5,3:3,3:2:1,奇,小,2016
2016015,2016-02-04,01 02 14 22 25 26,7,1,2,14,22,25,26,346224370,692442990,90,25,2:4,3:3,2:2:2,奇,小,2016
2016016,2016-02-14,01 20 22 24 25 26,16,1,20,22,24,25,26,316931514,721026255,118,25,2:4,5:1,1:2:3,偶,大,2016
2016017,2016-02-16,05 06 08 20 22 30,5,5,6,8,20,22,30,293890064,698821392,91,25,1:5,3:3,3:2:1,奇,小,2016
2016018,2016-02-18,12 13 14 17 21 25,4,12,13,14,17,21,25,316712952,725711885,102,13,4:2,3:3,0:5:1,偶,小,2016
2016019,2016-02-21,06 13 16 17 23 30,10,6,13,16,17,23,30,354746834,497880207,105,24,3:3,3:3,1:3:2,偶,大,2016
2016020,2016-02-23,01 02 10 12 22 24,10,1,2,10,12,22,24,317041006,540251214,71,23,1:5,2:4,3:2:1,偶,大,2016
2016021,2016-02-25,09 11 13 22 24 26,5,9,11,13,22,24,26,330776764,567576885,105,17,3:3,3:3,2:2:2,奇,小,2016
2016022,2016-02-28,04 09 19 22 23 30,7,4,9,19,22,23,30,370206784,574633808,107,26,3:3,4:2,2:2:2,奇,小,2016
2016023,2016-03-01,03 06 10 19 25 29,7,3,6,10,19,25,29,337590682,552702346,92,26,4:2,3:3,3:1:2,奇,小,2016
2016024,2016-03-03,02 05 07 14 18 31,13,2,5,7,14,18,31,344808140,551044179,77,29,3:3,2:4,3:2:1,奇,大,2016
2016025,2016-03-06,04 11 12 17 24 30,12,4,11,12,17,24,30,379126514,497263041,98,26,2:4,3:3,2:2:2,偶,大,2016
2016026,2016-03-08,04 09 12 28 30 33,1,4,9,12,28,30,33,329158276,573762988,116,29,2:4,3:3,2:1:3,奇,小,2016
2016027,2016-03-10,11 13 15 17 19 31,5,11,13,15,17,19,31,337818690,607947604,106,20,6:0,3:3,1:4:1,奇,小,2016
2016028,2016-03-13,06 08 12 21 25 29,1,6,8,12,21,25,29,370238316,639478896,101,23,3:3,3:3,2:2:2,奇,小,2016
2016029,2016-03-15,12 15 18 20 21 27,15,12,15,18,20,21,27,347727124,673974740,113,15,3:3,4:2,0:5:1,奇,大,2016
2016030,2016-03-17,10 14 19 22 25 29,12,10,14,19,22,25,29,351985986,202797966,119,19,3:3,4:2,1:3:2,偶,大,2016
2016031,2016-03-20,03 08 10 19 26 33,3,3,8,10,19,26,33,385818800,190281234,99,30,3:3,3:3,3:1:2,奇,小,2016
2016032,2016-03-22,08 12 14 15 21 27,15,8,12,14,15,21,27,339342300,228889010,97,19,3:3,2:4,1:4:1,奇,大,2016
2016033,2016-03-24,06 17 18 20 27 29,15,6,17,18,20,27,29,338637474,296662312,117,23,3:3,5:1,1:3:2,奇,大,2016
2016034,2016-03-27,03 15 21 22 23 28,15,3,15,21,22,23,28,380415644,388316232,112,25,4:2,4:2,1:3:2,奇,大,2016
2016035,2016-03-29,04 13 19 20 26 29,11,4,13,19,20,26,29,343407218,378328346,111,25,3:3,4:2,1:3:2,奇,大,2016
2016036,2016-03-31,03 04 07 09 20 22,3,3,4,7,9,20,22,348368584,439352386,65,19,3:3,2:4,4:2:0,奇,小,2016
2016037,2016-04-03,06 15 26 31 32 33,16,6,15,26,31,32,33,350165940,494817840,143,27,3:3,4:2,1:1:4,偶,大,2016
2016038,2016-04-05,03 12 13 22 28 29,3,3,12,13,22,28,29,325081790,530930396,107,26,3:3,3:3,1:3:2,奇,小,2016
2016039,2016-04-07,01 03 07 18 19 27,16,1,3,7,18,19,27,335090614,568328305,75,26,5:1,3:3,3:2:1,偶,大,2016
2016040,2016-04-10,03 13 19 20 23 26,3,3,13,19,20,23,26,365246422,568128108,104,23,4:2,4:2,1:3:2,奇,小,2016
2016041,2016-04-12,12 17 18 21 22 24,4,12,17,18,21,22,24,330501352,612243516,114,12,2:4,5:1,0:5:1,偶,小,2016
2016042,2016-04-14,07 14 17 23 26 31,9,7,14,17,23,26,31,334864386,589832826,118,24,4:2,4:2,1:2:3,奇,大,2016
2016043,2016-04-17,05 14 20 26 30 33,12,5,14,20,26,30,33,364494720,605438772,128,28,2:4,4:2,1:2:3,偶,大,2016
2016044,2016-04-19,01 03 10 12 18 30,1,1,3,10,12,18,30,335979238,632010456,74,29,2:4,2:4,3:2:1,奇,小,2016
2016045,2016-04-21,04 09 12 17 30 32,3,4,9,12,17,30,32,336323174,696734182,104,28,2:4,3:3,2:2:2,奇,小,2016
2016046,2016-04-24,07 20 25 26 27 30,14,7,20,25,26,27,30,364459490,779578465,135,23,3:3,5:1,1:1:4,偶,大,2016
2016047,2016-04-26,02 05 08 15 17 22,16,2,5,8,15,17,22,324937604,806292000,69,20,3:3,2:4,3:3:0,偶,大,2016
2016048,2016-04-28,03 08 13 14 15 30,4,3,8,13,14,15,30,329538828,830538816,83,27,3:3,1:5,2:3:1,偶,小,2016
2016049,2016-05-01,06 08 13 14 22 27,10,6,8,13,14,22,27,330279014,796447605,90,21,2:4,2:4,2:3:1,偶,大,2016
2016050,2016-05-03,09 12 24 28 29 30,2,9,12,24,28,29,30,308889140,823767052,132,21,2:4,4:2,1:1:4,偶,小,2016
2016051,2016-05-05,01 02 04 09 15 33,12,1,2,4,9,15,33,324257380,872097902,64,32,4:2,1:5,4:1:1,偶,大,2016
2016052,2016-05-08,01 06 13 19 24 28,16,1,6,13,19,24,28,353216208,876129336,91,27,3:3,3:3,2:2:2,偶,大,2016
2016053,2016-05-10,02 08 10 12 29 31,1,2,8,10,12,29,31,320149454,903222855,92,29,2:4,2:4,3:1:2,奇,小,2016
2016054,2016-05-12,06 11 16 19 28 32,4,6,11,16,19,28,32,324349586,914302376,112,26,2:4,3:3,2:2:2,偶,小,2016
2016055,2016-05-15,05 06 10 16 22 26,11,5,6,10,16,22,26,350383284,902490160,85,21,1:5,2:4,3:2:1,奇,大,2016
2016056,2016-05-17,03 04 08 11 16 18,14,3,4,8,11,16,18,326490562,925399830,60,15,2:4,1:5,4:2:0,偶,大,2016
2016057,2016-05-19,07 12 19 22 23 26,11,7,12,19,22,23,26,325499780,915017488,109,19,3:3,4:2,1:3:2,奇,大,2016
2016058,2016-05-22,03 05 18 20 24 32,11,3,5,18,20,24,32,357296334,981243730,102,29,2:4,4:2,2:2:2,奇,大,2016
2016059,2016-05-24,04 11 12 20 25 28,15,4,11,12,20,25,28,322601954,989524476,100,24,2:4,3:3,2:2:2,奇,大,2016
2016060,2016-05-26,04 05 22 26 29 32,8,4,5,22,26,29,32,320540202,914524470,118,28,2:4,4:2,2:1:3,偶,小,2016
2016061,2016-05-29,05 06 08 18 20 32,8,5,6,8,18,20,32,340147518,835286844,89,27,1:5,3:3,3:2:1,偶,小,2016
2016062,2016-05-31,12 13 15 18 19 21,9,12,13,15,18,19,21,305198008,865680358,98,9,4:2,3:3,0:6:0,奇,大,2016
2016063,2016-06-02,16 17 18 23 28 32,7,16,17,18,23,28,32,304409952,910497831,134,16,2:4,5:1,0:3:3,奇,小,2016
2016064,2016-06-05,03 12 14 17 19 26,3,3,12,14,17,19,26,332534594,900497807,91,23,3:3,3:3,1:4:1,奇,小,2016
2016065,2016-06-07,13 16 22 25 26 27,14,13,16,22,25,26,27,298326848,945654750,129,14,3:3,4:2,0:3:3,偶,大,2016
2016066,2016-06-09,03 07 13 18 19 20,5,3,7,13,18,19,20,275334312,921254130,80,17,4:2,3:3,2:4:0,奇,小,2016
2016067,2016-06-12,09 13 18 20 27 31,4,9,13,18,20,27,31,327487486,946443820,118,22,4:2,4:2,1:3:2,偶,小,2016
2016068,2016-06-14,08 19 23 28 31 32,1,8,19,23,28,31,32,295768168,991629338,141,24,3:3,5:1,1:1:4,奇,小,2016
2016069,2016-06-16,08 10 11 20 21 27,11,8,10,11,20,21,27,300232584,1001117928,97,19,3:3,3:3,3:2:1,奇,大,2016
2016070,2016-06-19,03 06 11 18 23 29,1,3,6,11,18,23,29,326894102,1023740893,90,26,4:2,3:3,3:1:2,奇,小,2016
2016071,2016-06-21,19 21 26 28 29 32,1,19,21,26,28,29,32,293734448,1061458288,155,13,3:3,6:0,0:2:4,奇,小,2016
2016072,2016-06-23,05 16 19 22 24 25,2,5,16,19,22,24,25,290670126,1100767568,111,20,3:3,4:2,1:3:2,偶,小,2016
2016073,2016-06-26,09 11 12 15 16 20,13,9,11,12,15,16,20,327032018,1116225045,83,11,3:3,1:5,2:4:0,奇,大,2016
2016074,2016-06-28,06 10 11 12 20 25,12,6,10,11,12,20,25,297584738,838131500,84,19,2:4,2:4,3:2:1,偶,大,2016
2016075,2016-06-30,01 03 06 16 29 32,7,1,3,6,16,29,32,295574016,890340179,87,31,3:3,2:4,3:1:2,奇,小,2016
2016076,2016-07-03,07 08 13 22 30 32,1,7,8,13,22,30,32,331977974,917666478,112,25,2:4,3:3,2:2:2,奇,小,2016
2016077,2016-07-05,01 09 17 19 20 29,10,1,9,17,19,20,29,294629008,933341379,95,28,5:1,4:2,2:3:1,偶,大,2016
2016078,2016-07-07,02 04 08 23 26 29,2,2,4,8,23,26,29,296681554,953135832,92,27,2:4,3:3,3:0:3,偶,小,2016
2016079,2016-07-10,01 03 10 12 24 28,2,1,3,10,12,24,28,322821956,1012281038,78,27,2:4,2:4,3:1:2,偶,小,2016
2016080,2016-07-12,01 16 17 24 25 32,14,1,16,17,24,25,32,288372472,1042999580,115,31,3:3,4:2,1:2:3,偶,大,2016
2016081,2016-07-14,02 06 15 25 30 32,7,2,6,15,25,30,32,288505018,1066490094,110,30,2:4,3:3,2:1:3,奇,小,2016
2016082,2016-07-17,06 12 14 15 17 20,9,6,12,14,15,17,20,323658370,1048143580,84,14,2:4,2:4,1:5:0,奇,大,2016
2016083,2016-07-19,09 16 17 24 30 31,4,9,16,17,24,30,31,291921542,1056212003,127,22,3:3,4:2,1:2:3,偶,小,2016
2016084,2016-07-21,02 04 12 18 24 26,5,2,4,12,18,24,26,288778286,1068920080,86,24,0:6,3:3,2:2:2,奇,小,2016
2016085,2016-07-24,01 12 19 20 21 25,16,1,12,19,20,21,25,319888112,1079747823,98,24,4:2,4:2,1:4:1,偶,大,2016
2016086,2016-07-26,09 10 11 12 15 32,5,9,10,11,12,15,32,286788850,1098197736,89,23,3:3,1:5,3:2:1,奇,小,2016
2016087,2016-07-28,02 03 10 11 14 21,12,2,3,10,11,14,21,288396896,1124530659,61,19,3:3,1:5,4:2:0,偶,大,2016
2016088,2016-07-31,03 14 16 18 25 33,15,3,14,16,18,25,33,320354148,1149627355,109,30,3:3,3:3,1:3:2,奇,大,2016
2016089,2016-08-02,01 03 14 30 31 32,8,1,3,14,30,31,32,288232376,1120249570,111,31,3:3,3:3,2:1:3,偶,小,2016
2016090,2016-08-04,02 13 17 20 21 26,7,2,13,17,20,21,26,294008068,1033308810,99,24,3:3,4:2,1:4:1,奇,小,2016
2016091,2016-08-07,04 08 14 22 23 28,7,4,8,14,22,23,28,329710234,994429110,99,24,1:5,3:3,2:2:2,奇,小,2016
2016092,2016-08-09,02 13 15 23 24 29,6,2,13,15,23,24,29,299992386,908473144,106,27,4:2,3:3,1:2:3,偶,小,2016
2016093,2016-08-11,06 09 15 17 25 27,9,6,9,15,17,25,27,298416216,843280596,99,21,5:1,3:3,2:2:2,奇,大,2016
2016094,2016-08-14,06 07 10 12 18 31,10,6,7,10,12,18,31,324311584,861184896,84,25,2:4,2:4,3:2:1,偶,大,2016
2016095,2016-08-16,01 05 09 12 18 32,12,1,5,9,12,18,32,297413702,866140800,77,31,3:3,2:4,3:2:1,偶,大,2016
2016096,2016-08-18,06 13 14 21 22 24,16,6,13,14,21,22,24,296887214,888068045,100,18,2:4,3:3,1:4:1,偶,大,2016
2016097,2016-08-21,06 13 25 26 28 31,1,6,13,25,26,28,31,327274678,886496310,129,25,3:3,4:2,1:1:4,奇,小,2016
2016098,2016-08-23,02 08 25 29 31 32,6,2,8,25,29,31,32,296350008,908084049,127,30,3:3,4:2,2:0:4,偶,小,2016
2016099,2016-08-25,01 11 21 23 27 33,6,1,11,21,23,27,33,300016648,930007164,116,32,6:0,4:2,2:1:3,偶,小,2016
2016100,2016-08-28,03 10 22 23 27 29,4,3,10,22,23,27,29,335027586,960230040,114,26,4:2,4:2,2:1:3,偶,小,2016
2016101,2016-08-30,01 03 19 24 32 33,1,1,3,19,24,32,33,303829992,1005245634,112,32,4:2,4:2,2:1:3,奇,小,2016
2016102,2016-09-01,05 08 10 14 17 30,13,5,8,10,14,17,30,304528374,1007804693,84,25,2:4,2:4,3:2:1,奇,大,2016
2016103,2016-09-04,01 05 13 19 24 27,11,1,5,13,19,24,27,334526552,977024997,89,26,5:1,3:3,2:2:2,奇,大,2016
2016104,2016-09-06,05 09 11 18 30 31,4,5,9,11,18,30,31,304391928,1025995488,104,26,4:2,3:3,3:1:2,偶,小,2016
2016105,2016-09-08,08 10 19 27 28 31,16,8,10,19,27,28,31,304435234,1011744422,123,23,3:3,4:2,2:1:3,偶,大,2016
2016106,2016-09-11,04 05 13 22 25 30,4,4,5,13,22,25,30,329967722,1036874166,99,26,3:3,3:3,2:2:2,偶,小,2016
2016107,2016-09-13,06 11 18 26 27 32,1,6,11,18,26,27,32,295842288,1016647606,120,26,2:4,4:2,2:1:3,奇,小,2016
2016108,2016-09-15,02 03 07 08 19 26,16,2,3,7,8,19,26,278530656,1033314654,65,24,3:3,2:4,4:1:1,偶,大,2016
2016109,2016-09-18,09 11 15 16 27 33,5,9,11,15,16,27,33,339043452,1031137928,111,24,5:1,2:4,2:2:2,奇,小,2016
2016110,2016-09-20,05 07 28 31 32 33,8,5,7,28,31,32,33,306664040,1037073225,136,28,4:2,4:2,2:0:4,偶,小,2016
2016111,2016-09-22,02 04 07 14 15 32,4,2,4,7,14,15,32,310894592,1080979719,74,30,2:4,1:5,3:2:1,偶,小,2016
2016112,2016-09-25,06 12 14 15 18 25,12,6,12,14,15,18,25,339124224,1082109240,90,19,2:4,2:4,1:4:1,偶,大,2016
2016113,2016-09-27,01 11 16 17 20 26,14,1,11,16,17,20,26,301675518,1097496306,91,25,3:3,3:3,2:3:1,偶,大,2016
2016114,2016-09-29,05 16 20 22 27 29,9,5,16,20,22,27,29,300350554,1005529350,119,24,3:3,4:2,1:3:2,奇,大,2016
2016115,2016-10-02,06 08 20 22 26 27,9,6,8,20,22,26,27,307770194,984826752,109,21,1:5,4:2,2:2:2,奇,大,2016
2016116,2016-10-04,07 18 20 23 27 31,13,7,18,20,23,27,31,268669114,997623156,126,24,4:2,5:1,1:2:3,奇,大,2016
2016117,2016-10-06,03 10 14 17 28 33,2,3,10,14,17,28,33,281128494,971854560,105,30,3:3,3:3,2:2:2,偶,小,2016
2016118,2016-10-09,09 14 22 23 31 33,14,9,14,22,23,31,33,338792784,1017168724,132,24,4:2,4:2,1:2:3,偶,大,2016
2016119,2016-10-11,09 19 21 30 31 32,4,9,19,21,30,31,32,302415052,1044045944,142,23,4:2,5:1,1:2:3,偶,小,2016
2016120,2016-10-13,02 05 06 21 25 28,9,2,5,6,21,25,28,309329228,1054589076,87,26,3:3,3:3,3:1:2,奇,大,2016
2016121,2016-10-16,02 03 10 23 25 28,9,2,3,10,23,25,28,340006950,1082073970,91,26,3:3,3:3,3:0:3,奇,大,2016
2016122,2016-10-18,15 22 23 24 28 29,8,15,22,23,24,28,29,305059324,1089129612,141,14,3:3,5:1,0:2:4,偶,小,2016
2016123,2016-10-20,07 09 12 14 20 27,16,7,9,12,14,20,27,305299416,1119192450,89,20,3:3,2:4,2:3:1,偶,大,2016
2016124,2016-10-23,09 15 21 24 27 32,10,9,15,21,24,27,32,370331346,1144946805,128,23,4:2,4:2,1:2:3,偶,大,2016
2016125,2016-10-25,01 06 08 20 27 30,3,1,6,8,20,27,30,346147358,1117386530,92,29,2:4,3:3,3:1:2,奇,小,2016
2016126,2016-10-27,02 06 12 17 18 19,10,2,6,12,17,18,19,347402822,1154908300,74,17,2:4,3:3,2:4:0,偶,大,2016
2016127,2016-10-30,07 12 17 26 29 31,16,7,12,17,26,29,31,377635784,1208693682,122,24,4:2,4:2,1:2:3,偶,大,2016
2016128,2016-11-01,04 09 11 17 26 27,13,4,9,11,17,26,27,346505806,1172302677,94,23,4:2,3:3,3:1:2,奇,大,2016
2016129,2016-11-03,05 06 08 21 31 33,14,5,6,8,21,31,33,356293078,1236923614,104,28,4:2,3:3,3:1:2,偶,大,2016
2016130,2016-11-06,03 17 21 23 27 28,1,3,17,21,23,27,28,389013348,1258366632,119,25,5:1,5:1,1:2:3,奇,小,2016
2016131,2016-11-08,04 10 18 19 25 27,2,4,10,18,19,25,27,341425796,1286258608,103,23,3:3,4:2,2:2:2,偶,小,2016
2016132,2016-11-10,05 08 13 19 27 28,7,5,8,13,19,27,28,349399364,1107687796,100,23,4:2,3:3,2:2:2,奇,小,2016
2016133,2016-11-13,15 16 21 22 27 33,15,15,16,21,22,27,33,397601552,1035115770,134,18,4:2,4:2,0:4:2,奇,大,2016
2016134,2016-11-15,11 12 13 14 18 33,13,11,12,13,14,18,33,356409344,1057618368,101,22,3:3,2:4,1:4:1,奇,大,2016
2016135,2016-11-17,02 08 10 18 20 33,12,2,8,10,18,20,33,353219786,973012992,91,31,1:5,3:3,3:2:1,偶,大,2016
2016136,2016-11-20,02 07 10 20 27 29,3,2,7,10,20,27,29,396457052,989371808,95,27,3:3,3:3,3:1:2,奇,小,2016
2016137,2016-11-22,01 06 09 10 15 32,14,1,6,9,10,15,32,339962622,1024045140,73,31,3:3,1:5,4:1:1,偶,大,2016
2016138,2016-11-24,07 16 20 24 25 30,7,7,16,20,24,25,30,350229764,998764932,122,23,2:4,4:2,1:2:3,奇,小,2016
2016139,2016-11-27,01 06 19 26 28 30,3,1,6,19,26,28,30,395456724,1041642655,110,29,2:4,4:2,2:1:3,奇,小,2016
2016140,2016-11-29,01 02 05 17 26 32,10,1,2,5,17,26,32,360447386,998908480,83,31,3:3,3:3,3:1:2,偶,大,2016
2016141,2016-12-01,04 13 15 17 21 24,15,4,13,15,17,21,24,371798444,1025247440,94,20,4:2,3:3,1:4:1,奇,大,2016
2016142,2016-12-04,01 10 17 21 23 30,12,1,10,17,21,23,30,407120242,1025247212,102,29,4:2,4:2,2:2:2,偶,大,2016
2016143,2016-12-06,06 09 23 24 25 33,13,6,9,23,24,25,33,378923738,1055352355,120,27,4:2,4:2,2:0:4,奇,大,2016
2016144,2016-12-08,04 10 12 27 32 33,5,4,10,12,27,32,33,372346108,1031610174,118,29,2:4,3:3,2:1:3,奇,小,2016
2016145,2016-12-11,01 03 07 12 19 20,6,1,3,7,12,19,20,398955964,1019425688,62,19,4:2,2:4,3:3:0,偶,小,2016
2016146,2016-12-13,03 07 15 16 17 23,10,3,7,15,16,17,23,344859752,1030668248,81,20,5:1,2:4,2:3:1,偶,大,2016
2016147,2016-12-15,04 14 18 28 31 32,12,4,14,18,28,31,32,341474648,1053462300,127,28,1:5,4:2,1:2:3,偶,大,2016
2016148,2016-12-18,01 02 11 20 26 30,14,1,2,11,20,26,30,381634232,1060899760,90,29,2:4,3:3,3:1:2,偶,大,2016
2016149,2016-12-20,03 20 23 26 32 33,7,3,20,23,26,32,33,342258704,1069092085,137,30,3:3,5:1,1:1:4,奇,小,2016
2016150,2016-12-22,02 04 05 09 13 21,5,2,4,5,9,13,21,350741078,1010476368,54,19,4:2,1:5,4:2:0,奇,小,2016
2016151,2016-12-25,06 11 16 20 22 33,7,6,11,16,20,22,33,375311070,1013655324,108,27,2:4,3:3,2:3:1,奇,小,2016
2016152,2016-12-27,02 08 09 16 20 22,7,2,8,9,16,20,22,338973816,974772214,77,20,1:5,2:4,3:3:0,奇,小,2016
2016153,2016-12-29,07 09 16 24 25 29,6,7,9,16,24,25,29,342438226,990091165,110,22,4:2,3:3,2:1:3,偶,小,2016
2017001,2017-01-01,09 11 14 20 25 26,15,9,11,14,20,25,26,376155592,1007519355,105,17,3:3,3:3,2:2:2,奇,大,2017
2017002,2017-01-03,15 19 23 24 25 32,3,15,19,23,24,25,32,333473696,1046185700,138,17,4:2,5:1,0:2:4,奇,小,2017
2017003,2017-01-05,01 04 08 15 27 32,16,1,4,8,15,27,32,328263696,1089595542,87,31,3:3,2:4,3:1:2,偶,大,2017
2017004,2017-01-08,05 13 17 26 27 30,7,5,13,17,26,27,30,361243290,1046462778,118,25,4:2,4:2,1:2:3,奇,小,2017
2017005,2017-01-10,06 11 12 22 23 30,5,6,11,12,22,23,30,328457210,1018195332,104,24,2:4,3:3,2:2:2,奇,小,2017
2017006,2017-01-12,02 04 08 26 29 33,8,2,4,8,26,29,33,327823184,1019607668,102,31,2:4,3:3,3:0:3,偶,小,2017
2017007,2017-01-15,02 04 05 24 26 33,15,2,4,5,24,26,33,358098002,1049607797,94,31,2:4,3:3,3:0:3,奇,大,2017
2017008,2017-01-17,07 13 15 27 28 29,13,7,13,15,27,28,29,318368112,1039620330,119,22,5:1,3:3,1:2:3,奇,大,2017
2017009,2017-01-19,02 06 08 09 15 29,14,2,6,8,9,15,29,318286702,1043538642,69,27,3:3,1:5,4:1:1,偶,大,2017
2017010,2017-01-22,05 08 19 25 28 30,7,5,8,19,25,28,30,350388682,914275770,115,25,3:3,4:2,2:1:3,奇,小,2017
2017011,2017-01-24,10 11 12 23 26 29,16,10,11,12,23,26,29,318019266,914786466,111,19,3:3,3:3,2:1:3,偶,大,2017
2017012,2017-01-26,10 11 14 15 16 24,7,10,11,14,15,16,24,329120186,919697751,90,14,2:4,1:5,2:3:1,奇,小,2017
2017013,2017-02-05,08 11 28 29 31 33,6,8,11,28,29,31,33,377878424,924629020,140,25,4:2,4:2,2:0:4,偶,小,2017
2017014,2017-02-07,06 08 18 20 23 31,13,6,8,18,20,23,31,307538720,944740410,106,25,2:4,4:2,2:2:2,奇,大,2017
2017015,2017-02-09,01 08 09 14 17 32,1,1,8,9,14,17,32,314977594,976589244,81,31,3:3,2:4,3:2:1,奇,小,2017
2017016,2017-02-12,05 08 16 22 27 29,2,5,8,16,22,27,29,349767606,957434232,107,24,3:3,3:3,2:2:2,偶,小,2017
2017017,2017-02-14,03 07 08 10 22 23,12,3,7,8,10,22,23,329086094,973496920,73,20,3:3,2:4,4:1:1,偶,大,2017
2017018,2017-02-16,01 02 03 17 25 31,9,1,2,3,17,25,31,332385048,976565180,79,30,5:1,3:3,3:1:2,奇,大,2017
2017019,2017-02-19,04 06 08 12 23 25,8,4,6,8,12,23,25,362828374,992823572,78,21,2:4,2:4,3:1:2,偶,小,2017
2017020,2017-02-21,04 08 10 12 31 33,10,4,8,10,12,31,33,321450250,1016040400,98,29,2:4,2:4,3:1:2,偶,大,2017
2017021,2017-02-23,02 05 10 22 32 33,9,2,5,10,22,32,33,329896520,984320688,104,31,2:4,3:3,3:1:2,奇,大,2017
2017022,2017-02-26,02 06 15 16 18 32,15,2,6,15,16,18,32,370988738,1029761908,89,30,1:5,2:4,2:3:1,奇,大,2017
2017023,2017-02-28,01 03 04 11 18 22,14,1,3,4,11,18,22,337872226,1072263213,59,21,3:3,2:4,4:2:0,偶,大,2017
2017024,2017-03-02,09 21 25 26 29 31,13,9,21,25,26,29,31,342020216,1093529538,141,22,5:1,5:1,1:1:4,奇,大,2017
2017025,2017-03-05,02 15 16 17 22 32,7,2,15,16,17,22,32,372684176,1076249141,104,30,2:4,3:3,1:4:1,奇,小,2017
2017026,2017-03-07,03 10 12 19 27 30,8,3,10,12,19,27,30,338217710,954816000,101,27,3:3,3:3,2:2:2,偶,小,2017
2017027,2017-03-09,02 04 11 14 27 30,5,2,4,11,14,27,30,344767540,980689536,88,28,2:4,2:4,3:1:2,奇,小,2017
2017028,2017-03-12,07 08 12 13 22 30,9,7,8,12,13,22,30,377657484,977766651,92,23,2:4,2:4,2:3:1,奇,大,2017
2017029,2017-03-14,02 15 21 23 25 30,10,2,15,21,23,25,30,343011048,1003660344,116,28,4:2,4:2,1:2:3,偶,大,2017
2017030,2017-03-16,01 07 09 20 23 30,2,1,7,9,20,23,30,350487064,1037107695,90,29,4:2,3:3,3:1:2,偶,小,2017
2017031,2017-03-19,06 10 16 26 27 29,3,6,10,16,26,27,29,377406752,924910650,114,23,2:4,3:3,2:1:3,奇,小,2017
2017032,2017-03-21,05 08 15 24 27 31,11,5,8,15,24,27,31,346410188,609910623,110,26,4:2,3:3,2:1:3,奇,大,2017
2017033,2017-03-23,05 07 15 20 23 30,15,5,7,15,20,23,30,346477046,610298424,100,25,4:2,3:3,2:2:2,奇,大,2017
2017034,2017-03-26,04 07 08 19 32 33,13,4,7,8,19,32,33,373962682,618519064,103,29,3:3,3:3,3:1:2,奇,大,2017
2017035,2017-03-28,01 06 14 24 28 32,12,1,6,14,24,28,32,342022594,568068720,105,31,1:5,3:3,2:1:3,偶,大,2017
2017036,2017-03-30,01 02 05 10 24 27,15,1,2,5,10,24,27,340257990,613555992,69,26,3:3,2:4,4:0:2,奇,大,2017
2017037,2017-04-02,11 15 20 22 25 30,5,11,15,20,22,25,30,346434206,629265693,123,19,3:3,4:2,1:3:2,奇,小,2017
2017038,2017-04-04,01 04 08 13 24 27,5,1,4,8,13,24,27,310673636,656476865,77,26,3:3,2:4,3:1:2,奇,小,2017
2017039,2017-04-06,02 04 12 14 17 24,15,2,4,12,14,17,24,330405710,730094377,73,22,1:5,2:4,2:3:1,奇,大,2017
2017040,2017-04-09,15 19 23 28 29 33,4,15,19,23,28,29,33,359413424,691582671,147,18,5:1,5:1,0:2:4,偶,小,2017
2017041,2017-04-11,04 10 13 15 22 27,4,4,10,13,15,22,27,322450520,634663869,91,23,3:3,2:4,2:3:1,偶,小,2017
2017042,2017-04-13,01 02 04 07 10 23,4,1,2,4,7,10,23,326995938,652974432,47,22,3:3,1:5,5:0:1,偶,小,2017
2017043,2017-04-16,08 13 16 23 27 31,8,8,13,16,23,27,31,348879160,669647148,118,23,4:2,3:3,1:2:3,偶,小,2017
2017044,2017-04-18,08 16 19 21 31 32,6,8,16,19,21,31,32,318935018,636516015,127,24,3:3,4:2,1:3:2,偶,小,2017
2017045,2017-04-20,05 07 16 20 21 25,5,5,7,16,20,21,25,320562564,664910592,94,20,4:2,3:3,2:3:1,奇,小,2017
2017046,2017-04-23,04 13 14 23 26 32,10,4,13,14,23,26,32,348845228,677946402,112,28,2:4,3:3,1:2:3,偶,大,2017
2017047,2017-04-25,02 05 08 10 32 33,2,2,5,8,10,32,33,313845556,694177440,90,31,2:4,2:4,4:0:2,偶,小,2017
2017048,2017-04-27,05 08 09 14 15 19,7,5,8,9,14,15,19,317465116,664324529,70,14,4:2,1:5,3:3:0,奇,小,2017
2017049,2017-04-30,01 08 14 15 20 29,10,1,8,14,15,20,29,326777700,680077398,87,28,3:3,2:4,2:3:1,偶,大,2017
2017050,2017-05-02,10 12 20 24 27 29,7,10,12,20,24,27,29,308163776,700584945,122,19,2:4,4:2,1:2:3,奇,小,2017
2017051,2017-05-04,02 05 09 15 24 25,11,2,5,9,15,24,25,315667040,682920580,80,23,4:2,2:4,3:1:2,奇,大,2017
2017052,2017-05-07,07 08 18 24 29 31,7,7,8,18,24,29,31,346847224,704802480,117,24,3:3,4:2,2:1:3,奇,小,2017
2017053,2017-05-09,04 09 11 15 29 31,6,4,9,11,15,29,31,316559816,716619576,99,27,5:1,2:4,3:1:2,偶,小,2017
2017054,2017-05-11,02 03 09 23 28 33,8,2,3,9,23,28,33,315730948,746396522,98,31,4:2,3:3,3:0:3,偶,小,2017
2017055,2017-05-14,07 12 13 20 24 31,5,7,12,13,20,24,31,342200872,685895820,107,24,3:3,3:3,1:3:2,奇,小,2017
2017056,2017-05-16,13 14 18 19 21 28,6,13,14,18,19,21,28,317424132,697988120,113,15,3:3,4:2,0:5:1,偶,小,2017
2017057,2017-05-18,18 20 22 23 30 31,16,18,20,22,23,30,31,314697362,698067117,144,13,2:4,6:0,0:3:3,偶,大,2017
2017058,2017-05-21,01 09 13 22 28 32,11,1,9,13,22,28,32,338794650,702858272,105,31,3:3,3:3,2:2:2,奇,大,2017
2017059,2017-05-23,04 08 09 15 19 25,9,4,8,9,15,19,25,306145516,586532102,80,21,4:2,2:4,3:2:1,奇,大,2017
2017060,2017-05-25,05 10 13 24 26 31,4,5,10,13,24,26,31,320553910,613018696,109,26,3:3,3:3,2:1:3,偶,小,2017
2017061,2017-05-28,06 07 12 20 26 27,11,6,7,12,20,26,27,327891234,546535704,98,21,2:4,3:3,2:2:2,奇,大,2017
2017062,2017-05-30,01 07 22 24 26 31,10,1,7,22,24,26,31,292747704,588631018,111,30,3:3,4:2,2:1:3,偶,大,2017
2017063,2017-06-01,12 16 20 22 25 31,4,12,16,20,22,25,31,307572084,624355820,126,19,2:4,4:2,0:4:2,偶,小,2017
2017064,2017-06-04,02 10 16 22 24 28,15,2,10,16,22,24,28,351655222,654376180,102,26,0:6,3:3,2:2:2,奇,大,2017
2017065,2017-06-06,02 05 08 10 12 21,7,2,5,8,10,12,21,320800086,619300374,58,19,2:4,1:5,4:2:0,奇,小,2017
2017066,2017-06-08,01 04 06 17 19 26,3,1,4,6,17,19,26,329821920,624968496,73,25,3:3,3:3,3:2:1,奇,小,2017
2017067,2017-06-11,01 03 04 10 18 29,4,1,3,4,10,18,29,356270498,630964440,65,28,3:3,2:4,4:1:1,偶,小,2017
2017068,2017-06-13,02 06 10 22 30 31,15,2,6,10,22,30,31,320912348,655631053,101,29,1:5,3:3,3:1:2,奇,大,2017
2017069,2017-06-15,02 11 12 23 29 31,5,2,11,12,23,29,31,326172358,683978436,108,29,4:2,3:3,2:1:3,奇,小,2017
2017070,2017-06-18,01 06 14 22 25 26,12,1,6,14,22,25,26,357559628,709557056,94,25,2:4,3:3,2:2:2,偶,大,2017
2017071,2017-06-20,02 03 06 14 31 32,3,2,3,6,14,31,32,322489468,745151312,88,30,2:4,2:4,3:1:2,奇,小,2017
2017072,2017-06-22,06 11 14 23 26 30,2,6,11,14,23,26,30,321195342,740584900,110,24,2:4,3:3,2:1:3,偶,小,2017
2017073,2017-06-25,03 06 16 23 26 30,14,3,6,16,23,26,30,347269730,747555120,104,27,2:4,3:3,2:1:3,偶,大,2017
2017074,2017-06-27,02 06 16 23 30 31,2,2,6,16,23,30,31,312167868,720097616,108,29,2:4,3:3,2:1:3,偶,小,2017
2017075,2017-06-29,01 03 06 19 21 29,7,1,3,6,19,21,29,320592160,711353370,79,28,5:1,3:3,3:2:1,奇,小,2017
2017076,2017-07-02,01 04 08 09 14 15,13,1,4,8,9,14,15,346391726,721042021,51,14,3:3,0:6,4:2:0,奇,大,2017
2017077,2017-07-04,01 02 04 15 17 22,14,1,2,4,15,17,22,310153396,752910976,61,21,3:3,2:4,3:3:0,偶,大,2017
2017078,2017-07-06,05 07 18 19 22 24,16,5,7,18,19,22,24,308678006,763870919,95,19,3:3,4:2,2:3:1,偶,大,2017
2017079,2017-07-09,03 07 14 23 25 27,8,3,7,14,23,25,27,338568770,772154315,99,24,5:1,3:3,2:1:3,偶,小,2017
2017080,2017-07-11,01 12 16 20 22 24,8,1,12,16,20,22,24,309113400,761168290,95,23,1:5,3:3,1:4:1,偶,小,2017
2017081,2017-07-13,03 05 14 25 26 30,5,3,5,14,25,26,30,311169340,771574680,103,27,3:3,3:3,2:1:3,奇,小,2017
2017082,2017-07-16,14 18 21 25 28 29,10,14,18,21,25,28,29,340327376,770257854,135,15,3:3,5:1,0:3:3,偶,大,2017
2017083,2017-07-18,03 08 14 20 24 26,12,3,8,14,20,24,26,305712986,741221637,95,23,1:5,3:3,2:2:2,偶,大,2017
2017084,2017-07-20,01 05 11 20 22 24,2,1,5,11,20,22,24,314750766,746247204,83,23,3:3,3:3,3:2:1,偶,小,2017
2017085,2017-07-23,01 05 06 16 25 30,9,1,5,6,16,25,30,340676888,736565578,83,29,3:3,2:4,3:1:2,奇,大,2017
2017086,2017-07-25,03 05 06 13 20 22,7,3,5,6,13,20,22,313250840,741969095,69,19,3:3,2:4,3:3:0,奇,小,2017
2017087,2017-07-27,03 06 13 14 19 28,6,3,6,13,14,19,28,316090948,705056937,83,25,3:3,2:4,2:3:1,偶,小,2017
2017088,2017-07-30,07 09 18 22 23 29,6,7,9,18,22,23,29,346380162,702515540,108,22,4:2,4:2,2:2:2,偶,小,2017
2017089,2017-08-01,11 12 13 16 23 25,12,11,12,13,16,23,25,314842050,750483542,100,14,4:2,2:4,1:3:2,偶,大,2017
2017090,2017-08-03,01 07 10 16 22 33,9,1,7,10,16,22,33,312174318,772752284,89,32,3:3,2:4,3:2:1,奇,大,2017
2017091,2017-08-06,05 07 10 23 28 29,3,5,7,10,23,28,29,337138076,795913308,102,24,4:2,3:3,3:0:3,奇,小,2017
2017092,2017-08-08,10 18 19 29 32 33,9,10,18,19,29,32,33,308876342,826577324,141,23,3:3,5:1,1:2:3,奇,大,2017
2017093,2017-08-10,07 08 09 15 22 27,12,7,8,9,15,22,27,308248758,662712921,88,20,4:2,2:4,3:2:1,偶,大,2017
2017094,2017-08-13,08 11 13 19 28 31,6,8,11,13,19,28,31,341689810,658076283,110,23,4:2,3:3,2:2:2,偶,小,2017
2017095,2017-08-15,09 10 12 19 22 29,16,9,10,12,19,22,29,317203922,632720984,101,20,3:3,3:3,2:3:1,偶,大,2017
2017096,2017-08-17,02 06 11 12 19 29,6,2,6,11,12,19,29,322973284,611617622,79,27,3:3,2:4,3:2:1,偶,小,2017
2017097,2017-08-20,05 10 18 19 30 31,3,5,10,18,19,30,31,348913966,616091250,113,26,3:3,4:2,2:2:2,奇,小,2017
2017098,2017-08-22,04 19 22 27 30 33,1,4,19,22,27,30,33,314009676,561544774,135,29,3:3,5:1,1:2:3,奇,小,2017
2017099,2017-08-24,02 05 06 16 28 29,4,2,5,6,16,28,29,310565530,460398735,86,27,2:4,2:4,3:1:2,偶,小,2017
2017100,2017-08-27,04 07 08 18 23 24,2,4,7,8,18,23,24,343590604,435010976,84,20,2:4,3:3,3:1:2,偶,小,2017
2017101,2017-08-29,01 04 11 28 31 32,16,1,4,11,28,31,32,313219868,498878630,107,31,3:3,3:3,3:0:3,偶,大,2017
2017102,2017-08-31,04 08 10 14 18 20,11,4,8,10,14,18,20,315963272,455170324,74,16,0:6,2:4,3:3:0,奇,大,2017
2017103,2017-09-03,01 21 23 25 31 33,1,1,21,23,25,31,33,347478996,469614348,134,32,6:0,5:1,1:1:4,奇,小,2017
2017104,2017-09-05,01 14 15 20 23 30,14,1,14,15,20,23,30,310263038,523607612,103,29,3:3,3:3,1:3:2,偶,大,2017
2017105,2017-09-07,03 06 07 12 25 26,7,3,6,7,12,25,26,314223620,385864894,79,23,3:3,2:4,3:1:2,奇,小,2017
2017106,2017-09-10,12 15 20 25 27 31,2,12,15,20,25,27,31,346574690,421291764,130,19,4:2,4:2,0:3:3,偶,小,2017
2017107,2017-09-12,08 09 15 17 30 32,6,8,9,15,17,30,32,319335446,368859616,111,24,3:3,3:3,2:2:2,偶,小,2017
2017108,2017-09-14,07 12 14 15 17 20,1,7,12,14,15,17,20,320774192,390692040,85,13,3:3,2:4,1:5:0,奇,小,2017
2017109,2017-09-17,08 14 16 18 21 23,16,8,14,16,18,21,23,349302018,436050760,100,15,2:4,3:3,1:4:1,偶,大,2017
2017110,2017-09-19,01 03 12 15 19 23,14,1,3,12,15,19,23,316936062,482979264,73,22,5:1,2:4,2:3:1,偶,大,2017
2017111,2017-09-21,05 10 17 19 29 32,12,5,10,17,19,29,32,317976914,443532928,112,27,4:2,4:2,2:2:2,偶,大,2017
2017112,2017-09-24,03 10 14 16 22 23,11,3,10,14,16,22,23,346255520,490214060,88,20,2:4,2:4,2:3:1,奇,大,2017
2017113,2017-09-26,04 06 16 27 29 33,5,4,6,16,27,29,33,316223542,507647724,115,29,3:3,3:3,2:1:3,奇,小,2017
2017114,2017-09-28,06 12 13 15 18 26,13,6,12,13,15,18,26,321554260,533714324,90,20,2:4,2:4,1:4:1,奇,大,2017
2017115,2017-10-01,04 10 11 25 30 31,1,4,10,11,25,30,31,322048056,557069238,111,27,3:3,3:3,3:0:3,奇,小,2017
2017116,2017-10-03,02 14 20 22 30 32,2,2,14,20,22,30,32,270066216,550134702,120,30,0:6,4:2,1:3:2,偶,小,2017
2017117,2017-10-05,01 02 08 11 14 21,9,1,2,8,11,14,21,277103412,565108899,57,20,3:3,1:5,4:2:0,奇,大,2017
2017118,2017-10-08,08 09 15 22 30 33,16,8,9,15,22,30,33,339910326,562212840,117,25,3:3,3:3,2:2:2,偶,大,2017
2017119,2017-10-10,09 16 21 25 26 31,14,9,16,21,25,26,31,311293858,557828271,128,22,4:2,4:2,1:2:3,偶,大,2017
2017120,2017-10-12,08 10 15 19 23 28,16,8,10,15,19,23,28,319254526,590730365,103,20,3:3,3:3,2:2:2,偶,大,2017
2017121,2017-10-15,11 18 19 22 24 32,7,11,18,19,22,24,32,344520506,597274960,126,21,2:4,5:1,1:3:2,奇,小,2017
2017122,2017-10-17,11 20 21 22 24 27,15,11,20,21,22,24,27,323216212,624823324,125,16,3:3,5:1,1:3:2,奇,大,2017
2017123,2017-10-19,04 05 06 11 21 31,10,4,5,6,11,21,31,327467830,578631376,78,27,4:2,2:4,4:1:1,偶,大,2017
2017124,2017-10-22,02 06 11 26 28 29,3,2,6,11,26,28,29,352610564,582215080,102,27,2:4,3:3,3:0:3,奇,小,2017
2017125,2017-10-24,01 14 23 25 29 30,3,1,14,23,25,29,30,324821104,598302894,122,29,4:2,4:2,1:1:4,奇,小,2017
2017126,2017-10-26,01 16 17 21 27 30,16,1,16,17,21,27,30,328800104,618963440,112,29,4:2,4:2,1:3:2,偶,大,2017
2017127,2017-10-29,14 15 21 24 27 32,12,14,15,21,24,27,32,351381232,647103220,133,18,3:3,4:2,0:3:3,偶,大,2017
2017128,2017-10-31,02 06 13 22 29 31,8,2,6,13,22,29,31,323872230,588766113,103,29,3:3,3:3,2:2:2,偶,小,2017
2017129,2017-11-02,05 06 09 14 21 33,2,5,6,9,14,21,33,334351058,638652615,88,28,4:2,2:4,3:2:1,偶,小,2017
2017130,2017-11-05,05 13 14 23 25 31,2,5,13,14,23,25,31,401382016,690570120,111,26,5:1,3:3,1:2:3,偶,小,2017
2017131,2017-11-07,01 07 10 11 26 27,11,1,7,10,11,26,27,367788616,600864875,82,26,4:2,2:4,4:0:2,奇,大,2017
2017132,2017-11-09,02 03 05 09 13 28,11,2,3,5,9,13,28,377852842,633905850,60,26,4:2,1:5,4:1:1,奇,大,2017
2017133,2017-11-12,06 15 17 18 23 30,11,6,15,17,18,23,30,400247724,662957197,109,24,3:3,4:2,1:3:2,奇,大,2017
2017134,2017-11-14,04 05 11 14 28 32,4,4,5,11,14,28,32,365781644,635172616,94,28,2:4,2:4,3:1:2,偶,小,2017
2017135,2017-11-16,01 06 07 14 18 26,16,1,6,7,14,18,26,378825098,659493336,72,25,2:4,2:4,3:2:1,偶,大,2017
2017136,2017-11-19,03 07 10 18 21 24,12,3,7,10,18,21,24,401556928,614278265,83,21,3:3,3:3,3:2:1,偶,大,2017
2017137,2017-11-21,05 10 20 23 26 31,3,5,10,20,23,26,31,376184186,635431923,115,26,3:3,4:2,2:1:3,奇,小,2017
2017138,2017-11-23,01 17 24 28 32 33,2,1,17,24,28,32,33,377937674,672085896,135,32,3:3,5:1,1:1:4,偶,小,2017
2017139,2017-11-26,02 14 20 24 28 32,16,2,14,20,24,28,32,409744564,721754472,120,30,0:6,4:2,1:2:3,偶,大,2017
2017140,2017-11-28,21 22 25 28 29 30,8,21,22,25,28,29,30,376479116,687332768,155,9,3:3,6:0,0:2:4,偶,小,2017
2017141,2017-11-30,01 06 07 11 13 15,5,1,6,7,11,13,15,374075240,698733752,53,14,5:1,0:6,4:2:0,奇,小,2017
2017142,2017-12-03,08 13 14 18 23 33,6,8,13,14,18,23,33,417715258,712354014,109,25,3:3,3:3,1:3:2,偶,小,2017
2017143,2017-12-05,04 06 09 14 20 29,14,4,6,9,14,20,29,383967718,707688280,82,25,2:4,2:4,3:2:1,偶,大,2017
2017144,2017-12-07,03 14 16 20 31 32,9,3,14,16,20,31,32,394649686,696647832,116,29,2:4,3:3,1:3:2,奇,大,2017
2017145,2017-12-10,02 06 12 17 25 28,12,2,6,12,17,25,28,434698744,574055706,90,26,2:4,3:3,2:2:2,偶,大,2017
2017146,2017-12-12,01 19 25 26 27 33,10,1,19,25,26,27,33,409358700,515383281,131,32,5:1,5:1,1:1:4,偶,大,2017
2017147,2017-12-14,03 07 20 21 25 31,14,3,7,20,21,25,31,397012632,585636222,107,28,5:1,4:2,2:2:2,偶,大,2017
2017148,2017-12-17,04 07 11 14 29 32,12,4,7,11,14,29,32,419003890,558628074,97,28,3:3,2:4,3:1:2,偶,大,2017
2017149,2017-12-19,05 08 15 20 27 30,13,5,8,15,20,27,30,389703152,229382406,105,25,3:3,3:3,2:2:2,奇,大,2017
2017150,2017-12-21,06 14 19 20 21 23,8,6,14,19,20,21,23,382821120,231409917,103,17,3:3,4:2,1:4:1,偶,小,2017
2017151,2017-12-24,02 05 07 09 11 27,16,2,5,7,9,11,27,410102286,265615770,61,25,5:1,1:5,5:0:1,偶,大,2017
2017152,2017-12-26,06 10 23 25 26 29,5,6,10,23,25,26,29,367326916,270223240,119,23,3:3,4:2,2:0:4,奇,小,2017
2017153,2017-12-28,07 11 12 13 18 19,16,7,11,12,13,18,19,372349292,324719716,80,12,4:2,2:4,2:4:0,偶,大,2017
2017154,2017-12-31,05 09 13 15 18 26,5,5,9,13,15,18,26,414241024,338693168,86,21,4:2,2:4,2:3:1,奇,小,2017
2018001,2018-01-02,01 08 11 26 28 31,4,1,8,11,26,28,31,367348082,278621134,105,30,3:3,3:3,3:0:3,偶,小,2018
2018002,2018-01-04,07 18 24 29 31 33,16,7,18,24,29,31,33,351610618,338840952,142,26,4:2,5:1,1:1:4,偶,大,2018
2018003,2018-01-07,01 14 16 17 20 31,4,1,14,16,17,20,31,388121442,384536000,99,30,3:3,3:3,1:4:1,偶,小,2018
2018004,2018-01-09,14 18 19 26 30 31,11,14,18,19,26,30,31,349304820,358237373,138,17,2:4,5:1,0:3:3,奇,大,2018
2018005,2018-01-11,02 20 21 28 31 33,6,2,20,21,28,31,33,354961030,423934061,135,31,3:3,5:1,1:2:3,偶,小,2018
2018006,2018-01-14,02 07 08 09 17 29,11,2,7,8,9,17,29,387617618,425081503,72,27,4:2,2:4,4:1:1,奇,大,2018
2018007,2018-01-16,13 14 20 25 27 31,12,13,14,20,25,27,31,354279554,435109760,130,18,4:2,4:2,0:3:3,偶,大,2018
2018008,2018-01-18,05 09 10 12 17 19,13,5,9,10,12,17,19,359785672,427643568,72,14,4:2,2:4,3:3:0,奇,大,2018
2018009,2018-01-21,05 10 17 23 26 32,7,5,10,17,23,26,32,384256808,364964347,113,27,3:3,4:2,2:1:3,奇,小,2018
2018010,2018-01-23,01 08 17 20 21 22,3,1,8,17,20,21,22,351327690,385873044,89,21,3:3,4:2,2:4:0,奇,小,2018
2018011,2018-01-25,03 10 21 23 27 33,11,3,10,21,23,27,33,336871794,397713208,117,30,5:1,4:2,2:1:3,奇,大,2018
2018012,2018-01-28,11 12 13 19 26 28,12,11,12,13,19,26,28,367108128,406003688,109,17,3:3,3:3,1:3:2,偶,大,2018
2018013,2018-01-30,06 08 13 15 22 33,6,6,8,13,15,22,33,338322260,410564826,97,27,3:3,2:4,2:3:1,偶,小,2018
2018014,2018-02-01,09 12 20 24 28 31,7,9,12,20,24,28,31,341965074,370944726,124,22,2:4,4:2,1:2:3,奇,小,2018
2018015,2018-02-04,11 15 20 21 26 33,15,11,15,20,21,26,33,372995620,384707208,126,22,4:2,4:2,1:3:2,奇,大,2018
2018016,2018-02-06,01 11 12 18 25 27,16,1,11,12,18,25,27,338462386,415237924,94,26,4:2,3:3,2:2:2,偶,大,2018
2018017,2018-02-08,03 06 11 26 30 32,12,3,6,11,26,30,32,341808336,441055600,108,29,2:4,3:3,3:0:3,偶,大,2018
2018018,2018-02-11,02 12 13 18 25 27,7,2,12,13,18,25,27,364855490,426699072,97,25,3:3,3:3,1:3:2,奇,小,2018
2018019,2018-02-13,03 11 12 16 21 23,9,3,11,12,16,21,23,353382992,423300648,86,20,4:2,2:4,2:3:1,奇,大,2018
2018020,2018-02-22,06 09 10 14 28 30,5,6,9,10,14,28,30,322991340,302764704,97,24,1:5,2:4,3:1:2,奇,小,2018
2018021,2018-02-25,03 04 06 11 23 28,14,3,4,6,11,23,28,364661036,348212718,75,25,3:3,2:4,4:0:2,偶,大,2018
2018022,2018-02-27,07 14 19 21 22 23,3,7,14,19,21,22,23,333617132,371039376,106,16,4:2,4:2,1:4:1,奇,小,2018
2018023,2018-03-01,12 15 16 21 26 29,16,12,15,16,21,26,29,339395846,419696331,119,17,3:3,3:3,0:4:2,偶,大,2018
2018024,2018-03-04,11 19 22 26 31 32,2,11,19,22,26,31,32,373443496,436102047,141,21,3:3,5:1,1:2:3,偶,小,2018
2018025,2018-03-06,04 13 16 19 21 25,14,4,13,16,19,21,25,341614936,513258146,98,21,4:2,3:3,1:4:1,偶,大,2018
2018026,2018-03-08,04 07 12 14 26 32,4,4,7,12,14,26,32,341958742,537930372,95,28,1:5,2:4,2:2:2,偶,小,2018
2018027,2018-03-11,02 07 09 14 18 28,5,2,7,9,14,18,28,386579026,561561972,78,26,2:4,2:4,3:2:1,奇,小,2018
2018028,2018-03-13,03 08 11 14 18 23,16,3,8,11,14,18,23,352015830,578094167,77,20,3:3,2:4,3:2:1,偶,大,2018
2018029,2018-03-15,01 02 09 14 22 25,5,1,2,9,14,22,25,349939456,607081200,73,24,3:3,2:4,3:2:1,奇,小,2018
2018030,2018-03-18,13 14 20 21 25 33,7,13,14,20,21,25,33,388492136,673759355,126,20,4:2,4:2,0:4:2,奇,小,2018
2018031,2018-03-20,02 16 18 19 27 30,14,2,16,18,19,27,30,345048756,722002755,112,28,2:4,4:2,1:3:2,偶,大,2018
2018032,2018-03-22,21 22 23 24 25 32,6,21,22,23,24,25,32,351194914,760396749,147,11,3:3,6:0,0:2:4,偶,小,2018
2018033,2018-03-25,04 19 20 22 28 33,6,4,19,20,22,28,33,376360408,806829198,126,29,2:4,5:1,1:3:2,偶,小,2018
2018034,2018-03-27,01 05 11 22 23 26,15,1,5,11,22,23,26,348544506,823152736,88,25,4:2,3:3,3:1:2,奇,大,2018
2018035,2018-03-29,07 10 11 17 23 28,15,7,10,11,17,23,28,350309396,856009608,96,21,4:2,3:3,3:1:2,奇,大,2018
2018036,2018-04-01,08 17 24 26 28 33,4,8,17,24,26,28,33,375931002,897368156,136,25,2:4,5:1,1:1:4,偶,小,2018
2018037,2018-04-03,01 06 07 08 27 30,10,1,6,7,8,27,30,336334062,877589328,79,29,3:3,2:4,4:0:2,偶,大,2018
2018038,2018-04-05,15 23 24 25 28 29,9,15,23,24,25,28,29,303245456,888445635,144,14,4:2,5:1,0:1:5,奇,大,2018
2018039,2018-04-08,08 12 18 19 23 32,3,8,12,18,19,23,32,368394896,911280204,112,24,2:4,4:2,1:3:2,奇,小,2018
2018040,2018-04-10,01 03 08 13 18 23,16,1,3,8,13,18,23,341719534,905458752,66,22,4:2,2:4,3:2:1,偶,大,2018
2018041,2018-04-12,07 08 20 23 24 32,13,7,8,20,23,24,32,342614774,940022436,114,25,2:4,4:2,2:1:3,奇,大,2018
2018042,2018-04-15,06 10 21 28 29 31,12,6,10,21,28,29,31,373384922,912888550,125,25,3:3,4:2,2:1:3,偶,大,2018
2018043,2018-04-17,01 04 06 08 21 24,7,1,4,6,8,21,24,350595736,922258638,64,23,2:4,2:4,4:1:1,奇,小,2018
2018044,2018-04-19,05 09 12 17 27 30,6,5,9,12,17,27,30,351490126,845550354,100,25,4:2,3:3,2:2:2,偶,小,2018
2018045,2018-04-22,03 04 06 25 26 30,1,3,4,6,25,26,30,381384846,846265053,94,27,2:4,3:3,3:0:3,奇,小,2018
2018046,2018-04-24,10 13 14 18 20 31,3,10,13,14,18,20,31,341414200,903210136,106,21,2:4,3:3,1:4:1,奇,小,2018
2018047,2018-04-26,06 07 12 16 22 25,7,6,7,12,16,22,25,340211348,906138855,88,19,2:4,2:4,2:3:1,奇,小,2018
2018048,2018-04-29,01 12 20 25 30 31,2,1,12,20,25,30,31,347082070,938951220,119,30,3:3,4:2,1:2:3,偶,小,2018
2018049,2018-05-01,01 03 04 11 19 23,2,1,3,4,11,19,23,308606382,958977957,61,22,5:1,2:4,4:1:1,偶,小,2018
2018050,2018-05-03,01 02 04 10 18 19,7,1,2,4,10,18,19,332612986,969426906,54,18,2:4,2:4,4:2:0,奇,小,2018
2018051,2018-05-06,05 07 20 23 27 31,4,5,7,20,23,27,31,362286900,1002362910,113,26,5:1,4:2,2:1:3,偶,小,2018
2018052,2018-05-08,03 05 06 09 15 32,14,3,5,6,9,15,32,335132016,1030470724,70,29,4:2,1:5,4:1:1,偶,大,2018
2018053,2018-05-10,01 04 10 11 14 27,6,1,4,10,11,14,27,336743448,1036375992,67,26,3:3,1:5,4:1:1,偶,小,2018
2018054,2018-05-13,04 06 18 22 25 33,16,4,6,18,22,25,33,364343470,1075158284,108,29,2:4,4:2,2:2:2,偶,大,2018
2018055,2018-05-15,07 09 10 12 22 26,7,7,9,10,12,22,26,328077816,921156717,86,19,2:4,2:4,3:2:1,奇,小,2018
2018056,2018-05-17,01 03 06 20 21 26,1,1,3,6,20,21,26,332042280,934983896,77,25,3:3,3:3,3:2:1,奇,小,2018
2018057,2018-05-20,05 15 17 19 20 30,13,5,15,17,19,20,30,360079018,944921232,106,25,4:2,4:2,1:4:1,奇,大,2018
2018058,2018-05-22,07 12 13 16 26 31,7,7,12,13,16,26,31,328678478,936339437,105,24,3:3,2:4,1:3:2,奇,小,2018
2018059,2018-05-24,04 06 08 13 22 32,11,4,6,8,13,22,32,335528070,951572015,85,28,1:5,2:4,3:2:1,奇,大,2018
2018060,2018-05-27,04 08 13 25 30 31,10,4,8,13,25,30,31,364451892,968808575,111,27,3:3,3:3,2:1:3,偶,大,2018
2018061,2018-05-29,09 10 11 12 18 23,7,9,10,11,12,18,23,332550974,931563495,83,14,3:3,2:4,3:2:1,奇,小,2018
2018062,2018-05-31,02 18 19 24 25 33,11,2,18,19,24,25,33,326938646,955101072,121,31,3:3,5:1,1:2:3,奇,大,2018
2018063,2018-06-03,05 06 10 16 20 25,12,5,6,10,16,20,25,358387608,841729671,82,20,2:4,2:4,3:2:1,偶,大,2018
2018064,2018-06-05,02 05 10 11 17 21,5,2,5,10,11,17,21,329557586,821423304,66,19,4:2,2:4,4:2:0,奇,小,2018
2018065,2018-06-07,01 04 06 14 28 33,1,1,4,6,14,28,33,329937636,847267386,86,32,2:4,2:4,3:1:2,奇,小,2018
2018066,2018-06-10,09 16 17 19 22 26,10,9,16,17,19,22,26,357968382,846907070,109,17,3:3,4:2,1:4:1,偶,大,2018
2018067,2018-06-12,01 04 09 12 15 18,5,1,4,9,12,15,18,324647042,858719248,59,17,3:3,1:5,3:3:0,奇,小,2018
2018068,2018-06-14,08 10 17 20 27 30,1,8,10,17,20,27,30,332649368,900360000,112,22,2:4,4:2,2:2:2,奇,小,2018
2018069,2018-06-17,06 13 17 19 23 31,12,6,13,17,19,23,31,355213336,921431615,109,25,5:1,4:2,1:3:2,偶,大,2018
2018070,2018-06-19,04 09 15 16 19 27,10,4,9,15,16,19,27,339461364,907892115,90,23,4:2,2:4,2:3:1,偶,大,2018
2018071,2018-06-21,02 05 06 13 16 19,3,2,5,6,13,16,19,348880396,911477268,61,17,3:3,1:5,3:3:0,奇,小,2018
2018072,2018-06-24,11 16 19 22 25 30,8,11,16,19,22,25,30,372281494,823199206,123,19,3:3,4:2,1:3:2,偶,小,2018
2018073,2018-06-26,02 09 14 15 16 23,10,2,9,14,15,16,23,329645754,832397856,79,21,3:3,1:5,2:3:1,偶,大,2018
2018074,2018-06-28,09 11 14 20 27 30,9,9,11,14,20,27,30,327800026,813581190,111,21,3:3,3:3,2:2:2,奇,大,2018
2018075,2018-07-01,07 09 12 13 22 24,11,7,9,12,13,22,24,356378720,774033783,87,17,3:3,2:4,2:3:1,奇,大,2018
2018076,2018-07-03,03 07 08 15 29 30,13,3,7,8,15,29,30,327873252,698248210,92,27,4:2,2:4,3:1:2,奇,大,2018
2018077,2018-07-05,02 05 09 15 20 24,10,2,5,9,15,20,24,327832004,709870938,75,22,3:3,2:4,3:2:1,偶,大,2018
2018078,2018-07-08,03 10 14 17 18 30,12,3,10,14,17,18,30,358569878,721951374,92,27,2:4,3:3,2:3:1,偶,大,2018
2018079,2018-07-10,14 15 17 22 24 29,13,14,15,17,22,24,29,327442428,782146094,121,15,3:3,4:2,0:4:2,奇,大,2018
2018080,2018-07-12,04 07 13 20 29 33,3,4,7,13,20,29,33,325310442,805444602,106,29,4:2,3:3,2:2:2,奇,小,2018
2018081,2018-07-15,01 02 12 16 20 26,3,1,2,12,16,20,26,349698540,837010055,77,25,1:5,2:4,2:3:1,奇,小,2018
2018082,2018-07-17,06 12 14 20 22 24,9,6,12,14,20,22,24,319081284,838703256,98,18,0:6,3:3,1:4:1,奇,大,2018
2018083,2018-07-19,04 09 18 21 32 33,3,4,9,18,21,32,33,323565026,843134325,117,29,3:3,4:2,2:2:2,奇,小,2018
2018084,2018-07-22,05 06 08 12 22 24,3,5,6,8,12,22,24,347865554,821610647,77,19,1:5,2:4,3:2:1,奇,小,2018
2018085,2018-07-24,04 10 25 26 30 33,6,4,10,25,26,30,33,322576362,815513264,128,29,2:4,4:2,2:0:4,偶,小,2018
2018086,2018-07-26,02 07 17 21 23 26,16,2,7,17,21,23,26,322631262,767052918,96,24,4:2,4:2,2:2:2,偶,大,2018
2018087,2018-07-29,01 05 10 16 18 31,3,1,5,10,16,18,31,348603358,821914596,81,30,3:3,2:4,3:2:1,奇,小,2018
2018088,2018-07-31,03 05 12 29 30 32,14,3,5,12,29,30,32,315199378,832943120,111,29,3:3,3:3,2:1:3,偶,大,2018
2018089,2018-08-02,06 09 12 14 18 27,14,6,9,12,14,18,27,312432712,864705795,86,21,2:4,2:4,2:3:1,偶,大,2018
2018090,2018-08-05,01 02 04 10 14 23,7,1,2,4,10,14,23,340370390,830323212,54,22,2:4,1:5,4:1:1,奇,小,2018
2018091,2018-08-07,06 11 13 17 25 32,7,6,11,13,17,25,32,315853082,854322188,104,26,4:2,3:3,2:2:2,奇,小,2018
2018092,2018-08-09,06 10 16 19 24 33,16,6,10,16,19,24,33,318819890,921043817,108,27,2:4,3:3,2:2:2,偶,大,2018
2018093,2018-08-12,04 18 20 21 29 33,7,4,18,20,21,29,33,341609166,962368068,125,29,3:3,5:1,1:3:2,奇,小,2018
2018094,2018-08-14,04 07 16 20 24 30,5,4,7,16,20,24,30,314204036,1023528004,101,26,1:5,3:3,2:2:2,奇,小,2018
2018095,2018-08-16,10 11 12 21 26 33,9,10,11,12,21,26,33,320539494,1045113520,113,23,3:3,3:3,2:2:2,奇,大,2018
2018096,2018-08-19,01 05 09 20 28 32,12,1,5,9,20,28,32,338691852,965286126,95,31,3:3,3:3,3:1:2,偶,大,2018
2018097,2018-08-21,01 02 17 20 25 28,13,1,2,17,20,25,28,313501772,1024508131,93,27,3:3,4:2,2:2:2,奇,大,2018
2018098,2018-08-23,06 10 11 20 29 32,13,6,10,11,20,29,32,314746902,1037348433,108,26,2:4,3:3,3:1:2,奇,大,2018
2018099,2018-08-26,03 07 08 14 25 32,6,3,7,8,14,25,32,339383254,1013742168,89,29,3:3,2:4,3:1:2,偶,小,2018
2018100,2018-08-28,02 11 14 15 29 33,2,2,11,14,15,29,33,309533260,1047796176,104,31,4:2,2:4,2:2:2,偶,小,2018
2018101,2018-08-30,01 03 14 26 29 33,9,1,3,14,26,29,33,308676480,1062181270,106,32,4:2,3:3,2:1:3,奇,大,2018
2018102,2018-09-02,02 06 11 19 21 28,5,2,6,11,19,21,28,340812198,1085333716,87,26,3:3,3:3,3:2:1,奇,小,2018
2018103,2018-09-04,02 09 15 22 23 24,16,2,9,15,22,23,24,314574584,1103208722,95,22,3:3,3:3,2:2:2,偶,大,2018
2018104,2018-09-06,02 03 06 19 25 29,1,2,3,6,19,25,29,312637426,1128194345,84,27,4:2,3:3,3:1:2,奇,小,2018
2018105,2018-09-09,04 05 13 18 19 25,1,4,5,13,18,19,25,343324268,1102004192,84,21,4:2,3:3,2:3:1,奇,小,2018
2018106,2018-09-11,04 18 19 24 25 26,10,4,18,19,24,25,26,312096980,1119736168,116,22,2:4,5:1,1:2:3,偶,大,2018
2018107,2018-09-13,01 02 05 12 20 22,1,1,2,5,12,20,22,317508712,1146472338,62,21,2:4,2:4,3:3:0,奇,小,2018
2018108,2018-09-16,05 13 18 21 26 30,2,5,13,18,21,26,30,322147946,1088482714,113,25,3:3,4:2,1:3:2,偶,小,2018
2018109,2018-09-18,10 11 18 23 31 33,15,10,11,18,23,31,33,306989720,1104585752,126,23,4:2,4:2,2:1:3,奇,大,2018
2018110,2018-09-20,11 13 16 21 22 23,2,11,13,16,21,22,23,307066624,1161612266,106,12,4:2,3:3,1:4:1,偶,小,2018
2018111,2018-09-23,01 07 14 24 25 28,8,1,7,14,24,25,28,320180512,1123718442,99,27,3:3,3:3,2:1:3,偶,小,2018
2018112,2018-09-25,05 08 18 25 26 31,4,5,8,18,25,26,31,302328982,1101702921,113,26,3:3,4:2,2:1:3,偶,小,2018
2018113,2018-09-27,01 06 09 16 25 26,9,1,6,9,16,25,26,314160394,1073781687,83,25,3:3,2:4,3:1:2,奇,大,2018
2018114,2018-09-30,01 07 15 16 20 27,14,1,7,15,16,20,27,336072030,1092970758,86,26,4:2,2:4,2:3:1,偶,大,2018
2018115,2018-10-02,01 13 19 24 26 29,11,1,13,19,24,26,29,273986534,1121020227,112,28,4:2,4:2,1:2:3,奇,大,2018
2018116,2018-10-04,05 14 17 22 23 28,15,5,14,17,22,23,28,281786404,938345496,109,23,3:3,4:2,1:3:2,奇,大,2018
2018117,2018-10-07,08 11 15 17 23 25,5,8,11,15,17,23,25,340052040,954956874,99,17,5:1,3:3,2:2:2,奇,小,2018
2018118,2018-10-09,08 12 21 22 27 31,9,8,12,21,22,27,31,322015414,956670540,121,23,3:3,4:2,1:3:2,奇,大,2018
2018119,2018-10-11,03 13 14 16 25 27,12,3,13,14,16,25,27,328321394,935364310,98,24,4:2,2:4,1:3:2,偶,大,2018
2018120,2018-10-14,03 04 18 26 27 33,1,3,4,18,26,27,33,357215818,973089335,111,30,3:3,4:2,2:1:3,奇,小,2018
2018121,2018-10-16,06 08 14 19 23 25,11,6,8,14,19,23,25,321305376,962509317,95,19,3:3,3:3,2:2:2,奇,大,2018
2018122,2018-10-18,05 07 20 22 30 32,10,5,7,20,22,30,32,327644802,827873755,116,27,2:4,4:2,2:2:2,偶,大,2018
2018123,2018-10-21,13 21 24 27 31 32,1,13,21,24,27,31,32,410429482,867467741,148,19,4:2,5:1,0:2:4,奇,小,2018
2018124,2018-10-23,09 13 14 19 22 25,2,9,13,14,19,22,25,378069006,894677451,102,16,4:2,3:3,1:4:1,偶,小,2018
2018125,2018-10-25,03 10 11 14 15 32,2,3,10,11,14,15,32,391293382,961703467,85,29,3:3,1:5,3:2:1,偶,小,2018
2018126,2018-10-28,01 06 08 09 14 22,5,1,6,8,9,14,22,415778246,978656335,60,21,2:4,1:5,4:2:0,奇,小,2018
2018127,2018-10-30,02 05 06 07 11 15,12,2,5,6,7,11,15,383266268,964241444,46,13,4:2,0:6,5:1:0,偶,大,2018
2018128,2018-11-01,06 07 08 19 22 23,2,6,7,8,19,22,23,388471822,976588973,85,17,3:3,3:3,3:2:1,偶,小,2018
2018129,2018-11-04,02 04 06 16 18 19,16,2,4,6,16,18,19,418290398,1013358099,65,17,1:5,2:4,3:3:0,偶,大,2018
2018130,2018-11-06,05 12 17 18 24 28,12,5,12,17,18,24,28,374274632,978511798,104,23,2:4,4:2,1:3:2,偶,大,2018
2018131,2018-11-08,21 22 24 31 32 33,1,21,22,24,31,32,33,383809176,1050270214,163,12,3:3,6:0,0:2:4,奇,小,2018
2018132,2018-11-11,01 02 09 10 15 22,6,1,2,9,10,15,22,408709916,1043966776,59,21,3:3,1:5,4:2:0,偶,小,2018
2018133,2018-11-13,02 04 11 12 18 32,13,2,4,11,12,18,32,374106026,1084505788,79,30,1:5,2:4,3:2:1,奇,大,2018
2018134,2018-11-15,03 16 18 31 32 33,12,3,16,18,31,32,33,377767366,1084959009,133,30,3:3,4:2,1:2:3,偶,大,2018
2018135,2018-11-18,01 03 06 10 11 29,16,1,3,6,10,11,29,406719454,1138385085,60,28,4:2,1:5,5:0:1,偶,大,2018
2018136,2018-11-20,10 12 15 25 26 27,14,10,12,15,25,26,27,377111910,1166942493,115,17,3:3,3:3,1:2:3,偶,大,2018
2018137,2018-11-22,03 05 11 15 20 23,9,3,5,11,15,20,23,379485292,1152259559,77,20,5:1,2:4,3:2:1,奇,大,2018
2018138,2018-11-25,01 10 25 27 30 32,9,1,10,25,27,30,32,412013682,1213413511,125,31,3:3,4:2,2:0:4,奇,大,2018
2018139,2018-11-27,11 18 20 23 31 32,15,11,18,20,23,31,32,380559364,1221766906,135,21,3:3,5:1,1:2:3,奇,大,2018
2018140,2018-11-29,01 15 20 22 25 28,14,1,15,20,22,25,28,386006162,1320037180,111,27,3:3,4:2,1:3:2,偶,大,2018
2018141,2018-12-02,11 14 16 18 24 33,4,11,14,16,18,24,33,416166816,1385805866,116,22,2:4,3:3,1:3:2,偶,小,2018
2018142,2018-12-04,05 08 10 11 27 28,11,5,8,10,11,27,28,390581690,1343493083,89,23,3:3,2:4,4:0:2,奇,大,2018
2018143,2018-12-06,04 06 15 28 32 33,14,4,6,15,28,32,33,373157016,1328627871,118,29,2:4,3:3,2:1:3,偶,大,2018
2018144,2018-12-09,08 13 17 18 20 27,13,8,13,17,18,20,27,387956028,1403504611,103,19,3:3,4:2,1:4:1,奇,大,2018
2018145,2018-12-11,03 09 13 22 23 25,6,3,9,13,22,23,25,349376292,1333080271,95,22,5:1,3:3,2:2:2,偶,小,2018
2018146,2018-12-13,02 10 11 17 18 29,16,2,10,11,17,18,29,345409226,1317986374,87,27,3:3,3:3,3:2:1,偶,大,2018
2018147,2018-12-16,03 15 17 23 27 30,11,3,15,17,23,27,30,378419434,1319726677,115,27,5:1,4:2,1:2:3,奇,大,2018
2018148,2018-12-18,03 06 18 19 21 31,1,3,6,18,19,21,31,346743178,1315102044,98,28,4:2,4:2,2:3:1,奇,小,2018
2018149,2018-12-20,01 07 08 10 12 24,1,1,7,8,10,12,24,353364860,1312652452,62,23,2:4,1:5,4:1:1,奇,小,2018
2018150,2018-12-23,06 08 15 19 20 31,5,6,8,15,19,20,31,377320206,1289430060,99,25,3:3,3:3,2:3:1,奇,小,2018
2018151,2018-12-25,05 15 19 25 26 29,15,5,15,19,25,26,29,345353380,1321227399,119,24,5:1,4:2,1:2:3,奇,大,2018
2018152,2018-12-27,04 14 16 23 28 29,3,4,14,16,23,28,29,342935808,1247608325,114,25,2:4,3:3,1:2:3,奇,小,2018
2018153,2018-12-30,01 07 17 23 25 31,11,1,7,17,23,25,31,363663410,1289528301,104,30,6:0,4:2,2:1:3,奇,大,2018
2019001,2019-01-01,06 10 13 15 32 33,15,6,10,13,15,32,33,341453440,1283324272,109,27,3:3,2:4,2:2:2,奇,大,2019
2019002,2019-01-03,04 05 06 08 09 18,11,4,5,6,8,9,18,345144344,1294586730,50,14,2:4,1:5,5:1:0,奇,大,2019
2019003,2019-01-06,13 17 20 21 22 27,1,13,17,20,21,22,27,373728002,1333321882,120,14,4:2,5:1,0:5:1,奇,小,2019
2019004,2019-01-08,08 12 16 19 26 32,3,8,12,16,19,26,32,338080388,1346750738,113,24,1:5,3:3,1:3:2,奇,小,2019
2019005,2019-01-10,21 22 26 28 31 32,7,21,22,26,28,31,32,343365078,1326043660,160,11,2:4,6:0,0:2:4,奇,小,2019
2019006,2019-01-13,01 05 10 19 26 28,12,1,5,10,19,26,28,375825296,1211353738,89,27,3:3,3:3,3:1:2,偶,大,2019
2019007,2019-01-15,06 10 14 15 19 23,15,6,10,14,15,19,23,340543166,1223439184,87,17,3:3,2:4,2:3:1,奇,大,2019
2019008,2019-01-17,02 06 09 13 28 32,12,2,6,9,13,28,32,342498692,1255320435,90,30,2:4,2:4,3:1:2,偶,大,2019
2019009,2019-01-20,01 07 10 22 31 32,15,1,7,10,22,31,32,376873348,1267633646,103,31,3:3,3:3,3:1:2,奇,大,2019
2019010,2019-01-22,02 04 05 08 11 30,2,2,4,5,8,11,30,336769874,1223708496,60,28,2:4,1:5,5:0:1,偶,小,2019
2019011,2019-01-24,10 13 19 21 24 30,7,10,13,19,21,24,30,340431350,1245829570,117,20,3:3,4:2,1:3:2,奇,小,2019
2019012,2019-01-27,07 10 21 23 31 33,14,7,10,21,23,31,33,370443836,1303808580,125,26,5:1,4:2,2:1:3,偶,大,2019
2019013,2019-01-29,05 07 14 16 18 21,1,5,7,14,16,18,21,332648408,1347698265,81,16,3:3,2:4,2:4:0,奇,小,2019
2019014,2019-01-31,01 02 03 14 19 33,3,1,2,3,14,19,33,327526362,1364355844,72,32,4:2,2:4,3:2:1,奇,小,2019
2019015,2019-02-03,11 15 16 20 24 31,4,11,15,16,20,24,31,386508326,1352193873,117,20,3:3,3:3,1:3:2,偶,小,2019
2019016,2019-02-12,05 07 09 11 19 25,5,5,7,9,11,19,25,314659700,1334598348,76,20,6:0,2:4,4:1:1,奇,小,2019
2019017,2019-02-14,04 05 24 28 30 33,9,4,5,24,28,30,33,312764888,1355934705,124,29,2:4,4:2,2:0:4,奇,大,2019
2019018,2019-02-17,04 11 18 19 26 32,4,4,11,18,19,26,32,349743310,1370346090,110,28,2:4,4:2,2:2:2,偶,小,2019
2019019,2019-02-19,03 11 17 18 24 25,6,3,11,17,18,24,25,326400930,1285383840,98,22,4:2,4:2,2:2:2,偶,小,2019
2019020,2019-02-21,02 12 13 23 27 28,12,2,12,13,23,27,28,330603914,1268982145,105,26,3:3,3:3,1:2:3,偶,大,2019
2019021,2019-02-24,02 05 07 08 20 27,4,2,5,7,8,20,27,370839306,1301850849,69,25,3:3,2:4,4:1:1,偶,小,2019
2019022,2019-02-26,03 07 11 21 30 33,7,3,7,11,21,30,33,338829860,1233143388,105,30,5:1,3:3,3:1:2,奇,小,2019
2019023,2019-02-28,01 10 14 15 18 31,13,1,10,14,15,18,31,353488994,1207046316,89,30,3:3,2:4,2:3:1,奇,大,2019
2019024,2019-03-03,01 08 23 25 28 29,10,1,8,23,25,28,29,384117562,1209747493,114,28,4:2,4:2,2:0:4,偶,大,2019
2019025,2019-03-05,15 16 21 27 30 33,4,15,16,21,27,30,33,345714892,1246342879,142,18,4:2,4:2,0:3:3,偶,小,2019
2019026,2019-03-07,03 13 15 19 20 27,14,3,13,15,19,20,27,349411720,1242805065,97,24,5:1,3:3,1:4:1,偶,大,2019
2019027,2019-03-10,02 06 08 10 11 17,13,2,6,8,10,11,17,393236612,1257385558,54,15,2:4,1:5,5:1:0,奇,大,2019
2019028,2019-03-12,04 19 22 26 29 30,11,4,19,22,26,29,30,356878622,1244140628,130,26,2:4,5:1,1:2:3,奇,大,2019
2019029,2019-03-14,08 11 17 23 32 33,10,8,11,17,23,32,33,358515950,1269306832,124,25,4:2,4:2,2:1:3,偶,大,2019
2019030,2019-03-17,04 05 07 10 12 22,16,4,5,7,10,12,22,392415448,1240512761,60,18,2:4,1:5,4:2:0,偶,大,2019
2019031,2019-03-19,03 13 15 18 21 33,16,3,13,15,18,21,33,358344316,1276420305,103,30,5:1,3:3,1:4:1,偶,大,2019
2019032,2019-03-21,04 08 09 13 28 33,4,4,8,9,13,28,33,353034100,1308932812,95,29,3:3,2:4,3:1:2,偶,小,2019
2019033,2019-03-24,09 15 19 21 23 29,15,9,15,19,21,23,29,385168218,1259439534,116,20,6:0,4:2,1:3:2,奇,大,2019
2019034,2019-03-26,09 11 15 22 24 26,3,9,11,15,22,24,26,354652922,1263277472,107,17,3:3,3:3,2:2:2,奇,小,2019
2019035,2019-03-28,01 05 07 09 10 20,16,1,5,7,9,10,20,354951028,1269805979,52,19,4:2,1:5,5:1:0,偶,大,2019
2019036,2019-03-31,02 10 13 16 23 32,8,2,10,13,16,23,32,383547756,1164805979,96,30,2:4,2:4,2:2:2,偶,小,2019
2019037,2019-04-02,01 07 12 14 18 25,10,1,7,12,14,18,25,344923376,1154793537,77,24,3:3,2:4,2:3:1,偶,大,2019
2019038,2019-04-04,09 12 21 27 29 30,5,9,12,21,27,29,30,335328036,1138999919,128,21,4:2,4:2,1:2:3,奇,小,2019
2019039,2019-04-07,06 07 11 14 27 32,8,6,7,11,14,27,32,363128750,1122075950,97,26,3:3,2:4,3:1:2,偶,小,2019
2019040,2019-04-09,05 06 09 18 23 31,11,5,6,9,18,23,31,335974062,1118623191,92,26,4:2,3:3,3:1:2,奇,大,2019
2019041,2019-04-11,02 09 13 23 24 26,16,2,9,13,23,24,26,347145834,1183587505,97,24,3:3,3:3,2:1:3,偶,大,2019
2019042,2019-04-14,15 17 19 22 25 26,4,15,17,19,22,25,26,376134240,1220955571,124,11,4:2,5:1,0:4:2,偶,小,2019
2019043,2019-04-16,01 06 12 13 24 32,13,1,6,12,13,24,32,345296562,1275191954,88,31,2:4,2:4,2:2:2,奇,大,2019
2019044,2019-04-18,06 14 16 17 23 29,7,6,14,16,17,23,29,350579948,1246753637,105,23,3:3,3:3,1:3:2,奇,小,2019
2019045,2019-04-21,01 06 17 19 27 31,14,1,6,17,19,27,31,380577960,1272816559,101,30,5:1,4:2,2:2:2,偶,大,2019
2019046,2019-04-23,02 12 16 22 25 32,6,2,12,16,22,25,32,349236650,1227436396,109,30,1:5,3:3,1:3:2,偶,小,2019
2019047,2019-04-25,03 11 18 25 30 33,14,3,11,18,25,30,33,349665886,1297945208,120,30,4:2,4:2,2:1:3,偶,大,2019
2019048,2019-04-28,03 07 10 12 18 29,10,3,7,10,12,18,29,379210874,1307482004,79,26,3:3,2:4,3:2:1,偶,大,2019
2019049,2019-04-30,03 10 13 22 23 28,15,3,10,13,22,23,28,333775314,1300906020,99,25,3:3,3:3,2:2:2,奇,大,2019
2019050,2019-05-02,04 06 10 11 21 23,2,4,6,10,11,21,23,311858860,1276546288,75,19,3:3,2:4,4:1:1,偶,小,2019
2019051,2019-05-05,08 09 10 13 15 28,9,8,9,10,13,15,28,371316762,1229559631,83,20,3:3,1:5,3:2:1,奇,大,2019
2019052,2019-05-07,03 06 09 13 16 19,16,3,6,9,13,16,19,342251970,514041918,66,16,4:2,1:5,3:3:0,偶,大,2019
2019053,2019-05-09,04 16 22 25 29 31,8,4,16,22,25,29,31,345533966,486040155,127,27,3:3,4:2,1:2:3,偶,小,2019
2019054,2019-05-12,07 10 11 15 24 26,11,7,10,11,15,24,26,376075414,484344441,93,19,3:3,2:4,3:1:2,奇,大,2019
2019055,2019-05-14,01 06 11 15 19 31,10,1,6,11,15,19,31,350070872,531777347,83,30,5:1,2:4,3:2:1,偶,大,2019
2019056,2019-05-16,13 14 17 19 21 29,1,13,14,17,19,21,29,351267630,579319269,113,16,5:1,4:2,0:5:1,奇,小,2019
2019057,2019-05-19,04 05 06 08 13 18,16,4,5,6,8,13,18,372560948,606231938,54,14,2:4,1:5,4:2:0,偶,大,2019
2019058,2019-05-21,07 08 12 21 23 27,12,7,8,12,21,23,27,339299672,520571254,98,20,4:2,3:3,2:2:2,偶,大,2019
2019059,2019-05-23,04 05 07 09 16 18,6,4,5,7,9,16,18,345567246,561383166,59,14,3:3,1:5,4:2:0,偶,小,2019
2019060,2019-05-26,03 04 14 20 23 27,1,3,4,14,20,23,27,367103342,628604946,91,24,3:3,3:3,2:2:2,奇,小,2019
2019061,2019-05-28,03 17 19 24 27 31,12,3,17,19,24,27,31,335296666,655425812,121,28,5:1,5:1,1:2:3,偶,大,2019
2019062,2019-05-30,07 13 16 23 26 30,1,7,13,16,23,26,30,339468976,684734277,115,23,3:3,3:3,1:2:3,奇,小,2019
2019063,2019-06-02,01 14 19 22 29 31,16,1,14,19,22,29,31,361222550,718713061,116,30,4:2,4:2,1:3:2,偶,大,2019
2019064,2019-06-04,12 20 24 25 30 33,12,12,20,24,25,30,33,331639006,743421022,144,21,2:4,5:1,0:2:4,偶,大,2019
2019065,2019-06-06,06 09 11 15 20 26,10,6,9,11,15,20,26,327400036,737867862,87,20,3:3,2:4,3:2:1,偶,大,2019
2019066,2019-06-09,01 14 17 20 22 32,4,1,14,17,20,22,32,354505682,765994853,106,31,2:4,4:2,1:4:1,偶,小,2019
2019067,2019-06-11,04 06 08 11 30 33,11,4,6,8,11,30,33,330381956,781887228,92,29,2:4,2:4,4:0:2,奇,大,2019
2019068,2019-06-13,03 14 20 24 26 33,10,3,14,20,24,26,33,331635522,802934315,120,30,2:4,4:2,1:2:3,偶,大,2019
2019069,2019-06-16,06 11 16 19 21 25,1,6,11,16,19,21,25,370103190,813208375,98,19,4:2,3:3,2:3:1,奇,小,2019
2019070,2019-06-18,06 15 18 19 24 32,9,6,15,18,19,24,32,335727814,839590047,114,26,2:4,4:2,1:3:2,奇,大,2019
2019071,2019-06-20,01 08 19 24 29 30,4,1,8,19,24,29,30,338921834,779942491,111,29,3:3,4:2,2:1:3,偶,小,2019
2019072,2019-06-23,02 09 13 15 22 30,15,2,9,13,15,22,30,366310328,784809688,91,28,3:3,2:4,2:3:1,奇,大,2019
2019073,2019-06-25,01 02 06 12 16 18,8,1,2,6,12,16,18,334373706,731798593,55,17,1:5,1:5,3:3:0,偶,小,2019
2019074,2019-06-27,12 21 27 29 31 33,4,12,21,27,29,31,33,339313032,777279978,153,21,5:1,5:1,0:2:4,偶,小,2019
2019075,2019-06-30,05 08 20 22 31 33,3,5,8,20,22,31,33,356452390,825389586,119,28,3:3,4:2,2:2:2,奇,小,2019
2019076,2019-07-02,12 15 19 20 29 32,14,12,15,19,20,29,32,327737064,860745165,127,20,3:3,4:2,0:4:2,偶,大,2019
2019077,2019-07-04,09 11 13 18 21 22,15,9,11,13,18,21,22,331156004,928983242,94,13,4:2,3:3,2:4:0,奇,大,2019
2019078,2019-07-07,01 17 27 29 31 33,12,1,17,27,29,31,33,358699764,911692755,138,32,6:0,5:1,1:1:4,偶,大,2019
2019079,2019-07-09,01 03 06 09 19 31,16,1,3,6,9,19,31,324952306,884700186,69,30,5:1,2:4,4:1:1,偶,大,2019
2019080,2019-07-11,03 06 08 20 24 32,7,3,6,8,20,24,32,333601616,878626031,93,29,1:5,3:3,3:1:2,奇,小,2019
2019081,2019-07-14,05 24 27 29 31 32,10,5,24,27,29,31,32,359862504,907395563,148,27,4:2,5:1,1:0:5,偶,大,2019
2019082,2019-07-16,07 16 19 22 24 28,2,7,16,19,22,24,28,328221990,927370251,116,21,2:4,4:2,1:3:2,偶,小,2019
2019083,2019-07-18,06 15 17 26 28 31,3,6,15,17,26,28,31,329029762,926738145,123,25,3:3,4:2,1:2:3,奇,小,2019
2019084,2019-07-21,04 08 14 18 20 27,3,4,8,14,18,20,27,356282880,892130280,91,23,1:5,3:3,2:3:1,奇,小,2019
2019085,2019-07-23,01 04 14 18 24 29,4,1,4,14,18,24,29,322387974,882276151,90,28,2:4,3:3,2:2:2,偶,小,2019
2019086,2019-07-25,16 22 24 26 28 31,6,16,22,24,26,28,31,318423888,868561562,147,15,1:5,5:1,0:2:4,偶,小,2019
2019087,2019-07-28,04 05 07 09 21 30,4,4,5,7,9,21,30,348495228,904387916,76,26,4:2,2:4,4:1:1,偶,小,2019
2019088,2019-07-30,13 14 15 21 23 29,13,13,14,15,21,23,29,320442344,848907760,115,16,5:1,3:3,0:4:2,奇,大,2019
2019089,2019-08-01,02 04 14 16 20 22,11,2,4,14,16,20,22,321183320,851666935,78,20,0:6,2:4,2:4:0,奇,大,2019
2019090,2019-08-04,02 03 06 08 14 22,4,2,3,6,8,14,22,355808718,912434874,55,20,1:5,1:5,4:2:0,偶,小,2019
2019091,2019-08-06,07 10 21 24 29 32,11,7,10,21,24,29,32,321773688,965901226,123,25,3:3,4:2,2:1:3,奇,大,2019
2019092,2019-08-08,09 17 27 28 32 33,8,9,17,27,28,32,33,325113036,961868391,146,24,4:2,5:1,1:1:4,偶,小,2019
2019093,2019-08-11,05 07 08 09 20 22,2,5,7,8,9,20,22,343851622,870686214,71,17,3:3,2:4,4:2:0,偶,小,2019
2019094,2019-08-13,05 10 12 18 19 27,6,5,10,12,18,19,27,318739184,870773310,91,22,3:3,3:3,2:3:1,偶,小,2019
2019095,2019-08-15,02 05 14 19 21 28,1,2,5,14,19,21,28,327102912,908224516,89,26,3:3,3:3,2:3:1,奇,小,2019
2019096,2019-08-18,05 07 12 18 27 32,11,5,7,12,18,27,32,355103324,720969696,101,27,3:3,3:3,2:2:2,奇,大,2019
2019097,2019-08-20,03 05 18 24 25 31,9,3,5,18,24,25,31,328319954,729874065,106,28,4:2,4:2,2:1:3,奇,大,2019
2019098,2019-08-22,03 11 12 14 17 26,9,3,11,12,14,17,26,334187522,759762439,83,23,3:3,2:4,2:3:1,奇,大,2019
2019099,2019-08-25,07 14 22 23 27 30,8,7,14,22,23,27,30,355328056,667283924,123,23,3:3,4:2,1:2:3,偶,小,2019
2019100,2019-08-27,01 04 12 13 30 32,8,1,4,12,13,30,32,334319180,720116287,92,31,2:4,2:4,2:2:2,偶,小,2019
2019101,2019-08-29,01 04 09 21 31 33,5,1,4,9,21,31,33,336008906,716370043,99,32,5:1,3:3,3:1:2,奇,小,2019
2019102,2019-09-01,03 08 12 16 20 32,12,3,8,12,16,20,32,365310214,665286304,91,29,1:5,2:4,2:3:1,偶,大,2019
2019103,2019-09-03,04 12 14 21 27 29,12,4,12,14,21,27,29,334444954,726754909,107,25,3:3,3:3,1:3:2,偶,大,2019
2019104,2019-09-05,01 05 16 17 18 24,10,1,5,16,17,18,24,336503558,727332881,81,23,3:3,3:3,2:3:1,偶,大,2019
2019105,2019-09-08,02 13 15 17 26 33,1,2,13,15,17,26,33,365092568,754476375,106,31,4:2,3:3,1:3:2,奇,小,2019
2019106,2019-09-10,02 14 22 27 30 33,14,2,14,22,27,30,33,330410652,799590658,128,31,2:4,4:2,1:2:3,偶,大,2019
2019107,2019-09-12,02 06 08 23 27 32,2,2,6,8,23,27,32,326852234,856645293,98,30,2:4,3:3,3:0:3,偶,小,2019
2019108,2019-09-15,07 13 19 22 25 32,13,7,13,19,22,25,32,361553454,842165456,118,25,4:2,4:2,1:3:2,奇,大,2019
2019109,2019-09-17,03 06 07 17 28 31,10,3,6,7,17,28,31,339057352,862636404,92,28,4:2,3:3,3:1:2,偶,大,2019
2019110,2019-09-19,01 18 22 26 27 28,8,1,18,22,26,27,28,345297696,869553104,122,27,2:4,5:1,1:2:3,偶,小,2019
2019111,2019-09-22,07 18 20 22 24 33,1,7,18,20,22,24,33,371095278,907833069,124,26,2:4,5:1,1:3:2,奇,小,2019
2019112,2019-09-24,03 12 14 17 23 27,1,3,12,14,17,23,27,335430712,939911612,96,24,4:2,3:3,1:3:2,奇,小,2019
2019113,2019-09-26,01 05 19 21 25 33,15,1,5,19,21,25,33,339648916,966030310,104,32,6:0,4:2,2:2:2,奇,大,2019
2019114,2019-09-29,02 04 09 11 12 30,1,2,4,9,11,12,30,372847052,1016450569,68,28,2:4,1:5,4:1:1,奇,小,2019
2019115,2019-10-08,04 10 11 14 15 29,5,4,10,11,14,15,29,354033692,1023230427,83,25,3:3,1:5,3:2:1,奇,小,2019
2019116,2019-10-10,01 08 09 13 16 33,1,1,8,9,13,16,33,336502106,1047187205,80,32,4:2,1:5,3:2:1,奇,小,2019
2019117,2019-10-13,03 05 11 28 32 33,1,3,5,11,28,32,33,358734764,1085958852,112,30,4:2,3:3,3:0:3,奇,小,2019
2019118,2019-10-15,12 14 15 25 28 31,4,12,14,15,25,28,31,329400746,1105685807,125,19,3:3,3:3,0:3:3,偶,小,2019
2019119,2019-10-17,04 20 22 24 26 33,7,4,20,22,24,26,33,332545590,1089354655,129,29,1:5,5:1,1:2:3,奇,小,2019
2019120,2019-10-20,10 12 27 31 32 33,3,10,12,27,31,32,33,361613906,1117954087,145,23,3:3,4:2,1:1:4,奇,小,2019
2019121,2019-10-22,02 06 15 21 30 31,2,2,6,15,21,30,31,334748934,1091862134,105,29,3:3,3:3,2:2:2,偶,小,2019
2019122,2019-10-24,04 10 15 19 21 23,2,4,10,15,19,21,23,334989390,1131287397,92,19,4:2,3:3,2:3:1,偶,小,2019
2019123,2019-10-27,02 06 08 17 28 30,6,2,6,8,17,28,30,360609038,1067428638,91,28,1:5,3:3,3:1:2,偶,小,2019
2019124,2019-10-29,04 09 30 31 32 33,1,4,9,30,31,32,33,337939626,1042703541,139,29,3:3,4:2,2:0:4,奇,小,2019
2019125,2019-10-31,02 11 12 26 27 29,3,2,11,12,26,27,29,342491160,1054933143,107,27,3:3,3:3,2:1:3,奇,小,2019
2019126,2019-11-03,02 14 17 29 32 33,16,2,14,17,29,32,33,369776508,1062273688,127,31,3:3,4:2,1:2:3,偶,大,2019
2019127,2019-11-05,02 06 07 12 17 24,10,2,6,7,12,17,24,338393664,1027292513,68,22,2:4,2:4,3:2:1,偶,大,2019
2019128,2019-11-07,03 08 12 16 17 19,8,3,8,12,16,17,19,342336168,1008312621,75,16,3:3,2:4,2:4:0,偶,小,2019
2019129,2019-11-10,03 04 07 09 15 26,7,3,4,7,9,15,26,442669038,952320130,64,23,4:2,1:5,4:1:1,奇,小,2019
2019130,2019-11-12,01 07 09 11 24 32,16,1,7,9,11,24,32,418172282,951230446,84,31,4:2,2:4,4:0:2,偶,大,2019
2019131,2019-11-14,09 17 19 20 24 31,4,9,17,19,20,24,31,413548024,955790186,120,22,4:2,5:1,1:3:2,偶,小,2019
2019132,2019-11-17,04 06 11 14 19 33,7,4,6,11,14,19,33,443878462,981615374,87,29,3:3,2:4,3:2:1,奇,小,2019
2019133,2019-11-19,03 07 16 21 24 31,7,3,7,16,21,24,31,412973230,997265432,102,28,4:2,3:3,2:2:2,奇,小,2019
2019134,2019-11-21,01 04 06 22 29 30,3,1,4,6,22,29,30,424644500,1027388308,92,29,2:4,3:3,3:1:2,奇,小,2019
2019135,2019-11-24,03 06 10 11 27 33,3,3,6,10,11,27,33,448749008,1086229996,90,30,4:2,2:4,4:0:2,奇,小,2019
2019136,2019-11-26,12 14 15 17 29 33,12,12,14,15,17,29,33,411048748,1105571297,120,21,4:2,3:3,0:4:2,偶,大,2019
2019137,2019-11-28,07 10 13 19 23 31,6,7,10,13,19,23,31,414318454,1015204480,103,24,5:1,3:3,2:2:2,偶,小,2019
2019138,2019-12-01,02 06 12 30 31 32,11,2,6,12,30,31,32,455574142,986542917,113,30,1:5,3:3,2:1:3,奇,大,2019
2019139,2019-12-03,08 14 20 23 30 33,11,8,14,20,23,30,33,420684332,1043301115,128,25,2:4,4:2,1:2:3,奇,大,2019
2019140,2019-12-05,02 04 09 11 14 22,5,2,4,9,11,14,22,421874374,966423413,62,20,2:4,1:5,4:2:0,奇,小,2019
2019141,2019-12-08,10 13 14 15 17 33,14,10,13,14,15,17,33,466103236,1042760527,102,23,4:2,2:4,1:4:1,偶,大,2019
2019142,2019-12-10,08 14 24 27 29 33,9,8,14,24,27,29,33,429455474,998995951,135,25,3:3,4:2,1:1:4,奇,大,2019
2019143,2019-12-12,05 13 15 16 26 32,9,5,13,15,16,26,32,421054466,986249870,107,27,3:3,2:4,1:3:2,奇,大,2019
2019144,2019-12-15,02 12 15 19 27 30,3,2,12,15,19,27,30,448943976,991024359,105,28,3:3,3:3,1:3:2,奇,小,2019
2019145,2019-12-17,01 08 13 17 18 19,16,1,8,13,17,18,19,404721396,969648184,76,18,4:2,3:3,2:4:0,偶,大,2019
2019146,2019-12-19,01 04 10 12 30 32,14,1,4,10,12,30,32,400822952,1030878448,89,31,1:5,2:4,3:1:2,偶,大,2019
2019147,2019-12-22,01 09 12 14 23 27,12,1,9,12,14,23,27,428843148,1035973571,86,26,4:2,2:4,2:2:2,偶,大,2019
2019148,2019-12-24,09 10 13 20 26 27,8,9,10,13,20,26,27,412835082,870667904,105,18,3:3,3:3,2:2:2,偶,小,2019
2019149,2019-12-26,01 06 27 28 31 33,7,1,6,27,28,31,33,401837358,836506504,126,32,4:2,4:2,2:0:4,奇,小,2019
2019150,2019-12-29,02 09 14 22 27 29,2,2,9,14,22,27,29,424037140,855139985,103,27,3:3,3:3,2:2:2,偶,小,2019
2019151,2019-12-31,02 06 09 18 24 26,14,2,6,9,18,24,26,405999712,885545850,85,24,1:5,3:3,3:1:2,偶,大,2019
2020001,2020-01-02,02 15 23 26 29 30,2,2,15,23,26,29,30,388311860,939054504,125,28,3:3,4:2,1:1:4,偶,小,2020
2020002,2020-01-05,04 09 14 15 16 29,11,4,9,14,15,16,29,410784878,911355134,87,25,3:3,1:5,2:3:1,奇,大,2020
2020003,2020-01-07,09 17 26 29 30 32,3,9,17,26,29,30,32,368960938,885816521,143,23,3:3,5:1,1:1:4,奇,小,2020
2020004,2020-01-09,02 15 17 27 32 33,3,2,15,17,27,32,33,370826158,906654598,126,31,4:2,4:2,1:2:3,奇,小,2020
2020005,2020-01-12,11 16 17 22 26 32,4,11,16,17,22,26,32,400642476,920486146,124,21,2:4,4:2,1:3:2,偶,小,2020
2020006,2020-01-14,03 04 05 10 16 32,9,3,4,5,10,16,32,361697316,860929224,70,29,2:4,1:5,4:1:1,奇,大,2020
2020007,2020-01-16,05 12 17 20 25 31,10,5,12,17,20,25,31,358035962,709741377,110,26,4:2,4:2,1:3:2,偶,大,2020
2020008,2020-01-19,01 04 06 10 11 28,16,1,4,6,10,11,28,395048088,680964320,60,27,2:4,1:5,5:0:1,偶,大,2020
2020009,2020-01-21,03 06 08 14 19 26,12,3,6,8,14,19,26,405733380,645107708,76,23,2:4,2:4,3:2:1,偶,大,2020
2020010,2020-03-12,11 14 22 27 31 32,9,11,14,22,27,31,32,142522854,654279153,137,21,3:3,4:2,1:2:3,奇,大,2020
2020011,2020-03-15,04 05 07 17 18 29,1,4,5,7,17,18,29,176331724,638032121,80,25,4:2,3:3,3:2:1,奇,小,2020
2020012,2020-03-17,04 13 14 23 26 31,9,4,13,14,23,26,31,198501652,652719440,111,27,3:3,3:3,1:2:3,奇,大,2020
2020013,2020-03-19,02 08 10 20 21 30,14,2,8,10,20,21,30,215545590,660220960,91,28,1:5,3:3,3:2:1,偶,大,2020
2020014,2020-03-22,02 07 08 10 12 16,7,2,7,8,10,12,16,261933168,661997100,55,14,1:5,0:6,4:2:0,奇,小,2020
2020015,2020-03-24,08 09 22 24 30 33,1,8,9,22,24,30,33,255551054,712719613,126,25,2:4,4:2,2:1:3,奇,小,2020
2020016,2020-03-26,05 06 08 17 24 27,7,5,6,8,17,24,27,260860736,685053744,87,22,3:3,3:3,3:1:2,奇,小,2020
2020017,2020-03-29,02 04 07 15 20 27,4,2,4,7,15,20,27,295712918,650980126,75,25,3:3,2:4,3:2:1,偶,小,2020
2020018,2020-03-31,05 07 08 11 17 22,13,5,7,8,11,17,22,287194532,640479172,70,17,4:2,2:4,4:2:0,奇,大,2020
2020019,2020-04-02,15 19 27 28 30 33,3,15,19,27,28,30,33,293920314,652393178,152,18,4:2,5:1,0:2:4,奇,小,2020
2020020,2020-04-05,01 06 09 13 15 22,14,1,6,9,13,15,22,310764432,685979970,66,21,4:2,1:5,3:3:0,偶,大,2020
2020021,2020-04-07,02 06 14 16 27 31,7,2,6,14,16,27,31,296655800,696474938,96,29,2:4,2:4,2:2:2,奇,小,2020
2020022,2020-04-09,02 10 20 22 25 30,2,2,10,20,22,25,30,311416184,695229480,109,28,1:5,4:2,2:2:2,偶,小,2020
2020023,2020-04-12,04 05 20 21 30 33,8,4,5,20,21,30,33,340318270,702813893,113,29,3:3,4:2,2:2:2,偶,小,2020
2020024,2020-04-14,10 13 27 28 29 31,8,10,13,27,28,29,31,317568426,707451262,138,21,4:2,4:2,1:1:4,偶,小,2020
2020025,2020-04-16,01 09 10 15 20 29,2,1,9,10,15,20,29,321611812,742200788,84,28,4:2,2:4,3:2:1,偶,小,2020
2020026,2020-04-19,01 04 09 18 19 31,6,1,4,9,18,19,31,349633986,769853394,82,30,4:2,3:3,3:2:1,偶,小,2020
2020027,2020-04-21,12 13 14 24 25 28,6,12,13,14,24,25,28,324196702,810989197,116,16,2:4,3:3,0:3:3,偶,小,2020
2020028,2020-04-23,05 06 15 18 26 32,8,5,6,15,18,26,32,323795596,823449380,102,27,2:4,3:3,2:2:2,偶,小,2020
2020029,2020-04-26,01 12 18 20 30 32,5,1,12,18,20,30,32,364268814,835276431,113,31,1:5,4:2,1:3:2,奇,小,2020
2020030,2020-04-28,17 18 21 29 30 32,3,17,18,21,29,30,32,327786632,896891829,147,15,3:3,6:0,0:3:3,奇,小,2020
2020031,2020-04-30,02 05 09 15 16 27,9,2,5,9,15,16,27,323903392,850135149,74,25,4:2,1:5,3:2:1,奇,大,2020
2020032,2020-05-03,03 11 13 14 15 26,13,3,11,13,14,15,26,338904002,843200936,82,23,4:2,1:5,2:3:1,奇,大,2020
2020033,2020-05-05,07 10 12 21 31 32,1,7,10,12,21,31,32,320555362,879873846,113,25,3:3,3:3,2:2:2,奇,小,2020
2020034,2020-05-07,02 08 15 16 26 32,3,2,8,15,16,26,32,340793680,878740204,99,30,1:5,2:4,2:2:2,奇,小,2020
2020035,2020-05-10,10 14 24 25 28 33,11,10,14,24,25,28,33,371811232,911288358,134,23,2:4,4:2,1:1:4,奇,大,2020
2020036,2020-05-12,07 09 16 22 24 32,6,7,9,16,22,24,32,346455736,944994783,110,25,2:4,3:3,2:2:2,偶,小,2020
2020037,2020-05-14,01 04 11 13 17 24,15,1,4,11,13,17,24,350126486,944864355,70,23,4:2,2:4,3:2:1,奇,大,2020
2020038,2020-05-17,01 06 07 18 23 24,15,1,6,7,18,23,24,374760420,922526038,79,23,3:3,3:3,3:1:2,奇,大,2020
2020039,2020-05-19,02 09 10 11 16 29,2,2,9,10,11,16,29,341609556,925841149,77,27,3:3,1:5,4:1:1,偶,小,2020
2020040,2020-05-21,01 06 12 16 19 21,4,1,6,12,16,19,21,341533118,947818891,75,20,3:3,2:4,2:4:0,偶,小,2020
2020041,2020-05-24,06 07 16 22 24 25,13,6,7,16,22,24,25,372422582,1005915378,100,19,2:4,3:3,2:2:2,奇,大,2020
2020042,2020-05-26,02 06 07 11 14 31,3,2,6,7,11,14,31,345472844,1027873219,71,29,3:3,1:5,4:1:1,奇,小,2020
2020043,2020-05-28,01 11 24 25 27 30,7,1,11,24,25,27,30,360394276,1043134035,118,29,4:2,4:2,2:0:4,奇,小,2020
2020044,2020-05-31,07 08 16 17 19 24,7,7,8,16,17,19,24,379328476,1042719025,91,17,3:3,3:3,2:3:1,奇,小,2020
2020045,2020-06-02,02 03 15 21 22 33,16,2,3,15,21,22,33,348295556,1010042406,96,31,4:2,3:3,2:3:1,偶,大,2020
2020046,2020-06-04,13 19 25 26 27 32,8,13,19,25,26,27,32,350122868,1010760962,142,19,4:2,5:1,0:2:4,偶,小,2020
2020047,2020-06-07,04 10 17 19 28 32,1,4,10,17,19,28,32,382084220,1021279165,110,28,2:4,4:2,2:2:2,奇,小,2020
2020048,2020-06-09,12 14 18 23 30 32,2,12,14,18,23,30,32,351604616,1046798674,129,20,1:5,4:2,0:3:3,偶,小,2020
2020049,2020-06-11,01 07 09 12 18 22,4,1,7,9,12,18,22,355402476,1062851807,69,21,3:3,2:4,3:3:0,偶,小,2020
2020050,2020-06-14,04 09 17 20 32 33,15,4,9,17,20,32,33,379409292,1101983169,115,29,3:3,4:2,2:2:2,奇,大,2020
2020051,2020-06-16,03 06 08 11 19 28,8,3,6,8,11,19,28,342968302,1014976572,75,25,3:3,2:4,4:1:1,偶,小,2020
2020052,2020-06-18,02 08 13 29 32 33,15,2,8,13,29,32,33,352815504,1085336824,117,31,3:3,3:3,2:1:3,奇,大,2020
2020053,2020-06-21,02 14 15 16 32 33,1,2,14,15,16,32,33,381666534,1057074616,112,31,2:4,2:4,1:3:2,奇,小,2020
2020054,2020-06-23,03 10 19 25 26 31,2,3,10,19,25,26,31,338817016,1050374135,114,28,4:2,4:2,2:1:3,偶,小,2020
2020055,2020-06-25,01 05 07 23 28 30,12,1,5,7,23,28,30,327140694,1009674637,94,29,4:2,3:3,3:0:3,偶,大,2020
2020056,2020-06-28,02 05 08 12 26 31,14,2,5,8,12,26,31,380233782,984522456,84,29,2:4,2:4,3:1:2,偶,大,2020
2020057,2020-06-30,09 14 21 23 26 32,3,9,14,21,23,26,32,349147892,1019998705,125,23,3:3,4:2,1:2:3,奇,小,2020
2020058,2020-07-02,01 03 11 12 19 26,7,1,3,11,12,19,26,356052050,958212978,72,25,4:2,2:4,3:2:1,奇,小,2020
2020059,2020-07-05,02 04 10 17 22 25,14,2,4,10,17,22,25,386807160,1002178704,80,23,2:4,3:3,3:2:1,偶,大,2020
2020060,2020-07-07,05 09 14 20 24 30,8,5,9,14,20,24,30,356937202,837071557,102,25,2:4,3:3,2:2:2,偶,小,2020
2020061,2020-07-09,08 17 24 26 27 31,4,8,17,24,26,27,31,366447904,903858043,133,23,3:3,5:1,1:1:4,偶,小,2020
2020062,2020-07-12,10 14 17 22 26 27,5,10,14,17,22,26,27,391827962,932509919,116,17,2:4,4:2,1:3:2,奇,小,2020
2020063,2020-07-14,12 15 16 22 29 32,14,12,15,16,22,29,32,357076054,991892696,126,20,2:4,3:3,0:4:2,偶,大,2020
2020064,2020-07-16,01 03 07 21 27 32,1,1,3,7,21,27,32,356057386,1063056063,91,31,5:1,3:3,3:1:2,奇,小,2020
2020065,2020-07-19,09 15 18 21 23 26,8,9,15,18,21,23,26,381062334,1090832907,112,17,4:2,4:2,1:3:2,偶,小,2020
2020066,2020-07-21,02 09 13 17 26 28,7,2,9,13,17,26,28,352149702,1057341835,95,26,3:3,3:3,2:2:2,奇,小,2020
2020067,2020-07-23,04 07 09 23 27 30,8,4,7,9,23,27,30,353153516,1061790227,100,26,4:2,3:3,3:0:3,偶,小,2020
2020068,2020-07-26,12 16 21 26 27 32,10,12,16,21,26,27,32,376630286,996910195,134,20,2:4,4:2,0:3:3,偶,大,2020
2020069,2020-07-28,03 09 10 13 18 26,4,3,9,10,13,18,26,343151528,1016346427,79,23,3:3,2:4,3:2:1,偶,小,2020
2020070,2020-07-30,01 02 04 06 19 21,15,1,2,4,6,19,21,343442594,953784945,53,20,3:3,2:4,4:2:0,奇,大,2020
2020071,2020-08-02,09 11 12 13 22 23,8,9,11,12,13,22,23,363190440,931954524,90,14,4:2,2:4,2:3:1,偶,小,2020
2020072,2020-08-04,06 08 10 15 17 26,4,6,8,10,15,17,26,335806408,945569865,82,20,2:4,2:4,3:2:1,偶,小,2020
2020073,2020-08-06,05 07 11 13 27 29,3,5,7,11,13,27,29,344984126,949682723,92,24,6:0,2:4,3:1:2,奇,小,2020
2020074,2020-08-09,04 08 09 13 19 33,12,4,8,9,13,19,33,375478220,974585503,86,29,4:2,2:4,3:2:1,偶,大,2020
2020075,2020-08-11,03 11 13 20 24 30,16,3,11,13,20,24,30,342593198,1031374526,101,27,3:3,3:3,2:2:2,偶,大,2020
2020076,2020-08-13,10 15 16 18 20 27,6,10,15,16,18,20,27,346015916,1033084399,106,17,2:4,3:3,1:4:1,偶,小,2020
2020077,2020-08-16,03 10 16 21 25 27,12,3,10,16,21,25,27,376430570,960537693,102,24,4:2,3:3,2:2:2,偶,大,2020
2020078,2020-08-18,03 11 14 16 21 32,4,3,11,14,16,21,32,339766446,1029746619,97,29,3:3,2:4,2:3:1,偶,小,2020
2020079,2020-08-20,05 12 20 21 22 29,14,5,12,20,21,22,29,347031342,1058784536,109,24,3:3,4:2,1:4:1,偶,大,2020
2020080,2020-08-23,14 15 18 22 31 33,1,14,15,18,22,31,33,375199530,1122276717,133,19,3:3,4:2,0:4:2,奇,小,2020
2020081,2020-08-25,01 05 13 14 27 33,15,1,5,13,14,27,33,341884184,1129524256,93,32,5:1,2:4,2:2:2,奇,大,2020
2020082,2020-08-27,02 08 11 17 21 30,9,2,8,11,17,21,30,339738944,1025240399,89,28,3:3,3:3,3:2:1,奇,大,2020
2020083,2020-08-30,01 19 25 26 30 31,12,1,19,25,26,30,31,375628538,1046377044,132,30,4:2,5:1,1:1:4,偶,大,2020
2020084,2020-09-01,03 07 16 17 23 30,7,3,7,16,17,23,30,340223360,997837500,96,27,4:2,3:3,2:2:2,奇,小,2020
2020085,2020-09-03,01 02 05 09 19 24,16,1,2,5,9,19,24,349243256,1039096893,60,23,4:2,2:4,4:1:1,偶,大,2020
2020086,2020-09-06,02 04 06 15 24 27,6,2,4,6,15,24,27,383150704,1051310454,78,25,2:4,2:4,3:1:2,偶,小,2020
2020087,2020-09-08,11 15 20 23 25 33,10,11,15,20,23,25,33,351393474,1066743130,127,22,5:1,4:2,1:2:3,偶,大,2020
2020088,2020-09-10,01 06 12 26 29 30,12,1,6,12,26,29,30,359763320,1049789346,104,29,2:4,3:3,2:1:3,偶,大,2020
2020089,2020-09-13,02 14 16 21 29 30,10,2,14,16,21,29,30,388734662,1061368833,112,28,2:4,3:3,1:3:2,偶,大,2020
2020090,2020-09-15,02 21 23 26 31 32,6,2,21,23,26,31,32,357200726,1090266240,135,30,3:3,5:1,1:1:4,偶,小,2020
2020091,2020-09-17,01 09 11 12 16 19,16,1,9,11,12,16,19,362307424,1088865952,68,18,4:2,1:5,3:3:0,偶,大,2020
2020092,2020-09-20,01 06 12 18 22 24,3,1,6,12,18,22,24,394714558,1113718036,83,23,1:5,3:3,2:3:1,奇,小,2020
2020093,2020-09-22,04 05 10 13 15 19,15,4,5,10,13,15,19,364874692,1159982996,66,15,4:2,1:5,3:3:0,奇,大,2020
2020094,2020-09-24,10 15 17 27 29 31,8,10,15,17,27,29,31,357043412,1182554395,129,21,5:1,4:2,1:2:3,偶,小,2020
2020095,2020-09-27,03 09 16 17 20 26,2,3,9,16,17,20,26,387062108,1197849256,91,23,3:3,3:3,2:3:1,偶,小,2020
2020096,2020-09-29,01 20 23 26 27 32,15,1,20,23,26,27,32,356787262,1228050661,129,31,3:3,5:1,1:1:4,奇,大,2020
2020097,2020-10-06,02 08 21 25 26 30,10,2,8,21,25,26,30,352372566,1147656700,112,28,2:4,4:2,2:1:3,偶,大,2020
2020098,2020-10-08,06 08 11 22 25 33,2,6,8,11,22,25,33,347585130,1171889114,105,27,3:3,3:3,3:1:2,偶,小,2020
2020099,2020-10-11,05 06 11 12 15 30,12,5,6,11,12,15,30,390640850,1181200651,79,25,3:3,1:5,3:2:1,偶,大,2020
2020100,2020-10-13,01 07 15 16 20 23,7,1,7,15,16,20,23,352785364,1167865459,82,22,4:2,2:4,2:3:1,奇,小,2020
2020101,2020-10-15,10 17 24 25 28 30,15,10,17,24,25,28,30,360073112,1196363693,134,20,2:4,5:1,1:1:4,奇,大,2020
2020102,2020-10-18,09 10 19 25 26 29,8,9,10,19,25,26,29,385810668,837068374,118,20,4:2,4:2,2:1:3,偶,小,2020
2020103,2020-10-20,04 09 10 22 28 32,8,4,9,10,22,28,32,363566614,812186919,105,28,1:5,3:3,3:1:2,偶,小,2020
2020104,2020-10-22,04 08 10 16 27 29,9,4,8,10,16,27,29,371069028,806356097,94,25,2:4,2:4,3:1:2,奇,大,2020
2020105,2020-10-25,06 14 19 20 22 24,1,6,14,19,20,22,24,399513718,837418291,105,18,1:5,4:2,1:4:1,奇,小,2020
2020106,2020-10-27,02 04 11 15 18 28,10,2,4,11,15,18,28,362151946,802335158,78,26,2:4,2:4,3:2:1,偶,大,2020
2020107,2020-10-29,03 09 11 24 25 28,16,3,9,11,24,25,28,372099740,835776030,100,25,4:2,3:3,3:0:3,偶,大,2020
2020108,2020-11-01,10 12 15 17 23 32,5,10,12,15,17,23,32,398129794,793968638,109,22,3:3,3:3,1:3:2,奇,小,2020
2020109,2020-11-03,06 13 16 20 23 32,13,6,13,16,20,23,32,358593188,723801259,110,26,2:4,3:3,1:3:2,奇,大,2020
2020110,2020-11-05,02 06 09 14 22 25,4,2,6,9,14,22,25,365150166,721987721,78,23,2:4,2:4,3:2:1,偶,小,2020
2020111,2020-11-08,06 09 17 22 24 26,16,6,9,17,22,24,26,459469274,808174858,104,20,2:4,4:2,2:2:2,偶,大,2020
2020112,2020-11-10,02 09 12 17 28 32,5,2,9,12,17,28,32,426910448,802000209,100,30,2:4,3:3,2:2:2,奇,小,2020
2020113,2020-11-12,01 03 07 10 22 32,11,1,3,7,10,22,32,436471868,772385388,75,31,3:3,2:4,4:1:1,奇,大,2020
2020114,2020-11-15,01 05 11 24 30 32,3,1,5,11,24,30,32,476450128,757446327,103,31,3:3,3:3,3:0:3,奇,小,2020
2020115,2020-11-17,01 04 12 20 25 32,2,1,4,12,20,25,32,435736254,837138988,94,31,2:4,3:3,2:2:2,偶,小,2020
2020116,2020-11-19,05 06 14 16 19 27,10,5,6,14,16,19,27,434234564,841135768,87,22,3:3,2:4,2:3:1,偶,大,2020
2020117,2020-11-22,07 08 09 10 16 27,7,7,8,9,10,16,27,460145954,785993086,77,20,3:3,1:5,4:1:1,奇,小,2020
2020118,2020-11-24,11 13 19 26 30 33,5,11,13,19,26,30,33,419968358,835737606,132,22,4:2,4:2,1:2:3,奇,小,2020
2020119,2020-11-26,01 09 22 28 32 33,15,1,9,22,28,32,33,432978556,837777744,125,32,3:3,4:2,2:1:3,奇,大,2020
2020120,2020-11-29,01 02 03 04 09 10,12,1,2,3,4,9,10,470788664,738529199,29,9,3:3,0:6,6:0:0,偶,大,2020
2020121,2020-12-01,02 04 06 21 25 29,3,2,4,6,21,25,29,425615038,777556587,87,27,3:3,3:3,3:1:2,奇,小,2020
2020122,2020-12-03,12 15 17 24 26 31,15,12,15,17,24,26,31,416050434,810048147,125,19,3:3,4:2,0:3:3,奇,大,2020
2020123,2020-12-06,01 03 18 19 26 29,3,1,3,18,19,26,29,442277628,869247735,96,28,4:2,4:2,2:2:2,奇,小,2020
2020124,2020-12-08,16 18 19 20 29 33,12,16,18,19,20,29,33,394367604,916453174,135,17,3:3,5:1,0:4:2,偶,大,2020
2020125,2020-12-10,05 12 16 26 30 31,13,5,12,16,26,30,31,403248064,942641447,120,26,2:4,3:3,1:2:3,奇,大,2020
2020126,2020-12-13,03 07 12 14 23 28,11,3,7,12,14,23,28,423827948,823570698,87,25,3:3,2:4,2:2:2,奇,大,2020
2020127,2020-12-15,01 04 18 19 26 31,7,1,4,18,19,26,31,385288238,824075658,99,30,3:3,4:2,2:2:2,奇,小,2020
2020128,2020-12-17,08 10 15 16 23 26,10,8,10,15,16,23,26,395094864,794699858,98,18,2:4,2:4,2:2:2,偶,大,2020
2020129,2020-12-20,01 02 05 15 28 33,4,1,2,5,15,28,33,428354318,786807887,84,32,4:2,2:4,3:1:2,偶,小,2020
2020130,2020-12-22,08 09 11 14 17 29,16,8,9,11,14,17,29,405085034,793700272,88,21,4:2,2:4,3:2:1,偶,大,2020
2020131,2020-12-24,08 19 22 26 27 30,7,8,19,22,26,27,30,394370394,791358796,132,22,2:4,5:1,1:2:3,奇,小,2020
2020132,2020-12-27,01 04 11 12 14 23,4,1,4,11,12,14,23,425174496,839661890,65,22,3:3,1:5,3:2:1,偶,小,2020
2020133,2020-12-29,03 19 22 23 27 29,7,3,19,22,23,27,29,370330222,893973468,123,26,5:1,5:1,1:2:3,奇,小,2020
2020134,2020-12-31,02 09 10 20 22 26,1,2,9,10,20,22,26,399565532,704501324,89,24,1:5,3:3,3:2:1,奇,小,2020
2021001,2021-01-03,02 03 13 18 20 31,11,2,3,13,18,20,31,411170524,710439245,87,29,3:3,3:3,2:3:1,奇,大,2021
2021002,2021-01-05,06 10 13 25 26 32,11,6,10,13,25,26,32,374374440,718352017,112,26,2:4,3:3,2:1:3,奇,大,2021
2021003,2021-01-07,06 09 16 18 22 29,11,6,9,16,18,22,29,360514540,753939585,100,23,2:4,3:3,2:3:1,奇,大,2021
2021004,2021-01-10,02 03 07 08 17 22,15,2,3,7,8,17,22,396531778,824817771,59,20,3:3,2:4,4:2:0,奇,大,2021
2021005,2021-01-12,07 09 14 26 30 31,4,7,9,14,26,30,31,359757108,806944718,117,24,3:3,3:3,2:1:3,偶,小,2021
2021006,2021-01-14,06 08 22 24 25 26,1,6,8,22,24,25,26,367900704,822318331,111,20,1:5,4:2,2:1:3,奇,小,2021
2021007,2021-01-17,02 04 12 21 25 32,16,2,4,12,21,25,32,389232822,885330100,96,30,2:4,3:3,2:2:2,偶,大,2021
2021008,2021-01-19,01 05 07 14 18 33,7,1,5,7,14,18,33,358122646,906339544,78,32,4:2,2:4,3:2:1,奇,小,2021
2021009,2021-01-21,02 04 07 24 25 32,13,2,4,7,24,25,32,367324734,952228282,94,30,2:4,3:3,3:0:3,奇,大,2021
2021010,2021-01-24,01 04 11 19 32 33,5,1,4,11,19,32,33,394795416,976145268,100,32,4:2,3:3,3:1:2,奇,小,2021
2021011,2021-01-26,05 10 16 23 27 33,14,5,10,16,23,27,33,358439884,907192691,114,28,4:2,3:3,2:1:3,偶,大,2021
2021012,2021-01-28,03 06 14 18 20 26,1,3,6,14,18,20,26,365486356,862128803,87,23,1:5,3:3,2:3:1,奇,小,2021
2021013,2021-01-31,06 09 12 16 27 31,6,6,9,12,16,27,31,403024326,812490648,101,25,3:3,2:4,2:2:2,偶,小,2021
2021014,2021-02-02,04 15 21 25 29 33,6,4,15,21,25,29,33,365029152,860487095,127,29,5:1,4:2,1:2:3,偶,小,2021
2021015,2021-02-04,06 14 16 26 28 29,7,6,14,16,26,28,29,373264066,874580915,119,23,1:5,3:3,1:2:3,奇,小,2021
2021016,2021-02-07,03 08 09 13 15 18,10,3,8,9,13,15,18,447622614,844483666,66,15,4:2,1:5,3:3:0,偶,大,2021
2021017,2021-02-21,09 15 18 29 32 33,2,9,15,18,29,32,33,442443732,879807720,136,24,4:2,4:2,1:2:3,偶,小,2021
2021018,2021-02-23,02 08 14 23 25 32,6,2,8,14,23,25,32,352299530,924046536,104,30,2:4,3:3,2:1:3,偶,小,2021
2021019,2021-02-25,12 16 17 24 28 29,8,12,16,17,24,28,29,351320330,916231105,126,17,2:4,4:2,0:3:3,偶,小,2021
2021020,2021-02-28,01 03 06 07 09 11,2,1,3,6,7,9,11,385685036,877930510,37,10,5:1,0:6,6:0:0,偶,小,2021
2021021,2021-03-02,04 08 17 24 28 33,13,4,8,17,24,28,33,350734702,834097039,114,29,2:4,4:2,2:1:3,奇,大,2021
2021022,2021-03-04,10 15 17 25 31 32,6,10,15,17,25,31,32,361605820,871216452,130,22,4:2,4:2,1:2:3,偶,小,2021
2021023,2021-03-07,02 21 22 23 27 28,11,2,21,22,23,27,28,397987234,903402709,123,26,3:3,5:1,1:2:3,奇,大,2021
2021024,2021-03-09,01 04 06 10 11 18,2,1,4,6,10,11,18,360465214,936474051,50,17,2:4,1:5,5:1:0,偶,小,2021
2021025,2021-03-11,06 08 14 17 18 30,11,6,8,14,17,18,30,370761350,962516400,93,24,1:5,3:3,2:3:1,奇,大,2021
2021026,2021-03-14,03 05 13 19 20 25,3,3,5,13,19,20,25,415303494,608709487,85,22,5:1,3:3,2:3:1,奇,小,2021
2021027,2021-03-16,05 07 09 16 20 26,8,5,7,9,16,20,26,371997822,515170584,83,21,3:3,2:4,3:2:1,偶,小,2021
2021028,2021-03-18,11 16 23 26 27 33,5,11,16,23,26,27,33,387583114,527018817,136,22,4:2,4:2,1:1:4,奇,小,2021
2021029,2021-03-21,08 10 15 17 22 30,12,8,10,15,17,22,30,413514858,475507497,102,22,2:4,3:3,2:3:1,偶,大,2021
2021030,2021-03-23,08 09 13 27 29 31,5,8,9,13,27,29,31,388490602,502740835,117,23,5:1,3:3,2:1:3,奇,小,2021
2021031,2021-03-25,06 11 21 25 28 31,7,6,11,21,25,28,31,389664660,474102879,122,25,4:2,4:2,2:1:3,奇,小,2021
2021032,2021-03-28,01 05 08 15 16 30,3,1,5,8,15,16,30,421020572,479350693,75,29,3:3,1:5,3:2:1,奇,小,2021
2021033,2021-03-30,02 12 13 14 31 33,6,2,12,13,14,31,33,378842354,502137377,105,31,3:3,2:4,1:3:2,偶,小,2021
2021034,2021-04-01,04 10 12 18 23 25,1,4,10,12,18,23,25,377894218,530109002,92,21,2:4,3:3,2:2:2,奇,小,2021
2021035,2021-04-04,12 14 18 20 26 28,11,12,14,18,20,26,28,382205894,549868285,118,16,0:6,4:2,0:4:2,奇,大,2021
2021036,2021-04-06,01 02 06 11 21 26,11,1,2,6,11,21,26,365524430,545659537,67,25,3:3,2:4,4:1:1,奇,大,2021
2021037,2021-04-08,13 17 19 24 26 30,12,13,17,19,24,26,30,374416372,565649555,129,17,3:3,5:1,0:3:3,偶,大,2021
2021038,2021-04-11,05 07 09 16 18 27,6,5,7,9,16,18,27,401665288,449879238,82,22,4:2,2:4,3:2:1,偶,小,2021
2021039,2021-04-13,02 08 21 24 29 31,13,2,8,21,24,29,31,377513042,469061553,115,29,3:3,4:2,2:1:3,奇,大,2021
2021040,2021-04-15,02 06 07 24 28 29,16,2,6,7,24,28,29,385858982,499321280,96,27,2:4,3:3,3:0:3,偶,大,2021
2021041,2021-04-18,02 09 18 23 26 32,14,2,9,18,23,26,32,415676146,275032108,110,30,2:4,4:2,2:1:3,偶,大,2021
2021042,2021-04-20,05 09 10 22 25 27,8,5,9,10,22,25,27,382918124,180671046,98,22,4:2,3:3,3:1:2,偶,小,2021
2021043,2021-04-22,02 03 17 18 23 24,1,2,3,17,18,23,24,389948810,243085282,87,22,3:3,4:2,2:2:2,奇,小,2021
2021044,2021-04-25,05 07 14 17 26 28,13,5,7,14,17,26,28,418973684,295504539,97,23,3:3,3:3,2:2:2,奇,大,2021
2021045,2021-04-27,01 04 14 15 17 32,2,1,4,14,15,17,32,377279966,326838472,83,31,3:3,2:4,2:3:1,偶,小,2021
2021046,2021-04-29,05 09 13 21 28 33,6,5,9,13,21,28,33,377425810,255412592,109,28,5:1,3:3,2:2:2,偶,小,2021
2021047,2021-05-02,03 07 13 16 24 29,1,3,7,13,16,24,29,367123752,291180168,92,26,4:2,2:4,2:2:2,奇,小,2021
2021048,2021-05-04,04 15 17 22 29 32,3,4,15,17,22,29,32,339198590,346939552,119,28,3:3,4:2,1:3:2,奇,小,2021
2021049,2021-05-06,04 11 13 22 25 32,1,4,11,13,22,25,32,375111072,409954275,107,28,3:3,3:3,2:2:2,奇,小,2021
2021050,2021-05-09,02 09 10 16 25 28,8,2,9,10,16,25,28,403433980,336133387,90,26,2:4,2:4,3:1:2,偶,小,2021
2021051,2021-05-11,08 09 10 19 27 29,15,8,9,10,19,27,29,377624458,335549357,102,21,4:2,3:3,3:1:2,奇,大,2021
2021052,2021-05-13,03 04 06 19 21 30,14,3,4,6,19,21,30,376039676,413602410,83,27,3:3,3:3,3:2:1,偶,大,2021
2021053,2021-05-16,07 10 14 16 24 33,16,7,10,14,16,24,33,398009388,473183576,104,26,2:4,2:4,2:2:2,偶,大,2021
2021054,2021-05-18,07 13 21 22 24 31,2,7,13,21,22,24,31,371689954,526556537,118,24,4:2,4:2,1:3:2,偶,小,2021
2021055,2021-05-20,03 11 12 16 22 28,10,3,11,12,16,22,28,376647950,425721551,92,25,2:4,2:4,2:3:1,偶,大,2021
2021056,2021-05-23,08 21 22 23 29 32,1,8,21,22,23,29,32,410076324,444149990,135,24,3:3,5:1,1:2:3,奇,小,2021
2021057,2021-05-25,05 06 09 17 25 33,16,5,6,9,17,25,33,379559152,478217025,95,28,5:1,3:3,3:1:2,偶,大,2021
2021058,2021-05-27,09 11 13 18 19 28,14,9,11,13,18,19,28,382666074,520502015,98,19,4:2,3:3,2:3:1,偶,大,2021
2021059,2021-05-30,01 09 11 18 32 33,14,1,9,11,18,32,33,407754588,618904511,104,32,4:2,3:3,3:1:2,偶,大,2021
2021060,2021-06-01,10 11 17 20 29 30,15,10,11,17,20,29,30,365484344,644294438,117,20,3:3,4:2,2:2:2,奇,大,2021
2021061,2021-06-03,04 09 12 18 20 23,1,4,9,12,18,20,23,376779952,694648802,86,19,2:4,3:3,2:3:1,奇,小,2021
2021062,2021-06-06,12 13 15 20 22 25,10,12,13,15,20,22,25,405763536,727417696,107,13,3:3,3:3,0:5:1,偶,大,2021
2021063,2021-06-08,04 05 06 09 23 24,9,4,5,6,9,23,24,370142008,647417696,71,20,3:3,2:4,4:0:2,奇,大,2021
2021064,2021-06-10,04 06 08 15 16 18,16,4,6,8,15,16,18,353338262,688856687,67,14,1:5,1:5,3:3:0,偶,大,2021
2021065,2021-06-13,01 04 08 19 29 33,16,1,4,8,19,29,33,362527724,753364365,94,32,4:2,3:3,3:1:2,偶,大,2021
2021066,2021-06-15,02 06 19 26 30 33,15,2,6,19,26,30,33,343529368,738667046,116,31,2:4,4:2,2:1:3,奇,大,2021
2021067,2021-06-17,01 11 19 23 25 29,9,1,11,19,23,25,29,352986918,749337326,108,28,6:0,4:2,2:1:3,奇,大,2021
2021068,2021-06-20,04 14 18 24 31 32,15,4,14,18,24,31,32,381950996,784841657,123,28,1:5,4:2,1:2:3,奇,大,2021
2021069,2021-06-22,06 11 18 20 23 26,5,6,11,18,20,23,26,348547620,805184330,104,20,2:4,4:2,2:2:2,奇,小,2021
2021070,2021-06-24,01 05 11 15 16 29,15,1,5,11,15,16,29,356032100,840734349,77,28,5:1,1:5,3:2:1,奇,大,2021
2021071,2021-06-27,01 07 24 31 32 33,8,1,7,24,31,32,33,384399388,850234438,128,32,4:2,4:2,2:0:4,偶,小,2021
2021072,2021-06-29,01 09 15 16 19 21,15,1,9,15,16,19,21,351515940,906924437,81,20,5:1,2:4,2:4:0,奇,大,2021
2021073,2021-07-01,01 06 18 22 24 25,8,1,6,18,22,24,25,353932932,936827442,96,24,2:4,4:2,2:2:2,偶,小,2021
2021074,2021-07-04,04 05 09 14 25 27,7,4,5,9,14,25,27,382266836,898477373,84,23,4:2,2:4,3:1:2,奇,小,2021
2021075,2021-07-06,12 15 16 21 22 29,1,12,15,16,21,22,29,347517338,950267665,115,17,3:3,3:3,0:5:1,奇,小,2021
2021076,2021-07-08,03 09 21 23 30 32,6,3,9,21,23,30,32,347734992,963078086,118,29,4:2,4:2,2:1:3,偶,小,2021
2021077,2021-07-11,08 15 17 25 27 30,10,8,15,17,25,27,30,377616968,949366069,122,22,4:2,4:2,1:2:3,偶,大,2021
2021078,2021-07-13,04 06 15 26 27 31,12,4,6,15,26,27,31,341551308,965580237,109,27,3:3,3:3,2:1:3,偶,大,2021
2021079,2021-07-15,01 03 10 24 28 29,13,1,3,10,24,28,29,345574370,976221781,95,28,3:3,3:3,3:0:3,奇,大,2021
2021080,2021-07-18,05 08 22 23 24 29,9,5,8,22,23,24,29,376533622,953249373,111,24,3:3,4:2,2:1:3,奇,大,2021
2021081,2021-07-20,01 03 05 18 22 23,1,1,3,5,18,22,23,344437194,997378346,72,22,4:2,3:3,3:2:1,奇,小,2021
2021082,2021-07-22,03 06 11 13 26 32,5,3,6,11,13,26,32,344368726,1007589655,91,29,3:3,2:4,3:1:2,奇,小,2021
2021083,2021-07-25,04 09 11 25 28 33,4,4,9,11,25,28,33,367542044,894543509,110,29,4:2,3:3,3:0:3,偶,小,2021
2021084,2021-07-27,05 07 09 11 21 28,1,5,7,9,11,21,28,338765612,836571971,81,23,5:1,2:4,4:1:1,奇,小,2021
2021085,2021-07-29,05 06 07 11 14 20,2,5,6,7,11,14,20,343883552,865785162,63,15,3:3,1:5,4:2:0,偶,小,2021
2021086,2021-08-01,06 08 10 14 28 29,1,6,8,10,14,28,29,363965626,934781421,95,23,1:5,2:4,3:1:2,奇,小,2021
2021087,2021-08-03,02 13 16 19 23 24,4,2,13,16,19,23,24,335386836,926596691,97,22,3:3,3:3,1:3:2,偶,小,2021
2021088,2021-08-05,04 12 15 16 19 26,6,4,12,15,16,19,26,339080722,932658139,92,22,2:4,2:4,1:4:1,偶,小,2021
2021089,2021-08-08,01 02 07 13 23 24,12,1,2,7,13,23,24,378094626,725193394,70,23,4:2,2:4,3:1:2,偶,大,2021
2021090,2021-08-10,05 06 12 14 27 28,8,5,6,12,14,27,28,340567382,658126685,92,23,2:4,2:4,2:2:2,偶,小,2021
2021091,2021-08-12,04 06 16 24 26 33,16,4,6,16,24,26,33,352636492,697092670,109,29,1:5,3:3,2:1:3,偶,大,2021
2021092,2021-08-15,02 07 08 10 12 31,3,2,7,8,10,12,31,382276564,721827132,70,29,2:4,1:5,4:1:1,奇,小,2021
2021093,2021-08-17,05 11 15 23 28 33,3,5,11,15,23,28,33,346398722,746968208,115,28,5:1,3:3,2:1:3,奇,小,2021
2021094,2021-08-19,09 11 24 25 28 33,15,9,11,24,25,28,33,353340702,819842497,130,24,4:2,4:2,2:0:4,奇,大,2021
2021095,2021-08-22,08 12 17 24 27 28,13,8,12,17,24,27,28,384516464,864489999,116,20,2:4,4:2,1:2:3,奇,大,2021
2021096,2021-08-24,01 07 11 14 15 26,11,1,7,11,14,15,26,349161898,822388985,74,25,4:2,1:5,3:2:1,奇,大,2021
2021097,2021-08-26,03 11 12 13 25 28,12,3,11,12,13,25,28,355020594,637412452,92,25,4:2,2:4,2:2:2,偶,大,2021
2021098,2021-08-29,01 10 13 18 26 32,5,1,10,13,18,26,32,390403928,673059288,100,31,2:4,3:3,2:2:2,奇,小,2021
2021099,2021-08-31,09 11 17 18 20 27,15,9,11,17,18,20,27,353159630,694710436,102,18,4:2,4:2,2:3:1,奇,大,2021
2021100,2021-09-02,07 09 12 13 14 29,16,7,9,12,13,14,29,364068238,711544497,84,22,4:2,1:5,2:3:1,偶,大,2021
2021101,2021-09-05,02 04 12 22 29 31,1,2,4,12,22,29,31,393612094,742311198,100,29,2:4,3:3,2:2:2,奇,小,2021
2021102,2021-09-07,05 09 15 24 27 30,9,5,9,15,24,27,30,357853464,599019763,110,25,4:2,3:3,2:1:3,奇,大,2021
2021103,2021-09-09,10 13 15 25 29 30,15,10,13,15,25,29,30,369736978,664617126,122,20,4:2,3:3,1:2:3,奇,大,2021
2021104,2021-09-12,01 07 17 20 22 28,15,1,7,17,20,22,28,397369092,708465505,95,27,3:3,4:2,2:3:1,奇,大,2021
2021105,2021-09-14,10 14 15 22 27 32,9,10,14,15,22,27,32,357292170,712816451,120,22,2:4,3:3,1:3:2,奇,大,2021
2021106,2021-09-16,01 04 07 14 30 31,3,1,4,7,14,30,31,364122996,738077667,87,30,3:3,2:4,3:1:2,奇,小,2021
2021107,2021-09-19,02 03 17 19 25 30,1,2,3,17,19,25,30,367139964,758280964,96,28,4:2,4:2,2:2:2,奇,小,2021
2021108,2021-09-21,11 15 18 24 26 32,9,11,15,18,24,26,32,339998838,781106313,126,21,2:4,4:2,1:2:3,奇,大,2021
2021109,2021-09-23,02 03 10 17 20 26,16,2,3,10,17,20,26,366715360,810527410,78,24,2:4,3:3,3:2:1,偶,大,2021
2021110,2021-09-26,10 13 15 24 31 32,2,10,13,15,24,31,32,394569218,850654756,125,22,3:3,3:3,1:2:3,偶,小,2021
2021111,2021-09-28,17 20 22 23 26 28,6,17,20,22,23,26,28,358360092,883991506,136,11,2:4,6:0,0:3:3,偶,小,2021
2021112,2021-09-30,05 06 21 25 28 33,7,5,6,21,25,28,33,370338224,797853981,118,28,4:2,4:2,2:1:3,奇,小,2021
2021113,2021-10-05,04 07 10 22 27 30,2,4,7,10,22,27,30,293434838,783403562,100,26,2:4,3:3,3:1:2,偶,小,2021
2021114,2021-10-07,04 06 08 14 24 27,2,4,6,8,14,24,27,337378334,837386111,83,23,1:5,2:4,3:1:2,偶,小,2021
2021115,2021-10-10,02 10 12 15 24 27,8,2,10,12,15,24,27,380172848,851679247,90,25,2:4,2:4,2:2:2,偶,小,2021
2021116,2021-10-12,06 14 17 18 31 33,6,6,14,17,18,31,33,355338790,897877549,119,27,3:3,4:2,1:3:2,偶,小,2021
2021117,2021-10-14,03 05 17 21 27 33,4,3,5,17,21,27,33,358589610,896904658,106,30,6:0,4:2,2:2:2,偶,小,2021
2021118,2021-10-17,02 06 14 18 20 31,13,2,6,14,18,20,31,386079710,923998119,91,29,1:5,3:3,2:3:1,奇,大,2021
2021119,2021-10-19,03 09 10 11 28 29,13,3,9,10,11,28,29,356935346,904876996,90,26,4:2,2:4,4:0:2,奇,大,2021
2021120,2021-10-21,01 07 08 12 13 18,5,1,7,8,12,13,18,355518696,734418962,59,17,3:3,1:5,3:3:0,奇,小,2021
2021121,2021-10-24,04 05 12 16 22 30,15,4,5,12,16,22,30,390361524,751815051,89,26,1:5,2:4,2:3:1,奇,大,2021
2021122,2021-10-26,04 05 12 15 18 28,7,4,5,12,15,18,28,360872924,771249437,82,24,2:4,2:4,2:3:1,奇,小,2021
2021123,2021-10-28,06 14 15 19 29 31,5,6,14,15,19,29,31,366471258,798569016,114,25,4:2,3:3,1:3:2,奇,小,2021
2021124,2021-10-31,01 03 18 22 29 32,2,1,3,18,22,29,32,394848530,823606529,105,31,3:3,4:2,2:2:2,偶,小,2021
2021125,2021-11-02,14 19 20 23 24 31,9,14,19,20,23,24,31,354978672,846489745,131,17,3:3,5:1,0:3:3,奇,大,2021
2021126,2021-11-04,19 20 23 27 28 31,1,19,20,23,27,28,31,358964852,877369730,148,12,4:2,6:0,0:2:4,奇,小,2021
2021127,2021-11-07,07 15 16 20 27 29,7,7,15,16,20,27,29,365976552,877334837,114,22,4:2,3:3,1:3:2,奇,小,2021
2021128,2021-11-09,05 17 20 21 23 33,4,5,17,20,21,23,33,349441520,920399839,119,28,5:1,5:1,1:3:2,偶,小,2021
2021129,2021-11-11,04 15 21 27 28 29,10,4,15,21,27,28,29,365299936,929943762,124,25,4:2,4:2,1:2:3,偶,大,2021
2021130,2021-11-14,08 09 15 24 26 30,6,8,9,15,24,26,30,398037824,914060182,112,22,2:4,3:3,2:1:3,偶,小,2021
2021131,2021-11-16,08 11 18 19 20 24,1,8,11,18,19,20,24,465860738,957547844,100,16,2:4,4:2,2:3:1,奇,小,2021
2021132,2021-11-18,01 04 06 14 20 28,8,1,4,6,14,20,28,490071244,973341811,73,27,1:5,2:4,3:2:1,偶,小,2021
2021133,2021-11-21,01 03 12 19 27 31,10,1,3,12,19,27,31,511607016,994690824,93,30,5:1,3:3,2:2:2,偶,大,2021
2021134,2021-11-23,01 02 16 19 25 31,8,1,2,16,19,25,31,472467398,1015069784,94,30,4:2,3:3,2:2:2,偶,小,2021
2021135,2021-11-25,03 10 17 19 21 31,4,3,10,17,19,21,31,486663630,1118152404,101,28,5:1,4:2,2:3:1,偶,小,2021
2021136,2021-11-28,02 06 09 15 19 28,16,2,6,9,15,19,28,517068910,1148127692,79,26,3:3,2:4,3:2:1,偶,大,2021
2021137,2021-11-30,03 07 10 14 21 24,1,3,7,10,14,21,24,474456734,1127353431,79,21,3:3,2:4,3:2:1,奇,小,2021
2021138,2021-12-02,11 14 15 16 27 32,9,11,14,15,16,27,32,486491502,1065047563,115,21,3:3,2:4,1:3:2,奇,大,2021
2021139,2021-12-05,12 14 19 23 24 27,1,12,14,19,23,24,27,531219172,1090940461,119,15,3:3,4:2,0:3:3,奇,小,2021
2021140,2021-12-07,05 10 16 26 27 33,1,5,10,16,26,27,33,479975520,1066087178,117,28,3:3,3:3,2:1:3,奇,小,2021
2021141,2021-12-09,01 14 19 23 26 30,10,1,14,19,23,26,30,483132724,1099283201,113,29,3:3,4:2,1:2:3,偶,大,2021
2021142,2021-12-12,04 07 17 19 20 24,16,4,7,17,19,20,24,509166454,1142703731,91,20,3:3,4:2,2:3:1,偶,大,2021
2021143,2021-12-14,01 09 11 13 20 29,9,1,9,11,13,20,29,475857912,1002138181,83,28,5:1,2:4,3:2:1,奇,大,2021
2021144,2021-12-16,02 05 13 15 23 26,7,2,5,13,15,23,26,483556078,1036483149,84,24,4:2,2:4,2:2:2,奇,小,2021
2021145,2021-12-19,04 07 10 14 16 26,9,4,7,10,14,16,26,517254362,1064375720,77,22,1:5,1:5,3:2:1,奇,大,2021
2021146,2021-12-21,07 09 21 22 26 32,3,7,9,21,22,26,32,480619582,1107375000,117,25,3:3,4:2,2:2:2,奇,小,2021
2021147,2021-12-23,05 10 11 13 27 28,9,5,10,11,13,27,28,457370132,1099867308,94,23,4:2,2:4,3:1:2,奇,大,2021
2021148,2021-12-26,10 12 15 17 19 20,8,10,12,15,17,19,20,459686850,1117570138,93,10,3:3,3:3,1:5:0,偶,小,2021
2021149,2021-12-28,05 10 15 18 19 32,5,5,10,15,18,19,32,425925826,1140585301,99,27,3:3,3:3,2:3:1,奇,小,2021
2021150,2021-12-30,09 14 20 21 24 26,4,9,14,20,21,24,26,456402254,1022824601,114,17,2:4,4:2,1:3:2,偶,小,2021
2022001,2022-01-02,06 13 15 17 20 21,3,6,13,15,17,20,21,447434510,1079698248,92,15,4:2,3:3,1:5:0,奇,小,2022
2022002,2022-01-04,02 12 21 23 25 31,8,2,12,21,23,25,31,408646714,1091513907,114,29,4:2,4:2,1:2:3,偶,小,2022
2022003,2022-01-06,02 05 16 17 18 30,6,2,5,16,17,18,30,410382612,1108650848,88,28,2:4,3:3,2:3:1,偶,小,2022
2022004,2022-01-09,05 19 24 28 30 32,14,5,19,24,28,30,32,441401912,1091893203,138,27,2:4,5:1,1:1:4,偶,大,2022
2022005,2022-01-11,07 10 12 16 19 31,16,7,10,12,16,19,31,388503758,1156142875,95,24,3:3,2:4,2:3:1,偶,大,2022
2022006,2022-01-13,03 06 09 15 22 31,2,3,6,9,15,22,31,389820756,1172781808,86,28,4:2,2:4,3:2:1,偶,小,2022
2022007,2022-01-16,01 20 22 23 25 28,16,1,20,22,23,25,28,417998504,1254497537,119,27,3:3,5:1,1:2:3,偶,大,2022
2022008,2022-01-18,02 03 07 09 20 21,13,2,3,7,9,20,21,377713752,1295623770,62,19,4:2,2:4,4:2:0,奇,大,2022
2022009,2022-01-20,04 15 17 19 25 28,16,4,15,17,19,25,28,381172430,1375659920,108,24,4:2,4:2,1:3:2,偶,大,2022
2022010,2022-01-23,12 18 19 20 21 32,15,12,18,19,20,21,32,403819420,1396071026,122,20,2:4,5:1,0:5:1,奇,大,2022
2022011,2022-01-25,06 15 23 24 25 33,15,6,15,23,24,25,33,379627650,1445932371,126,27,4:2,4:2,1:1:4,奇,大,2022
2022012,2022-01-27,04 07 08 29 30 31,1,4,7,8,29,30,31,432967098,1457999052,109,27,3:3,3:3,3:0:3,奇,小,2022
2022013,2022-02-08,02 03 04 07 10 18,15,2,3,4,7,10,18,376000418,1526180218,44,16,2:4,1:5,5:1:0,奇,大,2022
2022014,2022-02-10,06 07 13 14 15 27,4,6,7,13,14,15,27,353937416,1544973715,82,21,4:2,1:5,2:3:1,偶,小,2022
2022015,2022-02-13,06 14 16 27 28 31,7,6,14,16,27,28,31,387014176,1541699154,122,25,2:4,3:3,1:2:3,奇,小,2022
2022016,2022-02-15,05 10 19 20 29 31,14,5,10,19,20,29,31,370604868,1515799969,114,26,4:2,4:2,2:2:2,偶,大,2022
2022017,2022-02-17,06 09 24 29 30 32,7,6,9,24,29,30,32,367332144,1541904440,130,26,2:4,4:2,2:0:4,奇,小,2022
2022018,2022-02-20,07 11 16 17 30 32,16,7,11,16,17,30,32,392699896,1612631799,113,25,3:3,3:3,2:2:2,偶,大,2022
2022019,2022-02-22,05 06 14 20 21 25,8,5,6,14,20,21,25,374092592,1587422145,91,20,3:3,3:3,2:3:1,偶,小,2022
2022020,2022-02-24,09 11 14 22 30 32,1,9,11,14,22,30,32,376104336,1660696455,118,23,2:4,3:3,2:2:2,奇,小,2022
2022021,2022-02-27,03 07 22 24 26 31,14,3,7,22,24,26,31,413793268,1653333569,113,28,3:3,4:2,2:1:3,偶,大,2022
2022022,2022-03-01,01 07 11 15 17 19,6,1,7,11,15,17,19,374172850,1651680455,70,18,6:0,2:4,3:3:0,偶,小,2022
2022023,2022-03-03,07 12 17 19 24 25,2,7,12,17,19,24,25,386299738,1667173674,104,18,4:2,4:2,1:3:2,偶,小,2022
2022024,2022-03-06,07 09 10 14 19 24,15,7,9,10,14,19,24,412478136,1733800692,83,17,3:3,2:4,3:2:1,奇,大,2022
2022025,2022-03-08,06 19 24 25 28 32,4,6,19,24,25,28,32,380028752,1800801596,134,26,2:4,5:1,1:1:4,偶,小,2022
2022026,2022-03-10,03 04 10 15 22 24,2,3,4,10,15,22,24,390646552,1820096321,78,21,2:4,2:4,3:2:1,偶,小,2022
2022027,2022-03-13,14 15 18 19 26 32,9,14,15,18,19,26,32,407429120,1850108360,124,18,2:4,4:2,0:4:2,奇,大,2022
2022028,2022-03-15,05 11 20 22 23 29,9,5,11,20,22,23,29,359741624,1854403191,110,24,4:2,4:2,2:2:2,奇,大,2022
2022029,2022-03-17,03 08 10 13 26 32,8,3,8,10,13,26,32,354275468,1840565291,92,29,2:4,2:4,3:1:2,偶,小,2022
2022030,2022-03-20,12 23 24 26 27 30,5,12,23,24,26,27,30,376910184,1797209652,142,18,2:4,5:1,0:1:5,奇,小,2022
2022031,2022-03-22,01 10 11 22 26 32,7,1,10,11,22,26,32,353060708,1696267600,102,31,2:4,3:3,3:1:2,奇,小,2022
2022032,2022-03-24,04 10 11 14 23 32,7,4,10,11,14,23,32,365937174,1723412804,94,28,2:4,2:4,3:1:2,奇,小,2022
2022033,2022-03-27,05 12 19 22 25 26,5,5,12,19,22,25,26,392018786,1724489453,109,21,3:3,4:2,1:3:2,奇,小,2022
2022034,2022-03-29,14 17 26 31 32 33,10,14,17,26,31,32,33,361289854,1729816605,153,19,3:3,5:1,0:2:4,偶,大,2022
2022035,2022-03-31,08 12 13 19 23 25,15,8,12,13,19,23,25,353577746,1736599330,100,17,4:2,3:3,1:3:2,奇,大,2022
2022036,2022-04-03,02 03 14 16 26 31,2,2,3,14,16,26,31,362126634,1760101650,92,29,2:4,2:4,2:2:2,偶,小,2022
2022037,2022-04-05,01 10 13 20 22 32,14,1,10,13,20,22,32,332623306,1812767035,98,31,2:4,3:3,2:3:1,偶,大,2022
2022038,2022-04-07,09 12 13 16 24 32,4,9,12,13,16,24,32,348860576,1841833878,106,23,2:4,2:4,1:3:2,偶,小,2022
2022039,2022-04-10,02 06 07 10 15 20,5,2,6,7,10,15,20,375104494,1873384741,60,18,2:4,1:5,4:2:0,奇,小,2022
2022040,2022-04-12,03 12 14 16 31 33,12,3,12,14,16,31,33,343211044,1832633915,109,30,3:3,2:4,1:3:2,偶,大,2022
2022041,2022-04-14,05 07 21 22 24 29,14,5,7,21,22,24,29,348280000,1878895566,108,24,4:2,4:2,2:2:2,偶,大,2022
2022042,2022-04-17,05 10 11 21 22 30,13,5,10,11,21,22,30,376726628,1885518647,99,25,3:3,3:3,3:2:1,奇,大,2022
2022043,2022-04-19,02 17 20 23 25 27,8,2,17,20,23,25,27,350215018,1883060805,114,25,4:2,5:1,1:2:3,偶,小,2022
2022044,2022-04-21,01 07 08 21 23 29,6,1,7,8,21,23,29,362459788,1872712376,89,28,5:1,3:3,3:1:2,偶,小,2022
2022045,2022-04-24,03 12 17 18 19 28,4,3,12,17,18,19,28,389120778,1885303642,97,25,3:3,4:2,1:4:1,偶,小,2022
2022046,2022-04-26,02 11 24 25 27 30,14,2,11,24,25,27,30,358743356,1901913181,119,28,3:3,4:2,2:0:4,偶,大,2022
2022047,2022-04-28,03 07 08 14 27 30,9,3,7,8,14,27,30,360230056,1833014021,89,27,3:3,2:4,3:1:2,奇,大,2022
2022048,2022-05-01,05 07 17 20 26 31,14,5,7,17,20,26,31,357972850,1882359418,106,26,4:2,4:2,2:2:2,偶,大,2022
2022049,2022-05-03,02 04 07 18 25 26,10,2,4,7,18,25,26,337463590,1949357745,82,24,2:4,3:3,3:1:2,偶,大,2022
2022050,2022-05-05,03 05 08 14 27 33,8,3,5,8,14,27,33,363371278,1916892944,90,30,4:2,2:4,3:1:2,偶,小,2022
2022051,2022-05-08,02 05 11 17 21 33,1,2,5,11,17,21,33,389679034,1951616776,89,31,5:1,3:3,3:2:1,奇,小,2022
2022052,2022-05-10,07 24 27 29 31 32,15,7,24,27,29,31,32,359187786,1997206997,150,25,4:2,5:1,1:0:5,奇,大,2022
2022053,2022-05-12,10 14 18 23 27 33,15,10,14,18,23,27,33,356510652,2046352325,125,23,3:3,4:2,1:2:3,奇,大,2022
2022054,2022-05-15,08 12 21 27 28 33,11,8,12,21,27,28,33,391678014,1941352325,129,25,3:3,4:2,1:2:3,奇,大,2022
2022055,2022-05-17,02 04 09 26 28 33,3,2,4,9,26,28,33,350153658,1971539174,102,31,2:4,3:3,3:0:3,奇,小,2022
2022056,2022-05-19,01 06 11 14 17 26,15,1,6,11,14,17,26,352329270,2004226992,75,25,3:3,2:4,3:2:1,奇,大,2022
2022057,2022-05-22,12 15 20 26 30 33,16,12,15,20,26,30,33,378857894,2045497453,136,21,2:4,4:2,0:3:3,偶,大,2022
2022058,2022-05-24,06 13 14 23 31 33,1,6,13,14,23,31,33,336926030,2046143432,120,27,4:2,3:3,1:2:3,奇,小,2022
2022059,2022-05-26,06 09 18 19 29 33,6,6,9,18,19,29,33,340378840,1985420373,114,27,4:2,4:2,2:2:2,偶,小,2022
2022060,2022-05-29,16 18 19 24 28 32,1,16,18,19,24,28,32,361140396,2044441141,137,16,1:5,5:1,0:3:3,奇,小,2022
2022061,2022-05-31,01 03 16 18 29 33,6,1,3,16,18,29,33,331252342,2089196019,100,32,4:2,3:3,2:2:2,偶,小,2022
2022062,2022-06-02,16 18 20 21 23 33,5,16,18,20,21,23,33,329515310,2113191829,131,17,3:3,5:1,0:4:2,奇,小,2022
2022063,2022-06-05,06 08 09 17 22 31,11,6,8,9,17,22,31,360023818,2036171824,93,25,3:3,3:3,3:2:1,奇,大,2022
2022064,2022-06-07,04 06 12 13 17 31,16,4,6,12,13,17,31,340689068,2025619908,83,27,3:3,2:4,2:3:1,偶,大,2022
2022065,2022-06-09,09 14 18 23 28 31,2,9,14,18,23,28,31,348395414,2051850948,123,22,3:3,4:2,1:2:3,偶,小,2022
2022066,2022-06-12,06 11 14 20 27 30,9,6,11,14,20,27,30,370987262,1900729226,108,24,2:4,3:3,2:2:2,奇,大,2022
2022067,2022-06-14,01 05 13 21 26 29,15,1,5,13,21,26,29,347891686,1899875782,95,28,5:1,3:3,2:2:2,奇,大,2022
2022068,2022-06-16,07 12 15 24 26 29,6,7,12,15,24,26,29,354071622,1911353650,113,22,3:3,3:3,1:2:3,偶,小,2022
2022069,2022-06-19,06 07 13 19 26 29,8,6,7,13,19,26,29,380359658,1839751672,100,23,4:2,3:3,2:2:2,偶,小,2022
2022070,2022-06-21,04 06 09 27 28 33,2,4,6,9,27,28,33,356598990,1847642672,107,29,3:3,3:3,3:0:3,偶,小,2022
2022071,2022-06-23,04 07 15 18 29 33,1,4,7,15,18,29,33,354289328,1866155263,106,29,4:2,3:3,2:2:2,奇,小,2022
2022072,2022-06-26,05 14 15 16 18 32,12,5,14,15,16,18,32,385506202,1879381753,100,27,2:4,2:4,1:4:1,偶,大,2022
2022073,2022-06-28,06 10 14 15 26 29,12,6,10,14,15,26,29,352213628,1902372906,100,23,2:4,2:4,2:2:2,偶,大,2022
2022074,2022-06-30,05 07 15 19 29 33,15,5,7,15,19,29,33,354915638,1928690407,108,28,6:0,3:3,2:2:2,奇,大,2022
2022075,2022-07-03,01 02 04 25 26 30,10,1,2,4,25,26,30,379959636,1946747172,88,29,2:4,3:3,3:0:3,偶,大,2022
2022076,2022-07-05,08 09 10 13 24 29,2,8,9,10,13,24,29,342718328,1930610784,93,21,3:3,2:4,3:1:2,偶,小,2022
2022077,2022-07-07,03 17 18 19 20 27,16,3,17,18,19,20,27,345118818,1909641199,104,24,4:2,5:1,1:4:1,偶,大,2022
2022078,2022-07-10,01 04 05 15 17 31,9,1,4,5,15,17,31,366650644,1919037561,73,30,5:1,2:4,3:2:1,奇,大,2022
2022079,2022-07-12,01 09 15 17 22 23,16,1,9,15,17,22,23,341273762,1982330237,87,22,5:1,3:3,2:3:1,偶,大,2022
2022080,2022-07-14,05 12 15 17 18 27,4,5,12,15,17,18,27,342797508,1986021667,94,22,4:2,3:3,1:4:1,偶,小,2022
2022081,2022-07-17,04 08 11 21 27 30,1,4,8,11,21,27,30,373064250,2018613381,101,26,3:3,3:3,3:1:2,奇,小,2022
2022082,2022-07-19,04 10 11 23 30 32,14,4,10,11,23,30,32,347371994,2063526963,110,28,2:4,3:3,3:0:3,偶,大,2022
2022083,2022-07-21,08 12 13 14 19 20,5,8,12,13,14,19,20,347550570,2040473284,86,12,2:4,2:4,1:5:0,奇,小,2022
2022084,2022-07-24,03 18 23 24 25 32,9,3,18,23,24,25,32,368808592,2055734480,125,29,3:3,5:1,1:1:4,奇,大,2022
2022085,2022-07-26,07 09 14 31 32 33,13,7,9,14,31,32,33,341538762,2041516396,126,26,4:2,3:3,2:1:3,奇,大,2022
2022086,2022-07-28,01 04 08 21 23 24,11,1,4,8,21,23,24,345421240,2050676797,81,23,3:3,3:3,3:1:2,奇,大,2022
2022087,2022-07-31,05 06 09 13 23 25,8,5,6,9,13,23,25,370042706,2038263308,81,20,5:1,2:4,3:1:2,偶,小,2022
2022088,2022-08-02,03 09 15 17 20 22,6,3,9,15,17,20,22,340253450,1970007210,86,19,4:2,3:3,2:4:0,偶,小,2022
2022089,2022-08-04,02 07 15 29 31 33,15,2,7,15,29,31,33,342434670,2006110048,117,31,5:1,3:3,2:1:3,奇,大,2022
2022090,2022-08-07,01 04 25 27 29 30,7,1,4,25,27,29,30,365943774,1985834009,116,29,4:2,4:2,2:0:4,奇,小,2022
2022091,2022-08-09,08 18 20 22 24 28,10,8,18,20,22,24,28,335981918,1983706692,120,20,0:6,5:1,1:3:2,偶,大,2022
2022092,2022-08-11,07 10 16 20 21 27,11,7,10,16,20,21,27,337222664,1927997908,101,20,3:3,3:3,2:3:1,奇,大,2022
2022093,2022-08-14,21 22 24 28 29 32,14,21,22,24,28,29,32,363673578,1991811868,156,11,2:4,6:0,0:2:4,偶,大,2022
2022094,2022-08-16,06 11 13 16 19 31,2,6,11,13,16,19,31,333751422,2024071723,96,25,4:2,2:4,2:3:1,偶,小,2022
2022095,2022-08-18,04 13 14 18 20 28,8,4,13,14,18,20,28,339954958,2028343930,97,24,1:5,3:3,1:4:1,偶,小,2022
2022096,2022-08-21,03 16 17 19 25 33,7,3,16,17,19,25,33,374401638,1824688735,113,30,5:1,4:2,1:3:2,奇,小,2022
2022097,2022-08-23,04 05 10 13 30 31,14,4,5,10,13,30,31,339168020,1876944863,93,27,3:3,2:4,3:1:2,偶,大,2022
2022098,2022-08-25,02 03 04 06 21 33,5,2,3,4,6,21,33,339839938,1853286941,69,31,3:3,2:4,4:1:1,奇,小,2022
2022099,2022-08-28,01 11 23 24 26 32,15,1,11,23,24,26,32,368635154,1867860655,117,31,3:3,4:2,2:0:4,奇,大,2022
2022100,2022-08-30,02 06 07 15 20 21,15,2,6,7,15,20,21,338953236,1869582122,71,19,3:3,2:4,3:3:0,奇,大,2022
2022101,2022-09-01,04 16 18 19 27 28,4,4,16,18,19,27,28,342584116,1742459306,112,24,2:4,4:2,1:3:2,偶,小,2022
2022102,2022-09-04,09 10 12 18 29 32,14,9,10,12,18,29,32,360805992,1772160912,110,23,2:4,3:3,2:2:2,偶,大,2022
2022103,2022-09-06,06 09 12 14 20 28,10,6,9,12,14,20,28,331343836,1753950406,89,22,1:5,2:4,2:3:1,偶,大,2022
2022104,2022-09-08,01 08 19 25 26 31,1,1,8,19,25,26,31,337087306,1704610228,110,30,4:2,4:2,2:1:3,奇,小,2022
2022105,2022-09-11,06 12 13 15 21 23,15,6,12,13,15,21,23,357410590,1747497631,90,17,4:2,2:4,1:4:1,奇,大,2022
2022106,2022-09-13,17 20 22 23 24 31,1,17,20,22,23,24,31,336123528,1800820638,137,14,3:3,6:0,0:3:3,奇,小,2022
2022107,2022-09-15,03 09 11 15 19 28,16,3,9,11,15,19,28,342747048,1794077479,85,25,5:1,2:4,3:2:1,偶,大,2022
2022108,2022-09-18,01 07 13 17 18 31,15,1,7,13,17,18,31,379260702,1790162397,87,30,5:1,3:3,2:3:1,奇,大,2022
2022109,2022-09-20,04 11 13 19 22 33,11,4,11,13,19,22,33,349805376,1811161575,102,29,4:2,3:3,2:3:1,奇,大,2022
2022110,2022-09-22,09 13 15 18 20 28,15,9,13,15,18,20,28,352346658,1836366779,103,19,3:3,3:3,1:4:1,奇,大,2022
2022111,2022-09-25,02 10 11 13 28 31,1,2,10,11,13,28,31,385923798,1901720272,95,29,3:3,2:4,3:1:2,奇,小,2022
2022112,2022-09-27,03 05 08 17 25 31,1,3,5,8,17,25,31,348893862,1937385782,89,28,5:1,3:3,3:1:2,奇,小,2022
2022113,2022-09-29,13 14 20 24 27 29,2,13,14,20,24,27,29,363604180,1991635746,127,16,3:3,4:2,0:3:3,偶,小,2022
2022114,2022-10-06,01 05 15 19 26 29,13,1,5,15,19,26,29,347069064,1986647604,95,28,5:1,3:3,2:2:2,奇,大,2022
2022115,2022-10-09,06 07 18 20 27 29,9,6,7,18,20,27,29,359461828,1849681926,107,23,3:3,4:2,2:2:2,奇,大,2022
2022116,2022-10-11,08 14 26 27 30 33,1,8,14,26,27,30,33,337975208,1923415752,138,25,2:4,4:2,1:1:4,奇,小,2022
2022117,2022-10-13,04 13 17 18 28 29,6,4,13,17,18,28,29,345578024,1901177457,109,25,3:3,4:2,1:3:2,偶,小,2022
2022118,2022-10-16,02 06 07 11 14 33,8,2,6,7,11,14,33,374309728,1910541782,73,31,3:3,1:5,4:1:1,偶,小,2022
2022119,2022-10-18,02 05 15 18 26 27,4,2,5,15,18,26,27,341495720,1899873541,93,25,3:3,3:3,2:2:2,偶,小,2022
2022120,2022-10-20,02 15 19 26 27 29,2,2,15,19,26,27,29,355500194,1742358177,118,27,4:2,4:2,1:2:3,偶,小,2022
2022121,2022-10-23,12 17 22 27 30 31,2,12,17,22,27,30,31,380066114,1769892531,139,19,3:3,5:1,0:3:3,偶,小,2022
2022122,2022-10-25,06 08 17 19 24 28,5,6,8,17,19,24,28,350001646,1677059125,102,22,2:4,4:2,2:2:2,奇,小,2022
2022123,2022-10-27,10 13 16 20 21 25,5,10,13,16,20,21,25,360850820,1693327054,105,15,3:3,3:3,1:4:1,奇,小,2022
2022124,2022-10-30,05 10 13 18 24 26,1,5,10,13,18,24,26,383396494,1740587803,96,21,2:4,3:3,2:2:2,奇,小,2022
2022125,2022-11-01,02 03 07 12 20 31,16,2,3,7,12,20,31,429659904,1762667038,75,29,3:3,2:4,3:2:1,偶,大,2022
2022126,2022-11-03,01 13 15 17 26 33,13,1,13,15,17,26,33,436137344,1807038683,105,32,5:1,3:3,1:3:2,奇,大,2022
2022127,2022-11-06,03 04 09 10 29 33,13,3,4,9,10,29,33,455409958,1869259580,88,30,4:2,2:4,4:0:2,奇,大,2022
2022128,2022-11-08,03 12 18 24 27 29,1,3,12,18,24,27,29,420999886,1889014542,113,26,3:3,4:2,1:2:3,奇,小,2022
2022129,2022-11-10,10 12 14 22 24 27,7,10,12,14,22,24,27,430007836,1908461423,109,17,1:5,3:3,1:3:2,奇,小,2022
2022130,2022-11-13,02 08 15 17 26 28,12,2,8,15,17,26,28,446023212,1689813201,96,26,2:4,3:3,2:2:2,偶,大,2022
2022131,2022-11-15,03 05 10 13 19 29,6,3,5,10,13,19,29,425292626,1640635486,79,26,5:1,2:4,3:2:1,偶,小,2022
2022132,2022-11-17,01 03 18 26 32 33,4,1,3,18,26,32,33,439981994,1698530418,113,32,3:3,4:2,2:1:3,偶,小,2022
2022133,2022-11-20,05 08 16 17 21 25,12,5,8,16,17,21,25,457083562,1713363599,92,20,4:2,3:3,2:3:1,偶,大,2022
2022134,2022-11-22,01 05 14 17 24 31,14,1,5,14,17,24,31,404859714,1728998506,92,30,4:2,3:3,2:2:2,偶,大,2022
2022135,2022-11-24,09 11 13 24 28 32,6,9,11,13,24,28,32,402652460,1733838061,117,23,3:3,3:3,2:1:3,偶,小,2022
2022136,2022-11-27,08 10 14 15 18 22,8,8,10,14,15,18,22,412826960,1678628784,87,14,1:5,2:4,2:4:0,偶,小,2022
2022137,2022-11-29,08 21 23 27 28 33,1,8,21,23,27,28,33,380398430,1696427005,140,25,4:2,5:1,1:1:4,奇,小,2022
2022138,2022-12-01,02 14 19 21 25 28,11,2,14,19,21,25,28,382295872,1744972360,109,26,3:3,4:2,1:3:2,奇,大,2022
2022139,2022-12-04,06 07 09 16 17 19,14,6,7,9,16,17,19,421220444,1751181135,74,13,4:2,2:4,3:3:0,偶,大,2022
2022140,2022-12-06,08 09 18 19 20 27,15,8,9,18,19,20,27,397499610,1702647485,101,19,3:3,4:2,2:3:1,奇,大,2022
2022141,2022-12-08,05 12 13 17 20 27,14,5,12,13,17,20,27,415110854,1674155872,94,22,4:2,3:3,1:4:1,偶,大,2022
2022142,2022-12-11,01 03 13 16 21 27,3,1,3,13,16,21,27,440572602,1636406391,81,26,5:1,2:4,2:3:1,奇,小,2022
2022143,2022-12-13,07 08 13 29 30 33,3,7,8,13,29,30,33,397641696,1612687877,120,26,4:2,3:3,2:1:3,奇,小,2022
2022144,2022-12-15,07 20 22 23 31 32,5,7,20,22,23,31,32,400859910,1615187506,135,25,3:3,5:1,1:2:3,奇,小,2022
2022145,2022-12-18,03 21 25 30 31 33,11,3,21,25,30,31,33,366333090,1651431252,143,30,5:1,5:1,1:1:4,奇,大,2022
2022146,2022-12-20,06 07 13 18 26 31,6,6,7,13,18,26,31,319241960,1643604313,101,25,3:3,3:3,2:2:2,偶,小,2022
2022147,2022-12-22,02 03 07 13 20 30,10,2,3,7,13,20,30,308727648,1587565859,75,28,3:3,2:4,3:2:1,偶,大,2022
2022148,2022-12-25,02 15 16 17 21 31,14,2,15,16,17,21,31,328466772,1596182866,102,29,4:2,3:3,1:4:1,偶,大,2022
2022149,2022-12-27,02 22 26 29 32 33,14,2,22,26,29,32,33,305443962,1619210281,144,31,2:4,5:1,1:1:4,偶,大,2022
2022150,2022-12-29,01 07 11 12 22 28,5,1,7,11,12,22,28,322732470,1613770461,81,27,3:3,2:4,3:2:1,奇,小,2022
2023001,2023-01-01,09 16 18 22 28 32,2,9,16,18,22,28,32,349018800,1631485850,125,23,1:5,4:2,1:3:2,偶,小,2023
2023002,2023-01-03,02 06 10 16 18 22,13,2,6,10,16,18,22,317440920,1652047889,74,20,0:6,2:4,3:3:0,奇,大,2023
2023003,2023-01-05,05 08 18 25 30 32,6,5,8,18,25,30,32,332514694,1656261800,118,27,2:4,4:2,2:1:3,偶,小,2023
2023004,2023-01-08,01 07 15 16 20 25,16,1,7,15,16,20,25,362777504,1670832253,84,24,4:2,2:4,2:3:1,偶,大,2023
2023005,2023-01-10,02 06 08 13 14 19,16,2,6,8,13,14,19,331127174,1726038229,62,17,2:4,1:5,3:3:0,偶,大,2023
2023006,2023-01-12,02 10 12 14 24 26,5,2,10,12,14,24,26,341187596,1711353726,88,24,0:6,2:4,2:2:2,奇,小,2023
2023007,2023-01-15,05 06 09 22 25 31,3,5,6,9,22,25,31,357680590,1745872298,98,26,4:2,3:3,3:1:2,奇,小,2023
2023008,2023-01-17,05 13 18 20 26 28,6,5,13,18,20,26,28,367864780,1753087580,110,23,2:4,4:2,1:3:2,偶,小,2023
2023009,2023-01-29,03 04 19 23 30 32,6,3,4,19,23,30,32,370445322,1812003410,111,29,3:3,4:2,2:1:3,偶,小,2023
2023010,2023-01-31,04 05 13 18 27 29,12,4,5,13,18,27,29,335698884,1813355120,96,25,4:2,3:3,2:2:2,偶,大,2023
2023011,2023-02-02,06 07 16 17 21 22,4,6,7,16,17,21,22,344777252,1790457577,89,16,3:3,3:3,2:4:0,偶,小,2023
2023012,2023-02-05,03 04 07 22 26 30,6,3,4,7,22,26,30,377681908,1776074467,92,27,2:4,3:3,3:1:2,偶,小,2023
2023013,2023-02-07,06 10 14 22 23 33,13,6,10,14,22,23,33,351959204,1832147989,108,27,2:4,3:3,2:2:2,奇,大,2023
2023014,2023-02-09,06 07 18 23 27 30,5,6,7,18,23,27,30,354854954,1855218930,111,24,3:3,4:2,2:1:3,奇,小,2023
2023015,2023-02-12,02 03 14 21 29 32,8,2,3,14,21,29,32,392727530,1840337997,101,30,3:3,3:3,2:2:2,偶,小,2023
2023016,2023-02-14,14 16 19 23 28 30,3,14,16,19,23,28,30,363237418,1890499018,130,16,2:4,4:2,0:3:3,奇,小,2023
2023017,2023-02-16,05 11 18 20 26 28,12,5,11,18,20,26,28,385010210,1912869860,108,23,2:4,4:2,2:2:2,偶,大,2023
2023018,2023-02-19,10 12 17 19 25 31,13,10,12,17,19,25,31,428078014,1996089903,114,21,4:2,4:2,1:3:2,奇,大,2023
2023019,2023-02-21,06 12 26 28 29 32,15,6,12,26,28,29,32,399695170,2024791190,133,26,1:5,4:2,1:1:4,奇,大,2023
2023020,2023-02-23,01 12 17 18 26 27,5,1,12,17,18,26,27,394774502,2083313411,101,26,3:3,4:2,1:3:2,奇,小,2023
2023021,2023-02-26,02 05 06 19 21 27,4,2,5,6,19,21,27,430229092,2042737116,80,25,4:2,3:3,3:2:1,偶,小,2023
2023022,2023-02-28,10 11 18 19 23 31,3,10,11,18,19,23,31,393991274,2109715322,112,21,4:2,4:2,2:2:2,奇,小,2023
2023023,2023-03-02,05 08 10 15 24 25,9,5,8,10,15,24,25,394377912,1904715322,87,20,3:3,2:4,3:1:2,奇,大,2023
2023024,2023-03-05,03 06 09 17 27 28,3,3,6,9,17,27,28,424465912,1857117376,90,25,4:2,3:3,3:1:2,奇,小,2023
2023025,2023-03-07,04 16 20 21 31 32,14,4,16,20,21,31,32,383537242,1861412948,124,28,2:4,4:2,1:3:2,偶,大,2023
2023026,2023-03-09,01 18 26 30 31 33,3,1,18,26,30,31,33,382398740,1865260832,139,32,3:3,5:1,1:1:4,奇,小,2023
2023027,2023-03-12,08 10 22 27 32 33,8,8,10,22,27,32,33,405939502,1887143965,132,25,2:4,4:2,2:1:3,偶,小,2023
2023028,2023-03-14,05 07 10 17 20 22,14,5,7,10,17,20,22,378131048,1940352740,81,17,3:3,3:3,3:3:0,偶,大,2023
2023029,2023-03-16,03 07 12 24 28 33,8,3,7,12,24,28,33,373970632,1968119308,107,30,3:3,3:3,2:1:3,偶,小,2023
2023030,2023-03-19,02 03 07 16 30 31,6,2,3,7,16,30,31,407635670,1984712961,89,29,3:3,2:4,3:1:2,偶,小,2023
2023031,2023-03-21,07 14 27 29 31 33,5,7,14,27,29,31,33,377795536,2031724589,141,26,5:1,4:2,1:1:4,奇,小,2023
2023032,2023-03-23,06 19 20 26 28 33,1,6,19,20,26,28,33,378271328,2004521709,132,27,2:4,5:1,1:2:3,奇,小,2023
2023033,2023-03-26,08 09 13 23 24 26,5,8,9,13,23,24,26,407044870,2042293077,103,18,3:3,3:3,2:1:3,奇,小,2023
2023034,2023-03-28,02 03 09 11 12 17,15,2,3,9,11,12,17,371464196,2074219579,54,15,4:2,1:5,4:2:0,奇,大,2023
2023035,2023-03-30,01 04 09 10 20 33,6,1,4,9,10,20,33,376157550,2075773039,77,32,3:3,2:4,4:1:1,偶,小,2023
2023036,2023-04-02,13 14 18 19 24 30,9,13,14,18,19,24,30,402105258,1993133574,118,17,2:4,4:2,0:4:2,奇,大,2023
2023037,2023-04-04,08 23 25 26 29 31,12,8,23,25,26,29,31,357460864,1956183761,142,23,4:2,5:1,1:0:5,偶,大,2023
2023038,2023-04-06,02 09 14 17 31 33,8,2,9,14,17,31,33,368841578,1948188487,106,31,4:2,3:3,2:2:2,偶,小,2023
2023039,2023-04-09,02 03 09 13 19 28,9,2,3,9,13,19,28,409186858,1976860679,74,26,4:2,2:4,3:2:1,奇,大,2023
2023040,2023-04-11,09 16 17 24 29 31,8,9,16,17,24,29,31,372777348,2006881397,126,22,4:2,4:2,1:2:3,偶,小,2023
2023041,2023-04-13,01 06 12 13 15 24,6,1,6,12,13,15,24,379030400,2049048265,71,23,3:3,1:5,2:3:1,偶,小,2023
2023042,2023-04-16,10 17 20 23 27 30,10,10,17,20,23,27,30,406450374,2044443036,127,20,3:3,5:1,1:2:3,偶,大,2023
2023043,2023-04-18,05 08 12 20 24 28,10,5,8,12,20,24,28,370609676,1996962618,97,23,1:5,3:3,2:2:2,偶,大,2023
2023044,2023-04-20,02 08 15 22 24 26,16,2,8,15,22,24,26,375494004,2012948026,97,24,1:5,3:3,2:2:2,偶,大,2023
2023045,2023-04-23,03 06 12 21 27 28,4,3,6,12,21,27,28,398638950,2001600001,97,25,3:3,3:3,2:2:2,偶,小,2023
2023046,2023-04-25,06 08 17 25 26 28,3,6,8,17,25,26,28,364967218,2028047147,110,22,2:4,4:2,2:1:3,奇,小,2023
2023047,2023-04-27,05 07 14 23 31 33,7,5,7,14,23,31,33,373486114,1990369107,113,28,5:1,3:3,2:1:3,奇,小,2023
2023048,2023-04-30,02 03 10 24 28 30,8,2,3,10,24,28,30,362109840,1949270613,97,28,1:5,3:3,3:0:3,偶,小,2023
2023049,2023-05-02,05 07 14 23 25 27,2,5,7,14,23,25,27,328857030,1961601481,101,22,5:1,3:3,2:1:3,偶,小,2023
2023050,2023-05-04,02 07 09 14 22 23,5,2,7,9,14,22,23,359185180,1975368056,77,21,3:3,2:4,3:2:1,奇,小,2023
2023051,2023-05-07,22 26 29 30 32 33,14,22,26,29,30,32,33,388332454,2041647521,172,11,2:4,6:0,0:1:5,偶,大,2023
2023052,2023-05-09,03 04 05 08 12 17,6,3,4,5,8,12,17,358038114,1998828962,49,14,3:3,1:5,4:2:0,偶,小,2023
2023053,2023-05-11,01 07 14 20 27 30,15,1,7,14,20,27,30,364282626,2004355202,99,29,3:3,3:3,2:2:2,奇,大,2023
2023054,2023-05-14,05 06 09 10 15 26,12,5,6,9,10,15,26,394464450,2012386157,71,21,3:3,1:5,4:1:1,偶,大,2023
2023055,2023-05-16,03 04 20 23 27 32,13,3,4,20,23,27,32,370786668,2076855754,109,29,3:3,4:2,2:1:3,奇,大,2023
2023056,2023-05-18,08 14 15 18 23 33,8,8,14,15,18,23,33,372532958,2067478767,111,25,3:3,3:3,1:3:2,偶,小,2023
2023057,2023-05-21,02 05 10 17 24 32,3,2,5,10,17,24,32,396913794,2012616989,90,30,2:4,3:3,3:1:2,奇,小,2023
2023058,2023-05-23,10 17 22 26 30 33,11,10,17,22,26,30,33,372662796,2029768036,138,23,2:4,5:1,1:2:3,奇,大,2023
2023059,2023-05-25,02 06 13 22 27 32,6,2,6,13,22,27,32,374631364,1922748082,102,30,2:4,3:3,2:2:2,偶,小,2023
2023060,2023-05-28,09 11 17 19 30 31,11,9,11,17,19,30,31,402713176,1949837133,117,22,5:1,4:2,2:2:2,奇,大,2023
2023061,2023-05-30,01 04 06 11 12 22,15,1,4,6,11,12,22,365432766,2002747701,56,21,2:4,1:5,4:2:0,奇,大,2023
2023062,2023-06-01,11 19 23 24 26 33,15,11,19,23,24,26,33,359921314,2083569496,136,22,4:2,5:1,1:1:4,奇,大,2023
2023063,2023-06-04,04 08 17 20 22 27,13,4,8,17,20,22,27,390718820,2130039756,98,23,2:4,4:2,2:3:1,奇,大,2023
2023064,2023-06-06,01 07 11 12 16 18,4,1,7,11,12,16,18,358055754,2081628784,65,17,3:3,1:5,3:3:0,偶,小,2023
2023065,2023-06-08,02 14 17 20 26 33,14,2,14,17,20,26,33,364732942,2102299471,112,31,2:4,4:2,1:3:2,偶,大,2023
2023066,2023-06-11,02 07 08 10 26 31,6,2,7,8,10,26,31,393592226,2060647554,84,29,2:4,2:4,4:0:2,偶,小,2023
2023067,2023-06-13,01 03 12 19 28 32,14,1,3,12,19,28,32,364444632,2103312244,95,31,3:3,3:3,2:2:2,偶,大,2023
2023068,2023-06-15,11 12 15 18 29 33,2,11,12,15,18,29,33,370869162,2178451698,118,22,4:2,3:3,1:3:2,偶,小,2023
2023069,2023-06-18,12 14 17 20 21 26,2,12,14,17,20,21,26,396617204,2216379497,110,14,2:4,4:2,0:5:1,偶,小,2023
2023070,2023-06-20,03 05 25 31 32 33,4,3,5,25,31,32,33,358436376,2298227329,129,30,5:1,4:2,2:0:4,偶,小,2023
2023071,2023-06-22,05 12 15 19 24 26,6,5,12,15,19,24,26,335357710,2261306658,101,21,3:3,3:3,1:3:2,偶,小,2023
2023072,2023-06-25,02 06 10 24 25 33,9,2,6,10,24,25,33,390203400,2257958066,100,31,2:4,3:3,3:0:3,奇,大,2023
2023073,2023-06-27,01 03 15 16 25 32,10,1,3,15,16,25,32,360075550,2285628386,92,31,4:2,2:4,2:2:2,偶,大,2023
2023074,2023-06-29,02 08 09 18 19 21,3,2,8,9,18,19,21,358471886,2310559345,77,19,3:3,3:3,3:3:0,奇,小,2023
2023075,2023-07-02,13 15 24 28 30 31,1,13,15,24,28,30,31,382962350,2313625531,141,18,3:3,4:2,0:2:4,奇,小,2023
2023076,2023-07-04,03 04 15 18 19 22,9,3,4,15,18,19,22,349981630,2322659300,81,19,3:3,3:3,2:4:0,奇,大,2023
2023077,2023-07-06,07 09 14 22 26 27,1,7,9,14,22,26,27,351174612,2334509163,105,20,3:3,3:3,2:2:2,奇,小,2023
2023078,2023-07-09,06 08 14 19 30 31,8,6,8,14,19,30,31,376825490,2250465082,108,25,2:4,3:3,2:2:2,偶,小,2023
2023079,2023-07-11,05 06 09 12 21 22,7,5,6,9,12,21,22,352893610,2047443072,75,17,3:3,2:4,3:3:0,奇,小,2023
2023080,2023-07-13,01 02 04 09 25 31,8,1,2,4,9,25,31,363086950,2052579114,72,30,4:2,2:4,4:0:2,偶,小,2023
2023081,2023-07-16,01 11 15 16 22 31,15,1,11,15,16,22,31,387109286,2080743000,96,30,4:2,2:4,2:3:1,奇,大,2023
2023082,2023-07-18,04 18 19 24 27 30,16,4,18,19,24,27,30,355121956,2056167572,122,26,2:4,5:1,1:2:3,偶,大,2023
2023083,2023-07-20,07 10 12 16 17 30,12,7,10,12,16,17,30,360195880,2071700320,92,23,2:4,2:4,2:3:1,偶,大,2023
2023084,2023-07-23,09 13 14 17 19 27,3,9,13,14,17,19,27,386580634,2103633553,99,18,5:1,3:3,1:4:1,奇,小,2023
2023085,2023-07-25,11 18 23 24 31 33,13,11,18,23,24,31,33,356240472,2125713507,140,22,4:2,5:1,1:1:4,奇,大,2023
2023086,2023-07-27,08 09 10 22 26 32,12,8,9,10,22,26,32,357436118,2121686796,107,24,1:5,3:3,3:1:2,偶,大,2023
2023087,2023-07-30,02 09 15 17 28 33,1,2,9,15,17,28,33,381153750,2137498144,104,31,4:2,3:3,2:2:2,奇,小,2023
2023088,2023-08-01,01 14 18 26 31 33,5,1,14,18,26,31,33,350096092,2115425117,123,32,3:3,4:2,1:2:3,奇,小,2023
2023089,2023-08-03,08 13 15 27 28 31,11,8,13,15,27,28,31,354904960,2063540939,122,23,4:2,3:3,1:2:3,奇,大,2023
2023090,2023-08-06,01 02 09 26 30 31,7,1,2,9,26,30,31,384947064,2090904684,99,30,3:3,3:3,3:0:3,奇,小,2023
2023091,2023-08-08,16 20 22 26 30 32,16,16,20,22,26,30,32,358375594,2110673283,146,16,0:6,5:1,0:3:3,偶,大,2023
2023092,2023-08-10,03 12 24 25 32 33,13,3,12,24,25,32,33,357345052,2139476134,129,30,3:3,4:2,1:1:4,奇,大,2023
2023093,2023-08-13,10 21 24 25 27 32,7,10,21,24,25,27,32,382160878,2202132520,139,22,3:3,5:1,1:1:4,奇,小,2023
2023094,2023-08-15,06 10 12 14 30 31,12,6,10,12,14,30,31,353863692,2190138271,103,25,1:5,2:4,2:2:2,偶,大,2023
2023095,2023-08-17,03 08 16 17 22 26,11,3,8,16,17,22,26,357870744,2125574043,92,23,2:4,3:3,2:3:1,奇,大,2023
2023096,2023-08-20,08 11 18 26 31 32,15,8,11,18,26,31,32,387715200,2146953645,126,24,2:4,4:2,2:1:3,奇,大,2023
2023097,2023-08-22,01 09 14 19 29 30,15,1,9,14,19,29,30,357725994,2128843885,102,29,4:2,3:3,2:2:2,奇,大,2023
2023098,2023-08-24,02 10 11 14 21 27,11,2,10,11,14,21,27,362199042,2118259570,85,25,3:3,2:4,3:2:1,奇,大,2023
2023099,2023-08-27,09 11 14 19 27 33,5,9,11,14,19,27,33,390452378,2086416405,113,24,5:1,3:3,2:2:2,奇,小,2023
2023100,2023-08-29,05 06 12 15 23 25,4,5,6,12,15,23,25,359711540,2031278380,86,20,4:2,2:4,2:2:2,偶,小,2023
2023101,2023-08-31,01 05 09 15 18 26,4,1,5,9,15,18,26,370629284,2081108979,74,25,4:2,2:4,3:2:1,偶,小,2023
2023102,2023-09-03,01 09 10 13 21 28,10,1,9,10,13,21,28,408618502,2075541857,82,27,4:2,2:4,3:2:1,偶,大,2023
2023103,2023-09-05,05 06 13 24 25 29,15,5,6,13,24,25,29,370559376,2132500020,102,24,4:2,3:3,2:1:3,奇,大,2023
2023104,2023-09-07,10 19 23 25 30 31,12,10,19,23,25,30,31,371735912,2183510069,138,21,4:2,5:1,1:1:4,偶,大,2023
2023105,2023-09-10,01 03 05 26 30 32,16,1,3,5,26,30,32,405852212,2246893587,97,31,3:3,3:3,3:0:3,偶,大,2023
2023106,2023-09-12,07 09 10 20 22 24,7,7,9,10,20,22,24,375981944,2266428564,92,17,2:4,3:3,3:2:1,奇,小,2023
2023107,2023-09-14,03 07 18 25 29 33,14,3,7,18,25,29,33,377747376,2284128424,115,30,5:1,4:2,2:1:3,偶,大,2023
2023108,2023-09-17,01 03 06 08 18 24,9,1,3,6,8,18,24,414140392,2257216493,60,23,2:4,2:4,4:1:1,奇,大,2023
2023109,2023-09-19,06 08 10 13 16 28,13,6,8,10,13,16,28,372318810,2303849540,81,22,1:5,1:5,3:2:1,奇,大,2023
2023110,2023-09-21,02 06 20 25 29 33,16,2,6,20,25,29,33,375580258,2339391685,115,31,3:3,4:2,2:1:3,偶,大,2023
2023111,2023-09-24,05 06 12 17 20 33,9,5,6,12,17,20,33,404303630,2374902077,93,28,3:3,3:3,2:3:1,奇,大,2023
2023112,2023-09-26,09 12 13 22 24 31,4,9,12,13,22,24,31,369828352,2367099281,111,22,3:3,3:3,1:3:2,偶,小,2023
2023113,2023-09-28,01 02 13 18 25 27,3,1,2,13,18,25,27,373161172,2374279095,86,26,4:2,3:3,2:2:2,奇,小,2023
2023114,2023-10-05,07 09 15 16 17 26,9,7,9,15,16,17,26,370562742,2371779513,90,19,4:2,2:4,2:3:1,奇,大,2023
2023115,2023-10-08,02 07 16 21 26 27,16,2,7,16,21,26,27,399381218,2367018008,99,25,3:3,3:3,2:2:2,偶,大,2023
2023116,2023-10-10,02 08 09 13 24 27,12,2,8,9,13,24,27,373229184,2358302682,83,25,3:3,2:4,3:1:2,偶,大,2023
2023117,2023-10-12,02 11 14 17 18 28,8,2,11,14,17,18,28,382441836,2344668961,90,26,2:4,3:3,2:3:1,偶,小,2023
2023118,2023-10-15,01 02 11 19 25 29,4,1,2,11,19,25,29,416077564,2354656592,87,28,5:1,3:3,3:1:2,偶,小,2023
2023119,2023-10-17,01 02 03 19 21 28,15,1,2,3,19,21,28,379869478,2404112623,74,27,4:2,3:3,3:2:1,奇,大,2023
2023120,2023-10-19,03 08 13 24 27 29,8,3,8,13,24,27,29,382480862,2372742600,104,26,4:2,3:3,2:1:3,偶,小,2023
2023121,2023-10-22,02 12 16 25 30 31,12,2,12,16,25,30,31,412907242,2394462620,116,29,2:4,3:3,1:2:3,偶,大,2023
2023122,2023-10-24,07 08 14 18 20 30,5,7,8,14,18,20,30,383794308,2396234235,97,23,1:5,3:3,2:3:1,奇,小,2023
2023123,2023-10-26,10 13 15 22 29 32,15,10,13,15,22,29,32,385283048,2392642136,121,22,3:3,3:3,1:3:2,奇,大,2023
2023124,2023-10-29,02 03 17 18 25 30,11,2,3,17,18,25,30,417825112,2400872645,95,28,3:3,4:2,2:2:2,奇,大,2023
2023125,2023-10-31,11 14 15 27 30 33,4,11,14,15,27,30,33,386307316,2449910182,130,22,4:2,3:3,1:2:3,偶,小,2023
2023126,2023-11-02,10 24 26 28 29 31,16,10,24,26,28,29,31,394649530,2481110827,148,21,2:4,5:1,1:0:5,偶,大,2023
2023127,2023-11-05,03 08 19 22 26 32,14,3,8,19,22,26,32,415967168,2483723142,110,29,2:4,4:2,2:2:2,偶,大,2023
2023128,2023-11-07,07 16 20 21 27 33,1,7,16,20,21,27,33,381237932,2503346700,124,26,4:2,4:2,1:3:2,奇,小,2023
2023129,2023-11-09,08 09 12 17 32 33,4,8,9,12,17,32,33,473959588,2553859029,111,25,3:3,3:3,2:2:2,偶,小,2023
2023130,2023-11-12,04 10 17 22 23 32,16,4,10,17,22,23,32,497696868,2644338946,108,28,2:4,4:2,2:2:2,偶,大,2023
2023131,2023-11-14,06 07 14 20 26 32,1,6,7,14,20,26,32,466031504,2691287209,105,26,1:5,3:3,2:2:2,奇,小,2023
2023132,2023-11-16,03 09 11 15 25 27,1,3,9,11,15,25,27,474511672,2639577950,90,24,6:0,2:4,3:1:2,奇,小,2023
2023133,2023-11-19,04 05 10 14 22 25,3,4,5,10,14,22,25,517770956,2625290582,80,21,2:4,2:4,3:2:1,奇,小,2023
2023134,2023-11-21,05 08 09 17 22 33,4,5,8,9,17,22,33,484355844,2554169624,94,28,4:2,3:3,3:2:1,偶,小,2023
2023135,2023-11-23,05 06 11 13 28 30,7,5,6,11,13,28,30,486609550,2481542330,93,25,3:3,2:4,3:1:2,奇,小,2023
2023136,2023-11-26,03 05 10 21 22 26,10,3,5,10,21,22,26,525192790,2438516168,87,23,3:3,3:3,3:2:1,偶,大,2023
2023137,2023-11-28,03 12 17 19 23 27,11,3,12,17,19,23,27,492348152,2467775081,101,24,5:1,4:2,1:3:2,奇,大,2023
2023138,2023-11-30,03 22 28 30 31 33,4,3,22,28,30,31,33,492601986,2548652101,147,30,3:3,5:1,1:1:4,偶,小,2023
2023139,2023-12-03,12 14 19 21 27 31,11,12,14,19,21,27,31,521719600,2599513870,124,19,4:2,4:2,0:4:2,奇,大,2023
2023140,2023-12-05,03 04 11 14 30 31,5,3,4,11,14,30,31,480392100,2606606136,93,28,3:3,2:4,3:1:2,奇,小,2023
2023141,2023-12-07,01 08 11 12 21 23,3,1,8,11,12,21,23,493963074,2628135529,76,22,4:2,2:4,3:2:1,奇,小,2023
2023142,2023-12-10,02 08 20 21 27 33,14,2,8,20,21,27,33,507406422,2715709193,111,31,3:3,4:2,2:2:2,偶,大,2023
2023143,2023-12-12,05 07 09 16 23 30,15,5,7,9,16,23,30,460243432,2625542196,90,25,4:2,2:4,3:1:2,奇,大,2023
2023144,2023-12-14,12 16 17 22 25 27,8,12,16,17,22,25,27,461560620,2624782779,119,15,3:3,4:2,0:4:2,偶,小,2023
2023145,2023-12-17,07 10 21 22 23 24,11,7,10,21,22,23,24,488324570,2658009357,107,17,3:3,4:2,2:2:2,奇,大,2023
2023146,2023-12-19,02 03 06 11 20 32,9,2,3,6,11,20,32,449833942,2661725786,74,30,2:4,2:4,4:1:1,奇,大,2023
2023147,2023-12-21,05 06 14 16 19 32,12,5,6,14,16,19,32,432874498,2678144078,92,27,2:4,2:4,2:3:1,偶,大,2023
2023148,2023-12-24,03 05 07 09 19 20,8,3,5,7,9,19,20,454223900,2527599376,63,17,5:1,2:4,4:2:0,偶,小,2023
2023149,2023-12-26,02 10 19 24 26 33,15,2,10,19,24,26,33,405361488,2575173968,114,31,2:4,4:2,2:1:3,奇,大,2023
2023150,2023-12-28,10 17 25 26 30 33,5,10,17,25,26,30,33,411922624,2599366995,141,23,3:3,5:1,1:1:4,奇,小,2023
2023151,2023-12-31,01 15 16 20 25 27,5,1,15,16,20,25,27,452958034,2626575547,104,26,4:2,3:3,1:3:2,奇,小,2023
2024001,2024-01-02,03 07 16 26 27 32,16,3,7,16,26,27,32,397951464,2653241738,111,29,3:3,3:3,2:1:3,偶,大,2024
2024002,2024-01-04,04 09 10 17 19 20,9,4,9,10,17,19,20,402054502,2540785162,79,16,3:3,3:3,3:3:0,奇,大,2024
2024003,2024-01-07,01 05 08 13 32 33,3,1,5,8,13,32,33,428830208,2538504530,92,32,4:2,2:4,3:1:2,奇,小,2024
2024004,2024-01-09,09 13 17 18 21 27,4,9,13,17,18,21,27,397770990,2543934511,105,18,5:1,4:2,1:4:1,偶,小,2024
2024005,2024-01-11,05 06 20 23 25 32,3,5,6,20,23,25,32,407820678,2593104612,111,27,3:3,4:2,2:1:3,奇,小,2024
2024006,2024-01-14,07 18 20 21 26 32,5,7,18,20,21,26,32,430067550,2606624464,124,25,2:4,5:1,1:3:2,奇,小,2024
2024007,2024-01-16,04 05 06 07 20 22,15,4,5,6,7,20,22,391831746,2644219785,64,18,2:4,2:4,4:2:0,奇,大,2024
2024008,2024-01-18,08 20 21 23 27 30,13,8,20,21,23,27,30,390103204,2680260839,129,22,3:3,5:1,1:2:3,奇,大,2024
2024009,2024-01-21,01 04 07 10 17 23,14,1,4,7,10,17,23,409759128,2725560627,62,22,4:2,2:4,4:1:1,偶,大,2024
2024010,2024-01-23,11 16 20 21 23 24,4,11,16,20,21,23,24,372460178,2773122333,115,13,3:3,4:2,1:3:2,偶,小,2024
2024011,2024-01-25,08 12 16 20 27 31,6,8,12,16,20,27,31,382080084,2729590794,114,23,2:4,3:3,1:3:2,偶,小,2024
2024012,2024-01-28,01 03 07 18 22 28,15,1,3,7,18,22,28,406461312,2765382313,79,27,3:3,3:3,3:2:1,奇,大,2024
2024013,2024-01-30,01 07 10 14 21 25,7,1,7,10,14,21,25,368057096,2740765858,78,24,4:2,2:4,3:2:1,奇,小,2024
2024014,2024-02-01,01 02 10 22 24 25,13,1,2,10,22,24,25,369008560,2771158275,84,24,2:4,3:3,3:1:2,奇,大,2024
2024015,2024-02-04,03 08 17 18 20 30,15,3,8,17,18,20,30,391425990,2799740697,96,27,2:4,4:2,2:3:1,奇,大,2024
2024016,2024-02-06,07 12 20 24 32 33,4,7,12,20,24,32,33,398150146,2182164460,128,26,2:4,4:2,1:2:3,偶,小,2024
2024017,2024-02-18,04 17 19 20 25 32,4,4,17,19,20,25,32,408414594,2249152255,117,28,3:3,5:1,1:3:2,偶,小,2024
2024018,2024-02-20,06 15 17 24 28 29,16,6,15,17,24,28,29,362234554,2255582139,119,23,3:3,4:2,1:2:3,偶,大,2024
2024019,2024-02-22,05 11 12 16 17 20,8,5,11,12,16,17,20,362006810,2240147827,81,15,3:3,2:4,2:4:0,偶,小,2024
2024020,2024-02-25,03 08 12 14 17 33,8,3,8,12,14,17,33,401743532,2292837056,87,30,3:3,2:4,2:3:1,偶,小,2024
2024021,2024-02-27,04 06 16 17 23 24,11,4,6,16,17,23,24,387567590,2303552638,90,20,2:4,3:3,2:2:2,奇,大,2024
2024022,2024-02-29,02 09 11 14 18 26,6,2,9,11,14,18,26,388759926,2211765504,80,24,2:4,2:4,3:2:1,偶,小,2024
2024023,2024-03-03,01 10 22 25 28 32,10,1,10,22,25,28,32,429941270,2249424817,118,31,2:4,4:2,2:1:3,偶,大,2024
2024024,2024-03-05,03 07 21 24 26 30,10,3,7,21,24,26,30,389179240,2259827583,111,27,3:3,4:2,2:1:3,偶,大,2024
2024025,2024-03-07,08 15 21 22 25 33,13,8,15,21,22,25,33,399059370,2283708268,124,25,4:2,4:2,1:3:2,奇,大,2024
2024026,2024-03-10,04 07 18 19 20 25,6,4,7,18,19,20,25,431419382,2274290656,93,21,3:3,4:2,2:3:1,偶,小,2024
2024027,2024-03-12,02 06 13 27 28 32,13,2,6,13,27,28,32,398514350,2297410268,108,30,2:4,3:3,2:1:3,奇,大,2024
2024028,2024-03-14,03 07 08 11 18 19,5,3,7,8,11,18,19,400874276,2284805181,66,16,4:2,2:4,4:2:0,奇,小,2024
2024029,2024-03-17,12 18 23 25 28 33,4,12,18,23,25,28,33,433441094,2369816985,139,21,3:3,5:1,0:2:4,偶,小,2024
2024030,2024-03-19,01 08 22 25 29 33,10,1,8,22,25,29,33,398025748,2432825172,118,32,4:2,4:2,2:1:3,偶,大,2024
2024031,2024-03-21,09 10 13 25 30 32,2,9,10,13,25,30,32,401159328,2337825172,119,23,3:3,3:3,2:1:3,偶,小,2024
2024032,2024-03-24,01 03 04 11 12 21,16,1,3,4,11,12,21,413703736,2337606504,52,20,4:2,1:5,4:2:0,偶,大,2024
2024033,2024-03-26,06 10 11 18 20 32,5,6,10,11,18,20,32,374362318,2373391338,97,26,1:5,3:3,3:2:1,奇,小,2024
2024034,2024-03-28,02 09 12 19 21 31,4,2,9,12,19,21,31,385412112,2343160918,94,29,4:2,3:3,2:3:1,偶,小,2024
2024035,2024-03-31,05 07 14 17 22 32,6,5,7,14,17,22,32,412436132,2285864323,97,27,3:3,3:3,2:3:1,偶,小,2024
2024036,2024-04-02,02 08 09 12 21 31,2,2,8,9,12,21,31,375133272,2277496852,83,29,3:3,2:4,3:2:1,偶,小,2024
2024037,2024-04-04,01 04 05 06 12 14,13,1,4,5,6,12,14,356283280,2327021985,42,13,2:4,0:6,4:2:0,奇,大,2024
2024038,2024-04-07,08 10 18 23 27 31,2,8,10,18,23,27,31,403976694,2387854012,117,23,3:3,4:2,2:1:3,偶,小,2024
2024039,2024-04-09,02 06 12 29 30 31,10,2,6,12,29,30,31,381702830,2381952370,110,29,2:4,3:3,2:1:3,偶,大,2024
2024040,2024-04-11,11 14 18 19 23 26,2,11,14,18,19,23,26,386011398,2403776297,111,15,3:3,4:2,1:3:2,偶,小,2024
2024041,2024-04-14,02 09 12 22 25 33,16,2,9,12,22,25,33,412186810,2126335214,103,31,3:3,3:3,2:2:2,偶,大,2024
2024042,2024-04-16,02 04 05 14 26 32,14,2,4,5,14,26,32,385020364,2209117678,83,30,1:5,2:4,3:1:2,偶,大,2024
2024043,2024-04-18,04 06 07 14 15 24,8,4,6,7,14,15,24,379945476,2195139699,70,20,2:4,1:5,3:2:1,偶,小,2024
2024044,2024-04-21,02 06 17 25 32 33,6,2,6,17,25,32,33,405727312,2217466686,115,31,3:3,4:2,2:1:3,偶,小,2024
2024045,2024-04-23,02 08 19 23 24 26,3,2,8,19,23,24,26,379451774,2197753504,102,24,2:4,4:2,2:1:3,奇,小,2024
2024046,2024-04-25,02 06 10 11 17 29,15,2,6,10,11,17,29,382103034,2226410188,75,27,3:3,2:4,4:1:1,奇,大,2024
2024047,2024-04-28,07 08 21 26 29 30,15,7,8,21,26,29,30,405356264,2162261379,121,23,3:3,4:2,2:1:3,奇,大,2024
2024048,2024-04-30,02 09 15 19 26 28,2,2,9,15,19,26,28,351928312,2179284324,99,26,3:3,3:3,2:2:2,偶,小,2024
2024049,2024-05-02,12 15 17 23 26 32,11,12,15,17,23,26,32,330045974,2211638785,125,20,3:3,4:2,0:3:3,奇,大,2024
2024050,2024-05-05,01 03 07 10 22 33,2,1,3,7,10,22,33,388201440,2207601984,76,32,4:2,2:4,4:1:1,偶,小,2024
2024051,2024-05-07,05 09 13 20 23 28,6,5,9,13,20,23,28,367939562,2178038182,98,23,4:2,3:3,2:2:2,偶,小,2024
2024052,2024-05-09,07 10 11 15 17 21,3,7,10,11,15,17,21,373167274,2202835275,81,14,5:1,2:4,3:3:0,奇,小,2024
2024053,2024-05-12,07 14 21 22 28 33,7,7,14,21,22,28,33,395915432,2170866334,125,26,3:3,4:2,1:3:2,奇,小,2024
2024054,2024-05-14,08 13 20 25 31 32,3,8,13,20,25,31,32,367543408,2201149174,129,24,3:3,4:2,1:2:3,奇,小,2024
2024055,2024-05-16,02 04 06 07 16 29,3,2,4,6,7,16,29,377710122,2281302712,64,27,2:4,1:5,4:1:1,奇,小,2024
2024056,2024-05-19,05 18 20 24 25 26,6,5,18,20,24,25,26,397159810,2300641915,118,21,2:4,5:1,1:2:3,偶,小,2024
2024057,2024-05-21,03 08 17 18 23 31,8,3,8,17,18,23,31,365625592,2240160236,100,28,4:2,4:2,2:2:2,偶,小,2024
2024058,2024-05-23,08 12 13 17 27 29,13,8,12,13,17,27,29,369285740,2296535377,106,21,4:2,3:3,1:3:2,奇,大,2024
2024059,2024-05-26,01 03 14 25 31 33,7,1,3,14,25,31,33,390426128,2319757937,107,32,5:1,3:3,2:1:3,奇,小,2024
2024060,2024-05-28,01 02 06 10 22 28,15,1,2,6,10,22,28,358843202,2326589163,69,27,1:5,2:4,4:1:1,奇,大,2024
2024061,2024-05-30,01 09 18 22 25 28,2,1,9,18,22,25,28,364421040,2363723406,103,27,3:3,4:2,2:2:2,偶,小,2024
2024062,2024-06-02,01 07 10 16 18 27,16,1,7,10,16,18,27,390275626,2401489046,79,26,3:3,2:4,3:2:1,偶,大,2024
2024063,2024-06-04,07 14 16 23 28 32,4,7,14,16,23,28,32,362508790,2404350858,120,25,2:4,3:3,1:2:3,偶,小,2024
2024064,2024-06-06,06 08 17 18 28 30,5,6,8,17,18,28,30,365056746,2335560971,107,24,1:5,4:2,2:2:2,奇,小,2024
2024065,2024-06-09,03 05 09 10 19 22,14,3,5,9,10,19,22,373231796,2343254145,68,19,4:2,2:4,4:2:0,偶,大,2024
2024066,2024-06-11,08 09 12 22 26 32,13,8,9,12,22,26,32,348630430,2318622744,109,24,1:5,3:3,2:2:2,奇,大,2024
2024067,2024-06-13,01 11 13 17 25 29,3,1,11,13,17,25,29,359572106,2339018162,96,28,6:0,3:3,2:2:2,奇,小,2024
2024068,2024-06-16,01 02 07 19 20 21,1,1,2,7,19,20,21,382798116,2248589639,70,20,4:2,3:3,3:3:0,奇,小,2024
2024069,2024-06-18,06 13 20 21 24 32,6,6,13,20,21,24,32,349312006,2231662700,116,26,2:4,4:2,1:3:2,偶,小,2024
2024070,2024-06-20,04 13 18 20 22 28,5,4,13,18,20,22,28,355743106,2246917307,105,24,1:5,4:2,1:4:1,奇,小,2024
2024071,2024-06-23,02 08 19 28 30 31,14,2,8,19,28,30,31,377739850,2254015200,118,29,2:4,4:2,2:1:3,偶,大,2024
2024072,2024-06-25,01 14 20 21 23 27,6,1,14,20,21,23,27,342963952,2329358625,106,26,4:2,4:2,1:3:2,偶,小,2024
2024073,2024-06-27,03 09 12 18 28 30,1,3,9,12,18,28,30,351823400,2354261205,100,27,2:4,3:3,2:2:2,奇,小,2024
2024074,2024-06-30,07 08 10 22 24 32,7,7,8,10,22,24,32,375016018,2356767829,103,25,1:5,3:3,3:1:2,奇,小,2024
2024075,2024-07-02,03 05 08 18 22 28,1,3,5,8,18,22,28,345694980,2313225143,84,25,2:4,3:3,3:2:1,奇,小,2024
2024076,2024-07-04,03 22 24 27 29 32,15,3,22,24,27,29,32,348856354,2372414911,137,29,3:3,5:1,1:1:4,奇,大,2024
2024077,2024-07-07,01 04 06 14 17 22,8,1,4,6,14,17,22,369020954,2382512560,64,21,2:4,2:4,3:3:0,偶,小,2024
2024078,2024-07-09,05 09 14 21 22 26,12,5,9,14,21,22,26,342123330,2329005428,97,21,3:3,3:3,2:3:1,偶,大,2024
2024079,2024-07-11,02 03 06 07 16 26,4,2,3,6,7,16,26,351442404,2323420019,60,24,2:4,1:5,4:1:1,偶,小,2024
2024080,2024-07-14,06 11 12 27 29 30,13,6,11,12,27,29,30,375983952,2334815017,115,24,3:3,3:3,2:1:3,奇,大,2024
2024081,2024-07-16,01 06 12 17 23 25,4,1,6,12,17,23,25,351219750,2339593701,84,24,4:2,3:3,2:2:2,偶,小,2024
2024082,2024-07-18,01 02 13 16 17 29,16,1,2,13,16,17,29,350123408,2383370581,78,28,4:2,2:4,2:3:1,偶,大,2024
2024083,2024-07-21,03 09 14 29 32 33,15,3,9,14,29,32,33,378567992,2404993508,120,30,4:2,3:3,2:1:3,奇,大,2024
2024084,2024-07-23,01 08 10 13 19 29,13,1,8,10,13,19,29,347931710,2441854586,80,28,4:2,2:4,3:2:1,奇,大,2024
2024085,2024-07-25,01 05 15 21 23 27,15,1,5,15,21,23,27,345948072,2483142282,92,26,6:0,3:3,2:2:2,奇,大,2024
2024086,2024-07-28,17 19 20 23 25 31,2,17,19,20,23,25,31,369996636,2515631484,135,14,5:1,6:0,0:3:3,偶,小,2024
2024087,2024-07-30,03 09 18 19 20 26,11,3,9,18,19,20,26,346836290,2257713590,95,23,3:3,4:2,2:3:1,奇,大,2024
2024088,2024-08-01,03 08 10 17 30 32,10,3,8,10,17,30,32,354401976,2291698840,100,29,2:4,3:3,3:1:2,偶,大,2024
2024089,2024-08-04,03 06 09 15 18 31,1,3,6,9,15,18,31,380044140,2285367632,82,28,4:2,2:4,3:2:1,奇,小,2024
2024090,2024-08-06,07 11 17 24 31 32,12,7,11,17,24,31,32,350631612,2300572454,122,25,4:2,4:2,2:1:3,偶,大,2024
2024091,2024-08-08,13 15 16 19 20 24,10,13,15,16,19,20,24,356693206,2364340809,107,11,3:3,3:3,0:5:1,偶,大,2024
2024092,2024-08-11,03 08 11 12 18 29,5,3,8,11,12,18,29,370253242,2335461640,81,26,3:3,2:4,3:2:1,奇,小,2024
2024093,2024-08-13,01 05 07 11 12 15,12,1,5,7,11,12,15,348127806,2371195097,51,14,5:1,0:6,4:2:0,偶,大,2024
2024094,2024-08-15,06 13 17 22 25 27,9,6,13,17,22,25,27,350072302,2086195097,110,21,4:2,4:2,1:3:2,奇,大,2024
2024095,2024-08-18,04 06 09 14 16 21,3,4,6,9,14,16,21,385134230,2028443682,70,17,2:4,1:5,3:3:0,奇,小,2024
2024096,2024-08-20,02 04 14 18 23 27,13,2,4,14,18,23,27,352522568,2065127017,88,25,2:4,3:3,2:2:2,奇,大,2024
2024097,2024-08-22,04 10 12 13 18 30,3,4,10,12,13,18,30,354395754,2114497370,87,26,1:5,2:4,2:3:1,奇,小,2024
2024098,2024-08-25,03 08 10 20 30 31,2,3,8,10,20,30,31,381156802,2127859521,102,28,2:4,3:3,3:1:2,偶,小,2024
2024099,2024-08-27,04 12 17 24 26 27,16,4,12,17,24,26,27,344108040,2134776394,110,23,2:4,4:2,1:2:3,偶,大,2024
2024100,2024-08-29,13 14 19 20 27 30,5,13,14,19,20,27,30,348781408,2171115625,123,17,3:3,4:2,0:4:2,奇,小,2024
2024101,2024-09-01,08 12 15 17 19 30,8,8,12,15,17,19,30,374345806,2152170943,101,22,3:3,3:3,1:4:1,偶,小,2024
2024102,2024-09-03,09 15 18 21 22 25,1,9,15,18,21,22,25,344796788,2175308161,110,16,4:2,4:2,1:4:1,奇,小,2024
2024103,2024-09-05,12 21 23 27 32 33,15,12,21,23,27,32,33,346931426,2191849007,148,21,4:2,5:1,0:2:4,奇,大,2024
2024104,2024-09-08,05 16 23 24 26 29,4,5,16,23,24,26,29,373660982,2184380821,123,24,3:3,4:2,1:1:4,偶,小,2024
2024105,2024-09-10,02 05 17 19 29 33,4,2,5,17,19,29,33,342083742,2203602195,105,31,5:1,4:2,2:2:2,偶,小,2024
2024106,2024-09-12,03 08 11 22 31 33,4,3,8,11,22,31,33,347018184,2207462227,108,30,4:2,3:3,3:1:2,偶,小,2024
2024107,2024-09-15,01 06 08 13 17 19,9,1,6,8,13,17,19,354933898,2142473782,64,18,4:2,2:4,3:3:0,奇,大,2024
2024108,2024-09-17,01 08 09 23 24 30,8,1,8,9,23,24,30,323582976,2140826873,95,29,3:3,3:3,3:0:3,偶,小,2024
2024109,2024-09-19,03 04 24 28 29 33,9,3,4,24,28,29,33,343699030,2143362495,121,30,3:3,4:2,2:0:4,奇,大,2024
2024110,2024-09-22,04 13 17 23 25 33,14,4,13,17,23,25,33,368550846,2181209099,115,29,5:1,4:2,1:2:3,偶,大,2024
2024111,2024-09-24,01 04 11 12 22 30,16,1,4,11,12,22,30,339434250,2179758898,80,29,2:4,2:4,3:2:1,偶,大,2024
2024112,2024-09-26,08 11 16 25 29 32,3,8,11,16,25,29,32,348744958,2182909574,121,24,3:3,3:3,2:1:3,奇,小,2024
2024113,2024-09-29,04 05 23 24 26 31,11,4,5,23,24,26,31,377101508,2241743848,113,27,3:3,4:2,2:0:4,奇,大,2024
2024114,2024-10-06,07 11 18 24 27 32,4,7,11,18,24,27,32,354097454,2267175046,119,25,3:3,4:2,2:1:3,偶,小,2024
2024115,2024-10-08,03 10 11 19 27 28,7,3,10,11,19,27,28,341744330,2137644946,98,25,4:2,3:3,3:1:2,奇,小,2024
2024116,2024-10-10,01 15 20 22 31 32,3,1,15,20,22,31,32,352746618,2192343800,121,31,3:3,4:2,1:3:2,奇,小,2024
2024117,2024-10-13,03 12 14 16 29 32,12,3,12,14,16,29,32,376451952,2223422878,106,29,2:4,2:4,1:3:2,偶,大,2024
2024118,2024-10-15,02 03 04 06 11 15,14,2,3,4,6,11,15,342882326,2257480299,41,13,3:3,0:6,5:1:0,偶,大,2024
2024119,2024-10-17,02 09 26 27 31 32,14,2,9,26,27,31,32,343140726,2308462079,127,30,3:3,4:2,2:0:4,偶,大,2024
2024120,2024-10-20,01 05 07 11 18 19,7,1,5,7,11,18,19,364140764,2266839986,61,18,5:1,2:4,4:2:0,奇,小,2024
2024121,2024-10-22,01 07 10 13 27 33,3,1,7,10,13,27,33,341159894,2256645443,91,32,5:1,2:4,3:1:2,奇,小,2024
2024122,2024-10-24,05 07 09 16 17 29,15,5,7,9,16,17,29,352551896,2257311684,83,24,5:1,2:4,3:2:1,奇,大,2024
2024123,2024-10-27,02 15 22 26 30 33,4,2,15,22,26,30,33,375813786,2276426310,128,31,2:4,4:2,1:2:3,偶,小,2024
2024124,2024-10-29,02 14 15 17 25 30,11,2,14,15,17,25,30,346613892,2296856893,103,28,3:3,3:3,1:3:2,奇,大,2024
2024125,2024-10-31,01 04 13 18 26 30,3,1,4,13,18,26,30,351905686,2302578322,92,29,2:4,3:3,2:2:2,奇,小,2024
2024126,2024-11-03,14 18 23 24 26 33,10,14,18,23,24,26,33,473613616,2326364768,138,19,2:4,5:1,0:2:4,偶,大,2024
2024127,2024-11-05,02 05 13 20 27 32,10,2,5,13,20,27,32,438566712,2375510386,99,30,3:3,3:3,2:2:2,偶,大,2024
2024128,2024-11-07,01 08 13 18 20 26,16,1,8,13,18,20,26,445426800,2453113294,86,25,2:4,3:3,2:3:1,偶,大,2024
2024129,2024-11-10,09 10 13 19 24 32,1,9,10,13,19,24,32,479114118,2441971585,107,23,3:3,3:3,2:2:2,奇,小,2024
2024130,2024-11-12,01 08 12 17 19 24,16,1,8,12,17,19,24,439889754,2477625267,81,23,3:3,3:3,2:3:1,偶,大,2024
2024131,2024-11-14,04 05 11 15 20 32,13,4,5,11,15,20,32,435463406,2463553435,87,28,3:3,2:4,3:2:1,奇,大,2024
2024132,2024-11-17,01 04 25 27 28 33,3,1,4,25,27,28,33,471463176,2503891643,118,32,4:2,4:2,2:0:4,奇,小,2024
2024133,2024-11-19,01 11 15 27 30 33,1,1,11,15,27,30,33,432267736,2467409931,117,32,5:1,3:3,2:1:3,奇,小,2024
2024134,2024-11-21,02 04 13 16 18 20,16,2,4,13,16,18,20,439880754,2554819300,73,18,1:5,2:4,2:4:0,偶,大,2024
2024135,2024-11-24,05 11 17 18 30 31,13,5,11,17,18,30,31,465732500,2530793029,112,26,4:2,4:2,2:2:2,奇,大,2024
2024136,2024-11-26,03 11 15 21 25 26,3,3,11,15,21,25,26,429233698,2537583064,101,23,5:1,3:3,2:2:2,奇,小,2024
2024137,2024-11-28,04 09 10 19 26 27,12,4,9,10,19,26,27,446966366,2243778557,95,23,3:3,3:3,3:1:2,偶,大,2024
2024138,2024-12-01,02 07 11 21 27 28,2,2,7,11,21,27,28,491074898,2200503777,96,26,4:2,3:3,3:1:2,偶,小,2024
2024139,2024-12-03,15 16 20 22 23 29,14,15,16,20,22,23,29,456605906,2219122799,125,14,3:3,4:2,0:4:2,偶,大,2024
2024140,2024-12-05,04 07 08 17 22 26,15,4,7,8,17,22,26,459136590,2261925902,84,22,2:4,3:3,3:2:1,奇,大,2024
2024141,2024-12-08,01 02 07 15 24 29,12,1,2,7,15,24,29,481535824,2238110251,78,28,4:2,2:4,3:1:2,偶,大,2024
2024142,2024-12-10,04 06 13 21 22 25,6,4,6,13,21,22,25,441190576,2200464970,91,21,3:3,3:3,2:3:1,偶,小,2024
2024143,2024-12-12,02 05 11 22 30 33,10,2,5,11,22,30,33,463226948,2225060896,103,31,3:3,3:3,3:1:2,偶,大,2024
2024144,2024-12-15,02 09 11 17 20 30,11,2,9,11,17,20,30,491869822,2201545229,89,28,3:3,3:3,3:2:1,奇,大,2024
2024145,2024-12-17,01 03 16 22 23 30,3,1,3,16,22,23,30,451419346,2203223647,95,29,3:3,3:3,2:2:2,奇,小,2024
2024146,2024-12-19,02 04 11 22 27 32,10,2,4,11,22,27,32,413166618,2131435845,98,30,2:4,3:3,3:1:2,偶,大,2024
2024147,2024-12-22,05 11 13 16 21 30,10,5,11,13,16,21,30,438660552,2158588347,96,25,4:2,2:4,2:3:1,偶,大,2024
2024148,2024-12-24,02 06 15 16 21 23,11,2,6,15,16,21,23,412346050,2188407705,83,21,3:3,2:4,2:3:1,奇,大,2024
2024149,2024-12-26,03 09 16 17 18 22,16,3,9,16,17,18,22,411127632,2219207042,85,19,3:3,3:3,2:4:0,偶,大,2024
2024150,2024-12-29,13 14 20 22 26 32,2,13,14,20,22,26,32,434694410,2266121359,127,19,1:5,4:2,0:4:2,偶,小,2024
2024151,2024-12-31,05 10 16 19 29 32,4,5,10,16,19,29,32,428356574,2263285189,111,27,3:3,3:3,2:2:2,偶,小,2024
2025001,2025-01-02,02 03 17 18 22 33,16,2,3,17,18,22,33,404437376,1792900594,95,31,3:3,4:2,2:3:1,偶,大,2025
2025002,2025-01-05,09 12 13 15 22 26,11,9,12,13,15,22,26,439670530,1854289576,97,17,3:3,2:4,1:4:1,奇,大,2025
2025003,2025-01-07,10 19 20 26 28 29,15,10,19,20,26,28,29,396515706,1885210987,132,19,2:4,5:1,1:2:3,奇,大,2025
2025004,2025-01-09,03 07 17 27 29 32,4,3,7,17,27,29,32,391221400,1887440945,115,29,5:1,4:2,2:1:3,偶,小,2025
2025005,2025-01-12,10 16 19 27 28 30,9,10,16,19,27,28,30,424386010,1858064417,130,20,2:4,4:2,1:2:3,奇,大,2025
2025006,2025-01-14,01 07 08 17 20 22,6,1,7,8,17,20,22,388340672,1824655469,75,21,3:3,3:3,3:3:0,偶,小,2025
2025007,2025-01-16,07 08 14 18 21 27,11,7,8,14,18,21,27,388819806,1861548871,95,20,3:3,3:3,2:3:1,奇,大,2025
2025008,2025-01-19,09 14 16 17 25 33,11,9,14,16,17,25,33,419205612,1942395126,114,24,4:2,3:3,1:3:2,奇,大,2025
2025009,2025-01-21,02 04 11 12 23 25,6,2,4,11,12,23,25,375791606,1921378198,77,23,3:3,2:4,3:1:2,偶,小,2025
2025010,2025-01-23,04 06 07 16 17 21,8,4,6,7,16,17,21,385376562,1767703481,71,17,3:3,2:4,3:3:0,偶,小,2025
2025011,2025-01-26,06 13 17 22 24 29,11,6,13,17,22,24,29,460490078,1811025553,111,23,3:3,4:2,1:3:2,奇,大,2025
2025012,2025-02-06,07 11 13 18 27 31,11,7,11,13,18,27,31,384392632,1841105218,107,24,5:1,3:3,2:2:2,奇,大,2025
2025013,2025-02-09,04 14 16 23 24 30,14,4,14,16,23,24,30,400862420,1866519971,111,26,1:5,3:3,1:2:3,偶,大,2025
2025014,2025-02-11,06 07 09 13 21 27,5,6,7,9,13,21,27,376048608,1847958110,83,21,5:1,2:4,3:2:1,奇,小,2025
2025015,2025-02-13,04 11 15 24 25 33,15,4,11,15,24,25,33,381850646,1778497050,112,29,4:2,3:3,2:1:3,奇,大,2025
2025016,2025-02-16,02 03 12 16 20 29,14,2,3,12,16,20,29,422332862,1818910823,82,27,2:4,2:4,2:3:1,偶,大,2025
2025017,2025-02-18,04 12 15 18 28 29,5,4,12,15,18,28,29,385907866,1857043294,106,25,2:4,3:3,1:3:2,奇,小,2025
2025018,2025-02-20,03 09 18 21 28 29,11,3,9,18,21,28,29,389691430,1842439055,108,26,4:2,4:2,2:2:2,奇,大,2025
2025019,2025-02-23,05 13 17 18 22 23,11,5,13,17,18,22,23,426478858,1878573590,98,18,4:2,4:2,1:4:1,奇,大,2025
2025020,2025-02-25,04 11 13 16 26 30,15,4,11,13,16,26,30,397475096,1882831619,100,26,2:4,2:4,2:2:2,奇,大,2025
2025021,2025-02-27,07 08 16 18 25 32,14,7,8,16,18,25,32,406699544,1838921415,106,25,2:4,3:3,2:2:2,偶,大,2025
2025022,2025-03-02,11 17 18 20 28 30,10,11,17,18,20,28,30,439339144,1888281245,124,19,2:4,5:1,1:3:2,偶,大,2025
2025023,2025-03-04,09 12 13 24 25 33,7,9,12,13,24,25,33,386827864,1866674645,116,24,4:2,3:3,1:2:3,奇,小,2025
2025024,2025-03-06,10 11 22 27 30 32,15,10,11,22,27,30,32,390568100,1900501646,132,22,2:4,4:2,2:1:3,奇,大,2025
2025025,2025-03-09,12 15 21 23 25 30,2,12,15,21,23,25,30,429174194,1936093458,126,18,4:2,4:2,0:3:3,偶,小,2025
2025026,2025-03-11,09 10 12 14 19 32,7,9,10,12,14,19,32,392951650,1952743893,96,23,2:4,2:4,2:3:1,奇,小,2025
2025027,2025-03-13,05 07 08 15 16 23,6,5,7,8,15,16,23,394720204,1938498165,74,18,4:2,1:5,3:2:1,偶,小,2025
2025028,2025-03-16,04 09 14 15 18 25,15,4,9,14,15,18,25,417970572,2017782256,85,21,3:3,2:4,2:3:1,奇,大,2025
2025029,2025-03-18,05 15 16 25 30 33,16,5,15,16,25,30,33,393060268,2028095174,124,28,4:2,3:3,1:2:3,偶,大,2025
2025030,2025-03-20,04 06 07 30 31 33,6,4,6,7,30,31,33,395500258,2062046163,111,29,3:3,3:3,3:0:3,偶,小,2025
2025031,2025-03-23,01 05 06 08 23 28,1,1,5,6,8,23,28,419594048,2023566815,71,27,3:3,2:4,4:0:2,奇,小,2025
2025032,2025-03-25,03 08 10 14 16 21,3,3,8,10,14,16,21,374535064,2042155440,72,18,2:4,1:5,3:3:0,奇,小,2025
2025033,2025-03-27,03 05 18 25 26 33,8,3,5,18,25,26,33,379779720,2023890601,110,30,4:2,4:2,2:1:3,偶,小,2025
2025034,2025-03-30,05 08 13 14 24 26,12,5,8,13,14,24,26,400660020,2029352539,90,21,2:4,2:4,2:2:2,偶,大,2025
2025035,2025-04-01,01 08 16 18 25 31,1,1,8,16,18,25,31,375726786,2060934078,99,30,3:3,3:3,2:2:2,奇,小,2025
2025036,2025-04-03,05 11 13 16 19 32,7,5,11,13,16,19,32,372292440,2097342123,96,27,4:2,2:4,2:3:1,奇,小,2025
2025037,2025-04-06,03 06 11 20 21 31,2,3,6,11,20,21,31,406066676,2106170670,92,28,4:2,3:3,3:2:1,偶,小,2025
2025038,2025-04-08,06 19 20 23 26 33,9,6,19,20,23,26,33,378571560,2102284821,127,27,3:3,5:1,1:2:3,奇,大,2025
2025039,2025-04-10,08 10 12 15 17 23,11,8,10,12,15,17,23,381434232,2122857171,85,15,3:3,2:4,2:3:1,奇,大,2025
2025040,2025-04-13,02 06 08 09 10 24,11,2,6,8,9,10,24,399308858,1998970150,59,22,1:5,1:5,5:0:1,奇,大,2025
2025041,2025-04-15,06 10 17 19 25 31,6,6,10,17,19,25,31,377141604,2002373802,108,25,4:2,4:2,2:2:2,偶,小,2025
2025042,2025-04-17,07 13 19 23 27 33,12,7,13,19,23,27,33,385795918,2042981318,122,26,6:0,4:2,1:2:3,偶,大,2025
2025043,2025-04-20,03 12 16 19 20 32,13,3,12,16,19,20,32,409814910,2048930620,102,29,2:4,3:3,1:4:1,奇,大,2025
2025044,2025-04-22,02 03 07 08 14 28,11,2,3,7,8,14,28,373270898,2048222162,62,26,2:4,1:5,4:1:1,奇,大,2025
2025045,2025-04-24,02 14 19 24 29 33,13,2,14,19,24,29,33,373242104,2127821193,121,31,3:3,4:2,1:2:3,奇,大,2025
2025046,2025-04-27,02 03 10 16 29 33,1,2,3,10,16,29,33,399679256,2171296641,93,31,3:3,2:4,3:1:2,奇,小,2025
2025047,2025-04-29,01 14 21 22 23 31,12,1,14,21,22,23,31,364051920,2211042881,112,30,4:2,4:2,1:3:2,偶,大,2025
2025048,2025-05-01,16 21 22 23 27 31,10,16,21,22,23,27,31,326832578,2265448315,140,15,4:2,5:1,0:3:3,偶,大,2025
2025049,2025-05-04,03 06 19 27 29 33,11,3,6,19,27,29,33,359533236,2248298531,117,30,5:1,4:2,2:1:3,奇,大,2025
2025050,2025-05-06,09 12 15 18 22 33,16,9,12,15,18,22,33,366315720,2229936825,109,24,3:3,3:3,1:4:1,偶,大,2025
2025051,2025-05-08,01 02 03 04 17 22,1,1,2,3,4,17,22,365959336,2225343467,49,21,3:3,2:4,4:2:0,奇,小,2025
2025052,2025-05-11,06 07 10 17 20 26,9,6,7,10,17,20,26,390015600,2129007256,86,20,2:4,3:3,3:2:1,奇,大,2025
2025053,2025-05-13,06 09 10 13 30 33,7,6,9,10,13,30,33,367998390,2148558912,101,27,3:3,2:4,3:1:2,奇,小,2025
2025054,2025-05-15,05 07 10 21 24 27,16,5,7,10,21,24,27,374131396,2224737559,94,22,4:2,3:3,3:1:2,偶,大,2025
2025055,2025-05-18,02 05 22 27 29 33,12,2,5,22,27,29,33,396605082,2277473550,118,31,4:2,4:2,2:1:3,偶,大,2025
2025056,2025-05-20,01 02 10 14 28 31,3,1,2,10,14,28,31,366700300,2296183528,86,30,2:4,2:4,3:1:2,奇,小,2025
2025057,2025-05-22,04 09 15 16 25 30,14,4,9,15,16,25,30,362960216,2235456730,99,26,3:3,2:4,2:2:2,偶,大,2025
2025058,2025-05-25,02 06 07 09 10 20,6,2,6,7,9,10,20,393500536,2233844001,54,18,2:4,1:5,5:1:0,偶,小,2025
2025059,2025-05-27,04 10 11 12 13 24,1,4,10,11,12,13,24,357078086,2266201070,74,20,2:4,1:5,3:2:1,奇,小,2025
2025060,2025-05-29,06 14 18 25 28 30,1,6,14,18,25,28,30,358070626,2329561958,121,24,1:5,4:2,1:2:3,奇,小,2025
2025061,2025-06-01,06 07 09 10 11 32,9,6,7,9,10,11,32,366761624,2341944468,75,26,3:3,1:5,5:0:1,奇,大,2025
2025062,2025-06-03,06 08 09 13 25 31,14,6,8,9,13,25,31,353685018,2367795314,92,25,4:2,2:4,3:1:2,偶,大,2025
2025063,2025-06-05,02 19 21 22 28 30,1,2,19,21,22,28,30,366105242,2377447244,122,28,2:4,5:1,1:3:2,奇,小,2025
2025064,2025-06-08,02 10 13 22 29 33,16,2,10,13,22,29,33,389225746,2388057766,109,31,3:3,3:3,2:2:2,偶,大,2025
2025065,2025-06-10,06 10 13 14 15 20,11,6,10,13,14,15,20,357848508,2410421705,78,14,2:4,1:5,2:4:0,奇,大,2025
2025066,2025-06-12,06 22 24 27 28 30,4,6,22,24,27,28,30,366359214,2400049823,137,24,1:5,5:1,1:1:4,偶,小,2025
2025067,2025-06-15,01 05 10 17 20 22,5,1,5,10,17,20,22,389127714,2377972199,75,21,3:3,3:3,3:3:0,奇,小,2025
2025068,2025-06-17,05 07 08 19 20 31,7,5,7,8,19,20,31,356576372,2290992555,90,26,4:2,3:3,3:2:1,奇,小,2025
2025069,2025-06-19,02 04 19 23 27 30,5,2,4,19,23,27,30,367456356,2342801953,105,28,3:3,4:2,2:1:3,奇,小,2025
2025070,2025-06-22,02 03 15 21 22 33,6,2,3,15,21,22,33,388014508,2371986371,96,31,4:2,3:3,2:3:1,偶,小,2025
2025071,2025-06-24,01 12 18 23 25 28,7,1,12,18,23,25,28,357410052,2406971013,107,27,3:3,4:2,1:2:3,奇,小,2025
2025072,2025-06-26,02 14 17 25 27 29,5,2,14,17,25,27,29,359396990,2421739287,114,27,4:2,4:2,1:2:3,奇,小,2025
2025073,2025-06-29,02 07 10 27 30 33,11,2,7,10,27,30,33,388648778,2374540018,109,31,3:3,3:3,3:0:3,奇,大,2025
2025074,2025-07-01,03 04 12 20 32 33,13,3,4,12,20,32,33,357617458,2407444608,104,30,2:4,3:3,2:2:2,奇,大,2025
2025075,2025-07-03,10 12 14 19 20 21,15,10,12,14,19,20,21,356433094,2390134063,96,11,2:4,3:3,1:5:0,奇,大,2025
2025076,2025-07-06,02 06 09 12 14 30,8,2,6,9,12,14,30,380376886,2396570293,73,28,1:5,1:5,3:2:1,偶,小,2025
2025077,2025-07-08,04 07 08 15 20 21,15,4,7,8,15,20,21,354913968,2412167034,75,17,3:3,2:4,3:3:0,奇,大,2025
2025078,2025-07-10,06 15 17 30 32 33,14,6,15,17,30,32,33,350559496,2491153983,133,27,3:3,4:2,1:2:3,偶,大,2025
2025079,2025-07-13,08 11 14 15 30 32,5,8,11,14,15,30,32,380647944,2518044933,110,24,2:4,2:4,2:2:2,奇,小,2025
2025080,2025-07-15,03 07 08 10 16 19,5,3,7,8,10,16,19,350614738,2502765112,63,16,3:3,1:5,4:2:0,奇,小,2025
2025081,2025-07-17,03 06 18 20 23 28,5,3,6,18,20,23,28,353894972,2529126398,98,25,2:4,4:2,2:2:2,奇,小,2025
2025082,2025-07-20,04 06 09 14 32 33,11,4,6,9,14,32,33,378156970,2558698192,98,29,2:4,2:4,3:1:2,奇,大,2025
2025083,2025-07-22,10 15 16 17 27 29,12,10,15,16,17,27,29,352801672,2565049782,114,19,4:2,3:3,1:3:2,偶,大,2025
2025084,2025-07-24,06 08 10 14 24 33,15,6,8,10,14,24,33,350903250,2594607446,95,27,1:5,2:4,3:1:2,奇,大,2025
2025085,2025-07-27,11 14 15 18 21 24,13,11,14,15,18,21,24,373432674,2572231246,103,13,3:3,3:3,1:4:1,奇,大,2025
2025086,2025-07-29,02 06 08 10 17 24,6,2,6,8,10,17,24,345276906,2535971590,67,22,1:5,2:4,4:1:1,偶,小,2025
2025087,2025-07-31,02 06 14 15 24 26,8,2,6,14,15,24,26,350994188,2559651509,87,24,1:5,2:4,2:2:2,偶,小,2025
2025088,2025-08-03,01 03 13 18 21 25,6,1,3,13,18,21,25,378870024,2602087534,81,24,5:1,3:3,2:3:1,偶,小,2025
2025089,2025-08-05,04 06 08 18 31 33,5,4,6,8,18,31,33,346126366,2625969286,100,29,2:4,3:3,3:1:2,奇,小,2025
2025090,2025-08-07,06 11 12 21 27 28,15,6,11,12,21,27,28,358843770,2427919422,105,22,3:3,3:3,2:2:2,奇,大,2025
2025091,2025-08-10,03 04 17 19 25 27,14,3,4,17,19,25,27,381527438,2443475122,95,24,5:1,4:2,2:2:2,偶,大,2025
2025092,2025-08-12,02 11 14 17 23 24,12,2,11,14,17,23,24,350909082,2456759248,91,22,3:3,3:3,2:2:2,偶,大,2025
2025093,2025-08-14,09 11 12 24 25 26,10,9,11,12,24,25,26,356349402,2435085847,107,17,3:3,3:3,2:1:3,偶,大,2025
2025094,2025-08-17,11 13 17 19 23 29,16,11,13,17,19,23,29,378464962,2456203693,112,18,6:0,4:2,1:3:2,偶,大,2025
2025095,2025-08-19,15 16 22 23 26 32,4,15,16,22,23,26,32,347483168,2468316703,134,17,2:4,4:2,0:3:3,偶,小,2025
2025096,2025-08-21,07 09 11 12 16 29,15,7,9,11,12,16,29,350353036,2531810580,84,22,4:2,1:5,3:2:1,奇,大,2025
2025097,2025-08-24,03 05 16 23 26 31,14,3,5,16,23,26,31,380958632,2597968523,104,28,4:2,3:3,2:1:3,偶,大,2025
2025098,2025-08-26,05 08 13 17 18 29,2,5,8,13,17,18,29,348777356,2518876889,90,24,4:2,3:3,2:3:1,偶,小,2025
2025099,2025-08-28,09 11 15 17 22 26,14,9,11,15,17,22,26,353036232,2588706689,100,17,4:2,3:3,2:3:1,偶,大,2025
2025100,2025-08-31,12 16 17 25 30 31,16,12,16,17,25,30,31,383791808,2597220563,131,19,3:3,4:2,0:3:3,偶,大,2025
2025101,2025-09-02,05 08 09 10 16 21,5,5,8,9,10,16,21,350895240,2615069983,69,16,3:3,1:5,4:2:0,奇,小,2025
2025102,2025-09-04,04 09 16 17 18 31,7,4,9,16,17,18,31,351383918,2587063782,95,27,3:3,3:3,2:3:1,奇,小,2025
2025103,2025-09-07,13 16 21 25 28 31,16,13,16,21,25,28,31,385480320,2655260007,134,18,4:2,4:2,0:3:3,偶,大,2025
2025104,2025-09-09,02 05 15 16 24 32,16,2,5,15,16,24,32,348590986,2720046642,94,30,2:4,2:4,2:2:2,偶,大,2025
2025105,2025-09-11,04 07 18 24 26 28,8,4,7,18,24,26,28,357186846,2733576679,107,24,1:5,4:2,2:1:3,偶,小,2025
2025106,2025-09-14,04 05 17 22 26 30,4,4,5,17,22,26,30,383828310,2754326369,104,26,2:4,4:2,2:2:2,偶,小,2025
2025107,2025-09-16,02 03 10 15 25 33,13,2,3,10,15,25,33,352042890,2799363828,88,31,4:2,2:4,3:1:2,奇,大,2025
2025108,2025-09-18,01 09 14 17 22 33,7,1,9,14,17,22,33,359262232,2819783316,96,32,4:2,3:3,2:3:1,奇,小,2025
2025109,2025-09-21,05 06 09 17 18 31,3,5,6,9,17,18,31,398851460,2798817511,86,26,4:2,3:3,3:2:1,奇,小,2025
2025110,2025-09-23,01 05 11 14 16 19,8,1,5,11,14,16,19,364932922,2817720121,66,18,4:2,1:5,3:3:0,偶,小,2025
2025111,2025-09-25,09 14 18 28 31 33,12,9,14,18,28,31,33,366420958,2846924292,133,24,3:3,4:2,1:2:3,偶,大,2025
2025112,2025-09-28,03 09 11 13 20 32,2,3,9,11,13,20,32,398243350,2882384020,88,29,4:2,2:4,3:2:1,偶,小,2025
2025113,2025-09-30,08 10 13 15 24 31,16,8,10,13,15,24,31,376311750,2931095408,101,23,3:3,2:4,2:2:2,偶,大,2025
2025114,2025-10-05,01 20 21 25 26 27,10,1,20,21,25,26,27,306235982,2942942799,120,26,4:2,5:1,1:2:3,偶,大,2025
2025115,2025-10-07,02 03 08 19 24 30,2,2,3,8,19,24,30,330722178,2797883669,86,28,2:4,3:3,3:1:2,偶,小,2025
2025116,2025-10-09,02 04 08 24 28 31,9,2,4,8,24,28,31,363037044,2802882002,97,29,1:5,3:3,3:0:3,奇,大,2025
2025117,2025-10-12,06 08 17 20 25 33,10,6,8,17,20,25,33,389301568,2819850462,109,27,3:3,4:2,2:2:2,偶,大,2025
2025118,2025-10-14,01 10 11 16 24 26,3,1,10,11,16,24,26,357347556,2840423562,88,25,2:4,2:4,3:1:2,奇,小,2025
2025119,2025-10-16,06 09 23 26 28 32,11,6,9,23,26,28,32,364080712,2819294293,124,26,2:4,4:2,2:0:4,奇,大,2025
2025120,2025-10-19,01 02 04 07 13 32,7,1,2,4,7,13,32,385873150,2880926922,59,31,3:3,1:5,4:1:1,奇,小,2025
2025121,2025-10-21,06 08 10 25 29 30,8,6,8,10,25,29,30,354466956,2847262236,108,24,2:4,3:3,3:0:3,偶,小,2025
2025122,2025-10-23,16 18 19 20 25 31,13,16,18,19,20,25,31,363694232,2875067397,129,15,3:3,5:1,0:4:2,奇,大,2025
2025123,2025-10-26,07 09 23 24 25 26,10,7,9,23,24,25,26,386747886,2875974569,114,19,4:2,4:2,2:0:4,偶,大,2025
2025124,2025-10-28,01 02 18 19 21 33,13,1,2,18,19,21,33,354991248,2871762236,94,32,4:2,4:2,2:3:1,奇,大,2025
2025125,2025-10-30,03 09 12 13 26 32,9,3,9,12,13,26,32,358732158,2821493961,95,29,3:3,2:4,2:2:2,奇,大,2025
2025126,2025-11-02,02 12 13 16 19 25,10,2,12,13,16,19,25,399441700,2846957929,87,23,3:3,2:4,1:4:1,偶,大,2025
2025127,2025-11-04,03 09 15 17 19 28,3,3,9,15,17,19,28,360915142,2849527123,91,25,5:1,3:3,2:3:1,奇,小,2025
2025128,2025-11-06,02 10 18 19 24 27,1,2,10,18,19,24,27,371066844,2840807340,100,25,2:4,4:2,2:2:2,奇,小,2025
2025129,2025-11-09,03 04 07 13 20 30,3,3,4,7,13,20,30,403899176,2822006563,77,27,3:3,2:4,3:2:1,奇,小,2025
2025130,2025-11-11,01 05 08 14 19 23,6,1,5,8,14,19,23,377466594,2776600809,70,22,4:2,2:4,3:2:1,偶,小,2025
2025131,2025-11-13,03 13 14 18 24 31,3,3,13,14,18,24,31,385122072,2798991596,103,28,3:3,3:3,1:3:2,奇,小,2025
2025132,2025-11-16,04 08 10 21 23 32,11,4,8,10,21,23,32,409235610,2810082951,98,28,2:4,3:3,3:1:2,奇,大,2025
2025133,2025-11-18,05 14 17 19 20 33,7,5,14,17,19,20,33,363914948,2738063876,108,28,4:2,4:2,1:4:1,奇,小,2025
2025134,2025-11-20,03 05 09 13 26 29,12,3,5,9,13,26,29,374640566,2723830474,85,26,5:1,2:4,3:1:2,偶,大,2025
2025135,2025-11-23,01 02 05 09 25 32,10,1,2,5,9,25,32,400247838,2742951835,74,31,4:2,2:4,4:0:2,偶,大,2025
2025136,2025-11-25,08 10 14 23 28 32,12,8,10,14,23,28,32,361034006,2583189299,115,24,1:5,3:3,2:1:3,偶,大,2025
2025137,2025-11-27,02 08 11 23 27 29,5,2,8,11,23,27,29,364942202,2563690940,100,27,4:2,3:3,3:0:3,奇,小,2025
2025138,2025-11-30,10 13 14 23 24 27,15,10,13,14,23,24,27,396317254,2620027948,111,17,3:3,3:3,1:2:3,奇,大,2025
2025139,2025-12-02,02 05 17 22 30 33,6,2,5,17,22,30,33,358264332,2655816573,109,31,3:3,4:2,2:2:2,偶,小,2025
2025140,2025-12-04,01 03 04 12 18 24,5,1,3,4,12,18,24,362437084,2690606470,62,23,2:4,2:4,3:2:1,奇,小,2025
2025141,2025-12-07,02 04 05 10 12 13,6,2,4,5,10,12,13,390055596,2697873796,46,11,2:4,0:6,4:2:0,偶,小,2025
2025142,2025-12-09,02 13 15 23 27 31,16,2,13,15,23,27,31,353205678,2743073255,111,29,5:1,3:3,1:2:3,偶,大,2025
2025143,2025-12-11,02 09 12 13 15 24,3,2,9,12,13,15,24,357498010,2766563293,75,22,3:3,1:5,2:3:1,奇,小,2025
2025144,2025-12-14,01 08 15 20 26 33,13,1,8,15,20,26,33,379272340,2736534730,103,32,3:3,3:3,2:2:2,奇,大,2025
2025145,2025-12-16,11 12 15 18 25 32,14,11,12,15,18,25,32,356306424,2711897665,113,21,3:3,3:3,1:3:2,偶,大,2025
2025146,2025-12-18,05 07 12 24 26 28,2,5,7,12,24,26,28,365633358,2718302859,102,23,2:4,3:3,2:1:3,偶,小,2025
2025147,2025-12-21,01 03 05 08 22 33,8,1,3,5,8,22,33,392695744,2654856315,72,32,4:2,2:4,4:1:1,偶,小,2025
2025148,2025-12-23,03 04 09 10 15 22,16,3,4,9,10,15,22,353582370,2669426999,63,19,3:3,1:5,4:2:0,偶,大,2025
2025149,2025-12-25,01 02 04 06 22 30,10,1,2,4,6,22,30,355328424,2655142533,65,29,1:5,2:4,4:1:1,偶,大,2025
2025150,2025-12-28,06 13 17 19 24 31,8,6,13,17,19,24,31,388447078,2673213583,110,25,4:2,4:2,1:3:2,偶,小,2025
2025151,2025-12-30,08 09 14 22 28 30,4,8,9,14,22,28,30,369383528,2688298050,111,22,1:5,3:3,2:2:2,偶,小,2025
2026001,2026-01-01,02 06 11 12 13 33,15,2,6,11,12,13,33,348080190,2718022399,77,31,3:3,1:5,3:2:1,奇,大,2026
2026002,2026-01-04,01 05 07 18 30 32,2,1,5,7,18,30,32,377330734,2717326577,93,31,3:3,3:3,3:1:2,偶,小,2026
2026003,2026-01-06,05 06 09 21 28 30,16,5,6,9,21,28,30,352267432,2761523177,99,25,3:3,3:3,3:1:2,偶,大,2026
2026004,2026-01-08,03 07 08 09 18 32,10,3,7,8,9,18,32,361167416,2782271788,77,29,3:3,2:4,4:1:1,偶,大,2026
2026005,2026-01-11,01 20 22 27 30 33,10,1,20,22,27,30,33,387903486,2821524165,133,32,3:3,5:1,1:2:3,偶,大,2026
2026006,2026-01-13,02 06 22 23 24 28,15,2,6,22,23,24,28,352228044,2880241083,105,26,1:5,4:2,2:1:3,奇,大,2026
2026007,2026-01-15,09 13 19 27 29 30,1,9,13,19,27,29,30,360236814,2890464389,127,21,5:1,4:2,1:2:3,奇,小,2026
2026008,2026-01-18,06 09 16 27 31 33,10,6,9,16,27,31,33,388652642,2921931052,122,27,4:2,3:3,2:1:3,偶,大,2026
2026009,2026-01-20,03 06 13 19 23 25,10,3,6,13,19,23,25,347159860,2924245047,89,22,5:1,3:3,2:2:2,偶,大,2026
2026010,2026-01-22,04 09 10 15 19 26,12,4,9,10,15,19,26,358486254,2865932466,83,22,3:3,2:4,3:2:1,偶,大,2026
2026011,2026-01-25,02 03 04 20 31 32,4,2,3,4,20,31,32,394441490,2925771107,92,30,2:4,3:3,3:1:2,偶,小,2026
2026012,2026-01-27,03 05 07 16 20 24,8,3,5,7,16,20,24,358422924,2925358915,75,21,3:3,2:4,3:2:1,偶,小,2026
2026013,2026-01-29,04 09 12 13 16 20,1,4,9,12,13,16,20,380549690,2961315457,74,16,2:4,1:5,2:4:0,奇,小,2026
2026014,2026-02-01,07 13 19 22 26 32,1,7,13,19,22,26,32,386492580,2876368081,119,25,3:3,4:2,1:3:2,奇,小,2026
2026015,2026-02-03,07 10 13 22 27 31,12,7,10,13,22,27,31,359738534,2851368081,110,24,4:2,3:3,2:2:2,偶,大,2026
2026016,2026-02-05,04 05 09 10 27 30,13,4,5,9,10,27,30,364669398,2811368081,85,26,3:3,2:4,4:0:2,奇,大,2026
2026017,2026-02-08,01 03 05 18 29 32,4,1,3,5,18,29,32,387896530,2781368081,88,31,4:2,3:3,3:1:2,偶,小,2026
2026018,2026-02-10,11 15 17 22 25 30,7,11,15,17,22,25,30,365733450,2751368081,120,19,4:2,4:2,1:3:2,奇,小,2026
2026019,2026-02-12,07 08 16 17 18 30,1,7,8,16,17,18,30,428387634,2716368081,96,23,2:4,3:3,2:3:1,奇,小,2026
2026020,2026-02-24,01 13 14 21 24 30,2,1,13,14,21,24,30,381989060,2712273374,103,29,3:3,3:3,1:3:2,偶,小,2026
2026021,2026-02-26,03 13 25 26 30 31,4,3,13,25,26,30,31,351619166,2682273374,128,28,4:2,4:2,1:1:4,偶,小,2026
2026022,2026-03-01,15 18 23 25 28 32,11,15,18,23,25,28,32,380507698,2652273374,141,17,3:3,5:1,0:2:4,奇,大,2026
2026023,2026-03-03,01 03 08 10 23 29,6,1,3,8,10,23,29,361967792,2592273374,74,28,4:2,2:4,4:0:2,偶,小,2026
2026024,2026-03-05,01 02 13 21 23 29,14,1,2,13,21,23,29,370443834,2588926159,89,28,5:1,3:3,2:2:2,偶,大,2026
2026025,2026-03-08,02 03 15 20 23 24,10,2,3,15,20,23,24,404403816,2553926159,87,22,3:3,3:3,2:2:2,偶,大,2026
2026026,2026-03-10,02 09 16 22 25 29,3,2,9,16,22,25,29,377828982,2518926159,103,27,3:3,3:3,2:2:2,奇,小,2026
2026027,2026-03-12,02 13 17 18 25 26,13,2,13,17,18,25,26,397777968,2428784926,101,24,3:3,4:2,1:3:2,奇,大,2026
2026028,2026-03-15,02 06 09 17 25 28,15,2,6,9,17,25,28,425241582,2403784926,87,26,3:3,3:3,3:1:2,奇,大,2026
2026029,2026-03-17,06 19 22 23 28 31,5,6,19,22,23,28,31,390925844,2383784926,129,25,3:3,5:1,1:2:3,奇,小,2026
2026030,2026-03-19,10 11 14 19 22 24,4,10,11,14,19,22,24,401991268,2358784926,100,14,2:4,3:3,2:3:1,偶,小,2026
2026031,2026-03-22,03 10 12 13 18 33,8,3,10,12,13,18,33,430685136,2308784926,89,30,3:3,2:4,2:3:1,偶,小,2026
2026032,2026-03-24,01 03 11 18 31 33,2,1,3,11,18,31,33,392702390,2278784926,97,32,5:1,3:3,3:1:2,偶,小,2026
2026033,2026-03-26,03 06 13 21 28 29,6,3,6,13,21,28,29,397739574,2203784926,100,26,4:2,3:3,2:2:2,偶,小,2026
2026034,2026-03-29,01 03 07 13 22 23,7,1,3,7,13,22,23,425726210,2138784926,69,22,5:1,2:4,3:2:1,奇,小,2026
2026035,2026-03-31,02 06 12 24 25 32,2,2,6,12,24,25,32,389527084,2108784926,101,30,1:5,3:3,2:1:3,偶,小,2026
2026036,2026-04-02,06 10 12 15 22 28,8,6,10,12,15,22,28,398552206,2063784926,93,22,1:5,2:4,2:3:1,偶,小,2026
2026037,2026-04-05,11 22 27 29 31 33,12,11,22,27,29,31,33,398672542,1973841973,153,22,5:1,5:1,1:1:4,偶,大,2026
2026038,2026-04-07,01 02 13 23 25 27,5,1,2,13,23,25,27,382309000,1933841973,91,26,5:1,3:3,2:1:3,奇,小,2026
2026039,2026-04-09,08 17 18 21 25 30,5,8,17,18,21,25,30,393444014,1934981238,119,22,3:3,5:1,1:3:2,奇,小,2026
2026040,2026-04-12,03 04 14 22 23 33,4,3,4,14,22,23,33,421923472,1869981238,99,30,3:3,3:3,2:2:2,偶,小,2026
2026041,2026-04-14,02 08 10 17 19 24,13,2,8,10,17,19,24,396284492,1799981238,80,22,2:4,3:3,3:2:1,奇,大,2026
2026042,2026-04-16,02 07 12 19 24 31,10,2,7,12,19,24,31,400801534,1729981238,95,29,3:3,3:3,2:2:2,偶,大,2026
2026043,2026-04-19,06 09 14 16 25 32,16,6,9,14,16,25,32,423102342,1649981238,102,26,2:4,2:4,2:2:2,偶,大,2026
2026044,2026-04-21,02 14 17 18 22 30,1,2,14,17,18,22,30,395282770,1619981238,103,28,1:5,4:2,1:4:1,奇,小,2026
2026045,2026-04-23,04 11 15 17 24 30,15,4,11,15,17,24,30,395637026,1559981238,101,26,3:3,3:3,2:2:2,奇,大,2026
2026046,2026-04-26,02 09 10 24 31 33,16,2,9,10,24,31,33,425615512,1535111504,109,31,3:3,3:3,3:0:3,偶,大,2026
2026047,2026-04-28,07 16 21 24 27 30,7,7,16,21,24,27,30,383992530,1505111504,125,23,3:3,4:2,1:2:3,奇,小,2026
2026048,2026-04-30,09 15 18 24 28 33,1,9,15,18,24,28,33,381163108,1520262206,127,24,3:3,4:2,1:2:3,奇,小,2026
2026049,2026-05-03,03 04 14 15 18 20,2,3,4,14,15,18,20,378548054,1490262206,74,17,2:4,2:4,2:4:0,偶,小,2026
2026050,2026-05-05,06 09 25 27 28 30,3,6,9,25,27,28,30,368215788,1470262206,125,24,3:3,4:2,2:0:4,奇,小,2026
2026051,2026-05-07,09 14 15 16 29 30,10,9,14,15,16,29,30,386809756,1400262206,113,21,3:3,2:4,1:3:2,偶,大,2026
2026052,2026-05-10,01 03 11 22 26 31,11,1,3,11,22,26,31,417267288,1306883761,94,30,4:2,3:3,3:1:2,奇,大,2026
2026053,2026-05-12,01 02 03 08 13 14,2,1,2,3,8,13,14,395029142,1276883761,41,13,3:3,0:6,4:2:0,偶,小,2026
2026054,2026-05-14,13 20 25 29 30 33,2,13,20,25,29,30,33,391858874,1251883761,150,20,4:2,5:1,0:2:4,偶,小,2026
2026055,2026-05-17,04 11 24 25 32 33,13,4,11,24,25,32,33,422769486,1237107160,129,29,3:3,4:2,2:0:4,奇,大,2026
2026056,2026-05-19,10 19 21 22 31 33,5,10,19,21,22,31,33,391304582,1229771516,136,23,4:2,5:1,1:3:2,奇,小,2026
2026057,2026-05-21,01 10 22 24 28 30,7,1,10,22,24,28,30,397400020,1199771516,115,29,1:5,4:2,2:1:3,奇,小,2026
2026058,2026-05-24,01 04 07 21 29 30,1,1,4,7,21,29,30,425121686,1154771516,92,29,4:2,3:3,3:1:2,奇,小,2026
2026059,2026-05-26,08 16 26 28 29 30,15,8,16,26,28,29,30,392773558,1139990273,137,22,1:5,4:2,1:1:4,奇,大,2026
2026060,2026-05-28,07 09 10 16 22 27,11,7,9,10,16,22,27,398771788,1049990273,91,20,3:3,2:4,3:2:1,奇,大,2026
2026061,2026-05-31,01 04 05 15 23 28,7,1,4,5,15,23,28,429422172,1009990273,76,27,4:2,2:4,3:1:2,奇,小,2026
2026062,2026-06-02,02 04 07 14 28 29,9,2,4,7,14,28,29,402189304,909990283,84,27,2:4,2:4,3:1:2,奇,大,2026
2026063,2026-06-04,02 08 25 28 30 31,2,2,8,25,28,30,31,393294950,816837950,124,29,2:4,4:2,2:0:4,偶,小,2026
2026064,2026-06-07,01 09 15 18 29 33,15,1,9,15,18,29,33,427210484,741837950,105,32,5:1,3:3,2:2:2,奇,大,2026
2026065,2026-06-09,07 08 16 24 30 32,2,7,8,16,24,30,32,386314046,706837950,117,25,1:5,3:3,2:1:3,偶,小,2026
2026066,2026-06-11,05 11 21 23 24 29,16,5,11,21,23,24,29,392786646,671837950,113,24,5:1,4:2,2:1:3,偶,大,2026
2026067,2026-06-14,04 19 27 29 30 32,13,4,19,27,29,30,32,414869642,658469423,141,28,3:3,5:1,1:1:4,奇,大,2026
2026068,2026-06-16,03 05 16 18 29 32,4,3,5,16,18,29,32,379517740,588469423,103,29,3:3,3:3,2:2:2,偶,小,2026
2026069,2026-06-18,12 14 16 17 18 32,8,12,14,16,17,18,32,373992648,493183968,109,20,1:5,3:3,0:5:1,偶,小,2026
2026070,2026-06-21,03 06 08 14 26 27,8,3,6,8,14,26,27,398555946,438183968,84,24,2:4,2:4,3:1:2,偶,小,2026
2026071,2026-06-23,03 08 19 25 31 33,5,3,8,19,25,31,33,373089958,398183968,119,30,5:1,4:2,2:1:3,奇,小,2026
2026072,2026-06-25,07 08 12 15 17 21,1,7,8,12,15,17,21,377591844,378183968,80,14,4:2,2:4,2:4:0,奇,小,2026
2026073,2026-06-28,09 10 13 16 19 21,8,9,10,13,16,19,21,398594042,328183968,88,12,4:2,2:4,2:4:0,偶,小,2026
2026074,2026-06-30,02 23 24 26 28 32,4,2,23,24,26,28,32,370952514,308183968,135,30,1:5,5:1,1:0:5,偶,小,2026
2026075,2026-07-02,08 12 18 21 24 30,1,8,12,18,21,24,30,370657052,283183968,113,22,1:5,4:2,1:3:2,奇,小,2026
2026076,2026-07-05,01 03 19 20 24 25,7,1,3,19,20,24,25,382507054,292048181,92,24,4:2,4:2,2:2:2,奇,小,2026
2026077,2026-07-07,01 04 05 14 18 25,4,1,4,5,14,18,25,353662546,320076738,67,24,3:3,2:4,3:2:1,偶,小,2026
2026078,2026-07-09,07 11 14 16 27 28,6,7,11,14,16,27,28,355852948,285632700,103,21,3:3,2:4,2:2:2,偶,小,2026
2026079,2026-07-12,01 11 17 22 24 29,4,1,11,17,22,24,29,373452200,367458887,104,28,4:2,4:2,2:2:2,偶,小,2026
2026080,2026-07-14,04 05 11 19 27 32,1,4,5,11,19,27,32,344697650,384218118,98,28,4:2,3:3,3:1:2,奇,小,2026
2026081,2026-07-16,06 10 12 15 24 27,12,6,10,12,15,24,27,350765488,401606257,94,21,2:4,2:4,2:2:2,偶,大,2026
2026082,2026-07-19,05 07 10 14 21 28,4,5,7,10,14,21,28,375000824,409487566,85,23,3:3,2:4,3:2:1,偶,小,2026
2026083,2026-07-21,07 14 15 23 28 33,3,7,14,15,23,28,33,348240258,480802779,120,26,4:2,3:3,1:2:3,奇,小,2026
2026084,2026-07-23,01 05 06 10 12 16,5,1,5,6,10,12,16,348718788,480566551,50,15,2:4,0:6,4:2:0,奇,小,2026
2026085,2026-07-26,06 09 13 17 24 28,15,6,9,13,17,24,28,368292652,450096595,97,22,3:3,3:3,2:2:2,奇,大,2026
2026086,2026-07-28,02 05 14 25 30 32,5,2,5,14,25,30,32,345608568,463257269,108,30,2:4,3:3,2:1:3,奇,小,2026
2026087,2026-07-30,04 06 10 18 23 31,11,4,6,10,18,23,31,349545040,473791046,92,27,2:4,3:3,3:1:2,奇,大,2026
2026088,2026-08-02,06 07 11 18 22 33,5,6,7,11,18,22,33,373747432,442158322,97,27,3:3,3:3,3:2:1,奇,小,2026
2026089,2026-08-04,05 18 23 24 27 33,3,5,18,23,24,27,33,345041020,489539135,130,28,4:2,5:1,1:1:4,奇,小,2026
2026090,2026-08-06,02 04 15 23 25 27,3,2,4,15,23,25,27,348980318,545331466,96,25,4:2,3:3,2:1:3,奇,小,2026
